solid
 facet normal  -4.2954598253e-01 8.8514829814e-01 -1.7889309432e-01
   outer loop
     vertex  -1.156482e-15 7.065000e+01 0.000000e+00
     vertex  6.994113e+00 7.404411e+01 -1.110223e-16
     vertex  -5.782412e-16 6.509430e+01 -2.748915e+01
   endloop
 endfacet
 facet normal  -4.2956953911e-01 8.8513870849e-01 -1.7888397861e-01
   outer loop
     vertex  6.994113e+00 7.404411e+01 -1.110223e-16
     vertex  6.994113e+00 6.822644e+01 -2.878652e+01
     vertex  -5.782412e-16 6.509430e+01 -2.748915e+01
   endloop
 endfacet
 facet normal  -4.2905322469e-01 7.4887114982e-01 -5.0507952973e-01
   outer loop
     vertex  -5.782412e-16 6.509430e+01 -2.748915e+01
     vertex  6.994113e+00 6.822644e+01 -2.878652e+01
     vertex  0.000000e+00 4.994730e+01 -4.994730e+01
   endloop
 endfacet
 facet normal  -4.3003681956e-01 7.4865307778e-01 -5.0456605410e-01
   outer loop
     vertex  6.994113e+00 6.822644e+01 -2.878652e+01
     vertex  6.994113e+00 5.234730e+01 -5.234730e+01
     vertex  0.000000e+00 4.994730e+01 -4.994730e+01
   endloop
 endfacet
 facet normal  -4.3005976904e-01 5.0481180773e-01 -7.4847420385e-01
   outer loop
     vertex  0.000000e+00 4.994730e+01 -4.994730e+01
     vertex  6.994113e+00 5.234730e+01 -5.234730e+01
     vertex  -5.782412e-16 2.748915e+01 -6.509430e+01
   endloop
 endfacet
 facet normal  -4.2907716372e-01 5.0482117764e-01 -7.4903161895e-01
   outer loop
     vertex  6.994113e+00 5.234730e+01 -5.234730e+01
     vertex  6.994113e+00 2.878652e+01 -6.822644e+01
     vertex  -5.782412e-16 2.748915e+01 -6.509430e+01
   endloop
 endfacet
 facet normal  -4.2957007327e-01 1.7889082419e-01 -8.8513706575e-01
   outer loop
     vertex  -5.782412e-16 2.748915e+01 -6.509430e+01
     vertex  6.994113e+00 2.878652e+01 -6.822644e+01
     vertex  -1.156482e-15 0.000000e+00 -7.065000e+01
   endloop
 endfacet
 facet normal  -4.2954653407e-01 1.7888614635e-01 -8.8514943468e-01
   outer loop
     vertex  6.994113e+00 2.878652e+01 -6.822644e+01
     vertex  6.994113e+00 -9.080805e-17 -7.404411e+01
     vertex  -1.156482e-15 0.000000e+00 -7.065000e+01
   endloop
 endfacet
 facet normal  -4.2954653407e-01 -1.7888614635e-01 -8.8514943468e-01
   outer loop
     vertex  -1.156482e-15 0.000000e+00 -7.065000e+01
     vertex  6.994113e+00 -9.080805e-17 -7.404411e+01
     vertex  6.994113e+00 -2.878652e+01 -6.822644e+01
   endloop
 endfacet
 facet normal  -4.2957007327e-01 -1.7889082419e-01 -8.8513706575e-01
   outer loop
     vertex  -1.156482e-15 0.000000e+00 -7.065000e+01
     vertex  6.994113e+00 -2.878652e+01 -6.822644e+01
     vertex  -5.782412e-16 -2.748915e+01 -6.509430e+01
   endloop
 endfacet
 facet normal  -4.2907716372e-01 -5.0482117764e-01 -7.4903161895e-01
   outer loop
     vertex  -5.782412e-16 -2.748915e+01 -6.509430e+01
     vertex  6.994113e+00 -2.878652e+01 -6.822644e+01
     vertex  6.994113e+00 -5.234730e+01 -5.234730e+01
   endloop
 endfacet
 facet normal  -4.3005976904e-01 -5.0481180773e-01 -7.4847420385e-01
   outer loop
     vertex  -5.782412e-16 -2.748915e+01 -6.509430e+01
     vertex  6.994113e+00 -5.234730e+01 -5.234730e+01
     vertex  0.000000e+00 -4.994730e+01 -4.994730e+01
   endloop
 endfacet
 facet normal  -4.3003681956e-01 -7.4865307778e-01 -5.0456605410e-01
   outer loop
     vertex  0.000000e+00 -4.994730e+01 -4.994730e+01
     vertex  6.994113e+00 -5.234730e+01 -5.234730e+01
     vertex  6.994113e+00 -6.822644e+01 -2.878652e+01
   endloop
 endfacet
 facet normal  -4.2905322469e-01 -7.4887114982e-01 -5.0507952973e-01
   outer loop
     vertex  0.000000e+00 -4.994730e+01 -4.994730e+01
     vertex  6.994113e+00 -6.822644e+01 -2.878652e+01
     vertex  -5.782412e-16 -6.509430e+01 -2.748915e+01
   endloop
 endfacet
 facet normal  -4.2956953911e-01 -8.8513870849e-01 -1.7888397861e-01
   outer loop
     vertex  -5.782412e-16 -6.509430e+01 -2.748915e+01
     vertex  6.994113e+00 -6.822644e+01 -2.878652e+01
     vertex  6.994113e+00 -7.404411e+01 6.078342e-16
   endloop
 endfacet
 facet normal  -4.2954598253e-01 -8.8514829814e-01 -1.7889309432e-01
   outer loop
     vertex  -5.782412e-16 -6.509430e+01 -2.748915e+01
     vertex  6.994113e+00 -7.404411e+01 6.078342e-16
     vertex  -1.156482e-15 -7.065000e+01 0.000000e+00
   endloop
 endfacet
 facet normal  -4.2954598253e-01 -8.8514829814e-01 1.7889309432e-01
   outer loop
     vertex  -1.156482e-15 -7.065000e+01 0.000000e+00
     vertex  6.994113e+00 -7.404411e+01 6.078342e-16
     vertex  -7.228014e-16 -6.509430e+01 2.748915e+01
   endloop
 endfacet
 facet normal  -4.2956953911e-01 -8.8513870849e-01 1.7888397861e-01
   outer loop
     vertex  6.994113e+00 -7.404411e+01 6.078342e-16
     vertex  6.994113e+00 -6.822644e+01 2.878652e+01
     vertex  -7.228014e-16 -6.509430e+01 2.748915e+01
   endloop
 endfacet
 facet normal  -4.2905322469e-01 -7.4887114982e-01 5.0507952973e-01
   outer loop
     vertex  -7.228014e-16 -6.509430e+01 2.748915e+01
     vertex  6.994113e+00 -6.822644e+01 2.878652e+01
     vertex  -1.156482e-15 -4.994730e+01 4.994730e+01
   endloop
 endfacet
 facet normal  -4.3003681956e-01 -7.4865307778e-01 5.0456605410e-01
   outer loop
     vertex  6.994113e+00 -6.822644e+01 2.878652e+01
     vertex  6.994113e+00 -5.234730e+01 5.234730e+01
     vertex  -1.156482e-15 -4.994730e+01 4.994730e+01
   endloop
 endfacet
 facet normal  -4.3005976904e-01 -5.0481180773e-01 7.4847420385e-01
   outer loop
     vertex  -1.156482e-15 -4.994730e+01 4.994730e+01
     vertex  6.994113e+00 -5.234730e+01 5.234730e+01
     vertex  -5.782412e-16 -2.748915e+01 6.509430e+01
   endloop
 endfacet
 facet normal  -4.2907716372e-01 -5.0482117764e-01 7.4903161895e-01
   outer loop
     vertex  6.994113e+00 -5.234730e+01 5.234730e+01
     vertex  6.994113e+00 -2.878652e+01 6.822644e+01
     vertex  -5.782412e-16 -2.748915e+01 6.509430e+01
   endloop
 endfacet
 facet normal  -4.2957007327e-01 -1.7889082419e-01 8.8513706575e-01
   outer loop
     vertex  -5.782412e-16 -2.748915e+01 6.509430e+01
     vertex  6.994113e+00 -2.878652e+01 6.822644e+01
     vertex  0.000000e+00 5.135813e-31 7.065000e+01
   endloop
 endfacet
 facet normal  -4.2954653407e-01 -1.7888614635e-01 8.8514943468e-01
   outer loop
     vertex  6.994113e+00 -2.878652e+01 6.822644e+01
     vertex  6.994113e+00 -1.567353e-15 7.404411e+01
     vertex  0.000000e+00 5.135813e-31 7.065000e+01
   endloop
 endfacet
 facet normal  -4.2954653407e-01 1.7888614635e-01 8.8514943468e-01
   outer loop
     vertex  0.000000e+00 5.135813e-31 7.065000e+01
     vertex  6.994113e+00 -1.567353e-15 7.404411e+01
     vertex  6.994113e+00 2.878652e+01 6.822644e+01
   endloop
 endfacet
 facet normal  -4.2957007327e-01 1.7889082419e-01 8.8513706575e-01
   outer loop
     vertex  0.000000e+00 5.135813e-31 7.065000e+01
     vertex  6.994113e+00 2.878652e+01 6.822644e+01
     vertex  -4.336809e-16 2.748915e+01 6.509430e+01
   endloop
 endfacet
 facet normal  -4.2907716372e-01 5.0482117764e-01 7.4903161895e-01
   outer loop
     vertex  -4.336809e-16 2.748915e+01 6.509430e+01
     vertex  6.994113e+00 2.878652e+01 6.822644e+01
     vertex  6.994113e+00 5.234730e+01 5.234730e+01
   endloop
 endfacet
 facet normal  -4.3005976904e-01 5.0481180773e-01 7.4847420385e-01
   outer loop
     vertex  -4.336809e-16 2.748915e+01 6.509430e+01
     vertex  6.994113e+00 5.234730e+01 5.234730e+01
     vertex  0.000000e+00 4.994730e+01 4.994730e+01
   endloop
 endfacet
 facet normal  -4.3003681956e-01 7.4865307778e-01 5.0456605410e-01
   outer loop
     vertex  0.000000e+00 4.994730e+01 4.994730e+01
     vertex  6.994113e+00 5.234730e+01 5.234730e+01
     vertex  6.994113e+00 6.822644e+01 2.878652e+01
   endloop
 endfacet
 facet normal  -4.2905322469e-01 7.4887114982e-01 5.0507952973e-01
   outer loop
     vertex  0.000000e+00 4.994730e+01 4.994730e+01
     vertex  6.994113e+00 6.822644e+01 2.878652e+01
     vertex  -4.336809e-16 6.509430e+01 2.748915e+01
   endloop
 endfacet
 facet normal  -4.2956953911e-01 8.8513870849e-01 1.7888397861e-01
   outer loop
     vertex  -4.336809e-16 6.509430e+01 2.748915e+01
     vertex  6.994113e+00 6.822644e+01 2.878652e+01
     vertex  6.994113e+00 7.404411e+01 0.000000e+00
   endloop
 endfacet
 facet normal  -4.2954598253e-01 8.8514829814e-01 1.7889309432e-01
   outer loop
     vertex  -4.336809e-16 6.509430e+01 2.748915e+01
     vertex  6.994113e+00 7.404411e+01 0.000000e+00
     vertex  0.000000e+00 7.065000e+01 0.000000e+00
   endloop
 endfacet
 facet normal  -4.3168903248e-02 9.7926964609e-01 -1.9790756946e-01
   outer loop
     vertex  6.994113e+00 7.404411e+01 -1.110223e-16
     vertex  1.661838e+01 7.446838e+01 -1.249001e-16
     vertex  6.994113e+00 6.822644e+01 -2.878652e+01
   endloop
 endfacet
 facet normal  -4.3171725295e-02 9.7926970957e-01 -1.9790663972e-01
   outer loop
     vertex  1.661838e+01 7.446838e+01 -1.249001e-16
     vertex  1.661838e+01 6.861796e+01 -2.894870e+01
     vertex  6.994113e+00 6.822644e+01 -2.878652e+01
   endloop
 endfacet
 facet normal  -4.3111188274e-02 8.2847545102e-01 -5.5836354868e-01
   outer loop
     vertex  6.994113e+00 6.822644e+01 -2.878652e+01
     vertex  1.661838e+01 6.861796e+01 -2.894870e+01
     vertex  6.994113e+00 5.234730e+01 -5.234730e+01
   endloop
 endfacet
 facet normal  -4.3228900197e-02 8.2849349251e-01 -5.5832767714e-01
   outer loop
     vertex  1.661838e+01 6.861796e+01 -2.894870e+01
     vertex  1.661838e+01 5.264730e+01 -5.264730e+01
     vertex  6.994113e+00 5.234730e+01 -5.234730e+01
   endloop
 endfacet
 facet normal  -4.3229235268e-02 5.5836069789e-01 -8.2847122115e-01
   outer loop
     vertex  6.994113e+00 5.234730e+01 -5.234730e+01
     vertex  1.661838e+01 5.264730e+01 -5.264730e+01
     vertex  6.994113e+00 2.878652e+01 -6.822644e+01
   endloop
 endfacet
 facet normal  -4.3111536596e-02 5.5833051126e-01 -8.2849769801e-01
   outer loop
     vertex  1.661838e+01 5.264730e+01 -5.264730e+01
     vertex  1.661838e+01 2.894870e+01 -6.861796e+01
     vertex  6.994113e+00 2.878652e+01 -6.822644e+01
   endloop
 endfacet
 facet normal  -4.3171733095e-02 1.9790754523e-01 -9.7926952623e-01
   outer loop
     vertex  6.994113e+00 2.878652e+01 -6.822644e+01
     vertex  1.661838e+01 2.894870e+01 -6.861796e+01
     vertex  6.994113e+00 -9.080805e-17 -7.404411e+01
   endloop
 endfacet
 facet normal  -4.3168911301e-02 1.9790666381e-01 -9.7926982876e-01
   outer loop
     vertex  1.661838e+01 2.894870e+01 -6.861796e+01
     vertex  1.661838e+01 -1.021591e-16 -7.446838e+01
     vertex  6.994113e+00 -9.080805e-17 -7.404411e+01
   endloop
 endfacet
 facet normal  -4.3168911301e-02 -1.9790666381e-01 -9.7926982876e-01
   outer loop
     vertex  6.994113e+00 -9.080805e-17 -7.404411e+01
     vertex  1.661838e+01 -1.021591e-16 -7.446838e+01
     vertex  1.661838e+01 -2.894870e+01 -6.861796e+01
   endloop
 endfacet
 facet normal  -4.3171733095e-02 -1.9790754523e-01 -9.7926952623e-01
   outer loop
     vertex  6.994113e+00 -9.080805e-17 -7.404411e+01
     vertex  1.661838e+01 -2.894870e+01 -6.861796e+01
     vertex  6.994113e+00 -2.878652e+01 -6.822644e+01
   endloop
 endfacet
 facet normal  -4.3111536596e-02 -5.5833051126e-01 -8.2849769801e-01
   outer loop
     vertex  6.994113e+00 -2.878652e+01 -6.822644e+01
     vertex  1.661838e+01 -2.894870e+01 -6.861796e+01
     vertex  1.661838e+01 -5.264730e+01 -5.264730e+01
   endloop
 endfacet
 facet normal  -4.3229235268e-02 -5.5836069789e-01 -8.2847122115e-01
   outer loop
     vertex  6.994113e+00 -2.878652e+01 -6.822644e+01
     vertex  1.661838e+01 -5.264730e+01 -5.264730e+01
     vertex  6.994113e+00 -5.234730e+01 -5.234730e+01
   endloop
 endfacet
 facet normal  -4.3228900197e-02 -8.2849349251e-01 -5.5832767714e-01
   outer loop
     vertex  6.994113e+00 -5.234730e+01 -5.234730e+01
     vertex  1.661838e+01 -5.264730e+01 -5.264730e+01
     vertex  1.661838e+01 -6.861796e+01 -2.894870e+01
   endloop
 endfacet
 facet normal  -4.3111188274e-02 -8.2847545102e-01 -5.5836354868e-01
   outer loop
     vertex  6.994113e+00 -5.234730e+01 -5.234730e+01
     vertex  1.661838e+01 -6.861796e+01 -2.894870e+01
     vertex  6.994113e+00 -6.822644e+01 -2.878652e+01
   endloop
 endfacet
 facet normal  -4.3171725295e-02 -9.7926970957e-01 -1.9790663972e-01
   outer loop
     vertex  6.994113e+00 -6.822644e+01 -2.878652e+01
     vertex  1.661838e+01 -6.861796e+01 -2.894870e+01
     vertex  1.661838e+01 -7.446838e+01 6.838135e-16
   endloop
 endfacet
 facet normal  -4.3168903248e-02 -9.7926964609e-01 -1.9790756946e-01
   outer loop
     vertex  6.994113e+00 -6.822644e+01 -2.878652e+01
     vertex  1.661838e+01 -7.446838e+01 6.838135e-16
     vertex  6.994113e+00 -7.404411e+01 6.078342e-16
   endloop
 endfacet
 facet normal  -4.3168903248e-02 -9.7926964609e-01 1.9790756946e-01
   outer loop
     vertex  6.994113e+00 -7.404411e+01 6.078342e-16
     vertex  1.661838e+01 -7.446838e+01 6.838135e-16
     vertex  6.994113e+00 -6.822644e+01 2.878652e+01
   endloop
 endfacet
 facet normal  -4.3171725295e-02 -9.7926970957e-01 1.9790663972e-01
   outer loop
     vertex  1.661838e+01 -7.446838e+01 6.838135e-16
     vertex  1.661838e+01 -6.861796e+01 2.894870e+01
     vertex  6.994113e+00 -6.822644e+01 2.878652e+01
   endloop
 endfacet
 facet normal  -4.3111188274e-02 -8.2847545102e-01 5.5836354868e-01
   outer loop
     vertex  6.994113e+00 -6.822644e+01 2.878652e+01
     vertex  1.661838e+01 -6.861796e+01 2.894870e+01
     vertex  6.994113e+00 -5.234730e+01 5.234730e+01
   endloop
 endfacet
 facet normal  -4.3228900197e-02 -8.2849349251e-01 5.5832767714e-01
   outer loop
     vertex  1.661838e+01 -6.861796e+01 2.894870e+01
     vertex  1.661838e+01 -5.264730e+01 5.264730e+01
     vertex  6.994113e+00 -5.234730e+01 5.234730e+01
   endloop
 endfacet
 facet normal  -4.3229235268e-02 -5.5836069789e-01 8.2847122115e-01
   outer loop
     vertex  6.994113e+00 -5.234730e+01 5.234730e+01
     vertex  1.661838e+01 -5.264730e+01 5.264730e+01
     vertex  6.994113e+00 -2.878652e+01 6.822644e+01
   endloop
 endfacet
 facet normal  -4.3111536596e-02 -5.5833051126e-01 8.2849769801e-01
   outer loop
     vertex  1.661838e+01 -5.264730e+01 5.264730e+01
     vertex  1.661838e+01 -2.894870e+01 6.861796e+01
     vertex  6.994113e+00 -2.878652e+01 6.822644e+01
   endloop
 endfacet
 facet normal  -4.3171733095e-02 -1.9790754523e-01 9.7926952623e-01
   outer loop
     vertex  6.994113e+00 -2.878652e+01 6.822644e+01
     vertex  1.661838e+01 -2.894870e+01 6.861796e+01
     vertex  6.994113e+00 -1.567353e-15 7.404411e+01
   endloop
 endfacet
 facet normal  -4.3168911301e-02 -1.9790666381e-01 9.7926982876e-01
   outer loop
     vertex  1.661838e+01 -2.894870e+01 6.861796e+01
     vertex  1.661838e+01 -1.763272e-15 7.446838e+01
     vertex  6.994113e+00 -1.567353e-15 7.404411e+01
   endloop
 endfacet
 facet normal  -4.3168911301e-02 1.9790666381e-01 9.7926982876e-01
   outer loop
     vertex  6.994113e+00 -1.567353e-15 7.404411e+01
     vertex  1.661838e+01 -1.763272e-15 7.446838e+01
     vertex  1.661838e+01 2.894870e+01 6.861796e+01
   endloop
 endfacet
 facet normal  -4.3171733095e-02 1.9790754523e-01 9.7926952623e-01
   outer loop
     vertex  6.994113e+00 -1.567353e-15 7.404411e+01
     vertex  1.661838e+01 2.894870e+01 6.861796e+01
     vertex  6.994113e+00 2.878652e+01 6.822644e+01
   endloop
 endfacet
 facet normal  -4.3111536596e-02 5.5833051126e-01 8.2849769801e-01
   outer loop
     vertex  6.994113e+00 2.878652e+01 6.822644e+01
     vertex  1.661838e+01 2.894870e+01 6.861796e+01
     vertex  1.661838e+01 5.264730e+01 5.264730e+01
   endloop
 endfacet
 facet normal  -4.3229235268e-02 5.5836069789e-01 8.2847122115e-01
   outer loop
     vertex  6.994113e+00 2.878652e+01 6.822644e+01
     vertex  1.661838e+01 5.264730e+01 5.264730e+01
     vertex  6.994113e+00 5.234730e+01 5.234730e+01
   endloop
 endfacet
 facet normal  -4.3228900197e-02 8.2849349251e-01 5.5832767714e-01
   outer loop
     vertex  6.994113e+00 5.234730e+01 5.234730e+01
     vertex  1.661838e+01 5.264730e+01 5.264730e+01
     vertex  1.661838e+01 6.861796e+01 2.894870e+01
   endloop
 endfacet
 facet normal  -4.3111188274e-02 8.2847545102e-01 5.5836354868e-01
   outer loop
     vertex  6.994113e+00 5.234730e+01 5.234730e+01
     vertex  1.661838e+01 6.861796e+01 2.894870e+01
     vertex  6.994113e+00 6.822644e+01 2.878652e+01
   endloop
 endfacet
 facet normal  -4.3171725295e-02 9.7926970957e-01 1.9790663972e-01
   outer loop
     vertex  6.994113e+00 6.822644e+01 2.878652e+01
     vertex  1.661838e+01 6.861796e+01 2.894870e+01
     vertex  1.661838e+01 7.446838e+01 0.000000e+00
   endloop
 endfacet
 facet normal  -4.3168903248e-02 9.7926964609e-01 1.9790756946e-01
   outer loop
     vertex  6.994113e+00 6.822644e+01 2.878652e+01
     vertex  1.661838e+01 7.446838e+01 0.000000e+00
     vertex  6.994113e+00 7.404411e+01 0.000000e+00
   endloop
 endfacet
 facet normal  1.1142074570e-01 9.7408028109e-01 -1.9685787619e-01
   outer loop
     vertex  1.661838e+01 7.446838e+01 -1.249001e-16
     vertex  2.774558e+01 7.319558e+01 -8.326673e-17
     vertex  1.661838e+01 6.861796e+01 -2.894870e+01
   endloop
 endfacet
 facet normal  1.1142799239e-01 9.7407893231e-01 -1.9686044837e-01
   outer loop
     vertex  2.774558e+01 7.319558e+01 -8.326673e-17
     vertex  2.774558e+01 6.744340e+01 -2.846218e+01
     vertex  1.661838e+01 6.861796e+01 -2.894870e+01
   endloop
 endfacet
 facet normal  1.1127422151e-01 8.2411872363e-01 -5.5537948918e-01
   outer loop
     vertex  1.661838e+01 6.861796e+01 -2.894870e+01
     vertex  2.774558e+01 6.744340e+01 -2.846218e+01
     vertex  1.661838e+01 5.264730e+01 -5.264730e+01
   endloop
 endfacet
 facet normal  1.1157653610e-01 8.2402340440e-01 -5.5546026463e-01
   outer loop
     vertex  2.774558e+01 6.744340e+01 -2.846218e+01
     vertex  2.774558e+01 5.174730e+01 -5.174730e+01
     vertex  1.661838e+01 5.264730e+01 -5.264730e+01
   endloop
 endfacet
 facet normal  1.1157393944e-01 5.5536070899e-01 -8.2409085601e-01
   outer loop
     vertex  1.661838e+01 5.264730e+01 -5.264730e+01
     vertex  2.774558e+01 5.174730e+01 -5.174730e+01
     vertex  1.661838e+01 2.894870e+01 -6.861796e+01
   endloop
 endfacet
 facet normal  1.1127152082e-01 5.5547938017e-01 -8.2405176224e-01
   outer loop
     vertex  2.774558e+01 5.174730e+01 -5.174730e+01
     vertex  2.774558e+01 2.846218e+01 -6.744340e+01
     vertex  1.661838e+01 2.894870e+01 -6.861796e+01
   endloop
 endfacet
 facet normal  1.1142793195e-01 1.9685771658e-01 -9.7407949132e-01
   outer loop
     vertex  1.661838e+01 2.894870e+01 -6.861796e+01
     vertex  2.774558e+01 2.846218e+01 -6.744340e+01
     vertex  1.661838e+01 -1.021591e-16 -7.446838e+01
   endloop
 endfacet
 facet normal  1.1142068330e-01 1.9686061071e-01 -9.7407973559e-01
   outer loop
     vertex  2.774558e+01 2.846218e+01 -6.744340e+01
     vertex  2.774558e+01 -6.810604e-17 -7.319558e+01
     vertex  1.661838e+01 -1.021591e-16 -7.446838e+01
   endloop
 endfacet
 facet normal  1.1142068330e-01 -1.9686061071e-01 -9.7407973559e-01
   outer loop
     vertex  1.661838e+01 -1.021591e-16 -7.446838e+01
     vertex  2.774558e+01 -6.810604e-17 -7.319558e+01
     vertex  2.774558e+01 -2.846218e+01 -6.744340e+01
   endloop
 endfacet
 facet normal  1.1142793195e-01 -1.9685771658e-01 -9.7407949132e-01
   outer loop
     vertex  1.661838e+01 -1.021591e-16 -7.446838e+01
     vertex  2.774558e+01 -2.846218e+01 -6.744340e+01
     vertex  1.661838e+01 -2.894870e+01 -6.861796e+01
   endloop
 endfacet
 facet normal  1.1127152082e-01 -5.5547938017e-01 -8.2405176224e-01
   outer loop
     vertex  1.661838e+01 -2.894870e+01 -6.861796e+01
     vertex  2.774558e+01 -2.846218e+01 -6.744340e+01
     vertex  2.774558e+01 -5.174730e+01 -5.174730e+01
   endloop
 endfacet
 facet normal  1.1157393944e-01 -5.5536070899e-01 -8.2409085601e-01
   outer loop
     vertex  1.661838e+01 -2.894870e+01 -6.861796e+01
     vertex  2.774558e+01 -5.174730e+01 -5.174730e+01
     vertex  1.661838e+01 -5.264730e+01 -5.264730e+01
   endloop
 endfacet
 facet normal  1.1157653610e-01 -8.2402340440e-01 -5.5546026463e-01
   outer loop
     vertex  1.661838e+01 -5.264730e+01 -5.264730e+01
     vertex  2.774558e+01 -5.174730e+01 -5.174730e+01
     vertex  2.774558e+01 -6.744340e+01 -2.846218e+01
   endloop
 endfacet
 facet normal  1.1127422151e-01 -8.2411872363e-01 -5.5537948918e-01
   outer loop
     vertex  1.661838e+01 -5.264730e+01 -5.264730e+01
     vertex  2.774558e+01 -6.744340e+01 -2.846218e+01
     vertex  1.661838e+01 -6.861796e+01 -2.894870e+01
   endloop
 endfacet
 facet normal  1.1142799239e-01 -9.7407893231e-01 -1.9686044837e-01
   outer loop
     vertex  1.661838e+01 -6.861796e+01 -2.894870e+01
     vertex  2.774558e+01 -6.744340e+01 -2.846218e+01
     vertex  2.774558e+01 -7.319558e+01 4.558757e-16
   endloop
 endfacet
 facet normal  1.1142074570e-01 -9.7408028109e-01 -1.9685787619e-01
   outer loop
     vertex  1.661838e+01 -6.861796e+01 -2.894870e+01
     vertex  2.774558e+01 -7.319558e+01 4.558757e-16
     vertex  1.661838e+01 -7.446838e+01 6.838135e-16
   endloop
 endfacet
 facet normal  1.1142074570e-01 -9.7408028109e-01 1.9685787619e-01
   outer loop
     vertex  1.661838e+01 -7.446838e+01 6.838135e-16
     vertex  2.774558e+01 -7.319558e+01 4.558757e-16
     vertex  1.661838e+01 -6.861796e+01 2.894870e+01
   endloop
 endfacet
 facet normal  1.1142799239e-01 -9.7407893231e-01 1.9686044837e-01
   outer loop
     vertex  2.774558e+01 -7.319558e+01 4.558757e-16
     vertex  2.774558e+01 -6.744340e+01 2.846218e+01
     vertex  1.661838e+01 -6.861796e+01 2.894870e+01
   endloop
 endfacet
 facet normal  1.1127422151e-01 -8.2411872363e-01 5.5537948918e-01
   outer loop
     vertex  1.661838e+01 -6.861796e+01 2.894870e+01
     vertex  2.774558e+01 -6.744340e+01 2.846218e+01
     vertex  1.661838e+01 -5.264730e+01 5.264730e+01
   endloop
 endfacet
 facet normal  1.1157653610e-01 -8.2402340440e-01 5.5546026463e-01
   outer loop
     vertex  2.774558e+01 -6.744340e+01 2.846218e+01
     vertex  2.774558e+01 -5.174730e+01 5.174730e+01
     vertex  1.661838e+01 -5.264730e+01 5.264730e+01
   endloop
 endfacet
 facet normal  1.1157393944e-01 -5.5536070899e-01 8.2409085601e-01
   outer loop
     vertex  1.661838e+01 -5.264730e+01 5.264730e+01
     vertex  2.774558e+01 -5.174730e+01 5.174730e+01
     vertex  1.661838e+01 -2.894870e+01 6.861796e+01
   endloop
 endfacet
 facet normal  1.1127152082e-01 -5.5547938017e-01 8.2405176224e-01
   outer loop
     vertex  2.774558e+01 -5.174730e+01 5.174730e+01
     vertex  2.774558e+01 -2.846218e+01 6.744340e+01
     vertex  1.661838e+01 -2.894870e+01 6.861796e+01
   endloop
 endfacet
 facet normal  1.1142793195e-01 -1.9685771658e-01 9.7407949132e-01
   outer loop
     vertex  1.661838e+01 -2.894870e+01 6.861796e+01
     vertex  2.774558e+01 -2.846218e+01 6.744340e+01
     vertex  1.661838e+01 -1.763272e-15 7.446838e+01
   endloop
 endfacet
 facet normal  1.1142068330e-01 -1.9686061071e-01 9.7407973559e-01
   outer loop
     vertex  2.774558e+01 -2.846218e+01 6.744340e+01
     vertex  2.774558e+01 -1.175515e-15 7.319558e+01
     vertex  1.661838e+01 -1.763272e-15 7.446838e+01
   endloop
 endfacet
 facet normal  1.1142068330e-01 1.9686061071e-01 9.7407973559e-01
   outer loop
     vertex  1.661838e+01 -1.763272e-15 7.446838e+01
     vertex  2.774558e+01 -1.175515e-15 7.319558e+01
     vertex  2.774558e+01 2.846218e+01 6.744340e+01
   endloop
 endfacet
 facet normal  1.1142793195e-01 1.9685771658e-01 9.7407949132e-01
   outer loop
     vertex  1.661838e+01 -1.763272e-15 7.446838e+01
     vertex  2.774558e+01 2.846218e+01 6.744340e+01
     vertex  1.661838e+01 2.894870e+01 6.861796e+01
   endloop
 endfacet
 facet normal  1.1127152082e-01 5.5547938017e-01 8.2405176224e-01
   outer loop
     vertex  1.661838e+01 2.894870e+01 6.861796e+01
     vertex  2.774558e+01 2.846218e+01 6.744340e+01
     vertex  2.774558e+01 5.174730e+01 5.174730e+01
   endloop
 endfacet
 facet normal  1.1157393944e-01 5.5536070899e-01 8.2409085601e-01
   outer loop
     vertex  1.661838e+01 2.894870e+01 6.861796e+01
     vertex  2.774558e+01 5.174730e+01 5.174730e+01
     vertex  1.661838e+01 5.264730e+01 5.264730e+01
   endloop
 endfacet
 facet normal  1.1157653610e-01 8.2402340440e-01 5.5546026463e-01
   outer loop
     vertex  1.661838e+01 5.264730e+01 5.264730e+01
     vertex  2.774558e+01 5.174730e+01 5.174730e+01
     vertex  2.774558e+01 6.744340e+01 2.846218e+01
   endloop
 endfacet
 facet normal  1.1127422151e-01 8.2411872363e-01 5.5537948918e-01
   outer loop
     vertex  1.661838e+01 5.264730e+01 5.264730e+01
     vertex  2.774558e+01 6.744340e+01 2.846218e+01
     vertex  1.661838e+01 6.861796e+01 2.894870e+01
   endloop
 endfacet
 facet normal  1.1142799239e-01 9.7407893231e-01 1.9686044837e-01
   outer loop
     vertex  1.661838e+01 6.861796e+01 2.894870e+01
     vertex  2.774558e+01 6.744340e+01 2.846218e+01
     vertex  2.774558e+01 7.319558e+01 0.000000e+00
   endloop
 endfacet
 facet normal  1.1142074570e-01 9.7408028109e-01 1.9685787619e-01
   outer loop
     vertex  1.661838e+01 6.861796e+01 2.894870e+01
     vertex  2.774558e+01 7.319558e+01 0.000000e+00
     vertex  1.661838e+01 7.446838e+01 0.000000e+00
   endloop
 endfacet
 facet normal  1.4312000230e-01 9.7009236337e-01 -1.9605476649e-01
   outer loop
     vertex  2.774558e+01 7.319558e+01 -8.326673e-17
     vertex  3.924853e+01 7.149853e+01 -2.775558e-17
     vertex  2.774558e+01 6.744340e+01 -2.846218e+01
   endloop
 endfacet
 facet normal  1.4312942097e-01 9.7009026489e-01 -1.9605827405e-01
   outer loop
     vertex  3.924853e+01 7.149853e+01 -2.775558e-17
     vertex  3.924853e+01 6.587733e+01 -2.781349e+01
     vertex  2.774558e+01 6.744340e+01 -2.846218e+01
   endloop
 endfacet
 facet normal  1.4292996520e-01 8.2068749645e-01 -5.5321158540e-01
   outer loop
     vertex  2.774558e+01 6.744340e+01 -2.846218e+01
     vertex  3.924853e+01 6.587733e+01 -2.781349e+01
     vertex  2.774558e+01 5.174730e+01 -5.174730e+01
   endloop
 endfacet
 facet normal  1.4332315001e-01 8.2054731309e-01 -5.5331779445e-01
   outer loop
     vertex  3.924853e+01 6.587733e+01 -2.781349e+01
     vertex  3.924853e+01 5.054730e+01 -5.054730e+01
     vertex  2.774558e+01 5.174730e+01 -5.174730e+01
   endloop
 endfacet
 facet normal  1.4331855640e-01 5.5318017497e-01 -8.2064089918e-01
   outer loop
     vertex  2.774558e+01 5.174730e+01 -5.174730e+01
     vertex  3.924853e+01 5.054730e+01 -5.054730e+01
     vertex  2.774558e+01 2.846218e+01 -6.744340e+01
   endloop
 endfacet
 facet normal  1.4292518028e-01 5.5334997096e-01 -8.2059502952e-01
   outer loop
     vertex  3.924853e+01 5.054730e+01 -5.054730e+01
     vertex  3.924853e+01 2.781349e+01 -6.587733e+01
     vertex  2.774558e+01 2.846218e+01 -6.744340e+01
   endloop
 endfacet
 facet normal  1.4312931412e-01 1.9605449973e-01 -9.7009104345e-01
   outer loop
     vertex  2.774558e+01 2.846218e+01 -6.744340e+01
     vertex  3.924853e+01 2.781349e+01 -6.587733e+01
     vertex  2.774558e+01 -6.810604e-17 -7.319558e+01
   endloop
 endfacet
 facet normal  1.4311989198e-01 1.9605854703e-01 -9.7009161560e-01
   outer loop
     vertex  3.924853e+01 2.781349e+01 -6.587733e+01
     vertex  3.924853e+01 -2.270201e-17 -7.149853e+01
     vertex  2.774558e+01 -6.810604e-17 -7.319558e+01
   endloop
 endfacet
 facet normal  1.4311989198e-01 -1.9605854703e-01 -9.7009161560e-01
   outer loop
     vertex  2.774558e+01 -6.810604e-17 -7.319558e+01
     vertex  3.924853e+01 -2.270201e-17 -7.149853e+01
     vertex  3.924853e+01 -2.781349e+01 -6.587733e+01
   endloop
 endfacet
 facet normal  1.4312931412e-01 -1.9605449973e-01 -9.7009104345e-01
   outer loop
     vertex  2.774558e+01 -6.810604e-17 -7.319558e+01
     vertex  3.924853e+01 -2.781349e+01 -6.587733e+01
     vertex  2.774558e+01 -2.846218e+01 -6.744340e+01
   endloop
 endfacet
 facet normal  1.4292518028e-01 -5.5334997096e-01 -8.2059502952e-01
   outer loop
     vertex  2.774558e+01 -2.846218e+01 -6.744340e+01
     vertex  3.924853e+01 -2.781349e+01 -6.587733e+01
     vertex  3.924853e+01 -5.054730e+01 -5.054730e+01
   endloop
 endfacet
 facet normal  1.4331855640e-01 -5.5318017497e-01 -8.2064089918e-01
   outer loop
     vertex  2.774558e+01 -2.846218e+01 -6.744340e+01
     vertex  3.924853e+01 -5.054730e+01 -5.054730e+01
     vertex  2.774558e+01 -5.174730e+01 -5.174730e+01
   endloop
 endfacet
 facet normal  1.4332315001e-01 -8.2054731309e-01 -5.5331779445e-01
   outer loop
     vertex  2.774558e+01 -5.174730e+01 -5.174730e+01
     vertex  3.924853e+01 -5.054730e+01 -5.054730e+01
     vertex  3.924853e+01 -6.587733e+01 -2.781349e+01
   endloop
 endfacet
 facet normal  1.4292996520e-01 -8.2068749645e-01 -5.5321158540e-01
   outer loop
     vertex  2.774558e+01 -5.174730e+01 -5.174730e+01
     vertex  3.924853e+01 -6.587733e+01 -2.781349e+01
     vertex  2.774558e+01 -6.744340e+01 -2.846218e+01
   endloop
 endfacet
 facet normal  1.4312942097e-01 -9.7009026489e-01 -1.9605827405e-01
   outer loop
     vertex  2.774558e+01 -6.744340e+01 -2.846218e+01
     vertex  3.924853e+01 -6.587733e+01 -2.781349e+01
     vertex  3.924853e+01 -7.149853e+01 1.519586e-16
   endloop
 endfacet
 facet normal  1.4312000230e-01 -9.7009236337e-01 -1.9605476649e-01
   outer loop
     vertex  2.774558e+01 -6.744340e+01 -2.846218e+01
     vertex  3.924853e+01 -7.149853e+01 1.519586e-16
     vertex  2.774558e+01 -7.319558e+01 4.558757e-16
   endloop
 endfacet
 facet normal  1.4312000230e-01 -9.7009236337e-01 1.9605476649e-01
   outer loop
     vertex  2.774558e+01 -7.319558e+01 4.558757e-16
     vertex  3.924853e+01 -7.149853e+01 1.519586e-16
     vertex  2.774558e+01 -6.744340e+01 2.846218e+01
   endloop
 endfacet
 facet normal  1.4312942097e-01 -9.7009026489e-01 1.9605827405e-01
   outer loop
     vertex  3.924853e+01 -7.149853e+01 1.519586e-16
     vertex  3.924853e+01 -6.587733e+01 2.781349e+01
     vertex  2.774558e+01 -6.744340e+01 2.846218e+01
   endloop
 endfacet
 facet normal  1.4292996520e-01 -8.2068749645e-01 5.5321158540e-01
   outer loop
     vertex  2.774558e+01 -6.744340e+01 2.846218e+01
     vertex  3.924853e+01 -6.587733e+01 2.781349e+01
     vertex  2.774558e+01 -5.174730e+01 5.174730e+01
   endloop
 endfacet
 facet normal  1.4332315001e-01 -8.2054731309e-01 5.5331779445e-01
   outer loop
     vertex  3.924853e+01 -6.587733e+01 2.781349e+01
     vertex  3.924853e+01 -5.054730e+01 5.054730e+01
     vertex  2.774558e+01 -5.174730e+01 5.174730e+01
   endloop
 endfacet
 facet normal  1.4331855640e-01 -5.5318017497e-01 8.2064089918e-01
   outer loop
     vertex  2.774558e+01 -5.174730e+01 5.174730e+01
     vertex  3.924853e+01 -5.054730e+01 5.054730e+01
     vertex  2.774558e+01 -2.846218e+01 6.744340e+01
   endloop
 endfacet
 facet normal  1.4292518028e-01 -5.5334997096e-01 8.2059502952e-01
   outer loop
     vertex  3.924853e+01 -5.054730e+01 5.054730e+01
     vertex  3.924853e+01 -2.781349e+01 6.587733e+01
     vertex  2.774558e+01 -2.846218e+01 6.744340e+01
   endloop
 endfacet
 facet normal  1.4312931412e-01 -1.9605449973e-01 9.7009104345e-01
   outer loop
     vertex  2.774558e+01 -2.846218e+01 6.744340e+01
     vertex  3.924853e+01 -2.781349e+01 6.587733e+01
     vertex  2.774558e+01 -1.175515e-15 7.319558e+01
   endloop
 endfacet
 facet normal  1.4311989198e-01 -1.9605854703e-01 9.7009161560e-01
   outer loop
     vertex  3.924853e+01 -2.781349e+01 6.587733e+01
     vertex  3.924853e+01 -3.918382e-16 7.149853e+01
     vertex  2.774558e+01 -1.175515e-15 7.319558e+01
   endloop
 endfacet
 facet normal  1.4311989198e-01 1.9605854703e-01 9.7009161560e-01
   outer loop
     vertex  2.774558e+01 -1.175515e-15 7.319558e+01
     vertex  3.924853e+01 -3.918382e-16 7.149853e+01
     vertex  3.924853e+01 2.781349e+01 6.587733e+01
   endloop
 endfacet
 facet normal  1.4312931412e-01 1.9605449973e-01 9.7009104345e-01
   outer loop
     vertex  2.774558e+01 -1.175515e-15 7.319558e+01
     vertex  3.924853e+01 2.781349e+01 6.587733e+01
     vertex  2.774558e+01 2.846218e+01 6.744340e+01
   endloop
 endfacet
 facet normal  1.4292518028e-01 5.5334997096e-01 8.2059502952e-01
   outer loop
     vertex  2.774558e+01 2.846218e+01 6.744340e+01
     vertex  3.924853e+01 2.781349e+01 6.587733e+01
     vertex  3.924853e+01 5.054730e+01 5.054730e+01
   endloop
 endfacet
 facet normal  1.4331855640e-01 5.5318017497e-01 8.2064089918e-01
   outer loop
     vertex  2.774558e+01 2.846218e+01 6.744340e+01
     vertex  3.924853e+01 5.054730e+01 5.054730e+01
     vertex  2.774558e+01 5.174730e+01 5.174730e+01
   endloop
 endfacet
 facet normal  1.4332315001e-01 8.2054731309e-01 5.5331779445e-01
   outer loop
     vertex  2.774558e+01 5.174730e+01 5.174730e+01
     vertex  3.924853e+01 5.054730e+01 5.054730e+01
     vertex  3.924853e+01 6.587733e+01 2.781349e+01
   endloop
 endfacet
 facet normal  1.4292996520e-01 8.2068749645e-01 5.5321158540e-01
   outer loop
     vertex  2.774558e+01 5.174730e+01 5.174730e+01
     vertex  3.924853e+01 6.587733e+01 2.781349e+01
     vertex  2.774558e+01 6.744340e+01 2.846218e+01
   endloop
 endfacet
 facet normal  1.4312942097e-01 9.7009026489e-01 1.9605827405e-01
   outer loop
     vertex  2.774558e+01 6.744340e+01 2.846218e+01
     vertex  3.924853e+01 6.587733e+01 2.781349e+01
     vertex  3.924853e+01 7.149853e+01 0.000000e+00
   endloop
 endfacet
 facet normal  1.4312000230e-01 9.7009236337e-01 1.9605476649e-01
   outer loop
     vertex  2.774558e+01 6.744340e+01 2.846218e+01
     vertex  3.924853e+01 7.149853e+01 0.000000e+00
     vertex  2.774558e+01 7.319558e+01 0.000000e+00
   endloop
 endfacet
 facet normal  7.7127554724e-02 9.7726250653e-01 -1.9750780650e-01
   outer loop
     vertex  3.924853e+01 7.149853e+01 -2.775558e-17
     vertex  5.000000e+01 7.065000e+01 0.000000e+00
     vertex  3.924853e+01 6.587733e+01 -2.781349e+01
   endloop
 endfacet
 facet normal  7.7132796369e-02 9.7726171093e-01 -1.9750969617e-01
   outer loop
     vertex  5.000000e+01 7.065000e+01 0.000000e+00
     vertex  5.000000e+01 6.509430e+01 -2.748915e+01
     vertex  3.924853e+01 6.587733e+01 -2.781349e+01
   endloop
 endfacet
 facet normal  7.7021070458e-02 8.2664416931e-01 -5.5742907357e-01
   outer loop
     vertex  3.924853e+01 6.587733e+01 -2.781349e+01
     vertex  5.000000e+01 6.509430e+01 -2.748915e+01
     vertex  3.924853e+01 5.054730e+01 -5.054730e+01
   endloop
 endfacet
 facet normal  7.7240021073e-02 8.2658153719e-01 -5.5749165152e-01
   outer loop
     vertex  5.000000e+01 6.509430e+01 -2.748915e+01
     vertex  5.000000e+01 4.994730e+01 -4.994730e+01
     vertex  3.924853e+01 5.054730e+01 -5.054730e+01
   endloop
 endfacet
 facet normal  7.7238719698e-02 5.5741965994e-01 -8.2663020928e-01
   outer loop
     vertex  3.924853e+01 5.054730e+01 -5.054730e+01
     vertex  5.000000e+01 4.994730e+01 -4.994730e+01
     vertex  3.924853e+01 2.781349e+01 -6.587733e+01
   endloop
 endfacet
 facet normal  7.7019713307e-02 5.5750118137e-01 -8.2659566690e-01
   outer loop
     vertex  5.000000e+01 4.994730e+01 -4.994730e+01
     vertex  5.000000e+01 2.748915e+01 -6.509430e+01
     vertex  3.924853e+01 2.781349e+01 -6.587733e+01
   endloop
 endfacet
 facet normal  7.7132766118e-02 1.9750772663e-01 -9.7726211137e-01
   outer loop
     vertex  3.924853e+01 2.781349e+01 -6.587733e+01
     vertex  5.000000e+01 2.748915e+01 -6.509430e+01
     vertex  3.924853e+01 -2.270201e-17 -7.149853e+01
   endloop
 endfacet
 facet normal  7.7127523488e-02 1.9750977697e-01 -9.7726211076e-01
   outer loop
     vertex  5.000000e+01 2.748915e+01 -6.509430e+01
     vertex  5.000000e+01 0.000000e+00 -7.065000e+01
     vertex  3.924853e+01 -2.270201e-17 -7.149853e+01
   endloop
 endfacet
 facet normal  7.7127523488e-02 -1.9750977697e-01 -9.7726211076e-01
   outer loop
     vertex  3.924853e+01 -2.270201e-17 -7.149853e+01
     vertex  5.000000e+01 0.000000e+00 -7.065000e+01
     vertex  5.000000e+01 -2.748915e+01 -6.509430e+01
   endloop
 endfacet
 facet normal  7.7132766118e-02 -1.9750772663e-01 -9.7726211137e-01
   outer loop
     vertex  3.924853e+01 -2.270201e-17 -7.149853e+01
     vertex  5.000000e+01 -2.748915e+01 -6.509430e+01
     vertex  3.924853e+01 -2.781349e+01 -6.587733e+01
   endloop
 endfacet
 facet normal  7.7019713307e-02 -5.5750118137e-01 -8.2659566690e-01
   outer loop
     vertex  3.924853e+01 -2.781349e+01 -6.587733e+01
     vertex  5.000000e+01 -2.748915e+01 -6.509430e+01
     vertex  5.000000e+01 -4.994730e+01 -4.994730e+01
   endloop
 endfacet
 facet normal  7.7238719698e-02 -5.5741965994e-01 -8.2663020928e-01
   outer loop
     vertex  3.924853e+01 -2.781349e+01 -6.587733e+01
     vertex  5.000000e+01 -4.994730e+01 -4.994730e+01
     vertex  3.924853e+01 -5.054730e+01 -5.054730e+01
   endloop
 endfacet
 facet normal  7.7240021073e-02 -8.2658153719e-01 -5.5749165152e-01
   outer loop
     vertex  3.924853e+01 -5.054730e+01 -5.054730e+01
     vertex  5.000000e+01 -4.994730e+01 -4.994730e+01
     vertex  5.000000e+01 -6.509430e+01 -2.748915e+01
   endloop
 endfacet
 facet normal  7.7021070458e-02 -8.2664416931e-01 -5.5742907357e-01
   outer loop
     vertex  3.924853e+01 -5.054730e+01 -5.054730e+01
     vertex  5.000000e+01 -6.509430e+01 -2.748915e+01
     vertex  3.924853e+01 -6.587733e+01 -2.781349e+01
   endloop
 endfacet
 facet normal  7.7132796369e-02 -9.7726171093e-01 -1.9750969617e-01
   outer loop
     vertex  3.924853e+01 -6.587733e+01 -2.781349e+01
     vertex  5.000000e+01 -6.509430e+01 -2.748915e+01
     vertex  5.000000e+01 -7.065000e+01 0.000000e+00
   endloop
 endfacet
 facet normal  7.7127554724e-02 -9.7726250653e-01 -1.9750780650e-01
   outer loop
     vertex  3.924853e+01 -6.587733e+01 -2.781349e+01
     vertex  5.000000e+01 -7.065000e+01 0.000000e+00
     vertex  3.924853e+01 -7.149853e+01 1.519586e-16
   endloop
 endfacet
 facet normal  7.7127554724e-02 -9.7726250653e-01 1.9750780650e-01
   outer loop
     vertex  3.924853e+01 -7.149853e+01 1.519586e-16
     vertex  5.000000e+01 -7.065000e+01 0.000000e+00
     vertex  3.924853e+01 -6.587733e+01 2.781349e+01
   endloop
 endfacet
 facet normal  7.7132796369e-02 -9.7726171093e-01 1.9750969617e-01
   outer loop
     vertex  5.000000e+01 -7.065000e+01 0.000000e+00
     vertex  5.000000e+01 -6.509430e+01 2.748915e+01
     vertex  3.924853e+01 -6.587733e+01 2.781349e+01
   endloop
 endfacet
 facet normal  7.7021070458e-02 -8.2664416931e-01 5.5742907357e-01
   outer loop
     vertex  3.924853e+01 -6.587733e+01 2.781349e+01
     vertex  5.000000e+01 -6.509430e+01 2.748915e+01
     vertex  3.924853e+01 -5.054730e+01 5.054730e+01
   endloop
 endfacet
 facet normal  7.7240021073e-02 -8.2658153719e-01 5.5749165152e-01
   outer loop
     vertex  5.000000e+01 -6.509430e+01 2.748915e+01
     vertex  5.000000e+01 -4.994730e+01 4.994730e+01
     vertex  3.924853e+01 -5.054730e+01 5.054730e+01
   endloop
 endfacet
 facet normal  7.7238719698e-02 -5.5741965994e-01 8.2663020928e-01
   outer loop
     vertex  3.924853e+01 -5.054730e+01 5.054730e+01
     vertex  5.000000e+01 -4.994730e+01 4.994730e+01
     vertex  3.924853e+01 -2.781349e+01 6.587733e+01
   endloop
 endfacet
 facet normal  7.7019713307e-02 -5.5750118137e-01 8.2659566690e-01
   outer loop
     vertex  5.000000e+01 -4.994730e+01 4.994730e+01
     vertex  5.000000e+01 -2.748915e+01 6.509430e+01
     vertex  3.924853e+01 -2.781349e+01 6.587733e+01
   endloop
 endfacet
 facet normal  7.7132766118e-02 -1.9750772663e-01 9.7726211137e-01
   outer loop
     vertex  3.924853e+01 -2.781349e+01 6.587733e+01
     vertex  5.000000e+01 -2.748915e+01 6.509430e+01
     vertex  3.924853e+01 -3.918382e-16 7.149853e+01
   endloop
 endfacet
 facet normal  7.7127523488e-02 -1.9750977697e-01 9.7726211076e-01
   outer loop
     vertex  5.000000e+01 -2.748915e+01 6.509430e+01
     vertex  5.000000e+01 0.000000e+00 7.065000e+01
     vertex  3.924853e+01 -3.918382e-16 7.149853e+01
   endloop
 endfacet
 facet normal  7.7127523488e-02 1.9750977697e-01 9.7726211076e-01
   outer loop
     vertex  3.924853e+01 -3.918382e-16 7.149853e+01
     vertex  5.000000e+01 0.000000e+00 7.065000e+01
     vertex  5.000000e+01 2.748915e+01 6.509430e+01
   endloop
 endfacet
 facet normal  7.7132766118e-02 1.9750772663e-01 9.7726211137e-01
   outer loop
     vertex  3.924853e+01 -3.918382e-16 7.149853e+01
     vertex  5.000000e+01 2.748915e+01 6.509430e+01
     vertex  3.924853e+01 2.781349e+01 6.587733e+01
   endloop
 endfacet
 facet normal  7.7019713307e-02 5.5750118137e-01 8.2659566690e-01
   outer loop
     vertex  3.924853e+01 2.781349e+01 6.587733e+01
     vertex  5.000000e+01 2.748915e+01 6.509430e+01
     vertex  5.000000e+01 4.994730e+01 4.994730e+01
   endloop
 endfacet
 facet normal  7.7238719698e-02 5.5741965994e-01 8.2663020928e-01
   outer loop
     vertex  3.924853e+01 2.781349e+01 6.587733e+01
     vertex  5.000000e+01 4.994730e+01 4.994730e+01
     vertex  3.924853e+01 5.054730e+01 5.054730e+01
   endloop
 endfacet
 facet normal  7.7240021073e-02 8.2658153719e-01 5.5749165152e-01
   outer loop
     vertex  3.924853e+01 5.054730e+01 5.054730e+01
     vertex  5.000000e+01 4.994730e+01 4.994730e+01
     vertex  5.000000e+01 6.509430e+01 2.748915e+01
   endloop
 endfacet
 facet normal  7.7021070458e-02 8.2664416931e-01 5.5742907357e-01
   outer loop
     vertex  3.924853e+01 5.054730e+01 5.054730e+01
     vertex  5.000000e+01 6.509430e+01 2.748915e+01
     vertex  3.924853e+01 6.587733e+01 2.781349e+01
   endloop
 endfacet
 facet normal  7.7132796369e-02 9.7726171093e-01 1.9750969617e-01
   outer loop
     vertex  3.924853e+01 6.587733e+01 2.781349e+01
     vertex  5.000000e+01 6.509430e+01 2.748915e+01
     vertex  5.000000e+01 7.065000e+01 0.000000e+00
   endloop
 endfacet
 facet normal  7.7127554724e-02 9.7726250653e-01 1.9750780650e-01
   outer loop
     vertex  3.924853e+01 6.587733e+01 2.781349e+01
     vertex  5.000000e+01 7.065000e+01 0.000000e+00
     vertex  3.924853e+01 7.149853e+01 0.000000e+00
   endloop
 endfacet
 facet normal  0.0000000000e+00 9.8018184110e-01 -1.9809986972e-01
   outer loop
     vertex  5.000000e+01 7.065000e+01 0.000000e+00
     vertex  6.159680e+01 7.065000e+01 0.000000e+00
     vertex  5.000000e+01 6.509430e+01 -2.748915e+01
   endloop
 endfacet
 facet normal  0.0000000000e+00 9.8018184110e-01 -1.9809986972e-01
   outer loop
     vertex  6.159680e+01 7.065000e+01 0.000000e+00
     vertex  6.159680e+01 6.509430e+01 -2.748915e+01
     vertex  5.000000e+01 6.509430e+01 -2.748915e+01
   endloop
 endfacet
 facet normal  0.0000000000e+00 8.2905832649e-01 -5.5916213326e-01
   outer loop
     vertex  5.000000e+01 6.509430e+01 -2.748915e+01
     vertex  6.159680e+01 6.509430e+01 -2.748915e+01
     vertex  5.000000e+01 4.994730e+01 -4.994730e+01
   endloop
 endfacet
 facet normal  0.0000000000e+00 8.2905832649e-01 -5.5916213326e-01
   outer loop
     vertex  6.159680e+01 6.509430e+01 -2.748915e+01
     vertex  6.159680e+01 4.994730e+01 -4.994730e+01
     vertex  5.000000e+01 4.994730e+01 -4.994730e+01
   endloop
 endfacet
 facet normal  0.0000000000e+00 5.5916213326e-01 -8.2905832649e-01
   outer loop
     vertex  5.000000e+01 4.994730e+01 -4.994730e+01
     vertex  6.159680e+01 4.994730e+01 -4.994730e+01
     vertex  5.000000e+01 2.748915e+01 -6.509430e+01
   endloop
 endfacet
 facet normal  0.0000000000e+00 5.5916213326e-01 -8.2905832649e-01
   outer loop
     vertex  6.159680e+01 4.994730e+01 -4.994730e+01
     vertex  6.159680e+01 2.748915e+01 -6.509430e+01
     vertex  5.000000e+01 2.748915e+01 -6.509430e+01
   endloop
 endfacet
 facet normal  0.0000000000e+00 1.9809986972e-01 -9.8018184110e-01
   outer loop
     vertex  5.000000e+01 2.748915e+01 -6.509430e+01
     vertex  6.159680e+01 2.748915e+01 -6.509430e+01
     vertex  5.000000e+01 0.000000e+00 -7.065000e+01
   endloop
 endfacet
 facet normal  0.0000000000e+00 1.9809986972e-01 -9.8018184110e-01
   outer loop
     vertex  6.159680e+01 2.748915e+01 -6.509430e+01
     vertex  6.159680e+01 0.000000e+00 -7.065000e+01
     vertex  5.000000e+01 0.000000e+00 -7.065000e+01
   endloop
 endfacet
 facet normal  -0.0000000000e+00 -1.9809986972e-01 -9.8018184110e-01
   outer loop
     vertex  5.000000e+01 0.000000e+00 -7.065000e+01
     vertex  6.159680e+01 0.000000e+00 -7.065000e+01
     vertex  6.159680e+01 -2.748915e+01 -6.509430e+01
   endloop
 endfacet
 facet normal  -0.0000000000e+00 -1.9809986972e-01 -9.8018184110e-01
   outer loop
     vertex  5.000000e+01 0.000000e+00 -7.065000e+01
     vertex  6.159680e+01 -2.748915e+01 -6.509430e+01
     vertex  5.000000e+01 -2.748915e+01 -6.509430e+01
   endloop
 endfacet
 facet normal  -0.0000000000e+00 -5.5916213326e-01 -8.2905832649e-01
   outer loop
     vertex  5.000000e+01 -2.748915e+01 -6.509430e+01
     vertex  6.159680e+01 -2.748915e+01 -6.509430e+01
     vertex  6.159680e+01 -4.994730e+01 -4.994730e+01
   endloop
 endfacet
 facet normal  -0.0000000000e+00 -5.5916213326e-01 -8.2905832649e-01
   outer loop
     vertex  5.000000e+01 -2.748915e+01 -6.509430e+01
     vertex  6.159680e+01 -4.994730e+01 -4.994730e+01
     vertex  5.000000e+01 -4.994730e+01 -4.994730e+01
   endloop
 endfacet
 facet normal  -0.0000000000e+00 -8.2905832649e-01 -5.5916213326e-01
   outer loop
     vertex  5.000000e+01 -4.994730e+01 -4.994730e+01
     vertex  6.159680e+01 -4.994730e+01 -4.994730e+01
     vertex  6.159680e+01 -6.509430e+01 -2.748915e+01
   endloop
 endfacet
 facet normal  -0.0000000000e+00 -8.2905832649e-01 -5.5916213326e-01
   outer loop
     vertex  5.000000e+01 -4.994730e+01 -4.994730e+01
     vertex  6.159680e+01 -6.509430e+01 -2.748915e+01
     vertex  5.000000e+01 -6.509430e+01 -2.748915e+01
   endloop
 endfacet
 facet normal  -0.0000000000e+00 -9.8018184110e-01 -1.9809986972e-01
   outer loop
     vertex  5.000000e+01 -6.509430e+01 -2.748915e+01
     vertex  6.159680e+01 -6.509430e+01 -2.748915e+01
     vertex  6.159680e+01 -7.065000e+01 0.000000e+00
   endloop
 endfacet
 facet normal  -0.0000000000e+00 -9.8018184110e-01 -1.9809986972e-01
   outer loop
     vertex  5.000000e+01 -6.509430e+01 -2.748915e+01
     vertex  6.159680e+01 -7.065000e+01 0.000000e+00
     vertex  5.000000e+01 -7.065000e+01 0.000000e+00
   endloop
 endfacet
 facet normal  0.0000000000e+00 -9.8018184110e-01 1.9809986972e-01
   outer loop
     vertex  5.000000e+01 -7.065000e+01 0.000000e+00
     vertex  6.159680e+01 -7.065000e+01 0.000000e+00
     vertex  5.000000e+01 -6.509430e+01 2.748915e+01
   endloop
 endfacet
 facet normal  0.0000000000e+00 -9.8018184110e-01 1.9809986972e-01
   outer loop
     vertex  6.159680e+01 -7.065000e+01 0.000000e+00
     vertex  6.159680e+01 -6.509430e+01 2.748915e+01
     vertex  5.000000e+01 -6.509430e+01 2.748915e+01
   endloop
 endfacet
 facet normal  0.0000000000e+00 -8.2905832649e-01 5.5916213326e-01
   outer loop
     vertex  5.000000e+01 -6.509430e+01 2.748915e+01
     vertex  6.159680e+01 -6.509430e+01 2.748915e+01
     vertex  5.000000e+01 -4.994730e+01 4.994730e+01
   endloop
 endfacet
 facet normal  0.0000000000e+00 -8.2905832649e-01 5.5916213326e-01
   outer loop
     vertex  6.159680e+01 -6.509430e+01 2.748915e+01
     vertex  6.159680e+01 -4.994730e+01 4.994730e+01
     vertex  5.000000e+01 -4.994730e+01 4.994730e+01
   endloop
 endfacet
 facet normal  0.0000000000e+00 -5.5916213326e-01 8.2905832649e-01
   outer loop
     vertex  5.000000e+01 -4.994730e+01 4.994730e+01
     vertex  6.159680e+01 -4.994730e+01 4.994730e+01
     vertex  5.000000e+01 -2.748915e+01 6.509430e+01
   endloop
 endfacet
 facet normal  0.0000000000e+00 -5.5916213326e-01 8.2905832649e-01
   outer loop
     vertex  6.159680e+01 -4.994730e+01 4.994730e+01
     vertex  6.159680e+01 -2.748915e+01 6.509430e+01
     vertex  5.000000e+01 -2.748915e+01 6.509430e+01
   endloop
 endfacet
 facet normal  0.0000000000e+00 -1.9809986972e-01 9.8018184110e-01
   outer loop
     vertex  5.000000e+01 -2.748915e+01 6.509430e+01
     vertex  6.159680e+01 -2.748915e+01 6.509430e+01
     vertex  5.000000e+01 0.000000e+00 7.065000e+01
   endloop
 endfacet
 facet normal  0.0000000000e+00 -1.9809986972e-01 9.8018184110e-01
   outer loop
     vertex  6.159680e+01 -2.748915e+01 6.509430e+01
     vertex  6.159680e+01 0.000000e+00 7.065000e+01
     vertex  5.000000e+01 0.000000e+00 7.065000e+01
   endloop
 endfacet
 facet normal  0.0000000000e+00 1.9809986972e-01 9.8018184110e-01
   outer loop
     vertex  5.000000e+01 0.000000e+00 7.065000e+01
     vertex  6.159680e+01 0.000000e+00 7.065000e+01
     vertex  6.159680e+01 2.748915e+01 6.509430e+01
   endloop
 endfacet
 facet normal  0.0000000000e+00 1.9809986972e-01 9.8018184110e-01
   outer loop
     vertex  5.000000e+01 0.000000e+00 7.065000e+01
     vertex  6.159680e+01 2.748915e+01 6.509430e+01
     vertex  5.000000e+01 2.748915e+01 6.509430e+01
   endloop
 endfacet
 facet normal  0.0000000000e+00 5.5916213326e-01 8.2905832649e-01
   outer loop
     vertex  5.000000e+01 2.748915e+01 6.509430e+01
     vertex  6.159680e+01 2.748915e+01 6.509430e+01
     vertex  6.159680e+01 4.994730e+01 4.994730e+01
   endloop
 endfacet
 facet normal  0.0000000000e+00 5.5916213326e-01 8.2905832649e-01
   outer loop
     vertex  5.000000e+01 2.748915e+01 6.509430e+01
     vertex  6.159680e+01 4.994730e+01 4.994730e+01
     vertex  5.000000e+01 4.994730e+01 4.994730e+01
   endloop
 endfacet
 facet normal  0.0000000000e+00 8.2905832649e-01 5.5916213326e-01
   outer loop
     vertex  5.000000e+01 4.994730e+01 4.994730e+01
     vertex  6.159680e+01 4.994730e+01 4.994730e+01
     vertex  6.159680e+01 6.509430e+01 2.748915e+01
   endloop
 endfacet
 facet normal  0.0000000000e+00 8.2905832649e-01 5.5916213326e-01
   outer loop
     vertex  5.000000e+01 4.994730e+01 4.994730e+01
     vertex  6.159680e+01 6.509430e+01 2.748915e+01
     vertex  5.000000e+01 6.509430e+01 2.748915e+01
   endloop
 endfacet
 facet normal  0.0000000000e+00 9.8018184110e-01 1.9809986972e-01
   outer loop
     vertex  5.000000e+01 6.509430e+01 2.748915e+01
     vertex  6.159680e+01 6.509430e+01 2.748915e+01
     vertex  6.159680e+01 7.065000e+01 0.000000e+00
   endloop
 endfacet
 facet normal  0.0000000000e+00 9.8018184110e-01 1.9809986972e-01
   outer loop
     vertex  5.000000e+01 6.509430e+01 2.748915e+01
     vertex  6.159680e+01 7.065000e+01 0.000000e+00
     vertex  5.000000e+01 7.065000e+01 0.000000e+00
   endloop
 endfacet
 facet normal  0.0000000000e+00 9.8018184110e-01 -1.9809986972e-01
   outer loop
     vertex  6.159680e+01 7.065000e+01 0.000000e+00
     vertex  7.479040e+01 7.065000e+01 0.000000e+00
     vertex  6.159680e+01 6.509430e+01 -2.748915e+01
   endloop
 endfacet
 facet normal  5.2093211042e-17 9.8018184110e-01 -1.9809986972e-01
   outer loop
     vertex  7.479040e+01 7.065000e+01 0.000000e+00
     vertex  7.479040e+01 6.509430e+01 -2.748915e+01
     vertex  6.159680e+01 6.509430e+01 -2.748915e+01
   endloop
 endfacet
 facet normal  1.4703972827e-16 8.2905832649e-01 -5.5916213326e-01
   outer loop
     vertex  6.159680e+01 6.509430e+01 -2.748915e+01
     vertex  7.479040e+01 6.509430e+01 -2.748915e+01
     vertex  6.159680e+01 4.994730e+01 -4.994730e+01
   endloop
 endfacet
 facet normal  7.3010508773e-16 8.2905832649e-01 -5.5916213326e-01
   outer loop
     vertex  7.479040e+01 6.509430e+01 -2.748915e+01
     vertex  7.479040e+01 4.994730e+01 -4.994730e+01
     vertex  6.159680e+01 4.994730e+01 -4.994730e+01
   endloop
 endfacet
 facet normal  7.3010508773e-16 5.5916213326e-01 -8.2905832649e-01
   outer loop
     vertex  6.159680e+01 4.994730e+01 -4.994730e+01
     vertex  7.479040e+01 4.994730e+01 -4.994730e+01
     vertex  6.159680e+01 2.748915e+01 -6.509430e+01
   endloop
 endfacet
 facet normal  1.4703972827e-16 5.5916213326e-01 -8.2905832649e-01
   outer loop
     vertex  7.479040e+01 4.994730e+01 -4.994730e+01
     vertex  7.479040e+01 2.748915e+01 -6.509430e+01
     vertex  6.159680e+01 2.748915e+01 -6.509430e+01
   endloop
 endfacet
 facet normal  5.2093211042e-17 1.9809986972e-01 -9.8018184110e-01
   outer loop
     vertex  6.159680e+01 2.748915e+01 -6.509430e+01
     vertex  7.479040e+01 2.748915e+01 -6.509430e+01
     vertex  6.159680e+01 0.000000e+00 -7.065000e+01
   endloop
 endfacet
 facet normal  0.0000000000e+00 1.9809986972e-01 -9.8018184110e-01
   outer loop
     vertex  7.479040e+01 2.748915e+01 -6.509430e+01
     vertex  7.479040e+01 0.000000e+00 -7.065000e+01
     vertex  6.159680e+01 0.000000e+00 -7.065000e+01
   endloop
 endfacet
 facet normal  -0.0000000000e+00 -1.9809986972e-01 -9.8018184110e-01
   outer loop
     vertex  6.159680e+01 0.000000e+00 -7.065000e+01
     vertex  7.479040e+01 0.000000e+00 -7.065000e+01
     vertex  7.479040e+01 -2.748915e+01 -6.509430e+01
   endloop
 endfacet
 facet normal  -0.0000000000e+00 -1.9809986972e-01 -9.8018184110e-01
   outer loop
     vertex  6.159680e+01 0.000000e+00 -7.065000e+01
     vertex  7.479040e+01 -2.748915e+01 -6.509430e+01
     vertex  6.159680e+01 -2.748915e+01 -6.509430e+01
   endloop
 endfacet
 facet normal  -0.0000000000e+00 -5.5916213326e-01 -8.2905832649e-01
   outer loop
     vertex  6.159680e+01 -2.748915e+01 -6.509430e+01
     vertex  7.479040e+01 -2.748915e+01 -6.509430e+01
     vertex  7.479040e+01 -4.994730e+01 -4.994730e+01
   endloop
 endfacet
 facet normal  4.3602563119e-16 -5.5916213326e-01 -8.2905832649e-01
   outer loop
     vertex  6.159680e+01 -2.748915e+01 -6.509430e+01
     vertex  7.479040e+01 -4.994730e+01 -4.994730e+01
     vertex  6.159680e+01 -4.994730e+01 -4.994730e+01
   endloop
 endfacet
 facet normal  2.9407945654e-16 -8.2905832649e-01 -5.5916213326e-01
   outer loop
     vertex  6.159680e+01 -4.994730e+01 -4.994730e+01
     vertex  7.479040e+01 -4.994730e+01 -4.994730e+01
     vertex  7.479040e+01 -6.509430e+01 -2.748915e+01
   endloop
 endfacet
 facet normal  1.4703972827e-16 -8.2905832649e-01 -5.5916213326e-01
   outer loop
     vertex  6.159680e+01 -4.994730e+01 -4.994730e+01
     vertex  7.479040e+01 -6.509430e+01 -2.748915e+01
     vertex  6.159680e+01 -6.509430e+01 -2.748915e+01
   endloop
 endfacet
 facet normal  5.2093211042e-17 -9.8018184110e-01 -1.9809986972e-01
   outer loop
     vertex  6.159680e+01 -6.509430e+01 -2.748915e+01
     vertex  7.479040e+01 -6.509430e+01 -2.748915e+01
     vertex  7.479040e+01 -7.065000e+01 0.000000e+00
   endloop
 endfacet
 facet normal  -0.0000000000e+00 -9.8018184110e-01 -1.9809986972e-01
   outer loop
     vertex  6.159680e+01 -6.509430e+01 -2.748915e+01
     vertex  7.479040e+01 -7.065000e+01 0.000000e+00
     vertex  6.159680e+01 -7.065000e+01 0.000000e+00
   endloop
 endfacet
 facet normal  0.0000000000e+00 -9.8018184110e-01 1.9809986972e-01
   outer loop
     vertex  6.159680e+01 -7.065000e+01 0.000000e+00
     vertex  7.479040e+01 -7.065000e+01 0.000000e+00
     vertex  6.159680e+01 -6.509430e+01 2.748915e+01
   endloop
 endfacet
 facet normal  5.2093211042e-17 -9.8018184110e-01 1.9809986972e-01
   outer loop
     vertex  7.479040e+01 -7.065000e+01 0.000000e+00
     vertex  7.479040e+01 -6.509430e+01 2.748915e+01
     vertex  6.159680e+01 -6.509430e+01 2.748915e+01
   endloop
 endfacet
 facet normal  1.4703972827e-16 -8.2905832649e-01 5.5916213326e-01
   outer loop
     vertex  6.159680e+01 -6.509430e+01 2.748915e+01
     vertex  7.479040e+01 -6.509430e+01 2.748915e+01
     vertex  6.159680e+01 -4.994730e+01 4.994730e+01
   endloop
 endfacet
 facet normal  2.9407945654e-16 -8.2905832649e-01 5.5916213326e-01
   outer loop
     vertex  7.479040e+01 -6.509430e+01 2.748915e+01
     vertex  7.479040e+01 -4.994730e+01 4.994730e+01
     vertex  6.159680e+01 -4.994730e+01 4.994730e+01
   endloop
 endfacet
 facet normal  4.3602563119e-16 -5.5916213326e-01 8.2905832649e-01
   outer loop
     vertex  6.159680e+01 -4.994730e+01 4.994730e+01
     vertex  7.479040e+01 -4.994730e+01 4.994730e+01
     vertex  6.159680e+01 -2.748915e+01 6.509430e+01
   endloop
 endfacet
 facet normal  0.0000000000e+00 -5.5916213326e-01 8.2905832649e-01
   outer loop
     vertex  7.479040e+01 -4.994730e+01 4.994730e+01
     vertex  7.479040e+01 -2.748915e+01 6.509430e+01
     vertex  6.159680e+01 -2.748915e+01 6.509430e+01
   endloop
 endfacet
 facet normal  0.0000000000e+00 -1.9809986972e-01 9.8018184110e-01
   outer loop
     vertex  6.159680e+01 -2.748915e+01 6.509430e+01
     vertex  7.479040e+01 -2.748915e+01 6.509430e+01
     vertex  6.159680e+01 0.000000e+00 7.065000e+01
   endloop
 endfacet
 facet normal  0.0000000000e+00 -1.9809986972e-01 9.8018184110e-01
   outer loop
     vertex  7.479040e+01 -2.748915e+01 6.509430e+01
     vertex  7.479040e+01 0.000000e+00 7.065000e+01
     vertex  6.159680e+01 0.000000e+00 7.065000e+01
   endloop
 endfacet
 facet normal  0.0000000000e+00 1.9809986972e-01 9.8018184110e-01
   outer loop
     vertex  6.159680e+01 0.000000e+00 7.065000e+01
     vertex  7.479040e+01 0.000000e+00 7.065000e+01
     vertex  7.479040e+01 2.748915e+01 6.509430e+01
   endloop
 endfacet
 facet normal  5.2093211042e-17 1.9809986972e-01 9.8018184110e-01
   outer loop
     vertex  6.159680e+01 0.000000e+00 7.065000e+01
     vertex  7.479040e+01 2.748915e+01 6.509430e+01
     vertex  6.159680e+01 2.748915e+01 6.509430e+01
   endloop
 endfacet
 facet normal  1.4703972827e-16 5.5916213326e-01 8.2905832649e-01
   outer loop
     vertex  6.159680e+01 2.748915e+01 6.509430e+01
     vertex  7.479040e+01 2.748915e+01 6.509430e+01
     vertex  7.479040e+01 4.994730e+01 4.994730e+01
   endloop
 endfacet
 facet normal  7.3010508773e-16 5.5916213326e-01 8.2905832649e-01
   outer loop
     vertex  6.159680e+01 2.748915e+01 6.509430e+01
     vertex  7.479040e+01 4.994730e+01 4.994730e+01
     vertex  6.159680e+01 4.994730e+01 4.994730e+01
   endloop
 endfacet
 facet normal  7.3010508773e-16 8.2905832649e-01 5.5916213326e-01
   outer loop
     vertex  6.159680e+01 4.994730e+01 4.994730e+01
     vertex  7.479040e+01 4.994730e+01 4.994730e+01
     vertex  7.479040e+01 6.509430e+01 2.748915e+01
   endloop
 endfacet
 facet normal  1.4703972827e-16 8.2905832649e-01 5.5916213326e-01
   outer loop
     vertex  6.159680e+01 4.994730e+01 4.994730e+01
     vertex  7.479040e+01 6.509430e+01 2.748915e+01
     vertex  6.159680e+01 6.509430e+01 2.748915e+01
   endloop
 endfacet
 facet normal  5.2093211042e-17 9.8018184110e-01 1.9809986972e-01
   outer loop
     vertex  6.159680e+01 6.509430e+01 2.748915e+01
     vertex  7.479040e+01 6.509430e+01 2.748915e+01
     vertex  7.479040e+01 7.065000e+01 0.000000e+00
   endloop
 endfacet
 facet normal  0.0000000000e+00 9.8018184110e-01 1.9809986972e-01
   outer loop
     vertex  6.159680e+01 6.509430e+01 2.748915e+01
     vertex  7.479040e+01 7.065000e+01 0.000000e+00
     vertex  6.159680e+01 7.065000e+01 0.000000e+00
   endloop
 endfacet
 facet normal  0.0000000000e+00 9.8018184110e-01 -1.9809986972e-01
   outer loop
     vertex  7.479040e+01 7.065000e+01 0.000000e+00
     vertex  8.718560e+01 7.065000e+01 0.000000e+00
     vertex  7.479040e+01 6.509430e+01 -2.748915e+01
   endloop
 endfacet
 facet normal  -5.5448640538e-17 9.8018184110e-01 -1.9809986972e-01
   outer loop
     vertex  8.718560e+01 7.065000e+01 0.000000e+00
     vertex  8.718560e+01 6.509430e+01 -2.748915e+01
     vertex  7.479040e+01 6.509430e+01 -2.748915e+01
   endloop
 endfacet
 facet normal  -1.5651085572e-16 8.2905832649e-01 -5.5916213326e-01
   outer loop
     vertex  7.479040e+01 6.509430e+01 -2.748915e+01
     vertex  8.718560e+01 6.509430e+01 -2.748915e+01
     vertex  7.479040e+01 4.994730e+01 -4.994730e+01
   endloop
 endfacet
 facet normal  0.0000000000e+00 8.2905832649e-01 -5.5916213326e-01
   outer loop
     vertex  8.718560e+01 6.509430e+01 -2.748915e+01
     vertex  8.718560e+01 4.994730e+01 -4.994730e+01
     vertex  7.479040e+01 4.994730e+01 -4.994730e+01
   endloop
 endfacet
 facet normal  0.0000000000e+00 5.5916213326e-01 -8.2905832649e-01
   outer loop
     vertex  7.479040e+01 4.994730e+01 -4.994730e+01
     vertex  8.718560e+01 4.994730e+01 -4.994730e+01
     vertex  7.479040e+01 2.748915e+01 -6.509430e+01
   endloop
 endfacet
 facet normal  -1.5651085572e-16 5.5916213326e-01 -8.2905832649e-01
   outer loop
     vertex  8.718560e+01 4.994730e+01 -4.994730e+01
     vertex  8.718560e+01 2.748915e+01 -6.509430e+01
     vertex  7.479040e+01 2.748915e+01 -6.509430e+01
   endloop
 endfacet
 facet normal  -5.5448640538e-17 1.9809986972e-01 -9.8018184110e-01
   outer loop
     vertex  7.479040e+01 2.748915e+01 -6.509430e+01
     vertex  8.718560e+01 2.748915e+01 -6.509430e+01
     vertex  7.479040e+01 0.000000e+00 -7.065000e+01
   endloop
 endfacet
 facet normal  0.0000000000e+00 1.9809986972e-01 -9.8018184110e-01
   outer loop
     vertex  8.718560e+01 2.748915e+01 -6.509430e+01
     vertex  8.718560e+01 0.000000e+00 -7.065000e+01
     vertex  7.479040e+01 0.000000e+00 -7.065000e+01
   endloop
 endfacet
 facet normal  -0.0000000000e+00 -1.9809986972e-01 -9.8018184110e-01
   outer loop
     vertex  7.479040e+01 0.000000e+00 -7.065000e+01
     vertex  8.718560e+01 0.000000e+00 -7.065000e+01
     vertex  8.718560e+01 -2.748915e+01 -6.509430e+01
   endloop
 endfacet
 facet normal  -0.0000000000e+00 -1.9809986972e-01 -9.8018184110e-01
   outer loop
     vertex  7.479040e+01 0.000000e+00 -7.065000e+01
     vertex  8.718560e+01 -2.748915e+01 -6.509430e+01
     vertex  7.479040e+01 -2.748915e+01 -6.509430e+01
   endloop
 endfacet
 facet normal  -0.0000000000e+00 -5.5916213326e-01 -8.2905832649e-01
   outer loop
     vertex  7.479040e+01 -2.748915e+01 -6.509430e+01
     vertex  8.718560e+01 -2.748915e+01 -6.509430e+01
     vertex  8.718560e+01 -4.994730e+01 -4.994730e+01
   endloop
 endfacet
 facet normal  -0.0000000000e+00 -5.5916213326e-01 -8.2905832649e-01
   outer loop
     vertex  7.479040e+01 -2.748915e+01 -6.509430e+01
     vertex  8.718560e+01 -4.994730e+01 -4.994730e+01
     vertex  7.479040e+01 -4.994730e+01 -4.994730e+01
   endloop
 endfacet
 facet normal  -0.0000000000e+00 -8.2905832649e-01 -5.5916213326e-01
   outer loop
     vertex  7.479040e+01 -4.994730e+01 -4.994730e+01
     vertex  8.718560e+01 -4.994730e+01 -4.994730e+01
     vertex  8.718560e+01 -6.509430e+01 -2.748915e+01
   endloop
 endfacet
 facet normal  -1.5651085572e-16 -8.2905832649e-01 -5.5916213326e-01
   outer loop
     vertex  7.479040e+01 -4.994730e+01 -4.994730e+01
     vertex  8.718560e+01 -6.509430e+01 -2.748915e+01
     vertex  7.479040e+01 -6.509430e+01 -2.748915e+01
   endloop
 endfacet
 facet normal  -5.5448640538e-17 -9.8018184110e-01 -1.9809986972e-01
   outer loop
     vertex  7.479040e+01 -6.509430e+01 -2.748915e+01
     vertex  8.718560e+01 -6.509430e+01 -2.748915e+01
     vertex  8.718560e+01 -7.065000e+01 0.000000e+00
   endloop
 endfacet
 facet normal  -0.0000000000e+00 -9.8018184110e-01 -1.9809986972e-01
   outer loop
     vertex  7.479040e+01 -6.509430e+01 -2.748915e+01
     vertex  8.718560e+01 -7.065000e+01 0.000000e+00
     vertex  7.479040e+01 -7.065000e+01 0.000000e+00
   endloop
 endfacet
 facet normal  0.0000000000e+00 -9.8018184110e-01 1.9809986972e-01
   outer loop
     vertex  7.479040e+01 -7.065000e+01 0.000000e+00
     vertex  8.718560e+01 -7.065000e+01 0.000000e+00
     vertex  7.479040e+01 -6.509430e+01 2.748915e+01
   endloop
 endfacet
 facet normal  -5.5448640538e-17 -9.8018184110e-01 1.9809986972e-01
   outer loop
     vertex  8.718560e+01 -7.065000e+01 0.000000e+00
     vertex  8.718560e+01 -6.509430e+01 2.748915e+01
     vertex  7.479040e+01 -6.509430e+01 2.748915e+01
   endloop
 endfacet
 facet normal  -1.5651085572e-16 -8.2905832649e-01 5.5916213326e-01
   outer loop
     vertex  7.479040e+01 -6.509430e+01 2.748915e+01
     vertex  8.718560e+01 -6.509430e+01 2.748915e+01
     vertex  7.479040e+01 -4.994730e+01 4.994730e+01
   endloop
 endfacet
 facet normal  0.0000000000e+00 -8.2905832649e-01 5.5916213326e-01
   outer loop
     vertex  8.718560e+01 -6.509430e+01 2.748915e+01
     vertex  8.718560e+01 -4.994730e+01 4.994730e+01
     vertex  7.479040e+01 -4.994730e+01 4.994730e+01
   endloop
 endfacet
 facet normal  0.0000000000e+00 -5.5916213326e-01 8.2905832649e-01
   outer loop
     vertex  7.479040e+01 -4.994730e+01 4.994730e+01
     vertex  8.718560e+01 -4.994730e+01 4.994730e+01
     vertex  7.479040e+01 -2.748915e+01 6.509430e+01
   endloop
 endfacet
 facet normal  0.0000000000e+00 -5.5916213326e-01 8.2905832649e-01
   outer loop
     vertex  8.718560e+01 -4.994730e+01 4.994730e+01
     vertex  8.718560e+01 -2.748915e+01 6.509430e+01
     vertex  7.479040e+01 -2.748915e+01 6.509430e+01
   endloop
 endfacet
 facet normal  0.0000000000e+00 -1.9809986972e-01 9.8018184110e-01
   outer loop
     vertex  7.479040e+01 -2.748915e+01 6.509430e+01
     vertex  8.718560e+01 -2.748915e+01 6.509430e+01
     vertex  7.479040e+01 0.000000e+00 7.065000e+01
   endloop
 endfacet
 facet normal  0.0000000000e+00 -1.9809986972e-01 9.8018184110e-01
   outer loop
     vertex  8.718560e+01 -2.748915e+01 6.509430e+01
     vertex  8.718560e+01 0.000000e+00 7.065000e+01
     vertex  7.479040e+01 0.000000e+00 7.065000e+01
   endloop
 endfacet
 facet normal  0.0000000000e+00 1.9809986972e-01 9.8018184110e-01
   outer loop
     vertex  7.479040e+01 0.000000e+00 7.065000e+01
     vertex  8.718560e+01 0.000000e+00 7.065000e+01
     vertex  8.718560e+01 2.748915e+01 6.509430e+01
   endloop
 endfacet
 facet normal  -5.5448640538e-17 1.9809986972e-01 9.8018184110e-01
   outer loop
     vertex  7.479040e+01 0.000000e+00 7.065000e+01
     vertex  8.718560e+01 2.748915e+01 6.509430e+01
     vertex  7.479040e+01 2.748915e+01 6.509430e+01
   endloop
 endfacet
 facet normal  -1.5651085572e-16 5.5916213326e-01 8.2905832649e-01
   outer loop
     vertex  7.479040e+01 2.748915e+01 6.509430e+01
     vertex  8.718560e+01 2.748915e+01 6.509430e+01
     vertex  8.718560e+01 4.994730e+01 4.994730e+01
   endloop
 endfacet
 facet normal  0.0000000000e+00 5.5916213326e-01 8.2905832649e-01
   outer loop
     vertex  7.479040e+01 2.748915e+01 6.509430e+01
     vertex  8.718560e+01 4.994730e+01 4.994730e+01
     vertex  7.479040e+01 4.994730e+01 4.994730e+01
   endloop
 endfacet
 facet normal  0.0000000000e+00 8.2905832649e-01 5.5916213326e-01
   outer loop
     vertex  7.479040e+01 4.994730e+01 4.994730e+01
     vertex  8.718560e+01 4.994730e+01 4.994730e+01
     vertex  8.718560e+01 6.509430e+01 2.748915e+01
   endloop
 endfacet
 facet normal  -1.5651085572e-16 8.2905832649e-01 5.5916213326e-01
   outer loop
     vertex  7.479040e+01 4.994730e+01 4.994730e+01
     vertex  8.718560e+01 6.509430e+01 2.748915e+01
     vertex  7.479040e+01 6.509430e+01 2.748915e+01
   endloop
 endfacet
 facet normal  -5.5448640538e-17 9.8018184110e-01 1.9809986972e-01
   outer loop
     vertex  7.479040e+01 6.509430e+01 2.748915e+01
     vertex  8.718560e+01 6.509430e+01 2.748915e+01
     vertex  8.718560e+01 7.065000e+01 0.000000e+00
   endloop
 endfacet
 facet normal  0.0000000000e+00 9.8018184110e-01 1.9809986972e-01
   outer loop
     vertex  7.479040e+01 6.509430e+01 2.748915e+01
     vertex  8.718560e+01 7.065000e+01 0.000000e+00
     vertex  7.479040e+01 7.065000e+01 0.000000e+00
   endloop
 endfacet
 facet normal  0.0000000000e+00 9.8018184110e-01 -1.9809986972e-01
   outer loop
     vertex  8.718560e+01 7.065000e+01 0.000000e+00
     vertex  9.638720e+01 7.065000e+01 0.000000e+00
     vertex  8.718560e+01 6.509430e+01 -2.748915e+01
   endloop
 endfacet
 facet normal  7.4693204356e-17 9.8018184110e-01 -1.9809986972e-01
   outer loop
     vertex  9.638720e+01 7.065000e+01 0.000000e+00
     vertex  9.638720e+01 6.509430e+01 -2.748915e+01
     vertex  8.718560e+01 6.509430e+01 -2.748915e+01
   endloop
 endfacet
 facet normal  2.1083109012e-16 8.2905832649e-01 -5.5916213326e-01
   outer loop
     vertex  8.718560e+01 6.509430e+01 -2.748915e+01
     vertex  9.638720e+01 6.509430e+01 -2.748915e+01
     vertex  8.718560e+01 4.994730e+01 -4.994730e+01
   endloop
 endfacet
 facet normal  0.0000000000e+00 8.2905832649e-01 -5.5916213326e-01
   outer loop
     vertex  9.638720e+01 6.509430e+01 -2.748915e+01
     vertex  9.638720e+01 4.994730e+01 -4.994730e+01
     vertex  8.718560e+01 4.994730e+01 -4.994730e+01
   endloop
 endfacet
 facet normal  0.0000000000e+00 5.5916213326e-01 -8.2905832649e-01
   outer loop
     vertex  8.718560e+01 4.994730e+01 -4.994730e+01
     vertex  9.638720e+01 4.994730e+01 -4.994730e+01
     vertex  8.718560e+01 2.748915e+01 -6.509430e+01
   endloop
 endfacet
 facet normal  2.1083109012e-16 5.5916213326e-01 -8.2905832649e-01
   outer loop
     vertex  9.638720e+01 4.994730e+01 -4.994730e+01
     vertex  9.638720e+01 2.748915e+01 -6.509430e+01
     vertex  8.718560e+01 2.748915e+01 -6.509430e+01
   endloop
 endfacet
 facet normal  7.4693204356e-17 1.9809986972e-01 -9.8018184110e-01
   outer loop
     vertex  8.718560e+01 2.748915e+01 -6.509430e+01
     vertex  9.638720e+01 2.748915e+01 -6.509430e+01
     vertex  8.718560e+01 0.000000e+00 -7.065000e+01
   endloop
 endfacet
 facet normal  0.0000000000e+00 1.9809986972e-01 -9.8018184110e-01
   outer loop
     vertex  9.638720e+01 2.748915e+01 -6.509430e+01
     vertex  9.638720e+01 0.000000e+00 -7.065000e+01
     vertex  8.718560e+01 0.000000e+00 -7.065000e+01
   endloop
 endfacet
 facet normal  -0.0000000000e+00 -1.9809986972e-01 -9.8018184110e-01
   outer loop
     vertex  8.718560e+01 0.000000e+00 -7.065000e+01
     vertex  9.638720e+01 0.000000e+00 -7.065000e+01
     vertex  9.638720e+01 -2.748915e+01 -6.509430e+01
   endloop
 endfacet
 facet normal  -0.0000000000e+00 -1.9809986972e-01 -9.8018184110e-01
   outer loop
     vertex  8.718560e+01 0.000000e+00 -7.065000e+01
     vertex  9.638720e+01 -2.748915e+01 -6.509430e+01
     vertex  8.718560e+01 -2.748915e+01 -6.509430e+01
   endloop
 endfacet
 facet normal  -0.0000000000e+00 -5.5916213326e-01 -8.2905832649e-01
   outer loop
     vertex  8.718560e+01 -2.748915e+01 -6.509430e+01
     vertex  9.638720e+01 -2.748915e+01 -6.509430e+01
     vertex  9.638720e+01 -4.994730e+01 -4.994730e+01
   endloop
 endfacet
 facet normal  -0.0000000000e+00 -5.5916213326e-01 -8.2905832649e-01
   outer loop
     vertex  8.718560e+01 -2.748915e+01 -6.509430e+01
     vertex  9.638720e+01 -4.994730e+01 -4.994730e+01
     vertex  8.718560e+01 -4.994730e+01 -4.994730e+01
   endloop
 endfacet
 facet normal  -0.0000000000e+00 -8.2905832649e-01 -5.5916213326e-01
   outer loop
     vertex  8.718560e+01 -4.994730e+01 -4.994730e+01
     vertex  9.638720e+01 -4.994730e+01 -4.994730e+01
     vertex  9.638720e+01 -6.509430e+01 -2.748915e+01
   endloop
 endfacet
 facet normal  2.1083109012e-16 -8.2905832649e-01 -5.5916213326e-01
   outer loop
     vertex  8.718560e+01 -4.994730e+01 -4.994730e+01
     vertex  9.638720e+01 -6.509430e+01 -2.748915e+01
     vertex  8.718560e+01 -6.509430e+01 -2.748915e+01
   endloop
 endfacet
 facet normal  7.4693204356e-17 -9.8018184110e-01 -1.9809986972e-01
   outer loop
     vertex  8.718560e+01 -6.509430e+01 -2.748915e+01
     vertex  9.638720e+01 -6.509430e+01 -2.748915e+01
     vertex  9.638720e+01 -7.065000e+01 0.000000e+00
   endloop
 endfacet
 facet normal  -0.0000000000e+00 -9.8018184110e-01 -1.9809986972e-01
   outer loop
     vertex  8.718560e+01 -6.509430e+01 -2.748915e+01
     vertex  9.638720e+01 -7.065000e+01 0.000000e+00
     vertex  8.718560e+01 -7.065000e+01 0.000000e+00
   endloop
 endfacet
 facet normal  0.0000000000e+00 -9.8018184110e-01 1.9809986972e-01
   outer loop
     vertex  8.718560e+01 -7.065000e+01 0.000000e+00
     vertex  9.638720e+01 -7.065000e+01 0.000000e+00
     vertex  8.718560e+01 -6.509430e+01 2.748915e+01
   endloop
 endfacet
 facet normal  7.4693204356e-17 -9.8018184110e-01 1.9809986972e-01
   outer loop
     vertex  9.638720e+01 -7.065000e+01 0.000000e+00
     vertex  9.638720e+01 -6.509430e+01 2.748915e+01
     vertex  8.718560e+01 -6.509430e+01 2.748915e+01
   endloop
 endfacet
 facet normal  2.1083109012e-16 -8.2905832649e-01 5.5916213326e-01
   outer loop
     vertex  8.718560e+01 -6.509430e+01 2.748915e+01
     vertex  9.638720e+01 -6.509430e+01 2.748915e+01
     vertex  8.718560e+01 -4.994730e+01 4.994730e+01
   endloop
 endfacet
 facet normal  0.0000000000e+00 -8.2905832649e-01 5.5916213326e-01
   outer loop
     vertex  9.638720e+01 -6.509430e+01 2.748915e+01
     vertex  9.638720e+01 -4.994730e+01 4.994730e+01
     vertex  8.718560e+01 -4.994730e+01 4.994730e+01
   endloop
 endfacet
 facet normal  0.0000000000e+00 -5.5916213326e-01 8.2905832649e-01
   outer loop
     vertex  8.718560e+01 -4.994730e+01 4.994730e+01
     vertex  9.638720e+01 -4.994730e+01 4.994730e+01
     vertex  8.718560e+01 -2.748915e+01 6.509430e+01
   endloop
 endfacet
 facet normal  0.0000000000e+00 -5.5916213326e-01 8.2905832649e-01
   outer loop
     vertex  9.638720e+01 -4.994730e+01 4.994730e+01
     vertex  9.638720e+01 -2.748915e+01 6.509430e+01
     vertex  8.718560e+01 -2.748915e+01 6.509430e+01
   endloop
 endfacet
 facet normal  0.0000000000e+00 -1.9809986972e-01 9.8018184110e-01
   outer loop
     vertex  8.718560e+01 -2.748915e+01 6.509430e+01
     vertex  9.638720e+01 -2.748915e+01 6.509430e+01
     vertex  8.718560e+01 0.000000e+00 7.065000e+01
   endloop
 endfacet
 facet normal  0.0000000000e+00 -1.9809986972e-01 9.8018184110e-01
   outer loop
     vertex  9.638720e+01 -2.748915e+01 6.509430e+01
     vertex  9.638720e+01 0.000000e+00 7.065000e+01
     vertex  8.718560e+01 0.000000e+00 7.065000e+01
   endloop
 endfacet
 facet normal  0.0000000000e+00 1.9809986972e-01 9.8018184110e-01
   outer loop
     vertex  8.718560e+01 0.000000e+00 7.065000e+01
     vertex  9.638720e+01 0.000000e+00 7.065000e+01
     vertex  9.638720e+01 2.748915e+01 6.509430e+01
   endloop
 endfacet
 facet normal  7.4693204356e-17 1.9809986972e-01 9.8018184110e-01
   outer loop
     vertex  8.718560e+01 0.000000e+00 7.065000e+01
     vertex  9.638720e+01 2.748915e+01 6.509430e+01
     vertex  8.718560e+01 2.748915e+01 6.509430e+01
   endloop
 endfacet
 facet normal  2.1083109012e-16 5.5916213326e-01 8.2905832649e-01
   outer loop
     vertex  8.718560e+01 2.748915e+01 6.509430e+01
     vertex  9.638720e+01 2.748915e+01 6.509430e+01
     vertex  9.638720e+01 4.994730e+01 4.994730e+01
   endloop
 endfacet
 facet normal  0.0000000000e+00 5.5916213326e-01 8.2905832649e-01
   outer loop
     vertex  8.718560e+01 2.748915e+01 6.509430e+01
     vertex  9.638720e+01 4.994730e+01 4.994730e+01
     vertex  8.718560e+01 4.994730e+01 4.994730e+01
   endloop
 endfacet
 facet normal  0.0000000000e+00 8.2905832649e-01 5.5916213326e-01
   outer loop
     vertex  8.718560e+01 4.994730e+01 4.994730e+01
     vertex  9.638720e+01 4.994730e+01 4.994730e+01
     vertex  9.638720e+01 6.509430e+01 2.748915e+01
   endloop
 endfacet
 facet normal  2.1083109012e-16 8.2905832649e-01 5.5916213326e-01
   outer loop
     vertex  8.718560e+01 4.994730e+01 4.994730e+01
     vertex  9.638720e+01 6.509430e+01 2.748915e+01
     vertex  8.718560e+01 6.509430e+01 2.748915e+01
   endloop
 endfacet
 facet normal  7.4693204356e-17 9.8018184110e-01 1.9809986972e-01
   outer loop
     vertex  8.718560e+01 6.509430e+01 2.748915e+01
     vertex  9.638720e+01 6.509430e+01 2.748915e+01
     vertex  9.638720e+01 7.065000e+01 0.000000e+00
   endloop
 endfacet
 facet normal  0.0000000000e+00 9.8018184110e-01 1.9809986972e-01
   outer loop
     vertex  8.718560e+01 6.509430e+01 2.748915e+01
     vertex  9.638720e+01 7.065000e+01 0.000000e+00
     vertex  8.718560e+01 7.065000e+01 0.000000e+00
   endloop
 endfacet
 facet normal  0.0000000000e+00 9.8018184110e-01 -1.9809986972e-01
   outer loop
     vertex  9.638720e+01 7.065000e+01 0.000000e+00
     vertex  1.000000e+02 7.065000e+01 0.000000e+00
     vertex  9.638720e+01 6.509430e+01 -2.748915e+01
   endloop
 endfacet
 facet normal  -1.9023942349e-16 9.8018184110e-01 -1.9809986972e-01
   outer loop
     vertex  1.000000e+02 7.065000e+01 0.000000e+00
     vertex  1.000000e+02 6.509430e+01 -2.748915e+01
     vertex  9.638720e+01 6.509430e+01 -2.748915e+01
   endloop
 endfacet
 facet normal  -5.3697502183e-16 8.2905832649e-01 -5.5916213326e-01
   outer loop
     vertex  9.638720e+01 6.509430e+01 -2.748915e+01
     vertex  1.000000e+02 6.509430e+01 -2.748915e+01
     vertex  9.638720e+01 4.994730e+01 -4.994730e+01
   endloop
 endfacet
 facet normal  -2.6662739386e-15 8.2905832649e-01 -5.5916213326e-01
   outer loop
     vertex  1.000000e+02 6.509430e+01 -2.748915e+01
     vertex  1.000000e+02 4.994730e+01 -4.994730e+01
     vertex  9.638720e+01 4.994730e+01 -4.994730e+01
   endloop
 endfacet
 facet normal  -2.6662739386e-15 5.5916213326e-01 -8.2905832649e-01
   outer loop
     vertex  9.638720e+01 4.994730e+01 -4.994730e+01
     vertex  1.000000e+02 4.994730e+01 -4.994730e+01
     vertex  9.638720e+01 2.748915e+01 -6.509430e+01
   endloop
 endfacet
 facet normal  -5.3697502183e-16 5.5916213326e-01 -8.2905832649e-01
   outer loop
     vertex  1.000000e+02 4.994730e+01 -4.994730e+01
     vertex  1.000000e+02 2.748915e+01 -6.509430e+01
     vertex  9.638720e+01 2.748915e+01 -6.509430e+01
   endloop
 endfacet
 facet normal  -1.9023942349e-16 1.9809986972e-01 -9.8018184110e-01
   outer loop
     vertex  9.638720e+01 2.748915e+01 -6.509430e+01
     vertex  1.000000e+02 2.748915e+01 -6.509430e+01
     vertex  9.638720e+01 0.000000e+00 -7.065000e+01
   endloop
 endfacet
 facet normal  0.0000000000e+00 1.9809986972e-01 -9.8018184110e-01
   outer loop
     vertex  1.000000e+02 2.748915e+01 -6.509430e+01
     vertex  1.000000e+02 0.000000e+00 -7.065000e+01
     vertex  9.638720e+01 0.000000e+00 -7.065000e+01
   endloop
 endfacet
 facet normal  -0.0000000000e+00 -1.9809986972e-01 -9.8018184110e-01
   outer loop
     vertex  9.638720e+01 0.000000e+00 -7.065000e+01
     vertex  1.000000e+02 0.000000e+00 -7.065000e+01
     vertex  1.000000e+02 -2.748915e+01 -6.509430e+01
   endloop
 endfacet
 facet normal  -0.0000000000e+00 -1.9809986972e-01 -9.8018184110e-01
   outer loop
     vertex  9.638720e+01 0.000000e+00 -7.065000e+01
     vertex  1.000000e+02 -2.748915e+01 -6.509430e+01
     vertex  9.638720e+01 -2.748915e+01 -6.509430e+01
   endloop
 endfacet
 facet normal  -0.0000000000e+00 -5.5916213326e-01 -8.2905832649e-01
   outer loop
     vertex  9.638720e+01 -2.748915e+01 -6.509430e+01
     vertex  1.000000e+02 -2.748915e+01 -6.509430e+01
     vertex  1.000000e+02 -4.994730e+01 -4.994730e+01
   endloop
 endfacet
 facet normal  -1.5923238950e-15 -5.5916213326e-01 -8.2905832649e-01
   outer loop
     vertex  9.638720e+01 -2.748915e+01 -6.509430e+01
     vertex  1.000000e+02 -4.994730e+01 -4.994730e+01
     vertex  9.638720e+01 -4.994730e+01 -4.994730e+01
   endloop
 endfacet
 facet normal  -1.0739500437e-15 -8.2905832649e-01 -5.5916213326e-01
   outer loop
     vertex  9.638720e+01 -4.994730e+01 -4.994730e+01
     vertex  1.000000e+02 -4.994730e+01 -4.994730e+01
     vertex  1.000000e+02 -6.509430e+01 -2.748915e+01
   endloop
 endfacet
 facet normal  -5.3697502183e-16 -8.2905832649e-01 -5.5916213326e-01
   outer loop
     vertex  9.638720e+01 -4.994730e+01 -4.994730e+01
     vertex  1.000000e+02 -6.509430e+01 -2.748915e+01
     vertex  9.638720e+01 -6.509430e+01 -2.748915e+01
   endloop
 endfacet
 facet normal  -1.9023942349e-16 -9.8018184110e-01 -1.9809986972e-01
   outer loop
     vertex  9.638720e+01 -6.509430e+01 -2.748915e+01
     vertex  1.000000e+02 -6.509430e+01 -2.748915e+01
     vertex  1.000000e+02 -7.065000e+01 0.000000e+00
   endloop
 endfacet
 facet normal  -0.0000000000e+00 -9.8018184110e-01 -1.9809986972e-01
   outer loop
     vertex  9.638720e+01 -6.509430e+01 -2.748915e+01
     vertex  1.000000e+02 -7.065000e+01 0.000000e+00
     vertex  9.638720e+01 -7.065000e+01 0.000000e+00
   endloop
 endfacet
 facet normal  0.0000000000e+00 -9.8018184110e-01 1.9809986972e-01
   outer loop
     vertex  9.638720e+01 -7.065000e+01 0.000000e+00
     vertex  1.000000e+02 -7.065000e+01 0.000000e+00
     vertex  9.638720e+01 -6.509430e+01 2.748915e+01
   endloop
 endfacet
 facet normal  -1.9023942349e-16 -9.8018184110e-01 1.9809986972e-01
   outer loop
     vertex  1.000000e+02 -7.065000e+01 0.000000e+00
     vertex  1.000000e+02 -6.509430e+01 2.748915e+01
     vertex  9.638720e+01 -6.509430e+01 2.748915e+01
   endloop
 endfacet
 facet normal  -5.3697502183e-16 -8.2905832649e-01 5.5916213326e-01
   outer loop
     vertex  9.638720e+01 -6.509430e+01 2.748915e+01
     vertex  1.000000e+02 -6.509430e+01 2.748915e+01
     vertex  9.638720e+01 -4.994730e+01 4.994730e+01
   endloop
 endfacet
 facet normal  -1.0739500437e-15 -8.2905832649e-01 5.5916213326e-01
   outer loop
     vertex  1.000000e+02 -6.509430e+01 2.748915e+01
     vertex  1.000000e+02 -4.994730e+01 4.994730e+01
     vertex  9.638720e+01 -4.994730e+01 4.994730e+01
   endloop
 endfacet
 facet normal  -1.5923238950e-15 -5.5916213326e-01 8.2905832649e-01
   outer loop
     vertex  9.638720e+01 -4.994730e+01 4.994730e+01
     vertex  1.000000e+02 -4.994730e+01 4.994730e+01
     vertex  9.638720e+01 -2.748915e+01 6.509430e+01
   endloop
 endfacet
 facet normal  0.0000000000e+00 -5.5916213326e-01 8.2905832649e-01
   outer loop
     vertex  1.000000e+02 -4.994730e+01 4.994730e+01
     vertex  1.000000e+02 -2.748915e+01 6.509430e+01
     vertex  9.638720e+01 -2.748915e+01 6.509430e+01
   endloop
 endfacet
 facet normal  0.0000000000e+00 -1.9809986972e-01 9.8018184110e-01
   outer loop
     vertex  9.638720e+01 -2.748915e+01 6.509430e+01
     vertex  1.000000e+02 -2.748915e+01 6.509430e+01
     vertex  9.638720e+01 0.000000e+00 7.065000e+01
   endloop
 endfacet
 facet normal  0.0000000000e+00 -1.9809986972e-01 9.8018184110e-01
   outer loop
     vertex  1.000000e+02 -2.748915e+01 6.509430e+01
     vertex  1.000000e+02 0.000000e+00 7.065000e+01
     vertex  9.638720e+01 0.000000e+00 7.065000e+01
   endloop
 endfacet
 facet normal  0.0000000000e+00 1.9809986972e-01 9.8018184110e-01
   outer loop
     vertex  9.638720e+01 0.000000e+00 7.065000e+01
     vertex  1.000000e+02 0.000000e+00 7.065000e+01
     vertex  1.000000e+02 2.748915e+01 6.509430e+01
   endloop
 endfacet
 facet normal  -1.9023942349e-16 1.9809986972e-01 9.8018184110e-01
   outer loop
     vertex  9.638720e+01 0.000000e+00 7.065000e+01
     vertex  1.000000e+02 2.748915e+01 6.509430e+01
     vertex  9.638720e+01 2.748915e+01 6.509430e+01
   endloop
 endfacet
 facet normal  -5.3697502183e-16 5.5916213326e-01 8.2905832649e-01
   outer loop
     vertex  9.638720e+01 2.748915e+01 6.509430e+01
     vertex  1.000000e+02 2.748915e+01 6.509430e+01
     vertex  1.000000e+02 4.994730e+01 4.994730e+01
   endloop
 endfacet
 facet normal  -2.6662739386e-15 5.5916213326e-01 8.2905832649e-01
   outer loop
     vertex  9.638720e+01 2.748915e+01 6.509430e+01
     vertex  1.000000e+02 4.994730e+01 4.994730e+01
     vertex  9.638720e+01 4.994730e+01 4.994730e+01
   endloop
 endfacet
 facet normal  -2.6662739386e-15 8.2905832649e-01 5.5916213326e-01
   outer loop
     vertex  9.638720e+01 4.994730e+01 4.994730e+01
     vertex  1.000000e+02 4.994730e+01 4.994730e+01
     vertex  1.000000e+02 6.509430e+01 2.748915e+01
   endloop
 endfacet
 facet normal  -5.3697502183e-16 8.2905832649e-01 5.5916213326e-01
   outer loop
     vertex  9.638720e+01 4.994730e+01 4.994730e+01
     vertex  1.000000e+02 6.509430e+01 2.748915e+01
     vertex  9.638720e+01 6.509430e+01 2.748915e+01
   endloop
 endfacet
 facet normal  -1.9023942349e-16 9.8018184110e-01 1.9809986972e-01
   outer loop
     vertex  9.638720e+01 6.509430e+01 2.748915e+01
     vertex  1.000000e+02 6.509430e+01 2.748915e+01
     vertex  1.000000e+02 7.065000e+01 0.000000e+00
   endloop
 endfacet
 facet normal  0.0000000000e+00 9.8018184110e-01 1.9809986972e-01
   outer loop
     vertex  9.638720e+01 6.509430e+01 2.748915e+01
     vertex  1.000000e+02 7.065000e+01 0.000000e+00
     vertex  9.638720e+01 7.065000e+01 0.000000e+00
   endloop
 endfacet
 facet normal  0.0000000000e+00 9.8018184110e-01 -1.9809986972e-01
   outer loop
     vertex  1.000000e+02 7.065000e+01 0.000000e+00
     vertex  1.000147e+02 7.065000e+01 0.000000e+00
     vertex  1.000000e+02 6.509430e+01 -2.748915e+01
   endloop
 endfacet
 facet normal  0.0000000000e+00 9.8018184110e-01 -1.9809986972e-01
   outer loop
     vertex  1.000147e+02 7.065000e+01 0.000000e+00
     vertex  1.000147e+02 6.509430e+01 -2.748915e+01
     vertex  1.000000e+02 6.509430e+01 -2.748915e+01
   endloop
 endfacet
 facet normal  0.0000000000e+00 8.2905832649e-01 -5.5916213326e-01
   outer loop
     vertex  1.000000e+02 6.509430e+01 -2.748915e+01
     vertex  1.000147e+02 6.509430e+01 -2.748915e+01
     vertex  1.000000e+02 4.994730e+01 -4.994730e+01
   endloop
 endfacet
 facet normal  0.0000000000e+00 8.2905832649e-01 -5.5916213326e-01
   outer loop
     vertex  1.000147e+02 6.509430e+01 -2.748915e+01
     vertex  1.000147e+02 4.994730e+01 -4.994730e+01
     vertex  1.000000e+02 4.994730e+01 -4.994730e+01
   endloop
 endfacet
 facet normal  0.0000000000e+00 5.5916213326e-01 -8.2905832649e-01
   outer loop
     vertex  1.000000e+02 4.994730e+01 -4.994730e+01
     vertex  1.000147e+02 4.994730e+01 -4.994730e+01
     vertex  1.000000e+02 2.748915e+01 -6.509430e+01
   endloop
 endfacet
 facet normal  0.0000000000e+00 5.5916213326e-01 -8.2905832649e-01
   outer loop
     vertex  1.000147e+02 4.994730e+01 -4.994730e+01
     vertex  1.000147e+02 2.748915e+01 -6.509430e+01
     vertex  1.000000e+02 2.748915e+01 -6.509430e+01
   endloop
 endfacet
 facet normal  0.0000000000e+00 1.9809986972e-01 -9.8018184110e-01
   outer loop
     vertex  1.000000e+02 2.748915e+01 -6.509430e+01
     vertex  1.000147e+02 2.748915e+01 -6.509430e+01
     vertex  1.000000e+02 0.000000e+00 -7.065000e+01
   endloop
 endfacet
 facet normal  0.0000000000e+00 1.9809986972e-01 -9.8018184110e-01
   outer loop
     vertex  1.000147e+02 2.748915e+01 -6.509430e+01
     vertex  1.000147e+02 0.000000e+00 -7.065000e+01
     vertex  1.000000e+02 0.000000e+00 -7.065000e+01
   endloop
 endfacet
 facet normal  -0.0000000000e+00 -1.9809986972e-01 -9.8018184110e-01
   outer loop
     vertex  1.000000e+02 0.000000e+00 -7.065000e+01
     vertex  1.000147e+02 0.000000e+00 -7.065000e+01
     vertex  1.000147e+02 -2.748915e+01 -6.509430e+01
   endloop
 endfacet
 facet normal  -0.0000000000e+00 -1.9809986972e-01 -9.8018184110e-01
   outer loop
     vertex  1.000000e+02 0.000000e+00 -7.065000e+01
     vertex  1.000147e+02 -2.748915e+01 -6.509430e+01
     vertex  1.000000e+02 -2.748915e+01 -6.509430e+01
   endloop
 endfacet
 facet normal  -0.0000000000e+00 -5.5916213326e-01 -8.2905832649e-01
   outer loop
     vertex  1.000000e+02 -2.748915e+01 -6.509430e+01
     vertex  1.000147e+02 -2.748915e+01 -6.509430e+01
     vertex  1.000147e+02 -4.994730e+01 -4.994730e+01
   endloop
 endfacet
 facet normal  -2.6433667228e-13 -5.5916213326e-01 -8.2905832649e-01
   outer loop
     vertex  1.000000e+02 -2.748915e+01 -6.509430e+01
     vertex  1.000147e+02 -4.994730e+01 -4.994730e+01
     vertex  1.000000e+02 -4.994730e+01 -4.994730e+01
   endloop
 endfacet
 facet normal  -3.9192660968e-13 -8.2905832649e-01 -5.5916213326e-01
   outer loop
     vertex  1.000000e+02 -4.994730e+01 -4.994730e+01
     vertex  1.000147e+02 -4.994730e+01 -4.994730e+01
     vertex  1.000147e+02 -6.509430e+01 -2.748915e+01
   endloop
 endfacet
 facet normal  -0.0000000000e+00 -8.2905832649e-01 -5.5916213326e-01
   outer loop
     vertex  1.000000e+02 -4.994730e+01 -4.994730e+01
     vertex  1.000147e+02 -6.509430e+01 -2.748915e+01
     vertex  1.000000e+02 -6.509430e+01 -2.748915e+01
   endloop
 endfacet
 facet normal  -0.0000000000e+00 -9.8018184110e-01 -1.9809986972e-01
   outer loop
     vertex  1.000000e+02 -6.509430e+01 -2.748915e+01
     vertex  1.000147e+02 -6.509430e+01 -2.748915e+01
     vertex  1.000147e+02 -7.065000e+01 0.000000e+00
   endloop
 endfacet
 facet normal  -0.0000000000e+00 -9.8018184110e-01 -1.9809986972e-01
   outer loop
     vertex  1.000000e+02 -6.509430e+01 -2.748915e+01
     vertex  1.000147e+02 -7.065000e+01 0.000000e+00
     vertex  1.000000e+02 -7.065000e+01 0.000000e+00
   endloop
 endfacet
 facet normal  0.0000000000e+00 -9.8018184110e-01 1.9809986972e-01
   outer loop
     vertex  1.000000e+02 -7.065000e+01 0.000000e+00
     vertex  1.000147e+02 -7.065000e+01 0.000000e+00
     vertex  1.000000e+02 -6.509430e+01 2.748915e+01
   endloop
 endfacet
 facet normal  0.0000000000e+00 -9.8018184110e-01 1.9809986972e-01
   outer loop
     vertex  1.000147e+02 -7.065000e+01 0.000000e+00
     vertex  1.000147e+02 -6.509430e+01 2.748915e+01
     vertex  1.000000e+02 -6.509430e+01 2.748915e+01
   endloop
 endfacet
 facet normal  0.0000000000e+00 -8.2905832649e-01 5.5916213326e-01
   outer loop
     vertex  1.000000e+02 -6.509430e+01 2.748915e+01
     vertex  1.000147e+02 -6.509430e+01 2.748915e+01
     vertex  1.000000e+02 -4.994730e+01 4.994730e+01
   endloop
 endfacet
 facet normal  -3.9192660968e-13 -8.2905832649e-01 5.5916213326e-01
   outer loop
     vertex  1.000147e+02 -6.509430e+01 2.748915e+01
     vertex  1.000147e+02 -4.994730e+01 4.994730e+01
     vertex  1.000000e+02 -4.994730e+01 4.994730e+01
   endloop
 endfacet
 facet normal  -2.6433667228e-13 -5.5916213326e-01 8.2905832649e-01
   outer loop
     vertex  1.000000e+02 -4.994730e+01 4.994730e+01
     vertex  1.000147e+02 -4.994730e+01 4.994730e+01
     vertex  1.000000e+02 -2.748915e+01 6.509430e+01
   endloop
 endfacet
 facet normal  0.0000000000e+00 -5.5916213326e-01 8.2905832649e-01
   outer loop
     vertex  1.000147e+02 -4.994730e+01 4.994730e+01
     vertex  1.000147e+02 -2.748915e+01 6.509430e+01
     vertex  1.000000e+02 -2.748915e+01 6.509430e+01
   endloop
 endfacet
 facet normal  0.0000000000e+00 -1.9809986972e-01 9.8018184110e-01
   outer loop
     vertex  1.000000e+02 -2.748915e+01 6.509430e+01
     vertex  1.000147e+02 -2.748915e+01 6.509430e+01
     vertex  1.000000e+02 0.000000e+00 7.065000e+01
   endloop
 endfacet
 facet normal  0.0000000000e+00 -1.9809986972e-01 9.8018184110e-01
   outer loop
     vertex  1.000147e+02 -2.748915e+01 6.509430e+01
     vertex  1.000147e+02 0.000000e+00 7.065000e+01
     vertex  1.000000e+02 0.000000e+00 7.065000e+01
   endloop
 endfacet
 facet normal  0.0000000000e+00 1.9809986972e-01 9.8018184110e-01
   outer loop
     vertex  1.000000e+02 0.000000e+00 7.065000e+01
     vertex  1.000147e+02 0.000000e+00 7.065000e+01
     vertex  1.000147e+02 2.748915e+01 6.509430e+01
   endloop
 endfacet
 facet normal  0.0000000000e+00 1.9809986972e-01 9.8018184110e-01
   outer loop
     vertex  1.000000e+02 0.000000e+00 7.065000e+01
     vertex  1.000147e+02 2.748915e+01 6.509430e+01
     vertex  1.000000e+02 2.748915e+01 6.509430e+01
   endloop
 endfacet
 facet normal  0.0000000000e+00 5.5916213326e-01 8.2905832649e-01
   outer loop
     vertex  1.000000e+02 2.748915e+01 6.509430e+01
     vertex  1.000147e+02 2.748915e+01 6.509430e+01
     vertex  1.000147e+02 4.994730e+01 4.994730e+01
   endloop
 endfacet
 facet normal  0.0000000000e+00 5.5916213326e-01 8.2905832649e-01
   outer loop
     vertex  1.000000e+02 2.748915e+01 6.509430e+01
     vertex  1.000147e+02 4.994730e+01 4.994730e+01
     vertex  1.000000e+02 4.994730e+01 4.994730e+01
   endloop
 endfacet
 facet normal  0.0000000000e+00 8.2905832649e-01 5.5916213326e-01
   outer loop
     vertex  1.000000e+02 4.994730e+01 4.994730e+01
     vertex  1.000147e+02 4.994730e+01 4.994730e+01
     vertex  1.000147e+02 6.509430e+01 2.748915e+01
   endloop
 endfacet
 facet normal  0.0000000000e+00 8.2905832649e-01 5.5916213326e-01
   outer loop
     vertex  1.000000e+02 4.994730e+01 4.994730e+01
     vertex  1.000147e+02 6.509430e+01 2.748915e+01
     vertex  1.000000e+02 6.509430e+01 2.748915e+01
   endloop
 endfacet
 facet normal  0.0000000000e+00 9.8018184110e-01 1.9809986972e-01
   outer loop
     vertex  1.000000e+02 6.509430e+01 2.748915e+01
     vertex  1.000147e+02 6.509430e+01 2.748915e+01
     vertex  1.000147e+02 7.065000e+01 0.000000e+00
   endloop
 endfacet
 facet normal  0.0000000000e+00 9.8018184110e-01 1.9809986972e-01
   outer loop
     vertex  1.000000e+02 6.509430e+01 2.748915e+01
     vertex  1.000147e+02 7.065000e+01 0.000000e+00
     vertex  1.000000e+02 7.065000e+01 0.000000e+00
   endloop
 endfacet
 facet normal  0.0000000000e+00 9.8018184110e-01 -1.9809986972e-01
   outer loop
     vertex  1.000147e+02 7.065000e+01 0.000000e+00
     vertex  1.000220e+02 7.065000e+01 0.000000e+00
     vertex  1.000147e+02 6.509430e+01 -2.748915e+01
   endloop
 endfacet
 facet normal  9.4029515410e-14 9.8018184110e-01 -1.9809986972e-01
   outer loop
     vertex  1.000220e+02 7.065000e+01 0.000000e+00
     vertex  1.000220e+02 6.509430e+01 -2.748915e+01
     vertex  1.000147e+02 6.509430e+01 -2.748915e+01
   endloop
 endfacet
 facet normal  2.6541029279e-13 8.2905832649e-01 -5.5916213326e-01
   outer loop
     vertex  1.000147e+02 6.509430e+01 -2.748915e+01
     vertex  1.000220e+02 6.509430e+01 -2.748915e+01
     vertex  1.000147e+02 4.994730e+01 -4.994730e+01
   endloop
 endfacet
 facet normal  1.3178574756e-12 8.2905832649e-01 -5.5916213326e-01
   outer loop
     vertex  1.000220e+02 6.509430e+01 -2.748915e+01
     vertex  1.000220e+02 4.994730e+01 -4.994730e+01
     vertex  1.000147e+02 4.994730e+01 -4.994730e+01
   endloop
 endfacet
 facet normal  1.3178574756e-12 5.5916213326e-01 -8.2905832649e-01
   outer loop
     vertex  1.000147e+02 4.994730e+01 -4.994730e+01
     vertex  1.000220e+02 4.994730e+01 -4.994730e+01
     vertex  1.000147e+02 2.748915e+01 -6.509430e+01
   endloop
 endfacet
 facet normal  2.6541029279e-13 5.5916213326e-01 -8.2905832649e-01
   outer loop
     vertex  1.000220e+02 4.994730e+01 -4.994730e+01
     vertex  1.000220e+02 2.748915e+01 -6.509430e+01
     vertex  1.000147e+02 2.748915e+01 -6.509430e+01
   endloop
 endfacet
 facet normal  9.4029515410e-14 1.9809986972e-01 -9.8018184110e-01
   outer loop
     vertex  1.000147e+02 2.748915e+01 -6.509430e+01
     vertex  1.000220e+02 2.748915e+01 -6.509430e+01
     vertex  1.000147e+02 0.000000e+00 -7.065000e+01
   endloop
 endfacet
 facet normal  0.0000000000e+00 1.9809986972e-01 -9.8018184110e-01
   outer loop
     vertex  1.000220e+02 2.748915e+01 -6.509430e+01
     vertex  1.000220e+02 0.000000e+00 -7.065000e+01
     vertex  1.000147e+02 0.000000e+00 -7.065000e+01
   endloop
 endfacet
 facet normal  -0.0000000000e+00 -1.9809986972e-01 -9.8018184110e-01
   outer loop
     vertex  1.000147e+02 0.000000e+00 -7.065000e+01
     vertex  1.000220e+02 0.000000e+00 -7.065000e+01
     vertex  1.000220e+02 -2.748915e+01 -6.509430e+01
   endloop
 endfacet
 facet normal  -0.0000000000e+00 -1.9809986972e-01 -9.8018184110e-01
   outer loop
     vertex  1.000147e+02 0.000000e+00 -7.065000e+01
     vertex  1.000220e+02 -2.748915e+01 -6.509430e+01
     vertex  1.000147e+02 -2.748915e+01 -6.509430e+01
   endloop
 endfacet
 facet normal  -0.0000000000e+00 -5.5916213326e-01 -8.2905832649e-01
   outer loop
     vertex  1.000147e+02 -2.748915e+01 -6.509430e+01
     vertex  1.000220e+02 -2.748915e+01 -6.509430e+01
     vertex  1.000220e+02 -4.994730e+01 -4.994730e+01
   endloop
 endfacet
 facet normal  1.3178574756e-12 -5.5916213326e-01 -8.2905832649e-01
   outer loop
     vertex  1.000147e+02 -2.748915e+01 -6.509430e+01
     vertex  1.000220e+02 -4.994730e+01 -4.994730e+01
     vertex  1.000147e+02 -4.994730e+01 -4.994730e+01
   endloop
 endfacet
 facet normal  1.3178574756e-12 -8.2905832649e-01 -5.5916213326e-01
   outer loop
     vertex  1.000147e+02 -4.994730e+01 -4.994730e+01
     vertex  1.000220e+02 -4.994730e+01 -4.994730e+01
     vertex  1.000220e+02 -6.509430e+01 -2.748915e+01
   endloop
 endfacet
 facet normal  2.6541029279e-13 -8.2905832649e-01 -5.5916213326e-01
   outer loop
     vertex  1.000147e+02 -4.994730e+01 -4.994730e+01
     vertex  1.000220e+02 -6.509430e+01 -2.748915e+01
     vertex  1.000147e+02 -6.509430e+01 -2.748915e+01
   endloop
 endfacet
 facet normal  9.4029515410e-14 -9.8018184110e-01 -1.9809986972e-01
   outer loop
     vertex  1.000147e+02 -6.509430e+01 -2.748915e+01
     vertex  1.000220e+02 -6.509430e+01 -2.748915e+01
     vertex  1.000220e+02 -7.065000e+01 0.000000e+00
   endloop
 endfacet
 facet normal  -0.0000000000e+00 -9.8018184110e-01 -1.9809986972e-01
   outer loop
     vertex  1.000147e+02 -6.509430e+01 -2.748915e+01
     vertex  1.000220e+02 -7.065000e+01 0.000000e+00
     vertex  1.000147e+02 -7.065000e+01 0.000000e+00
   endloop
 endfacet
 facet normal  0.0000000000e+00 -9.8018184110e-01 1.9809986972e-01
   outer loop
     vertex  1.000147e+02 -7.065000e+01 0.000000e+00
     vertex  1.000220e+02 -7.065000e+01 0.000000e+00
     vertex  1.000147e+02 -6.509430e+01 2.748915e+01
   endloop
 endfacet
 facet normal  9.4029515410e-14 -9.8018184110e-01 1.9809986972e-01
   outer loop
     vertex  1.000220e+02 -7.065000e+01 0.000000e+00
     vertex  1.000220e+02 -6.509430e+01 2.748915e+01
     vertex  1.000147e+02 -6.509430e+01 2.748915e+01
   endloop
 endfacet
 facet normal  2.6541029279e-13 -8.2905832649e-01 5.5916213326e-01
   outer loop
     vertex  1.000147e+02 -6.509430e+01 2.748915e+01
     vertex  1.000220e+02 -6.509430e+01 2.748915e+01
     vertex  1.000147e+02 -4.994730e+01 4.994730e+01
   endloop
 endfacet
 facet normal  1.3178574756e-12 -8.2905832649e-01 5.5916213326e-01
   outer loop
     vertex  1.000220e+02 -6.509430e+01 2.748915e+01
     vertex  1.000220e+02 -4.994730e+01 4.994730e+01
     vertex  1.000147e+02 -4.994730e+01 4.994730e+01
   endloop
 endfacet
 facet normal  1.3178574756e-12 -5.5916213326e-01 8.2905832649e-01
   outer loop
     vertex  1.000147e+02 -4.994730e+01 4.994730e+01
     vertex  1.000220e+02 -4.994730e+01 4.994730e+01
     vertex  1.000147e+02 -2.748915e+01 6.509430e+01
   endloop
 endfacet
 facet normal  0.0000000000e+00 -5.5916213326e-01 8.2905832649e-01
   outer loop
     vertex  1.000220e+02 -4.994730e+01 4.994730e+01
     vertex  1.000220e+02 -2.748915e+01 6.509430e+01
     vertex  1.000147e+02 -2.748915e+01 6.509430e+01
   endloop
 endfacet
 facet normal  0.0000000000e+00 -1.9809986972e-01 9.8018184110e-01
   outer loop
     vertex  1.000147e+02 -2.748915e+01 6.509430e+01
     vertex  1.000220e+02 -2.748915e+01 6.509430e+01
     vertex  1.000147e+02 0.000000e+00 7.065000e+01
   endloop
 endfacet
 facet normal  0.0000000000e+00 -1.9809986972e-01 9.8018184110e-01
   outer loop
     vertex  1.000220e+02 -2.748915e+01 6.509430e+01
     vertex  1.000220e+02 0.000000e+00 7.065000e+01
     vertex  1.000147e+02 0.000000e+00 7.065000e+01
   endloop
 endfacet
 facet normal  0.0000000000e+00 1.9809986972e-01 9.8018184110e-01
   outer loop
     vertex  1.000147e+02 0.000000e+00 7.065000e+01
     vertex  1.000220e+02 0.000000e+00 7.065000e+01
     vertex  1.000220e+02 2.748915e+01 6.509430e+01
   endloop
 endfacet
 facet normal  9.4029515410e-14 1.9809986972e-01 9.8018184110e-01
   outer loop
     vertex  1.000147e+02 0.000000e+00 7.065000e+01
     vertex  1.000220e+02 2.748915e+01 6.509430e+01
     vertex  1.000147e+02 2.748915e+01 6.509430e+01
   endloop
 endfacet
 facet normal  2.6541029279e-13 5.5916213326e-01 8.2905832649e-01
   outer loop
     vertex  1.000147e+02 2.748915e+01 6.509430e+01
     vertex  1.000220e+02 2.748915e+01 6.509430e+01
     vertex  1.000220e+02 4.994730e+01 4.994730e+01
   endloop
 endfacet
 facet normal  1.3178574756e-12 5.5916213326e-01 8.2905832649e-01
   outer loop
     vertex  1.000147e+02 2.748915e+01 6.509430e+01
     vertex  1.000220e+02 4.994730e+01 4.994730e+01
     vertex  1.000147e+02 4.994730e+01 4.994730e+01
   endloop
 endfacet
 facet normal  1.3178574756e-12 8.2905832649e-01 5.5916213326e-01
   outer loop
     vertex  1.000147e+02 4.994730e+01 4.994730e+01
     vertex  1.000220e+02 4.994730e+01 4.994730e+01
     vertex  1.000220e+02 6.509430e+01 2.748915e+01
   endloop
 endfacet
 facet normal  2.6541029279e-13 8.2905832649e-01 5.5916213326e-01
   outer loop
     vertex  1.000147e+02 4.994730e+01 4.994730e+01
     vertex  1.000220e+02 6.509430e+01 2.748915e+01
     vertex  1.000147e+02 6.509430e+01 2.748915e+01
   endloop
 endfacet
 facet normal  9.4029515410e-14 9.8018184110e-01 1.9809986972e-01
   outer loop
     vertex  1.000147e+02 6.509430e+01 2.748915e+01
     vertex  1.000220e+02 6.509430e+01 2.748915e+01
     vertex  1.000220e+02 7.065000e+01 0.000000e+00
   endloop
 endfacet
 facet normal  0.0000000000e+00 9.8018184110e-01 1.9809986972e-01
   outer loop
     vertex  1.000147e+02 6.509430e+01 2.748915e+01
     vertex  1.000220e+02 7.065000e+01 0.000000e+00
     vertex  1.000147e+02 7.065000e+01 0.000000e+00
   endloop
 endfacet
 facet normal  0.0000000000e+00 9.8018184110e-01 -1.9809986972e-01
   outer loop
     vertex  1.000220e+02 7.065000e+01 0.000000e+00
     vertex  1.000268e+02 7.065000e+01 0.000000e+00
     vertex  1.000220e+02 6.509430e+01 -2.748915e+01
   endloop
 endfacet
 facet normal  -1.4161946976e-13 9.8018184110e-01 -1.9809986972e-01
   outer loop
     vertex  1.000268e+02 7.065000e+01 0.000000e+00
     vertex  1.000268e+02 6.509430e+01 -2.748915e+01
     vertex  1.000220e+02 6.509430e+01 -2.748915e+01
   endloop
 endfacet
 facet normal  -3.9973900505e-13 8.2905832649e-01 -5.5916213326e-01
   outer loop
     vertex  1.000220e+02 6.509430e+01 -2.748915e+01
     vertex  1.000268e+02 6.509430e+01 -2.748915e+01
     vertex  1.000220e+02 4.994730e+01 -4.994730e+01
   endloop
 endfacet
 facet normal  0.0000000000e+00 8.2905832649e-01 -5.5916213326e-01
   outer loop
     vertex  1.000268e+02 6.509430e+01 -2.748915e+01
     vertex  1.000268e+02 4.994730e+01 -4.994730e+01
     vertex  1.000220e+02 4.994730e+01 -4.994730e+01
   endloop
 endfacet
 facet normal  0.0000000000e+00 5.5916213326e-01 -8.2905832649e-01
   outer loop
     vertex  1.000220e+02 4.994730e+01 -4.994730e+01
     vertex  1.000268e+02 4.994730e+01 -4.994730e+01
     vertex  1.000220e+02 2.748915e+01 -6.509430e+01
   endloop
 endfacet
 facet normal  -3.9973900505e-13 5.5916213326e-01 -8.2905832649e-01
   outer loop
     vertex  1.000268e+02 4.994730e+01 -4.994730e+01
     vertex  1.000268e+02 2.748915e+01 -6.509430e+01
     vertex  1.000220e+02 2.748915e+01 -6.509430e+01
   endloop
 endfacet
 facet normal  -1.4161946976e-13 1.9809986972e-01 -9.8018184110e-01
   outer loop
     vertex  1.000220e+02 2.748915e+01 -6.509430e+01
     vertex  1.000268e+02 2.748915e+01 -6.509430e+01
     vertex  1.000220e+02 0.000000e+00 -7.065000e+01
   endloop
 endfacet
 facet normal  0.0000000000e+00 1.9809986972e-01 -9.8018184110e-01
   outer loop
     vertex  1.000268e+02 2.748915e+01 -6.509430e+01
     vertex  1.000268e+02 0.000000e+00 -7.065000e+01
     vertex  1.000220e+02 0.000000e+00 -7.065000e+01
   endloop
 endfacet
 facet normal  -0.0000000000e+00 -1.9809986972e-01 -9.8018184110e-01
   outer loop
     vertex  1.000220e+02 0.000000e+00 -7.065000e+01
     vertex  1.000268e+02 0.000000e+00 -7.065000e+01
     vertex  1.000268e+02 -2.748915e+01 -6.509430e+01
   endloop
 endfacet
 facet normal  -0.0000000000e+00 -1.9809986972e-01 -9.8018184110e-01
   outer loop
     vertex  1.000220e+02 0.000000e+00 -7.065000e+01
     vertex  1.000268e+02 -2.748915e+01 -6.509430e+01
     vertex  1.000220e+02 -2.748915e+01 -6.509430e+01
   endloop
 endfacet
 facet normal  -0.0000000000e+00 -5.5916213326e-01 -8.2905832649e-01
   outer loop
     vertex  1.000220e+02 -2.748915e+01 -6.509430e+01
     vertex  1.000268e+02 -2.748915e+01 -6.509430e+01
     vertex  1.000268e+02 -4.994730e+01 -4.994730e+01
   endloop
 endfacet
 facet normal  -0.0000000000e+00 -5.5916213326e-01 -8.2905832649e-01
   outer loop
     vertex  1.000220e+02 -2.748915e+01 -6.509430e+01
     vertex  1.000268e+02 -4.994730e+01 -4.994730e+01
     vertex  1.000220e+02 -4.994730e+01 -4.994730e+01
   endloop
 endfacet
 facet normal  -0.0000000000e+00 -8.2905832649e-01 -5.5916213326e-01
   outer loop
     vertex  1.000220e+02 -4.994730e+01 -4.994730e+01
     vertex  1.000268e+02 -4.994730e+01 -4.994730e+01
     vertex  1.000268e+02 -6.509430e+01 -2.748915e+01
   endloop
 endfacet
 facet normal  -3.9973900505e-13 -8.2905832649e-01 -5.5916213326e-01
   outer loop
     vertex  1.000220e+02 -4.994730e+01 -4.994730e+01
     vertex  1.000268e+02 -6.509430e+01 -2.748915e+01
     vertex  1.000220e+02 -6.509430e+01 -2.748915e+01
   endloop
 endfacet
 facet normal  -1.4161946976e-13 -9.8018184110e-01 -1.9809986972e-01
   outer loop
     vertex  1.000220e+02 -6.509430e+01 -2.748915e+01
     vertex  1.000268e+02 -6.509430e+01 -2.748915e+01
     vertex  1.000268e+02 -7.065000e+01 0.000000e+00
   endloop
 endfacet
 facet normal  -0.0000000000e+00 -9.8018184110e-01 -1.9809986972e-01
   outer loop
     vertex  1.000220e+02 -6.509430e+01 -2.748915e+01
     vertex  1.000268e+02 -7.065000e+01 0.000000e+00
     vertex  1.000220e+02 -7.065000e+01 0.000000e+00
   endloop
 endfacet
 facet normal  0.0000000000e+00 -9.8018184110e-01 1.9809986972e-01
   outer loop
     vertex  1.000220e+02 -7.065000e+01 0.000000e+00
     vertex  1.000268e+02 -7.065000e+01 0.000000e+00
     vertex  1.000220e+02 -6.509430e+01 2.748915e+01
   endloop
 endfacet
 facet normal  -1.4161946976e-13 -9.8018184110e-01 1.9809986972e-01
   outer loop
     vertex  1.000268e+02 -7.065000e+01 0.000000e+00
     vertex  1.000268e+02 -6.509430e+01 2.748915e+01
     vertex  1.000220e+02 -6.509430e+01 2.748915e+01
   endloop
 endfacet
 facet normal  -3.9973900505e-13 -8.2905832649e-01 5.5916213326e-01
   outer loop
     vertex  1.000220e+02 -6.509430e+01 2.748915e+01
     vertex  1.000268e+02 -6.509430e+01 2.748915e+01
     vertex  1.000220e+02 -4.994730e+01 4.994730e+01
   endloop
 endfacet
 facet normal  0.0000000000e+00 -8.2905832649e-01 5.5916213326e-01
   outer loop
     vertex  1.000268e+02 -6.509430e+01 2.748915e+01
     vertex  1.000268e+02 -4.994730e+01 4.994730e+01
     vertex  1.000220e+02 -4.994730e+01 4.994730e+01
   endloop
 endfacet
 facet normal  0.0000000000e+00 -5.5916213326e-01 8.2905832649e-01
   outer loop
     vertex  1.000220e+02 -4.994730e+01 4.994730e+01
     vertex  1.000268e+02 -4.994730e+01 4.994730e+01
     vertex  1.000220e+02 -2.748915e+01 6.509430e+01
   endloop
 endfacet
 facet normal  0.0000000000e+00 -5.5916213326e-01 8.2905832649e-01
   outer loop
     vertex  1.000268e+02 -4.994730e+01 4.994730e+01
     vertex  1.000268e+02 -2.748915e+01 6.509430e+01
     vertex  1.000220e+02 -2.748915e+01 6.509430e+01
   endloop
 endfacet
 facet normal  0.0000000000e+00 -1.9809986972e-01 9.8018184110e-01
   outer loop
     vertex  1.000220e+02 -2.748915e+01 6.509430e+01
     vertex  1.000268e+02 -2.748915e+01 6.509430e+01
     vertex  1.000220e+02 0.000000e+00 7.065000e+01
   endloop
 endfacet
 facet normal  0.0000000000e+00 -1.9809986972e-01 9.8018184110e-01
   outer loop
     vertex  1.000268e+02 -2.748915e+01 6.509430e+01
     vertex  1.000268e+02 0.000000e+00 7.065000e+01
     vertex  1.000220e+02 0.000000e+00 7.065000e+01
   endloop
 endfacet
 facet normal  0.0000000000e+00 1.9809986972e-01 9.8018184110e-01
   outer loop
     vertex  1.000220e+02 0.000000e+00 7.065000e+01
     vertex  1.000268e+02 0.000000e+00 7.065000e+01
     vertex  1.000268e+02 2.748915e+01 6.509430e+01
   endloop
 endfacet
 facet normal  -1.4161946976e-13 1.9809986972e-01 9.8018184110e-01
   outer loop
     vertex  1.000220e+02 0.000000e+00 7.065000e+01
     vertex  1.000268e+02 2.748915e+01 6.509430e+01
     vertex  1.000220e+02 2.748915e+01 6.509430e+01
   endloop
 endfacet
 facet normal  -3.9973900505e-13 5.5916213326e-01 8.2905832649e-01
   outer loop
     vertex  1.000220e+02 2.748915e+01 6.509430e+01
     vertex  1.000268e+02 2.748915e+01 6.509430e+01
     vertex  1.000268e+02 4.994730e+01 4.994730e+01
   endloop
 endfacet
 facet normal  0.0000000000e+00 5.5916213326e-01 8.2905832649e-01
   outer loop
     vertex  1.000220e+02 2.748915e+01 6.509430e+01
     vertex  1.000268e+02 4.994730e+01 4.994730e+01
     vertex  1.000220e+02 4.994730e+01 4.994730e+01
   endloop
 endfacet
 facet normal  0.0000000000e+00 8.2905832649e-01 5.5916213326e-01
   outer loop
     vertex  1.000220e+02 4.994730e+01 4.994730e+01
     vertex  1.000268e+02 4.994730e+01 4.994730e+01
     vertex  1.000268e+02 6.509430e+01 2.748915e+01
   endloop
 endfacet
 facet normal  -3.9973900505e-13 8.2905832649e-01 5.5916213326e-01
   outer loop
     vertex  1.000220e+02 4.994730e+01 4.994730e+01
     vertex  1.000268e+02 6.509430e+01 2.748915e+01
     vertex  1.000220e+02 6.509430e+01 2.748915e+01
   endloop
 endfacet
 facet normal  -1.4161946976e-13 9.8018184110e-01 1.9809986972e-01
   outer loop
     vertex  1.000220e+02 6.509430e+01 2.748915e+01
     vertex  1.000268e+02 6.509430e+01 2.748915e+01
     vertex  1.000268e+02 7.065000e+01 0.000000e+00
   endloop
 endfacet
 facet normal  0.0000000000e+00 9.8018184110e-01 1.9809986972e-01
   outer loop
     vertex  1.000220e+02 6.509430e+01 2.748915e+01
     vertex  1.000268e+02 7.065000e+01 0.000000e+00
     vertex  1.000220e+02 7.065000e+01 0.000000e+00
   endloop
 endfacet
 facet normal  0.0000000000e+00 9.8018184110e-01 -1.9809986972e-01
   outer loop
     vertex  1.000268e+02 7.065000e+01 0.000000e+00
     vertex  1.000341e+02 7.065000e+01 0.000000e+00
     vertex  1.000268e+02 6.509430e+01 -2.748915e+01
   endloop
 endfacet
 facet normal  9.4029515410e-14 9.8018184110e-01 -1.9809986972e-01
   outer loop
     vertex  1.000341e+02 7.065000e+01 0.000000e+00
     vertex  1.000341e+02 6.509430e+01 -2.748915e+01
     vertex  1.000268e+02 6.509430e+01 -2.748915e+01
   endloop
 endfacet
 facet normal  2.6541029279e-13 8.2905832649e-01 -5.5916213326e-01
   outer loop
     vertex  1.000268e+02 6.509430e+01 -2.748915e+01
     vertex  1.000341e+02 6.509430e+01 -2.748915e+01
     vertex  1.000268e+02 4.994730e+01 -4.994730e+01
   endloop
 endfacet
 facet normal  0.0000000000e+00 8.2905832649e-01 -5.5916213326e-01
   outer loop
     vertex  1.000341e+02 6.509430e+01 -2.748915e+01
     vertex  1.000341e+02 4.994730e+01 -4.994730e+01
     vertex  1.000268e+02 4.994730e+01 -4.994730e+01
   endloop
 endfacet
 facet normal  0.0000000000e+00 5.5916213326e-01 -8.2905832649e-01
   outer loop
     vertex  1.000268e+02 4.994730e+01 -4.994730e+01
     vertex  1.000341e+02 4.994730e+01 -4.994730e+01
     vertex  1.000268e+02 2.748915e+01 -6.509430e+01
   endloop
 endfacet
 facet normal  2.6541029279e-13 5.5916213326e-01 -8.2905832649e-01
   outer loop
     vertex  1.000341e+02 4.994730e+01 -4.994730e+01
     vertex  1.000341e+02 2.748915e+01 -6.509430e+01
     vertex  1.000268e+02 2.748915e+01 -6.509430e+01
   endloop
 endfacet
 facet normal  9.4029515410e-14 1.9809986972e-01 -9.8018184110e-01
   outer loop
     vertex  1.000268e+02 2.748915e+01 -6.509430e+01
     vertex  1.000341e+02 2.748915e+01 -6.509430e+01
     vertex  1.000268e+02 0.000000e+00 -7.065000e+01
   endloop
 endfacet
 facet normal  0.0000000000e+00 1.9809986972e-01 -9.8018184110e-01
   outer loop
     vertex  1.000341e+02 2.748915e+01 -6.509430e+01
     vertex  1.000341e+02 0.000000e+00 -7.065000e+01
     vertex  1.000268e+02 0.000000e+00 -7.065000e+01
   endloop
 endfacet
 facet normal  -0.0000000000e+00 -1.9809986972e-01 -9.8018184110e-01
   outer loop
     vertex  1.000268e+02 0.000000e+00 -7.065000e+01
     vertex  1.000341e+02 0.000000e+00 -7.065000e+01
     vertex  1.000341e+02 -2.748915e+01 -6.509430e+01
   endloop
 endfacet
 facet normal  -0.0000000000e+00 -1.9809986972e-01 -9.8018184110e-01
   outer loop
     vertex  1.000268e+02 0.000000e+00 -7.065000e+01
     vertex  1.000341e+02 -2.748915e+01 -6.509430e+01
     vertex  1.000268e+02 -2.748915e+01 -6.509430e+01
   endloop
 endfacet
 facet normal  -0.0000000000e+00 -5.5916213326e-01 -8.2905832649e-01
   outer loop
     vertex  1.000268e+02 -2.748915e+01 -6.509430e+01
     vertex  1.000341e+02 -2.748915e+01 -6.509430e+01
     vertex  1.000341e+02 -4.994730e+01 -4.994730e+01
   endloop
 endfacet
 facet normal  -5.3082058559e-13 -5.5916213326e-01 -8.2905832649e-01
   outer loop
     vertex  1.000268e+02 -2.748915e+01 -6.509430e+01
     vertex  1.000341e+02 -4.994730e+01 -4.994730e+01
     vertex  1.000268e+02 -4.994730e+01 -4.994730e+01
   endloop
 endfacet
 facet normal  -7.8703688998e-13 -8.2905832649e-01 -5.5916213326e-01
   outer loop
     vertex  1.000268e+02 -4.994730e+01 -4.994730e+01
     vertex  1.000341e+02 -4.994730e+01 -4.994730e+01
     vertex  1.000341e+02 -6.509430e+01 -2.748915e+01
   endloop
 endfacet
 facet normal  2.6541029279e-13 -8.2905832649e-01 -5.5916213326e-01
   outer loop
     vertex  1.000268e+02 -4.994730e+01 -4.994730e+01
     vertex  1.000341e+02 -6.509430e+01 -2.748915e+01
     vertex  1.000268e+02 -6.509430e+01 -2.748915e+01
   endloop
 endfacet
 facet normal  9.4029515410e-14 -9.8018184110e-01 -1.9809986972e-01
   outer loop
     vertex  1.000268e+02 -6.509430e+01 -2.748915e+01
     vertex  1.000341e+02 -6.509430e+01 -2.748915e+01
     vertex  1.000341e+02 -7.065000e+01 0.000000e+00
   endloop
 endfacet
 facet normal  -0.0000000000e+00 -9.8018184110e-01 -1.9809986972e-01
   outer loop
     vertex  1.000268e+02 -6.509430e+01 -2.748915e+01
     vertex  1.000341e+02 -7.065000e+01 0.000000e+00
     vertex  1.000268e+02 -7.065000e+01 0.000000e+00
   endloop
 endfacet
 facet normal  0.0000000000e+00 -9.8018184110e-01 1.9809986972e-01
   outer loop
     vertex  1.000268e+02 -7.065000e+01 0.000000e+00
     vertex  1.000341e+02 -7.065000e+01 0.000000e+00
     vertex  1.000268e+02 -6.509430e+01 2.748915e+01
   endloop
 endfacet
 facet normal  9.4029515410e-14 -9.8018184110e-01 1.9809986972e-01
   outer loop
     vertex  1.000341e+02 -7.065000e+01 0.000000e+00
     vertex  1.000341e+02 -6.509430e+01 2.748915e+01
     vertex  1.000268e+02 -6.509430e+01 2.748915e+01
   endloop
 endfacet
 facet normal  2.6541029279e-13 -8.2905832649e-01 5.5916213326e-01
   outer loop
     vertex  1.000268e+02 -6.509430e+01 2.748915e+01
     vertex  1.000341e+02 -6.509430e+01 2.748915e+01
     vertex  1.000268e+02 -4.994730e+01 4.994730e+01
   endloop
 endfacet
 facet normal  -7.8703688998e-13 -8.2905832649e-01 5.5916213326e-01
   outer loop
     vertex  1.000341e+02 -6.509430e+01 2.748915e+01
     vertex  1.000341e+02 -4.994730e+01 4.994730e+01
     vertex  1.000268e+02 -4.994730e+01 4.994730e+01
   endloop
 endfacet
 facet normal  -5.3082058559e-13 -5.5916213326e-01 8.2905832649e-01
   outer loop
     vertex  1.000268e+02 -4.994730e+01 4.994730e+01
     vertex  1.000341e+02 -4.994730e+01 4.994730e+01
     vertex  1.000268e+02 -2.748915e+01 6.509430e+01
   endloop
 endfacet
 facet normal  0.0000000000e+00 -5.5916213326e-01 8.2905832649e-01
   outer loop
     vertex  1.000341e+02 -4.994730e+01 4.994730e+01
     vertex  1.000341e+02 -2.748915e+01 6.509430e+01
     vertex  1.000268e+02 -2.748915e+01 6.509430e+01
   endloop
 endfacet
 facet normal  0.0000000000e+00 -1.9809986972e-01 9.8018184110e-01
   outer loop
     vertex  1.000268e+02 -2.748915e+01 6.509430e+01
     vertex  1.000341e+02 -2.748915e+01 6.509430e+01
     vertex  1.000268e+02 0.000000e+00 7.065000e+01
   endloop
 endfacet
 facet normal  0.0000000000e+00 -1.9809986972e-01 9.8018184110e-01
   outer loop
     vertex  1.000341e+02 -2.748915e+01 6.509430e+01
     vertex  1.000341e+02 0.000000e+00 7.065000e+01
     vertex  1.000268e+02 0.000000e+00 7.065000e+01
   endloop
 endfacet
 facet normal  0.0000000000e+00 1.9809986972e-01 9.8018184110e-01
   outer loop
     vertex  1.000268e+02 0.000000e+00 7.065000e+01
     vertex  1.000341e+02 0.000000e+00 7.065000e+01
     vertex  1.000341e+02 2.748915e+01 6.509430e+01
   endloop
 endfacet
 facet normal  9.4029515410e-14 1.9809986972e-01 9.8018184110e-01
   outer loop
     vertex  1.000268e+02 0.000000e+00 7.065000e+01
     vertex  1.000341e+02 2.748915e+01 6.509430e+01
     vertex  1.000268e+02 2.748915e+01 6.509430e+01
   endloop
 endfacet
 facet normal  2.6541029279e-13 5.5916213326e-01 8.2905832649e-01
   outer loop
     vertex  1.000268e+02 2.748915e+01 6.509430e+01
     vertex  1.000341e+02 2.748915e+01 6.509430e+01
     vertex  1.000341e+02 4.994730e+01 4.994730e+01
   endloop
 endfacet
 facet normal  0.0000000000e+00 5.5916213326e-01 8.2905832649e-01
   outer loop
     vertex  1.000268e+02 2.748915e+01 6.509430e+01
     vertex  1.000341e+02 4.994730e+01 4.994730e+01
     vertex  1.000268e+02 4.994730e+01 4.994730e+01
   endloop
 endfacet
 facet normal  0.0000000000e+00 8.2905832649e-01 5.5916213326e-01
   outer loop
     vertex  1.000268e+02 4.994730e+01 4.994730e+01
     vertex  1.000341e+02 4.994730e+01 4.994730e+01
     vertex  1.000341e+02 6.509430e+01 2.748915e+01
   endloop
 endfacet
 facet normal  2.6541029279e-13 8.2905832649e-01 5.5916213326e-01
   outer loop
     vertex  1.000268e+02 4.994730e+01 4.994730e+01
     vertex  1.000341e+02 6.509430e+01 2.748915e+01
     vertex  1.000268e+02 6.509430e+01 2.748915e+01
   endloop
 endfacet
 facet normal  9.4029515410e-14 9.8018184110e-01 1.9809986972e-01
   outer loop
     vertex  1.000268e+02 6.509430e+01 2.748915e+01
     vertex  1.000341e+02 6.509430e+01 2.748915e+01
     vertex  1.000341e+02 7.065000e+01 0.000000e+00
   endloop
 endfacet
 facet normal  0.0000000000e+00 9.8018184110e-01 1.9809986972e-01
   outer loop
     vertex  1.000268e+02 6.509430e+01 2.748915e+01
     vertex  1.000341e+02 7.065000e+01 0.000000e+00
     vertex  1.000268e+02 7.065000e+01 0.000000e+00
   endloop
 endfacet
 facet normal  0.0000000000e+00 9.8018184110e-01 -1.9809986972e-01
   outer loop
     vertex  1.000341e+02 7.065000e+01 0.000000e+00
     vertex  1.000488e+02 7.065000e+01 0.000000e+00
     vertex  1.000341e+02 6.509430e+01 -2.748915e+01
   endloop
 endfacet
 facet normal  -4.6824576654e-14 9.8018184110e-01 -1.9809986972e-01
   outer loop
     vertex  1.000488e+02 7.065000e+01 0.000000e+00
     vertex  1.000488e+02 6.509430e+01 -2.748915e+01
     vertex  1.000341e+02 6.509430e+01 -2.748915e+01
   endloop
 endfacet
 facet normal  -1.3216833614e-13 8.2905832649e-01 -5.5916213326e-01
   outer loop
     vertex  1.000341e+02 6.509430e+01 -2.748915e+01
     vertex  1.000488e+02 6.509430e+01 -2.748915e+01
     vertex  1.000341e+02 4.994730e+01 -4.994730e+01
   endloop
 endfacet
 facet normal  -6.5626328196e-13 8.2905832649e-01 -5.5916213326e-01
   outer loop
     vertex  1.000488e+02 6.509430e+01 -2.748915e+01
     vertex  1.000488e+02 4.994730e+01 -4.994730e+01
     vertex  1.000341e+02 4.994730e+01 -4.994730e+01
   endloop
 endfacet
 facet normal  -6.5626328196e-13 5.5916213326e-01 -8.2905832649e-01
   outer loop
     vertex  1.000341e+02 4.994730e+01 -4.994730e+01
     vertex  1.000488e+02 4.994730e+01 -4.994730e+01
     vertex  1.000341e+02 2.748915e+01 -6.509430e+01
   endloop
 endfacet
 facet normal  -1.3216833614e-13 5.5916213326e-01 -8.2905832649e-01
   outer loop
     vertex  1.000488e+02 4.994730e+01 -4.994730e+01
     vertex  1.000488e+02 2.748915e+01 -6.509430e+01
     vertex  1.000341e+02 2.748915e+01 -6.509430e+01
   endloop
 endfacet
 facet normal  -4.6824576654e-14 1.9809986972e-01 -9.8018184110e-01
   outer loop
     vertex  1.000341e+02 2.748915e+01 -6.509430e+01
     vertex  1.000488e+02 2.748915e+01 -6.509430e+01
     vertex  1.000341e+02 0.000000e+00 -7.065000e+01
   endloop
 endfacet
 facet normal  0.0000000000e+00 1.9809986972e-01 -9.8018184110e-01
   outer loop
     vertex  1.000488e+02 2.748915e+01 -6.509430e+01
     vertex  1.000488e+02 0.000000e+00 -7.065000e+01
     vertex  1.000341e+02 0.000000e+00 -7.065000e+01
   endloop
 endfacet
 facet normal  -0.0000000000e+00 -1.9809986972e-01 -9.8018184110e-01
   outer loop
     vertex  1.000341e+02 0.000000e+00 -7.065000e+01
     vertex  1.000488e+02 0.000000e+00 -7.065000e+01
     vertex  1.000488e+02 -2.748915e+01 -6.509430e+01
   endloop
 endfacet
 facet normal  -0.0000000000e+00 -1.9809986972e-01 -9.8018184110e-01
   outer loop
     vertex  1.000341e+02 0.000000e+00 -7.065000e+01
     vertex  1.000488e+02 -2.748915e+01 -6.509430e+01
     vertex  1.000341e+02 -2.748915e+01 -6.509430e+01
   endloop
 endfacet
 facet normal  -0.0000000000e+00 -5.5916213326e-01 -8.2905832649e-01
   outer loop
     vertex  1.000341e+02 -2.748915e+01 -6.509430e+01
     vertex  1.000488e+02 -2.748915e+01 -6.509430e+01
     vertex  1.000488e+02 -4.994730e+01 -4.994730e+01
   endloop
 endfacet
 facet normal  -1.2758993740e-13 -5.5916213326e-01 -8.2905832649e-01
   outer loop
     vertex  1.000341e+02 -2.748915e+01 -6.509430e+01
     vertex  1.000488e+02 -4.994730e+01 -4.994730e+01
     vertex  1.000341e+02 -4.994730e+01 -4.994730e+01
   endloop
 endfacet
 facet normal  1.2758993740e-13 -8.2905832649e-01 -5.5916213326e-01
   outer loop
     vertex  1.000341e+02 -4.994730e+01 -4.994730e+01
     vertex  1.000488e+02 -4.994730e+01 -4.994730e+01
     vertex  1.000488e+02 -6.509430e+01 -2.748915e+01
   endloop
 endfacet
 facet normal  -1.3216833614e-13 -8.2905832649e-01 -5.5916213326e-01
   outer loop
     vertex  1.000341e+02 -4.994730e+01 -4.994730e+01
     vertex  1.000488e+02 -6.509430e+01 -2.748915e+01
     vertex  1.000341e+02 -6.509430e+01 -2.748915e+01
   endloop
 endfacet
 facet normal  -4.6824576654e-14 -9.8018184110e-01 -1.9809986972e-01
   outer loop
     vertex  1.000341e+02 -6.509430e+01 -2.748915e+01
     vertex  1.000488e+02 -6.509430e+01 -2.748915e+01
     vertex  1.000488e+02 -7.065000e+01 0.000000e+00
   endloop
 endfacet
 facet normal  -0.0000000000e+00 -9.8018184110e-01 -1.9809986972e-01
   outer loop
     vertex  1.000341e+02 -6.509430e+01 -2.748915e+01
     vertex  1.000488e+02 -7.065000e+01 0.000000e+00
     vertex  1.000341e+02 -7.065000e+01 0.000000e+00
   endloop
 endfacet
 facet normal  0.0000000000e+00 -9.8018184110e-01 1.9809986972e-01
   outer loop
     vertex  1.000341e+02 -7.065000e+01 0.000000e+00
     vertex  1.000488e+02 -7.065000e+01 0.000000e+00
     vertex  1.000341e+02 -6.509430e+01 2.748915e+01
   endloop
 endfacet
 facet normal  -4.6824576654e-14 -9.8018184110e-01 1.9809986972e-01
   outer loop
     vertex  1.000488e+02 -7.065000e+01 0.000000e+00
     vertex  1.000488e+02 -6.509430e+01 2.748915e+01
     vertex  1.000341e+02 -6.509430e+01 2.748915e+01
   endloop
 endfacet
 facet normal  -1.3216833614e-13 -8.2905832649e-01 5.5916213326e-01
   outer loop
     vertex  1.000341e+02 -6.509430e+01 2.748915e+01
     vertex  1.000488e+02 -6.509430e+01 2.748915e+01
     vertex  1.000341e+02 -4.994730e+01 4.994730e+01
   endloop
 endfacet
 facet normal  1.2758993740e-13 -8.2905832649e-01 5.5916213326e-01
   outer loop
     vertex  1.000488e+02 -6.509430e+01 2.748915e+01
     vertex  1.000488e+02 -4.994730e+01 4.994730e+01
     vertex  1.000341e+02 -4.994730e+01 4.994730e+01
   endloop
 endfacet
 facet normal  -1.2758993740e-13 -5.5916213326e-01 8.2905832649e-01
   outer loop
     vertex  1.000341e+02 -4.994730e+01 4.994730e+01
     vertex  1.000488e+02 -4.994730e+01 4.994730e+01
     vertex  1.000341e+02 -2.748915e+01 6.509430e+01
   endloop
 endfacet
 facet normal  0.0000000000e+00 -5.5916213326e-01 8.2905832649e-01
   outer loop
     vertex  1.000488e+02 -4.994730e+01 4.994730e+01
     vertex  1.000488e+02 -2.748915e+01 6.509430e+01
     vertex  1.000341e+02 -2.748915e+01 6.509430e+01
   endloop
 endfacet
 facet normal  0.0000000000e+00 -1.9809986972e-01 9.8018184110e-01
   outer loop
     vertex  1.000341e+02 -2.748915e+01 6.509430e+01
     vertex  1.000488e+02 -2.748915e+01 6.509430e+01
     vertex  1.000341e+02 0.000000e+00 7.065000e+01
   endloop
 endfacet
 facet normal  0.0000000000e+00 -1.9809986972e-01 9.8018184110e-01
   outer loop
     vertex  1.000488e+02 -2.748915e+01 6.509430e+01
     vertex  1.000488e+02 0.000000e+00 7.065000e+01
     vertex  1.000341e+02 0.000000e+00 7.065000e+01
   endloop
 endfacet
 facet normal  0.0000000000e+00 1.9809986972e-01 9.8018184110e-01
   outer loop
     vertex  1.000341e+02 0.000000e+00 7.065000e+01
     vertex  1.000488e+02 0.000000e+00 7.065000e+01
     vertex  1.000488e+02 2.748915e+01 6.509430e+01
   endloop
 endfacet
 facet normal  -4.6824576654e-14 1.9809986972e-01 9.8018184110e-01
   outer loop
     vertex  1.000341e+02 0.000000e+00 7.065000e+01
     vertex  1.000488e+02 2.748915e+01 6.509430e+01
     vertex  1.000341e+02 2.748915e+01 6.509430e+01
   endloop
 endfacet
 facet normal  -1.3216833614e-13 5.5916213326e-01 8.2905832649e-01
   outer loop
     vertex  1.000341e+02 2.748915e+01 6.509430e+01
     vertex  1.000488e+02 2.748915e+01 6.509430e+01
     vertex  1.000488e+02 4.994730e+01 4.994730e+01
   endloop
 endfacet
 facet normal  -6.5626328196e-13 5.5916213326e-01 8.2905832649e-01
   outer loop
     vertex  1.000341e+02 2.748915e+01 6.509430e+01
     vertex  1.000488e+02 4.994730e+01 4.994730e+01
     vertex  1.000341e+02 4.994730e+01 4.994730e+01
   endloop
 endfacet
 facet normal  -6.5626328196e-13 8.2905832649e-01 5.5916213326e-01
   outer loop
     vertex  1.000341e+02 4.994730e+01 4.994730e+01
     vertex  1.000488e+02 4.994730e+01 4.994730e+01
     vertex  1.000488e+02 6.509430e+01 2.748915e+01
   endloop
 endfacet
 facet normal  -1.3216833614e-13 8.2905832649e-01 5.5916213326e-01
   outer loop
     vertex  1.000341e+02 4.994730e+01 4.994730e+01
     vertex  1.000488e+02 6.509430e+01 2.748915e+01
     vertex  1.000341e+02 6.509430e+01 2.748915e+01
   endloop
 endfacet
 facet normal  -4.6824576654e-14 9.8018184110e-01 1.9809986972e-01
   outer loop
     vertex  1.000341e+02 6.509430e+01 2.748915e+01
     vertex  1.000488e+02 6.509430e+01 2.748915e+01
     vertex  1.000488e+02 7.065000e+01 0.000000e+00
   endloop
 endfacet
 facet normal  0.0000000000e+00 9.8018184110e-01 1.9809986972e-01
   outer loop
     vertex  1.000341e+02 6.509430e+01 2.748915e+01
     vertex  1.000488e+02 7.065000e+01 0.000000e+00
     vertex  1.000341e+02 7.065000e+01 0.000000e+00
   endloop
 endfacet
 facet normal  9.7210795150e-01 -2.2988582890e-01 4.6461126749e-02
   outer loop
     vertex  1.000488e+02 7.065000e+01 0.000000e+00
     vertex  9.998951e+01 7.039916e+01 0.000000e+00
     vertex  1.000488e+02 6.509430e+01 -2.748915e+01
   endloop
 endfacet
 facet normal  9.7210795150e-01 -2.2988582890e-01 4.6461126749e-02
   outer loop
     vertex  9.998951e+01 7.039916e+01 0.000000e+00
     vertex  9.998951e+01 6.486319e+01 -2.739155e+01
     vertex  1.000488e+02 6.509430e+01 -2.748915e+01
   endloop
 endfacet
 facet normal  9.7217579073e-01 -1.9420898238e-01 1.3098512543e-01
   outer loop
     vertex  1.000488e+02 6.509430e+01 -2.748915e+01
     vertex  9.998951e+01 6.486319e+01 -2.739155e+01
     vertex  1.000488e+02 4.994730e+01 -4.994730e+01
   endloop
 endfacet
 facet normal  9.7217579073e-01 -1.9420898238e-01 1.3098512543e-01
   outer loop
     vertex  9.998951e+01 6.486319e+01 -2.739155e+01
     vertex  9.998951e+01 4.976996e+01 -4.976996e+01
     vertex  1.000488e+02 4.994730e+01 -4.994730e+01
   endloop
 endfacet
 facet normal  9.7217579073e-01 -1.3098512543e-01 1.9420898238e-01
   outer loop
     vertex  1.000488e+02 4.994730e+01 -4.994730e+01
     vertex  9.998951e+01 4.976996e+01 -4.976996e+01
     vertex  1.000488e+02 2.748915e+01 -6.509430e+01
   endloop
 endfacet
 facet normal  9.7217579073e-01 -1.3098512543e-01 1.9420898238e-01
   outer loop
     vertex  9.998951e+01 4.976996e+01 -4.976996e+01
     vertex  9.998951e+01 2.739155e+01 -6.486319e+01
     vertex  1.000488e+02 2.748915e+01 -6.509430e+01
   endloop
 endfacet
 facet normal  9.7210795150e-01 -4.6461126749e-02 2.2988582890e-01
   outer loop
     vertex  1.000488e+02 2.748915e+01 -6.509430e+01
     vertex  9.998951e+01 2.739155e+01 -6.486319e+01
     vertex  1.000488e+02 0.000000e+00 -7.065000e+01
   endloop
 endfacet
 facet normal  9.7210795150e-01 -4.6461126749e-02 2.2988582890e-01
   outer loop
     vertex  9.998951e+01 2.739155e+01 -6.486319e+01
     vertex  9.998951e+01 0.000000e+00 -7.039916e+01
     vertex  1.000488e+02 0.000000e+00 -7.065000e+01
   endloop
 endfacet
 facet normal  9.7210795150e-01 4.6461126749e-02 2.2988582890e-01
   outer loop
     vertex  1.000488e+02 0.000000e+00 -7.065000e+01
     vertex  9.998951e+01 0.000000e+00 -7.039916e+01
     vertex  9.998951e+01 -2.739155e+01 -6.486319e+01
   endloop
 endfacet
 facet normal  9.7210795150e-01 4.6461126749e-02 2.2988582890e-01
   outer loop
     vertex  1.000488e+02 0.000000e+00 -7.065000e+01
     vertex  9.998951e+01 -2.739155e+01 -6.486319e+01
     vertex  1.000488e+02 -2.748915e+01 -6.509430e+01
   endloop
 endfacet
 facet normal  9.7217579073e-01 1.3098512543e-01 1.9420898238e-01
   outer loop
     vertex  1.000488e+02 -2.748915e+01 -6.509430e+01
     vertex  9.998951e+01 -2.739155e+01 -6.486319e+01
     vertex  9.998951e+01 -4.976996e+01 -4.976996e+01
   endloop
 endfacet
 facet normal  9.7217579073e-01 1.3098512543e-01 1.9420898238e-01
   outer loop
     vertex  1.000488e+02 -2.748915e+01 -6.509430e+01
     vertex  9.998951e+01 -4.976996e+01 -4.976996e+01
     vertex  1.000488e+02 -4.994730e+01 -4.994730e+01
   endloop
 endfacet
 facet normal  9.7217579073e-01 1.9420898238e-01 1.3098512543e-01
   outer loop
     vertex  1.000488e+02 -4.994730e+01 -4.994730e+01
     vertex  9.998951e+01 -4.976996e+01 -4.976996e+01
     vertex  9.998951e+01 -6.486319e+01 -2.739155e+01
   endloop
 endfacet
 facet normal  9.7217579073e-01 1.9420898238e-01 1.3098512543e-01
   outer loop
     vertex  1.000488e+02 -4.994730e+01 -4.994730e+01
     vertex  9.998951e+01 -6.486319e+01 -2.739155e+01
     vertex  1.000488e+02 -6.509430e+01 -2.748915e+01
   endloop
 endfacet
 facet normal  9.7210795150e-01 2.2988582890e-01 4.6461126749e-02
   outer loop
     vertex  1.000488e+02 -6.509430e+01 -2.748915e+01
     vertex  9.998951e+01 -6.486319e+01 -2.739155e+01
     vertex  9.998951e+01 -7.039916e+01 0.000000e+00
   endloop
 endfacet
 facet normal  9.7210795150e-01 2.2988582890e-01 4.6461126749e-02
   outer loop
     vertex  1.000488e+02 -6.509430e+01 -2.748915e+01
     vertex  9.998951e+01 -7.039916e+01 0.000000e+00
     vertex  1.000488e+02 -7.065000e+01 0.000000e+00
   endloop
 endfacet
 facet normal  9.7210795150e-01 2.2988582890e-01 -4.6461126749e-02
   outer loop
     vertex  1.000488e+02 -7.065000e+01 0.000000e+00
     vertex  9.998951e+01 -7.039916e+01 0.000000e+00
     vertex  1.000488e+02 -6.509430e+01 2.748915e+01
   endloop
 endfacet
 facet normal  9.7210795150e-01 2.2988582890e-01 -4.6461126749e-02
   outer loop
     vertex  9.998951e+01 -7.039916e+01 0.000000e+00
     vertex  9.998951e+01 -6.486319e+01 2.739155e+01
     vertex  1.000488e+02 -6.509430e+01 2.748915e+01
   endloop
 endfacet
 facet normal  9.7217579073e-01 1.9420898238e-01 -1.3098512543e-01
   outer loop
     vertex  1.000488e+02 -6.509430e+01 2.748915e+01
     vertex  9.998951e+01 -6.486319e+01 2.739155e+01
     vertex  1.000488e+02 -4.994730e+01 4.994730e+01
   endloop
 endfacet
 facet normal  9.7217579073e-01 1.9420898238e-01 -1.3098512543e-01
   outer loop
     vertex  9.998951e+01 -6.486319e+01 2.739155e+01
     vertex  9.998951e+01 -4.976996e+01 4.976996e+01
     vertex  1.000488e+02 -4.994730e+01 4.994730e+01
   endloop
 endfacet
 facet normal  9.7217579073e-01 1.3098512543e-01 -1.9420898238e-01
   outer loop
     vertex  1.000488e+02 -4.994730e+01 4.994730e+01
     vertex  9.998951e+01 -4.976996e+01 4.976996e+01
     vertex  1.000488e+02 -2.748915e+01 6.509430e+01
   endloop
 endfacet
 facet normal  9.7217579073e-01 1.3098512543e-01 -1.9420898238e-01
   outer loop
     vertex  9.998951e+01 -4.976996e+01 4.976996e+01
     vertex  9.998951e+01 -2.739155e+01 6.486319e+01
     vertex  1.000488e+02 -2.748915e+01 6.509430e+01
   endloop
 endfacet
 facet normal  9.7210795150e-01 4.6461126749e-02 -2.2988582890e-01
   outer loop
     vertex  1.000488e+02 -2.748915e+01 6.509430e+01
     vertex  9.998951e+01 -2.739155e+01 6.486319e+01
     vertex  1.000488e+02 0.000000e+00 7.065000e+01
   endloop
 endfacet
 facet normal  9.7210795150e-01 4.6461126749e-02 -2.2988582890e-01
   outer loop
     vertex  9.998951e+01 -2.739155e+01 6.486319e+01
     vertex  9.998951e+01 0.000000e+00 7.039916e+01
     vertex  1.000488e+02 0.000000e+00 7.065000e+01
   endloop
 endfacet
 facet normal  9.7210795150e-01 -4.6461126749e-02 -2.2988582890e-01
   outer loop
     vertex  1.000488e+02 0.000000e+00 7.065000e+01
     vertex  9.998951e+01 0.000000e+00 7.039916e+01
     vertex  9.998951e+01 2.739155e+01 6.486319e+01
   endloop
 endfacet
 facet normal  9.7210795150e-01 -4.6461126749e-02 -2.2988582890e-01
   outer loop
     vertex  1.000488e+02 0.000000e+00 7.065000e+01
     vertex  9.998951e+01 2.739155e+01 6.486319e+01
     vertex  1.000488e+02 2.748915e+01 6.509430e+01
   endloop
 endfacet
 facet normal  9.7217579073e-01 -1.3098512543e-01 -1.9420898238e-01
   outer loop
     vertex  1.000488e+02 2.748915e+01 6.509430e+01
     vertex  9.998951e+01 2.739155e+01 6.486319e+01
     vertex  9.998951e+01 4.976996e+01 4.976996e+01
   endloop
 endfacet
 facet normal  9.7217579073e-01 -1.3098512543e-01 -1.9420898238e-01
   outer loop
     vertex  1.000488e+02 2.748915e+01 6.509430e+01
     vertex  9.998951e+01 4.976996e+01 4.976996e+01
     vertex  1.000488e+02 4.994730e+01 4.994730e+01
   endloop
 endfacet
 facet normal  9.7217579073e-01 -1.9420898238e-01 -1.3098512543e-01
   outer loop
     vertex  1.000488e+02 4.994730e+01 4.994730e+01
     vertex  9.998951e+01 4.976996e+01 4.976996e+01
     vertex  9.998951e+01 6.486319e+01 2.739155e+01
   endloop
 endfacet
 facet normal  9.7217579073e-01 -1.9420898238e-01 -1.3098512543e-01
   outer loop
     vertex  1.000488e+02 4.994730e+01 4.994730e+01
     vertex  9.998951e+01 6.486319e+01 2.739155e+01
     vertex  1.000488e+02 6.509430e+01 2.748915e+01
   endloop
 endfacet
 facet normal  9.7210795150e-01 -2.2988582890e-01 -4.6461126749e-02
   outer loop
     vertex  1.000488e+02 6.509430e+01 2.748915e+01
     vertex  9.998951e+01 6.486319e+01 2.739155e+01
     vertex  9.998951e+01 7.039916e+01 0.000000e+00
   endloop
 endfacet
 facet normal  9.7210795150e-01 -2.2988582890e-01 -4.6461126749e-02
   outer loop
     vertex  1.000488e+02 6.509430e+01 2.748915e+01
     vertex  9.998951e+01 7.039916e+01 0.000000e+00
     vertex  1.000488e+02 7.065000e+01 0.000000e+00
   endloop
 endfacet
 facet normal  9.7239760820e-01 -2.2870583458e-01 4.6222643733e-02
   outer loop
     vertex  9.998951e+01 7.039916e+01 0.000000e+00
     vertex  9.984883e+01 6.980101e+01 0.000000e+00
     vertex  9.998951e+01 6.486319e+01 -2.739155e+01
   endloop
 endfacet
 facet normal  9.7239760820e-01 -2.2870583458e-01 4.6222643733e-02
   outer loop
     vertex  9.984883e+01 6.980101e+01 0.000000e+00
     vertex  9.984883e+01 6.431207e+01 -2.715882e+01
     vertex  9.998951e+01 6.486319e+01 -2.739155e+01
   endloop
 endfacet
 facet normal  9.7246477272e-01 -1.9321197774e-01 1.3031269115e-01
   outer loop
     vertex  9.998951e+01 6.486319e+01 -2.739155e+01
     vertex  9.984883e+01 6.431207e+01 -2.715882e+01
     vertex  9.998951e+01 4.976996e+01 -4.976996e+01
   endloop
 endfacet
 facet normal  9.7246477272e-01 -1.9321197774e-01 1.3031269115e-01
   outer loop
     vertex  9.984883e+01 6.431207e+01 -2.715882e+01
     vertex  9.984883e+01 4.934709e+01 -4.934709e+01
     vertex  9.998951e+01 4.976996e+01 -4.976996e+01
   endloop
 endfacet
 facet normal  9.7246477272e-01 -1.3031269115e-01 1.9321197774e-01
   outer loop
     vertex  9.998951e+01 4.976996e+01 -4.976996e+01
     vertex  9.984883e+01 4.934709e+01 -4.934709e+01
     vertex  9.998951e+01 2.739155e+01 -6.486319e+01
   endloop
 endfacet
 facet normal  9.7246477272e-01 -1.3031269115e-01 1.9321197774e-01
   outer loop
     vertex  9.984883e+01 4.934709e+01 -4.934709e+01
     vertex  9.984883e+01 2.715882e+01 -6.431207e+01
     vertex  9.998951e+01 2.739155e+01 -6.486319e+01
   endloop
 endfacet
 facet normal  9.7239760820e-01 -4.6222643733e-02 2.2870583458e-01
   outer loop
     vertex  9.998951e+01 2.739155e+01 -6.486319e+01
     vertex  9.984883e+01 2.715882e+01 -6.431207e+01
     vertex  9.998951e+01 0.000000e+00 -7.039916e+01
   endloop
 endfacet
 facet normal  9.7239760820e-01 -4.6222643733e-02 2.2870583458e-01
   outer loop
     vertex  9.984883e+01 2.715882e+01 -6.431207e+01
     vertex  9.984883e+01 0.000000e+00 -6.980101e+01
     vertex  9.998951e+01 0.000000e+00 -7.039916e+01
   endloop
 endfacet
 facet normal  9.7239760820e-01 4.6222643733e-02 2.2870583458e-01
   outer loop
     vertex  9.998951e+01 0.000000e+00 -7.039916e+01
     vertex  9.984883e+01 0.000000e+00 -6.980101e+01
     vertex  9.984883e+01 -2.715882e+01 -6.431207e+01
   endloop
 endfacet
 facet normal  9.7239760820e-01 4.6222643733e-02 2.2870583458e-01
   outer loop
     vertex  9.998951e+01 0.000000e+00 -7.039916e+01
     vertex  9.984883e+01 -2.715882e+01 -6.431207e+01
     vertex  9.998951e+01 -2.739155e+01 -6.486319e+01
   endloop
 endfacet
 facet normal  9.7246477272e-01 1.3031269115e-01 1.9321197774e-01
   outer loop
     vertex  9.998951e+01 -2.739155e+01 -6.486319e+01
     vertex  9.984883e+01 -2.715882e+01 -6.431207e+01
     vertex  9.984883e+01 -4.934709e+01 -4.934709e+01
   endloop
 endfacet
 facet normal  9.7246477272e-01 1.3031269115e-01 1.9321197774e-01
   outer loop
     vertex  9.998951e+01 -2.739155e+01 -6.486319e+01
     vertex  9.984883e+01 -4.934709e+01 -4.934709e+01
     vertex  9.998951e+01 -4.976996e+01 -4.976996e+01
   endloop
 endfacet
 facet normal  9.7246477272e-01 1.9321197774e-01 1.3031269115e-01
   outer loop
     vertex  9.998951e+01 -4.976996e+01 -4.976996e+01
     vertex  9.984883e+01 -4.934709e+01 -4.934709e+01
     vertex  9.984883e+01 -6.431207e+01 -2.715882e+01
   endloop
 endfacet
 facet normal  9.7246477272e-01 1.9321197774e-01 1.3031269115e-01
   outer loop
     vertex  9.998951e+01 -4.976996e+01 -4.976996e+01
     vertex  9.984883e+01 -6.431207e+01 -2.715882e+01
     vertex  9.998951e+01 -6.486319e+01 -2.739155e+01
   endloop
 endfacet
 facet normal  9.7239760820e-01 2.2870583458e-01 4.6222643733e-02
   outer loop
     vertex  9.998951e+01 -6.486319e+01 -2.739155e+01
     vertex  9.984883e+01 -6.431207e+01 -2.715882e+01
     vertex  9.984883e+01 -6.980101e+01 0.000000e+00
   endloop
 endfacet
 facet normal  9.7239760820e-01 2.2870583458e-01 4.6222643733e-02
   outer loop
     vertex  9.998951e+01 -6.486319e+01 -2.739155e+01
     vertex  9.984883e+01 -6.980101e+01 0.000000e+00
     vertex  9.998951e+01 -7.039916e+01 0.000000e+00
   endloop
 endfacet
 facet normal  9.7239760820e-01 2.2870583458e-01 -4.6222643733e-02
   outer loop
     vertex  9.998951e+01 -7.039916e+01 0.000000e+00
     vertex  9.984883e+01 -6.980101e+01 0.000000e+00
     vertex  9.998951e+01 -6.486319e+01 2.739155e+01
   endloop
 endfacet
 facet normal  9.7239760820e-01 2.2870583458e-01 -4.6222643733e-02
   outer loop
     vertex  9.984883e+01 -6.980101e+01 0.000000e+00
     vertex  9.984883e+01 -6.431207e+01 2.715882e+01
     vertex  9.998951e+01 -6.486319e+01 2.739155e+01
   endloop
 endfacet
 facet normal  9.7246477272e-01 1.9321197774e-01 -1.3031269115e-01
   outer loop
     vertex  9.998951e+01 -6.486319e+01 2.739155e+01
     vertex  9.984883e+01 -6.431207e+01 2.715882e+01
     vertex  9.998951e+01 -4.976996e+01 4.976996e+01
   endloop
 endfacet
 facet normal  9.7246477272e-01 1.9321197774e-01 -1.3031269115e-01
   outer loop
     vertex  9.984883e+01 -6.431207e+01 2.715882e+01
     vertex  9.984883e+01 -4.934709e+01 4.934709e+01
     vertex  9.998951e+01 -4.976996e+01 4.976996e+01
   endloop
 endfacet
 facet normal  9.7246477272e-01 1.3031269115e-01 -1.9321197774e-01
   outer loop
     vertex  9.998951e+01 -4.976996e+01 4.976996e+01
     vertex  9.984883e+01 -4.934709e+01 4.934709e+01
     vertex  9.998951e+01 -2.739155e+01 6.486319e+01
   endloop
 endfacet
 facet normal  9.7246477272e-01 1.3031269115e-01 -1.9321197774e-01
   outer loop
     vertex  9.984883e+01 -4.934709e+01 4.934709e+01
     vertex  9.984883e+01 -2.715882e+01 6.431207e+01
     vertex  9.998951e+01 -2.739155e+01 6.486319e+01
   endloop
 endfacet
 facet normal  9.7239760820e-01 4.6222643733e-02 -2.2870583458e-01
   outer loop
     vertex  9.998951e+01 -2.739155e+01 6.486319e+01
     vertex  9.984883e+01 -2.715882e+01 6.431207e+01
     vertex  9.998951e+01 0.000000e+00 7.039916e+01
   endloop
 endfacet
 facet normal  9.7239760820e-01 4.6222643733e-02 -2.2870583458e-01
   outer loop
     vertex  9.984883e+01 -2.715882e+01 6.431207e+01
     vertex  9.984883e+01 0.000000e+00 6.980101e+01
     vertex  9.998951e+01 0.000000e+00 7.039916e+01
   endloop
 endfacet
 facet normal  9.7239760820e-01 -4.6222643733e-02 -2.2870583458e-01
   outer loop
     vertex  9.998951e+01 0.000000e+00 7.039916e+01
     vertex  9.984883e+01 0.000000e+00 6.980101e+01
     vertex  9.984883e+01 2.715882e+01 6.431207e+01
   endloop
 endfacet
 facet normal  9.7239760820e-01 -4.6222643733e-02 -2.2870583458e-01
   outer loop
     vertex  9.998951e+01 0.000000e+00 7.039916e+01
     vertex  9.984883e+01 2.715882e+01 6.431207e+01
     vertex  9.998951e+01 2.739155e+01 6.486319e+01
   endloop
 endfacet
 facet normal  9.7246477272e-01 -1.3031269115e-01 -1.9321197774e-01
   outer loop
     vertex  9.998951e+01 2.739155e+01 6.486319e+01
     vertex  9.984883e+01 2.715882e+01 6.431207e+01
     vertex  9.984883e+01 4.934709e+01 4.934709e+01
   endloop
 endfacet
 facet normal  9.7246477272e-01 -1.3031269115e-01 -1.9321197774e-01
   outer loop
     vertex  9.998951e+01 2.739155e+01 6.486319e+01
     vertex  9.984883e+01 4.934709e+01 4.934709e+01
     vertex  9.998951e+01 4.976996e+01 4.976996e+01
   endloop
 endfacet
 facet normal  9.7246477272e-01 -1.9321197774e-01 -1.3031269115e-01
   outer loop
     vertex  9.998951e+01 4.976996e+01 4.976996e+01
     vertex  9.984883e+01 4.934709e+01 4.934709e+01
     vertex  9.984883e+01 6.431207e+01 2.715882e+01
   endloop
 endfacet
 facet normal  9.7246477272e-01 -1.9321197774e-01 -1.3031269115e-01
   outer loop
     vertex  9.998951e+01 4.976996e+01 4.976996e+01
     vertex  9.984883e+01 6.431207e+01 2.715882e+01
     vertex  9.998951e+01 6.486319e+01 2.739155e+01
   endloop
 endfacet
 facet normal  9.7239760820e-01 -2.2870583458e-01 -4.6222643733e-02
   outer loop
     vertex  9.998951e+01 6.486319e+01 2.739155e+01
     vertex  9.984883e+01 6.431207e+01 2.715882e+01
     vertex  9.984883e+01 6.980101e+01 0.000000e+00
   endloop
 endfacet
 facet normal  9.7239760820e-01 -2.2870583458e-01 -4.6222643733e-02
   outer loop
     vertex  9.998951e+01 6.486319e+01 2.739155e+01
     vertex  9.984883e+01 6.980101e+01 0.000000e+00
     vertex  9.998951e+01 7.039916e+01 0.000000e+00
   endloop
 endfacet
 facet normal  9.8869132376e-01 -1.4699285571e-01 2.9708023905e-02
   outer loop
     vertex  9.984883e+01 6.980101e+01 0.000000e+00
     vertex  9.974268e+01 6.908709e+01 0.000000e+00
     vertex  9.984883e+01 6.431207e+01 -2.715882e+01
   endloop
 endfacet
 facet normal  9.8869132376e-01 -1.4699285571e-01 2.9708023905e-02
   outer loop
     vertex  9.974268e+01 6.908709e+01 0.000000e+00
     vertex  9.974268e+01 6.365429e+01 -2.688104e+01
     vertex  9.984883e+01 6.431207e+01 -2.715882e+01
   endloop
 endfacet
 facet normal  9.8871953151e-01 -1.2417535876e-01 8.3750631628e-02
   outer loop
     vertex  9.984883e+01 6.431207e+01 -2.715882e+01
     vertex  9.974268e+01 6.365429e+01 -2.688104e+01
     vertex  9.984883e+01 4.934709e+01 -4.934709e+01
   endloop
 endfacet
 facet normal  9.8871953151e-01 -1.2417535876e-01 8.3750631628e-02
   outer loop
     vertex  9.974268e+01 6.365429e+01 -2.688104e+01
     vertex  9.974268e+01 4.884237e+01 -4.884237e+01
     vertex  9.984883e+01 4.934709e+01 -4.934709e+01
   endloop
 endfacet
 facet normal  9.8871953151e-01 -8.3750631628e-02 1.2417535876e-01
   outer loop
     vertex  9.984883e+01 4.934709e+01 -4.934709e+01
     vertex  9.974268e+01 4.884237e+01 -4.884237e+01
     vertex  9.984883e+01 2.715882e+01 -6.431207e+01
   endloop
 endfacet
 facet normal  9.8871953151e-01 -8.3750631628e-02 1.2417535876e-01
   outer loop
     vertex  9.974268e+01 4.884237e+01 -4.884237e+01
     vertex  9.974268e+01 2.688104e+01 -6.365429e+01
     vertex  9.984883e+01 2.715882e+01 -6.431207e+01
   endloop
 endfacet
 facet normal  9.8869132376e-01 -2.9708023905e-02 1.4699285571e-01
   outer loop
     vertex  9.984883e+01 2.715882e+01 -6.431207e+01
     vertex  9.974268e+01 2.688104e+01 -6.365429e+01
     vertex  9.984883e+01 0.000000e+00 -6.980101e+01
   endloop
 endfacet
 facet normal  9.8869132376e-01 -2.9708023905e-02 1.4699285571e-01
   outer loop
     vertex  9.974268e+01 2.688104e+01 -6.365429e+01
     vertex  9.974268e+01 0.000000e+00 -6.908709e+01
     vertex  9.984883e+01 0.000000e+00 -6.980101e+01
   endloop
 endfacet
 facet normal  9.8869132376e-01 2.9708023905e-02 1.4699285571e-01
   outer loop
     vertex  9.984883e+01 0.000000e+00 -6.980101e+01
     vertex  9.974268e+01 0.000000e+00 -6.908709e+01
     vertex  9.974268e+01 -2.688104e+01 -6.365429e+01
   endloop
 endfacet
 facet normal  9.8869132376e-01 2.9708023905e-02 1.4699285571e-01
   outer loop
     vertex  9.984883e+01 0.000000e+00 -6.980101e+01
     vertex  9.974268e+01 -2.688104e+01 -6.365429e+01
     vertex  9.984883e+01 -2.715882e+01 -6.431207e+01
   endloop
 endfacet
 facet normal  9.8871953151e-01 8.3750631628e-02 1.2417535876e-01
   outer loop
     vertex  9.984883e+01 -2.715882e+01 -6.431207e+01
     vertex  9.974268e+01 -2.688104e+01 -6.365429e+01
     vertex  9.974268e+01 -4.884237e+01 -4.884237e+01
   endloop
 endfacet
 facet normal  9.8871953151e-01 8.3750631628e-02 1.2417535876e-01
   outer loop
     vertex  9.984883e+01 -2.715882e+01 -6.431207e+01
     vertex  9.974268e+01 -4.884237e+01 -4.884237e+01
     vertex  9.984883e+01 -4.934709e+01 -4.934709e+01
   endloop
 endfacet
 facet normal  9.8871953151e-01 1.2417535876e-01 8.3750631628e-02
   outer loop
     vertex  9.984883e+01 -4.934709e+01 -4.934709e+01
     vertex  9.974268e+01 -4.884237e+01 -4.884237e+01
     vertex  9.974268e+01 -6.365429e+01 -2.688104e+01
   endloop
 endfacet
 facet normal  9.8871953151e-01 1.2417535876e-01 8.3750631628e-02
   outer loop
     vertex  9.984883e+01 -4.934709e+01 -4.934709e+01
     vertex  9.974268e+01 -6.365429e+01 -2.688104e+01
     vertex  9.984883e+01 -6.431207e+01 -2.715882e+01
   endloop
 endfacet
 facet normal  9.8869132376e-01 1.4699285571e-01 2.9708023905e-02
   outer loop
     vertex  9.984883e+01 -6.431207e+01 -2.715882e+01
     vertex  9.974268e+01 -6.365429e+01 -2.688104e+01
     vertex  9.974268e+01 -6.908709e+01 0.000000e+00
   endloop
 endfacet
 facet normal  9.8869132376e-01 1.4699285571e-01 2.9708023905e-02
   outer loop
     vertex  9.984883e+01 -6.431207e+01 -2.715882e+01
     vertex  9.974268e+01 -6.908709e+01 0.000000e+00
     vertex  9.984883e+01 -6.980101e+01 0.000000e+00
   endloop
 endfacet
 facet normal  9.8869132376e-01 1.4699285571e-01 -2.9708023905e-02
   outer loop
     vertex  9.984883e+01 -6.980101e+01 0.000000e+00
     vertex  9.974268e+01 -6.908709e+01 0.000000e+00
     vertex  9.984883e+01 -6.431207e+01 2.715882e+01
   endloop
 endfacet
 facet normal  9.8869132376e-01 1.4699285571e-01 -2.9708023905e-02
   outer loop
     vertex  9.974268e+01 -6.908709e+01 0.000000e+00
     vertex  9.974268e+01 -6.365429e+01 2.688104e+01
     vertex  9.984883e+01 -6.431207e+01 2.715882e+01
   endloop
 endfacet
 facet normal  9.8871953151e-01 1.2417535876e-01 -8.3750631628e-02
   outer loop
     vertex  9.984883e+01 -6.431207e+01 2.715882e+01
     vertex  9.974268e+01 -6.365429e+01 2.688104e+01
     vertex  9.984883e+01 -4.934709e+01 4.934709e+01
   endloop
 endfacet
 facet normal  9.8871953151e-01 1.2417535876e-01 -8.3750631628e-02
   outer loop
     vertex  9.974268e+01 -6.365429e+01 2.688104e+01
     vertex  9.974268e+01 -4.884237e+01 4.884237e+01
     vertex  9.984883e+01 -4.934709e+01 4.934709e+01
   endloop
 endfacet
 facet normal  9.8871953151e-01 8.3750631628e-02 -1.2417535876e-01
   outer loop
     vertex  9.984883e+01 -4.934709e+01 4.934709e+01
     vertex  9.974268e+01 -4.884237e+01 4.884237e+01
     vertex  9.984883e+01 -2.715882e+01 6.431207e+01
   endloop
 endfacet
 facet normal  9.8871953151e-01 8.3750631628e-02 -1.2417535876e-01
   outer loop
     vertex  9.974268e+01 -4.884237e+01 4.884237e+01
     vertex  9.974268e+01 -2.688104e+01 6.365429e+01
     vertex  9.984883e+01 -2.715882e+01 6.431207e+01
   endloop
 endfacet
 facet normal  9.8869132376e-01 2.9708023905e-02 -1.4699285571e-01
   outer loop
     vertex  9.984883e+01 -2.715882e+01 6.431207e+01
     vertex  9.974268e+01 -2.688104e+01 6.365429e+01
     vertex  9.984883e+01 0.000000e+00 6.980101e+01
   endloop
 endfacet
 facet normal  9.8869132376e-01 2.9708023905e-02 -1.4699285571e-01
   outer loop
     vertex  9.974268e+01 -2.688104e+01 6.365429e+01
     vertex  9.974268e+01 0.000000e+00 6.908709e+01
     vertex  9.984883e+01 0.000000e+00 6.980101e+01
   endloop
 endfacet
 facet normal  9.8869132376e-01 -2.9708023905e-02 -1.4699285571e-01
   outer loop
     vertex  9.984883e+01 0.000000e+00 6.980101e+01
     vertex  9.974268e+01 0.000000e+00 6.908709e+01
     vertex  9.974268e+01 2.688104e+01 6.365429e+01
   endloop
 endfacet
 facet normal  9.8869132376e-01 -2.9708023905e-02 -1.4699285571e-01
   outer loop
     vertex  9.984883e+01 0.000000e+00 6.980101e+01
     vertex  9.974268e+01 2.688104e+01 6.365429e+01
     vertex  9.984883e+01 2.715882e+01 6.431207e+01
   endloop
 endfacet
 facet normal  9.8871953151e-01 -8.3750631628e-02 -1.2417535876e-01
   outer loop
     vertex  9.984883e+01 2.715882e+01 6.431207e+01
     vertex  9.974268e+01 2.688104e+01 6.365429e+01
     vertex  9.974268e+01 4.884237e+01 4.884237e+01
   endloop
 endfacet
 facet normal  9.8871953151e-01 -8.3750631628e-02 -1.2417535876e-01
   outer loop
     vertex  9.984883e+01 2.715882e+01 6.431207e+01
     vertex  9.974268e+01 4.884237e+01 4.884237e+01
     vertex  9.984883e+01 4.934709e+01 4.934709e+01
   endloop
 endfacet
 facet normal  9.8871953151e-01 -1.2417535876e-01 -8.3750631628e-02
   outer loop
     vertex  9.984883e+01 4.934709e+01 4.934709e+01
     vertex  9.974268e+01 4.884237e+01 4.884237e+01
     vertex  9.974268e+01 6.365429e+01 2.688104e+01
   endloop
 endfacet
 facet normal  9.8871953151e-01 -1.2417535876e-01 -8.3750631628e-02
   outer loop
     vertex  9.984883e+01 4.934709e+01 4.934709e+01
     vertex  9.974268e+01 6.365429e+01 2.688104e+01
     vertex  9.984883e+01 6.431207e+01 2.715882e+01
   endloop
 endfacet
 facet normal  9.8869132376e-01 -1.4699285571e-01 -2.9708023905e-02
   outer loop
     vertex  9.984883e+01 6.431207e+01 2.715882e+01
     vertex  9.974268e+01 6.365429e+01 2.688104e+01
     vertex  9.974268e+01 6.908709e+01 0.000000e+00
   endloop
 endfacet
 facet normal  9.8869132376e-01 -1.4699285571e-01 -2.9708023905e-02
   outer loop
     vertex  9.984883e+01 6.431207e+01 2.715882e+01
     vertex  9.974268e+01 6.908709e+01 0.000000e+00
     vertex  9.984883e+01 6.980101e+01 0.000000e+00
   endloop
 endfacet
 facet normal  9.9715660496e-01 7.3863743397e-02 -1.4928248342e-02
   outer loop
     vertex  9.974268e+01 6.908709e+01 0.000000e+00
     vertex  9.978699e+01 6.848893e+01 0.000000e+00
     vertex  9.974268e+01 6.365429e+01 -2.688104e+01
   endloop
 endfacet
 facet normal  9.9715660496e-01 7.3863743397e-02 -1.4928248342e-02
   outer loop
     vertex  9.978699e+01 6.848893e+01 0.000000e+00
     vertex  9.978699e+01 6.310317e+01 -2.664830e+01
     vertex  9.974268e+01 6.365429e+01 -2.688104e+01
   endloop
 endfacet
 facet normal  9.9716378831e-01 6.2396646344e-02 -4.2083699980e-02
   outer loop
     vertex  9.974268e+01 6.365429e+01 -2.688104e+01
     vertex  9.978699e+01 6.310317e+01 -2.664830e+01
     vertex  9.974268e+01 4.884237e+01 -4.884237e+01
   endloop
 endfacet
 facet normal  9.9716378831e-01 6.2396646344e-02 -4.2083699980e-02
   outer loop
     vertex  9.978699e+01 6.310317e+01 -2.664830e+01
     vertex  9.978699e+01 4.841949e+01 -4.841949e+01
     vertex  9.974268e+01 4.884237e+01 -4.884237e+01
   endloop
 endfacet
 facet normal  9.9716378831e-01 4.2083699980e-02 -6.2396646344e-02
   outer loop
     vertex  9.974268e+01 4.884237e+01 -4.884237e+01
     vertex  9.978699e+01 4.841949e+01 -4.841949e+01
     vertex  9.974268e+01 2.688104e+01 -6.365429e+01
   endloop
 endfacet
 facet normal  9.9716378831e-01 4.2083699980e-02 -6.2396646344e-02
   outer loop
     vertex  9.978699e+01 4.841949e+01 -4.841949e+01
     vertex  9.978699e+01 2.664830e+01 -6.310317e+01
     vertex  9.974268e+01 2.688104e+01 -6.365429e+01
   endloop
 endfacet
 facet normal  9.9715660496e-01 1.4928248342e-02 -7.3863743397e-02
   outer loop
     vertex  9.974268e+01 2.688104e+01 -6.365429e+01
     vertex  9.978699e+01 2.664830e+01 -6.310317e+01
     vertex  9.974268e+01 0.000000e+00 -6.908709e+01
   endloop
 endfacet
 facet normal  9.9715660496e-01 1.4928248342e-02 -7.3863743397e-02
   outer loop
     vertex  9.978699e+01 2.664830e+01 -6.310317e+01
     vertex  9.978699e+01 0.000000e+00 -6.848893e+01
     vertex  9.974268e+01 0.000000e+00 -6.908709e+01
   endloop
 endfacet
 facet normal  9.9715660496e-01 -1.4928248342e-02 -7.3863743397e-02
   outer loop
     vertex  9.974268e+01 0.000000e+00 -6.908709e+01
     vertex  9.978699e+01 0.000000e+00 -6.848893e+01
     vertex  9.978699e+01 -2.664830e+01 -6.310317e+01
   endloop
 endfacet
 facet normal  9.9715660496e-01 -1.4928248342e-02 -7.3863743397e-02
   outer loop
     vertex  9.974268e+01 0.000000e+00 -6.908709e+01
     vertex  9.978699e+01 -2.664830e+01 -6.310317e+01
     vertex  9.974268e+01 -2.688104e+01 -6.365429e+01
   endloop
 endfacet
 facet normal  9.9716378831e-01 -4.2083699980e-02 -6.2396646344e-02
   outer loop
     vertex  9.974268e+01 -2.688104e+01 -6.365429e+01
     vertex  9.978699e+01 -2.664830e+01 -6.310317e+01
     vertex  9.978699e+01 -4.841949e+01 -4.841949e+01
   endloop
 endfacet
 facet normal  9.9716378831e-01 -4.2083699980e-02 -6.2396646344e-02
   outer loop
     vertex  9.974268e+01 -2.688104e+01 -6.365429e+01
     vertex  9.978699e+01 -4.841949e+01 -4.841949e+01
     vertex  9.974268e+01 -4.884237e+01 -4.884237e+01
   endloop
 endfacet
 facet normal  9.9716378831e-01 -6.2396646344e-02 -4.2083699980e-02
   outer loop
     vertex  9.974268e+01 -4.884237e+01 -4.884237e+01
     vertex  9.978699e+01 -4.841949e+01 -4.841949e+01
     vertex  9.978699e+01 -6.310317e+01 -2.664830e+01
   endloop
 endfacet
 facet normal  9.9716378831e-01 -6.2396646344e-02 -4.2083699980e-02
   outer loop
     vertex  9.974268e+01 -4.884237e+01 -4.884237e+01
     vertex  9.978699e+01 -6.310317e+01 -2.664830e+01
     vertex  9.974268e+01 -6.365429e+01 -2.688104e+01
   endloop
 endfacet
 facet normal  9.9715660496e-01 -7.3863743397e-02 -1.4928248342e-02
   outer loop
     vertex  9.974268e+01 -6.365429e+01 -2.688104e+01
     vertex  9.978699e+01 -6.310317e+01 -2.664830e+01
     vertex  9.978699e+01 -6.848893e+01 0.000000e+00
   endloop
 endfacet
 facet normal  9.9715660496e-01 -7.3863743397e-02 -1.4928248342e-02
   outer loop
     vertex  9.974268e+01 -6.365429e+01 -2.688104e+01
     vertex  9.978699e+01 -6.848893e+01 0.000000e+00
     vertex  9.974268e+01 -6.908709e+01 0.000000e+00
   endloop
 endfacet
 facet normal  9.9715660496e-01 -7.3863743397e-02 1.4928248342e-02
   outer loop
     vertex  9.974268e+01 -6.908709e+01 0.000000e+00
     vertex  9.978699e+01 -6.848893e+01 0.000000e+00
     vertex  9.974268e+01 -6.365429e+01 2.688104e+01
   endloop
 endfacet
 facet normal  9.9715660496e-01 -7.3863743397e-02 1.4928248342e-02
   outer loop
     vertex  9.978699e+01 -6.848893e+01 0.000000e+00
     vertex  9.978699e+01 -6.310317e+01 2.664830e+01
     vertex  9.974268e+01 -6.365429e+01 2.688104e+01
   endloop
 endfacet
 facet normal  9.9716378831e-01 -6.2396646344e-02 4.2083699980e-02
   outer loop
     vertex  9.974268e+01 -6.365429e+01 2.688104e+01
     vertex  9.978699e+01 -6.310317e+01 2.664830e+01
     vertex  9.974268e+01 -4.884237e+01 4.884237e+01
   endloop
 endfacet
 facet normal  9.9716378831e-01 -6.2396646344e-02 4.2083699980e-02
   outer loop
     vertex  9.978699e+01 -6.310317e+01 2.664830e+01
     vertex  9.978699e+01 -4.841949e+01 4.841949e+01
     vertex  9.974268e+01 -4.884237e+01 4.884237e+01
   endloop
 endfacet
 facet normal  9.9716378831e-01 -4.2083699980e-02 6.2396646344e-02
   outer loop
     vertex  9.974268e+01 -4.884237e+01 4.884237e+01
     vertex  9.978699e+01 -4.841949e+01 4.841949e+01
     vertex  9.974268e+01 -2.688104e+01 6.365429e+01
   endloop
 endfacet
 facet normal  9.9716378831e-01 -4.2083699980e-02 6.2396646344e-02
   outer loop
     vertex  9.978699e+01 -4.841949e+01 4.841949e+01
     vertex  9.978699e+01 -2.664830e+01 6.310317e+01
     vertex  9.974268e+01 -2.688104e+01 6.365429e+01
   endloop
 endfacet
 facet normal  9.9715660496e-01 -1.4928248342e-02 7.3863743397e-02
   outer loop
     vertex  9.974268e+01 -2.688104e+01 6.365429e+01
     vertex  9.978699e+01 -2.664830e+01 6.310317e+01
     vertex  9.974268e+01 0.000000e+00 6.908709e+01
   endloop
 endfacet
 facet normal  9.9715660496e-01 -1.4928248342e-02 7.3863743397e-02
   outer loop
     vertex  9.978699e+01 -2.664830e+01 6.310317e+01
     vertex  9.978699e+01 0.000000e+00 6.848893e+01
     vertex  9.974268e+01 0.000000e+00 6.908709e+01
   endloop
 endfacet
 facet normal  9.9715660496e-01 1.4928248342e-02 7.3863743397e-02
   outer loop
     vertex  9.974268e+01 0.000000e+00 6.908709e+01
     vertex  9.978699e+01 0.000000e+00 6.848893e+01
     vertex  9.978699e+01 2.664830e+01 6.310317e+01
   endloop
 endfacet
 facet normal  9.9715660496e-01 1.4928248342e-02 7.3863743397e-02
   outer loop
     vertex  9.974268e+01 0.000000e+00 6.908709e+01
     vertex  9.978699e+01 2.664830e+01 6.310317e+01
     vertex  9.974268e+01 2.688104e+01 6.365429e+01
   endloop
 endfacet
 facet normal  9.9716378831e-01 4.2083699980e-02 6.2396646344e-02
   outer loop
     vertex  9.974268e+01 2.688104e+01 6.365429e+01
     vertex  9.978699e+01 2.664830e+01 6.310317e+01
     vertex  9.978699e+01 4.841949e+01 4.841949e+01
   endloop
 endfacet
 facet normal  9.9716378831e-01 4.2083699980e-02 6.2396646344e-02
   outer loop
     vertex  9.974268e+01 2.688104e+01 6.365429e+01
     vertex  9.978699e+01 4.841949e+01 4.841949e+01
     vertex  9.974268e+01 4.884237e+01 4.884237e+01
   endloop
 endfacet
 facet normal  9.9716378831e-01 6.2396646344e-02 4.2083699980e-02
   outer loop
     vertex  9.974268e+01 4.884237e+01 4.884237e+01
     vertex  9.978699e+01 4.841949e+01 4.841949e+01
     vertex  9.978699e+01 6.310317e+01 2.664830e+01
   endloop
 endfacet
 facet normal  9.9716378831e-01 6.2396646344e-02 4.2083699980e-02
   outer loop
     vertex  9.974268e+01 4.884237e+01 4.884237e+01
     vertex  9.978699e+01 6.310317e+01 2.664830e+01
     vertex  9.974268e+01 6.365429e+01 2.688104e+01
   endloop
 endfacet
 facet normal  9.9715660496e-01 7.3863743397e-02 1.4928248342e-02
   outer loop
     vertex  9.974268e+01 6.365429e+01 2.688104e+01
     vertex  9.978699e+01 6.310317e+01 2.664830e+01
     vertex  9.978699e+01 6.848893e+01 0.000000e+00
   endloop
 endfacet
 facet normal  9.9715660496e-01 7.3863743397e-02 1.4928248342e-02
   outer loop
     vertex  9.974268e+01 6.365429e+01 2.688104e+01
     vertex  9.978699e+01 6.848893e+01 0.000000e+00
     vertex  9.974268e+01 6.908709e+01 0.000000e+00
   endloop
 endfacet
 facet normal  6.2058450042e-01 7.6859937528e-01 -1.5533794826e-01
   outer loop
     vertex  9.978699e+01 6.848893e+01 0.000000e+00
     vertex  1.000977e+02 6.823810e+01 0.000000e+00
     vertex  9.978699e+01 6.310317e+01 -2.664830e+01
   endloop
 endfacet
 facet normal  6.2058450042e-01 7.6859937528e-01 -1.5533794826e-01
   outer loop
     vertex  1.000977e+02 6.823810e+01 0.000000e+00
     vertex  1.000977e+02 6.287206e+01 -2.655070e+01
     vertex  9.978699e+01 6.310317e+01 -2.664830e+01
   endloop
 endfacet
 facet normal  6.2106912564e-01 6.4977926513e-01 -4.3824656050e-01
   outer loop
     vertex  9.978699e+01 6.310317e+01 -2.664830e+01
     vertex  1.000977e+02 6.287206e+01 -2.655070e+01
     vertex  9.978699e+01 4.841949e+01 -4.841949e+01
   endloop
 endfacet
 facet normal  6.2106912564e-01 6.4977926513e-01 -4.3824656050e-01
   outer loop
     vertex  1.000977e+02 6.287206e+01 -2.655070e+01
     vertex  1.000977e+02 4.824216e+01 -4.824216e+01
     vertex  9.978699e+01 4.841949e+01 -4.841949e+01
   endloop
 endfacet
 facet normal  6.2106912564e-01 4.3824656050e-01 -6.4977926513e-01
   outer loop
     vertex  9.978699e+01 4.841949e+01 -4.841949e+01
     vertex  1.000977e+02 4.824216e+01 -4.824216e+01
     vertex  9.978699e+01 2.664830e+01 -6.310317e+01
   endloop
 endfacet
 facet normal  6.2106912564e-01 4.3824656050e-01 -6.4977926513e-01
   outer loop
     vertex  1.000977e+02 4.824216e+01 -4.824216e+01
     vertex  1.000977e+02 2.655070e+01 -6.287206e+01
     vertex  9.978699e+01 2.664830e+01 -6.310317e+01
   endloop
 endfacet
 facet normal  6.2058450042e-01 1.5533794826e-01 -7.6859937528e-01
   outer loop
     vertex  9.978699e+01 2.664830e+01 -6.310317e+01
     vertex  1.000977e+02 2.655070e+01 -6.287206e+01
     vertex  9.978699e+01 0.000000e+00 -6.848893e+01
   endloop
 endfacet
 facet normal  6.2058450042e-01 1.5533794826e-01 -7.6859937528e-01
   outer loop
     vertex  1.000977e+02 2.655070e+01 -6.287206e+01
     vertex  1.000977e+02 0.000000e+00 -6.823810e+01
     vertex  9.978699e+01 0.000000e+00 -6.848893e+01
   endloop
 endfacet
 facet normal  6.2058450042e-01 -1.5533794826e-01 -7.6859937528e-01
   outer loop
     vertex  9.978699e+01 0.000000e+00 -6.848893e+01
     vertex  1.000977e+02 0.000000e+00 -6.823810e+01
     vertex  1.000977e+02 -2.655070e+01 -6.287206e+01
   endloop
 endfacet
 facet normal  6.2058450042e-01 -1.5533794826e-01 -7.6859937528e-01
   outer loop
     vertex  9.978699e+01 0.000000e+00 -6.848893e+01
     vertex  1.000977e+02 -2.655070e+01 -6.287206e+01
     vertex  9.978699e+01 -2.664830e+01 -6.310317e+01
   endloop
 endfacet
 facet normal  6.2106912564e-01 -4.3824656050e-01 -6.4977926513e-01
   outer loop
     vertex  9.978699e+01 -2.664830e+01 -6.310317e+01
     vertex  1.000977e+02 -2.655070e+01 -6.287206e+01
     vertex  1.000977e+02 -4.824216e+01 -4.824216e+01
   endloop
 endfacet
 facet normal  6.2106912564e-01 -4.3824656050e-01 -6.4977926513e-01
   outer loop
     vertex  9.978699e+01 -2.664830e+01 -6.310317e+01
     vertex  1.000977e+02 -4.824216e+01 -4.824216e+01
     vertex  9.978699e+01 -4.841949e+01 -4.841949e+01
   endloop
 endfacet
 facet normal  6.2106912564e-01 -6.4977926513e-01 -4.3824656050e-01
   outer loop
     vertex  9.978699e+01 -4.841949e+01 -4.841949e+01
     vertex  1.000977e+02 -4.824216e+01 -4.824216e+01
     vertex  1.000977e+02 -6.287206e+01 -2.655070e+01
   endloop
 endfacet
 facet normal  6.2106912564e-01 -6.4977926513e-01 -4.3824656050e-01
   outer loop
     vertex  9.978699e+01 -4.841949e+01 -4.841949e+01
     vertex  1.000977e+02 -6.287206e+01 -2.655070e+01
     vertex  9.978699e+01 -6.310317e+01 -2.664830e+01
   endloop
 endfacet
 facet normal  6.2058450042e-01 -7.6859937528e-01 -1.5533794826e-01
   outer loop
     vertex  9.978699e+01 -6.310317e+01 -2.664830e+01
     vertex  1.000977e+02 -6.287206e+01 -2.655070e+01
     vertex  1.000977e+02 -6.823810e+01 0.000000e+00
   endloop
 endfacet
 facet normal  6.2058450042e-01 -7.6859937528e-01 -1.5533794826e-01
   outer loop
     vertex  9.978699e+01 -6.310317e+01 -2.664830e+01
     vertex  1.000977e+02 -6.823810e+01 0.000000e+00
     vertex  9.978699e+01 -6.848893e+01 0.000000e+00
   endloop
 endfacet
 facet normal  6.2058450042e-01 -7.6859937528e-01 1.5533794826e-01
   outer loop
     vertex  9.978699e+01 -6.848893e+01 0.000000e+00
     vertex  1.000977e+02 -6.823810e+01 0.000000e+00
     vertex  9.978699e+01 -6.310317e+01 2.664830e+01
   endloop
 endfacet
 facet normal  6.2058450042e-01 -7.6859937528e-01 1.5533794826e-01
   outer loop
     vertex  1.000977e+02 -6.823810e+01 0.000000e+00
     vertex  1.000977e+02 -6.287206e+01 2.655070e+01
     vertex  9.978699e+01 -6.310317e+01 2.664830e+01
   endloop
 endfacet
 facet normal  6.2106912564e-01 -6.4977926513e-01 4.3824656050e-01
   outer loop
     vertex  9.978699e+01 -6.310317e+01 2.664830e+01
     vertex  1.000977e+02 -6.287206e+01 2.655070e+01
     vertex  9.978699e+01 -4.841949e+01 4.841949e+01
   endloop
 endfacet
 facet normal  6.2106912564e-01 -6.4977926513e-01 4.3824656050e-01
   outer loop
     vertex  1.000977e+02 -6.287206e+01 2.655070e+01
     vertex  1.000977e+02 -4.824216e+01 4.824216e+01
     vertex  9.978699e+01 -4.841949e+01 4.841949e+01
   endloop
 endfacet
 facet normal  6.2106912564e-01 -4.3824656050e-01 6.4977926513e-01
   outer loop
     vertex  9.978699e+01 -4.841949e+01 4.841949e+01
     vertex  1.000977e+02 -4.824216e+01 4.824216e+01
     vertex  9.978699e+01 -2.664830e+01 6.310317e+01
   endloop
 endfacet
 facet normal  6.2106912564e-01 -4.3824656050e-01 6.4977926513e-01
   outer loop
     vertex  1.000977e+02 -4.824216e+01 4.824216e+01
     vertex  1.000977e+02 -2.655070e+01 6.287206e+01
     vertex  9.978699e+01 -2.664830e+01 6.310317e+01
   endloop
 endfacet
 facet normal  6.2058450042e-01 -1.5533794826e-01 7.6859937528e-01
   outer loop
     vertex  9.978699e+01 -2.664830e+01 6.310317e+01
     vertex  1.000977e+02 -2.655070e+01 6.287206e+01
     vertex  9.978699e+01 0.000000e+00 6.848893e+01
   endloop
 endfacet
 facet normal  6.2058450042e-01 -1.5533794826e-01 7.6859937528e-01
   outer loop
     vertex  1.000977e+02 -2.655070e+01 6.287206e+01
     vertex  1.000977e+02 0.000000e+00 6.823810e+01
     vertex  9.978699e+01 0.000000e+00 6.848893e+01
   endloop
 endfacet
 facet normal  6.2058450042e-01 1.5533794826e-01 7.6859937528e-01
   outer loop
     vertex  9.978699e+01 0.000000e+00 6.848893e+01
     vertex  1.000977e+02 0.000000e+00 6.823810e+01
     vertex  1.000977e+02 2.655070e+01 6.287206e+01
   endloop
 endfacet
 facet normal  6.2058450042e-01 1.5533794826e-01 7.6859937528e-01
   outer loop
     vertex  9.978699e+01 0.000000e+00 6.848893e+01
     vertex  1.000977e+02 2.655070e+01 6.287206e+01
     vertex  9.978699e+01 2.664830e+01 6.310317e+01
   endloop
 endfacet
 facet normal  6.2106912564e-01 4.3824656050e-01 6.4977926513e-01
   outer loop
     vertex  9.978699e+01 2.664830e+01 6.310317e+01
     vertex  1.000977e+02 2.655070e+01 6.287206e+01
     vertex  1.000977e+02 4.824216e+01 4.824216e+01
   endloop
 endfacet
 facet normal  6.2106912564e-01 4.3824656050e-01 6.4977926513e-01
   outer loop
     vertex  9.978699e+01 2.664830e+01 6.310317e+01
     vertex  1.000977e+02 4.824216e+01 4.824216e+01
     vertex  9.978699e+01 4.841949e+01 4.841949e+01
   endloop
 endfacet
 facet normal  6.2106912564e-01 6.4977926513e-01 4.3824656050e-01
   outer loop
     vertex  9.978699e+01 4.841949e+01 4.841949e+01
     vertex  1.000977e+02 4.824216e+01 4.824216e+01
     vertex  1.000977e+02 6.287206e+01 2.655070e+01
   endloop
 endfacet
 facet normal  6.2106912564e-01 6.4977926513e-01 4.3824656050e-01
   outer loop
     vertex  9.978699e+01 4.841949e+01 4.841949e+01
     vertex  1.000977e+02 6.287206e+01 2.655070e+01
     vertex  9.978699e+01 6.310317e+01 2.664830e+01
   endloop
 endfacet
 facet normal  6.2058450042e-01 7.6859937528e-01 1.5533794826e-01
   outer loop
     vertex  9.978699e+01 6.310317e+01 2.664830e+01
     vertex  1.000977e+02 6.287206e+01 2.655070e+01
     vertex  1.000977e+02 6.823810e+01 0.000000e+00
   endloop
 endfacet
 facet normal  6.2058450042e-01 7.6859937528e-01 1.5533794826e-01
   outer loop
     vertex  9.978699e+01 6.310317e+01 2.664830e+01
     vertex  1.000977e+02 6.823810e+01 0.000000e+00
     vertex  9.978699e+01 6.848893e+01 0.000000e+00
   endloop
 endfacet
 facet normal  9.4831325274e-01 3.1104673420e-01 -6.2864169627e-02
   outer loop
     vertex  1.000977e+02 6.823810e+01 0.000000e+00
     vertex  1.002622e+02 6.773642e+01 0.000000e+00
     vertex  1.000977e+02 6.287206e+01 -2.655070e+01
   endloop
 endfacet
 facet normal  9.4831325274e-01 3.1104673420e-01 -6.2864169627e-02
   outer loop
     vertex  1.002622e+02 6.773642e+01 0.000000e+00
     vertex  1.002622e+02 6.240983e+01 -2.635551e+01
     vertex  1.000977e+02 6.287206e+01 -2.655070e+01
   endloop
 endfacet
 facet normal  9.4843441933e-01 2.6278945737e-01 -1.7723953658e-01
   outer loop
     vertex  1.000977e+02 6.287206e+01 -2.655070e+01
     vertex  1.002622e+02 6.240983e+01 -2.635551e+01
     vertex  1.000977e+02 4.824216e+01 -4.824216e+01
   endloop
 endfacet
 facet normal  9.4843441933e-01 2.6278945737e-01 -1.7723953658e-01
   outer loop
     vertex  1.002622e+02 6.240983e+01 -2.635551e+01
     vertex  1.002622e+02 4.788749e+01 -4.788749e+01
     vertex  1.000977e+02 4.824216e+01 -4.824216e+01
   endloop
 endfacet
 facet normal  9.4843441933e-01 1.7723953658e-01 -2.6278945737e-01
   outer loop
     vertex  1.000977e+02 4.824216e+01 -4.824216e+01
     vertex  1.002622e+02 4.788749e+01 -4.788749e+01
     vertex  1.000977e+02 2.655070e+01 -6.287206e+01
   endloop
 endfacet
 facet normal  9.4843441933e-01 1.7723953658e-01 -2.6278945737e-01
   outer loop
     vertex  1.002622e+02 4.788749e+01 -4.788749e+01
     vertex  1.002622e+02 2.635551e+01 -6.240983e+01
     vertex  1.000977e+02 2.655070e+01 -6.287206e+01
   endloop
 endfacet
 facet normal  9.4831325274e-01 6.2864169627e-02 -3.1104673420e-01
   outer loop
     vertex  1.000977e+02 2.655070e+01 -6.287206e+01
     vertex  1.002622e+02 2.635551e+01 -6.240983e+01
     vertex  1.000977e+02 0.000000e+00 -6.823810e+01
   endloop
 endfacet
 facet normal  9.4831325274e-01 6.2864169627e-02 -3.1104673420e-01
   outer loop
     vertex  1.002622e+02 2.635551e+01 -6.240983e+01
     vertex  1.002622e+02 0.000000e+00 -6.773642e+01
     vertex  1.000977e+02 0.000000e+00 -6.823810e+01
   endloop
 endfacet
 facet normal  9.4831325274e-01 -6.2864169627e-02 -3.1104673420e-01
   outer loop
     vertex  1.000977e+02 0.000000e+00 -6.823810e+01
     vertex  1.002622e+02 0.000000e+00 -6.773642e+01
     vertex  1.002622e+02 -2.635551e+01 -6.240983e+01
   endloop
 endfacet
 facet normal  9.4831325274e-01 -6.2864169627e-02 -3.1104673420e-01
   outer loop
     vertex  1.000977e+02 0.000000e+00 -6.823810e+01
     vertex  1.002622e+02 -2.635551e+01 -6.240983e+01
     vertex  1.000977e+02 -2.655070e+01 -6.287206e+01
   endloop
 endfacet
 facet normal  9.4843441933e-01 -1.7723953658e-01 -2.6278945737e-01
   outer loop
     vertex  1.000977e+02 -2.655070e+01 -6.287206e+01
     vertex  1.002622e+02 -2.635551e+01 -6.240983e+01
     vertex  1.002622e+02 -4.788749e+01 -4.788749e+01
   endloop
 endfacet
 facet normal  9.4843441933e-01 -1.7723953658e-01 -2.6278945737e-01
   outer loop
     vertex  1.000977e+02 -2.655070e+01 -6.287206e+01
     vertex  1.002622e+02 -4.788749e+01 -4.788749e+01
     vertex  1.000977e+02 -4.824216e+01 -4.824216e+01
   endloop
 endfacet
 facet normal  9.4843441933e-01 -2.6278945737e-01 -1.7723953658e-01
   outer loop
     vertex  1.000977e+02 -4.824216e+01 -4.824216e+01
     vertex  1.002622e+02 -4.788749e+01 -4.788749e+01
     vertex  1.002622e+02 -6.240983e+01 -2.635551e+01
   endloop
 endfacet
 facet normal  9.4843441933e-01 -2.6278945737e-01 -1.7723953658e-01
   outer loop
     vertex  1.000977e+02 -4.824216e+01 -4.824216e+01
     vertex  1.002622e+02 -6.240983e+01 -2.635551e+01
     vertex  1.000977e+02 -6.287206e+01 -2.655070e+01
   endloop
 endfacet
 facet normal  9.4831325274e-01 -3.1104673420e-01 -6.2864169627e-02
   outer loop
     vertex  1.000977e+02 -6.287206e+01 -2.655070e+01
     vertex  1.002622e+02 -6.240983e+01 -2.635551e+01
     vertex  1.002622e+02 -6.773642e+01 0.000000e+00
   endloop
 endfacet
 facet normal  9.4831325274e-01 -3.1104673420e-01 -6.2864169627e-02
   outer loop
     vertex  1.000977e+02 -6.287206e+01 -2.655070e+01
     vertex  1.002622e+02 -6.773642e+01 0.000000e+00
     vertex  1.000977e+02 -6.823810e+01 0.000000e+00
   endloop
 endfacet
 facet normal  9.4831325274e-01 -3.1104673420e-01 6.2864169627e-02
   outer loop
     vertex  1.000977e+02 -6.823810e+01 0.000000e+00
     vertex  1.002622e+02 -6.773642e+01 0.000000e+00
     vertex  1.000977e+02 -6.287206e+01 2.655070e+01
   endloop
 endfacet
 facet normal  9.4831325274e-01 -3.1104673420e-01 6.2864169627e-02
   outer loop
     vertex  1.002622e+02 -6.773642e+01 0.000000e+00
     vertex  1.002622e+02 -6.240983e+01 2.635551e+01
     vertex  1.000977e+02 -6.287206e+01 2.655070e+01
   endloop
 endfacet
 facet normal  9.4843441933e-01 -2.6278945737e-01 1.7723953658e-01
   outer loop
     vertex  1.000977e+02 -6.287206e+01 2.655070e+01
     vertex  1.002622e+02 -6.240983e+01 2.635551e+01
     vertex  1.000977e+02 -4.824216e+01 4.824216e+01
   endloop
 endfacet
 facet normal  9.4843441933e-01 -2.6278945737e-01 1.7723953658e-01
   outer loop
     vertex  1.002622e+02 -6.240983e+01 2.635551e+01
     vertex  1.002622e+02 -4.788749e+01 4.788749e+01
     vertex  1.000977e+02 -4.824216e+01 4.824216e+01
   endloop
 endfacet
 facet normal  9.4843441933e-01 -1.7723953658e-01 2.6278945737e-01
   outer loop
     vertex  1.000977e+02 -4.824216e+01 4.824216e+01
     vertex  1.002622e+02 -4.788749e+01 4.788749e+01
     vertex  1.000977e+02 -2.655070e+01 6.287206e+01
   endloop
 endfacet
 facet normal  9.4843441933e-01 -1.7723953658e-01 2.6278945737e-01
   outer loop
     vertex  1.002622e+02 -4.788749e+01 4.788749e+01
     vertex  1.002622e+02 -2.635551e+01 6.240983e+01
     vertex  1.000977e+02 -2.655070e+01 6.287206e+01
   endloop
 endfacet
 facet normal  9.4831325274e-01 -6.2864169627e-02 3.1104673420e-01
   outer loop
     vertex  1.000977e+02 -2.655070e+01 6.287206e+01
     vertex  1.002622e+02 -2.635551e+01 6.240983e+01
     vertex  1.000977e+02 0.000000e+00 6.823810e+01
   endloop
 endfacet
 facet normal  9.4831325274e-01 -6.2864169627e-02 3.1104673420e-01
   outer loop
     vertex  1.002622e+02 -2.635551e+01 6.240983e+01
     vertex  1.002622e+02 0.000000e+00 6.773642e+01
     vertex  1.000977e+02 0.000000e+00 6.823810e+01
   endloop
 endfacet
 facet normal  9.4831325274e-01 6.2864169627e-02 3.1104673420e-01
   outer loop
     vertex  1.000977e+02 0.000000e+00 6.823810e+01
     vertex  1.002622e+02 0.000000e+00 6.773642e+01
     vertex  1.002622e+02 2.635551e+01 6.240983e+01
   endloop
 endfacet
 facet normal  9.4831325274e-01 6.2864169627e-02 3.1104673420e-01
   outer loop
     vertex  1.000977e+02 0.000000e+00 6.823810e+01
     vertex  1.002622e+02 2.635551e+01 6.240983e+01
     vertex  1.000977e+02 2.655070e+01 6.287206e+01
   endloop
 endfacet
 facet normal  9.4843441933e-01 1.7723953658e-01 2.6278945737e-01
   outer loop
     vertex  1.000977e+02 2.655070e+01 6.287206e+01
     vertex  1.002622e+02 2.635551e+01 6.240983e+01
     vertex  1.002622e+02 4.788749e+01 4.788749e+01
   endloop
 endfacet
 facet normal  9.4843441933e-01 1.7723953658e-01 2.6278945737e-01
   outer loop
     vertex  1.000977e+02 2.655070e+01 6.287206e+01
     vertex  1.002622e+02 4.788749e+01 4.788749e+01
     vertex  1.000977e+02 4.824216e+01 4.824216e+01
   endloop
 endfacet
 facet normal  9.4843441933e-01 2.6278945737e-01 1.7723953658e-01
   outer loop
     vertex  1.000977e+02 4.824216e+01 4.824216e+01
     vertex  1.002622e+02 4.788749e+01 4.788749e+01
     vertex  1.002622e+02 6.240983e+01 2.635551e+01
   endloop
 endfacet
 facet normal  9.4843441933e-01 2.6278945737e-01 1.7723953658e-01
   outer loop
     vertex  1.000977e+02 4.824216e+01 4.824216e+01
     vertex  1.002622e+02 6.240983e+01 2.635551e+01
     vertex  1.000977e+02 6.287206e+01 2.655070e+01
   endloop
 endfacet
 facet normal  9.4831325274e-01 3.1104673420e-01 6.2864169627e-02
   outer loop
     vertex  1.000977e+02 6.287206e+01 2.655070e+01
     vertex  1.002622e+02 6.240983e+01 2.635551e+01
     vertex  1.002622e+02 6.773642e+01 0.000000e+00
   endloop
 endfacet
 facet normal  9.4831325274e-01 3.1104673420e-01 6.2864169627e-02
   outer loop
     vertex  1.000977e+02 6.287206e+01 2.655070e+01
     vertex  1.002622e+02 6.773642e+01 0.000000e+00
     vertex  1.000977e+02 6.823810e+01 0.000000e+00
   endloop
 endfacet
 facet normal  9.7869968177e-01 -2.0122856974e-01 4.0669344991e-02
   outer loop
     vertex  1.002622e+02 6.773642e+01 0.000000e+00
     vertex  1.000162e+02 6.654011e+01 0.000000e+00
     vertex  1.002622e+02 6.240983e+01 -2.635551e+01
   endloop
 endfacet
 facet normal  9.7869968177e-01 -2.0122856974e-01 4.0669344991e-02
   outer loop
     vertex  1.000162e+02 6.654011e+01 0.000000e+00
     vertex  1.000162e+02 6.130760e+01 -2.589004e+01
     vertex  1.002622e+02 6.240983e+01 -2.635551e+01
   endloop
 endfacet
 facet normal  9.7875201290e-01 -1.6999637761e-01 1.1465482477e-01
   outer loop
     vertex  1.002622e+02 6.240983e+01 -2.635551e+01
     vertex  1.000162e+02 6.130760e+01 -2.589004e+01
     vertex  1.002622e+02 4.788749e+01 -4.788749e+01
   endloop
 endfacet
 facet normal  9.7875201290e-01 -1.6999637761e-01 1.1465482477e-01
   outer loop
     vertex  1.000162e+02 6.130760e+01 -2.589004e+01
     vertex  1.000162e+02 4.704174e+01 -4.704174e+01
     vertex  1.002622e+02 4.788749e+01 -4.788749e+01
   endloop
 endfacet
 facet normal  9.7875201290e-01 -1.1465482477e-01 1.6999637761e-01
   outer loop
     vertex  1.002622e+02 4.788749e+01 -4.788749e+01
     vertex  1.000162e+02 4.704174e+01 -4.704174e+01
     vertex  1.002622e+02 2.635551e+01 -6.240983e+01
   endloop
 endfacet
 facet normal  9.7875201290e-01 -1.1465482477e-01 1.6999637761e-01
   outer loop
     vertex  1.000162e+02 4.704174e+01 -4.704174e+01
     vertex  1.000162e+02 2.589004e+01 -6.130760e+01
     vertex  1.002622e+02 2.635551e+01 -6.240983e+01
   endloop
 endfacet
 facet normal  9.7869968177e-01 -4.0669344991e-02 2.0122856974e-01
   outer loop
     vertex  1.002622e+02 2.635551e+01 -6.240983e+01
     vertex  1.000162e+02 2.589004e+01 -6.130760e+01
     vertex  1.002622e+02 0.000000e+00 -6.773642e+01
   endloop
 endfacet
 facet normal  9.7869968177e-01 -4.0669344991e-02 2.0122856974e-01
   outer loop
     vertex  1.000162e+02 2.589004e+01 -6.130760e+01
     vertex  1.000162e+02 0.000000e+00 -6.654011e+01
     vertex  1.002622e+02 0.000000e+00 -6.773642e+01
   endloop
 endfacet
 facet normal  9.7869968177e-01 4.0669344991e-02 2.0122856974e-01
   outer loop
     vertex  1.002622e+02 0.000000e+00 -6.773642e+01
     vertex  1.000162e+02 0.000000e+00 -6.654011e+01
     vertex  1.000162e+02 -2.589004e+01 -6.130760e+01
   endloop
 endfacet
 facet normal  9.7869968177e-01 4.0669344991e-02 2.0122856974e-01
   outer loop
     vertex  1.002622e+02 0.000000e+00 -6.773642e+01
     vertex  1.000162e+02 -2.589004e+01 -6.130760e+01
     vertex  1.002622e+02 -2.635551e+01 -6.240983e+01
   endloop
 endfacet
 facet normal  9.7875201290e-01 1.1465482477e-01 1.6999637761e-01
   outer loop
     vertex  1.002622e+02 -2.635551e+01 -6.240983e+01
     vertex  1.000162e+02 -2.589004e+01 -6.130760e+01
     vertex  1.000162e+02 -4.704174e+01 -4.704174e+01
   endloop
 endfacet
 facet normal  9.7875201290e-01 1.1465482477e-01 1.6999637761e-01
   outer loop
     vertex  1.002622e+02 -2.635551e+01 -6.240983e+01
     vertex  1.000162e+02 -4.704174e+01 -4.704174e+01
     vertex  1.002622e+02 -4.788749e+01 -4.788749e+01
   endloop
 endfacet
 facet normal  9.7875201290e-01 1.6999637761e-01 1.1465482477e-01
   outer loop
     vertex  1.002622e+02 -4.788749e+01 -4.788749e+01
     vertex  1.000162e+02 -4.704174e+01 -4.704174e+01
     vertex  1.000162e+02 -6.130760e+01 -2.589004e+01
   endloop
 endfacet
 facet normal  9.7875201290e-01 1.6999637761e-01 1.1465482477e-01
   outer loop
     vertex  1.002622e+02 -4.788749e+01 -4.788749e+01
     vertex  1.000162e+02 -6.130760e+01 -2.589004e+01
     vertex  1.002622e+02 -6.240983e+01 -2.635551e+01
   endloop
 endfacet
 facet normal  9.7869968177e-01 2.0122856974e-01 4.0669344991e-02
   outer loop
     vertex  1.002622e+02 -6.240983e+01 -2.635551e+01
     vertex  1.000162e+02 -6.130760e+01 -2.589004e+01
     vertex  1.000162e+02 -6.654011e+01 0.000000e+00
   endloop
 endfacet
 facet normal  9.7869968177e-01 2.0122856974e-01 4.0669344991e-02
   outer loop
     vertex  1.002622e+02 -6.240983e+01 -2.635551e+01
     vertex  1.000162e+02 -6.654011e+01 0.000000e+00
     vertex  1.002622e+02 -6.773642e+01 0.000000e+00
   endloop
 endfacet
 facet normal  9.7869968177e-01 2.0122856974e-01 -4.0669344991e-02
   outer loop
     vertex  1.002622e+02 -6.773642e+01 0.000000e+00
     vertex  1.000162e+02 -6.654011e+01 0.000000e+00
     vertex  1.002622e+02 -6.240983e+01 2.635551e+01
   endloop
 endfacet
 facet normal  9.7869968177e-01 2.0122856974e-01 -4.0669344991e-02
   outer loop
     vertex  1.000162e+02 -6.654011e+01 0.000000e+00
     vertex  1.000162e+02 -6.130760e+01 2.589004e+01
     vertex  1.002622e+02 -6.240983e+01 2.635551e+01
   endloop
 endfacet
 facet normal  9.7875201290e-01 1.6999637761e-01 -1.1465482477e-01
   outer loop
     vertex  1.002622e+02 -6.240983e+01 2.635551e+01
     vertex  1.000162e+02 -6.130760e+01 2.589004e+01
     vertex  1.002622e+02 -4.788749e+01 4.788749e+01
   endloop
 endfacet
 facet normal  9.7875201290e-01 1.6999637761e-01 -1.1465482477e-01
   outer loop
     vertex  1.000162e+02 -6.130760e+01 2.589004e+01
     vertex  1.000162e+02 -4.704174e+01 4.704174e+01
     vertex  1.002622e+02 -4.788749e+01 4.788749e+01
   endloop
 endfacet
 facet normal  9.7875201290e-01 1.1465482477e-01 -1.6999637761e-01
   outer loop
     vertex  1.002622e+02 -4.788749e+01 4.788749e+01
     vertex  1.000162e+02 -4.704174e+01 4.704174e+01
     vertex  1.002622e+02 -2.635551e+01 6.240983e+01
   endloop
 endfacet
 facet normal  9.7875201290e-01 1.1465482477e-01 -1.6999637761e-01
   outer loop
     vertex  1.000162e+02 -4.704174e+01 4.704174e+01
     vertex  1.000162e+02 -2.589004e+01 6.130760e+01
     vertex  1.002622e+02 -2.635551e+01 6.240983e+01
   endloop
 endfacet
 facet normal  9.7869968177e-01 4.0669344991e-02 -2.0122856974e-01
   outer loop
     vertex  1.002622e+02 -2.635551e+01 6.240983e+01
     vertex  1.000162e+02 -2.589004e+01 6.130760e+01
     vertex  1.002622e+02 0.000000e+00 6.773642e+01
   endloop
 endfacet
 facet normal  9.7869968177e-01 4.0669344991e-02 -2.0122856974e-01
   outer loop
     vertex  1.000162e+02 -2.589004e+01 6.130760e+01
     vertex  1.000162e+02 0.000000e+00 6.654011e+01
     vertex  1.002622e+02 0.000000e+00 6.773642e+01
   endloop
 endfacet
 facet normal  9.7869968177e-01 -4.0669344991e-02 -2.0122856974e-01
   outer loop
     vertex  1.002622e+02 0.000000e+00 6.773642e+01
     vertex  1.000162e+02 0.000000e+00 6.654011e+01
     vertex  1.000162e+02 2.589004e+01 6.130760e+01
   endloop
 endfacet
 facet normal  9.7869968177e-01 -4.0669344991e-02 -2.0122856974e-01
   outer loop
     vertex  1.002622e+02 0.000000e+00 6.773642e+01
     vertex  1.000162e+02 2.589004e+01 6.130760e+01
     vertex  1.002622e+02 2.635551e+01 6.240983e+01
   endloop
 endfacet
 facet normal  9.7875201290e-01 -1.1465482477e-01 -1.6999637761e-01
   outer loop
     vertex  1.002622e+02 2.635551e+01 6.240983e+01
     vertex  1.000162e+02 2.589004e+01 6.130760e+01
     vertex  1.000162e+02 4.704174e+01 4.704174e+01
   endloop
 endfacet
 facet normal  9.7875201290e-01 -1.1465482477e-01 -1.6999637761e-01
   outer loop
     vertex  1.002622e+02 2.635551e+01 6.240983e+01
     vertex  1.000162e+02 4.704174e+01 4.704174e+01
     vertex  1.002622e+02 4.788749e+01 4.788749e+01
   endloop
 endfacet
 facet normal  9.7875201290e-01 -1.6999637761e-01 -1.1465482477e-01
   outer loop
     vertex  1.002622e+02 4.788749e+01 4.788749e+01
     vertex  1.000162e+02 4.704174e+01 4.704174e+01
     vertex  1.000162e+02 6.130760e+01 2.589004e+01
   endloop
 endfacet
 facet normal  9.7875201290e-01 -1.6999637761e-01 -1.1465482477e-01
   outer loop
     vertex  1.002622e+02 4.788749e+01 4.788749e+01
     vertex  1.000162e+02 6.130760e+01 2.589004e+01
     vertex  1.002622e+02 6.240983e+01 2.635551e+01
   endloop
 endfacet
 facet normal  9.7869968177e-01 -2.0122856974e-01 -4.0669344991e-02
   outer loop
     vertex  1.002622e+02 6.240983e+01 2.635551e+01
     vertex  1.000162e+02 6.130760e+01 2.589004e+01
     vertex  1.000162e+02 6.654011e+01 0.000000e+00
   endloop
 endfacet
 facet normal  9.7869968177e-01 -2.0122856974e-01 -4.0669344991e-02
   outer loop
     vertex  1.002622e+02 6.240983e+01 2.635551e+01
     vertex  1.000162e+02 6.654011e+01 0.000000e+00
     vertex  1.002622e+02 6.773642e+01 0.000000e+00
   endloop
 endfacet
 facet normal  9.7507265636e-01 -2.1748844648e-01 4.3955551009e-02
   outer loop
     vertex  1.000162e+02 6.654011e+01 0.000000e+00
     vertex  9.969776e+01 6.511227e+01 0.000000e+00
     vertex  1.000162e+02 6.130760e+01 -2.589004e+01
   endloop
 endfacet
 facet normal  9.7507265636e-01 -2.1748844648e-01 4.3955551009e-02
   outer loop
     vertex  9.969776e+01 6.511227e+01 0.000000e+00
     vertex  9.969776e+01 5.999204e+01 -2.533448e+01
     vertex  1.000162e+02 6.130760e+01 -2.589004e+01
   endloop
 endfacet
 facet normal  9.7513356047e-01 -1.8373425067e-01 1.2392039531e-01
   outer loop
     vertex  1.000162e+02 6.130760e+01 -2.589004e+01
     vertex  9.969776e+01 5.999204e+01 -2.533448e+01
     vertex  1.000162e+02 4.704174e+01 -4.704174e+01
   endloop
 endfacet
 facet normal  9.7513356047e-01 -1.8373425067e-01 1.2392039531e-01
   outer loop
     vertex  9.969776e+01 5.999204e+01 -2.533448e+01
     vertex  9.969776e+01 4.603230e+01 -4.603230e+01
     vertex  1.000162e+02 4.704174e+01 -4.704174e+01
   endloop
 endfacet
 facet normal  9.7513356047e-01 -1.2392039531e-01 1.8373425067e-01
   outer loop
     vertex  1.000162e+02 4.704174e+01 -4.704174e+01
     vertex  9.969776e+01 4.603230e+01 -4.603230e+01
     vertex  1.000162e+02 2.589004e+01 -6.130760e+01
   endloop
 endfacet
 facet normal  9.7513356047e-01 -1.2392039531e-01 1.8373425067e-01
   outer loop
     vertex  9.969776e+01 4.603230e+01 -4.603230e+01
     vertex  9.969776e+01 2.533448e+01 -5.999204e+01
     vertex  1.000162e+02 2.589004e+01 -6.130760e+01
   endloop
 endfacet
 facet normal  9.7507265636e-01 -4.3955551009e-02 2.1748844648e-01
   outer loop
     vertex  1.000162e+02 2.589004e+01 -6.130760e+01
     vertex  9.969776e+01 2.533448e+01 -5.999204e+01
     vertex  1.000162e+02 0.000000e+00 -6.654011e+01
   endloop
 endfacet
 facet normal  9.7507265636e-01 -4.3955551009e-02 2.1748844648e-01
   outer loop
     vertex  9.969776e+01 2.533448e+01 -5.999204e+01
     vertex  9.969776e+01 0.000000e+00 -6.511227e+01
     vertex  1.000162e+02 0.000000e+00 -6.654011e+01
   endloop
 endfacet
 facet normal  9.7507265636e-01 4.3955551009e-02 2.1748844648e-01
   outer loop
     vertex  1.000162e+02 0.000000e+00 -6.654011e+01
     vertex  9.969776e+01 0.000000e+00 -6.511227e+01
     vertex  9.969776e+01 -2.533448e+01 -5.999204e+01
   endloop
 endfacet
 facet normal  9.7507265636e-01 4.3955551009e-02 2.1748844648e-01
   outer loop
     vertex  1.000162e+02 0.000000e+00 -6.654011e+01
     vertex  9.969776e+01 -2.533448e+01 -5.999204e+01
     vertex  1.000162e+02 -2.589004e+01 -6.130760e+01
   endloop
 endfacet
 facet normal  9.7513356047e-01 1.2392039531e-01 1.8373425067e-01
   outer loop
     vertex  1.000162e+02 -2.589004e+01 -6.130760e+01
     vertex  9.969776e+01 -2.533448e+01 -5.999204e+01
     vertex  9.969776e+01 -4.603230e+01 -4.603230e+01
   endloop
 endfacet
 facet normal  9.7513356047e-01 1.2392039531e-01 1.8373425067e-01
   outer loop
     vertex  1.000162e+02 -2.589004e+01 -6.130760e+01
     vertex  9.969776e+01 -4.603230e+01 -4.603230e+01
     vertex  1.000162e+02 -4.704174e+01 -4.704174e+01
   endloop
 endfacet
 facet normal  9.7513356047e-01 1.8373425067e-01 1.2392039531e-01
   outer loop
     vertex  1.000162e+02 -4.704174e+01 -4.704174e+01
     vertex  9.969776e+01 -4.603230e+01 -4.603230e+01
     vertex  9.969776e+01 -5.999204e+01 -2.533448e+01
   endloop
 endfacet
 facet normal  9.7513356047e-01 1.8373425067e-01 1.2392039531e-01
   outer loop
     vertex  1.000162e+02 -4.704174e+01 -4.704174e+01
     vertex  9.969776e+01 -5.999204e+01 -2.533448e+01
     vertex  1.000162e+02 -6.130760e+01 -2.589004e+01
   endloop
 endfacet
 facet normal  9.7507265636e-01 2.1748844648e-01 4.3955551009e-02
   outer loop
     vertex  1.000162e+02 -6.130760e+01 -2.589004e+01
     vertex  9.969776e+01 -5.999204e+01 -2.533448e+01
     vertex  9.969776e+01 -6.511227e+01 0.000000e+00
   endloop
 endfacet
 facet normal  9.7507265636e-01 2.1748844648e-01 4.3955551009e-02
   outer loop
     vertex  1.000162e+02 -6.130760e+01 -2.589004e+01
     vertex  9.969776e+01 -6.511227e+01 0.000000e+00
     vertex  1.000162e+02 -6.654011e+01 0.000000e+00
   endloop
 endfacet
 facet normal  9.7507265636e-01 2.1748844648e-01 -4.3955551009e-02
   outer loop
     vertex  1.000162e+02 -6.654011e+01 0.000000e+00
     vertex  9.969776e+01 -6.511227e+01 0.000000e+00
     vertex  1.000162e+02 -6.130760e+01 2.589004e+01
   endloop
 endfacet
 facet normal  9.7507265636e-01 2.1748844648e-01 -4.3955551009e-02
   outer loop
     vertex  9.969776e+01 -6.511227e+01 0.000000e+00
     vertex  9.969776e+01 -5.999204e+01 2.533448e+01
     vertex  1.000162e+02 -6.130760e+01 2.589004e+01
   endloop
 endfacet
 facet normal  9.7513356047e-01 1.8373425067e-01 -1.2392039531e-01
   outer loop
     vertex  1.000162e+02 -6.130760e+01 2.589004e+01
     vertex  9.969776e+01 -5.999204e+01 2.533448e+01
     vertex  1.000162e+02 -4.704174e+01 4.704174e+01
   endloop
 endfacet
 facet normal  9.7513356047e-01 1.8373425067e-01 -1.2392039531e-01
   outer loop
     vertex  9.969776e+01 -5.999204e+01 2.533448e+01
     vertex  9.969776e+01 -4.603230e+01 4.603230e+01
     vertex  1.000162e+02 -4.704174e+01 4.704174e+01
   endloop
 endfacet
 facet normal  9.7513356047e-01 1.2392039531e-01 -1.8373425067e-01
   outer loop
     vertex  1.000162e+02 -4.704174e+01 4.704174e+01
     vertex  9.969776e+01 -4.603230e+01 4.603230e+01
     vertex  1.000162e+02 -2.589004e+01 6.130760e+01
   endloop
 endfacet
 facet normal  9.7513356047e-01 1.2392039531e-01 -1.8373425067e-01
   outer loop
     vertex  9.969776e+01 -4.603230e+01 4.603230e+01
     vertex  9.969776e+01 -2.533448e+01 5.999204e+01
     vertex  1.000162e+02 -2.589004e+01 6.130760e+01
   endloop
 endfacet
 facet normal  9.7507265636e-01 4.3955551009e-02 -2.1748844648e-01
   outer loop
     vertex  1.000162e+02 -2.589004e+01 6.130760e+01
     vertex  9.969776e+01 -2.533448e+01 5.999204e+01
     vertex  1.000162e+02 0.000000e+00 6.654011e+01
   endloop
 endfacet
 facet normal  9.7507265636e-01 4.3955551009e-02 -2.1748844648e-01
   outer loop
     vertex  9.969776e+01 -2.533448e+01 5.999204e+01
     vertex  9.969776e+01 0.000000e+00 6.511227e+01
     vertex  1.000162e+02 0.000000e+00 6.654011e+01
   endloop
 endfacet
 facet normal  9.7507265636e-01 -4.3955551009e-02 -2.1748844648e-01
   outer loop
     vertex  1.000162e+02 0.000000e+00 6.654011e+01
     vertex  9.969776e+01 0.000000e+00 6.511227e+01
     vertex  9.969776e+01 2.533448e+01 5.999204e+01
   endloop
 endfacet
 facet normal  9.7507265636e-01 -4.3955551009e-02 -2.1748844648e-01
   outer loop
     vertex  1.000162e+02 0.000000e+00 6.654011e+01
     vertex  9.969776e+01 2.533448e+01 5.999204e+01
     vertex  1.000162e+02 2.589004e+01 6.130760e+01
   endloop
 endfacet
 facet normal  9.7513356047e-01 -1.2392039531e-01 -1.8373425067e-01
   outer loop
     vertex  1.000162e+02 2.589004e+01 6.130760e+01
     vertex  9.969776e+01 2.533448e+01 5.999204e+01
     vertex  9.969776e+01 4.603230e+01 4.603230e+01
   endloop
 endfacet
 facet normal  9.7513356047e-01 -1.2392039531e-01 -1.8373425067e-01
   outer loop
     vertex  1.000162e+02 2.589004e+01 6.130760e+01
     vertex  9.969776e+01 4.603230e+01 4.603230e+01
     vertex  1.000162e+02 4.704174e+01 4.704174e+01
   endloop
 endfacet
 facet normal  9.7513356047e-01 -1.8373425067e-01 -1.2392039531e-01
   outer loop
     vertex  1.000162e+02 4.704174e+01 4.704174e+01
     vertex  9.969776e+01 4.603230e+01 4.603230e+01
     vertex  9.969776e+01 5.999204e+01 2.533448e+01
   endloop
 endfacet
 facet normal  9.7513356047e-01 -1.8373425067e-01 -1.2392039531e-01
   outer loop
     vertex  1.000162e+02 4.704174e+01 4.704174e+01
     vertex  9.969776e+01 5.999204e+01 2.533448e+01
     vertex  1.000162e+02 6.130760e+01 2.589004e+01
   endloop
 endfacet
 facet normal  9.7507265636e-01 -2.1748844648e-01 -4.3955551009e-02
   outer loop
     vertex  1.000162e+02 6.130760e+01 2.589004e+01
     vertex  9.969776e+01 5.999204e+01 2.533448e+01
     vertex  9.969776e+01 6.511227e+01 0.000000e+00
   endloop
 endfacet
 facet normal  9.7507265636e-01 -2.1748844648e-01 -4.3955551009e-02
   outer loop
     vertex  1.000162e+02 6.130760e+01 2.589004e+01
     vertex  9.969776e+01 6.511227e+01 0.000000e+00
     vertex  1.000162e+02 6.654011e+01 0.000000e+00
   endloop
 endfacet
 facet normal  9.9898093901e-01 -4.4239587382e-02 8.9410516799e-03
   outer loop
     vertex  9.969776e+01 6.511227e+01 0.000000e+00
     vertex  9.964478e+01 6.391596e+01 0.000000e+00
     vertex  9.969776e+01 5.999204e+01 -2.533448e+01
   endloop
 endfacet
 facet normal  9.9898093901e-01 -4.4239587382e-02 8.9410516799e-03
   outer loop
     vertex  9.964478e+01 6.391596e+01 0.000000e+00
     vertex  9.964478e+01 5.888981e+01 -2.486901e+01
     vertex  9.969776e+01 5.999204e+01 -2.533448e+01
   endloop
 endfacet
 facet normal  9.9898352054e-01 -3.7371367998e-02 2.5205287957e-02
   outer loop
     vertex  9.969776e+01 5.999204e+01 -2.533448e+01
     vertex  9.964478e+01 5.888981e+01 -2.486901e+01
     vertex  9.969776e+01 4.603230e+01 -4.603230e+01
   endloop
 endfacet
 facet normal  9.9898352054e-01 -3.7371367998e-02 2.5205287957e-02
   outer loop
     vertex  9.964478e+01 5.888981e+01 -2.486901e+01
     vertex  9.964478e+01 4.518655e+01 -4.518655e+01
     vertex  9.969776e+01 4.603230e+01 -4.603230e+01
   endloop
 endfacet
 facet normal  9.9898352054e-01 -2.5205287957e-02 3.7371367998e-02
   outer loop
     vertex  9.969776e+01 4.603230e+01 -4.603230e+01
     vertex  9.964478e+01 4.518655e+01 -4.518655e+01
     vertex  9.969776e+01 2.533448e+01 -5.999204e+01
   endloop
 endfacet
 facet normal  9.9898352054e-01 -2.5205287957e-02 3.7371367998e-02
   outer loop
     vertex  9.964478e+01 4.518655e+01 -4.518655e+01
     vertex  9.964478e+01 2.486901e+01 -5.888981e+01
     vertex  9.969776e+01 2.533448e+01 -5.999204e+01
   endloop
 endfacet
 facet normal  9.9898093901e-01 -8.9410516799e-03 4.4239587382e-02
   outer loop
     vertex  9.969776e+01 2.533448e+01 -5.999204e+01
     vertex  9.964478e+01 2.486901e+01 -5.888981e+01
     vertex  9.969776e+01 0.000000e+00 -6.511227e+01
   endloop
 endfacet
 facet normal  9.9898093901e-01 -8.9410516799e-03 4.4239587382e-02
   outer loop
     vertex  9.964478e+01 2.486901e+01 -5.888981e+01
     vertex  9.964478e+01 0.000000e+00 -6.391596e+01
     vertex  9.969776e+01 0.000000e+00 -6.511227e+01
   endloop
 endfacet
 facet normal  9.9898093901e-01 8.9410516799e-03 4.4239587382e-02
   outer loop
     vertex  9.969776e+01 0.000000e+00 -6.511227e+01
     vertex  9.964478e+01 0.000000e+00 -6.391596e+01
     vertex  9.964478e+01 -2.486901e+01 -5.888981e+01
   endloop
 endfacet
 facet normal  9.9898093901e-01 8.9410516799e-03 4.4239587382e-02
   outer loop
     vertex  9.969776e+01 0.000000e+00 -6.511227e+01
     vertex  9.964478e+01 -2.486901e+01 -5.888981e+01
     vertex  9.969776e+01 -2.533448e+01 -5.999204e+01
   endloop
 endfacet
 facet normal  9.9898352054e-01 2.5205287957e-02 3.7371367998e-02
   outer loop
     vertex  9.969776e+01 -2.533448e+01 -5.999204e+01
     vertex  9.964478e+01 -2.486901e+01 -5.888981e+01
     vertex  9.964478e+01 -4.518655e+01 -4.518655e+01
   endloop
 endfacet
 facet normal  9.9898352054e-01 2.5205287957e-02 3.7371367998e-02
   outer loop
     vertex  9.969776e+01 -2.533448e+01 -5.999204e+01
     vertex  9.964478e+01 -4.518655e+01 -4.518655e+01
     vertex  9.969776e+01 -4.603230e+01 -4.603230e+01
   endloop
 endfacet
 facet normal  9.9898352054e-01 3.7371367998e-02 2.5205287957e-02
   outer loop
     vertex  9.969776e+01 -4.603230e+01 -4.603230e+01
     vertex  9.964478e+01 -4.518655e+01 -4.518655e+01
     vertex  9.964478e+01 -5.888981e+01 -2.486901e+01
   endloop
 endfacet
 facet normal  9.9898352054e-01 3.7371367998e-02 2.5205287957e-02
   outer loop
     vertex  9.969776e+01 -4.603230e+01 -4.603230e+01
     vertex  9.964478e+01 -5.888981e+01 -2.486901e+01
     vertex  9.969776e+01 -5.999204e+01 -2.533448e+01
   endloop
 endfacet
 facet normal  9.9898093901e-01 4.4239587382e-02 8.9410516799e-03
   outer loop
     vertex  9.969776e+01 -5.999204e+01 -2.533448e+01
     vertex  9.964478e+01 -5.888981e+01 -2.486901e+01
     vertex  9.964478e+01 -6.391596e+01 0.000000e+00
   endloop
 endfacet
 facet normal  9.9898093901e-01 4.4239587382e-02 8.9410516799e-03
   outer loop
     vertex  9.969776e+01 -5.999204e+01 -2.533448e+01
     vertex  9.964478e+01 -6.391596e+01 0.000000e+00
     vertex  9.969776e+01 -6.511227e+01 0.000000e+00
   endloop
 endfacet
 facet normal  9.9898093901e-01 4.4239587382e-02 -8.9410516799e-03
   outer loop
     vertex  9.969776e+01 -6.511227e+01 0.000000e+00
     vertex  9.964478e+01 -6.391596e+01 0.000000e+00
     vertex  9.969776e+01 -5.999204e+01 2.533448e+01
   endloop
 endfacet
 facet normal  9.9898093901e-01 4.4239587382e-02 -8.9410516799e-03
   outer loop
     vertex  9.964478e+01 -6.391596e+01 0.000000e+00
     vertex  9.964478e+01 -5.888981e+01 2.486901e+01
     vertex  9.969776e+01 -5.999204e+01 2.533448e+01
   endloop
 endfacet
 facet normal  9.9898352054e-01 3.7371367998e-02 -2.5205287957e-02
   outer loop
     vertex  9.969776e+01 -5.999204e+01 2.533448e+01
     vertex  9.964478e+01 -5.888981e+01 2.486901e+01
     vertex  9.969776e+01 -4.603230e+01 4.603230e+01
   endloop
 endfacet
 facet normal  9.9898352054e-01 3.7371367998e-02 -2.5205287957e-02
   outer loop
     vertex  9.964478e+01 -5.888981e+01 2.486901e+01
     vertex  9.964478e+01 -4.518655e+01 4.518655e+01
     vertex  9.969776e+01 -4.603230e+01 4.603230e+01
   endloop
 endfacet
 facet normal  9.9898352054e-01 2.5205287957e-02 -3.7371367998e-02
   outer loop
     vertex  9.969776e+01 -4.603230e+01 4.603230e+01
     vertex  9.964478e+01 -4.518655e+01 4.518655e+01
     vertex  9.969776e+01 -2.533448e+01 5.999204e+01
   endloop
 endfacet
 facet normal  9.9898352054e-01 2.5205287957e-02 -3.7371367998e-02
   outer loop
     vertex  9.964478e+01 -4.518655e+01 4.518655e+01
     vertex  9.964478e+01 -2.486901e+01 5.888981e+01
     vertex  9.969776e+01 -2.533448e+01 5.999204e+01
   endloop
 endfacet
 facet normal  9.9898093901e-01 8.9410516799e-03 -4.4239587382e-02
   outer loop
     vertex  9.969776e+01 -2.533448e+01 5.999204e+01
     vertex  9.964478e+01 -2.486901e+01 5.888981e+01
     vertex  9.969776e+01 0.000000e+00 6.511227e+01
   endloop
 endfacet
 facet normal  9.9898093901e-01 8.9410516799e-03 -4.4239587382e-02
   outer loop
     vertex  9.964478e+01 -2.486901e+01 5.888981e+01
     vertex  9.964478e+01 0.000000e+00 6.391596e+01
     vertex  9.969776e+01 0.000000e+00 6.511227e+01
   endloop
 endfacet
 facet normal  9.9898093901e-01 -8.9410516799e-03 -4.4239587382e-02
   outer loop
     vertex  9.969776e+01 0.000000e+00 6.511227e+01
     vertex  9.964478e+01 0.000000e+00 6.391596e+01
     vertex  9.964478e+01 2.486901e+01 5.888981e+01
   endloop
 endfacet
 facet normal  9.9898093901e-01 -8.9410516799e-03 -4.4239587382e-02
   outer loop
     vertex  9.969776e+01 0.000000e+00 6.511227e+01
     vertex  9.964478e+01 2.486901e+01 5.888981e+01
     vertex  9.969776e+01 2.533448e+01 5.999204e+01
   endloop
 endfacet
 facet normal  9.9898352054e-01 -2.5205287957e-02 -3.7371367998e-02
   outer loop
     vertex  9.969776e+01 2.533448e+01 5.999204e+01
     vertex  9.964478e+01 2.486901e+01 5.888981e+01
     vertex  9.964478e+01 4.518655e+01 4.518655e+01
   endloop
 endfacet
 facet normal  9.9898352054e-01 -2.5205287957e-02 -3.7371367998e-02
   outer loop
     vertex  9.969776e+01 2.533448e+01 5.999204e+01
     vertex  9.964478e+01 4.518655e+01 4.518655e+01
     vertex  9.969776e+01 4.603230e+01 4.603230e+01
   endloop
 endfacet
 facet normal  9.9898352054e-01 -3.7371367998e-02 -2.5205287957e-02
   outer loop
     vertex  9.969776e+01 4.603230e+01 4.603230e+01
     vertex  9.964478e+01 4.518655e+01 4.518655e+01
     vertex  9.964478e+01 5.888981e+01 2.486901e+01
   endloop
 endfacet
 facet normal  9.9898352054e-01 -3.7371367998e-02 -2.5205287957e-02
   outer loop
     vertex  9.969776e+01 4.603230e+01 4.603230e+01
     vertex  9.964478e+01 5.888981e+01 2.486901e+01
     vertex  9.969776e+01 5.999204e+01 2.533448e+01
   endloop
 endfacet
 facet normal  9.9898093901e-01 -4.4239587382e-02 -8.9410516799e-03
   outer loop
     vertex  9.969776e+01 5.999204e+01 2.533448e+01
     vertex  9.964478e+01 5.888981e+01 2.486901e+01
     vertex  9.964478e+01 6.391596e+01 0.000000e+00
   endloop
 endfacet
 facet normal  9.9898093901e-01 -4.4239587382e-02 -8.9410516799e-03
   outer loop
     vertex  9.969776e+01 5.999204e+01 2.533448e+01
     vertex  9.964478e+01 6.391596e+01 0.000000e+00
     vertex  9.969776e+01 6.511227e+01 0.000000e+00
   endloop
 endfacet
 facet normal  6.6615597670e-01 7.3103182307e-01 -1.4774534973e-01
   outer loop
     vertex  9.964478e+01 6.391596e+01 0.000000e+00
     vertex  1.001953e+02 6.341429e+01 0.000000e+00
     vertex  9.964478e+01 5.888981e+01 -2.486901e+01
   endloop
 endfacet
 facet normal  6.6615597670e-01 7.3103182307e-01 -1.4774534973e-01
   outer loop
     vertex  1.001953e+02 6.341429e+01 0.000000e+00
     vertex  1.001953e+02 5.842758e+01 -2.467381e+01
     vertex  9.964478e+01 5.888981e+01 -2.486901e+01
   endloop
 endfacet
 facet normal  6.6662652587e-01 6.1797335587e-01 -4.1679492133e-01
   outer loop
     vertex  9.964478e+01 5.888981e+01 -2.486901e+01
     vertex  1.001953e+02 5.842758e+01 -2.467381e+01
     vertex  9.964478e+01 4.518655e+01 -4.518655e+01
   endloop
 endfacet
 facet normal  6.6662652587e-01 6.1797335587e-01 -4.1679492133e-01
   outer loop
     vertex  1.001953e+02 5.842758e+01 -2.467381e+01
     vertex  1.001953e+02 4.483188e+01 -4.483188e+01
     vertex  9.964478e+01 4.518655e+01 -4.518655e+01
   endloop
 endfacet
 facet normal  6.6662652587e-01 4.1679492133e-01 -6.1797335587e-01
   outer loop
     vertex  9.964478e+01 4.518655e+01 -4.518655e+01
     vertex  1.001953e+02 4.483188e+01 -4.483188e+01
     vertex  9.964478e+01 2.486901e+01 -5.888981e+01
   endloop
 endfacet
 facet normal  6.6662652587e-01 4.1679492133e-01 -6.1797335587e-01
   outer loop
     vertex  1.001953e+02 4.483188e+01 -4.483188e+01
     vertex  1.001953e+02 2.467381e+01 -5.842758e+01
     vertex  9.964478e+01 2.486901e+01 -5.888981e+01
   endloop
 endfacet
 facet normal  6.6615597670e-01 1.4774534973e-01 -7.3103182307e-01
   outer loop
     vertex  9.964478e+01 2.486901e+01 -5.888981e+01
     vertex  1.001953e+02 2.467381e+01 -5.842758e+01
     vertex  9.964478e+01 0.000000e+00 -6.391596e+01
   endloop
 endfacet
 facet normal  6.6615597670e-01 1.4774534973e-01 -7.3103182307e-01
   outer loop
     vertex  1.001953e+02 2.467381e+01 -5.842758e+01
     vertex  1.001953e+02 0.000000e+00 -6.341429e+01
     vertex  9.964478e+01 0.000000e+00 -6.391596e+01
   endloop
 endfacet
 facet normal  6.6615597670e-01 -1.4774534973e-01 -7.3103182307e-01
   outer loop
     vertex  9.964478e+01 0.000000e+00 -6.391596e+01
     vertex  1.001953e+02 0.000000e+00 -6.341429e+01
     vertex  1.001953e+02 -2.467381e+01 -5.842758e+01
   endloop
 endfacet
 facet normal  6.6615597670e-01 -1.4774534973e-01 -7.3103182307e-01
   outer loop
     vertex  9.964478e+01 0.000000e+00 -6.391596e+01
     vertex  1.001953e+02 -2.467381e+01 -5.842758e+01
     vertex  9.964478e+01 -2.486901e+01 -5.888981e+01
   endloop
 endfacet
 facet normal  6.6662652587e-01 -4.1679492133e-01 -6.1797335587e-01
   outer loop
     vertex  9.964478e+01 -2.486901e+01 -5.888981e+01
     vertex  1.001953e+02 -2.467381e+01 -5.842758e+01
     vertex  1.001953e+02 -4.483188e+01 -4.483188e+01
   endloop
 endfacet
 facet normal  6.6662652587e-01 -4.1679492133e-01 -6.1797335587e-01
   outer loop
     vertex  9.964478e+01 -2.486901e+01 -5.888981e+01
     vertex  1.001953e+02 -4.483188e+01 -4.483188e+01
     vertex  9.964478e+01 -4.518655e+01 -4.518655e+01
   endloop
 endfacet
 facet normal  6.6662652587e-01 -6.1797335587e-01 -4.1679492133e-01
   outer loop
     vertex  9.964478e+01 -4.518655e+01 -4.518655e+01
     vertex  1.001953e+02 -4.483188e+01 -4.483188e+01
     vertex  1.001953e+02 -5.842758e+01 -2.467381e+01
   endloop
 endfacet
 facet normal  6.6662652587e-01 -6.1797335587e-01 -4.1679492133e-01
   outer loop
     vertex  9.964478e+01 -4.518655e+01 -4.518655e+01
     vertex  1.001953e+02 -5.842758e+01 -2.467381e+01
     vertex  9.964478e+01 -5.888981e+01 -2.486901e+01
   endloop
 endfacet
 facet normal  6.6615597670e-01 -7.3103182307e-01 -1.4774534973e-01
   outer loop
     vertex  9.964478e+01 -5.888981e+01 -2.486901e+01
     vertex  1.001953e+02 -5.842758e+01 -2.467381e+01
     vertex  1.001953e+02 -6.341429e+01 0.000000e+00
   endloop
 endfacet
 facet normal  6.6615597670e-01 -7.3103182307e-01 -1.4774534973e-01
   outer loop
     vertex  9.964478e+01 -5.888981e+01 -2.486901e+01
     vertex  1.001953e+02 -6.341429e+01 0.000000e+00
     vertex  9.964478e+01 -6.391596e+01 0.000000e+00
   endloop
 endfacet
 facet normal  6.6615597670e-01 -7.3103182307e-01 1.4774534973e-01
   outer loop
     vertex  9.964478e+01 -6.391596e+01 0.000000e+00
     vertex  1.001953e+02 -6.341429e+01 0.000000e+00
     vertex  9.964478e+01 -5.888981e+01 2.486901e+01
   endloop
 endfacet
 facet normal  6.6615597670e-01 -7.3103182307e-01 1.4774534973e-01
   outer loop
     vertex  1.001953e+02 -6.341429e+01 0.000000e+00
     vertex  1.001953e+02 -5.842758e+01 2.467381e+01
     vertex  9.964478e+01 -5.888981e+01 2.486901e+01
   endloop
 endfacet
 facet normal  6.6662652587e-01 -6.1797335587e-01 4.1679492133e-01
   outer loop
     vertex  9.964478e+01 -5.888981e+01 2.486901e+01
     vertex  1.001953e+02 -5.842758e+01 2.467381e+01
     vertex  9.964478e+01 -4.518655e+01 4.518655e+01
   endloop
 endfacet
 facet normal  6.6662652587e-01 -6.1797335587e-01 4.1679492133e-01
   outer loop
     vertex  1.001953e+02 -5.842758e+01 2.467381e+01
     vertex  1.001953e+02 -4.483188e+01 4.483188e+01
     vertex  9.964478e+01 -4.518655e+01 4.518655e+01
   endloop
 endfacet
 facet normal  6.6662652587e-01 -4.1679492133e-01 6.1797335587e-01
   outer loop
     vertex  9.964478e+01 -4.518655e+01 4.518655e+01
     vertex  1.001953e+02 -4.483188e+01 4.483188e+01
     vertex  9.964478e+01 -2.486901e+01 5.888981e+01
   endloop
 endfacet
 facet normal  6.6662652587e-01 -4.1679492133e-01 6.1797335587e-01
   outer loop
     vertex  1.001953e+02 -4.483188e+01 4.483188e+01
     vertex  1.001953e+02 -2.467381e+01 5.842758e+01
     vertex  9.964478e+01 -2.486901e+01 5.888981e+01
   endloop
 endfacet
 facet normal  6.6615597670e-01 -1.4774534973e-01 7.3103182307e-01
   outer loop
     vertex  9.964478e+01 -2.486901e+01 5.888981e+01
     vertex  1.001953e+02 -2.467381e+01 5.842758e+01
     vertex  9.964478e+01 0.000000e+00 6.391596e+01
   endloop
 endfacet
 facet normal  6.6615597670e-01 -1.4774534973e-01 7.3103182307e-01
   outer loop
     vertex  1.001953e+02 -2.467381e+01 5.842758e+01
     vertex  1.001953e+02 0.000000e+00 6.341429e+01
     vertex  9.964478e+01 0.000000e+00 6.391596e+01
   endloop
 endfacet
 facet normal  6.6615597670e-01 1.4774534973e-01 7.3103182307e-01
   outer loop
     vertex  9.964478e+01 0.000000e+00 6.391596e+01
     vertex  1.001953e+02 0.000000e+00 6.341429e+01
     vertex  1.001953e+02 2.467381e+01 5.842758e+01
   endloop
 endfacet
 facet normal  6.6615597670e-01 1.4774534973e-01 7.3103182307e-01
   outer loop
     vertex  9.964478e+01 0.000000e+00 6.391596e+01
     vertex  1.001953e+02 2.467381e+01 5.842758e+01
     vertex  9.964478e+01 2.486901e+01 5.888981e+01
   endloop
 endfacet
 facet normal  6.6662652587e-01 4.1679492133e-01 6.1797335587e-01
   outer loop
     vertex  9.964478e+01 2.486901e+01 5.888981e+01
     vertex  1.001953e+02 2.467381e+01 5.842758e+01
     vertex  1.001953e+02 4.483188e+01 4.483188e+01
   endloop
 endfacet
 facet normal  6.6662652587e-01 4.1679492133e-01 6.1797335587e-01
   outer loop
     vertex  9.964478e+01 2.486901e+01 5.888981e+01
     vertex  1.001953e+02 4.483188e+01 4.483188e+01
     vertex  9.964478e+01 4.518655e+01 4.518655e+01
   endloop
 endfacet
 facet normal  6.6662652587e-01 6.1797335587e-01 4.1679492133e-01
   outer loop
     vertex  9.964478e+01 4.518655e+01 4.518655e+01
     vertex  1.001953e+02 4.483188e+01 4.483188e+01
     vertex  1.001953e+02 5.842758e+01 2.467381e+01
   endloop
 endfacet
 facet normal  6.6662652587e-01 6.1797335587e-01 4.1679492133e-01
   outer loop
     vertex  9.964478e+01 4.518655e+01 4.518655e+01
     vertex  1.001953e+02 5.842758e+01 2.467381e+01
     vertex  9.964478e+01 5.888981e+01 2.486901e+01
   endloop
 endfacet
 facet normal  6.6615597670e-01 7.3103182307e-01 1.4774534973e-01
   outer loop
     vertex  9.964478e+01 5.888981e+01 2.486901e+01
     vertex  1.001953e+02 5.842758e+01 2.467381e+01
     vertex  1.001953e+02 6.341429e+01 0.000000e+00
   endloop
 endfacet
 facet normal  6.6615597670e-01 7.3103182307e-01 1.4774534973e-01
   outer loop
     vertex  9.964478e+01 5.888981e+01 2.486901e+01
     vertex  1.001953e+02 6.341429e+01 0.000000e+00
     vertex  9.964478e+01 6.391596e+01 0.000000e+00
   endloop
 endfacet
 facet normal  7.1312522747e-01 6.8714341197e-01 -1.3887527261e-01
   outer loop
     vertex  1.001953e+02 6.341429e+01 0.000000e+00
     vertex  1.006787e+02 6.291261e+01 0.000000e+00
     vertex  1.001953e+02 5.842758e+01 -2.467381e+01
   endloop
 endfacet
 facet normal  7.1312522747e-01 6.8714341197e-01 -1.3887527261e-01
   outer loop
     vertex  1.006787e+02 6.291261e+01 0.000000e+00
     vertex  1.006787e+02 5.796535e+01 -2.447861e+01
     vertex  1.001953e+02 5.842758e+01 -2.467381e+01
   endloop
 endfacet
 facet normal  7.1357023102e-01 5.8082475267e-01 -3.9173987809e-01
   outer loop
     vertex  1.001953e+02 5.842758e+01 -2.467381e+01
     vertex  1.006787e+02 5.796535e+01 -2.447861e+01
     vertex  1.001953e+02 4.483188e+01 -4.483188e+01
   endloop
 endfacet
 facet normal  7.1357023102e-01 5.8082475267e-01 -3.9173987809e-01
   outer loop
     vertex  1.006787e+02 5.796535e+01 -2.447861e+01
     vertex  1.006787e+02 4.447721e+01 -4.447721e+01
     vertex  1.001953e+02 4.483188e+01 -4.483188e+01
   endloop
 endfacet
 facet normal  7.1357023102e-01 3.9173987809e-01 -5.8082475267e-01
   outer loop
     vertex  1.001953e+02 4.483188e+01 -4.483188e+01
     vertex  1.006787e+02 4.447721e+01 -4.447721e+01
     vertex  1.001953e+02 2.467381e+01 -5.842758e+01
   endloop
 endfacet
 facet normal  7.1357023102e-01 3.9173987809e-01 -5.8082475267e-01
   outer loop
     vertex  1.006787e+02 4.447721e+01 -4.447721e+01
     vertex  1.006787e+02 2.447861e+01 -5.796535e+01
     vertex  1.001953e+02 2.467381e+01 -5.842758e+01
   endloop
 endfacet
 facet normal  7.1312522747e-01 1.3887527261e-01 -6.8714341197e-01
   outer loop
     vertex  1.001953e+02 2.467381e+01 -5.842758e+01
     vertex  1.006787e+02 2.447861e+01 -5.796535e+01
     vertex  1.001953e+02 0.000000e+00 -6.341429e+01
   endloop
 endfacet
 facet normal  7.1312522747e-01 1.3887527261e-01 -6.8714341197e-01
   outer loop
     vertex  1.006787e+02 2.447861e+01 -5.796535e+01
     vertex  1.006787e+02 0.000000e+00 -6.291261e+01
     vertex  1.001953e+02 0.000000e+00 -6.341429e+01
   endloop
 endfacet
 facet normal  7.1312522747e-01 -1.3887527261e-01 -6.8714341197e-01
   outer loop
     vertex  1.001953e+02 0.000000e+00 -6.341429e+01
     vertex  1.006787e+02 0.000000e+00 -6.291261e+01
     vertex  1.006787e+02 -2.447861e+01 -5.796535e+01
   endloop
 endfacet
 facet normal  7.1312522747e-01 -1.3887527261e-01 -6.8714341197e-01
   outer loop
     vertex  1.001953e+02 0.000000e+00 -6.341429e+01
     vertex  1.006787e+02 -2.447861e+01 -5.796535e+01
     vertex  1.001953e+02 -2.467381e+01 -5.842758e+01
   endloop
 endfacet
 facet normal  7.1357023102e-01 -3.9173987809e-01 -5.8082475267e-01
   outer loop
     vertex  1.001953e+02 -2.467381e+01 -5.842758e+01
     vertex  1.006787e+02 -2.447861e+01 -5.796535e+01
     vertex  1.006787e+02 -4.447721e+01 -4.447721e+01
   endloop
 endfacet
 facet normal  7.1357023102e-01 -3.9173987809e-01 -5.8082475267e-01
   outer loop
     vertex  1.001953e+02 -2.467381e+01 -5.842758e+01
     vertex  1.006787e+02 -4.447721e+01 -4.447721e+01
     vertex  1.001953e+02 -4.483188e+01 -4.483188e+01
   endloop
 endfacet
 facet normal  7.1357023102e-01 -5.8082475267e-01 -3.9173987809e-01
   outer loop
     vertex  1.001953e+02 -4.483188e+01 -4.483188e+01
     vertex  1.006787e+02 -4.447721e+01 -4.447721e+01
     vertex  1.006787e+02 -5.796535e+01 -2.447861e+01
   endloop
 endfacet
 facet normal  7.1357023102e-01 -5.8082475267e-01 -3.9173987809e-01
   outer loop
     vertex  1.001953e+02 -4.483188e+01 -4.483188e+01
     vertex  1.006787e+02 -5.796535e+01 -2.447861e+01
     vertex  1.001953e+02 -5.842758e+01 -2.467381e+01
   endloop
 endfacet
 facet normal  7.1312522747e-01 -6.8714341197e-01 -1.3887527261e-01
   outer loop
     vertex  1.001953e+02 -5.842758e+01 -2.467381e+01
     vertex  1.006787e+02 -5.796535e+01 -2.447861e+01
     vertex  1.006787e+02 -6.291261e+01 0.000000e+00
   endloop
 endfacet
 facet normal  7.1312522747e-01 -6.8714341197e-01 -1.3887527261e-01
   outer loop
     vertex  1.001953e+02 -5.842758e+01 -2.467381e+01
     vertex  1.006787e+02 -6.291261e+01 0.000000e+00
     vertex  1.001953e+02 -6.341429e+01 0.000000e+00
   endloop
 endfacet
 facet normal  7.1312522747e-01 -6.8714341197e-01 1.3887527261e-01
   outer loop
     vertex  1.001953e+02 -6.341429e+01 0.000000e+00
     vertex  1.006787e+02 -6.291261e+01 0.000000e+00
     vertex  1.001953e+02 -5.842758e+01 2.467381e+01
   endloop
 endfacet
 facet normal  7.1312522747e-01 -6.8714341197e-01 1.3887527261e-01
   outer loop
     vertex  1.006787e+02 -6.291261e+01 0.000000e+00
     vertex  1.006787e+02 -5.796535e+01 2.447861e+01
     vertex  1.001953e+02 -5.842758e+01 2.467381e+01
   endloop
 endfacet
 facet normal  7.1357023102e-01 -5.8082475267e-01 3.9173987809e-01
   outer loop
     vertex  1.001953e+02 -5.842758e+01 2.467381e+01
     vertex  1.006787e+02 -5.796535e+01 2.447861e+01
     vertex  1.001953e+02 -4.483188e+01 4.483188e+01
   endloop
 endfacet
 facet normal  7.1357023102e-01 -5.8082475267e-01 3.9173987809e-01
   outer loop
     vertex  1.006787e+02 -5.796535e+01 2.447861e+01
     vertex  1.006787e+02 -4.447721e+01 4.447721e+01
     vertex  1.001953e+02 -4.483188e+01 4.483188e+01
   endloop
 endfacet
 facet normal  7.1357023102e-01 -3.9173987809e-01 5.8082475267e-01
   outer loop
     vertex  1.001953e+02 -4.483188e+01 4.483188e+01
     vertex  1.006787e+02 -4.447721e+01 4.447721e+01
     vertex  1.001953e+02 -2.467381e+01 5.842758e+01
   endloop
 endfacet
 facet normal  7.1357023102e-01 -3.9173987809e-01 5.8082475267e-01
   outer loop
     vertex  1.006787e+02 -4.447721e+01 4.447721e+01
     vertex  1.006787e+02 -2.447861e+01 5.796535e+01
     vertex  1.001953e+02 -2.467381e+01 5.842758e+01
   endloop
 endfacet
 facet normal  7.1312522747e-01 -1.3887527261e-01 6.8714341197e-01
   outer loop
     vertex  1.001953e+02 -2.467381e+01 5.842758e+01
     vertex  1.006787e+02 -2.447861e+01 5.796535e+01
     vertex  1.001953e+02 0.000000e+00 6.341429e+01
   endloop
 endfacet
 facet normal  7.1312522747e-01 -1.3887527261e-01 6.8714341197e-01
   outer loop
     vertex  1.006787e+02 -2.447861e+01 5.796535e+01
     vertex  1.006787e+02 0.000000e+00 6.291261e+01
     vertex  1.001953e+02 0.000000e+00 6.341429e+01
   endloop
 endfacet
 facet normal  7.1312522747e-01 1.3887527261e-01 6.8714341197e-01
   outer loop
     vertex  1.001953e+02 0.000000e+00 6.341429e+01
     vertex  1.006787e+02 0.000000e+00 6.291261e+01
     vertex  1.006787e+02 2.447861e+01 5.796535e+01
   endloop
 endfacet
 facet normal  7.1312522747e-01 1.3887527261e-01 6.8714341197e-01
   outer loop
     vertex  1.001953e+02 0.000000e+00 6.341429e+01
     vertex  1.006787e+02 2.447861e+01 5.796535e+01
     vertex  1.001953e+02 2.467381e+01 5.842758e+01
   endloop
 endfacet
 facet normal  7.1357023102e-01 3.9173987809e-01 5.8082475267e-01
   outer loop
     vertex  1.001953e+02 2.467381e+01 5.842758e+01
     vertex  1.006787e+02 2.447861e+01 5.796535e+01
     vertex  1.006787e+02 4.447721e+01 4.447721e+01
   endloop
 endfacet
 facet normal  7.1357023102e-01 3.9173987809e-01 5.8082475267e-01
   outer loop
     vertex  1.001953e+02 2.467381e+01 5.842758e+01
     vertex  1.006787e+02 4.447721e+01 4.447721e+01
     vertex  1.001953e+02 4.483188e+01 4.483188e+01
   endloop
 endfacet
 facet normal  7.1357023102e-01 5.8082475267e-01 3.9173987809e-01
   outer loop
     vertex  1.001953e+02 4.483188e+01 4.483188e+01
     vertex  1.006787e+02 4.447721e+01 4.447721e+01
     vertex  1.006787e+02 5.796535e+01 2.447861e+01
   endloop
 endfacet
 facet normal  7.1357023102e-01 5.8082475267e-01 3.9173987809e-01
   outer loop
     vertex  1.001953e+02 4.483188e+01 4.483188e+01
     vertex  1.006787e+02 5.796535e+01 2.447861e+01
     vertex  1.001953e+02 5.842758e+01 2.467381e+01
   endloop
 endfacet
 facet normal  7.1312522747e-01 6.8714341197e-01 1.3887527261e-01
   outer loop
     vertex  1.001953e+02 5.842758e+01 2.467381e+01
     vertex  1.006787e+02 5.796535e+01 2.447861e+01
     vertex  1.006787e+02 6.291261e+01 0.000000e+00
   endloop
 endfacet
 facet normal  7.1312522747e-01 6.8714341197e-01 1.3887527261e-01
   outer loop
     vertex  1.001953e+02 5.842758e+01 2.467381e+01
     vertex  1.006787e+02 6.291261e+01 0.000000e+00
     vertex  1.001953e+02 6.341429e+01 0.000000e+00
   endloop
 endfacet
 facet normal  9.8799604899e-01 -1.5141765571e-01 3.0602299097e-02
   outer loop
     vertex  1.006787e+02 6.291261e+01 0.000000e+00
     vertex  1.004954e+02 6.171630e+01 0.000000e+00
     vertex  1.006787e+02 5.796535e+01 -2.447861e+01
   endloop
 endfacet
 facet normal  9.8799604899e-01 -1.5141765571e-01 3.0602299097e-02
   outer loop
     vertex  1.004954e+02 6.171630e+01 0.000000e+00
     vertex  1.004954e+02 5.686312e+01 -2.401314e+01
     vertex  1.006787e+02 5.796535e+01 -2.447861e+01
   endloop
 endfacet
 facet normal  9.8802595955e-01 -1.2791352622e-01 8.6271855560e-02
   outer loop
     vertex  1.006787e+02 5.796535e+01 -2.447861e+01
     vertex  1.004954e+02 5.686312e+01 -2.401314e+01
     vertex  1.006787e+02 4.447721e+01 -4.447721e+01
   endloop
 endfacet
 facet normal  9.8802595955e-01 -1.2791352622e-01 8.6271855560e-02
   outer loop
     vertex  1.004954e+02 5.686312e+01 -2.401314e+01
     vertex  1.004954e+02 4.363146e+01 -4.363146e+01
     vertex  1.006787e+02 4.447721e+01 -4.447721e+01
   endloop
 endfacet
 facet normal  9.8802595955e-01 -8.6271855560e-02 1.2791352622e-01
   outer loop
     vertex  1.006787e+02 4.447721e+01 -4.447721e+01
     vertex  1.004954e+02 4.363146e+01 -4.363146e+01
     vertex  1.006787e+02 2.447861e+01 -5.796535e+01
   endloop
 endfacet
 facet normal  9.8802595955e-01 -8.6271855560e-02 1.2791352622e-01
   outer loop
     vertex  1.004954e+02 4.363146e+01 -4.363146e+01
     vertex  1.004954e+02 2.401314e+01 -5.686312e+01
     vertex  1.006787e+02 2.447861e+01 -5.796535e+01
   endloop
 endfacet
 facet normal  9.8799604899e-01 -3.0602299097e-02 1.5141765571e-01
   outer loop
     vertex  1.006787e+02 2.447861e+01 -5.796535e+01
     vertex  1.004954e+02 2.401314e+01 -5.686312e+01
     vertex  1.006787e+02 0.000000e+00 -6.291261e+01
   endloop
 endfacet
 facet normal  9.8799604899e-01 -3.0602299097e-02 1.5141765571e-01
   outer loop
     vertex  1.004954e+02 2.401314e+01 -5.686312e+01
     vertex  1.004954e+02 0.000000e+00 -6.171630e+01
     vertex  1.006787e+02 0.000000e+00 -6.291261e+01
   endloop
 endfacet
 facet normal  9.8799604899e-01 3.0602299097e-02 1.5141765571e-01
   outer loop
     vertex  1.006787e+02 0.000000e+00 -6.291261e+01
     vertex  1.004954e+02 0.000000e+00 -6.171630e+01
     vertex  1.004954e+02 -2.401314e+01 -5.686312e+01
   endloop
 endfacet
 facet normal  9.8799604899e-01 3.0602299097e-02 1.5141765571e-01
   outer loop
     vertex  1.006787e+02 0.000000e+00 -6.291261e+01
     vertex  1.004954e+02 -2.401314e+01 -5.686312e+01
     vertex  1.006787e+02 -2.447861e+01 -5.796535e+01
   endloop
 endfacet
 facet normal  9.8802595955e-01 8.6271855560e-02 1.2791352622e-01
   outer loop
     vertex  1.006787e+02 -2.447861e+01 -5.796535e+01
     vertex  1.004954e+02 -2.401314e+01 -5.686312e+01
     vertex  1.004954e+02 -4.363146e+01 -4.363146e+01
   endloop
 endfacet
 facet normal  9.8802595955e-01 8.6271855560e-02 1.2791352622e-01
   outer loop
     vertex  1.006787e+02 -2.447861e+01 -5.796535e+01
     vertex  1.004954e+02 -4.363146e+01 -4.363146e+01
     vertex  1.006787e+02 -4.447721e+01 -4.447721e+01
   endloop
 endfacet
 facet normal  9.8802595955e-01 1.2791352622e-01 8.6271855560e-02
   outer loop
     vertex  1.006787e+02 -4.447721e+01 -4.447721e+01
     vertex  1.004954e+02 -4.363146e+01 -4.363146e+01
     vertex  1.004954e+02 -5.686312e+01 -2.401314e+01
   endloop
 endfacet
 facet normal  9.8802595955e-01 1.2791352622e-01 8.6271855560e-02
   outer loop
     vertex  1.006787e+02 -4.447721e+01 -4.447721e+01
     vertex  1.004954e+02 -5.686312e+01 -2.401314e+01
     vertex  1.006787e+02 -5.796535e+01 -2.447861e+01
   endloop
 endfacet
 facet normal  9.8799604899e-01 1.5141765571e-01 3.0602299097e-02
   outer loop
     vertex  1.006787e+02 -5.796535e+01 -2.447861e+01
     vertex  1.004954e+02 -5.686312e+01 -2.401314e+01
     vertex  1.004954e+02 -6.171630e+01 0.000000e+00
   endloop
 endfacet
 facet normal  9.8799604899e-01 1.5141765571e-01 3.0602299097e-02
   outer loop
     vertex  1.006787e+02 -5.796535e+01 -2.447861e+01
     vertex  1.004954e+02 -6.171630e+01 0.000000e+00
     vertex  1.006787e+02 -6.291261e+01 0.000000e+00
   endloop
 endfacet
 facet normal  9.8799604899e-01 1.5141765571e-01 -3.0602299097e-02
   outer loop
     vertex  1.006787e+02 -6.291261e+01 0.000000e+00
     vertex  1.004954e+02 -6.171630e+01 0.000000e+00
     vertex  1.006787e+02 -5.796535e+01 2.447861e+01
   endloop
 endfacet
 facet normal  9.8799604899e-01 1.5141765571e-01 -3.0602299097e-02
   outer loop
     vertex  1.004954e+02 -6.171630e+01 0.000000e+00
     vertex  1.004954e+02 -5.686312e+01 2.401314e+01
     vertex  1.006787e+02 -5.796535e+01 2.447861e+01
   endloop
 endfacet
 facet normal  9.8802595955e-01 1.2791352622e-01 -8.6271855560e-02
   outer loop
     vertex  1.006787e+02 -5.796535e+01 2.447861e+01
     vertex  1.004954e+02 -5.686312e+01 2.401314e+01
     vertex  1.006787e+02 -4.447721e+01 4.447721e+01
   endloop
 endfacet
 facet normal  9.8802595955e-01 1.2791352622e-01 -8.6271855560e-02
   outer loop
     vertex  1.004954e+02 -5.686312e+01 2.401314e+01
     vertex  1.004954e+02 -4.363146e+01 4.363146e+01
     vertex  1.006787e+02 -4.447721e+01 4.447721e+01
   endloop
 endfacet
 facet normal  9.8802595955e-01 8.6271855560e-02 -1.2791352622e-01
   outer loop
     vertex  1.006787e+02 -4.447721e+01 4.447721e+01
     vertex  1.004954e+02 -4.363146e+01 4.363146e+01
     vertex  1.006787e+02 -2.447861e+01 5.796535e+01
   endloop
 endfacet
 facet normal  9.8802595955e-01 8.6271855560e-02 -1.2791352622e-01
   outer loop
     vertex  1.004954e+02 -4.363146e+01 4.363146e+01
     vertex  1.004954e+02 -2.401314e+01 5.686312e+01
     vertex  1.006787e+02 -2.447861e+01 5.796535e+01
   endloop
 endfacet
 facet normal  9.8799604899e-01 3.0602299097e-02 -1.5141765571e-01
   outer loop
     vertex  1.006787e+02 -2.447861e+01 5.796535e+01
     vertex  1.004954e+02 -2.401314e+01 5.686312e+01
     vertex  1.006787e+02 0.000000e+00 6.291261e+01
   endloop
 endfacet
 facet normal  9.8799604899e-01 3.0602299097e-02 -1.5141765571e-01
   outer loop
     vertex  1.004954e+02 -2.401314e+01 5.686312e+01
     vertex  1.004954e+02 0.000000e+00 6.171630e+01
     vertex  1.006787e+02 0.000000e+00 6.291261e+01
   endloop
 endfacet
 facet normal  9.8799604899e-01 -3.0602299097e-02 -1.5141765571e-01
   outer loop
     vertex  1.006787e+02 0.000000e+00 6.291261e+01
     vertex  1.004954e+02 0.000000e+00 6.171630e+01
     vertex  1.004954e+02 2.401314e+01 5.686312e+01
   endloop
 endfacet
 facet normal  9.8799604899e-01 -3.0602299097e-02 -1.5141765571e-01
   outer loop
     vertex  1.006787e+02 0.000000e+00 6.291261e+01
     vertex  1.004954e+02 2.401314e+01 5.686312e+01
     vertex  1.006787e+02 2.447861e+01 5.796535e+01
   endloop
 endfacet
 facet normal  9.8802595955e-01 -8.6271855560e-02 -1.2791352622e-01
   outer loop
     vertex  1.006787e+02 2.447861e+01 5.796535e+01
     vertex  1.004954e+02 2.401314e+01 5.686312e+01
     vertex  1.004954e+02 4.363146e+01 4.363146e+01
   endloop
 endfacet
 facet normal  9.8802595955e-01 -8.6271855560e-02 -1.2791352622e-01
   outer loop
     vertex  1.006787e+02 2.447861e+01 5.796535e+01
     vertex  1.004954e+02 4.363146e+01 4.363146e+01
     vertex  1.006787e+02 4.447721e+01 4.447721e+01
   endloop
 endfacet
 facet normal  9.8802595955e-01 -1.2791352622e-01 -8.6271855560e-02
   outer loop
     vertex  1.006787e+02 4.447721e+01 4.447721e+01
     vertex  1.004954e+02 4.363146e+01 4.363146e+01
     vertex  1.004954e+02 5.686312e+01 2.401314e+01
   endloop
 endfacet
 facet normal  9.8802595955e-01 -1.2791352622e-01 -8.6271855560e-02
   outer loop
     vertex  1.006787e+02 4.447721e+01 4.447721e+01
     vertex  1.004954e+02 5.686312e+01 2.401314e+01
     vertex  1.006787e+02 5.796535e+01 2.447861e+01
   endloop
 endfacet
 facet normal  9.8799604899e-01 -1.5141765571e-01 -3.0602299097e-02
   outer loop
     vertex  1.006787e+02 5.796535e+01 2.447861e+01
     vertex  1.004954e+02 5.686312e+01 2.401314e+01
     vertex  1.004954e+02 6.171630e+01 0.000000e+00
   endloop
 endfacet
 facet normal  9.8799604899e-01 -1.5141765571e-01 -3.0602299097e-02
   outer loop
     vertex  1.006787e+02 5.796535e+01 2.447861e+01
     vertex  1.004954e+02 6.171630e+01 0.000000e+00
     vertex  1.006787e+02 6.291261e+01 0.000000e+00
   endloop
 endfacet
 facet normal  9.6049505821e-01 -2.7278170625e-01 5.5130607613e-02
   outer loop
     vertex  1.004954e+02 6.171630e+01 0.000000e+00
     vertex  1.000899e+02 6.028846e+01 0.000000e+00
     vertex  1.004954e+02 5.686312e+01 -2.401314e+01
   endloop
 endfacet
 facet normal  9.6049505821e-01 -2.7278170625e-01 5.5130607613e-02
   outer loop
     vertex  1.000899e+02 6.028846e+01 0.000000e+00
     vertex  1.000899e+02 5.554756e+01 -2.345758e+01
     vertex  1.004954e+02 5.686312e+01 -2.401314e+01
   endloop
 endfacet
 facet normal  9.6058943955e-01 -2.3045424929e-01 1.5543090942e-01
   outer loop
     vertex  1.004954e+02 5.686312e+01 -2.401314e+01
     vertex  1.000899e+02 5.554756e+01 -2.345758e+01
     vertex  1.004954e+02 4.363146e+01 -4.363146e+01
   endloop
 endfacet
 facet normal  9.6058943955e-01 -2.3045424929e-01 1.5543090942e-01
   outer loop
     vertex  1.000899e+02 5.554756e+01 -2.345758e+01
     vertex  1.000899e+02 4.262202e+01 -4.262202e+01
     vertex  1.004954e+02 4.363146e+01 -4.363146e+01
   endloop
 endfacet
 facet normal  9.6058943955e-01 -1.5543090942e-01 2.3045424929e-01
   outer loop
     vertex  1.004954e+02 4.363146e+01 -4.363146e+01
     vertex  1.000899e+02 4.262202e+01 -4.262202e+01
     vertex  1.004954e+02 2.401314e+01 -5.686312e+01
   endloop
 endfacet
 facet normal  9.6058943955e-01 -1.5543090942e-01 2.3045424929e-01
   outer loop
     vertex  1.000899e+02 4.262202e+01 -4.262202e+01
     vertex  1.000899e+02 2.345758e+01 -5.554756e+01
     vertex  1.004954e+02 2.401314e+01 -5.686312e+01
   endloop
 endfacet
 facet normal  9.6049505821e-01 -5.5130607613e-02 2.7278170625e-01
   outer loop
     vertex  1.004954e+02 2.401314e+01 -5.686312e+01
     vertex  1.000899e+02 2.345758e+01 -5.554756e+01
     vertex  1.004954e+02 0.000000e+00 -6.171630e+01
   endloop
 endfacet
 facet normal  9.6049505821e-01 -5.5130607613e-02 2.7278170625e-01
   outer loop
     vertex  1.000899e+02 2.345758e+01 -5.554756e+01
     vertex  1.000899e+02 0.000000e+00 -6.028846e+01
     vertex  1.004954e+02 0.000000e+00 -6.171630e+01
   endloop
 endfacet
 facet normal  9.6049505821e-01 5.5130607613e-02 2.7278170625e-01
   outer loop
     vertex  1.004954e+02 0.000000e+00 -6.171630e+01
     vertex  1.000899e+02 0.000000e+00 -6.028846e+01
     vertex  1.000899e+02 -2.345758e+01 -5.554756e+01
   endloop
 endfacet
 facet normal  9.6049505821e-01 5.5130607613e-02 2.7278170625e-01
   outer loop
     vertex  1.004954e+02 0.000000e+00 -6.171630e+01
     vertex  1.000899e+02 -2.345758e+01 -5.554756e+01
     vertex  1.004954e+02 -2.401314e+01 -5.686312e+01
   endloop
 endfacet
 facet normal  9.6058943955e-01 1.5543090942e-01 2.3045424929e-01
   outer loop
     vertex  1.004954e+02 -2.401314e+01 -5.686312e+01
     vertex  1.000899e+02 -2.345758e+01 -5.554756e+01
     vertex  1.000899e+02 -4.262202e+01 -4.262202e+01
   endloop
 endfacet
 facet normal  9.6058943955e-01 1.5543090942e-01 2.3045424929e-01
   outer loop
     vertex  1.004954e+02 -2.401314e+01 -5.686312e+01
     vertex  1.000899e+02 -4.262202e+01 -4.262202e+01
     vertex  1.004954e+02 -4.363146e+01 -4.363146e+01
   endloop
 endfacet
 facet normal  9.6058943955e-01 2.3045424929e-01 1.5543090942e-01
   outer loop
     vertex  1.004954e+02 -4.363146e+01 -4.363146e+01
     vertex  1.000899e+02 -4.262202e+01 -4.262202e+01
     vertex  1.000899e+02 -5.554756e+01 -2.345758e+01
   endloop
 endfacet
 facet normal  9.6058943955e-01 2.3045424929e-01 1.5543090942e-01
   outer loop
     vertex  1.004954e+02 -4.363146e+01 -4.363146e+01
     vertex  1.000899e+02 -5.554756e+01 -2.345758e+01
     vertex  1.004954e+02 -5.686312e+01 -2.401314e+01
   endloop
 endfacet
 facet normal  9.6049505821e-01 2.7278170625e-01 5.5130607613e-02
   outer loop
     vertex  1.004954e+02 -5.686312e+01 -2.401314e+01
     vertex  1.000899e+02 -5.554756e+01 -2.345758e+01
     vertex  1.000899e+02 -6.028846e+01 0.000000e+00
   endloop
 endfacet
 facet normal  9.6049505821e-01 2.7278170625e-01 5.5130607613e-02
   outer loop
     vertex  1.004954e+02 -5.686312e+01 -2.401314e+01
     vertex  1.000899e+02 -6.028846e+01 0.000000e+00
     vertex  1.004954e+02 -6.171630e+01 0.000000e+00
   endloop
 endfacet
 facet normal  9.6049505821e-01 2.7278170625e-01 -5.5130607613e-02
   outer loop
     vertex  1.004954e+02 -6.171630e+01 0.000000e+00
     vertex  1.000899e+02 -6.028846e+01 0.000000e+00
     vertex  1.004954e+02 -5.686312e+01 2.401314e+01
   endloop
 endfacet
 facet normal  9.6049505821e-01 2.7278170625e-01 -5.5130607613e-02
   outer loop
     vertex  1.000899e+02 -6.028846e+01 0.000000e+00
     vertex  1.000899e+02 -5.554756e+01 2.345758e+01
     vertex  1.004954e+02 -5.686312e+01 2.401314e+01
   endloop
 endfacet
 facet normal  9.6058943955e-01 2.3045424929e-01 -1.5543090942e-01
   outer loop
     vertex  1.004954e+02 -5.686312e+01 2.401314e+01
     vertex  1.000899e+02 -5.554756e+01 2.345758e+01
     vertex  1.004954e+02 -4.363146e+01 4.363146e+01
   endloop
 endfacet
 facet normal  9.6058943955e-01 2.3045424929e-01 -1.5543090942e-01
   outer loop
     vertex  1.000899e+02 -5.554756e+01 2.345758e+01
     vertex  1.000899e+02 -4.262202e+01 4.262202e+01
     vertex  1.004954e+02 -4.363146e+01 4.363146e+01
   endloop
 endfacet
 facet normal  9.6058943955e-01 1.5543090942e-01 -2.3045424929e-01
   outer loop
     vertex  1.004954e+02 -4.363146e+01 4.363146e+01
     vertex  1.000899e+02 -4.262202e+01 4.262202e+01
     vertex  1.004954e+02 -2.401314e+01 5.686312e+01
   endloop
 endfacet
 facet normal  9.6058943955e-01 1.5543090942e-01 -2.3045424929e-01
   outer loop
     vertex  1.000899e+02 -4.262202e+01 4.262202e+01
     vertex  1.000899e+02 -2.345758e+01 5.554756e+01
     vertex  1.004954e+02 -2.401314e+01 5.686312e+01
   endloop
 endfacet
 facet normal  9.6049505821e-01 5.5130607613e-02 -2.7278170625e-01
   outer loop
     vertex  1.004954e+02 -2.401314e+01 5.686312e+01
     vertex  1.000899e+02 -2.345758e+01 5.554756e+01
     vertex  1.004954e+02 0.000000e+00 6.171630e+01
   endloop
 endfacet
 facet normal  9.6049505821e-01 5.5130607613e-02 -2.7278170625e-01
   outer loop
     vertex  1.000899e+02 -2.345758e+01 5.554756e+01
     vertex  1.000899e+02 0.000000e+00 6.028846e+01
     vertex  1.004954e+02 0.000000e+00 6.171630e+01
   endloop
 endfacet
 facet normal  9.6049505821e-01 -5.5130607613e-02 -2.7278170625e-01
   outer loop
     vertex  1.004954e+02 0.000000e+00 6.171630e+01
     vertex  1.000899e+02 0.000000e+00 6.028846e+01
     vertex  1.000899e+02 2.345758e+01 5.554756e+01
   endloop
 endfacet
 facet normal  9.6049505821e-01 -5.5130607613e-02 -2.7278170625e-01
   outer loop
     vertex  1.004954e+02 0.000000e+00 6.171630e+01
     vertex  1.000899e+02 2.345758e+01 5.554756e+01
     vertex  1.004954e+02 2.401314e+01 5.686312e+01
   endloop
 endfacet
 facet normal  9.6058943955e-01 -1.5543090942e-01 -2.3045424929e-01
   outer loop
     vertex  1.004954e+02 2.401314e+01 5.686312e+01
     vertex  1.000899e+02 2.345758e+01 5.554756e+01
     vertex  1.000899e+02 4.262202e+01 4.262202e+01
   endloop
 endfacet
 facet normal  9.6058943955e-01 -1.5543090942e-01 -2.3045424929e-01
   outer loop
     vertex  1.004954e+02 2.401314e+01 5.686312e+01
     vertex  1.000899e+02 4.262202e+01 4.262202e+01
     vertex  1.004954e+02 4.363146e+01 4.363146e+01
   endloop
 endfacet
 facet normal  9.6058943955e-01 -2.3045424929e-01 -1.5543090942e-01
   outer loop
     vertex  1.004954e+02 4.363146e+01 4.363146e+01
     vertex  1.000899e+02 4.262202e+01 4.262202e+01
     vertex  1.000899e+02 5.554756e+01 2.345758e+01
   endloop
 endfacet
 facet normal  9.6058943955e-01 -2.3045424929e-01 -1.5543090942e-01
   outer loop
     vertex  1.004954e+02 4.363146e+01 4.363146e+01
     vertex  1.000899e+02 5.554756e+01 2.345758e+01
     vertex  1.004954e+02 5.686312e+01 2.401314e+01
   endloop
 endfacet
 facet normal  9.6049505821e-01 -2.7278170625e-01 -5.5130607613e-02
   outer loop
     vertex  1.004954e+02 5.686312e+01 2.401314e+01
     vertex  1.000899e+02 5.554756e+01 2.345758e+01
     vertex  1.000899e+02 6.028846e+01 0.000000e+00
   endloop
 endfacet
 facet normal  9.6049505821e-01 -2.7278170625e-01 -5.5130607613e-02
   outer loop
     vertex  1.004954e+02 5.686312e+01 2.401314e+01
     vertex  1.000899e+02 6.028846e+01 0.000000e+00
     vertex  1.004954e+02 6.171630e+01 0.000000e+00
   endloop
 endfacet
 facet normal  9.8802652372e-01 -1.5122648881e-01 3.0563663267e-02
   outer loop
     vertex  1.000899e+02 6.028846e+01 0.000000e+00
     vertex  9.990675e+01 5.909215e+01 0.000000e+00
     vertex  1.000899e+02 5.554756e+01 -2.345758e+01
   endloop
 endfacet
 facet normal  9.8802652372e-01 -1.5122648881e-01 3.0563663267e-02
   outer loop
     vertex  9.990675e+01 5.909215e+01 0.000000e+00
     vertex  9.990675e+01 5.444533e+01 -2.299212e+01
     vertex  1.000899e+02 5.554756e+01 -2.345758e+01
   endloop
 endfacet
 facet normal  9.8805635972e-01 -1.2775202385e-01 8.6162929554e-02
   outer loop
     vertex  1.000899e+02 5.554756e+01 -2.345758e+01
     vertex  9.990675e+01 5.444533e+01 -2.299212e+01
     vertex  1.000899e+02 4.262202e+01 -4.262202e+01
   endloop
 endfacet
 facet normal  9.8805635972e-01 -1.2775202385e-01 8.6162929554e-02
   outer loop
     vertex  9.990675e+01 5.444533e+01 -2.299212e+01
     vertex  9.990675e+01 4.177627e+01 -4.177627e+01
     vertex  1.000899e+02 4.262202e+01 -4.262202e+01
   endloop
 endfacet
 facet normal  9.8805635972e-01 -8.6162929554e-02 1.2775202385e-01
   outer loop
     vertex  1.000899e+02 4.262202e+01 -4.262202e+01
     vertex  9.990675e+01 4.177627e+01 -4.177627e+01
     vertex  1.000899e+02 2.345758e+01 -5.554756e+01
   endloop
 endfacet
 facet normal  9.8805635972e-01 -8.6162929554e-02 1.2775202385e-01
   outer loop
     vertex  9.990675e+01 4.177627e+01 -4.177627e+01
     vertex  9.990675e+01 2.299212e+01 -5.444533e+01
     vertex  1.000899e+02 2.345758e+01 -5.554756e+01
   endloop
 endfacet
 facet normal  9.8802652372e-01 -3.0563663267e-02 1.5122648881e-01
   outer loop
     vertex  1.000899e+02 2.345758e+01 -5.554756e+01
     vertex  9.990675e+01 2.299212e+01 -5.444533e+01
     vertex  1.000899e+02 0.000000e+00 -6.028846e+01
   endloop
 endfacet
 facet normal  9.8802652372e-01 -3.0563663267e-02 1.5122648881e-01
   outer loop
     vertex  9.990675e+01 2.299212e+01 -5.444533e+01
     vertex  9.990675e+01 0.000000e+00 -5.909215e+01
     vertex  1.000899e+02 0.000000e+00 -6.028846e+01
   endloop
 endfacet
 facet normal  9.8802652372e-01 3.0563663267e-02 1.5122648881e-01
   outer loop
     vertex  1.000899e+02 0.000000e+00 -6.028846e+01
     vertex  9.990675e+01 0.000000e+00 -5.909215e+01
     vertex  9.990675e+01 -2.299212e+01 -5.444533e+01
   endloop
 endfacet
 facet normal  9.8802652372e-01 3.0563663267e-02 1.5122648881e-01
   outer loop
     vertex  1.000899e+02 0.000000e+00 -6.028846e+01
     vertex  9.990675e+01 -2.299212e+01 -5.444533e+01
     vertex  1.000899e+02 -2.345758e+01 -5.554756e+01
   endloop
 endfacet
 facet normal  9.8805635972e-01 8.6162929554e-02 1.2775202385e-01
   outer loop
     vertex  1.000899e+02 -2.345758e+01 -5.554756e+01
     vertex  9.990675e+01 -2.299212e+01 -5.444533e+01
     vertex  9.990675e+01 -4.177627e+01 -4.177627e+01
   endloop
 endfacet
 facet normal  9.8805635972e-01 8.6162929554e-02 1.2775202385e-01
   outer loop
     vertex  1.000899e+02 -2.345758e+01 -5.554756e+01
     vertex  9.990675e+01 -4.177627e+01 -4.177627e+01
     vertex  1.000899e+02 -4.262202e+01 -4.262202e+01
   endloop
 endfacet
 facet normal  9.8805635972e-01 1.2775202385e-01 8.6162929554e-02
   outer loop
     vertex  1.000899e+02 -4.262202e+01 -4.262202e+01
     vertex  9.990675e+01 -4.177627e+01 -4.177627e+01
     vertex  9.990675e+01 -5.444533e+01 -2.299212e+01
   endloop
 endfacet
 facet normal  9.8805635972e-01 1.2775202385e-01 8.6162929554e-02
   outer loop
     vertex  1.000899e+02 -4.262202e+01 -4.262202e+01
     vertex  9.990675e+01 -5.444533e+01 -2.299212e+01
     vertex  1.000899e+02 -5.554756e+01 -2.345758e+01
   endloop
 endfacet
 facet normal  9.8802652372e-01 1.5122648881e-01 3.0563663267e-02
   outer loop
     vertex  1.000899e+02 -5.554756e+01 -2.345758e+01
     vertex  9.990675e+01 -5.444533e+01 -2.299212e+01
     vertex  9.990675e+01 -5.909215e+01 0.000000e+00
   endloop
 endfacet
 facet normal  9.8802652372e-01 1.5122648881e-01 3.0563663267e-02
   outer loop
     vertex  1.000899e+02 -5.554756e+01 -2.345758e+01
     vertex  9.990675e+01 -5.909215e+01 0.000000e+00
     vertex  1.000899e+02 -6.028846e+01 0.000000e+00
   endloop
 endfacet
 facet normal  9.8802652372e-01 1.5122648881e-01 -3.0563663267e-02
   outer loop
     vertex  1.000899e+02 -6.028846e+01 0.000000e+00
     vertex  9.990675e+01 -5.909215e+01 0.000000e+00
     vertex  1.000899e+02 -5.554756e+01 2.345758e+01
   endloop
 endfacet
 facet normal  9.8802652372e-01 1.5122648881e-01 -3.0563663267e-02
   outer loop
     vertex  9.990675e+01 -5.909215e+01 0.000000e+00
     vertex  9.990675e+01 -5.444533e+01 2.299212e+01
     vertex  1.000899e+02 -5.554756e+01 2.345758e+01
   endloop
 endfacet
 facet normal  9.8805635972e-01 1.2775202385e-01 -8.6162929554e-02
   outer loop
     vertex  1.000899e+02 -5.554756e+01 2.345758e+01
     vertex  9.990675e+01 -5.444533e+01 2.299212e+01
     vertex  1.000899e+02 -4.262202e+01 4.262202e+01
   endloop
 endfacet
 facet normal  9.8805635972e-01 1.2775202385e-01 -8.6162929554e-02
   outer loop
     vertex  9.990675e+01 -5.444533e+01 2.299212e+01
     vertex  9.990675e+01 -4.177627e+01 4.177627e+01
     vertex  1.000899e+02 -4.262202e+01 4.262202e+01
   endloop
 endfacet
 facet normal  9.8805635972e-01 8.6162929554e-02 -1.2775202385e-01
   outer loop
     vertex  1.000899e+02 -4.262202e+01 4.262202e+01
     vertex  9.990675e+01 -4.177627e+01 4.177627e+01
     vertex  1.000899e+02 -2.345758e+01 5.554756e+01
   endloop
 endfacet
 facet normal  9.8805635972e-01 8.6162929554e-02 -1.2775202385e-01
   outer loop
     vertex  9.990675e+01 -4.177627e+01 4.177627e+01
     vertex  9.990675e+01 -2.299212e+01 5.444533e+01
     vertex  1.000899e+02 -2.345758e+01 5.554756e+01
   endloop
 endfacet
 facet normal  9.8802652372e-01 3.0563663267e-02 -1.5122648881e-01
   outer loop
     vertex  1.000899e+02 -2.345758e+01 5.554756e+01
     vertex  9.990675e+01 -2.299212e+01 5.444533e+01
     vertex  1.000899e+02 0.000000e+00 6.028846e+01
   endloop
 endfacet
 facet normal  9.8802652372e-01 3.0563663267e-02 -1.5122648881e-01
   outer loop
     vertex  9.990675e+01 -2.299212e+01 5.444533e+01
     vertex  9.990675e+01 0.000000e+00 5.909215e+01
     vertex  1.000899e+02 0.000000e+00 6.028846e+01
   endloop
 endfacet
 facet normal  9.8802652372e-01 -3.0563663267e-02 -1.5122648881e-01
   outer loop
     vertex  1.000899e+02 0.000000e+00 6.028846e+01
     vertex  9.990675e+01 0.000000e+00 5.909215e+01
     vertex  9.990675e+01 2.299212e+01 5.444533e+01
   endloop
 endfacet
 facet normal  9.8802652372e-01 -3.0563663267e-02 -1.5122648881e-01
   outer loop
     vertex  1.000899e+02 0.000000e+00 6.028846e+01
     vertex  9.990675e+01 2.299212e+01 5.444533e+01
     vertex  1.000899e+02 2.345758e+01 5.554756e+01
   endloop
 endfacet
 facet normal  9.8805635972e-01 -8.6162929554e-02 -1.2775202385e-01
   outer loop
     vertex  1.000899e+02 2.345758e+01 5.554756e+01
     vertex  9.990675e+01 2.299212e+01 5.444533e+01
     vertex  9.990675e+01 4.177627e+01 4.177627e+01
   endloop
 endfacet
 facet normal  9.8805635972e-01 -8.6162929554e-02 -1.2775202385e-01
   outer loop
     vertex  1.000899e+02 2.345758e+01 5.554756e+01
     vertex  9.990675e+01 4.177627e+01 4.177627e+01
     vertex  1.000899e+02 4.262202e+01 4.262202e+01
   endloop
 endfacet
 facet normal  9.8805635972e-01 -1.2775202385e-01 -8.6162929554e-02
   outer loop
     vertex  1.000899e+02 4.262202e+01 4.262202e+01
     vertex  9.990675e+01 4.177627e+01 4.177627e+01
     vertex  9.990675e+01 5.444533e+01 2.299212e+01
   endloop
 endfacet
 facet normal  9.8805635972e-01 -1.2775202385e-01 -8.6162929554e-02
   outer loop
     vertex  1.000899e+02 4.262202e+01 4.262202e+01
     vertex  9.990675e+01 5.444533e+01 2.299212e+01
     vertex  1.000899e+02 5.554756e+01 2.345758e+01
   endloop
 endfacet
 facet normal  9.8802652372e-01 -1.5122648881e-01 -3.0563663267e-02
   outer loop
     vertex  1.000899e+02 5.554756e+01 2.345758e+01
     vertex  9.990675e+01 5.444533e+01 2.299212e+01
     vertex  9.990675e+01 5.909215e+01 0.000000e+00
   endloop
 endfacet
 facet normal  9.8802652372e-01 -1.5122648881e-01 -3.0563663267e-02
   outer loop
     vertex  1.000899e+02 5.554756e+01 2.345758e+01
     vertex  9.990675e+01 5.909215e+01 0.000000e+00
     vertex  1.000899e+02 6.028846e+01 0.000000e+00
   endloop
 endfacet
 facet normal  7.1278147969e-01 6.8748598934e-01 -1.3894450929e-01
   outer loop
     vertex  9.990675e+01 5.909215e+01 0.000000e+00
     vertex  1.003906e+02 5.859048e+01 0.000000e+00
     vertex  9.990675e+01 5.444533e+01 -2.299212e+01
   endloop
 endfacet
 facet normal  7.1278147969e-01 6.8748598934e-01 -1.3894450929e-01
   outer loop
     vertex  1.003906e+02 5.859048e+01 0.000000e+00
     vertex  1.003906e+02 5.398310e+01 -2.279692e+01
     vertex  9.990675e+01 5.444533e+01 -2.299212e+01
   endloop
 endfacet
 facet normal  7.1322671277e-01 5.8111468634e-01 -3.9193542517e-01
   outer loop
     vertex  9.990675e+01 5.444533e+01 -2.299212e+01
     vertex  1.003906e+02 5.398310e+01 -2.279692e+01
     vertex  9.990675e+01 4.177627e+01 -4.177627e+01
   endloop
 endfacet
 facet normal  7.1322671277e-01 5.8111468634e-01 -3.9193542517e-01
   outer loop
     vertex  1.003906e+02 5.398310e+01 -2.279692e+01
     vertex  1.003906e+02 4.142160e+01 -4.142160e+01
     vertex  9.990675e+01 4.177627e+01 -4.177627e+01
   endloop
 endfacet
 facet normal  7.1322671277e-01 3.9193542517e-01 -5.8111468634e-01
   outer loop
     vertex  9.990675e+01 4.177627e+01 -4.177627e+01
     vertex  1.003906e+02 4.142160e+01 -4.142160e+01
     vertex  9.990675e+01 2.299212e+01 -5.444533e+01
   endloop
 endfacet
 facet normal  7.1322671277e-01 3.9193542517e-01 -5.8111468634e-01
   outer loop
     vertex  1.003906e+02 4.142160e+01 -4.142160e+01
     vertex  1.003906e+02 2.279692e+01 -5.398310e+01
     vertex  9.990675e+01 2.299212e+01 -5.444533e+01
   endloop
 endfacet
 facet normal  7.1278147969e-01 1.3894450929e-01 -6.8748598934e-01
   outer loop
     vertex  9.990675e+01 2.299212e+01 -5.444533e+01
     vertex  1.003906e+02 2.279692e+01 -5.398310e+01
     vertex  9.990675e+01 0.000000e+00 -5.909215e+01
   endloop
 endfacet
 facet normal  7.1278147969e-01 1.3894450929e-01 -6.8748598934e-01
   outer loop
     vertex  1.003906e+02 2.279692e+01 -5.398310e+01
     vertex  1.003906e+02 0.000000e+00 -5.859048e+01
     vertex  9.990675e+01 0.000000e+00 -5.909215e+01
   endloop
 endfacet
 facet normal  7.1278147969e-01 -1.3894450929e-01 -6.8748598934e-01
   outer loop
     vertex  9.990675e+01 0.000000e+00 -5.909215e+01
     vertex  1.003906e+02 0.000000e+00 -5.859048e+01
     vertex  1.003906e+02 -2.279692e+01 -5.398310e+01
   endloop
 endfacet
 facet normal  7.1278147969e-01 -1.3894450929e-01 -6.8748598934e-01
   outer loop
     vertex  9.990675e+01 0.000000e+00 -5.909215e+01
     vertex  1.003906e+02 -2.279692e+01 -5.398310e+01
     vertex  9.990675e+01 -2.299212e+01 -5.444533e+01
   endloop
 endfacet
 facet normal  7.1322671277e-01 -3.9193542517e-01 -5.8111468634e-01
   outer loop
     vertex  9.990675e+01 -2.299212e+01 -5.444533e+01
     vertex  1.003906e+02 -2.279692e+01 -5.398310e+01
     vertex  1.003906e+02 -4.142160e+01 -4.142160e+01
   endloop
 endfacet
 facet normal  7.1322671277e-01 -3.9193542517e-01 -5.8111468634e-01
   outer loop
     vertex  9.990675e+01 -2.299212e+01 -5.444533e+01
     vertex  1.003906e+02 -4.142160e+01 -4.142160e+01
     vertex  9.990675e+01 -4.177627e+01 -4.177627e+01
   endloop
 endfacet
 facet normal  7.1322671277e-01 -5.8111468634e-01 -3.9193542517e-01
   outer loop
     vertex  9.990675e+01 -4.177627e+01 -4.177627e+01
     vertex  1.003906e+02 -4.142160e+01 -4.142160e+01
     vertex  1.003906e+02 -5.398310e+01 -2.279692e+01
   endloop
 endfacet
 facet normal  7.1322671277e-01 -5.8111468634e-01 -3.9193542517e-01
   outer loop
     vertex  9.990675e+01 -4.177627e+01 -4.177627e+01
     vertex  1.003906e+02 -5.398310e+01 -2.279692e+01
     vertex  9.990675e+01 -5.444533e+01 -2.299212e+01
   endloop
 endfacet
 facet normal  7.1278147969e-01 -6.8748598934e-01 -1.3894450929e-01
   outer loop
     vertex  9.990675e+01 -5.444533e+01 -2.299212e+01
     vertex  1.003906e+02 -5.398310e+01 -2.279692e+01
     vertex  1.003906e+02 -5.859048e+01 0.000000e+00
   endloop
 endfacet
 facet normal  7.1278147969e-01 -6.8748598934e-01 -1.3894450929e-01
   outer loop
     vertex  9.990675e+01 -5.444533e+01 -2.299212e+01
     vertex  1.003906e+02 -5.859048e+01 0.000000e+00
     vertex  9.990675e+01 -5.909215e+01 0.000000e+00
   endloop
 endfacet
 facet normal  7.1278147969e-01 -6.8748598934e-01 1.3894450929e-01
   outer loop
     vertex  9.990675e+01 -5.909215e+01 0.000000e+00
     vertex  1.003906e+02 -5.859048e+01 0.000000e+00
     vertex  9.990675e+01 -5.444533e+01 2.299212e+01
   endloop
 endfacet
 facet normal  7.1278147969e-01 -6.8748598934e-01 1.3894450929e-01
   outer loop
     vertex  1.003906e+02 -5.859048e+01 0.000000e+00
     vertex  1.003906e+02 -5.398310e+01 2.279692e+01
     vertex  9.990675e+01 -5.444533e+01 2.299212e+01
   endloop
 endfacet
 facet normal  7.1322671277e-01 -5.8111468634e-01 3.9193542517e-01
   outer loop
     vertex  9.990675e+01 -5.444533e+01 2.299212e+01
     vertex  1.003906e+02 -5.398310e+01 2.279692e+01
     vertex  9.990675e+01 -4.177627e+01 4.177627e+01
   endloop
 endfacet
 facet normal  7.1322671277e-01 -5.8111468634e-01 3.9193542517e-01
   outer loop
     vertex  1.003906e+02 -5.398310e+01 2.279692e+01
     vertex  1.003906e+02 -4.142160e+01 4.142160e+01
     vertex  9.990675e+01 -4.177627e+01 4.177627e+01
   endloop
 endfacet
 facet normal  7.1322671277e-01 -3.9193542517e-01 5.8111468634e-01
   outer loop
     vertex  9.990675e+01 -4.177627e+01 4.177627e+01
     vertex  1.003906e+02 -4.142160e+01 4.142160e+01
     vertex  9.990675e+01 -2.299212e+01 5.444533e+01
   endloop
 endfacet
 facet normal  7.1322671277e-01 -3.9193542517e-01 5.8111468634e-01
   outer loop
     vertex  1.003906e+02 -4.142160e+01 4.142160e+01
     vertex  1.003906e+02 -2.279692e+01 5.398310e+01
     vertex  9.990675e+01 -2.299212e+01 5.444533e+01
   endloop
 endfacet
 facet normal  7.1278147969e-01 -1.3894450929e-01 6.8748598934e-01
   outer loop
     vertex  9.990675e+01 -2.299212e+01 5.444533e+01
     vertex  1.003906e+02 -2.279692e+01 5.398310e+01
     vertex  9.990675e+01 0.000000e+00 5.909215e+01
   endloop
 endfacet
 facet normal  7.1278147969e-01 -1.3894450929e-01 6.8748598934e-01
   outer loop
     vertex  1.003906e+02 -2.279692e+01 5.398310e+01
     vertex  1.003906e+02 0.000000e+00 5.859048e+01
     vertex  9.990675e+01 0.000000e+00 5.909215e+01
   endloop
 endfacet
 facet normal  7.1278147969e-01 1.3894450929e-01 6.8748598934e-01
   outer loop
     vertex  9.990675e+01 0.000000e+00 5.909215e+01
     vertex  1.003906e+02 0.000000e+00 5.859048e+01
     vertex  1.003906e+02 2.279692e+01 5.398310e+01
   endloop
 endfacet
 facet normal  7.1278147969e-01 1.3894450929e-01 6.8748598934e-01
   outer loop
     vertex  9.990675e+01 0.000000e+00 5.909215e+01
     vertex  1.003906e+02 2.279692e+01 5.398310e+01
     vertex  9.990675e+01 2.299212e+01 5.444533e+01
   endloop
 endfacet
 facet normal  7.1322671277e-01 3.9193542517e-01 5.8111468634e-01
   outer loop
     vertex  9.990675e+01 2.299212e+01 5.444533e+01
     vertex  1.003906e+02 2.279692e+01 5.398310e+01
     vertex  1.003906e+02 4.142160e+01 4.142160e+01
   endloop
 endfacet
 facet normal  7.1322671277e-01 3.9193542517e-01 5.8111468634e-01
   outer loop
     vertex  9.990675e+01 2.299212e+01 5.444533e+01
     vertex  1.003906e+02 4.142160e+01 4.142160e+01
     vertex  9.990675e+01 4.177627e+01 4.177627e+01
   endloop
 endfacet
 facet normal  7.1322671277e-01 5.8111468634e-01 3.9193542517e-01
   outer loop
     vertex  9.990675e+01 4.177627e+01 4.177627e+01
     vertex  1.003906e+02 4.142160e+01 4.142160e+01
     vertex  1.003906e+02 5.398310e+01 2.279692e+01
   endloop
 endfacet
 facet normal  7.1322671277e-01 5.8111468634e-01 3.9193542517e-01
   outer loop
     vertex  9.990675e+01 4.177627e+01 4.177627e+01
     vertex  1.003906e+02 5.398310e+01 2.279692e+01
     vertex  9.990675e+01 5.444533e+01 2.299212e+01
   endloop
 endfacet
 facet normal  7.1278147969e-01 6.8748598934e-01 1.3894450929e-01
   outer loop
     vertex  9.990675e+01 5.444533e+01 2.299212e+01
     vertex  1.003906e+02 5.398310e+01 2.279692e+01
     vertex  1.003906e+02 5.859048e+01 0.000000e+00
   endloop
 endfacet
 facet normal  7.1278147969e-01 6.8748598934e-01 1.3894450929e-01
   outer loop
     vertex  9.990675e+01 5.444533e+01 2.299212e+01
     vertex  1.003906e+02 5.859048e+01 0.000000e+00
     vertex  9.990675e+01 5.909215e+01 0.000000e+00
   endloop
 endfacet
 facet normal  6.9854813401e-01 7.0138192554e-01 -1.4175295058e-01
   outer loop
     vertex  1.003906e+02 5.859048e+01 0.000000e+00
     vertex  1.008943e+02 5.808880e+01 0.000000e+00
     vertex  1.003906e+02 5.398310e+01 -2.279692e+01
   endloop
 endfacet
 facet normal  6.9854813401e-01 7.0138192554e-01 -1.4175295058e-01
   outer loop
     vertex  1.008943e+02 5.808880e+01 0.000000e+00
     vertex  1.008943e+02 5.352087e+01 -2.260172e+01
     vertex  1.003906e+02 5.398310e+01 -2.279692e+01
   endloop
 endfacet
 facet normal  6.9900231130e-01 5.9287570028e-01 -3.9986769414e-01
   outer loop
     vertex  1.003906e+02 5.398310e+01 -2.279692e+01
     vertex  1.008943e+02 5.352087e+01 -2.260172e+01
     vertex  1.003906e+02 4.142160e+01 -4.142160e+01
   endloop
 endfacet
 facet normal  6.9900231130e-01 5.9287570028e-01 -3.9986769414e-01
   outer loop
     vertex  1.008943e+02 5.352087e+01 -2.260172e+01
     vertex  1.008943e+02 4.106693e+01 -4.106693e+01
     vertex  1.003906e+02 4.142160e+01 -4.142160e+01
   endloop
 endfacet
 facet normal  6.9900231130e-01 3.9986769414e-01 -5.9287570028e-01
   outer loop
     vertex  1.003906e+02 4.142160e+01 -4.142160e+01
     vertex  1.008943e+02 4.106693e+01 -4.106693e+01
     vertex  1.003906e+02 2.279692e+01 -5.398310e+01
   endloop
 endfacet
 facet normal  6.9900231130e-01 3.9986769414e-01 -5.9287570028e-01
   outer loop
     vertex  1.008943e+02 4.106693e+01 -4.106693e+01
     vertex  1.008943e+02 2.260172e+01 -5.352087e+01
     vertex  1.003906e+02 2.279692e+01 -5.398310e+01
   endloop
 endfacet
 facet normal  6.9854813401e-01 1.4175295058e-01 -7.0138192554e-01
   outer loop
     vertex  1.003906e+02 2.279692e+01 -5.398310e+01
     vertex  1.008943e+02 2.260172e+01 -5.352087e+01
     vertex  1.003906e+02 0.000000e+00 -5.859048e+01
   endloop
 endfacet
 facet normal  6.9854813401e-01 1.4175295058e-01 -7.0138192554e-01
   outer loop
     vertex  1.008943e+02 2.260172e+01 -5.352087e+01
     vertex  1.008943e+02 0.000000e+00 -5.808880e+01
     vertex  1.003906e+02 0.000000e+00 -5.859048e+01
   endloop
 endfacet
 facet normal  6.9854813401e-01 -1.4175295058e-01 -7.0138192554e-01
   outer loop
     vertex  1.003906e+02 0.000000e+00 -5.859048e+01
     vertex  1.008943e+02 0.000000e+00 -5.808880e+01
     vertex  1.008943e+02 -2.260172e+01 -5.352087e+01
   endloop
 endfacet
 facet normal  6.9854813401e-01 -1.4175295058e-01 -7.0138192554e-01
   outer loop
     vertex  1.003906e+02 0.000000e+00 -5.859048e+01
     vertex  1.008943e+02 -2.260172e+01 -5.352087e+01
     vertex  1.003906e+02 -2.279692e+01 -5.398310e+01
   endloop
 endfacet
 facet normal  6.9900231130e-01 -3.9986769414e-01 -5.9287570028e-01
   outer loop
     vertex  1.003906e+02 -2.279692e+01 -5.398310e+01
     vertex  1.008943e+02 -2.260172e+01 -5.352087e+01
     vertex  1.008943e+02 -4.106693e+01 -4.106693e+01
   endloop
 endfacet
 facet normal  6.9900231130e-01 -3.9986769414e-01 -5.9287570028e-01
   outer loop
     vertex  1.003906e+02 -2.279692e+01 -5.398310e+01
     vertex  1.008943e+02 -4.106693e+01 -4.106693e+01
     vertex  1.003906e+02 -4.142160e+01 -4.142160e+01
   endloop
 endfacet
 facet normal  6.9900231130e-01 -5.9287570028e-01 -3.9986769414e-01
   outer loop
     vertex  1.003906e+02 -4.142160e+01 -4.142160e+01
     vertex  1.008943e+02 -4.106693e+01 -4.106693e+01
     vertex  1.008943e+02 -5.352087e+01 -2.260172e+01
   endloop
 endfacet
 facet normal  6.9900231130e-01 -5.9287570028e-01 -3.9986769414e-01
   outer loop
     vertex  1.003906e+02 -4.142160e+01 -4.142160e+01
     vertex  1.008943e+02 -5.352087e+01 -2.260172e+01
     vertex  1.003906e+02 -5.398310e+01 -2.279692e+01
   endloop
 endfacet
 facet normal  6.9854813401e-01 -7.0138192554e-01 -1.4175295058e-01
   outer loop
     vertex  1.003906e+02 -5.398310e+01 -2.279692e+01
     vertex  1.008943e+02 -5.352087e+01 -2.260172e+01
     vertex  1.008943e+02 -5.808880e+01 0.000000e+00
   endloop
 endfacet
 facet normal  6.9854813401e-01 -7.0138192554e-01 -1.4175295058e-01
   outer loop
     vertex  1.003906e+02 -5.398310e+01 -2.279692e+01
     vertex  1.008943e+02 -5.808880e+01 0.000000e+00
     vertex  1.003906e+02 -5.859048e+01 0.000000e+00
   endloop
 endfacet
 facet normal  6.9854813401e-01 -7.0138192554e-01 1.4175295058e-01
   outer loop
     vertex  1.003906e+02 -5.859048e+01 0.000000e+00
     vertex  1.008943e+02 -5.808880e+01 0.000000e+00
     vertex  1.003906e+02 -5.398310e+01 2.279692e+01
   endloop
 endfacet
 facet normal  6.9854813401e-01 -7.0138192554e-01 1.4175295058e-01
   outer loop
     vertex  1.008943e+02 -5.808880e+01 0.000000e+00
     vertex  1.008943e+02 -5.352087e+01 2.260172e+01
     vertex  1.003906e+02 -5.398310e+01 2.279692e+01
   endloop
 endfacet
 facet normal  6.9900231130e-01 -5.9287570028e-01 3.9986769414e-01
   outer loop
     vertex  1.003906e+02 -5.398310e+01 2.279692e+01
     vertex  1.008943e+02 -5.352087e+01 2.260172e+01
     vertex  1.003906e+02 -4.142160e+01 4.142160e+01
   endloop
 endfacet
 facet normal  6.9900231130e-01 -5.9287570028e-01 3.9986769414e-01
   outer loop
     vertex  1.008943e+02 -5.352087e+01 2.260172e+01
     vertex  1.008943e+02 -4.106693e+01 4.106693e+01
     vertex  1.003906e+02 -4.142160e+01 4.142160e+01
   endloop
 endfacet
 facet normal  6.9900231130e-01 -3.9986769414e-01 5.9287570028e-01
   outer loop
     vertex  1.003906e+02 -4.142160e+01 4.142160e+01
     vertex  1.008943e+02 -4.106693e+01 4.106693e+01
     vertex  1.003906e+02 -2.279692e+01 5.398310e+01
   endloop
 endfacet
 facet normal  6.9900231130e-01 -3.9986769414e-01 5.9287570028e-01
   outer loop
     vertex  1.008943e+02 -4.106693e+01 4.106693e+01
     vertex  1.008943e+02 -2.260172e+01 5.352087e+01
     vertex  1.003906e+02 -2.279692e+01 5.398310e+01
   endloop
 endfacet
 facet normal  6.9854813401e-01 -1.4175295058e-01 7.0138192554e-01
   outer loop
     vertex  1.003906e+02 -2.279692e+01 5.398310e+01
     vertex  1.008943e+02 -2.260172e+01 5.352087e+01
     vertex  1.003906e+02 0.000000e+00 5.859048e+01
   endloop
 endfacet
 facet normal  6.9854813401e-01 -1.4175295058e-01 7.0138192554e-01
   outer loop
     vertex  1.008943e+02 -2.260172e+01 5.352087e+01
     vertex  1.008943e+02 0.000000e+00 5.808880e+01
     vertex  1.003906e+02 0.000000e+00 5.859048e+01
   endloop
 endfacet
 facet normal  6.9854813401e-01 1.4175295058e-01 7.0138192554e-01
   outer loop
     vertex  1.003906e+02 0.000000e+00 5.859048e+01
     vertex  1.008943e+02 0.000000e+00 5.808880e+01
     vertex  1.008943e+02 2.260172e+01 5.352087e+01
   endloop
 endfacet
 facet normal  6.9854813401e-01 1.4175295058e-01 7.0138192554e-01
   outer loop
     vertex  1.003906e+02 0.000000e+00 5.859048e+01
     vertex  1.008943e+02 2.260172e+01 5.352087e+01
     vertex  1.003906e+02 2.279692e+01 5.398310e+01
   endloop
 endfacet
 facet normal  6.9900231130e-01 3.9986769414e-01 5.9287570028e-01
   outer loop
     vertex  1.003906e+02 2.279692e+01 5.398310e+01
     vertex  1.008943e+02 2.260172e+01 5.352087e+01
     vertex  1.008943e+02 4.106693e+01 4.106693e+01
   endloop
 endfacet
 facet normal  6.9900231130e-01 3.9986769414e-01 5.9287570028e-01
   outer loop
     vertex  1.003906e+02 2.279692e+01 5.398310e+01
     vertex  1.008943e+02 4.106693e+01 4.106693e+01
     vertex  1.003906e+02 4.142160e+01 4.142160e+01
   endloop
 endfacet
 facet normal  6.9900231130e-01 5.9287570028e-01 3.9986769414e-01
   outer loop
     vertex  1.003906e+02 4.142160e+01 4.142160e+01
     vertex  1.008943e+02 4.106693e+01 4.106693e+01
     vertex  1.008943e+02 5.352087e+01 2.260172e+01
   endloop
 endfacet
 facet normal  6.9900231130e-01 5.9287570028e-01 3.9986769414e-01
   outer loop
     vertex  1.003906e+02 4.142160e+01 4.142160e+01
     vertex  1.008943e+02 5.352087e+01 2.260172e+01
     vertex  1.003906e+02 5.398310e+01 2.279692e+01
   endloop
 endfacet
 facet normal  6.9854813401e-01 7.0138192554e-01 1.4175295058e-01
   outer loop
     vertex  1.003906e+02 5.398310e+01 2.279692e+01
     vertex  1.008943e+02 5.352087e+01 2.260172e+01
     vertex  1.008943e+02 5.808880e+01 0.000000e+00
   endloop
 endfacet
 facet normal  6.9854813401e-01 7.0138192554e-01 1.4175295058e-01
   outer loop
     vertex  1.003906e+02 5.398310e+01 2.279692e+01
     vertex  1.008943e+02 5.808880e+01 0.000000e+00
     vertex  1.003906e+02 5.859048e+01 0.000000e+00
   endloop
 endfacet
 facet normal  9.9337845314e-01 -1.1261111557e-01 2.2759294641e-02
   outer loop
     vertex  1.008943e+02 5.808880e+01 0.000000e+00
     vertex  1.007587e+02 5.689250e+01 0.000000e+00
     vertex  1.008943e+02 5.352087e+01 -2.260172e+01
   endloop
 endfacet
 facet normal  9.9337845314e-01 -1.1261111557e-01 2.2759294641e-02
   outer loop
     vertex  1.007587e+02 5.689250e+01 0.000000e+00
     vertex  1.007587e+02 5.241864e+01 -2.213625e+01
     vertex  1.008943e+02 5.352087e+01 -2.260172e+01
   endloop
 endfacet
 facet normal  9.9339508668e-01 -9.5129527238e-02 6.4160539357e-02
   outer loop
     vertex  1.008943e+02 5.352087e+01 -2.260172e+01
     vertex  1.007587e+02 5.241864e+01 -2.213625e+01
     vertex  1.008943e+02 4.106693e+01 -4.106693e+01
   endloop
 endfacet
 facet normal  9.9339508668e-01 -9.5129527238e-02 6.4160539357e-02
   outer loop
     vertex  1.007587e+02 5.241864e+01 -2.213625e+01
     vertex  1.007587e+02 4.022118e+01 -4.022118e+01
     vertex  1.008943e+02 4.106693e+01 -4.106693e+01
   endloop
 endfacet
 facet normal  9.9339508668e-01 -6.4160539357e-02 9.5129527238e-02
   outer loop
     vertex  1.008943e+02 4.106693e+01 -4.106693e+01
     vertex  1.007587e+02 4.022118e+01 -4.022118e+01
     vertex  1.008943e+02 2.260172e+01 -5.352087e+01
   endloop
 endfacet
 facet normal  9.9339508668e-01 -6.4160539357e-02 9.5129527238e-02
   outer loop
     vertex  1.007587e+02 4.022118e+01 -4.022118e+01
     vertex  1.007587e+02 2.213625e+01 -5.241864e+01
     vertex  1.008943e+02 2.260172e+01 -5.352087e+01
   endloop
 endfacet
 facet normal  9.9337845314e-01 -2.2759294641e-02 1.1261111557e-01
   outer loop
     vertex  1.008943e+02 2.260172e+01 -5.352087e+01
     vertex  1.007587e+02 2.213625e+01 -5.241864e+01
     vertex  1.008943e+02 0.000000e+00 -5.808880e+01
   endloop
 endfacet
 facet normal  9.9337845314e-01 -2.2759294641e-02 1.1261111557e-01
   outer loop
     vertex  1.007587e+02 2.213625e+01 -5.241864e+01
     vertex  1.007587e+02 0.000000e+00 -5.689250e+01
     vertex  1.008943e+02 0.000000e+00 -5.808880e+01
   endloop
 endfacet
 facet normal  9.9337845314e-01 2.2759294641e-02 1.1261111557e-01
   outer loop
     vertex  1.008943e+02 0.000000e+00 -5.808880e+01
     vertex  1.007587e+02 0.000000e+00 -5.689250e+01
     vertex  1.007587e+02 -2.213625e+01 -5.241864e+01
   endloop
 endfacet
 facet normal  9.9337845314e-01 2.2759294641e-02 1.1261111557e-01
   outer loop
     vertex  1.008943e+02 0.000000e+00 -5.808880e+01
     vertex  1.007587e+02 -2.213625e+01 -5.241864e+01
     vertex  1.008943e+02 -2.260172e+01 -5.352087e+01
   endloop
 endfacet
 facet normal  9.9339508668e-01 6.4160539357e-02 9.5129527238e-02
   outer loop
     vertex  1.008943e+02 -2.260172e+01 -5.352087e+01
     vertex  1.007587e+02 -2.213625e+01 -5.241864e+01
     vertex  1.007587e+02 -4.022118e+01 -4.022118e+01
   endloop
 endfacet
 facet normal  9.9339508668e-01 6.4160539357e-02 9.5129527238e-02
   outer loop
     vertex  1.008943e+02 -2.260172e+01 -5.352087e+01
     vertex  1.007587e+02 -4.022118e+01 -4.022118e+01
     vertex  1.008943e+02 -4.106693e+01 -4.106693e+01
   endloop
 endfacet
 facet normal  9.9339508668e-01 9.5129527238e-02 6.4160539357e-02
   outer loop
     vertex  1.008943e+02 -4.106693e+01 -4.106693e+01
     vertex  1.007587e+02 -4.022118e+01 -4.022118e+01
     vertex  1.007587e+02 -5.241864e+01 -2.213625e+01
   endloop
 endfacet
 facet normal  9.9339508668e-01 9.5129527238e-02 6.4160539357e-02
   outer loop
     vertex  1.008943e+02 -4.106693e+01 -4.106693e+01
     vertex  1.007587e+02 -5.241864e+01 -2.213625e+01
     vertex  1.008943e+02 -5.352087e+01 -2.260172e+01
   endloop
 endfacet
 facet normal  9.9337845314e-01 1.1261111557e-01 2.2759294641e-02
   outer loop
     vertex  1.008943e+02 -5.352087e+01 -2.260172e+01
     vertex  1.007587e+02 -5.241864e+01 -2.213625e+01
     vertex  1.007587e+02 -5.689250e+01 0.000000e+00
   endloop
 endfacet
 facet normal  9.9337845314e-01 1.1261111557e-01 2.2759294641e-02
   outer loop
     vertex  1.008943e+02 -5.352087e+01 -2.260172e+01
     vertex  1.007587e+02 -5.689250e+01 0.000000e+00
     vertex  1.008943e+02 -5.808880e+01 0.000000e+00
   endloop
 endfacet
 facet normal  9.9337845314e-01 1.1261111557e-01 -2.2759294641e-02
   outer loop
     vertex  1.008943e+02 -5.808880e+01 0.000000e+00
     vertex  1.007587e+02 -5.689250e+01 0.000000e+00
     vertex  1.008943e+02 -5.352087e+01 2.260172e+01
   endloop
 endfacet
 facet normal  9.9337845314e-01 1.1261111557e-01 -2.2759294641e-02
   outer loop
     vertex  1.007587e+02 -5.689250e+01 0.000000e+00
     vertex  1.007587e+02 -5.241864e+01 2.213625e+01
     vertex  1.008943e+02 -5.352087e+01 2.260172e+01
   endloop
 endfacet
 facet normal  9.9339508668e-01 9.5129527238e-02 -6.4160539357e-02
   outer loop
     vertex  1.008943e+02 -5.352087e+01 2.260172e+01
     vertex  1.007587e+02 -5.241864e+01 2.213625e+01
     vertex  1.008943e+02 -4.106693e+01 4.106693e+01
   endloop
 endfacet
 facet normal  9.9339508668e-01 9.5129527238e-02 -6.4160539357e-02
   outer loop
     vertex  1.007587e+02 -5.241864e+01 2.213625e+01
     vertex  1.007587e+02 -4.022118e+01 4.022118e+01
     vertex  1.008943e+02 -4.106693e+01 4.106693e+01
   endloop
 endfacet
 facet normal  9.9339508668e-01 6.4160539357e-02 -9.5129527238e-02
   outer loop
     vertex  1.008943e+02 -4.106693e+01 4.106693e+01
     vertex  1.007587e+02 -4.022118e+01 4.022118e+01
     vertex  1.008943e+02 -2.260172e+01 5.352087e+01
   endloop
 endfacet
 facet normal  9.9339508668e-01 6.4160539357e-02 -9.5129527238e-02
   outer loop
     vertex  1.007587e+02 -4.022118e+01 4.022118e+01
     vertex  1.007587e+02 -2.213625e+01 5.241864e+01
     vertex  1.008943e+02 -2.260172e+01 5.352087e+01
   endloop
 endfacet
 facet normal  9.9337845314e-01 2.2759294641e-02 -1.1261111557e-01
   outer loop
     vertex  1.008943e+02 -2.260172e+01 5.352087e+01
     vertex  1.007587e+02 -2.213625e+01 5.241864e+01
     vertex  1.008943e+02 0.000000e+00 5.808880e+01
   endloop
 endfacet
 facet normal  9.9337845314e-01 2.2759294641e-02 -1.1261111557e-01
   outer loop
     vertex  1.007587e+02 -2.213625e+01 5.241864e+01
     vertex  1.007587e+02 0.000000e+00 5.689250e+01
     vertex  1.008943e+02 0.000000e+00 5.808880e+01
   endloop
 endfacet
 facet normal  9.9337845314e-01 -2.2759294641e-02 -1.1261111557e-01
   outer loop
     vertex  1.008943e+02 0.000000e+00 5.808880e+01
     vertex  1.007587e+02 0.000000e+00 5.689250e+01
     vertex  1.007587e+02 2.213625e+01 5.241864e+01
   endloop
 endfacet
 facet normal  9.9337845314e-01 -2.2759294641e-02 -1.1261111557e-01
   outer loop
     vertex  1.008943e+02 0.000000e+00 5.808880e+01
     vertex  1.007587e+02 2.213625e+01 5.241864e+01
     vertex  1.008943e+02 2.260172e+01 5.352087e+01
   endloop
 endfacet
 facet normal  9.9339508668e-01 -6.4160539357e-02 -9.5129527238e-02
   outer loop
     vertex  1.008943e+02 2.260172e+01 5.352087e+01
     vertex  1.007587e+02 2.213625e+01 5.241864e+01
     vertex  1.007587e+02 4.022118e+01 4.022118e+01
   endloop
 endfacet
 facet normal  9.9339508668e-01 -6.4160539357e-02 -9.5129527238e-02
   outer loop
     vertex  1.008943e+02 2.260172e+01 5.352087e+01
     vertex  1.007587e+02 4.022118e+01 4.022118e+01
     vertex  1.008943e+02 4.106693e+01 4.106693e+01
   endloop
 endfacet
 facet normal  9.9339508668e-01 -9.5129527238e-02 -6.4160539357e-02
   outer loop
     vertex  1.008943e+02 4.106693e+01 4.106693e+01
     vertex  1.007587e+02 4.022118e+01 4.022118e+01
     vertex  1.007587e+02 5.241864e+01 2.213625e+01
   endloop
 endfacet
 facet normal  9.9339508668e-01 -9.5129527238e-02 -6.4160539357e-02
   outer loop
     vertex  1.008943e+02 4.106693e+01 4.106693e+01
     vertex  1.007587e+02 5.241864e+01 2.213625e+01
     vertex  1.008943e+02 5.352087e+01 2.260172e+01
   endloop
 endfacet
 facet normal  9.9337845314e-01 -1.1261111557e-01 -2.2759294641e-02
   outer loop
     vertex  1.008943e+02 5.352087e+01 2.260172e+01
     vertex  1.007587e+02 5.241864e+01 2.213625e+01
     vertex  1.007587e+02 5.689250e+01 0.000000e+00
   endloop
 endfacet
 facet normal  9.9337845314e-01 -1.1261111557e-01 -2.2759294641e-02
   outer loop
     vertex  1.008943e+02 5.352087e+01 2.260172e+01
     vertex  1.007587e+02 5.689250e+01 0.000000e+00
     vertex  1.008943e+02 5.808880e+01 0.000000e+00
   endloop
 endfacet
 facet normal  9.7038334188e-01 -2.3678274019e-01 4.7855028545e-02
   outer loop
     vertex  1.007587e+02 5.689250e+01 0.000000e+00
     vertex  1.004103e+02 5.546465e+01 0.000000e+00
     vertex  1.007587e+02 5.241864e+01 -2.213625e+01
   endloop
 endfacet
 facet normal  9.7038334188e-01 -2.3678274019e-01 4.7855028545e-02
   outer loop
     vertex  1.004103e+02 5.546465e+01 0.000000e+00
     vertex  1.004103e+02 5.110308e+01 -2.158069e+01
     vertex  1.007587e+02 5.241864e+01 -2.213625e+01
   endloop
 endfacet
 facet normal  9.7045518549e-01 -2.0003638628e-01 1.3491544431e-01
   outer loop
     vertex  1.007587e+02 5.241864e+01 -2.213625e+01
     vertex  1.004103e+02 5.110308e+01 -2.158069e+01
     vertex  1.007587e+02 4.022118e+01 -4.022118e+01
   endloop
 endfacet
 facet normal  9.7045518549e-01 -2.0003638628e-01 1.3491544431e-01
   outer loop
     vertex  1.004103e+02 5.110308e+01 -2.158069e+01
     vertex  1.004103e+02 3.921174e+01 -3.921174e+01
     vertex  1.007587e+02 4.022118e+01 -4.022118e+01
   endloop
 endfacet
 facet normal  9.7045518549e-01 -1.3491544431e-01 2.0003638628e-01
   outer loop
     vertex  1.007587e+02 4.022118e+01 -4.022118e+01
     vertex  1.004103e+02 3.921174e+01 -3.921174e+01
     vertex  1.007587e+02 2.213625e+01 -5.241864e+01
   endloop
 endfacet
 facet normal  9.7045518549e-01 -1.3491544431e-01 2.0003638628e-01
   outer loop
     vertex  1.004103e+02 3.921174e+01 -3.921174e+01
     vertex  1.004103e+02 2.158069e+01 -5.110308e+01
     vertex  1.007587e+02 2.213625e+01 -5.241864e+01
   endloop
 endfacet
 facet normal  9.7038334188e-01 -4.7855028545e-02 2.3678274019e-01
   outer loop
     vertex  1.007587e+02 2.213625e+01 -5.241864e+01
     vertex  1.004103e+02 2.158069e+01 -5.110308e+01
     vertex  1.007587e+02 0.000000e+00 -5.689250e+01
   endloop
 endfacet
 facet normal  9.7038334188e-01 -4.7855028545e-02 2.3678274019e-01
   outer loop
     vertex  1.004103e+02 2.158069e+01 -5.110308e+01
     vertex  1.004103e+02 0.000000e+00 -5.546465e+01
     vertex  1.007587e+02 0.000000e+00 -5.689250e+01
   endloop
 endfacet
 facet normal  9.7038334188e-01 4.7855028545e-02 2.3678274019e-01
   outer loop
     vertex  1.007587e+02 0.000000e+00 -5.689250e+01
     vertex  1.004103e+02 0.000000e+00 -5.546465e+01
     vertex  1.004103e+02 -2.158069e+01 -5.110308e+01
   endloop
 endfacet
 facet normal  9.7038334188e-01 4.7855028545e-02 2.3678274019e-01
   outer loop
     vertex  1.007587e+02 0.000000e+00 -5.689250e+01
     vertex  1.004103e+02 -2.158069e+01 -5.110308e+01
     vertex  1.007587e+02 -2.213625e+01 -5.241864e+01
   endloop
 endfacet
 facet normal  9.7045518549e-01 1.3491544431e-01 2.0003638628e-01
   outer loop
     vertex  1.007587e+02 -2.213625e+01 -5.241864e+01
     vertex  1.004103e+02 -2.158069e+01 -5.110308e+01
     vertex  1.004103e+02 -3.921174e+01 -3.921174e+01
   endloop
 endfacet
 facet normal  9.7045518549e-01 1.3491544431e-01 2.0003638628e-01
   outer loop
     vertex  1.007587e+02 -2.213625e+01 -5.241864e+01
     vertex  1.004103e+02 -3.921174e+01 -3.921174e+01
     vertex  1.007587e+02 -4.022118e+01 -4.022118e+01
   endloop
 endfacet
 facet normal  9.7045518549e-01 2.0003638628e-01 1.3491544431e-01
   outer loop
     vertex  1.007587e+02 -4.022118e+01 -4.022118e+01
     vertex  1.004103e+02 -3.921174e+01 -3.921174e+01
     vertex  1.004103e+02 -5.110308e+01 -2.158069e+01
   endloop
 endfacet
 facet normal  9.7045518549e-01 2.0003638628e-01 1.3491544431e-01
   outer loop
     vertex  1.007587e+02 -4.022118e+01 -4.022118e+01
     vertex  1.004103e+02 -5.110308e+01 -2.158069e+01
     vertex  1.007587e+02 -5.241864e+01 -2.213625e+01
   endloop
 endfacet
 facet normal  9.7038334188e-01 2.3678274019e-01 4.7855028545e-02
   outer loop
     vertex  1.007587e+02 -5.241864e+01 -2.213625e+01
     vertex  1.004103e+02 -5.110308e+01 -2.158069e+01
     vertex  1.004103e+02 -5.546465e+01 0.000000e+00
   endloop
 endfacet
 facet normal  9.7038334188e-01 2.3678274019e-01 4.7855028545e-02
   outer loop
     vertex  1.007587e+02 -5.241864e+01 -2.213625e+01
     vertex  1.004103e+02 -5.546465e+01 0.000000e+00
     vertex  1.007587e+02 -5.689250e+01 0.000000e+00
   endloop
 endfacet
 facet normal  9.7038334188e-01 2.3678274019e-01 -4.7855028545e-02
   outer loop
     vertex  1.007587e+02 -5.689250e+01 0.000000e+00
     vertex  1.004103e+02 -5.546465e+01 0.000000e+00
     vertex  1.007587e+02 -5.241864e+01 2.213625e+01
   endloop
 endfacet
 facet normal  9.7038334188e-01 2.3678274019e-01 -4.7855028545e-02
   outer loop
     vertex  1.004103e+02 -5.546465e+01 0.000000e+00
     vertex  1.004103e+02 -5.110308e+01 2.158069e+01
     vertex  1.007587e+02 -5.241864e+01 2.213625e+01
   endloop
 endfacet
 facet normal  9.7045518549e-01 2.0003638628e-01 -1.3491544431e-01
   outer loop
     vertex  1.007587e+02 -5.241864e+01 2.213625e+01
     vertex  1.004103e+02 -5.110308e+01 2.158069e+01
     vertex  1.007587e+02 -4.022118e+01 4.022118e+01
   endloop
 endfacet
 facet normal  9.7045518549e-01 2.0003638628e-01 -1.3491544431e-01
   outer loop
     vertex  1.004103e+02 -5.110308e+01 2.158069e+01
     vertex  1.004103e+02 -3.921174e+01 3.921174e+01
     vertex  1.007587e+02 -4.022118e+01 4.022118e+01
   endloop
 endfacet
 facet normal  9.7045518549e-01 1.3491544431e-01 -2.0003638628e-01
   outer loop
     vertex  1.007587e+02 -4.022118e+01 4.022118e+01
     vertex  1.004103e+02 -3.921174e+01 3.921174e+01
     vertex  1.007587e+02 -2.213625e+01 5.241864e+01
   endloop
 endfacet
 facet normal  9.7045518549e-01 1.3491544431e-01 -2.0003638628e-01
   outer loop
     vertex  1.004103e+02 -3.921174e+01 3.921174e+01
     vertex  1.004103e+02 -2.158069e+01 5.110308e+01
     vertex  1.007587e+02 -2.213625e+01 5.241864e+01
   endloop
 endfacet
 facet normal  9.7038334188e-01 4.7855028545e-02 -2.3678274019e-01
   outer loop
     vertex  1.007587e+02 -2.213625e+01 5.241864e+01
     vertex  1.004103e+02 -2.158069e+01 5.110308e+01
     vertex  1.007587e+02 0.000000e+00 5.689250e+01
   endloop
 endfacet
 facet normal  9.7038334188e-01 4.7855028545e-02 -2.3678274019e-01
   outer loop
     vertex  1.004103e+02 -2.158069e+01 5.110308e+01
     vertex  1.004103e+02 0.000000e+00 5.546465e+01
     vertex  1.007587e+02 0.000000e+00 5.689250e+01
   endloop
 endfacet
 facet normal  9.7038334188e-01 -4.7855028545e-02 -2.3678274019e-01
   outer loop
     vertex  1.007587e+02 0.000000e+00 5.689250e+01
     vertex  1.004103e+02 0.000000e+00 5.546465e+01
     vertex  1.004103e+02 2.158069e+01 5.110308e+01
   endloop
 endfacet
 facet normal  9.7038334188e-01 -4.7855028545e-02 -2.3678274019e-01
   outer loop
     vertex  1.007587e+02 0.000000e+00 5.689250e+01
     vertex  1.004103e+02 2.158069e+01 5.110308e+01
     vertex  1.007587e+02 2.213625e+01 5.241864e+01
   endloop
 endfacet
 facet normal  9.7045518549e-01 -1.3491544431e-01 -2.0003638628e-01
   outer loop
     vertex  1.007587e+02 2.213625e+01 5.241864e+01
     vertex  1.004103e+02 2.158069e+01 5.110308e+01
     vertex  1.004103e+02 3.921174e+01 3.921174e+01
   endloop
 endfacet
 facet normal  9.7045518549e-01 -1.3491544431e-01 -2.0003638628e-01
   outer loop
     vertex  1.007587e+02 2.213625e+01 5.241864e+01
     vertex  1.004103e+02 3.921174e+01 3.921174e+01
     vertex  1.007587e+02 4.022118e+01 4.022118e+01
   endloop
 endfacet
 facet normal  9.7045518549e-01 -2.0003638628e-01 -1.3491544431e-01
   outer loop
     vertex  1.007587e+02 4.022118e+01 4.022118e+01
     vertex  1.004103e+02 3.921174e+01 3.921174e+01
     vertex  1.004103e+02 5.110308e+01 2.158069e+01
   endloop
 endfacet
 facet normal  9.7045518549e-01 -2.0003638628e-01 -1.3491544431e-01
   outer loop
     vertex  1.007587e+02 4.022118e+01 4.022118e+01
     vertex  1.004103e+02 5.110308e+01 2.158069e+01
     vertex  1.007587e+02 5.241864e+01 2.213625e+01
   endloop
 endfacet
 facet normal  9.7038334188e-01 -2.3678274019e-01 -4.7855028545e-02
   outer loop
     vertex  1.007587e+02 5.241864e+01 2.213625e+01
     vertex  1.004103e+02 5.110308e+01 2.158069e+01
     vertex  1.004103e+02 5.546465e+01 0.000000e+00
   endloop
 endfacet
 facet normal  9.7038334188e-01 -2.3678274019e-01 -4.7855028545e-02
   outer loop
     vertex  1.007587e+02 5.241864e+01 2.213625e+01
     vertex  1.004103e+02 5.546465e+01 0.000000e+00
     vertex  1.007587e+02 5.689250e+01 0.000000e+00
   endloop
 endfacet
 facet normal  9.9346970878e-01 -1.1183500136e-01 2.2602437905e-02
   outer loop
     vertex  1.004103e+02 5.546465e+01 0.000000e+00
     vertex  1.002756e+02 5.426834e+01 0.000000e+00
     vertex  1.004103e+02 5.110308e+01 -2.158069e+01
   endloop
 endfacet
 facet normal  9.9346970878e-01 -1.1183500136e-01 2.2602437905e-02
   outer loop
     vertex  1.002756e+02 5.426834e+01 0.000000e+00
     vertex  1.002756e+02 5.000085e+01 -2.111522e+01
     vertex  1.004103e+02 5.110308e+01 -2.158069e+01
   endloop
 endfacet
 facet normal  9.9348611534e-01 -9.4473874154e-02 6.3718331173e-02
   outer loop
     vertex  1.004103e+02 5.110308e+01 -2.158069e+01
     vertex  1.002756e+02 5.000085e+01 -2.111522e+01
     vertex  1.004103e+02 3.921174e+01 -3.921174e+01
   endloop
 endfacet
 facet normal  9.9348611534e-01 -9.4473874154e-02 6.3718331173e-02
   outer loop
     vertex  1.002756e+02 5.000085e+01 -2.111522e+01
     vertex  1.002756e+02 3.836599e+01 -3.836599e+01
     vertex  1.004103e+02 3.921174e+01 -3.921174e+01
   endloop
 endfacet
 facet normal  9.9348611534e-01 -6.3718331173e-02 9.4473874154e-02
   outer loop
     vertex  1.004103e+02 3.921174e+01 -3.921174e+01
     vertex  1.002756e+02 3.836599e+01 -3.836599e+01
     vertex  1.004103e+02 2.158069e+01 -5.110308e+01
   endloop
 endfacet
 facet normal  9.9348611534e-01 -6.3718331173e-02 9.4473874154e-02
   outer loop
     vertex  1.002756e+02 3.836599e+01 -3.836599e+01
     vertex  1.002756e+02 2.111522e+01 -5.000085e+01
     vertex  1.004103e+02 2.158069e+01 -5.110308e+01
   endloop
 endfacet
 facet normal  9.9346970878e-01 -2.2602437905e-02 1.1183500136e-01
   outer loop
     vertex  1.004103e+02 2.158069e+01 -5.110308e+01
     vertex  1.002756e+02 2.111522e+01 -5.000085e+01
     vertex  1.004103e+02 0.000000e+00 -5.546465e+01
   endloop
 endfacet
 facet normal  9.9346970878e-01 -2.2602437905e-02 1.1183500136e-01
   outer loop
     vertex  1.002756e+02 2.111522e+01 -5.000085e+01
     vertex  1.002756e+02 0.000000e+00 -5.426834e+01
     vertex  1.004103e+02 0.000000e+00 -5.546465e+01
   endloop
 endfacet
 facet normal  9.9346970878e-01 2.2602437905e-02 1.1183500136e-01
   outer loop
     vertex  1.004103e+02 0.000000e+00 -5.546465e+01
     vertex  1.002756e+02 0.000000e+00 -5.426834e+01
     vertex  1.002756e+02 -2.111522e+01 -5.000085e+01
   endloop
 endfacet
 facet normal  9.9346970878e-01 2.2602437905e-02 1.1183500136e-01
   outer loop
     vertex  1.004103e+02 0.000000e+00 -5.546465e+01
     vertex  1.002756e+02 -2.111522e+01 -5.000085e+01
     vertex  1.004103e+02 -2.158069e+01 -5.110308e+01
   endloop
 endfacet
 facet normal  9.9348611534e-01 6.3718331173e-02 9.4473874154e-02
   outer loop
     vertex  1.004103e+02 -2.158069e+01 -5.110308e+01
     vertex  1.002756e+02 -2.111522e+01 -5.000085e+01
     vertex  1.002756e+02 -3.836599e+01 -3.836599e+01
   endloop
 endfacet
 facet normal  9.9348611534e-01 6.3718331173e-02 9.4473874154e-02
   outer loop
     vertex  1.004103e+02 -2.158069e+01 -5.110308e+01
     vertex  1.002756e+02 -3.836599e+01 -3.836599e+01
     vertex  1.004103e+02 -3.921174e+01 -3.921174e+01
   endloop
 endfacet
 facet normal  9.9348611534e-01 9.4473874154e-02 6.3718331173e-02
   outer loop
     vertex  1.004103e+02 -3.921174e+01 -3.921174e+01
     vertex  1.002756e+02 -3.836599e+01 -3.836599e+01
     vertex  1.002756e+02 -5.000085e+01 -2.111522e+01
   endloop
 endfacet
 facet normal  9.9348611534e-01 9.4473874154e-02 6.3718331173e-02
   outer loop
     vertex  1.004103e+02 -3.921174e+01 -3.921174e+01
     vertex  1.002756e+02 -5.000085e+01 -2.111522e+01
     vertex  1.004103e+02 -5.110308e+01 -2.158069e+01
   endloop
 endfacet
 facet normal  9.9346970878e-01 1.1183500136e-01 2.2602437905e-02
   outer loop
     vertex  1.004103e+02 -5.110308e+01 -2.158069e+01
     vertex  1.002756e+02 -5.000085e+01 -2.111522e+01
     vertex  1.002756e+02 -5.426834e+01 0.000000e+00
   endloop
 endfacet
 facet normal  9.9346970878e-01 1.1183500136e-01 2.2602437905e-02
   outer loop
     vertex  1.004103e+02 -5.110308e+01 -2.158069e+01
     vertex  1.002756e+02 -5.426834e+01 0.000000e+00
     vertex  1.004103e+02 -5.546465e+01 0.000000e+00
   endloop
 endfacet
 facet normal  9.9346970878e-01 1.1183500136e-01 -2.2602437905e-02
   outer loop
     vertex  1.004103e+02 -5.546465e+01 0.000000e+00
     vertex  1.002756e+02 -5.426834e+01 0.000000e+00
     vertex  1.004103e+02 -5.110308e+01 2.158069e+01
   endloop
 endfacet
 facet normal  9.9346970878e-01 1.1183500136e-01 -2.2602437905e-02
   outer loop
     vertex  1.002756e+02 -5.426834e+01 0.000000e+00
     vertex  1.002756e+02 -5.000085e+01 2.111522e+01
     vertex  1.004103e+02 -5.110308e+01 2.158069e+01
   endloop
 endfacet
 facet normal  9.9348611534e-01 9.4473874154e-02 -6.3718331173e-02
   outer loop
     vertex  1.004103e+02 -5.110308e+01 2.158069e+01
     vertex  1.002756e+02 -5.000085e+01 2.111522e+01
     vertex  1.004103e+02 -3.921174e+01 3.921174e+01
   endloop
 endfacet
 facet normal  9.9348611534e-01 9.4473874154e-02 -6.3718331173e-02
   outer loop
     vertex  1.002756e+02 -5.000085e+01 2.111522e+01
     vertex  1.002756e+02 -3.836599e+01 3.836599e+01
     vertex  1.004103e+02 -3.921174e+01 3.921174e+01
   endloop
 endfacet
 facet normal  9.9348611534e-01 6.3718331173e-02 -9.4473874154e-02
   outer loop
     vertex  1.004103e+02 -3.921174e+01 3.921174e+01
     vertex  1.002756e+02 -3.836599e+01 3.836599e+01
     vertex  1.004103e+02 -2.158069e+01 5.110308e+01
   endloop
 endfacet
 facet normal  9.9348611534e-01 6.3718331173e-02 -9.4473874154e-02
   outer loop
     vertex  1.002756e+02 -3.836599e+01 3.836599e+01
     vertex  1.002756e+02 -2.111522e+01 5.000085e+01
     vertex  1.004103e+02 -2.158069e+01 5.110308e+01
   endloop
 endfacet
 facet normal  9.9346970878e-01 2.2602437905e-02 -1.1183500136e-01
   outer loop
     vertex  1.004103e+02 -2.158069e+01 5.110308e+01
     vertex  1.002756e+02 -2.111522e+01 5.000085e+01
     vertex  1.004103e+02 0.000000e+00 5.546465e+01
   endloop
 endfacet
 facet normal  9.9346970878e-01 2.2602437905e-02 -1.1183500136e-01
   outer loop
     vertex  1.002756e+02 -2.111522e+01 5.000085e+01
     vertex  1.002756e+02 0.000000e+00 5.426834e+01
     vertex  1.004103e+02 0.000000e+00 5.546465e+01
   endloop
 endfacet
 facet normal  9.9346970878e-01 -2.2602437905e-02 -1.1183500136e-01
   outer loop
     vertex  1.004103e+02 0.000000e+00 5.546465e+01
     vertex  1.002756e+02 0.000000e+00 5.426834e+01
     vertex  1.002756e+02 2.111522e+01 5.000085e+01
   endloop
 endfacet
 facet normal  9.9346970878e-01 -2.2602437905e-02 -1.1183500136e-01
   outer loop
     vertex  1.004103e+02 0.000000e+00 5.546465e+01
     vertex  1.002756e+02 2.111522e+01 5.000085e+01
     vertex  1.004103e+02 2.158069e+01 5.110308e+01
   endloop
 endfacet
 facet normal  9.9348611534e-01 -6.3718331173e-02 -9.4473874154e-02
   outer loop
     vertex  1.004103e+02 2.158069e+01 5.110308e+01
     vertex  1.002756e+02 2.111522e+01 5.000085e+01
     vertex  1.002756e+02 3.836599e+01 3.836599e+01
   endloop
 endfacet
 facet normal  9.9348611534e-01 -6.3718331173e-02 -9.4473874154e-02
   outer loop
     vertex  1.004103e+02 2.158069e+01 5.110308e+01
     vertex  1.002756e+02 3.836599e+01 3.836599e+01
     vertex  1.004103e+02 3.921174e+01 3.921174e+01
   endloop
 endfacet
 facet normal  9.9348611534e-01 -9.4473874154e-02 -6.3718331173e-02
   outer loop
     vertex  1.004103e+02 3.921174e+01 3.921174e+01
     vertex  1.002756e+02 3.836599e+01 3.836599e+01
     vertex  1.002756e+02 5.000085e+01 2.111522e+01
   endloop
 endfacet
 facet normal  9.9348611534e-01 -9.4473874154e-02 -6.3718331173e-02
   outer loop
     vertex  1.004103e+02 3.921174e+01 3.921174e+01
     vertex  1.002756e+02 5.000085e+01 2.111522e+01
     vertex  1.004103e+02 5.110308e+01 2.158069e+01
   endloop
 endfacet
 facet normal  9.9346970878e-01 -1.1183500136e-01 -2.2602437905e-02
   outer loop
     vertex  1.004103e+02 5.110308e+01 2.158069e+01
     vertex  1.002756e+02 5.000085e+01 2.111522e+01
     vertex  1.002756e+02 5.426834e+01 0.000000e+00
   endloop
 endfacet
 facet normal  9.9346970878e-01 -1.1183500136e-01 -2.2602437905e-02
   outer loop
     vertex  1.004103e+02 5.110308e+01 2.158069e+01
     vertex  1.002756e+02 5.426834e+01 0.000000e+00
     vertex  1.004103e+02 5.546465e+01 0.000000e+00
   endloop
 endfacet
 facet normal  6.9720454898e-01 7.0266515778e-01 -1.4201229851e-01
   outer loop
     vertex  1.002756e+02 5.426834e+01 0.000000e+00
     vertex  1.007812e+02 5.376667e+01 0.000000e+00
     vertex  1.002756e+02 5.000085e+01 -2.111522e+01
   endloop
 endfacet
 facet normal  6.9720454898e-01 7.0266515778e-01 -1.4201229851e-01
   outer loop
     vertex  1.007812e+02 5.376667e+01 0.000000e+00
     vertex  1.007812e+02 4.953862e+01 -2.092003e+01
     vertex  1.002756e+02 5.000085e+01 -2.111522e+01
   endloop
 endfacet
 facet normal  6.9765951455e-01 5.9396182686e-01 -4.0060023712e-01
   outer loop
     vertex  1.002756e+02 5.000085e+01 -2.111522e+01
     vertex  1.007812e+02 4.953862e+01 -2.092003e+01
     vertex  1.002756e+02 3.836599e+01 -3.836599e+01
   endloop
 endfacet
 facet normal  6.9765951455e-01 5.9396182686e-01 -4.0060023712e-01
   outer loop
     vertex  1.007812e+02 4.953862e+01 -2.092003e+01
     vertex  1.007812e+02 3.801132e+01 -3.801132e+01
     vertex  1.002756e+02 3.836599e+01 -3.836599e+01
   endloop
 endfacet
 facet normal  6.9765951455e-01 4.0060023712e-01 -5.9396182686e-01
   outer loop
     vertex  1.002756e+02 3.836599e+01 -3.836599e+01
     vertex  1.007812e+02 3.801132e+01 -3.801132e+01
     vertex  1.002756e+02 2.111522e+01 -5.000085e+01
   endloop
 endfacet
 facet normal  6.9765951455e-01 4.0060023712e-01 -5.9396182686e-01
   outer loop
     vertex  1.007812e+02 3.801132e+01 -3.801132e+01
     vertex  1.007812e+02 2.092003e+01 -4.953862e+01
     vertex  1.002756e+02 2.111522e+01 -5.000085e+01
   endloop
 endfacet
 facet normal  6.9720454898e-01 1.4201229851e-01 -7.0266515778e-01
   outer loop
     vertex  1.002756e+02 2.111522e+01 -5.000085e+01
     vertex  1.007812e+02 2.092003e+01 -4.953862e+01
     vertex  1.002756e+02 0.000000e+00 -5.426834e+01
   endloop
 endfacet
 facet normal  6.9720454898e-01 1.4201229851e-01 -7.0266515778e-01
   outer loop
     vertex  1.007812e+02 2.092003e+01 -4.953862e+01
     vertex  1.007812e+02 0.000000e+00 -5.376667e+01
     vertex  1.002756e+02 0.000000e+00 -5.426834e+01
   endloop
 endfacet
 facet normal  6.9720454898e-01 -1.4201229851e-01 -7.0266515778e-01
   outer loop
     vertex  1.002756e+02 0.000000e+00 -5.426834e+01
     vertex  1.007812e+02 0.000000e+00 -5.376667e+01
     vertex  1.007812e+02 -2.092003e+01 -4.953862e+01
   endloop
 endfacet
 facet normal  6.9720454898e-01 -1.4201229851e-01 -7.0266515778e-01
   outer loop
     vertex  1.002756e+02 0.000000e+00 -5.426834e+01
     vertex  1.007812e+02 -2.092003e+01 -4.953862e+01
     vertex  1.002756e+02 -2.111522e+01 -5.000085e+01
   endloop
 endfacet
 facet normal  6.9765951455e-01 -4.0060023712e-01 -5.9396182686e-01
   outer loop
     vertex  1.002756e+02 -2.111522e+01 -5.000085e+01
     vertex  1.007812e+02 -2.092003e+01 -4.953862e+01
     vertex  1.007812e+02 -3.801132e+01 -3.801132e+01
   endloop
 endfacet
 facet normal  6.9765951455e-01 -4.0060023712e-01 -5.9396182686e-01
   outer loop
     vertex  1.002756e+02 -2.111522e+01 -5.000085e+01
     vertex  1.007812e+02 -3.801132e+01 -3.801132e+01
     vertex  1.002756e+02 -3.836599e+01 -3.836599e+01
   endloop
 endfacet
 facet normal  6.9765951455e-01 -5.9396182686e-01 -4.0060023712e-01
   outer loop
     vertex  1.002756e+02 -3.836599e+01 -3.836599e+01
     vertex  1.007812e+02 -3.801132e+01 -3.801132e+01
     vertex  1.007812e+02 -4.953862e+01 -2.092003e+01
   endloop
 endfacet
 facet normal  6.9765951455e-01 -5.9396182686e-01 -4.0060023712e-01
   outer loop
     vertex  1.002756e+02 -3.836599e+01 -3.836599e+01
     vertex  1.007812e+02 -4.953862e+01 -2.092003e+01
     vertex  1.002756e+02 -5.000085e+01 -2.111522e+01
   endloop
 endfacet
 facet normal  6.9720454898e-01 -7.0266515778e-01 -1.4201229851e-01
   outer loop
     vertex  1.002756e+02 -5.000085e+01 -2.111522e+01
     vertex  1.007812e+02 -4.953862e+01 -2.092003e+01
     vertex  1.007812e+02 -5.376667e+01 0.000000e+00
   endloop
 endfacet
 facet normal  6.9720454898e-01 -7.0266515778e-01 -1.4201229851e-01
   outer loop
     vertex  1.002756e+02 -5.000085e+01 -2.111522e+01
     vertex  1.007812e+02 -5.376667e+01 0.000000e+00
     vertex  1.002756e+02 -5.426834e+01 0.000000e+00
   endloop
 endfacet
 facet normal  6.9720454898e-01 -7.0266515778e-01 1.4201229851e-01
   outer loop
     vertex  1.002756e+02 -5.426834e+01 0.000000e+00
     vertex  1.007812e+02 -5.376667e+01 0.000000e+00
     vertex  1.002756e+02 -5.000085e+01 2.111522e+01
   endloop
 endfacet
 facet normal  6.9720454898e-01 -7.0266515778e-01 1.4201229851e-01
   outer loop
     vertex  1.007812e+02 -5.376667e+01 0.000000e+00
     vertex  1.007812e+02 -4.953862e+01 2.092003e+01
     vertex  1.002756e+02 -5.000085e+01 2.111522e+01
   endloop
 endfacet
 facet normal  6.9765951455e-01 -5.9396182686e-01 4.0060023712e-01
   outer loop
     vertex  1.002756e+02 -5.000085e+01 2.111522e+01
     vertex  1.007812e+02 -4.953862e+01 2.092003e+01
     vertex  1.002756e+02 -3.836599e+01 3.836599e+01
   endloop
 endfacet
 facet normal  6.9765951455e-01 -5.9396182686e-01 4.0060023712e-01
   outer loop
     vertex  1.007812e+02 -4.953862e+01 2.092003e+01
     vertex  1.007812e+02 -3.801132e+01 3.801132e+01
     vertex  1.002756e+02 -3.836599e+01 3.836599e+01
   endloop
 endfacet
 facet normal  6.9765951455e-01 -4.0060023712e-01 5.9396182686e-01
   outer loop
     vertex  1.002756e+02 -3.836599e+01 3.836599e+01
     vertex  1.007812e+02 -3.801132e+01 3.801132e+01
     vertex  1.002756e+02 -2.111522e+01 5.000085e+01
   endloop
 endfacet
 facet normal  6.9765951455e-01 -4.0060023712e-01 5.9396182686e-01
   outer loop
     vertex  1.007812e+02 -3.801132e+01 3.801132e+01
     vertex  1.007812e+02 -2.092003e+01 4.953862e+01
     vertex  1.002756e+02 -2.111522e+01 5.000085e+01
   endloop
 endfacet
 facet normal  6.9720454898e-01 -1.4201229851e-01 7.0266515778e-01
   outer loop
     vertex  1.002756e+02 -2.111522e+01 5.000085e+01
     vertex  1.007812e+02 -2.092003e+01 4.953862e+01
     vertex  1.002756e+02 0.000000e+00 5.426834e+01
   endloop
 endfacet
 facet normal  6.9720454898e-01 -1.4201229851e-01 7.0266515778e-01
   outer loop
     vertex  1.007812e+02 -2.092003e+01 4.953862e+01
     vertex  1.007812e+02 0.000000e+00 5.376667e+01
     vertex  1.002756e+02 0.000000e+00 5.426834e+01
   endloop
 endfacet
 facet normal  6.9720454898e-01 1.4201229851e-01 7.0266515778e-01
   outer loop
     vertex  1.002756e+02 0.000000e+00 5.426834e+01
     vertex  1.007812e+02 0.000000e+00 5.376667e+01
     vertex  1.007812e+02 2.092003e+01 4.953862e+01
   endloop
 endfacet
 facet normal  6.9720454898e-01 1.4201229851e-01 7.0266515778e-01
   outer loop
     vertex  1.002756e+02 0.000000e+00 5.426834e+01
     vertex  1.007812e+02 2.092003e+01 4.953862e+01
     vertex  1.002756e+02 2.111522e+01 5.000085e+01
   endloop
 endfacet
 facet normal  6.9765951455e-01 4.0060023712e-01 5.9396182686e-01
   outer loop
     vertex  1.002756e+02 2.111522e+01 5.000085e+01
     vertex  1.007812e+02 2.092003e+01 4.953862e+01
     vertex  1.007812e+02 3.801132e+01 3.801132e+01
   endloop
 endfacet
 facet normal  6.9765951455e-01 4.0060023712e-01 5.9396182686e-01
   outer loop
     vertex  1.002756e+02 2.111522e+01 5.000085e+01
     vertex  1.007812e+02 3.801132e+01 3.801132e+01
     vertex  1.002756e+02 3.836599e+01 3.836599e+01
   endloop
 endfacet
 facet normal  6.9765951455e-01 5.9396182686e-01 4.0060023712e-01
   outer loop
     vertex  1.002756e+02 3.836599e+01 3.836599e+01
     vertex  1.007812e+02 3.801132e+01 3.801132e+01
     vertex  1.007812e+02 4.953862e+01 2.092003e+01
   endloop
 endfacet
 facet normal  6.9765951455e-01 5.9396182686e-01 4.0060023712e-01
   outer loop
     vertex  1.002756e+02 3.836599e+01 3.836599e+01
     vertex  1.007812e+02 4.953862e+01 2.092003e+01
     vertex  1.002756e+02 5.000085e+01 2.111522e+01
   endloop
 endfacet
 facet normal  6.9720454898e-01 7.0266515778e-01 1.4201229851e-01
   outer loop
     vertex  1.002756e+02 5.000085e+01 2.111522e+01
     vertex  1.007812e+02 4.953862e+01 2.092003e+01
     vertex  1.007812e+02 5.376667e+01 0.000000e+00
   endloop
 endfacet
 facet normal  6.9720454898e-01 7.0266515778e-01 1.4201229851e-01
   outer loop
     vertex  1.002756e+02 5.000085e+01 2.111522e+01
     vertex  1.007812e+02 5.376667e+01 0.000000e+00
     vertex  1.002756e+02 5.426834e+01 0.000000e+00
   endloop
 endfacet
 facet normal  6.7033654067e-01 7.2735101507e-01 -1.4700143921e-01
   outer loop
     vertex  1.007812e+02 5.376667e+01 0.000000e+00
     vertex  1.013256e+02 5.326499e+01 0.000000e+00
     vertex  1.013256e+02 4.907639e+01 -2.072483e+01
   endloop
 endfacet
 facet normal  6.7033654067e-01 7.2735101507e-01 -1.4700143921e-01
   outer loop
     vertex  1.007812e+02 5.376667e+01 0.000000e+00
     vertex  1.013256e+02 4.907639e+01 -2.072483e+01
     vertex  1.007812e+02 4.953862e+01 -2.092003e+01
   endloop
 endfacet
 facet normal  6.7080528160e-01 6.1485744284e-01 -4.1469337970e-01
   outer loop
     vertex  1.007812e+02 4.953862e+01 -2.092003e+01
     vertex  1.013256e+02 4.907639e+01 -2.072483e+01
     vertex  1.013256e+02 3.765665e+01 -3.765665e+01
   endloop
 endfacet
 facet normal  6.7080528160e-01 6.1485744284e-01 -4.1469337970e-01
   outer loop
     vertex  1.007812e+02 4.953862e+01 -2.092003e+01
     vertex  1.013256e+02 3.765665e+01 -3.765665e+01
     vertex  1.007812e+02 3.801132e+01 -3.801132e+01
   endloop
 endfacet
 facet normal  6.7080528160e-01 4.1469337970e-01 -6.1485744284e-01
   outer loop
     vertex  1.007812e+02 3.801132e+01 -3.801132e+01
     vertex  1.013256e+02 3.765665e+01 -3.765665e+01
     vertex  1.013256e+02 2.072483e+01 -4.907639e+01
   endloop
 endfacet
 facet normal  6.7080528160e-01 4.1469337970e-01 -6.1485744284e-01
   outer loop
     vertex  1.007812e+02 3.801132e+01 -3.801132e+01
     vertex  1.013256e+02 2.072483e+01 -4.907639e+01
     vertex  1.007812e+02 2.092003e+01 -4.953862e+01
   endloop
 endfacet
 facet normal  6.7033654067e-01 1.4700143921e-01 -7.2735101507e-01
   outer loop
     vertex  1.007812e+02 2.092003e+01 -4.953862e+01
     vertex  1.013256e+02 2.072483e+01 -4.907639e+01
     vertex  1.013256e+02 0.000000e+00 -5.326499e+01
   endloop
 endfacet
 facet normal  6.7033654067e-01 1.4700143921e-01 -7.2735101507e-01
   outer loop
     vertex  1.007812e+02 2.092003e+01 -4.953862e+01
     vertex  1.013256e+02 0.000000e+00 -5.326499e+01
     vertex  1.007812e+02 0.000000e+00 -5.376667e+01
   endloop
 endfacet
 facet normal  6.7033654067e-01 -1.4700143921e-01 -7.2735101507e-01
   outer loop
     vertex  1.007812e+02 0.000000e+00 -5.376667e+01
     vertex  1.013256e+02 0.000000e+00 -5.326499e+01
     vertex  1.007812e+02 -2.092003e+01 -4.953862e+01
   endloop
 endfacet
 facet normal  6.7033654067e-01 -1.4700143921e-01 -7.2735101507e-01
   outer loop
     vertex  1.013256e+02 0.000000e+00 -5.326499e+01
     vertex  1.013256e+02 -2.072483e+01 -4.907639e+01
     vertex  1.007812e+02 -2.092003e+01 -4.953862e+01
   endloop
 endfacet
 facet normal  6.7080528160e-01 -4.1469337970e-01 -6.1485744284e-01
   outer loop
     vertex  1.007812e+02 -2.092003e+01 -4.953862e+01
     vertex  1.013256e+02 -2.072483e+01 -4.907639e+01
     vertex  1.007812e+02 -3.801132e+01 -3.801132e+01
   endloop
 endfacet
 facet normal  6.7080528160e-01 -4.1469337970e-01 -6.1485744284e-01
   outer loop
     vertex  1.013256e+02 -2.072483e+01 -4.907639e+01
     vertex  1.013256e+02 -3.765665e+01 -3.765665e+01
     vertex  1.007812e+02 -3.801132e+01 -3.801132e+01
   endloop
 endfacet
 facet normal  6.7080528160e-01 -6.1485744284e-01 -4.1469337970e-01
   outer loop
     vertex  1.007812e+02 -3.801132e+01 -3.801132e+01
     vertex  1.013256e+02 -3.765665e+01 -3.765665e+01
     vertex  1.007812e+02 -4.953862e+01 -2.092003e+01
   endloop
 endfacet
 facet normal  6.7080528160e-01 -6.1485744284e-01 -4.1469337970e-01
   outer loop
     vertex  1.013256e+02 -3.765665e+01 -3.765665e+01
     vertex  1.013256e+02 -4.907639e+01 -2.072483e+01
     vertex  1.007812e+02 -4.953862e+01 -2.092003e+01
   endloop
 endfacet
 facet normal  6.7033654067e-01 -7.2735101507e-01 -1.4700143921e-01
   outer loop
     vertex  1.007812e+02 -4.953862e+01 -2.092003e+01
     vertex  1.013256e+02 -4.907639e+01 -2.072483e+01
     vertex  1.007812e+02 -5.376667e+01 0.000000e+00
   endloop
 endfacet
 facet normal  6.7033654067e-01 -7.2735101507e-01 -1.4700143921e-01
   outer loop
     vertex  1.013256e+02 -4.907639e+01 -2.072483e+01
     vertex  1.013256e+02 -5.326499e+01 0.000000e+00
     vertex  1.007812e+02 -5.376667e+01 0.000000e+00
   endloop
 endfacet
 facet normal  6.7033654067e-01 -7.2735101507e-01 1.4700143921e-01
   outer loop
     vertex  1.007812e+02 -5.376667e+01 0.000000e+00
     vertex  1.013256e+02 -5.326499e+01 0.000000e+00
     vertex  1.013256e+02 -4.907639e+01 2.072483e+01
   endloop
 endfacet
 facet normal  6.7033654067e-01 -7.2735101507e-01 1.4700143921e-01
   outer loop
     vertex  1.007812e+02 -5.376667e+01 0.000000e+00
     vertex  1.013256e+02 -4.907639e+01 2.072483e+01
     vertex  1.007812e+02 -4.953862e+01 2.092003e+01
   endloop
 endfacet
 facet normal  6.7080528160e-01 -6.1485744284e-01 4.1469337970e-01
   outer loop
     vertex  1.007812e+02 -4.953862e+01 2.092003e+01
     vertex  1.013256e+02 -4.907639e+01 2.072483e+01
     vertex  1.013256e+02 -3.765665e+01 3.765665e+01
   endloop
 endfacet
 facet normal  6.7080528160e-01 -6.1485744284e-01 4.1469337970e-01
   outer loop
     vertex  1.007812e+02 -4.953862e+01 2.092003e+01
     vertex  1.013256e+02 -3.765665e+01 3.765665e+01
     vertex  1.007812e+02 -3.801132e+01 3.801132e+01
   endloop
 endfacet
 facet normal  6.7080528160e-01 -4.1469337970e-01 6.1485744284e-01
   outer loop
     vertex  1.007812e+02 -3.801132e+01 3.801132e+01
     vertex  1.013256e+02 -3.765665e+01 3.765665e+01
     vertex  1.013256e+02 -2.072483e+01 4.907639e+01
   endloop
 endfacet
 facet normal  6.7080528160e-01 -4.1469337970e-01 6.1485744284e-01
   outer loop
     vertex  1.007812e+02 -3.801132e+01 3.801132e+01
     vertex  1.013256e+02 -2.072483e+01 4.907639e+01
     vertex  1.007812e+02 -2.092003e+01 4.953862e+01
   endloop
 endfacet
 facet normal  6.7033654067e-01 -1.4700143921e-01 7.2735101507e-01
   outer loop
     vertex  1.007812e+02 -2.092003e+01 4.953862e+01
     vertex  1.013256e+02 -2.072483e+01 4.907639e+01
     vertex  1.013256e+02 0.000000e+00 5.326499e+01
   endloop
 endfacet
 facet normal  6.7033654067e-01 -1.4700143921e-01 7.2735101507e-01
   outer loop
     vertex  1.007812e+02 -2.092003e+01 4.953862e+01
     vertex  1.013256e+02 0.000000e+00 5.326499e+01
     vertex  1.007812e+02 0.000000e+00 5.376667e+01
   endloop
 endfacet
 facet normal  6.7033654067e-01 1.4700143921e-01 7.2735101507e-01
   outer loop
     vertex  1.007812e+02 0.000000e+00 5.376667e+01
     vertex  1.013256e+02 0.000000e+00 5.326499e+01
     vertex  1.007812e+02 2.092003e+01 4.953862e+01
   endloop
 endfacet
 facet normal  6.7033654067e-01 1.4700143921e-01 7.2735101507e-01
   outer loop
     vertex  1.013256e+02 0.000000e+00 5.326499e+01
     vertex  1.013256e+02 2.072483e+01 4.907639e+01
     vertex  1.007812e+02 2.092003e+01 4.953862e+01
   endloop
 endfacet
 facet normal  6.7080528160e-01 4.1469337970e-01 6.1485744284e-01
   outer loop
     vertex  1.007812e+02 2.092003e+01 4.953862e+01
     vertex  1.013256e+02 2.072483e+01 4.907639e+01
     vertex  1.007812e+02 3.801132e+01 3.801132e+01
   endloop
 endfacet
 facet normal  6.7080528160e-01 4.1469337970e-01 6.1485744284e-01
   outer loop
     vertex  1.013256e+02 2.072483e+01 4.907639e+01
     vertex  1.013256e+02 3.765665e+01 3.765665e+01
     vertex  1.007812e+02 3.801132e+01 3.801132e+01
   endloop
 endfacet
 facet normal  6.7080528160e-01 6.1485744284e-01 4.1469337970e-01
   outer loop
     vertex  1.007812e+02 3.801132e+01 3.801132e+01
     vertex  1.013256e+02 3.765665e+01 3.765665e+01
     vertex  1.007812e+02 4.953862e+01 2.092003e+01
   endloop
 endfacet
 facet normal  6.7080528160e-01 6.1485744284e-01 4.1469337970e-01
   outer loop
     vertex  1.013256e+02 3.765665e+01 3.765665e+01
     vertex  1.013256e+02 4.907639e+01 2.072483e+01
     vertex  1.007812e+02 4.953862e+01 2.092003e+01
   endloop
 endfacet
 facet normal  6.7033654067e-01 7.2735101507e-01 1.4700143921e-01
   outer loop
     vertex  1.007812e+02 4.953862e+01 2.092003e+01
     vertex  1.013256e+02 4.907639e+01 2.072483e+01
     vertex  1.007812e+02 5.376667e+01 0.000000e+00
   endloop
 endfacet
 facet normal  6.7033654067e-01 7.2735101507e-01 1.4700143921e-01
   outer loop
     vertex  1.013256e+02 4.907639e+01 2.072483e+01
     vertex  1.013256e+02 5.326499e+01 0.000000e+00
     vertex  1.007812e+02 5.376667e+01 0.000000e+00
   endloop
 endfacet
 facet normal  9.9937240948e-01 -3.4720957156e-02 7.0172867940e-03
   outer loop
     vertex  1.013256e+02 5.326499e+01 0.000000e+00
     vertex  1.012840e+02 5.206869e+01 0.000000e+00
     vertex  1.012840e+02 4.797416e+01 -2.025936e+01
   endloop
 endfacet
 facet normal  9.9937240948e-01 -3.4720957156e-02 7.0172867940e-03
   outer loop
     vertex  1.013256e+02 5.326499e+01 0.000000e+00
     vertex  1.012840e+02 4.797416e+01 -2.025936e+01
     vertex  1.013256e+02 4.907639e+01 -2.072483e+01
   endloop
 endfacet
 facet normal  9.9937400025e-01 -2.9330481051e-02 1.9782075434e-02
   outer loop
     vertex  1.013256e+02 4.907639e+01 -2.072483e+01
     vertex  1.012840e+02 4.797416e+01 -2.025936e+01
     vertex  1.012840e+02 3.681090e+01 -3.681090e+01
   endloop
 endfacet
 facet normal  9.9937400025e-01 -2.9330481051e-02 1.9782075434e-02
   outer loop
     vertex  1.013256e+02 4.907639e+01 -2.072483e+01
     vertex  1.012840e+02 3.681090e+01 -3.681090e+01
     vertex  1.013256e+02 3.765665e+01 -3.765665e+01
   endloop
 endfacet
 facet normal  9.9937400025e-01 -1.9782075434e-02 2.9330481051e-02
   outer loop
     vertex  1.013256e+02 3.765665e+01 -3.765665e+01
     vertex  1.012840e+02 3.681090e+01 -3.681090e+01
     vertex  1.012840e+02 2.025936e+01 -4.797416e+01
   endloop
 endfacet
 facet normal  9.9937400025e-01 -1.9782075434e-02 2.9330481051e-02
   outer loop
     vertex  1.013256e+02 3.765665e+01 -3.765665e+01
     vertex  1.012840e+02 2.025936e+01 -4.797416e+01
     vertex  1.013256e+02 2.072483e+01 -4.907639e+01
   endloop
 endfacet
 facet normal  9.9937240948e-01 -7.0172867940e-03 3.4720957156e-02
   outer loop
     vertex  1.013256e+02 2.072483e+01 -4.907639e+01
     vertex  1.012840e+02 2.025936e+01 -4.797416e+01
     vertex  1.012840e+02 0.000000e+00 -5.206869e+01
   endloop
 endfacet
 facet normal  9.9937240948e-01 -7.0172867940e-03 3.4720957156e-02
   outer loop
     vertex  1.013256e+02 2.072483e+01 -4.907639e+01
     vertex  1.012840e+02 0.000000e+00 -5.206869e+01
     vertex  1.013256e+02 0.000000e+00 -5.326499e+01
   endloop
 endfacet
 facet normal  9.9937240948e-01 7.0172867940e-03 3.4720957156e-02
   outer loop
     vertex  1.013256e+02 0.000000e+00 -5.326499e+01
     vertex  1.012840e+02 0.000000e+00 -5.206869e+01
     vertex  1.013256e+02 -2.072483e+01 -4.907639e+01
   endloop
 endfacet
 facet normal  9.9937240948e-01 7.0172867940e-03 3.4720957156e-02
   outer loop
     vertex  1.012840e+02 0.000000e+00 -5.206869e+01
     vertex  1.012840e+02 -2.025936e+01 -4.797416e+01
     vertex  1.013256e+02 -2.072483e+01 -4.907639e+01
   endloop
 endfacet
 facet normal  9.9937400025e-01 1.9782075434e-02 2.9330481051e-02
   outer loop
     vertex  1.013256e+02 -2.072483e+01 -4.907639e+01
     vertex  1.012840e+02 -2.025936e+01 -4.797416e+01
     vertex  1.013256e+02 -3.765665e+01 -3.765665e+01
   endloop
 endfacet
 facet normal  9.9937400025e-01 1.9782075434e-02 2.9330481051e-02
   outer loop
     vertex  1.012840e+02 -2.025936e+01 -4.797416e+01
     vertex  1.012840e+02 -3.681090e+01 -3.681090e+01
     vertex  1.013256e+02 -3.765665e+01 -3.765665e+01
   endloop
 endfacet
 facet normal  9.9937400025e-01 2.9330481051e-02 1.9782075434e-02
   outer loop
     vertex  1.013256e+02 -3.765665e+01 -3.765665e+01
     vertex  1.012840e+02 -3.681090e+01 -3.681090e+01
     vertex  1.013256e+02 -4.907639e+01 -2.072483e+01
   endloop
 endfacet
 facet normal  9.9937400025e-01 2.9330481051e-02 1.9782075434e-02
   outer loop
     vertex  1.012840e+02 -3.681090e+01 -3.681090e+01
     vertex  1.012840e+02 -4.797416e+01 -2.025936e+01
     vertex  1.013256e+02 -4.907639e+01 -2.072483e+01
   endloop
 endfacet
 facet normal  9.9937240948e-01 3.4720957156e-02 7.0172867940e-03
   outer loop
     vertex  1.013256e+02 -4.907639e+01 -2.072483e+01
     vertex  1.012840e+02 -4.797416e+01 -2.025936e+01
     vertex  1.013256e+02 -5.326499e+01 0.000000e+00
   endloop
 endfacet
 facet normal  9.9937240948e-01 3.4720957156e-02 7.0172867940e-03
   outer loop
     vertex  1.012840e+02 -4.797416e+01 -2.025936e+01
     vertex  1.012840e+02 -5.206869e+01 0.000000e+00
     vertex  1.013256e+02 -5.326499e+01 0.000000e+00
   endloop
 endfacet
 facet normal  9.9937240948e-01 3.4720957156e-02 -7.0172867940e-03
   outer loop
     vertex  1.013256e+02 -5.326499e+01 0.000000e+00
     vertex  1.012840e+02 -5.206869e+01 0.000000e+00
     vertex  1.012840e+02 -4.797416e+01 2.025936e+01
   endloop
 endfacet
 facet normal  9.9937240948e-01 3.4720957156e-02 -7.0172867940e-03
   outer loop
     vertex  1.013256e+02 -5.326499e+01 0.000000e+00
     vertex  1.012840e+02 -4.797416e+01 2.025936e+01
     vertex  1.013256e+02 -4.907639e+01 2.072483e+01
   endloop
 endfacet
 facet normal  9.9937400025e-01 2.9330481051e-02 -1.9782075434e-02
   outer loop
     vertex  1.013256e+02 -4.907639e+01 2.072483e+01
     vertex  1.012840e+02 -4.797416e+01 2.025936e+01
     vertex  1.012840e+02 -3.681090e+01 3.681090e+01
   endloop
 endfacet
 facet normal  9.9937400025e-01 2.9330481051e-02 -1.9782075434e-02
   outer loop
     vertex  1.013256e+02 -4.907639e+01 2.072483e+01
     vertex  1.012840e+02 -3.681090e+01 3.681090e+01
     vertex  1.013256e+02 -3.765665e+01 3.765665e+01
   endloop
 endfacet
 facet normal  9.9937400025e-01 1.9782075434e-02 -2.9330481051e-02
   outer loop
     vertex  1.013256e+02 -3.765665e+01 3.765665e+01
     vertex  1.012840e+02 -3.681090e+01 3.681090e+01
     vertex  1.012840e+02 -2.025936e+01 4.797416e+01
   endloop
 endfacet
 facet normal  9.9937400025e-01 1.9782075434e-02 -2.9330481051e-02
   outer loop
     vertex  1.013256e+02 -3.765665e+01 3.765665e+01
     vertex  1.012840e+02 -2.025936e+01 4.797416e+01
     vertex  1.013256e+02 -2.072483e+01 4.907639e+01
   endloop
 endfacet
 facet normal  9.9937240948e-01 7.0172867940e-03 -3.4720957156e-02
   outer loop
     vertex  1.013256e+02 -2.072483e+01 4.907639e+01
     vertex  1.012840e+02 -2.025936e+01 4.797416e+01
     vertex  1.012840e+02 0.000000e+00 5.206869e+01
   endloop
 endfacet
 facet normal  9.9937240948e-01 7.0172867940e-03 -3.4720957156e-02
   outer loop
     vertex  1.013256e+02 -2.072483e+01 4.907639e+01
     vertex  1.012840e+02 0.000000e+00 5.206869e+01
     vertex  1.013256e+02 0.000000e+00 5.326499e+01
   endloop
 endfacet
 facet normal  9.9937240948e-01 -7.0172867940e-03 -3.4720957156e-02
   outer loop
     vertex  1.013256e+02 0.000000e+00 5.326499e+01
     vertex  1.012840e+02 0.000000e+00 5.206869e+01
     vertex  1.013256e+02 2.072483e+01 4.907639e+01
   endloop
 endfacet
 facet normal  9.9937240948e-01 -7.0172867940e-03 -3.4720957156e-02
   outer loop
     vertex  1.012840e+02 0.000000e+00 5.206869e+01
     vertex  1.012840e+02 2.025936e+01 4.797416e+01
     vertex  1.013256e+02 2.072483e+01 4.907639e+01
   endloop
 endfacet
 facet normal  9.9937400025e-01 -1.9782075434e-02 -2.9330481051e-02
   outer loop
     vertex  1.013256e+02 2.072483e+01 4.907639e+01
     vertex  1.012840e+02 2.025936e+01 4.797416e+01
     vertex  1.013256e+02 3.765665e+01 3.765665e+01
   endloop
 endfacet
 facet normal  9.9937400025e-01 -1.9782075434e-02 -2.9330481051e-02
   outer loop
     vertex  1.012840e+02 2.025936e+01 4.797416e+01
     vertex  1.012840e+02 3.681090e+01 3.681090e+01
     vertex  1.013256e+02 3.765665e+01 3.765665e+01
   endloop
 endfacet
 facet normal  9.9937400025e-01 -2.9330481051e-02 -1.9782075434e-02
   outer loop
     vertex  1.013256e+02 3.765665e+01 3.765665e+01
     vertex  1.012840e+02 3.681090e+01 3.681090e+01
     vertex  1.013256e+02 4.907639e+01 2.072483e+01
   endloop
 endfacet
 facet normal  9.9937400025e-01 -2.9330481051e-02 -1.9782075434e-02
   outer loop
     vertex  1.012840e+02 3.681090e+01 3.681090e+01
     vertex  1.012840e+02 4.797416e+01 2.025936e+01
     vertex  1.013256e+02 4.907639e+01 2.072483e+01
   endloop
 endfacet
 facet normal  9.9937240948e-01 -3.4720957156e-02 -7.0172867940e-03
   outer loop
     vertex  1.013256e+02 4.907639e+01 2.072483e+01
     vertex  1.012840e+02 4.797416e+01 2.025936e+01
     vertex  1.013256e+02 5.326499e+01 0.000000e+00
   endloop
 endfacet
 facet normal  9.9937240948e-01 -3.4720957156e-02 -7.0172867940e-03
   outer loop
     vertex  1.012840e+02 4.797416e+01 2.025936e+01
     vertex  1.012840e+02 5.206869e+01 0.000000e+00
     vertex  1.013256e+02 5.326499e+01 0.000000e+00
   endloop
 endfacet
 facet normal  9.8612383272e-01 -1.6272136445e-01 3.2886837674e-02
   outer loop
     vertex  1.012840e+02 5.206869e+01 0.000000e+00
     vertex  1.010484e+02 5.064084e+01 0.000000e+00
     vertex  1.010484e+02 4.665860e+01 -1.970380e+01
   endloop
 endfacet
 facet normal  9.8612383272e-01 -1.6272136445e-01 3.2886837674e-02
   outer loop
     vertex  1.012840e+02 5.206869e+01 0.000000e+00
     vertex  1.010484e+02 4.665860e+01 -1.970380e+01
     vertex  1.012840e+02 4.797416e+01 -2.025936e+01
   endloop
 endfacet
 facet normal  9.8615831055e-01 -1.3746323713e-01 9.2712701223e-02
   outer loop
     vertex  1.012840e+02 4.797416e+01 -2.025936e+01
     vertex  1.010484e+02 4.665860e+01 -1.970380e+01
     vertex  1.010484e+02 3.580146e+01 -3.580146e+01
   endloop
 endfacet
 facet normal  9.8615831055e-01 -1.3746323713e-01 9.2712701223e-02
   outer loop
     vertex  1.012840e+02 4.797416e+01 -2.025936e+01
     vertex  1.010484e+02 3.580146e+01 -3.580146e+01
     vertex  1.012840e+02 3.681090e+01 -3.681090e+01
   endloop
 endfacet
 facet normal  9.8615831055e-01 -9.2712701223e-02 1.3746323713e-01
   outer loop
     vertex  1.012840e+02 3.681090e+01 -3.681090e+01
     vertex  1.010484e+02 3.580146e+01 -3.580146e+01
     vertex  1.010484e+02 1.970380e+01 -4.665860e+01
   endloop
 endfacet
 facet normal  9.8615831055e-01 -9.2712701223e-02 1.3746323713e-01
   outer loop
     vertex  1.012840e+02 3.681090e+01 -3.681090e+01
     vertex  1.010484e+02 1.970380e+01 -4.665860e+01
     vertex  1.012840e+02 2.025936e+01 -4.797416e+01
   endloop
 endfacet
 facet normal  9.8612383272e-01 -3.2886837674e-02 1.6272136445e-01
   outer loop
     vertex  1.012840e+02 2.025936e+01 -4.797416e+01
     vertex  1.010484e+02 1.970380e+01 -4.665860e+01
     vertex  1.010484e+02 0.000000e+00 -5.064084e+01
   endloop
 endfacet
 facet normal  9.8612383272e-01 -3.2886837674e-02 1.6272136445e-01
   outer loop
     vertex  1.012840e+02 2.025936e+01 -4.797416e+01
     vertex  1.010484e+02 0.000000e+00 -5.064084e+01
     vertex  1.012840e+02 0.000000e+00 -5.206869e+01
   endloop
 endfacet
 facet normal  9.8612383272e-01 3.2886837674e-02 1.6272136445e-01
   outer loop
     vertex  1.012840e+02 0.000000e+00 -5.206869e+01
     vertex  1.010484e+02 0.000000e+00 -5.064084e+01
     vertex  1.012840e+02 -2.025936e+01 -4.797416e+01
   endloop
 endfacet
 facet normal  9.8612383272e-01 3.2886837674e-02 1.6272136445e-01
   outer loop
     vertex  1.010484e+02 0.000000e+00 -5.064084e+01
     vertex  1.010484e+02 -1.970380e+01 -4.665860e+01
     vertex  1.012840e+02 -2.025936e+01 -4.797416e+01
   endloop
 endfacet
 facet normal  9.8615831055e-01 9.2712701223e-02 1.3746323713e-01
   outer loop
     vertex  1.012840e+02 -2.025936e+01 -4.797416e+01
     vertex  1.010484e+02 -1.970380e+01 -4.665860e+01
     vertex  1.012840e+02 -3.681090e+01 -3.681090e+01
   endloop
 endfacet
 facet normal  9.8615831055e-01 9.2712701223e-02 1.3746323713e-01
   outer loop
     vertex  1.010484e+02 -1.970380e+01 -4.665860e+01
     vertex  1.010484e+02 -3.580146e+01 -3.580146e+01
     vertex  1.012840e+02 -3.681090e+01 -3.681090e+01
   endloop
 endfacet
 facet normal  9.8615831055e-01 1.3746323713e-01 9.2712701223e-02
   outer loop
     vertex  1.012840e+02 -3.681090e+01 -3.681090e+01
     vertex  1.010484e+02 -3.580146e+01 -3.580146e+01
     vertex  1.012840e+02 -4.797416e+01 -2.025936e+01
   endloop
 endfacet
 facet normal  9.8615831055e-01 1.3746323713e-01 9.2712701223e-02
   outer loop
     vertex  1.010484e+02 -3.580146e+01 -3.580146e+01
     vertex  1.010484e+02 -4.665860e+01 -1.970380e+01
     vertex  1.012840e+02 -4.797416e+01 -2.025936e+01
   endloop
 endfacet
 facet normal  9.8612383272e-01 1.6272136445e-01 3.2886837674e-02
   outer loop
     vertex  1.012840e+02 -4.797416e+01 -2.025936e+01
     vertex  1.010484e+02 -4.665860e+01 -1.970380e+01
     vertex  1.012840e+02 -5.206869e+01 0.000000e+00
   endloop
 endfacet
 facet normal  9.8612383272e-01 1.6272136445e-01 3.2886837674e-02
   outer loop
     vertex  1.010484e+02 -4.665860e+01 -1.970380e+01
     vertex  1.010484e+02 -5.064084e+01 0.000000e+00
     vertex  1.012840e+02 -5.206869e+01 0.000000e+00
   endloop
 endfacet
 facet normal  9.8612383272e-01 1.6272136445e-01 -3.2886837674e-02
   outer loop
     vertex  1.012840e+02 -5.206869e+01 0.000000e+00
     vertex  1.010484e+02 -5.064084e+01 0.000000e+00
     vertex  1.010484e+02 -4.665860e+01 1.970380e+01
   endloop
 endfacet
 facet normal  9.8612383272e-01 1.6272136445e-01 -3.2886837674e-02
   outer loop
     vertex  1.012840e+02 -5.206869e+01 0.000000e+00
     vertex  1.010484e+02 -4.665860e+01 1.970380e+01
     vertex  1.012840e+02 -4.797416e+01 2.025936e+01
   endloop
 endfacet
 facet normal  9.8615831055e-01 1.3746323713e-01 -9.2712701223e-02
   outer loop
     vertex  1.012840e+02 -4.797416e+01 2.025936e+01
     vertex  1.010484e+02 -4.665860e+01 1.970380e+01
     vertex  1.010484e+02 -3.580146e+01 3.580146e+01
   endloop
 endfacet
 facet normal  9.8615831055e-01 1.3746323713e-01 -9.2712701223e-02
   outer loop
     vertex  1.012840e+02 -4.797416e+01 2.025936e+01
     vertex  1.010484e+02 -3.580146e+01 3.580146e+01
     vertex  1.012840e+02 -3.681090e+01 3.681090e+01
   endloop
 endfacet
 facet normal  9.8615831055e-01 9.2712701223e-02 -1.3746323713e-01
   outer loop
     vertex  1.012840e+02 -3.681090e+01 3.681090e+01
     vertex  1.010484e+02 -3.580146e+01 3.580146e+01
     vertex  1.010484e+02 -1.970380e+01 4.665860e+01
   endloop
 endfacet
 facet normal  9.8615831055e-01 9.2712701223e-02 -1.3746323713e-01
   outer loop
     vertex  1.012840e+02 -3.681090e+01 3.681090e+01
     vertex  1.010484e+02 -1.970380e+01 4.665860e+01
     vertex  1.012840e+02 -2.025936e+01 4.797416e+01
   endloop
 endfacet
 facet normal  9.8612383272e-01 3.2886837674e-02 -1.6272136445e-01
   outer loop
     vertex  1.012840e+02 -2.025936e+01 4.797416e+01
     vertex  1.010484e+02 -1.970380e+01 4.665860e+01
     vertex  1.010484e+02 0.000000e+00 5.064084e+01
   endloop
 endfacet
 facet normal  9.8612383272e-01 3.2886837674e-02 -1.6272136445e-01
   outer loop
     vertex  1.012840e+02 -2.025936e+01 4.797416e+01
     vertex  1.010484e+02 0.000000e+00 5.064084e+01
     vertex  1.012840e+02 0.000000e+00 5.206869e+01
   endloop
 endfacet
 facet normal  9.8612383272e-01 -3.2886837674e-02 -1.6272136445e-01
   outer loop
     vertex  1.012840e+02 0.000000e+00 5.206869e+01
     vertex  1.010484e+02 0.000000e+00 5.064084e+01
     vertex  1.012840e+02 2.025936e+01 4.797416e+01
   endloop
 endfacet
 facet normal  9.8612383272e-01 -3.2886837674e-02 -1.6272136445e-01
   outer loop
     vertex  1.010484e+02 0.000000e+00 5.064084e+01
     vertex  1.010484e+02 1.970380e+01 4.665860e+01
     vertex  1.012840e+02 2.025936e+01 4.797416e+01
   endloop
 endfacet
 facet normal  9.8615831055e-01 -9.2712701223e-02 -1.3746323713e-01
   outer loop
     vertex  1.012840e+02 2.025936e+01 4.797416e+01
     vertex  1.010484e+02 1.970380e+01 4.665860e+01
     vertex  1.012840e+02 3.681090e+01 3.681090e+01
   endloop
 endfacet
 facet normal  9.8615831055e-01 -9.2712701223e-02 -1.3746323713e-01
   outer loop
     vertex  1.010484e+02 1.970380e+01 4.665860e+01
     vertex  1.010484e+02 3.580146e+01 3.580146e+01
     vertex  1.012840e+02 3.681090e+01 3.681090e+01
   endloop
 endfacet
 facet normal  9.8615831055e-01 -1.3746323713e-01 -9.2712701223e-02
   outer loop
     vertex  1.012840e+02 3.681090e+01 3.681090e+01
     vertex  1.010484e+02 3.580146e+01 3.580146e+01
     vertex  1.012840e+02 4.797416e+01 2.025936e+01
   endloop
 endfacet
 facet normal  9.8615831055e-01 -1.3746323713e-01 -9.2712701223e-02
   outer loop
     vertex  1.010484e+02 3.580146e+01 3.580146e+01
     vertex  1.010484e+02 4.665860e+01 1.970380e+01
     vertex  1.012840e+02 4.797416e+01 2.025936e+01
   endloop
 endfacet
 facet normal  9.8612383272e-01 -1.6272136445e-01 -3.2886837674e-02
   outer loop
     vertex  1.012840e+02 4.797416e+01 2.025936e+01
     vertex  1.010484e+02 4.665860e+01 1.970380e+01
     vertex  1.012840e+02 5.206869e+01 0.000000e+00
   endloop
 endfacet
 facet normal  9.8612383272e-01 -1.6272136445e-01 -3.2886837674e-02
   outer loop
     vertex  1.010484e+02 4.665860e+01 1.970380e+01
     vertex  1.010484e+02 5.064084e+01 0.000000e+00
     vertex  1.012840e+02 5.206869e+01 0.000000e+00
   endloop
 endfacet
 facet normal  9.9948088118e-01 -3.1579021403e-02 6.3822851677e-03
   outer loop
     vertex  1.010484e+02 5.064084e+01 0.000000e+00
     vertex  1.010106e+02 4.944453e+01 0.000000e+00
     vertex  1.010106e+02 4.555637e+01 -1.923833e+01
   endloop
 endfacet
 facet normal  9.9948088118e-01 -3.1579021403e-02 6.3822851677e-03
   outer loop
     vertex  1.010484e+02 5.064084e+01 0.000000e+00
     vertex  1.010106e+02 4.555637e+01 -1.923833e+01
     vertex  1.010484e+02 4.665860e+01 -1.970380e+01
   endloop
 endfacet
 facet normal  9.9948219722e-01 -2.6676327786e-02 1.7991969775e-02
   outer loop
     vertex  1.010484e+02 4.665860e+01 -1.970380e+01
     vertex  1.010106e+02 4.555637e+01 -1.923833e+01
     vertex  1.010106e+02 3.495571e+01 -3.495571e+01
   endloop
 endfacet
 facet normal  9.9948219722e-01 -2.6676327786e-02 1.7991969775e-02
   outer loop
     vertex  1.010484e+02 4.665860e+01 -1.970380e+01
     vertex  1.010106e+02 3.495571e+01 -3.495571e+01
     vertex  1.010484e+02 3.580146e+01 -3.580146e+01
   endloop
 endfacet
 facet normal  9.9948219722e-01 -1.7991969775e-02 2.6676327786e-02
   outer loop
     vertex  1.010484e+02 3.580146e+01 -3.580146e+01
     vertex  1.010106e+02 3.495571e+01 -3.495571e+01
     vertex  1.010106e+02 1.923833e+01 -4.555637e+01
   endloop
 endfacet
 facet normal  9.9948219722e-01 -1.7991969775e-02 2.6676327786e-02
   outer loop
     vertex  1.010484e+02 3.580146e+01 -3.580146e+01
     vertex  1.010106e+02 1.923833e+01 -4.555637e+01
     vertex  1.010484e+02 1.970380e+01 -4.665860e+01
   endloop
 endfacet
 facet normal  9.9948088118e-01 -6.3822851677e-03 3.1579021403e-02
   outer loop
     vertex  1.010484e+02 1.970380e+01 -4.665860e+01
     vertex  1.010106e+02 1.923833e+01 -4.555637e+01
     vertex  1.010106e+02 0.000000e+00 -4.944453e+01
   endloop
 endfacet
 facet normal  9.9948088118e-01 -6.3822851677e-03 3.1579021403e-02
   outer loop
     vertex  1.010484e+02 1.970380e+01 -4.665860e+01
     vertex  1.010106e+02 0.000000e+00 -4.944453e+01
     vertex  1.010484e+02 0.000000e+00 -5.064084e+01
   endloop
 endfacet
 facet normal  9.9948088118e-01 6.3822851677e-03 3.1579021403e-02
   outer loop
     vertex  1.010484e+02 0.000000e+00 -5.064084e+01
     vertex  1.010106e+02 0.000000e+00 -4.944453e+01
     vertex  1.010484e+02 -1.970380e+01 -4.665860e+01
   endloop
 endfacet
 facet normal  9.9948088118e-01 6.3822851677e-03 3.1579021403e-02
   outer loop
     vertex  1.010106e+02 0.000000e+00 -4.944453e+01
     vertex  1.010106e+02 -1.923833e+01 -4.555637e+01
     vertex  1.010484e+02 -1.970380e+01 -4.665860e+01
   endloop
 endfacet
 facet normal  9.9948219722e-01 1.7991969775e-02 2.6676327786e-02
   outer loop
     vertex  1.010484e+02 -1.970380e+01 -4.665860e+01
     vertex  1.010106e+02 -1.923833e+01 -4.555637e+01
     vertex  1.010484e+02 -3.580146e+01 -3.580146e+01
   endloop
 endfacet
 facet normal  9.9948219722e-01 1.7991969775e-02 2.6676327786e-02
   outer loop
     vertex  1.010106e+02 -1.923833e+01 -4.555637e+01
     vertex  1.010106e+02 -3.495571e+01 -3.495571e+01
     vertex  1.010484e+02 -3.580146e+01 -3.580146e+01
   endloop
 endfacet
 facet normal  9.9948219722e-01 2.6676327786e-02 1.7991969775e-02
   outer loop
     vertex  1.010484e+02 -3.580146e+01 -3.580146e+01
     vertex  1.010106e+02 -3.495571e+01 -3.495571e+01
     vertex  1.010484e+02 -4.665860e+01 -1.970380e+01
   endloop
 endfacet
 facet normal  9.9948219722e-01 2.6676327786e-02 1.7991969775e-02
   outer loop
     vertex  1.010106e+02 -3.495571e+01 -3.495571e+01
     vertex  1.010106e+02 -4.555637e+01 -1.923833e+01
     vertex  1.010484e+02 -4.665860e+01 -1.970380e+01
   endloop
 endfacet
 facet normal  9.9948088118e-01 3.1579021403e-02 6.3822851677e-03
   outer loop
     vertex  1.010484e+02 -4.665860e+01 -1.970380e+01
     vertex  1.010106e+02 -4.555637e+01 -1.923833e+01
     vertex  1.010484e+02 -5.064084e+01 0.000000e+00
   endloop
 endfacet
 facet normal  9.9948088118e-01 3.1579021403e-02 6.3822851677e-03
   outer loop
     vertex  1.010106e+02 -4.555637e+01 -1.923833e+01
     vertex  1.010106e+02 -4.944453e+01 0.000000e+00
     vertex  1.010484e+02 -5.064084e+01 0.000000e+00
   endloop
 endfacet
 facet normal  9.9948088118e-01 3.1579021403e-02 -6.3822851677e-03
   outer loop
     vertex  1.010484e+02 -5.064084e+01 0.000000e+00
     vertex  1.010106e+02 -4.944453e+01 0.000000e+00
     vertex  1.010106e+02 -4.555637e+01 1.923833e+01
   endloop
 endfacet
 facet normal  9.9948088118e-01 3.1579021403e-02 -6.3822851677e-03
   outer loop
     vertex  1.010484e+02 -5.064084e+01 0.000000e+00
     vertex  1.010106e+02 -4.555637e+01 1.923833e+01
     vertex  1.010484e+02 -4.665860e+01 1.970380e+01
   endloop
 endfacet
 facet normal  9.9948219722e-01 2.6676327786e-02 -1.7991969775e-02
   outer loop
     vertex  1.010484e+02 -4.665860e+01 1.970380e+01
     vertex  1.010106e+02 -4.555637e+01 1.923833e+01
     vertex  1.010106e+02 -3.495571e+01 3.495571e+01
   endloop
 endfacet
 facet normal  9.9948219722e-01 2.6676327786e-02 -1.7991969775e-02
   outer loop
     vertex  1.010484e+02 -4.665860e+01 1.970380e+01
     vertex  1.010106e+02 -3.495571e+01 3.495571e+01
     vertex  1.010484e+02 -3.580146e+01 3.580146e+01
   endloop
 endfacet
 facet normal  9.9948219722e-01 1.7991969775e-02 -2.6676327786e-02
   outer loop
     vertex  1.010484e+02 -3.580146e+01 3.580146e+01
     vertex  1.010106e+02 -3.495571e+01 3.495571e+01
     vertex  1.010106e+02 -1.923833e+01 4.555637e+01
   endloop
 endfacet
 facet normal  9.9948219722e-01 1.7991969775e-02 -2.6676327786e-02
   outer loop
     vertex  1.010484e+02 -3.580146e+01 3.580146e+01
     vertex  1.010106e+02 -1.923833e+01 4.555637e+01
     vertex  1.010484e+02 -1.970380e+01 4.665860e+01
   endloop
 endfacet
 facet normal  9.9948088118e-01 6.3822851677e-03 -3.1579021403e-02
   outer loop
     vertex  1.010484e+02 -1.970380e+01 4.665860e+01
     vertex  1.010106e+02 -1.923833e+01 4.555637e+01
     vertex  1.010106e+02 0.000000e+00 4.944453e+01
   endloop
 endfacet
 facet normal  9.9948088118e-01 6.3822851677e-03 -3.1579021403e-02
   outer loop
     vertex  1.010484e+02 -1.970380e+01 4.665860e+01
     vertex  1.010106e+02 0.000000e+00 4.944453e+01
     vertex  1.010484e+02 0.000000e+00 5.064084e+01
   endloop
 endfacet
 facet normal  9.9948088118e-01 -6.3822851677e-03 -3.1579021403e-02
   outer loop
     vertex  1.010484e+02 0.000000e+00 5.064084e+01
     vertex  1.010106e+02 0.000000e+00 4.944453e+01
     vertex  1.010484e+02 1.970380e+01 4.665860e+01
   endloop
 endfacet
 facet normal  9.9948088118e-01 -6.3822851677e-03 -3.1579021403e-02
   outer loop
     vertex  1.010106e+02 0.000000e+00 4.944453e+01
     vertex  1.010106e+02 1.923833e+01 4.555637e+01
     vertex  1.010484e+02 1.970380e+01 4.665860e+01
   endloop
 endfacet
 facet normal  9.9948219722e-01 -1.7991969775e-02 -2.6676327786e-02
   outer loop
     vertex  1.010484e+02 1.970380e+01 4.665860e+01
     vertex  1.010106e+02 1.923833e+01 4.555637e+01
     vertex  1.010484e+02 3.580146e+01 3.580146e+01
   endloop
 endfacet
 facet normal  9.9948219722e-01 -1.7991969775e-02 -2.6676327786e-02
   outer loop
     vertex  1.010106e+02 1.923833e+01 4.555637e+01
     vertex  1.010106e+02 3.495571e+01 3.495571e+01
     vertex  1.010484e+02 3.580146e+01 3.580146e+01
   endloop
 endfacet
 facet normal  9.9948219722e-01 -2.6676327786e-02 -1.7991969775e-02
   outer loop
     vertex  1.010484e+02 3.580146e+01 3.580146e+01
     vertex  1.010106e+02 3.495571e+01 3.495571e+01
     vertex  1.010484e+02 4.665860e+01 1.970380e+01
   endloop
 endfacet
 facet normal  9.9948219722e-01 -2.6676327786e-02 -1.7991969775e-02
   outer loop
     vertex  1.010106e+02 3.495571e+01 3.495571e+01
     vertex  1.010106e+02 4.555637e+01 1.923833e+01
     vertex  1.010484e+02 4.665860e+01 1.970380e+01
   endloop
 endfacet
 facet normal  9.9948088118e-01 -3.1579021403e-02 -6.3822851677e-03
   outer loop
     vertex  1.010484e+02 4.665860e+01 1.970380e+01
     vertex  1.010106e+02 4.555637e+01 1.923833e+01
     vertex  1.010484e+02 5.064084e+01 0.000000e+00
   endloop
 endfacet
 facet normal  9.9948088118e-01 -3.1579021403e-02 -6.3822851677e-03
   outer loop
     vertex  1.010106e+02 4.555637e+01 1.923833e+01
     vertex  1.010106e+02 4.944453e+01 0.000000e+00
     vertex  1.010484e+02 5.064084e+01 0.000000e+00
   endloop
 endfacet
 facet normal  6.6525330805e-01 7.3182114209e-01 -1.4790487523e-01
   outer loop
     vertex  1.010106e+02 4.944453e+01 0.000000e+00
     vertex  1.015625e+02 4.894286e+01 0.000000e+00
     vertex  1.015625e+02 4.509414e+01 -1.904313e+01
   endloop
 endfacet
 facet normal  6.6525330805e-01 7.3182114209e-01 -1.4790487523e-01
   outer loop
     vertex  1.010106e+02 4.944453e+01 0.000000e+00
     vertex  1.015625e+02 4.509414e+01 -1.904313e+01
     vertex  1.010106e+02 4.555637e+01 -1.923833e+01
   endloop
 endfacet
 facet normal  6.6572423598e-01 6.1864154647e-01 -4.1724558549e-01
   outer loop
     vertex  1.010106e+02 4.555637e+01 -1.923833e+01
     vertex  1.015625e+02 4.509414e+01 -1.904313e+01
     vertex  1.015625e+02 3.460104e+01 -3.460104e+01
   endloop
 endfacet
 facet normal  6.6572423598e-01 6.1864154647e-01 -4.1724558549e-01
   outer loop
     vertex  1.010106e+02 4.555637e+01 -1.923833e+01
     vertex  1.015625e+02 3.460104e+01 -3.460104e+01
     vertex  1.010106e+02 3.495571e+01 -3.495571e+01
   endloop
 endfacet
 facet normal  6.6572423598e-01 4.1724558549e-01 -6.1864154647e-01
   outer loop
     vertex  1.010106e+02 3.495571e+01 -3.495571e+01
     vertex  1.015625e+02 3.460104e+01 -3.460104e+01
     vertex  1.015625e+02 1.904313e+01 -4.509414e+01
   endloop
 endfacet
 facet normal  6.6572423598e-01 4.1724558549e-01 -6.1864154647e-01
   outer loop
     vertex  1.010106e+02 3.495571e+01 -3.495571e+01
     vertex  1.015625e+02 1.904313e+01 -4.509414e+01
     vertex  1.010106e+02 1.923833e+01 -4.555637e+01
   endloop
 endfacet
 facet normal  6.6525330805e-01 1.4790487523e-01 -7.3182114209e-01
   outer loop
     vertex  1.010106e+02 1.923833e+01 -4.555637e+01
     vertex  1.015625e+02 1.904313e+01 -4.509414e+01
     vertex  1.015625e+02 0.000000e+00 -4.894286e+01
   endloop
 endfacet
 facet normal  6.6525330805e-01 1.4790487523e-01 -7.3182114209e-01
   outer loop
     vertex  1.010106e+02 1.923833e+01 -4.555637e+01
     vertex  1.015625e+02 0.000000e+00 -4.894286e+01
     vertex  1.010106e+02 0.000000e+00 -4.944453e+01
   endloop
 endfacet
 facet normal  6.6525330805e-01 -1.4790487523e-01 -7.3182114209e-01
   outer loop
     vertex  1.010106e+02 0.000000e+00 -4.944453e+01
     vertex  1.015625e+02 0.000000e+00 -4.894286e+01
     vertex  1.010106e+02 -1.923833e+01 -4.555637e+01
   endloop
 endfacet
 facet normal  6.6525330805e-01 -1.4790487523e-01 -7.3182114209e-01
   outer loop
     vertex  1.015625e+02 0.000000e+00 -4.894286e+01
     vertex  1.015625e+02 -1.904313e+01 -4.509414e+01
     vertex  1.010106e+02 -1.923833e+01 -4.555637e+01
   endloop
 endfacet
 facet normal  6.6572423598e-01 -4.1724558549e-01 -6.1864154647e-01
   outer loop
     vertex  1.010106e+02 -1.923833e+01 -4.555637e+01
     vertex  1.015625e+02 -1.904313e+01 -4.509414e+01
     vertex  1.010106e+02 -3.495571e+01 -3.495571e+01
   endloop
 endfacet
 facet normal  6.6572423598e-01 -4.1724558549e-01 -6.1864154647e-01
   outer loop
     vertex  1.015625e+02 -1.904313e+01 -4.509414e+01
     vertex  1.015625e+02 -3.460104e+01 -3.460104e+01
     vertex  1.010106e+02 -3.495571e+01 -3.495571e+01
   endloop
 endfacet
 facet normal  6.6572423598e-01 -6.1864154647e-01 -4.1724558549e-01
   outer loop
     vertex  1.010106e+02 -3.495571e+01 -3.495571e+01
     vertex  1.015625e+02 -3.460104e+01 -3.460104e+01
     vertex  1.010106e+02 -4.555637e+01 -1.923833e+01
   endloop
 endfacet
 facet normal  6.6572423598e-01 -6.1864154647e-01 -4.1724558549e-01
   outer loop
     vertex  1.015625e+02 -3.460104e+01 -3.460104e+01
     vertex  1.015625e+02 -4.509414e+01 -1.904313e+01
     vertex  1.010106e+02 -4.555637e+01 -1.923833e+01
   endloop
 endfacet
 facet normal  6.6525330805e-01 -7.3182114209e-01 -1.4790487523e-01
   outer loop
     vertex  1.010106e+02 -4.555637e+01 -1.923833e+01
     vertex  1.015625e+02 -4.509414e+01 -1.904313e+01
     vertex  1.010106e+02 -4.944453e+01 0.000000e+00
   endloop
 endfacet
 facet normal  6.6525330805e-01 -7.3182114209e-01 -1.4790487523e-01
   outer loop
     vertex  1.015625e+02 -4.509414e+01 -1.904313e+01
     vertex  1.015625e+02 -4.894286e+01 0.000000e+00
     vertex  1.010106e+02 -4.944453e+01 0.000000e+00
   endloop
 endfacet
 facet normal  6.6525330805e-01 -7.3182114209e-01 1.4790487523e-01
   outer loop
     vertex  1.010106e+02 -4.944453e+01 0.000000e+00
     vertex  1.015625e+02 -4.894286e+01 0.000000e+00
     vertex  1.015625e+02 -4.509414e+01 1.904313e+01
   endloop
 endfacet
 facet normal  6.6525330805e-01 -7.3182114209e-01 1.4790487523e-01
   outer loop
     vertex  1.010106e+02 -4.944453e+01 0.000000e+00
     vertex  1.015625e+02 -4.509414e+01 1.904313e+01
     vertex  1.010106e+02 -4.555637e+01 1.923833e+01
   endloop
 endfacet
 facet normal  6.6572423598e-01 -6.1864154647e-01 4.1724558549e-01
   outer loop
     vertex  1.010106e+02 -4.555637e+01 1.923833e+01
     vertex  1.015625e+02 -4.509414e+01 1.904313e+01
     vertex  1.015625e+02 -3.460104e+01 3.460104e+01
   endloop
 endfacet
 facet normal  6.6572423598e-01 -6.1864154647e-01 4.1724558549e-01
   outer loop
     vertex  1.010106e+02 -4.555637e+01 1.923833e+01
     vertex  1.015625e+02 -3.460104e+01 3.460104e+01
     vertex  1.010106e+02 -3.495571e+01 3.495571e+01
   endloop
 endfacet
 facet normal  6.6572423598e-01 -4.1724558549e-01 6.1864154647e-01
   outer loop
     vertex  1.010106e+02 -3.495571e+01 3.495571e+01
     vertex  1.015625e+02 -3.460104e+01 3.460104e+01
     vertex  1.015625e+02 -1.904313e+01 4.509414e+01
   endloop
 endfacet
 facet normal  6.6572423598e-01 -4.1724558549e-01 6.1864154647e-01
   outer loop
     vertex  1.010106e+02 -3.495571e+01 3.495571e+01
     vertex  1.015625e+02 -1.904313e+01 4.509414e+01
     vertex  1.010106e+02 -1.923833e+01 4.555637e+01
   endloop
 endfacet
 facet normal  6.6525330805e-01 -1.4790487523e-01 7.3182114209e-01
   outer loop
     vertex  1.010106e+02 -1.923833e+01 4.555637e+01
     vertex  1.015625e+02 -1.904313e+01 4.509414e+01
     vertex  1.015625e+02 0.000000e+00 4.894286e+01
   endloop
 endfacet
 facet normal  6.6525330805e-01 -1.4790487523e-01 7.3182114209e-01
   outer loop
     vertex  1.010106e+02 -1.923833e+01 4.555637e+01
     vertex  1.015625e+02 0.000000e+00 4.894286e+01
     vertex  1.010106e+02 0.000000e+00 4.944453e+01
   endloop
 endfacet
 facet normal  6.6525330805e-01 1.4790487523e-01 7.3182114209e-01
   outer loop
     vertex  1.010106e+02 0.000000e+00 4.944453e+01
     vertex  1.015625e+02 0.000000e+00 4.894286e+01
     vertex  1.010106e+02 1.923833e+01 4.555637e+01
   endloop
 endfacet
 facet normal  6.6525330805e-01 1.4790487523e-01 7.3182114209e-01
   outer loop
     vertex  1.015625e+02 0.000000e+00 4.894286e+01
     vertex  1.015625e+02 1.904313e+01 4.509414e+01
     vertex  1.010106e+02 1.923833e+01 4.555637e+01
   endloop
 endfacet
 facet normal  6.6572423598e-01 4.1724558549e-01 6.1864154647e-01
   outer loop
     vertex  1.010106e+02 1.923833e+01 4.555637e+01
     vertex  1.015625e+02 1.904313e+01 4.509414e+01
     vertex  1.010106e+02 3.495571e+01 3.495571e+01
   endloop
 endfacet
 facet normal  6.6572423598e-01 4.1724558549e-01 6.1864154647e-01
   outer loop
     vertex  1.015625e+02 1.904313e+01 4.509414e+01
     vertex  1.015625e+02 3.460104e+01 3.460104e+01
     vertex  1.010106e+02 3.495571e+01 3.495571e+01
   endloop
 endfacet
 facet normal  6.6572423598e-01 6.1864154647e-01 4.1724558549e-01
   outer loop
     vertex  1.010106e+02 3.495571e+01 3.495571e+01
     vertex  1.015625e+02 3.460104e+01 3.460104e+01
     vertex  1.010106e+02 4.555637e+01 1.923833e+01
   endloop
 endfacet
 facet normal  6.6572423598e-01 6.1864154647e-01 4.1724558549e-01
   outer loop
     vertex  1.015625e+02 3.460104e+01 3.460104e+01
     vertex  1.015625e+02 4.509414e+01 1.904313e+01
     vertex  1.010106e+02 4.555637e+01 1.923833e+01
   endloop
 endfacet
 facet normal  6.6525330805e-01 7.3182114209e-01 1.4790487523e-01
   outer loop
     vertex  1.010106e+02 4.555637e+01 1.923833e+01
     vertex  1.015625e+02 4.509414e+01 1.904313e+01
     vertex  1.010106e+02 4.944453e+01 0.000000e+00
   endloop
 endfacet
 facet normal  6.6525330805e-01 7.3182114209e-01 1.4790487523e-01
   outer loop
     vertex  1.015625e+02 4.509414e+01 1.904313e+01
     vertex  1.015625e+02 4.894286e+01 0.000000e+00
     vertex  1.010106e+02 4.944453e+01 0.000000e+00
   endloop
 endfacet
 facet normal  6.1788741114e-01 7.7068423166e-01 -1.5575930862e-01
   outer loop
     vertex  1.015625e+02 4.894286e+01 0.000000e+00
     vertex  1.021882e+02 4.844118e+01 0.000000e+00
     vertex  1.021882e+02 4.463191e+01 -1.884794e+01
   endloop
 endfacet
 facet normal  6.1788741114e-01 7.7068423166e-01 -1.5575930862e-01
   outer loop
     vertex  1.015625e+02 4.894286e+01 0.000000e+00
     vertex  1.021882e+02 4.463191e+01 -1.884794e+01
     vertex  1.015625e+02 4.509414e+01 -1.904313e+01
   endloop
 endfacet
 facet normal  6.1837255451e-01 6.5154458236e-01 -4.3943718668e-01
   outer loop
     vertex  1.015625e+02 4.509414e+01 -1.904313e+01
     vertex  1.021882e+02 4.463191e+01 -1.884794e+01
     vertex  1.021882e+02 3.424637e+01 -3.424637e+01
   endloop
 endfacet
 facet normal  6.1837255451e-01 6.5154458236e-01 -4.3943718668e-01
   outer loop
     vertex  1.015625e+02 4.509414e+01 -1.904313e+01
     vertex  1.021882e+02 3.424637e+01 -3.424637e+01
     vertex  1.015625e+02 3.460104e+01 -3.460104e+01
   endloop
 endfacet
 facet normal  6.1837255451e-01 4.3943718668e-01 -6.5154458236e-01
   outer loop
     vertex  1.015625e+02 3.460104e+01 -3.460104e+01
     vertex  1.021882e+02 3.424637e+01 -3.424637e+01
     vertex  1.021882e+02 1.884794e+01 -4.463191e+01
   endloop
 endfacet
 facet normal  6.1837255451e-01 4.3943718668e-01 -6.5154458236e-01
   outer loop
     vertex  1.015625e+02 3.460104e+01 -3.460104e+01
     vertex  1.021882e+02 1.884794e+01 -4.463191e+01
     vertex  1.015625e+02 1.904313e+01 -4.509414e+01
   endloop
 endfacet
 facet normal  6.1788741114e-01 1.5575930862e-01 -7.7068423166e-01
   outer loop
     vertex  1.015625e+02 1.904313e+01 -4.509414e+01
     vertex  1.021882e+02 1.884794e+01 -4.463191e+01
     vertex  1.021882e+02 0.000000e+00 -4.844118e+01
   endloop
 endfacet
 facet normal  6.1788741114e-01 1.5575930862e-01 -7.7068423166e-01
   outer loop
     vertex  1.015625e+02 1.904313e+01 -4.509414e+01
     vertex  1.021882e+02 0.000000e+00 -4.844118e+01
     vertex  1.015625e+02 0.000000e+00 -4.894286e+01
   endloop
 endfacet
 facet normal  6.1788741114e-01 -1.5575930862e-01 -7.7068423166e-01
   outer loop
     vertex  1.015625e+02 0.000000e+00 -4.894286e+01
     vertex  1.021882e+02 0.000000e+00 -4.844118e+01
     vertex  1.015625e+02 -1.904313e+01 -4.509414e+01
   endloop
 endfacet
 facet normal  6.1788741114e-01 -1.5575930862e-01 -7.7068423166e-01
   outer loop
     vertex  1.021882e+02 0.000000e+00 -4.844118e+01
     vertex  1.021882e+02 -1.884794e+01 -4.463191e+01
     vertex  1.015625e+02 -1.904313e+01 -4.509414e+01
   endloop
 endfacet
 facet normal  6.1837255451e-01 -4.3943718668e-01 -6.5154458236e-01
   outer loop
     vertex  1.015625e+02 -1.904313e+01 -4.509414e+01
     vertex  1.021882e+02 -1.884794e+01 -4.463191e+01
     vertex  1.015625e+02 -3.460104e+01 -3.460104e+01
   endloop
 endfacet
 facet normal  6.1837255451e-01 -4.3943718668e-01 -6.5154458236e-01
   outer loop
     vertex  1.021882e+02 -1.884794e+01 -4.463191e+01
     vertex  1.021882e+02 -3.424637e+01 -3.424637e+01
     vertex  1.015625e+02 -3.460104e+01 -3.460104e+01
   endloop
 endfacet
 facet normal  6.1837255451e-01 -6.5154458236e-01 -4.3943718668e-01
   outer loop
     vertex  1.015625e+02 -3.460104e+01 -3.460104e+01
     vertex  1.021882e+02 -3.424637e+01 -3.424637e+01
     vertex  1.015625e+02 -4.509414e+01 -1.904313e+01
   endloop
 endfacet
 facet normal  6.1837255451e-01 -6.5154458236e-01 -4.3943718668e-01
   outer loop
     vertex  1.021882e+02 -3.424637e+01 -3.424637e+01
     vertex  1.021882e+02 -4.463191e+01 -1.884794e+01
     vertex  1.015625e+02 -4.509414e+01 -1.904313e+01
   endloop
 endfacet
 facet normal  6.1788741114e-01 -7.7068423166e-01 -1.5575930862e-01
   outer loop
     vertex  1.015625e+02 -4.509414e+01 -1.904313e+01
     vertex  1.021882e+02 -4.463191e+01 -1.884794e+01
     vertex  1.015625e+02 -4.894286e+01 0.000000e+00
   endloop
 endfacet
 facet normal  6.1788741114e-01 -7.7068423166e-01 -1.5575930862e-01
   outer loop
     vertex  1.021882e+02 -4.463191e+01 -1.884794e+01
     vertex  1.021882e+02 -4.844118e+01 0.000000e+00
     vertex  1.015625e+02 -4.894286e+01 0.000000e+00
   endloop
 endfacet
 facet normal  6.1788741114e-01 -7.7068423166e-01 1.5575930862e-01
   outer loop
     vertex  1.015625e+02 -4.894286e+01 0.000000e+00
     vertex  1.021882e+02 -4.844118e+01 0.000000e+00
     vertex  1.021882e+02 -4.463191e+01 1.884794e+01
   endloop
 endfacet
 facet normal  6.1788741114e-01 -7.7068423166e-01 1.5575930862e-01
   outer loop
     vertex  1.015625e+02 -4.894286e+01 0.000000e+00
     vertex  1.021882e+02 -4.463191e+01 1.884794e+01
     vertex  1.015625e+02 -4.509414e+01 1.904313e+01
   endloop
 endfacet
 facet normal  6.1837255451e-01 -6.5154458236e-01 4.3943718668e-01
   outer loop
     vertex  1.015625e+02 -4.509414e+01 1.904313e+01
     vertex  1.021882e+02 -4.463191e+01 1.884794e+01
     vertex  1.021882e+02 -3.424637e+01 3.424637e+01
   endloop
 endfacet
 facet normal  6.1837255451e-01 -6.5154458236e-01 4.3943718668e-01
   outer loop
     vertex  1.015625e+02 -4.509414e+01 1.904313e+01
     vertex  1.021882e+02 -3.424637e+01 3.424637e+01
     vertex  1.015625e+02 -3.460104e+01 3.460104e+01
   endloop
 endfacet
 facet normal  6.1837255451e-01 -4.3943718668e-01 6.5154458236e-01
   outer loop
     vertex  1.015625e+02 -3.460104e+01 3.460104e+01
     vertex  1.021882e+02 -3.424637e+01 3.424637e+01
     vertex  1.021882e+02 -1.884794e+01 4.463191e+01
   endloop
 endfacet
 facet normal  6.1837255451e-01 -4.3943718668e-01 6.5154458236e-01
   outer loop
     vertex  1.015625e+02 -3.460104e+01 3.460104e+01
     vertex  1.021882e+02 -1.884794e+01 4.463191e+01
     vertex  1.015625e+02 -1.904313e+01 4.509414e+01
   endloop
 endfacet
 facet normal  6.1788741114e-01 -1.5575930862e-01 7.7068423166e-01
   outer loop
     vertex  1.015625e+02 -1.904313e+01 4.509414e+01
     vertex  1.021882e+02 -1.884794e+01 4.463191e+01
     vertex  1.021882e+02 0.000000e+00 4.844118e+01
   endloop
 endfacet
 facet normal  6.1788741114e-01 -1.5575930862e-01 7.7068423166e-01
   outer loop
     vertex  1.015625e+02 -1.904313e+01 4.509414e+01
     vertex  1.021882e+02 0.000000e+00 4.844118e+01
     vertex  1.015625e+02 0.000000e+00 4.894286e+01
   endloop
 endfacet
 facet normal  6.1788741114e-01 1.5575930862e-01 7.7068423166e-01
   outer loop
     vertex  1.015625e+02 0.000000e+00 4.894286e+01
     vertex  1.021882e+02 0.000000e+00 4.844118e+01
     vertex  1.015625e+02 1.904313e+01 4.509414e+01
   endloop
 endfacet
 facet normal  6.1788741114e-01 1.5575930862e-01 7.7068423166e-01
   outer loop
     vertex  1.021882e+02 0.000000e+00 4.844118e+01
     vertex  1.021882e+02 1.884794e+01 4.463191e+01
     vertex  1.015625e+02 1.904313e+01 4.509414e+01
   endloop
 endfacet
 facet normal  6.1837255451e-01 4.3943718668e-01 6.5154458236e-01
   outer loop
     vertex  1.015625e+02 1.904313e+01 4.509414e+01
     vertex  1.021882e+02 1.884794e+01 4.463191e+01
     vertex  1.015625e+02 3.460104e+01 3.460104e+01
   endloop
 endfacet
 facet normal  6.1837255451e-01 4.3943718668e-01 6.5154458236e-01
   outer loop
     vertex  1.021882e+02 1.884794e+01 4.463191e+01
     vertex  1.021882e+02 3.424637e+01 3.424637e+01
     vertex  1.015625e+02 3.460104e+01 3.460104e+01
   endloop
 endfacet
 facet normal  6.1837255451e-01 6.5154458236e-01 4.3943718668e-01
   outer loop
     vertex  1.015625e+02 3.460104e+01 3.460104e+01
     vertex  1.021882e+02 3.424637e+01 3.424637e+01
     vertex  1.015625e+02 4.509414e+01 1.904313e+01
   endloop
 endfacet
 facet normal  6.1837255451e-01 6.5154458236e-01 4.3943718668e-01
   outer loop
     vertex  1.021882e+02 3.424637e+01 3.424637e+01
     vertex  1.021882e+02 4.463191e+01 1.884794e+01
     vertex  1.015625e+02 4.509414e+01 1.904313e+01
   endloop
 endfacet
 facet normal  6.1788741114e-01 7.7068423166e-01 1.5575930862e-01
   outer loop
     vertex  1.015625e+02 4.509414e+01 1.904313e+01
     vertex  1.021882e+02 4.463191e+01 1.884794e+01
     vertex  1.015625e+02 4.894286e+01 0.000000e+00
   endloop
 endfacet
 facet normal  6.1788741114e-01 7.7068423166e-01 1.5575930862e-01
   outer loop
     vertex  1.021882e+02 4.463191e+01 1.884794e+01
     vertex  1.021882e+02 4.844118e+01 0.000000e+00
     vertex  1.015625e+02 4.894286e+01 0.000000e+00
   endloop
 endfacet
 facet normal  9.9283074415e-01 1.1715987495e-01 -2.3678622672e-02
   outer loop
     vertex  1.021882e+02 4.844118e+01 0.000000e+00
     vertex  1.023294e+02 4.724488e+01 0.000000e+00
     vertex  1.023294e+02 4.352968e+01 -1.838247e+01
   endloop
 endfacet
 facet normal  9.9283074415e-01 1.1715987495e-01 -2.3678622672e-02
   outer loop
     vertex  1.021882e+02 4.844118e+01 0.000000e+00
     vertex  1.023294e+02 4.352968e+01 -1.838247e+01
     vertex  1.021882e+02 4.463191e+01 -1.884794e+01
   endloop
 endfacet
 facet normal  9.9284873872e-01 9.8972280319e-02 -6.6752301531e-02
   outer loop
     vertex  1.021882e+02 4.463191e+01 -1.884794e+01
     vertex  1.023294e+02 4.352968e+01 -1.838247e+01
     vertex  1.023294e+02 3.340062e+01 -3.340062e+01
   endloop
 endfacet
 facet normal  9.9284873872e-01 9.8972280319e-02 -6.6752301531e-02
   outer loop
     vertex  1.021882e+02 4.463191e+01 -1.884794e+01
     vertex  1.023294e+02 3.340062e+01 -3.340062e+01
     vertex  1.021882e+02 3.424637e+01 -3.424637e+01
   endloop
 endfacet
 facet normal  9.9284873872e-01 6.6752301531e-02 -9.8972280319e-02
   outer loop
     vertex  1.021882e+02 3.424637e+01 -3.424637e+01
     vertex  1.023294e+02 3.340062e+01 -3.340062e+01
     vertex  1.023294e+02 1.838247e+01 -4.352968e+01
   endloop
 endfacet
 facet normal  9.9284873872e-01 6.6752301531e-02 -9.8972280319e-02
   outer loop
     vertex  1.021882e+02 3.424637e+01 -3.424637e+01
     vertex  1.023294e+02 1.838247e+01 -4.352968e+01
     vertex  1.021882e+02 1.884794e+01 -4.463191e+01
   endloop
 endfacet
 facet normal  9.9283074415e-01 2.3678622672e-02 -1.1715987495e-01
   outer loop
     vertex  1.021882e+02 1.884794e+01 -4.463191e+01
     vertex  1.023294e+02 1.838247e+01 -4.352968e+01
     vertex  1.023294e+02 0.000000e+00 -4.724488e+01
   endloop
 endfacet
 facet normal  9.9283074415e-01 2.3678622672e-02 -1.1715987495e-01
   outer loop
     vertex  1.021882e+02 1.884794e+01 -4.463191e+01
     vertex  1.023294e+02 0.000000e+00 -4.724488e+01
     vertex  1.021882e+02 0.000000e+00 -4.844118e+01
   endloop
 endfacet
 facet normal  9.9283074415e-01 -2.3678622672e-02 -1.1715987495e-01
   outer loop
     vertex  1.021882e+02 0.000000e+00 -4.844118e+01
     vertex  1.023294e+02 0.000000e+00 -4.724488e+01
     vertex  1.021882e+02 -1.884794e+01 -4.463191e+01
   endloop
 endfacet
 facet normal  9.9283074415e-01 -2.3678622672e-02 -1.1715987495e-01
   outer loop
     vertex  1.023294e+02 0.000000e+00 -4.724488e+01
     vertex  1.023294e+02 -1.838247e+01 -4.352968e+01
     vertex  1.021882e+02 -1.884794e+01 -4.463191e+01
   endloop
 endfacet
 facet normal  9.9284873872e-01 -6.6752301531e-02 -9.8972280319e-02
   outer loop
     vertex  1.021882e+02 -1.884794e+01 -4.463191e+01
     vertex  1.023294e+02 -1.838247e+01 -4.352968e+01
     vertex  1.021882e+02 -3.424637e+01 -3.424637e+01
   endloop
 endfacet
 facet normal  9.9284873872e-01 -6.6752301531e-02 -9.8972280319e-02
   outer loop
     vertex  1.023294e+02 -1.838247e+01 -4.352968e+01
     vertex  1.023294e+02 -3.340062e+01 -3.340062e+01
     vertex  1.021882e+02 -3.424637e+01 -3.424637e+01
   endloop
 endfacet
 facet normal  9.9284873872e-01 -9.8972280319e-02 -6.6752301531e-02
   outer loop
     vertex  1.021882e+02 -3.424637e+01 -3.424637e+01
     vertex  1.023294e+02 -3.340062e+01 -3.340062e+01
     vertex  1.021882e+02 -4.463191e+01 -1.884794e+01
   endloop
 endfacet
 facet normal  9.9284873872e-01 -9.8972280319e-02 -6.6752301531e-02
   outer loop
     vertex  1.023294e+02 -3.340062e+01 -3.340062e+01
     vertex  1.023294e+02 -4.352968e+01 -1.838247e+01
     vertex  1.021882e+02 -4.463191e+01 -1.884794e+01
   endloop
 endfacet
 facet normal  9.9283074415e-01 -1.1715987495e-01 -2.3678622672e-02
   outer loop
     vertex  1.021882e+02 -4.463191e+01 -1.884794e+01
     vertex  1.023294e+02 -4.352968e+01 -1.838247e+01
     vertex  1.021882e+02 -4.844118e+01 0.000000e+00
   endloop
 endfacet
 facet normal  9.9283074415e-01 -1.1715987495e-01 -2.3678622672e-02
   outer loop
     vertex  1.023294e+02 -4.352968e+01 -1.838247e+01
     vertex  1.023294e+02 -4.724488e+01 0.000000e+00
     vertex  1.021882e+02 -4.844118e+01 0.000000e+00
   endloop
 endfacet
 facet normal  9.9283074415e-01 -1.1715987495e-01 2.3678622672e-02
   outer loop
     vertex  1.021882e+02 -4.844118e+01 0.000000e+00
     vertex  1.023294e+02 -4.724488e+01 0.000000e+00
     vertex  1.023294e+02 -4.352968e+01 1.838247e+01
   endloop
 endfacet
 facet normal  9.9283074415e-01 -1.1715987495e-01 2.3678622672e-02
   outer loop
     vertex  1.021882e+02 -4.844118e+01 0.000000e+00
     vertex  1.023294e+02 -4.352968e+01 1.838247e+01
     vertex  1.021882e+02 -4.463191e+01 1.884794e+01
   endloop
 endfacet
 facet normal  9.9284873872e-01 -9.8972280319e-02 6.6752301531e-02
   outer loop
     vertex  1.021882e+02 -4.463191e+01 1.884794e+01
     vertex  1.023294e+02 -4.352968e+01 1.838247e+01
     vertex  1.023294e+02 -3.340062e+01 3.340062e+01
   endloop
 endfacet
 facet normal  9.9284873872e-01 -9.8972280319e-02 6.6752301531e-02
   outer loop
     vertex  1.021882e+02 -4.463191e+01 1.884794e+01
     vertex  1.023294e+02 -3.340062e+01 3.340062e+01
     vertex  1.021882e+02 -3.424637e+01 3.424637e+01
   endloop
 endfacet
 facet normal  9.9284873872e-01 -6.6752301531e-02 9.8972280319e-02
   outer loop
     vertex  1.021882e+02 -3.424637e+01 3.424637e+01
     vertex  1.023294e+02 -3.340062e+01 3.340062e+01
     vertex  1.023294e+02 -1.838247e+01 4.352968e+01
   endloop
 endfacet
 facet normal  9.9284873872e-01 -6.6752301531e-02 9.8972280319e-02
   outer loop
     vertex  1.021882e+02 -3.424637e+01 3.424637e+01
     vertex  1.023294e+02 -1.838247e+01 4.352968e+01
     vertex  1.021882e+02 -1.884794e+01 4.463191e+01
   endloop
 endfacet
 facet normal  9.9283074415e-01 -2.3678622672e-02 1.1715987495e-01
   outer loop
     vertex  1.021882e+02 -1.884794e+01 4.463191e+01
     vertex  1.023294e+02 -1.838247e+01 4.352968e+01
     vertex  1.023294e+02 0.000000e+00 4.724488e+01
   endloop
 endfacet
 facet normal  9.9283074415e-01 -2.3678622672e-02 1.1715987495e-01
   outer loop
     vertex  1.021882e+02 -1.884794e+01 4.463191e+01
     vertex  1.023294e+02 0.000000e+00 4.724488e+01
     vertex  1.021882e+02 0.000000e+00 4.844118e+01
   endloop
 endfacet
 facet normal  9.9283074415e-01 2.3678622672e-02 1.1715987495e-01
   outer loop
     vertex  1.021882e+02 0.000000e+00 4.844118e+01
     vertex  1.023294e+02 0.000000e+00 4.724488e+01
     vertex  1.021882e+02 1.884794e+01 4.463191e+01
   endloop
 endfacet
 facet normal  9.9283074415e-01 2.3678622672e-02 1.1715987495e-01
   outer loop
     vertex  1.023294e+02 0.000000e+00 4.724488e+01
     vertex  1.023294e+02 1.838247e+01 4.352968e+01
     vertex  1.021882e+02 1.884794e+01 4.463191e+01
   endloop
 endfacet
 facet normal  9.9284873872e-01 6.6752301531e-02 9.8972280319e-02
   outer loop
     vertex  1.021882e+02 1.884794e+01 4.463191e+01
     vertex  1.023294e+02 1.838247e+01 4.352968e+01
     vertex  1.021882e+02 3.424637e+01 3.424637e+01
   endloop
 endfacet
 facet normal  9.9284873872e-01 6.6752301531e-02 9.8972280319e-02
   outer loop
     vertex  1.023294e+02 1.838247e+01 4.352968e+01
     vertex  1.023294e+02 3.340062e+01 3.340062e+01
     vertex  1.021882e+02 3.424637e+01 3.424637e+01
   endloop
 endfacet
 facet normal  9.9284873872e-01 9.8972280319e-02 6.6752301531e-02
   outer loop
     vertex  1.021882e+02 3.424637e+01 3.424637e+01
     vertex  1.023294e+02 3.340062e+01 3.340062e+01
     vertex  1.021882e+02 4.463191e+01 1.884794e+01
   endloop
 endfacet
 facet normal  9.9284873872e-01 9.8972280319e-02 6.6752301531e-02
   outer loop
     vertex  1.023294e+02 3.340062e+01 3.340062e+01
     vertex  1.023294e+02 4.352968e+01 1.838247e+01
     vertex  1.021882e+02 4.463191e+01 1.884794e+01
   endloop
 endfacet
 facet normal  9.9283074415e-01 1.1715987495e-01 2.3678622672e-02
   outer loop
     vertex  1.021882e+02 4.463191e+01 1.884794e+01
     vertex  1.023294e+02 4.352968e+01 1.838247e+01
     vertex  1.021882e+02 4.844118e+01 0.000000e+00
   endloop
 endfacet
 facet normal  9.9283074415e-01 1.1715987495e-01 2.3678622672e-02
   outer loop
     vertex  1.023294e+02 4.352968e+01 1.838247e+01
     vertex  1.023294e+02 4.724488e+01 0.000000e+00
     vertex  1.021882e+02 4.844118e+01 0.000000e+00
   endloop
 endfacet
 facet normal  9.9993909963e-01 -1.0817452254e-02 2.1862636018e-03
   outer loop
     vertex  1.023294e+02 4.724488e+01 0.000000e+00
     vertex  1.023140e+02 4.581703e+01 0.000000e+00
     vertex  1.023140e+02 4.221412e+01 -1.782691e+01
   endloop
 endfacet
 facet normal  9.9993909963e-01 -1.0817452254e-02 2.1862636018e-03
   outer loop
     vertex  1.023294e+02 4.724488e+01 0.000000e+00
     vertex  1.023140e+02 4.221412e+01 -1.782691e+01
     vertex  1.023294e+02 4.352968e+01 -1.838247e+01
   endloop
 endfacet
 facet normal  9.9993925413e-01 -9.1380148574e-03 6.1631753980e-03
   outer loop
     vertex  1.023294e+02 4.352968e+01 -1.838247e+01
     vertex  1.023140e+02 4.221412e+01 -1.782691e+01
     vertex  1.023140e+02 3.239118e+01 -3.239118e+01
   endloop
 endfacet
 facet normal  9.9993925413e-01 -9.1380148574e-03 6.1631753980e-03
   outer loop
     vertex  1.023294e+02 4.352968e+01 -1.838247e+01
     vertex  1.023140e+02 3.239118e+01 -3.239118e+01
     vertex  1.023294e+02 3.340062e+01 -3.340062e+01
   endloop
 endfacet
 facet normal  9.9993925413e-01 -6.1631753980e-03 9.1380148574e-03
   outer loop
     vertex  1.023294e+02 3.340062e+01 -3.340062e+01
     vertex  1.023140e+02 3.239118e+01 -3.239118e+01
     vertex  1.023140e+02 1.782691e+01 -4.221412e+01
   endloop
 endfacet
 facet normal  9.9993925413e-01 -6.1631753980e-03 9.1380148574e-03
   outer loop
     vertex  1.023294e+02 3.340062e+01 -3.340062e+01
     vertex  1.023140e+02 1.782691e+01 -4.221412e+01
     vertex  1.023294e+02 1.838247e+01 -4.352968e+01
   endloop
 endfacet
 facet normal  9.9993909963e-01 -2.1862636018e-03 1.0817452254e-02
   outer loop
     vertex  1.023294e+02 1.838247e+01 -4.352968e+01
     vertex  1.023140e+02 1.782691e+01 -4.221412e+01
     vertex  1.023140e+02 0.000000e+00 -4.581703e+01
   endloop
 endfacet
 facet normal  9.9993909963e-01 -2.1862636018e-03 1.0817452254e-02
   outer loop
     vertex  1.023294e+02 1.838247e+01 -4.352968e+01
     vertex  1.023140e+02 0.000000e+00 -4.581703e+01
     vertex  1.023294e+02 0.000000e+00 -4.724488e+01
   endloop
 endfacet
 facet normal  9.9993909963e-01 2.1862636018e-03 1.0817452254e-02
   outer loop
     vertex  1.023294e+02 0.000000e+00 -4.724488e+01
     vertex  1.023140e+02 0.000000e+00 -4.581703e+01
     vertex  1.023294e+02 -1.838247e+01 -4.352968e+01
   endloop
 endfacet
 facet normal  9.9993909963e-01 2.1862636018e-03 1.0817452254e-02
   outer loop
     vertex  1.023140e+02 0.000000e+00 -4.581703e+01
     vertex  1.023140e+02 -1.782691e+01 -4.221412e+01
     vertex  1.023294e+02 -1.838247e+01 -4.352968e+01
   endloop
 endfacet
 facet normal  9.9993925413e-01 6.1631753980e-03 9.1380148574e-03
   outer loop
     vertex  1.023294e+02 -1.838247e+01 -4.352968e+01
     vertex  1.023140e+02 -1.782691e+01 -4.221412e+01
     vertex  1.023294e+02 -3.340062e+01 -3.340062e+01
   endloop
 endfacet
 facet normal  9.9993925413e-01 6.1631753980e-03 9.1380148574e-03
   outer loop
     vertex  1.023140e+02 -1.782691e+01 -4.221412e+01
     vertex  1.023140e+02 -3.239118e+01 -3.239118e+01
     vertex  1.023294e+02 -3.340062e+01 -3.340062e+01
   endloop
 endfacet
 facet normal  9.9993925413e-01 9.1380148574e-03 6.1631753980e-03
   outer loop
     vertex  1.023294e+02 -3.340062e+01 -3.340062e+01
     vertex  1.023140e+02 -3.239118e+01 -3.239118e+01
     vertex  1.023294e+02 -4.352968e+01 -1.838247e+01
   endloop
 endfacet
 facet normal  9.9993925413e-01 9.1380148574e-03 6.1631753980e-03
   outer loop
     vertex  1.023140e+02 -3.239118e+01 -3.239118e+01
     vertex  1.023140e+02 -4.221412e+01 -1.782691e+01
     vertex  1.023294e+02 -4.352968e+01 -1.838247e+01
   endloop
 endfacet
 facet normal  9.9993909963e-01 1.0817452254e-02 2.1862636018e-03
   outer loop
     vertex  1.023294e+02 -4.352968e+01 -1.838247e+01
     vertex  1.023140e+02 -4.221412e+01 -1.782691e+01
     vertex  1.023294e+02 -4.724488e+01 0.000000e+00
   endloop
 endfacet
 facet normal  9.9993909963e-01 1.0817452254e-02 2.1862636018e-03
   outer loop
     vertex  1.023140e+02 -4.221412e+01 -1.782691e+01
     vertex  1.023140e+02 -4.581703e+01 0.000000e+00
     vertex  1.023294e+02 -4.724488e+01 0.000000e+00
   endloop
 endfacet
 facet normal  9.9993909963e-01 1.0817452254e-02 -2.1862636018e-03
   outer loop
     vertex  1.023294e+02 -4.724488e+01 0.000000e+00
     vertex  1.023140e+02 -4.581703e+01 0.000000e+00
     vertex  1.023140e+02 -4.221412e+01 1.782691e+01
   endloop
 endfacet
 facet normal  9.9993909963e-01 1.0817452254e-02 -2.1862636018e-03
   outer loop
     vertex  1.023294e+02 -4.724488e+01 0.000000e+00
     vertex  1.023140e+02 -4.221412e+01 1.782691e+01
     vertex  1.023294e+02 -4.352968e+01 1.838247e+01
   endloop
 endfacet
 facet normal  9.9993925413e-01 9.1380148574e-03 -6.1631753980e-03
   outer loop
     vertex  1.023294e+02 -4.352968e+01 1.838247e+01
     vertex  1.023140e+02 -4.221412e+01 1.782691e+01
     vertex  1.023140e+02 -3.239118e+01 3.239118e+01
   endloop
 endfacet
 facet normal  9.9993925413e-01 9.1380148574e-03 -6.1631753980e-03
   outer loop
     vertex  1.023294e+02 -4.352968e+01 1.838247e+01
     vertex  1.023140e+02 -3.239118e+01 3.239118e+01
     vertex  1.023294e+02 -3.340062e+01 3.340062e+01
   endloop
 endfacet
 facet normal  9.9993925413e-01 6.1631753980e-03 -9.1380148574e-03
   outer loop
     vertex  1.023294e+02 -3.340062e+01 3.340062e+01
     vertex  1.023140e+02 -3.239118e+01 3.239118e+01
     vertex  1.023140e+02 -1.782691e+01 4.221412e+01
   endloop
 endfacet
 facet normal  9.9993925413e-01 6.1631753980e-03 -9.1380148574e-03
   outer loop
     vertex  1.023294e+02 -3.340062e+01 3.340062e+01
     vertex  1.023140e+02 -1.782691e+01 4.221412e+01
     vertex  1.023294e+02 -1.838247e+01 4.352968e+01
   endloop
 endfacet
 facet normal  9.9993909963e-01 2.1862636018e-03 -1.0817452254e-02
   outer loop
     vertex  1.023294e+02 -1.838247e+01 4.352968e+01
     vertex  1.023140e+02 -1.782691e+01 4.221412e+01
     vertex  1.023140e+02 0.000000e+00 4.581703e+01
   endloop
 endfacet
 facet normal  9.9993909963e-01 2.1862636018e-03 -1.0817452254e-02
   outer loop
     vertex  1.023294e+02 -1.838247e+01 4.352968e+01
     vertex  1.023140e+02 0.000000e+00 4.581703e+01
     vertex  1.023294e+02 0.000000e+00 4.724488e+01
   endloop
 endfacet
 facet normal  9.9993909963e-01 -2.1862636018e-03 -1.0817452254e-02
   outer loop
     vertex  1.023294e+02 0.000000e+00 4.724488e+01
     vertex  1.023140e+02 0.000000e+00 4.581703e+01
     vertex  1.023294e+02 1.838247e+01 4.352968e+01
   endloop
 endfacet
 facet normal  9.9993909963e-01 -2.1862636018e-03 -1.0817452254e-02
   outer loop
     vertex  1.023140e+02 0.000000e+00 4.581703e+01
     vertex  1.023140e+02 1.782691e+01 4.221412e+01
     vertex  1.023294e+02 1.838247e+01 4.352968e+01
   endloop
 endfacet
 facet normal  9.9993925413e-01 -6.1631753980e-03 -9.1380148574e-03
   outer loop
     vertex  1.023294e+02 1.838247e+01 4.352968e+01
     vertex  1.023140e+02 1.782691e+01 4.221412e+01
     vertex  1.023294e+02 3.340062e+01 3.340062e+01
   endloop
 endfacet
 facet normal  9.9993925413e-01 -6.1631753980e-03 -9.1380148574e-03
   outer loop
     vertex  1.023140e+02 1.782691e+01 4.221412e+01
     vertex  1.023140e+02 3.239118e+01 3.239118e+01
     vertex  1.023294e+02 3.340062e+01 3.340062e+01
   endloop
 endfacet
 facet normal  9.9993925413e-01 -9.1380148574e-03 -6.1631753980e-03
   outer loop
     vertex  1.023294e+02 3.340062e+01 3.340062e+01
     vertex  1.023140e+02 3.239118e+01 3.239118e+01
     vertex  1.023294e+02 4.352968e+01 1.838247e+01
   endloop
 endfacet
 facet normal  9.9993925413e-01 -9.1380148574e-03 -6.1631753980e-03
   outer loop
     vertex  1.023140e+02 3.239118e+01 3.239118e+01
     vertex  1.023140e+02 4.221412e+01 1.782691e+01
     vertex  1.023294e+02 4.352968e+01 1.838247e+01
   endloop
 endfacet
 facet normal  9.9993909963e-01 -1.0817452254e-02 -2.1862636018e-03
   outer loop
     vertex  1.023294e+02 4.352968e+01 1.838247e+01
     vertex  1.023140e+02 4.221412e+01 1.782691e+01
     vertex  1.023294e+02 4.724488e+01 0.000000e+00
   endloop
 endfacet
 facet normal  9.9993909963e-01 -1.0817452254e-02 -2.1862636018e-03
   outer loop
     vertex  1.023140e+02 4.221412e+01 1.782691e+01
     vertex  1.023140e+02 4.581703e+01 0.000000e+00
     vertex  1.023294e+02 4.724488e+01 0.000000e+00
   endloop
 endfacet
 facet normal  9.9127918846e-01 1.2916688334e-01 -2.6105301782e-02
   outer loop
     vertex  1.023140e+02 4.581703e+01 0.000000e+00
     vertex  1.024698e+02 4.462072e+01 0.000000e+00
     vertex  1.024698e+02 4.111189e+01 -1.736144e+01
   endloop
 endfacet
 facet normal  9.9127918846e-01 1.2916688334e-01 -2.6105301782e-02
   outer loop
     vertex  1.023140e+02 4.581703e+01 0.000000e+00
     vertex  1.024698e+02 4.111189e+01 -1.736144e+01
     vertex  1.023140e+02 4.221412e+01 -1.782691e+01
   endloop
 endfacet
 facet normal  9.9130102627e-01 1.0911577805e-01 -7.3593629395e-02
   outer loop
     vertex  1.023140e+02 4.221412e+01 -1.782691e+01
     vertex  1.024698e+02 4.111189e+01 -1.736144e+01
     vertex  1.024698e+02 3.154543e+01 -3.154543e+01
   endloop
 endfacet
 facet normal  9.9130102627e-01 1.0911577805e-01 -7.3593629395e-02
   outer loop
     vertex  1.023140e+02 4.221412e+01 -1.782691e+01
     vertex  1.024698e+02 3.154543e+01 -3.154543e+01
     vertex  1.023140e+02 3.239118e+01 -3.239118e+01
   endloop
 endfacet
 facet normal  9.9130102627e-01 7.3593629395e-02 -1.0911577805e-01
   outer loop
     vertex  1.023140e+02 3.239118e+01 -3.239118e+01
     vertex  1.024698e+02 3.154543e+01 -3.154543e+01
     vertex  1.024698e+02 1.736144e+01 -4.111189e+01
   endloop
 endfacet
 facet normal  9.9130102627e-01 7.3593629395e-02 -1.0911577805e-01
   outer loop
     vertex  1.023140e+02 3.239118e+01 -3.239118e+01
     vertex  1.024698e+02 1.736144e+01 -4.111189e+01
     vertex  1.023140e+02 1.782691e+01 -4.221412e+01
   endloop
 endfacet
 facet normal  9.9127918846e-01 2.6105301782e-02 -1.2916688334e-01
   outer loop
     vertex  1.023140e+02 1.782691e+01 -4.221412e+01
     vertex  1.024698e+02 1.736144e+01 -4.111189e+01
     vertex  1.024698e+02 0.000000e+00 -4.462072e+01
   endloop
 endfacet
 facet normal  9.9127918846e-01 2.6105301782e-02 -1.2916688334e-01
   outer loop
     vertex  1.023140e+02 1.782691e+01 -4.221412e+01
     vertex  1.024698e+02 0.000000e+00 -4.462072e+01
     vertex  1.023140e+02 0.000000e+00 -4.581703e+01
   endloop
 endfacet
 facet normal  9.9127918846e-01 -2.6105301782e-02 -1.2916688334e-01
   outer loop
     vertex  1.023140e+02 0.000000e+00 -4.581703e+01
     vertex  1.024698e+02 0.000000e+00 -4.462072e+01
     vertex  1.023140e+02 -1.782691e+01 -4.221412e+01
   endloop
 endfacet
 facet normal  9.9127918846e-01 -2.6105301782e-02 -1.2916688334e-01
   outer loop
     vertex  1.024698e+02 0.000000e+00 -4.462072e+01
     vertex  1.024698e+02 -1.736144e+01 -4.111189e+01
     vertex  1.023140e+02 -1.782691e+01 -4.221412e+01
   endloop
 endfacet
 facet normal  9.9130102627e-01 -7.3593629395e-02 -1.0911577805e-01
   outer loop
     vertex  1.023140e+02 -1.782691e+01 -4.221412e+01
     vertex  1.024698e+02 -1.736144e+01 -4.111189e+01
     vertex  1.023140e+02 -3.239118e+01 -3.239118e+01
   endloop
 endfacet
 facet normal  9.9130102627e-01 -7.3593629395e-02 -1.0911577805e-01
   outer loop
     vertex  1.024698e+02 -1.736144e+01 -4.111189e+01
     vertex  1.024698e+02 -3.154543e+01 -3.154543e+01
     vertex  1.023140e+02 -3.239118e+01 -3.239118e+01
   endloop
 endfacet
 facet normal  9.9130102627e-01 -1.0911577805e-01 -7.3593629395e-02
   outer loop
     vertex  1.023140e+02 -3.239118e+01 -3.239118e+01
     vertex  1.024698e+02 -3.154543e+01 -3.154543e+01
     vertex  1.023140e+02 -4.221412e+01 -1.782691e+01
   endloop
 endfacet
 facet normal  9.9130102627e-01 -1.0911577805e-01 -7.3593629395e-02
   outer loop
     vertex  1.024698e+02 -3.154543e+01 -3.154543e+01
     vertex  1.024698e+02 -4.111189e+01 -1.736144e+01
     vertex  1.023140e+02 -4.221412e+01 -1.782691e+01
   endloop
 endfacet
 facet normal  9.9127918846e-01 -1.2916688334e-01 -2.6105301782e-02
   outer loop
     vertex  1.023140e+02 -4.221412e+01 -1.782691e+01
     vertex  1.024698e+02 -4.111189e+01 -1.736144e+01
     vertex  1.023140e+02 -4.581703e+01 0.000000e+00
   endloop
 endfacet
 facet normal  9.9127918846e-01 -1.2916688334e-01 -2.6105301782e-02
   outer loop
     vertex  1.024698e+02 -4.111189e+01 -1.736144e+01
     vertex  1.024698e+02 -4.462072e+01 0.000000e+00
     vertex  1.023140e+02 -4.581703e+01 0.000000e+00
   endloop
 endfacet
 facet normal  9.9127918846e-01 -1.2916688334e-01 2.6105301782e-02
   outer loop
     vertex  1.023140e+02 -4.581703e+01 0.000000e+00
     vertex  1.024698e+02 -4.462072e+01 0.000000e+00
     vertex  1.024698e+02 -4.111189e+01 1.736144e+01
   endloop
 endfacet
 facet normal  9.9127918846e-01 -1.2916688334e-01 2.6105301782e-02
   outer loop
     vertex  1.023140e+02 -4.581703e+01 0.000000e+00
     vertex  1.024698e+02 -4.111189e+01 1.736144e+01
     vertex  1.023140e+02 -4.221412e+01 1.782691e+01
   endloop
 endfacet
 facet normal  9.9130102627e-01 -1.0911577805e-01 7.3593629395e-02
   outer loop
     vertex  1.023140e+02 -4.221412e+01 1.782691e+01
     vertex  1.024698e+02 -4.111189e+01 1.736144e+01
     vertex  1.024698e+02 -3.154543e+01 3.154543e+01
   endloop
 endfacet
 facet normal  9.9130102627e-01 -1.0911577805e-01 7.3593629395e-02
   outer loop
     vertex  1.023140e+02 -4.221412e+01 1.782691e+01
     vertex  1.024698e+02 -3.154543e+01 3.154543e+01
     vertex  1.023140e+02 -3.239118e+01 3.239118e+01
   endloop
 endfacet
 facet normal  9.9130102627e-01 -7.3593629395e-02 1.0911577805e-01
   outer loop
     vertex  1.023140e+02 -3.239118e+01 3.239118e+01
     vertex  1.024698e+02 -3.154543e+01 3.154543e+01
     vertex  1.024698e+02 -1.736144e+01 4.111189e+01
   endloop
 endfacet
 facet normal  9.9130102627e-01 -7.3593629395e-02 1.0911577805e-01
   outer loop
     vertex  1.023140e+02 -3.239118e+01 3.239118e+01
     vertex  1.024698e+02 -1.736144e+01 4.111189e+01
     vertex  1.023140e+02 -1.782691e+01 4.221412e+01
   endloop
 endfacet
 facet normal  9.9127918846e-01 -2.6105301782e-02 1.2916688334e-01
   outer loop
     vertex  1.023140e+02 -1.782691e+01 4.221412e+01
     vertex  1.024698e+02 -1.736144e+01 4.111189e+01
     vertex  1.024698e+02 0.000000e+00 4.462072e+01
   endloop
 endfacet
 facet normal  9.9127918846e-01 -2.6105301782e-02 1.2916688334e-01
   outer loop
     vertex  1.023140e+02 -1.782691e+01 4.221412e+01
     vertex  1.024698e+02 0.000000e+00 4.462072e+01
     vertex  1.023140e+02 0.000000e+00 4.581703e+01
   endloop
 endfacet
 facet normal  9.9127918846e-01 2.6105301782e-02 1.2916688334e-01
   outer loop
     vertex  1.023140e+02 0.000000e+00 4.581703e+01
     vertex  1.024698e+02 0.000000e+00 4.462072e+01
     vertex  1.023140e+02 1.782691e+01 4.221412e+01
   endloop
 endfacet
 facet normal  9.9127918846e-01 2.6105301782e-02 1.2916688334e-01
   outer loop
     vertex  1.024698e+02 0.000000e+00 4.462072e+01
     vertex  1.024698e+02 1.736144e+01 4.111189e+01
     vertex  1.023140e+02 1.782691e+01 4.221412e+01
   endloop
 endfacet
 facet normal  9.9130102627e-01 7.3593629395e-02 1.0911577805e-01
   outer loop
     vertex  1.023140e+02 1.782691e+01 4.221412e+01
     vertex  1.024698e+02 1.736144e+01 4.111189e+01
     vertex  1.023140e+02 3.239118e+01 3.239118e+01
   endloop
 endfacet
 facet normal  9.9130102627e-01 7.3593629395e-02 1.0911577805e-01
   outer loop
     vertex  1.024698e+02 1.736144e+01 4.111189e+01
     vertex  1.024698e+02 3.154543e+01 3.154543e+01
     vertex  1.023140e+02 3.239118e+01 3.239118e+01
   endloop
 endfacet
 facet normal  9.9130102627e-01 1.0911577805e-01 7.3593629395e-02
   outer loop
     vertex  1.023140e+02 3.239118e+01 3.239118e+01
     vertex  1.024698e+02 3.154543e+01 3.154543e+01
     vertex  1.023140e+02 4.221412e+01 1.782691e+01
   endloop
 endfacet
 facet normal  9.9130102627e-01 1.0911577805e-01 7.3593629395e-02
   outer loop
     vertex  1.024698e+02 3.154543e+01 3.154543e+01
     vertex  1.024698e+02 4.111189e+01 1.736144e+01
     vertex  1.023140e+02 4.221412e+01 1.782691e+01
   endloop
 endfacet
 facet normal  9.9127918846e-01 1.2916688334e-01 2.6105301782e-02
   outer loop
     vertex  1.023140e+02 4.221412e+01 1.782691e+01
     vertex  1.024698e+02 4.111189e+01 1.736144e+01
     vertex  1.023140e+02 4.581703e+01 0.000000e+00
   endloop
 endfacet
 facet normal  9.9127918846e-01 1.2916688334e-01 2.6105301782e-02
   outer loop
     vertex  1.024698e+02 4.111189e+01 1.736144e+01
     vertex  1.024698e+02 4.462072e+01 0.000000e+00
     vertex  1.023140e+02 4.581703e+01 0.000000e+00
   endloop
 endfacet
 facet normal  6.0028544454e-01 7.8393555420e-01 -1.5843747012e-01
   outer loop
     vertex  1.024698e+02 4.462072e+01 0.000000e+00
     vertex  1.031250e+02 4.411905e+01 0.000000e+00
     vertex  1.031250e+02 4.064966e+01 -1.716624e+01
   endloop
 endfacet
 facet normal  6.0028544454e-01 7.8393555420e-01 -1.5843747012e-01
   outer loop
     vertex  1.024698e+02 4.462072e+01 0.000000e+00
     vertex  1.031250e+02 4.064966e+01 -1.716624e+01
     vertex  1.024698e+02 4.111189e+01 -1.736144e+01
   endloop
 endfacet
 facet normal  6.0077313480e-01 6.6276544652e-01 -4.4700514919e-01
   outer loop
     vertex  1.024698e+02 4.111189e+01 -1.736144e+01
     vertex  1.031250e+02 4.064966e+01 -1.716624e+01
     vertex  1.031250e+02 3.119076e+01 -3.119076e+01
   endloop
 endfacet
 facet normal  6.0077313480e-01 6.6276544652e-01 -4.4700514919e-01
   outer loop
     vertex  1.024698e+02 4.111189e+01 -1.736144e+01
     vertex  1.031250e+02 3.119076e+01 -3.119076e+01
     vertex  1.024698e+02 3.154543e+01 -3.154543e+01
   endloop
 endfacet
 facet normal  6.0077313480e-01 4.4700514919e-01 -6.6276544652e-01
   outer loop
     vertex  1.024698e+02 3.154543e+01 -3.154543e+01
     vertex  1.031250e+02 3.119076e+01 -3.119076e+01
     vertex  1.031250e+02 1.716624e+01 -4.064966e+01
   endloop
 endfacet
 facet normal  6.0077313480e-01 4.4700514919e-01 -6.6276544652e-01
   outer loop
     vertex  1.024698e+02 3.154543e+01 -3.154543e+01
     vertex  1.031250e+02 1.716624e+01 -4.064966e+01
     vertex  1.024698e+02 1.736144e+01 -4.111189e+01
   endloop
 endfacet
 facet normal  6.0028544454e-01 1.5843747012e-01 -7.8393555420e-01
   outer loop
     vertex  1.024698e+02 1.736144e+01 -4.111189e+01
     vertex  1.031250e+02 1.716624e+01 -4.064966e+01
     vertex  1.031250e+02 0.000000e+00 -4.411905e+01
   endloop
 endfacet
 facet normal  6.0028544454e-01 1.5843747012e-01 -7.8393555420e-01
   outer loop
     vertex  1.024698e+02 1.736144e+01 -4.111189e+01
     vertex  1.031250e+02 0.000000e+00 -4.411905e+01
     vertex  1.024698e+02 0.000000e+00 -4.462072e+01
   endloop
 endfacet
 facet normal  6.0028544454e-01 -1.5843747012e-01 -7.8393555420e-01
   outer loop
     vertex  1.024698e+02 0.000000e+00 -4.462072e+01
     vertex  1.031250e+02 0.000000e+00 -4.411905e+01
     vertex  1.024698e+02 -1.736144e+01 -4.111189e+01
   endloop
 endfacet
 facet normal  6.0028544454e-01 -1.5843747012e-01 -7.8393555420e-01
   outer loop
     vertex  1.031250e+02 0.000000e+00 -4.411905e+01
     vertex  1.031250e+02 -1.716624e+01 -4.064966e+01
     vertex  1.024698e+02 -1.736144e+01 -4.111189e+01
   endloop
 endfacet
 facet normal  6.0077313480e-01 -4.4700514919e-01 -6.6276544652e-01
   outer loop
     vertex  1.024698e+02 -1.736144e+01 -4.111189e+01
     vertex  1.031250e+02 -1.716624e+01 -4.064966e+01
     vertex  1.024698e+02 -3.154543e+01 -3.154543e+01
   endloop
 endfacet
 facet normal  6.0077313480e-01 -4.4700514919e-01 -6.6276544652e-01
   outer loop
     vertex  1.031250e+02 -1.716624e+01 -4.064966e+01
     vertex  1.031250e+02 -3.119076e+01 -3.119076e+01
     vertex  1.024698e+02 -3.154543e+01 -3.154543e+01
   endloop
 endfacet
 facet normal  6.0077313480e-01 -6.6276544652e-01 -4.4700514919e-01
   outer loop
     vertex  1.024698e+02 -3.154543e+01 -3.154543e+01
     vertex  1.031250e+02 -3.119076e+01 -3.119076e+01
     vertex  1.024698e+02 -4.111189e+01 -1.736144e+01
   endloop
 endfacet
 facet normal  6.0077313480e-01 -6.6276544652e-01 -4.4700514919e-01
   outer loop
     vertex  1.031250e+02 -3.119076e+01 -3.119076e+01
     vertex  1.031250e+02 -4.064966e+01 -1.716624e+01
     vertex  1.024698e+02 -4.111189e+01 -1.736144e+01
   endloop
 endfacet
 facet normal  6.0028544454e-01 -7.8393555420e-01 -1.5843747012e-01
   outer loop
     vertex  1.024698e+02 -4.111189e+01 -1.736144e+01
     vertex  1.031250e+02 -4.064966e+01 -1.716624e+01
     vertex  1.024698e+02 -4.462072e+01 0.000000e+00
   endloop
 endfacet
 facet normal  6.0028544454e-01 -7.8393555420e-01 -1.5843747012e-01
   outer loop
     vertex  1.031250e+02 -4.064966e+01 -1.716624e+01
     vertex  1.031250e+02 -4.411905e+01 0.000000e+00
     vertex  1.024698e+02 -4.462072e+01 0.000000e+00
   endloop
 endfacet
 facet normal  6.0028544454e-01 -7.8393555420e-01 1.5843747012e-01
   outer loop
     vertex  1.024698e+02 -4.462072e+01 0.000000e+00
     vertex  1.031250e+02 -4.411905e+01 0.000000e+00
     vertex  1.031250e+02 -4.064966e+01 1.716624e+01
   endloop
 endfacet
 facet normal  6.0028544454e-01 -7.8393555420e-01 1.5843747012e-01
   outer loop
     vertex  1.024698e+02 -4.462072e+01 0.000000e+00
     vertex  1.031250e+02 -4.064966e+01 1.716624e+01
     vertex  1.024698e+02 -4.111189e+01 1.736144e+01
   endloop
 endfacet
 facet normal  6.0077313480e-01 -6.6276544652e-01 4.4700514919e-01
   outer loop
     vertex  1.024698e+02 -4.111189e+01 1.736144e+01
     vertex  1.031250e+02 -4.064966e+01 1.716624e+01
     vertex  1.031250e+02 -3.119076e+01 3.119076e+01
   endloop
 endfacet
 facet normal  6.0077313480e-01 -6.6276544652e-01 4.4700514919e-01
   outer loop
     vertex  1.024698e+02 -4.111189e+01 1.736144e+01
     vertex  1.031250e+02 -3.119076e+01 3.119076e+01
     vertex  1.024698e+02 -3.154543e+01 3.154543e+01
   endloop
 endfacet
 facet normal  6.0077313480e-01 -4.4700514919e-01 6.6276544652e-01
   outer loop
     vertex  1.024698e+02 -3.154543e+01 3.154543e+01
     vertex  1.031250e+02 -3.119076e+01 3.119076e+01
     vertex  1.031250e+02 -1.716624e+01 4.064966e+01
   endloop
 endfacet
 facet normal  6.0077313480e-01 -4.4700514919e-01 6.6276544652e-01
   outer loop
     vertex  1.024698e+02 -3.154543e+01 3.154543e+01
     vertex  1.031250e+02 -1.716624e+01 4.064966e+01
     vertex  1.024698e+02 -1.736144e+01 4.111189e+01
   endloop
 endfacet
 facet normal  6.0028544454e-01 -1.5843747012e-01 7.8393555420e-01
   outer loop
     vertex  1.024698e+02 -1.736144e+01 4.111189e+01
     vertex  1.031250e+02 -1.716624e+01 4.064966e+01
     vertex  1.031250e+02 0.000000e+00 4.411905e+01
   endloop
 endfacet
 facet normal  6.0028544454e-01 -1.5843747012e-01 7.8393555420e-01
   outer loop
     vertex  1.024698e+02 -1.736144e+01 4.111189e+01
     vertex  1.031250e+02 0.000000e+00 4.411905e+01
     vertex  1.024698e+02 0.000000e+00 4.462072e+01
   endloop
 endfacet
 facet normal  6.0028544454e-01 1.5843747012e-01 7.8393555420e-01
   outer loop
     vertex  1.024698e+02 0.000000e+00 4.462072e+01
     vertex  1.031250e+02 0.000000e+00 4.411905e+01
     vertex  1.024698e+02 1.736144e+01 4.111189e+01
   endloop
 endfacet
 facet normal  6.0028544454e-01 1.5843747012e-01 7.8393555420e-01
   outer loop
     vertex  1.031250e+02 0.000000e+00 4.411905e+01
     vertex  1.031250e+02 1.716624e+01 4.064966e+01
     vertex  1.024698e+02 1.736144e+01 4.111189e+01
   endloop
 endfacet
 facet normal  6.0077313480e-01 4.4700514919e-01 6.6276544652e-01
   outer loop
     vertex  1.024698e+02 1.736144e+01 4.111189e+01
     vertex  1.031250e+02 1.716624e+01 4.064966e+01
     vertex  1.024698e+02 3.154543e+01 3.154543e+01
   endloop
 endfacet
 facet normal  6.0077313480e-01 4.4700514919e-01 6.6276544652e-01
   outer loop
     vertex  1.031250e+02 1.716624e+01 4.064966e+01
     vertex  1.031250e+02 3.119076e+01 3.119076e+01
     vertex  1.024698e+02 3.154543e+01 3.154543e+01
   endloop
 endfacet
 facet normal  6.0077313480e-01 6.6276544652e-01 4.4700514919e-01
   outer loop
     vertex  1.024698e+02 3.154543e+01 3.154543e+01
     vertex  1.031250e+02 3.119076e+01 3.119076e+01
     vertex  1.024698e+02 4.111189e+01 1.736144e+01
   endloop
 endfacet
 facet normal  6.0077313480e-01 6.6276544652e-01 4.4700514919e-01
   outer loop
     vertex  1.031250e+02 3.119076e+01 3.119076e+01
     vertex  1.031250e+02 4.064966e+01 1.716624e+01
     vertex  1.024698e+02 4.111189e+01 1.736144e+01
   endloop
 endfacet
 facet normal  6.0028544454e-01 7.8393555420e-01 1.5843747012e-01
   outer loop
     vertex  1.024698e+02 4.111189e+01 1.736144e+01
     vertex  1.031250e+02 4.064966e+01 1.716624e+01
     vertex  1.024698e+02 4.462072e+01 0.000000e+00
   endloop
 endfacet
 facet normal  6.0028544454e-01 7.8393555420e-01 1.5843747012e-01
   outer loop
     vertex  1.031250e+02 4.064966e+01 1.716624e+01
     vertex  1.031250e+02 4.411905e+01 0.000000e+00
     vertex  1.024698e+02 4.462072e+01 0.000000e+00
   endloop
 endfacet
 facet normal  5.2838775927e-01 8.3217748633e-01 -1.6818741658e-01
   outer loop
     vertex  1.031250e+02 4.411905e+01 0.000000e+00
     vertex  1.039151e+02 4.361737e+01 0.000000e+00
     vertex  1.039151e+02 4.018743e+01 -1.697105e+01
   endloop
 endfacet
 facet normal  5.2838775927e-01 8.3217748633e-01 -1.6818741658e-01
   outer loop
     vertex  1.031250e+02 4.411905e+01 0.000000e+00
     vertex  1.039151e+02 4.018743e+01 -1.697105e+01
     vertex  1.031250e+02 4.064966e+01 -1.716624e+01
   endloop
 endfacet
 facet normal  5.2887157210e-01 7.0362335012e-01 -4.7456194684e-01
   outer loop
     vertex  1.031250e+02 4.064966e+01 -1.716624e+01
     vertex  1.039151e+02 4.018743e+01 -1.697105e+01
     vertex  1.039151e+02 3.083609e+01 -3.083609e+01
   endloop
 endfacet
 facet normal  5.2887157210e-01 7.0362335012e-01 -4.7456194684e-01
   outer loop
     vertex  1.031250e+02 4.064966e+01 -1.716624e+01
     vertex  1.039151e+02 3.083609e+01 -3.083609e+01
     vertex  1.031250e+02 3.119076e+01 -3.119076e+01
   endloop
 endfacet
 facet normal  5.2887157210e-01 4.7456194684e-01 -7.0362335012e-01
   outer loop
     vertex  1.031250e+02 3.119076e+01 -3.119076e+01
     vertex  1.039151e+02 3.083609e+01 -3.083609e+01
     vertex  1.039151e+02 1.697105e+01 -4.018743e+01
   endloop
 endfacet
 facet normal  5.2887157210e-01 4.7456194684e-01 -7.0362335012e-01
   outer loop
     vertex  1.031250e+02 3.119076e+01 -3.119076e+01
     vertex  1.039151e+02 1.697105e+01 -4.018743e+01
     vertex  1.031250e+02 1.716624e+01 -4.064966e+01
   endloop
 endfacet
 facet normal  5.2838775927e-01 1.6818741658e-01 -8.3217748633e-01
   outer loop
     vertex  1.031250e+02 1.716624e+01 -4.064966e+01
     vertex  1.039151e+02 1.697105e+01 -4.018743e+01
     vertex  1.039151e+02 0.000000e+00 -4.361737e+01
   endloop
 endfacet
 facet normal  5.2838775927e-01 1.6818741658e-01 -8.3217748633e-01
   outer loop
     vertex  1.031250e+02 1.716624e+01 -4.064966e+01
     vertex  1.039151e+02 0.000000e+00 -4.361737e+01
     vertex  1.031250e+02 0.000000e+00 -4.411905e+01
   endloop
 endfacet
 facet normal  5.2838775927e-01 -1.6818741658e-01 -8.3217748633e-01
   outer loop
     vertex  1.031250e+02 0.000000e+00 -4.411905e+01
     vertex  1.039151e+02 0.000000e+00 -4.361737e+01
     vertex  1.031250e+02 -1.716624e+01 -4.064966e+01
   endloop
 endfacet
 facet normal  5.2838775927e-01 -1.6818741658e-01 -8.3217748633e-01
   outer loop
     vertex  1.039151e+02 0.000000e+00 -4.361737e+01
     vertex  1.039151e+02 -1.697105e+01 -4.018743e+01
     vertex  1.031250e+02 -1.716624e+01 -4.064966e+01
   endloop
 endfacet
 facet normal  5.2887157210e-01 -4.7456194684e-01 -7.0362335012e-01
   outer loop
     vertex  1.031250e+02 -1.716624e+01 -4.064966e+01
     vertex  1.039151e+02 -1.697105e+01 -4.018743e+01
     vertex  1.031250e+02 -3.119076e+01 -3.119076e+01
   endloop
 endfacet
 facet normal  5.2887157210e-01 -4.7456194684e-01 -7.0362335012e-01
   outer loop
     vertex  1.039151e+02 -1.697105e+01 -4.018743e+01
     vertex  1.039151e+02 -3.083609e+01 -3.083609e+01
     vertex  1.031250e+02 -3.119076e+01 -3.119076e+01
   endloop
 endfacet
 facet normal  5.2887157210e-01 -7.0362335012e-01 -4.7456194684e-01
   outer loop
     vertex  1.031250e+02 -3.119076e+01 -3.119076e+01
     vertex  1.039151e+02 -3.083609e+01 -3.083609e+01
     vertex  1.031250e+02 -4.064966e+01 -1.716624e+01
   endloop
 endfacet
 facet normal  5.2887157210e-01 -7.0362335012e-01 -4.7456194684e-01
   outer loop
     vertex  1.039151e+02 -3.083609e+01 -3.083609e+01
     vertex  1.039151e+02 -4.018743e+01 -1.697105e+01
     vertex  1.031250e+02 -4.064966e+01 -1.716624e+01
   endloop
 endfacet
 facet normal  5.2838775927e-01 -8.3217748633e-01 -1.6818741658e-01
   outer loop
     vertex  1.031250e+02 -4.064966e+01 -1.716624e+01
     vertex  1.039151e+02 -4.018743e+01 -1.697105e+01
     vertex  1.031250e+02 -4.411905e+01 0.000000e+00
   endloop
 endfacet
 facet normal  5.2838775927e-01 -8.3217748633e-01 -1.6818741658e-01
   outer loop
     vertex  1.039151e+02 -4.018743e+01 -1.697105e+01
     vertex  1.039151e+02 -4.361737e+01 0.000000e+00
     vertex  1.031250e+02 -4.411905e+01 0.000000e+00
   endloop
 endfacet
 facet normal  5.2838775927e-01 -8.3217748633e-01 1.6818741658e-01
   outer loop
     vertex  1.031250e+02 -4.411905e+01 0.000000e+00
     vertex  1.039151e+02 -4.361737e+01 0.000000e+00
     vertex  1.039151e+02 -4.018743e+01 1.697105e+01
   endloop
 endfacet
 facet normal  5.2838775927e-01 -8.3217748633e-01 1.6818741658e-01
   outer loop
     vertex  1.031250e+02 -4.411905e+01 0.000000e+00
     vertex  1.039151e+02 -4.018743e+01 1.697105e+01
     vertex  1.031250e+02 -4.064966e+01 1.716624e+01
   endloop
 endfacet
 facet normal  5.2887157210e-01 -7.0362335012e-01 4.7456194684e-01
   outer loop
     vertex  1.031250e+02 -4.064966e+01 1.716624e+01
     vertex  1.039151e+02 -4.018743e+01 1.697105e+01
     vertex  1.039151e+02 -3.083609e+01 3.083609e+01
   endloop
 endfacet
 facet normal  5.2887157210e-01 -7.0362335012e-01 4.7456194684e-01
   outer loop
     vertex  1.031250e+02 -4.064966e+01 1.716624e+01
     vertex  1.039151e+02 -3.083609e+01 3.083609e+01
     vertex  1.031250e+02 -3.119076e+01 3.119076e+01
   endloop
 endfacet
 facet normal  5.2887157210e-01 -4.7456194684e-01 7.0362335012e-01
   outer loop
     vertex  1.031250e+02 -3.119076e+01 3.119076e+01
     vertex  1.039151e+02 -3.083609e+01 3.083609e+01
     vertex  1.039151e+02 -1.697105e+01 4.018743e+01
   endloop
 endfacet
 facet normal  5.2887157210e-01 -4.7456194684e-01 7.0362335012e-01
   outer loop
     vertex  1.031250e+02 -3.119076e+01 3.119076e+01
     vertex  1.039151e+02 -1.697105e+01 4.018743e+01
     vertex  1.031250e+02 -1.716624e+01 4.064966e+01
   endloop
 endfacet
 facet normal  5.2838775927e-01 -1.6818741658e-01 8.3217748633e-01
   outer loop
     vertex  1.031250e+02 -1.716624e+01 4.064966e+01
     vertex  1.039151e+02 -1.697105e+01 4.018743e+01
     vertex  1.039151e+02 0.000000e+00 4.361737e+01
   endloop
 endfacet
 facet normal  5.2838775927e-01 -1.6818741658e-01 8.3217748633e-01
   outer loop
     vertex  1.031250e+02 -1.716624e+01 4.064966e+01
     vertex  1.039151e+02 0.000000e+00 4.361737e+01
     vertex  1.031250e+02 0.000000e+00 4.411905e+01
   endloop
 endfacet
 facet normal  5.2838775927e-01 1.6818741658e-01 8.3217748633e-01
   outer loop
     vertex  1.031250e+02 0.000000e+00 4.411905e+01
     vertex  1.039151e+02 0.000000e+00 4.361737e+01
     vertex  1.031250e+02 1.716624e+01 4.064966e+01
   endloop
 endfacet
 facet normal  5.2838775927e-01 1.6818741658e-01 8.3217748633e-01
   outer loop
     vertex  1.039151e+02 0.000000e+00 4.361737e+01
     vertex  1.039151e+02 1.697105e+01 4.018743e+01
     vertex  1.031250e+02 1.716624e+01 4.064966e+01
   endloop
 endfacet
 facet normal  5.2887157210e-01 4.7456194684e-01 7.0362335012e-01
   outer loop
     vertex  1.031250e+02 1.716624e+01 4.064966e+01
     vertex  1.039151e+02 1.697105e+01 4.018743e+01
     vertex  1.031250e+02 3.119076e+01 3.119076e+01
   endloop
 endfacet
 facet normal  5.2887157210e-01 4.7456194684e-01 7.0362335012e-01
   outer loop
     vertex  1.039151e+02 1.697105e+01 4.018743e+01
     vertex  1.039151e+02 3.083609e+01 3.083609e+01
     vertex  1.031250e+02 3.119076e+01 3.119076e+01
   endloop
 endfacet
 facet normal  5.2887157210e-01 7.0362335012e-01 4.7456194684e-01
   outer loop
     vertex  1.031250e+02 3.119076e+01 3.119076e+01
     vertex  1.039151e+02 3.083609e+01 3.083609e+01
     vertex  1.031250e+02 4.064966e+01 1.716624e+01
   endloop
 endfacet
 facet normal  5.2887157210e-01 7.0362335012e-01 4.7456194684e-01
   outer loop
     vertex  1.039151e+02 3.083609e+01 3.083609e+01
     vertex  1.039151e+02 4.018743e+01 1.697105e+01
     vertex  1.031250e+02 4.064966e+01 1.716624e+01
   endloop
 endfacet
 facet normal  5.2838775927e-01 8.3217748633e-01 1.6818741658e-01
   outer loop
     vertex  1.031250e+02 4.064966e+01 1.716624e+01
     vertex  1.039151e+02 4.018743e+01 1.697105e+01
     vertex  1.031250e+02 4.411905e+01 0.000000e+00
   endloop
 endfacet
 facet normal  5.2838775927e-01 8.3217748633e-01 1.6818741658e-01
   outer loop
     vertex  1.039151e+02 4.018743e+01 1.697105e+01
     vertex  1.039151e+02 4.361737e+01 0.000000e+00
     vertex  1.031250e+02 4.411905e+01 0.000000e+00
   endloop
 endfacet
 facet normal  9.2316032103e-01 3.7679676748e-01 -7.6152594775e-02
   outer loop
     vertex  1.039151e+02 4.361737e+01 0.000000e+00
     vertex  1.044034e+02 4.242107e+01 0.000000e+00
     vertex  1.044034e+02 3.908520e+01 -1.650558e+01
   endloop
 endfacet
 facet normal  9.2316032103e-01 3.7679676748e-01 -7.6152594775e-02
   outer loop
     vertex  1.039151e+02 4.361737e+01 0.000000e+00
     vertex  1.044034e+02 3.908520e+01 -1.650558e+01
     vertex  1.039151e+02 4.018743e+01 -1.697105e+01
   endloop
 endfacet
 facet normal  9.2333342624e-01 3.1835773238e-01 -2.1471781066e-01
   outer loop
     vertex  1.039151e+02 4.018743e+01 -1.697105e+01
     vertex  1.044034e+02 3.908520e+01 -1.650558e+01
     vertex  1.044034e+02 2.999034e+01 -2.999034e+01
   endloop
 endfacet
 facet normal  9.2333342624e-01 3.1835773238e-01 -2.1471781066e-01
   outer loop
     vertex  1.039151e+02 4.018743e+01 -1.697105e+01
     vertex  1.044034e+02 2.999034e+01 -2.999034e+01
     vertex  1.039151e+02 3.083609e+01 -3.083609e+01
   endloop
 endfacet
 facet normal  9.2333342624e-01 2.1471781066e-01 -3.1835773238e-01
   outer loop
     vertex  1.039151e+02 3.083609e+01 -3.083609e+01
     vertex  1.044034e+02 2.999034e+01 -2.999034e+01
     vertex  1.044034e+02 1.650558e+01 -3.908520e+01
   endloop
 endfacet
 facet normal  9.2333342624e-01 2.1471781066e-01 -3.1835773238e-01
   outer loop
     vertex  1.039151e+02 3.083609e+01 -3.083609e+01
     vertex  1.044034e+02 1.650558e+01 -3.908520e+01
     vertex  1.039151e+02 1.697105e+01 -4.018743e+01
   endloop
 endfacet
 facet normal  9.2316032103e-01 7.6152594775e-02 -3.7679676748e-01
   outer loop
     vertex  1.039151e+02 1.697105e+01 -4.018743e+01
     vertex  1.044034e+02 1.650558e+01 -3.908520e+01
     vertex  1.044034e+02 0.000000e+00 -4.242107e+01
   endloop
 endfacet
 facet normal  9.2316032103e-01 7.6152594775e-02 -3.7679676748e-01
   outer loop
     vertex  1.039151e+02 1.697105e+01 -4.018743e+01
     vertex  1.044034e+02 0.000000e+00 -4.242107e+01
     vertex  1.039151e+02 0.000000e+00 -4.361737e+01
   endloop
 endfacet
 facet normal  9.2316032103e-01 -7.6152594775e-02 -3.7679676748e-01
   outer loop
     vertex  1.039151e+02 0.000000e+00 -4.361737e+01
     vertex  1.044034e+02 0.000000e+00 -4.242107e+01
     vertex  1.039151e+02 -1.697105e+01 -4.018743e+01
   endloop
 endfacet
 facet normal  9.2316032103e-01 -7.6152594775e-02 -3.7679676748e-01
   outer loop
     vertex  1.044034e+02 0.000000e+00 -4.242107e+01
     vertex  1.044034e+02 -1.650558e+01 -3.908520e+01
     vertex  1.039151e+02 -1.697105e+01 -4.018743e+01
   endloop
 endfacet
 facet normal  9.2333342624e-01 -2.1471781066e-01 -3.1835773238e-01
   outer loop
     vertex  1.039151e+02 -1.697105e+01 -4.018743e+01
     vertex  1.044034e+02 -1.650558e+01 -3.908520e+01
     vertex  1.039151e+02 -3.083609e+01 -3.083609e+01
   endloop
 endfacet
 facet normal  9.2333342624e-01 -2.1471781066e-01 -3.1835773238e-01
   outer loop
     vertex  1.044034e+02 -1.650558e+01 -3.908520e+01
     vertex  1.044034e+02 -2.999034e+01 -2.999034e+01
     vertex  1.039151e+02 -3.083609e+01 -3.083609e+01
   endloop
 endfacet
 facet normal  9.2333342624e-01 -3.1835773238e-01 -2.1471781066e-01
   outer loop
     vertex  1.039151e+02 -3.083609e+01 -3.083609e+01
     vertex  1.044034e+02 -2.999034e+01 -2.999034e+01
     vertex  1.039151e+02 -4.018743e+01 -1.697105e+01
   endloop
 endfacet
 facet normal  9.2333342624e-01 -3.1835773238e-01 -2.1471781066e-01
   outer loop
     vertex  1.044034e+02 -2.999034e+01 -2.999034e+01
     vertex  1.044034e+02 -3.908520e+01 -1.650558e+01
     vertex  1.039151e+02 -4.018743e+01 -1.697105e+01
   endloop
 endfacet
 facet normal  9.2316032103e-01 -3.7679676748e-01 -7.6152594775e-02
   outer loop
     vertex  1.039151e+02 -4.018743e+01 -1.697105e+01
     vertex  1.044034e+02 -3.908520e+01 -1.650558e+01
     vertex  1.039151e+02 -4.361737e+01 0.000000e+00
   endloop
 endfacet
 facet normal  9.2316032103e-01 -3.7679676748e-01 -7.6152594775e-02
   outer loop
     vertex  1.044034e+02 -3.908520e+01 -1.650558e+01
     vertex  1.044034e+02 -4.242107e+01 0.000000e+00
     vertex  1.039151e+02 -4.361737e+01 0.000000e+00
   endloop
 endfacet
 facet normal  9.2316032103e-01 -3.7679676748e-01 7.6152594775e-02
   outer loop
     vertex  1.039151e+02 -4.361737e+01 0.000000e+00
     vertex  1.044034e+02 -4.242107e+01 0.000000e+00
     vertex  1.044034e+02 -3.908520e+01 1.650558e+01
   endloop
 endfacet
 facet normal  9.2316032103e-01 -3.7679676748e-01 7.6152594775e-02
   outer loop
     vertex  1.039151e+02 -4.361737e+01 0.000000e+00
     vertex  1.044034e+02 -3.908520e+01 1.650558e+01
     vertex  1.039151e+02 -4.018743e+01 1.697105e+01
   endloop
 endfacet
 facet normal  9.2333342624e-01 -3.1835773238e-01 2.1471781066e-01
   outer loop
     vertex  1.039151e+02 -4.018743e+01 1.697105e+01
     vertex  1.044034e+02 -3.908520e+01 1.650558e+01
     vertex  1.044034e+02 -2.999034e+01 2.999034e+01
   endloop
 endfacet
 facet normal  9.2333342624e-01 -3.1835773238e-01 2.1471781066e-01
   outer loop
     vertex  1.039151e+02 -4.018743e+01 1.697105e+01
     vertex  1.044034e+02 -2.999034e+01 2.999034e+01
     vertex  1.039151e+02 -3.083609e+01 3.083609e+01
   endloop
 endfacet
 facet normal  9.2333342624e-01 -2.1471781066e-01 3.1835773238e-01
   outer loop
     vertex  1.039151e+02 -3.083609e+01 3.083609e+01
     vertex  1.044034e+02 -2.999034e+01 2.999034e+01
     vertex  1.044034e+02 -1.650558e+01 3.908520e+01
   endloop
 endfacet
 facet normal  9.2333342624e-01 -2.1471781066e-01 3.1835773238e-01
   outer loop
     vertex  1.039151e+02 -3.083609e+01 3.083609e+01
     vertex  1.044034e+02 -1.650558e+01 3.908520e+01
     vertex  1.039151e+02 -1.697105e+01 4.018743e+01
   endloop
 endfacet
 facet normal  9.2316032103e-01 -7.6152594775e-02 3.7679676748e-01
   outer loop
     vertex  1.039151e+02 -1.697105e+01 4.018743e+01
     vertex  1.044034e+02 -1.650558e+01 3.908520e+01
     vertex  1.044034e+02 0.000000e+00 4.242107e+01
   endloop
 endfacet
 facet normal  9.2316032103e-01 -7.6152594775e-02 3.7679676748e-01
   outer loop
     vertex  1.039151e+02 -1.697105e+01 4.018743e+01
     vertex  1.044034e+02 0.000000e+00 4.242107e+01
     vertex  1.039151e+02 0.000000e+00 4.361737e+01
   endloop
 endfacet
 facet normal  9.2316032103e-01 7.6152594775e-02 3.7679676748e-01
   outer loop
     vertex  1.039151e+02 0.000000e+00 4.361737e+01
     vertex  1.044034e+02 0.000000e+00 4.242107e+01
     vertex  1.039151e+02 1.697105e+01 4.018743e+01
   endloop
 endfacet
 facet normal  9.2316032103e-01 7.6152594775e-02 3.7679676748e-01
   outer loop
     vertex  1.044034e+02 0.000000e+00 4.242107e+01
     vertex  1.044034e+02 1.650558e+01 3.908520e+01
     vertex  1.039151e+02 1.697105e+01 4.018743e+01
   endloop
 endfacet
 facet normal  9.2333342624e-01 2.1471781066e-01 3.1835773238e-01
   outer loop
     vertex  1.039151e+02 1.697105e+01 4.018743e+01
     vertex  1.044034e+02 1.650558e+01 3.908520e+01
     vertex  1.039151e+02 3.083609e+01 3.083609e+01
   endloop
 endfacet
 facet normal  9.2333342624e-01 2.1471781066e-01 3.1835773238e-01
   outer loop
     vertex  1.044034e+02 1.650558e+01 3.908520e+01
     vertex  1.044034e+02 2.999034e+01 2.999034e+01
     vertex  1.039151e+02 3.083609e+01 3.083609e+01
   endloop
 endfacet
 facet normal  9.2333342624e-01 3.1835773238e-01 2.1471781066e-01
   outer loop
     vertex  1.039151e+02 3.083609e+01 3.083609e+01
     vertex  1.044034e+02 2.999034e+01 2.999034e+01
     vertex  1.039151e+02 4.018743e+01 1.697105e+01
   endloop
 endfacet
 facet normal  9.2333342624e-01 3.1835773238e-01 2.1471781066e-01
   outer loop
     vertex  1.044034e+02 2.999034e+01 2.999034e+01
     vertex  1.044034e+02 3.908520e+01 1.650558e+01
     vertex  1.039151e+02 4.018743e+01 1.697105e+01
   endloop
 endfacet
 facet normal  9.2316032103e-01 3.7679676748e-01 7.6152594775e-02
   outer loop
     vertex  1.039151e+02 4.018743e+01 1.697105e+01
     vertex  1.044034e+02 3.908520e+01 1.650558e+01
     vertex  1.039151e+02 4.361737e+01 0.000000e+00
   endloop
 endfacet
 facet normal  9.2316032103e-01 3.7679676748e-01 7.6152594775e-02
   outer loop
     vertex  1.044034e+02 3.908520e+01 1.650558e+01
     vertex  1.044034e+02 4.242107e+01 0.000000e+00
     vertex  1.039151e+02 4.361737e+01 0.000000e+00
   endloop
 endfacet
 facet normal  9.6045492954e-01 2.7291742218e-01 -5.5158036512e-02
   outer loop
     vertex  1.044034e+02 4.242107e+01 0.000000e+00
     vertex  1.048091e+02 4.099322e+01 0.000000e+00
     vertex  1.048091e+02 3.776964e+01 -1.595002e+01
   endloop
 endfacet
 facet normal  9.6045492954e-01 2.7291742218e-01 -5.5158036512e-02
   outer loop
     vertex  1.044034e+02 4.242107e+01 0.000000e+00
     vertex  1.048091e+02 3.776964e+01 -1.595002e+01
     vertex  1.044034e+02 3.908520e+01 -1.650558e+01
   endloop
 endfacet
 facet normal  9.6054940089e-01 2.3056892877e-01 -1.5550825552e-01
   outer loop
     vertex  1.044034e+02 3.908520e+01 -1.650558e+01
     vertex  1.048091e+02 3.776964e+01 -1.595002e+01
     vertex  1.048091e+02 2.898090e+01 -2.898090e+01
   endloop
 endfacet
 facet normal  9.6054940089e-01 2.3056892877e-01 -1.5550825552e-01
   outer loop
     vertex  1.044034e+02 3.908520e+01 -1.650558e+01
     vertex  1.048091e+02 2.898090e+01 -2.898090e+01
     vertex  1.044034e+02 2.999034e+01 -2.999034e+01
   endloop
 endfacet
 facet normal  9.6054940089e-01 1.5550825552e-01 -2.3056892877e-01
   outer loop
     vertex  1.044034e+02 2.999034e+01 -2.999034e+01
     vertex  1.048091e+02 2.898090e+01 -2.898090e+01
     vertex  1.048091e+02 1.595002e+01 -3.776964e+01
   endloop
 endfacet
 facet normal  9.6054940089e-01 1.5550825552e-01 -2.3056892877e-01
   outer loop
     vertex  1.044034e+02 2.999034e+01 -2.999034e+01
     vertex  1.048091e+02 1.595002e+01 -3.776964e+01
     vertex  1.044034e+02 1.650558e+01 -3.908520e+01
   endloop
 endfacet
 facet normal  9.6045492954e-01 5.5158036512e-02 -2.7291742218e-01
   outer loop
     vertex  1.044034e+02 1.650558e+01 -3.908520e+01
     vertex  1.048091e+02 1.595002e+01 -3.776964e+01
     vertex  1.048091e+02 0.000000e+00 -4.099322e+01
   endloop
 endfacet
 facet normal  9.6045492954e-01 5.5158036512e-02 -2.7291742218e-01
   outer loop
     vertex  1.044034e+02 1.650558e+01 -3.908520e+01
     vertex  1.048091e+02 0.000000e+00 -4.099322e+01
     vertex  1.044034e+02 0.000000e+00 -4.242107e+01
   endloop
 endfacet
 facet normal  9.6045492954e-01 -5.5158036512e-02 -2.7291742218e-01
   outer loop
     vertex  1.044034e+02 0.000000e+00 -4.242107e+01
     vertex  1.048091e+02 0.000000e+00 -4.099322e+01
     vertex  1.044034e+02 -1.650558e+01 -3.908520e+01
   endloop
 endfacet
 facet normal  9.6045492954e-01 -5.5158036512e-02 -2.7291742218e-01
   outer loop
     vertex  1.048091e+02 0.000000e+00 -4.099322e+01
     vertex  1.048091e+02 -1.595002e+01 -3.776964e+01
     vertex  1.044034e+02 -1.650558e+01 -3.908520e+01
   endloop
 endfacet
 facet normal  9.6054940089e-01 -1.5550825552e-01 -2.3056892877e-01
   outer loop
     vertex  1.044034e+02 -1.650558e+01 -3.908520e+01
     vertex  1.048091e+02 -1.595002e+01 -3.776964e+01
     vertex  1.044034e+02 -2.999034e+01 -2.999034e+01
   endloop
 endfacet
 facet normal  9.6054940089e-01 -1.5550825552e-01 -2.3056892877e-01
   outer loop
     vertex  1.048091e+02 -1.595002e+01 -3.776964e+01
     vertex  1.048091e+02 -2.898090e+01 -2.898090e+01
     vertex  1.044034e+02 -2.999034e+01 -2.999034e+01
   endloop
 endfacet
 facet normal  9.6054940089e-01 -2.3056892877e-01 -1.5550825552e-01
   outer loop
     vertex  1.044034e+02 -2.999034e+01 -2.999034e+01
     vertex  1.048091e+02 -2.898090e+01 -2.898090e+01
     vertex  1.044034e+02 -3.908520e+01 -1.650558e+01
   endloop
 endfacet
 facet normal  9.6054940089e-01 -2.3056892877e-01 -1.5550825552e-01
   outer loop
     vertex  1.048091e+02 -2.898090e+01 -2.898090e+01
     vertex  1.048091e+02 -3.776964e+01 -1.595002e+01
     vertex  1.044034e+02 -3.908520e+01 -1.650558e+01
   endloop
 endfacet
 facet normal  9.6045492954e-01 -2.7291742218e-01 -5.5158036512e-02
   outer loop
     vertex  1.044034e+02 -3.908520e+01 -1.650558e+01
     vertex  1.048091e+02 -3.776964e+01 -1.595002e+01
     vertex  1.044034e+02 -4.242107e+01 0.000000e+00
   endloop
 endfacet
 facet normal  9.6045492954e-01 -2.7291742218e-01 -5.5158036512e-02
   outer loop
     vertex  1.048091e+02 -3.776964e+01 -1.595002e+01
     vertex  1.048091e+02 -4.099322e+01 0.000000e+00
     vertex  1.044034e+02 -4.242107e+01 0.000000e+00
   endloop
 endfacet
 facet normal  9.6045492954e-01 -2.7291742218e-01 5.5158036512e-02
   outer loop
     vertex  1.044034e+02 -4.242107e+01 0.000000e+00
     vertex  1.048091e+02 -4.099322e+01 0.000000e+00
     vertex  1.048091e+02 -3.776964e+01 1.595002e+01
   endloop
 endfacet
 facet normal  9.6045492954e-01 -2.7291742218e-01 5.5158036512e-02
   outer loop
     vertex  1.044034e+02 -4.242107e+01 0.000000e+00
     vertex  1.048091e+02 -3.776964e+01 1.595002e+01
     vertex  1.044034e+02 -3.908520e+01 1.650558e+01
   endloop
 endfacet
 facet normal  9.6054940089e-01 -2.3056892877e-01 1.5550825552e-01
   outer loop
     vertex  1.044034e+02 -3.908520e+01 1.650558e+01
     vertex  1.048091e+02 -3.776964e+01 1.595002e+01
     vertex  1.048091e+02 -2.898090e+01 2.898090e+01
   endloop
 endfacet
 facet normal  9.6054940089e-01 -2.3056892877e-01 1.5550825552e-01
   outer loop
     vertex  1.044034e+02 -3.908520e+01 1.650558e+01
     vertex  1.048091e+02 -2.898090e+01 2.898090e+01
     vertex  1.044034e+02 -2.999034e+01 2.999034e+01
   endloop
 endfacet
 facet normal  9.6054940089e-01 -1.5550825552e-01 2.3056892877e-01
   outer loop
     vertex  1.044034e+02 -2.999034e+01 2.999034e+01
     vertex  1.048091e+02 -2.898090e+01 2.898090e+01
     vertex  1.048091e+02 -1.595002e+01 3.776964e+01
   endloop
 endfacet
 facet normal  9.6054940089e-01 -1.5550825552e-01 2.3056892877e-01
   outer loop
     vertex  1.044034e+02 -2.999034e+01 2.999034e+01
     vertex  1.048091e+02 -1.595002e+01 3.776964e+01
     vertex  1.044034e+02 -1.650558e+01 3.908520e+01
   endloop
 endfacet
 facet normal  9.6045492954e-01 -5.5158036512e-02 2.7291742218e-01
   outer loop
     vertex  1.044034e+02 -1.650558e+01 3.908520e+01
     vertex  1.048091e+02 -1.595002e+01 3.776964e+01
     vertex  1.048091e+02 0.000000e+00 4.099322e+01
   endloop
 endfacet
 facet normal  9.6045492954e-01 -5.5158036512e-02 2.7291742218e-01
   outer loop
     vertex  1.044034e+02 -1.650558e+01 3.908520e+01
     vertex  1.048091e+02 0.000000e+00 4.099322e+01
     vertex  1.044034e+02 0.000000e+00 4.242107e+01
   endloop
 endfacet
 facet normal  9.6045492954e-01 5.5158036512e-02 2.7291742218e-01
   outer loop
     vertex  1.044034e+02 0.000000e+00 4.242107e+01
     vertex  1.048091e+02 0.000000e+00 4.099322e+01
     vertex  1.044034e+02 1.650558e+01 3.908520e+01
   endloop
 endfacet
 facet normal  9.6045492954e-01 5.5158036512e-02 2.7291742218e-01
   outer loop
     vertex  1.048091e+02 0.000000e+00 4.099322e+01
     vertex  1.048091e+02 1.595002e+01 3.776964e+01
     vertex  1.044034e+02 1.650558e+01 3.908520e+01
   endloop
 endfacet
 facet normal  9.6054940089e-01 1.5550825552e-01 2.3056892877e-01
   outer loop
     vertex  1.044034e+02 1.650558e+01 3.908520e+01
     vertex  1.048091e+02 1.595002e+01 3.776964e+01
     vertex  1.044034e+02 2.999034e+01 2.999034e+01
   endloop
 endfacet
 facet normal  9.6054940089e-01 1.5550825552e-01 2.3056892877e-01
   outer loop
     vertex  1.048091e+02 1.595002e+01 3.776964e+01
     vertex  1.048091e+02 2.898090e+01 2.898090e+01
     vertex  1.044034e+02 2.999034e+01 2.999034e+01
   endloop
 endfacet
 facet normal  9.6054940089e-01 2.3056892877e-01 1.5550825552e-01
   outer loop
     vertex  1.044034e+02 2.999034e+01 2.999034e+01
     vertex  1.048091e+02 2.898090e+01 2.898090e+01
     vertex  1.044034e+02 3.908520e+01 1.650558e+01
   endloop
 endfacet
 facet normal  9.6054940089e-01 2.3056892877e-01 1.5550825552e-01
   outer loop
     vertex  1.048091e+02 2.898090e+01 2.898090e+01
     vertex  1.048091e+02 3.776964e+01 1.595002e+01
     vertex  1.044034e+02 3.908520e+01 1.650558e+01
   endloop
 endfacet
 facet normal  9.6045492954e-01 2.7291742218e-01 5.5158036512e-02
   outer loop
     vertex  1.044034e+02 3.908520e+01 1.650558e+01
     vertex  1.048091e+02 3.776964e+01 1.595002e+01
     vertex  1.044034e+02 4.242107e+01 0.000000e+00
   endloop
 endfacet
 facet normal  9.6045492954e-01 2.7291742218e-01 5.5158036512e-02
   outer loop
     vertex  1.048091e+02 3.776964e+01 1.595002e+01
     vertex  1.048091e+02 4.099322e+01 0.000000e+00
     vertex  1.044034e+02 4.242107e+01 0.000000e+00
   endloop
 endfacet
 facet normal  9.0759164037e-01 4.1153330525e-01 -8.3173030492e-02
   outer loop
     vertex  1.048091e+02 4.099322e+01 0.000000e+00
     vertex  1.053516e+02 3.979691e+01 0.000000e+00
     vertex  1.053516e+02 3.666741e+01 -1.548455e+01
   endloop
 endfacet
 facet normal  9.0759164037e-01 4.1153330525e-01 -8.3173030492e-02
   outer loop
     vertex  1.048091e+02 4.099322e+01 0.000000e+00
     vertex  1.053516e+02 3.666741e+01 -1.548455e+01
     vertex  1.048091e+02 3.776964e+01 -1.595002e+01
   endloop
 endfacet
 facet normal  9.0779466219e-01 3.4771940814e-01 -2.3452092551e-01
   outer loop
     vertex  1.048091e+02 3.776964e+01 -1.595002e+01
     vertex  1.053516e+02 3.666741e+01 -1.548455e+01
     vertex  1.053516e+02 2.813515e+01 -2.813515e+01
   endloop
 endfacet
 facet normal  9.0779466219e-01 3.4771940814e-01 -2.3452092551e-01
   outer loop
     vertex  1.048091e+02 3.776964e+01 -1.595002e+01
     vertex  1.053516e+02 2.813515e+01 -2.813515e+01
     vertex  1.048091e+02 2.898090e+01 -2.898090e+01
   endloop
 endfacet
 facet normal  9.0779466219e-01 2.3452092551e-01 -3.4771940814e-01
   outer loop
     vertex  1.048091e+02 2.898090e+01 -2.898090e+01
     vertex  1.053516e+02 2.813515e+01 -2.813515e+01
     vertex  1.053516e+02 1.548455e+01 -3.666741e+01
   endloop
 endfacet
 facet normal  9.0779466219e-01 2.3452092551e-01 -3.4771940814e-01
   outer loop
     vertex  1.048091e+02 2.898090e+01 -2.898090e+01
     vertex  1.053516e+02 1.548455e+01 -3.666741e+01
     vertex  1.048091e+02 1.595002e+01 -3.776964e+01
   endloop
 endfacet
 facet normal  9.0759164037e-01 8.3173030492e-02 -4.1153330525e-01
   outer loop
     vertex  1.048091e+02 1.595002e+01 -3.776964e+01
     vertex  1.053516e+02 1.548455e+01 -3.666741e+01
     vertex  1.053516e+02 0.000000e+00 -3.979691e+01
   endloop
 endfacet
 facet normal  9.0759164037e-01 8.3173030492e-02 -4.1153330525e-01
   outer loop
     vertex  1.048091e+02 1.595002e+01 -3.776964e+01
     vertex  1.053516e+02 0.000000e+00 -3.979691e+01
     vertex  1.048091e+02 0.000000e+00 -4.099322e+01
   endloop
 endfacet
 facet normal  9.0759164037e-01 -8.3173030492e-02 -4.1153330525e-01
   outer loop
     vertex  1.048091e+02 0.000000e+00 -4.099322e+01
     vertex  1.053516e+02 0.000000e+00 -3.979691e+01
     vertex  1.048091e+02 -1.595002e+01 -3.776964e+01
   endloop
 endfacet
 facet normal  9.0759164037e-01 -8.3173030492e-02 -4.1153330525e-01
   outer loop
     vertex  1.053516e+02 0.000000e+00 -3.979691e+01
     vertex  1.053516e+02 -1.548455e+01 -3.666741e+01
     vertex  1.048091e+02 -1.595002e+01 -3.776964e+01
   endloop
 endfacet
 facet normal  9.0779466219e-01 -2.3452092551e-01 -3.4771940814e-01
   outer loop
     vertex  1.048091e+02 -1.595002e+01 -3.776964e+01
     vertex  1.053516e+02 -1.548455e+01 -3.666741e+01
     vertex  1.048091e+02 -2.898090e+01 -2.898090e+01
   endloop
 endfacet
 facet normal  9.0779466219e-01 -2.3452092551e-01 -3.4771940814e-01
   outer loop
     vertex  1.053516e+02 -1.548455e+01 -3.666741e+01
     vertex  1.053516e+02 -2.813515e+01 -2.813515e+01
     vertex  1.048091e+02 -2.898090e+01 -2.898090e+01
   endloop
 endfacet
 facet normal  9.0779466219e-01 -3.4771940814e-01 -2.3452092551e-01
   outer loop
     vertex  1.048091e+02 -2.898090e+01 -2.898090e+01
     vertex  1.053516e+02 -2.813515e+01 -2.813515e+01
     vertex  1.048091e+02 -3.776964e+01 -1.595002e+01
   endloop
 endfacet
 facet normal  9.0779466219e-01 -3.4771940814e-01 -2.3452092551e-01
   outer loop
     vertex  1.053516e+02 -2.813515e+01 -2.813515e+01
     vertex  1.053516e+02 -3.666741e+01 -1.548455e+01
     vertex  1.048091e+02 -3.776964e+01 -1.595002e+01
   endloop
 endfacet
 facet normal  9.0759164037e-01 -4.1153330525e-01 -8.3173030492e-02
   outer loop
     vertex  1.048091e+02 -3.776964e+01 -1.595002e+01
     vertex  1.053516e+02 -3.666741e+01 -1.548455e+01
     vertex  1.048091e+02 -4.099322e+01 0.000000e+00
   endloop
 endfacet
 facet normal  9.0759164037e-01 -4.1153330525e-01 -8.3173030492e-02
   outer loop
     vertex  1.053516e+02 -3.666741e+01 -1.548455e+01
     vertex  1.053516e+02 -3.979691e+01 0.000000e+00
     vertex  1.048091e+02 -4.099322e+01 0.000000e+00
   endloop
 endfacet
 facet normal  9.0759164037e-01 -4.1153330525e-01 8.3173030492e-02
   outer loop
     vertex  1.048091e+02 -4.099322e+01 0.000000e+00
     vertex  1.053516e+02 -3.979691e+01 0.000000e+00
     vertex  1.053516e+02 -3.666741e+01 1.548455e+01
   endloop
 endfacet
 facet normal  9.0759164037e-01 -4.1153330525e-01 8.3173030492e-02
   outer loop
     vertex  1.048091e+02 -4.099322e+01 0.000000e+00
     vertex  1.053516e+02 -3.666741e+01 1.548455e+01
     vertex  1.048091e+02 -3.776964e+01 1.595002e+01
   endloop
 endfacet
 facet normal  9.0779466219e-01 -3.4771940814e-01 2.3452092551e-01
   outer loop
     vertex  1.048091e+02 -3.776964e+01 1.595002e+01
     vertex  1.053516e+02 -3.666741e+01 1.548455e+01
     vertex  1.053516e+02 -2.813515e+01 2.813515e+01
   endloop
 endfacet
 facet normal  9.0779466219e-01 -3.4771940814e-01 2.3452092551e-01
   outer loop
     vertex  1.048091e+02 -3.776964e+01 1.595002e+01
     vertex  1.053516e+02 -2.813515e+01 2.813515e+01
     vertex  1.048091e+02 -2.898090e+01 2.898090e+01
   endloop
 endfacet
 facet normal  9.0779466219e-01 -2.3452092551e-01 3.4771940814e-01
   outer loop
     vertex  1.048091e+02 -2.898090e+01 2.898090e+01
     vertex  1.053516e+02 -2.813515e+01 2.813515e+01
     vertex  1.053516e+02 -1.548455e+01 3.666741e+01
   endloop
 endfacet
 facet normal  9.0779466219e-01 -2.3452092551e-01 3.4771940814e-01
   outer loop
     vertex  1.048091e+02 -2.898090e+01 2.898090e+01
     vertex  1.053516e+02 -1.548455e+01 3.666741e+01
     vertex  1.048091e+02 -1.595002e+01 3.776964e+01
   endloop
 endfacet
 facet normal  9.0759164037e-01 -8.3173030492e-02 4.1153330525e-01
   outer loop
     vertex  1.048091e+02 -1.595002e+01 3.776964e+01
     vertex  1.053516e+02 -1.548455e+01 3.666741e+01
     vertex  1.053516e+02 0.000000e+00 3.979691e+01
   endloop
 endfacet
 facet normal  9.0759164037e-01 -8.3173030492e-02 4.1153330525e-01
   outer loop
     vertex  1.048091e+02 -1.595002e+01 3.776964e+01
     vertex  1.053516e+02 0.000000e+00 3.979691e+01
     vertex  1.048091e+02 0.000000e+00 4.099322e+01
   endloop
 endfacet
 facet normal  9.0759164037e-01 8.3173030492e-02 4.1153330525e-01
   outer loop
     vertex  1.048091e+02 0.000000e+00 4.099322e+01
     vertex  1.053516e+02 0.000000e+00 3.979691e+01
     vertex  1.048091e+02 1.595002e+01 3.776964e+01
   endloop
 endfacet
 facet normal  9.0759164037e-01 8.3173030492e-02 4.1153330525e-01
   outer loop
     vertex  1.053516e+02 0.000000e+00 3.979691e+01
     vertex  1.053516e+02 1.548455e+01 3.666741e+01
     vertex  1.048091e+02 1.595002e+01 3.776964e+01
   endloop
 endfacet
 facet normal  9.0779466219e-01 2.3452092551e-01 3.4771940814e-01
   outer loop
     vertex  1.048091e+02 1.595002e+01 3.776964e+01
     vertex  1.053516e+02 1.548455e+01 3.666741e+01
     vertex  1.048091e+02 2.898090e+01 2.898090e+01
   endloop
 endfacet
 facet normal  9.0779466219e-01 2.3452092551e-01 3.4771940814e-01
   outer loop
     vertex  1.053516e+02 1.548455e+01 3.666741e+01
     vertex  1.053516e+02 2.813515e+01 2.813515e+01
     vertex  1.048091e+02 2.898090e+01 2.898090e+01
   endloop
 endfacet
 facet normal  9.0779466219e-01 3.4771940814e-01 2.3452092551e-01
   outer loop
     vertex  1.048091e+02 2.898090e+01 2.898090e+01
     vertex  1.053516e+02 2.813515e+01 2.813515e+01
     vertex  1.048091e+02 3.776964e+01 1.595002e+01
   endloop
 endfacet
 facet normal  9.0779466219e-01 3.4771940814e-01 2.3452092551e-01
   outer loop
     vertex  1.053516e+02 2.813515e+01 2.813515e+01
     vertex  1.053516e+02 3.666741e+01 1.548455e+01
     vertex  1.048091e+02 3.776964e+01 1.595002e+01
   endloop
 endfacet
 facet normal  9.0759164037e-01 4.1153330525e-01 8.3173030492e-02
   outer loop
     vertex  1.048091e+02 3.776964e+01 1.595002e+01
     vertex  1.053516e+02 3.666741e+01 1.548455e+01
     vertex  1.048091e+02 4.099322e+01 0.000000e+00
   endloop
 endfacet
 facet normal  9.0759164037e-01 4.1153330525e-01 8.3173030492e-02
   outer loop
     vertex  1.053516e+02 3.666741e+01 1.548455e+01
     vertex  1.053516e+02 3.979691e+01 0.000000e+00
     vertex  1.048091e+02 4.099322e+01 0.000000e+00
   endloop
 endfacet
 facet normal  4.8011529918e-01 8.5982079601e-01 -1.7377427385e-01
   outer loop
     vertex  1.053516e+02 3.979691e+01 0.000000e+00
     vertex  1.062500e+02 3.929524e+01 0.000000e+00
     vertex  1.062500e+02 3.620518e+01 -1.528935e+01
   endloop
 endfacet
 facet normal  4.8011529918e-01 8.5982079601e-01 -1.7377427385e-01
   outer loop
     vertex  1.053516e+02 3.979691e+01 0.000000e+00
     vertex  1.062500e+02 3.620518e+01 -1.528935e+01
     vertex  1.053516e+02 3.666741e+01 -1.548455e+01
   endloop
 endfacet
 facet normal  4.8058464661e-01 7.2704132621e-01 -4.9035630660e-01
   outer loop
     vertex  1.053516e+02 3.666741e+01 -1.548455e+01
     vertex  1.062500e+02 3.620518e+01 -1.528935e+01
     vertex  1.062500e+02 2.778048e+01 -2.778048e+01
   endloop
 endfacet
 facet normal  4.8058464661e-01 7.2704132621e-01 -4.9035630660e-01
   outer loop
     vertex  1.053516e+02 3.666741e+01 -1.548455e+01
     vertex  1.062500e+02 2.778048e+01 -2.778048e+01
     vertex  1.053516e+02 2.813515e+01 -2.813515e+01
   endloop
 endfacet
 facet normal  4.8058464661e-01 4.9035630660e-01 -7.2704132621e-01
   outer loop
     vertex  1.053516e+02 2.813515e+01 -2.813515e+01
     vertex  1.062500e+02 2.778048e+01 -2.778048e+01
     vertex  1.062500e+02 1.528935e+01 -3.620518e+01
   endloop
 endfacet
 facet normal  4.8058464661e-01 4.9035630660e-01 -7.2704132621e-01
   outer loop
     vertex  1.053516e+02 2.813515e+01 -2.813515e+01
     vertex  1.062500e+02 1.528935e+01 -3.620518e+01
     vertex  1.053516e+02 1.548455e+01 -3.666741e+01
   endloop
 endfacet
 facet normal  4.8011529918e-01 1.7377427385e-01 -8.5982079601e-01
   outer loop
     vertex  1.053516e+02 1.548455e+01 -3.666741e+01
     vertex  1.062500e+02 1.528935e+01 -3.620518e+01
     vertex  1.062500e+02 0.000000e+00 -3.929524e+01
   endloop
 endfacet
 facet normal  4.8011529918e-01 1.7377427385e-01 -8.5982079601e-01
   outer loop
     vertex  1.053516e+02 1.548455e+01 -3.666741e+01
     vertex  1.062500e+02 0.000000e+00 -3.929524e+01
     vertex  1.053516e+02 0.000000e+00 -3.979691e+01
   endloop
 endfacet
 facet normal  4.8011529918e-01 -1.7377427385e-01 -8.5982079601e-01
   outer loop
     vertex  1.053516e+02 0.000000e+00 -3.979691e+01
     vertex  1.062500e+02 0.000000e+00 -3.929524e+01
     vertex  1.053516e+02 -1.548455e+01 -3.666741e+01
   endloop
 endfacet
 facet normal  4.8011529918e-01 -1.7377427385e-01 -8.5982079601e-01
   outer loop
     vertex  1.062500e+02 0.000000e+00 -3.929524e+01
     vertex  1.062500e+02 -1.528935e+01 -3.620518e+01
     vertex  1.053516e+02 -1.548455e+01 -3.666741e+01
   endloop
 endfacet
 facet normal  4.8058464661e-01 -4.9035630660e-01 -7.2704132621e-01
   outer loop
     vertex  1.053516e+02 -1.548455e+01 -3.666741e+01
     vertex  1.062500e+02 -1.528935e+01 -3.620518e+01
     vertex  1.053516e+02 -2.813515e+01 -2.813515e+01
   endloop
 endfacet
 facet normal  4.8058464661e-01 -4.9035630660e-01 -7.2704132621e-01
   outer loop
     vertex  1.062500e+02 -1.528935e+01 -3.620518e+01
     vertex  1.062500e+02 -2.778048e+01 -2.778048e+01
     vertex  1.053516e+02 -2.813515e+01 -2.813515e+01
   endloop
 endfacet
 facet normal  4.8058464661e-01 -7.2704132621e-01 -4.9035630660e-01
   outer loop
     vertex  1.053516e+02 -2.813515e+01 -2.813515e+01
     vertex  1.062500e+02 -2.778048e+01 -2.778048e+01
     vertex  1.053516e+02 -3.666741e+01 -1.548455e+01
   endloop
 endfacet
 facet normal  4.8058464661e-01 -7.2704132621e-01 -4.9035630660e-01
   outer loop
     vertex  1.062500e+02 -2.778048e+01 -2.778048e+01
     vertex  1.062500e+02 -3.620518e+01 -1.528935e+01
     vertex  1.053516e+02 -3.666741e+01 -1.548455e+01
   endloop
 endfacet
 facet normal  4.8011529918e-01 -8.5982079601e-01 -1.7377427385e-01
   outer loop
     vertex  1.053516e+02 -3.666741e+01 -1.548455e+01
     vertex  1.062500e+02 -3.620518e+01 -1.528935e+01
     vertex  1.053516e+02 -3.979691e+01 0.000000e+00
   endloop
 endfacet
 facet normal  4.8011529918e-01 -8.5982079601e-01 -1.7377427385e-01
   outer loop
     vertex  1.062500e+02 -3.620518e+01 -1.528935e+01
     vertex  1.062500e+02 -3.929524e+01 0.000000e+00
     vertex  1.053516e+02 -3.979691e+01 0.000000e+00
   endloop
 endfacet
 facet normal  4.8011529918e-01 -8.5982079601e-01 1.7377427385e-01
   outer loop
     vertex  1.053516e+02 -3.979691e+01 0.000000e+00
     vertex  1.062500e+02 -3.929524e+01 0.000000e+00
     vertex  1.062500e+02 -3.620518e+01 1.528935e+01
   endloop
 endfacet
 facet normal  4.8011529918e-01 -8.5982079601e-01 1.7377427385e-01
   outer loop
     vertex  1.053516e+02 -3.979691e+01 0.000000e+00
     vertex  1.062500e+02 -3.620518e+01 1.528935e+01
     vertex  1.053516e+02 -3.666741e+01 1.548455e+01
   endloop
 endfacet
 facet normal  4.8058464661e-01 -7.2704132621e-01 4.9035630660e-01
   outer loop
     vertex  1.053516e+02 -3.666741e+01 1.548455e+01
     vertex  1.062500e+02 -3.620518e+01 1.528935e+01
     vertex  1.062500e+02 -2.778048e+01 2.778048e+01
   endloop
 endfacet
 facet normal  4.8058464661e-01 -7.2704132621e-01 4.9035630660e-01
   outer loop
     vertex  1.053516e+02 -3.666741e+01 1.548455e+01
     vertex  1.062500e+02 -2.778048e+01 2.778048e+01
     vertex  1.053516e+02 -2.813515e+01 2.813515e+01
   endloop
 endfacet
 facet normal  4.8058464661e-01 -4.9035630660e-01 7.2704132621e-01
   outer loop
     vertex  1.053516e+02 -2.813515e+01 2.813515e+01
     vertex  1.062500e+02 -2.778048e+01 2.778048e+01
     vertex  1.062500e+02 -1.528935e+01 3.620518e+01
   endloop
 endfacet
 facet normal  4.8058464661e-01 -4.9035630660e-01 7.2704132621e-01
   outer loop
     vertex  1.053516e+02 -2.813515e+01 2.813515e+01
     vertex  1.062500e+02 -1.528935e+01 3.620518e+01
     vertex  1.053516e+02 -1.548455e+01 3.666741e+01
   endloop
 endfacet
 facet normal  4.8011529918e-01 -1.7377427385e-01 8.5982079601e-01
   outer loop
     vertex  1.053516e+02 -1.548455e+01 3.666741e+01
     vertex  1.062500e+02 -1.528935e+01 3.620518e+01
     vertex  1.062500e+02 0.000000e+00 3.929524e+01
   endloop
 endfacet
 facet normal  4.8011529918e-01 -1.7377427385e-01 8.5982079601e-01
   outer loop
     vertex  1.053516e+02 -1.548455e+01 3.666741e+01
     vertex  1.062500e+02 0.000000e+00 3.929524e+01
     vertex  1.053516e+02 0.000000e+00 3.979691e+01
   endloop
 endfacet
 facet normal  4.8011529918e-01 1.7377427385e-01 8.5982079601e-01
   outer loop
     vertex  1.053516e+02 0.000000e+00 3.979691e+01
     vertex  1.062500e+02 0.000000e+00 3.929524e+01
     vertex  1.053516e+02 1.548455e+01 3.666741e+01
   endloop
 endfacet
 facet normal  4.8011529918e-01 1.7377427385e-01 8.5982079601e-01
   outer loop
     vertex  1.062500e+02 0.000000e+00 3.929524e+01
     vertex  1.062500e+02 1.528935e+01 3.620518e+01
     vertex  1.053516e+02 1.548455e+01 3.666741e+01
   endloop
 endfacet
 facet normal  4.8058464661e-01 4.9035630660e-01 7.2704132621e-01
   outer loop
     vertex  1.053516e+02 1.548455e+01 3.666741e+01
     vertex  1.062500e+02 1.528935e+01 3.620518e+01
     vertex  1.053516e+02 2.813515e+01 2.813515e+01
   endloop
 endfacet
 facet normal  4.8058464661e-01 4.9035630660e-01 7.2704132621e-01
   outer loop
     vertex  1.062500e+02 1.528935e+01 3.620518e+01
     vertex  1.062500e+02 2.778048e+01 2.778048e+01
     vertex  1.053516e+02 2.813515e+01 2.813515e+01
   endloop
 endfacet
 facet normal  4.8058464661e-01 7.2704132621e-01 4.9035630660e-01
   outer loop
     vertex  1.053516e+02 2.813515e+01 2.813515e+01
     vertex  1.062500e+02 2.778048e+01 2.778048e+01
     vertex  1.053516e+02 3.666741e+01 1.548455e+01
   endloop
 endfacet
 facet normal  4.8058464661e-01 7.2704132621e-01 4.9035630660e-01
   outer loop
     vertex  1.062500e+02 2.778048e+01 2.778048e+01
     vertex  1.062500e+02 3.620518e+01 1.528935e+01
     vertex  1.053516e+02 3.666741e+01 1.548455e+01
   endloop
 endfacet
 facet normal  4.8011529918e-01 8.5982079601e-01 1.7377427385e-01
   outer loop
     vertex  1.053516e+02 3.666741e+01 1.548455e+01
     vertex  1.062500e+02 3.620518e+01 1.528935e+01
     vertex  1.053516e+02 3.979691e+01 0.000000e+00
   endloop
 endfacet
 facet normal  4.8011529918e-01 8.5982079601e-01 1.7377427385e-01
   outer loop
     vertex  1.062500e+02 3.620518e+01 1.528935e+01
     vertex  1.062500e+02 3.929524e+01 0.000000e+00
     vertex  1.053516e+02 3.979691e+01 0.000000e+00
   endloop
 endfacet
 facet normal  3.9811557469e-01 8.9915536937e-01 -1.8172399657e-01
   outer loop
     vertex  1.062500e+02 3.929524e+01 0.000000e+00
     vertex  1.073830e+02 3.879356e+01 0.000000e+00
     vertex  1.073830e+02 3.574295e+01 -1.509415e+01
   endloop
 endfacet
 facet normal  3.9811557469e-01 8.9915536937e-01 -1.8172399657e-01
   outer loop
     vertex  1.062500e+02 3.929524e+01 0.000000e+00
     vertex  1.073830e+02 3.574295e+01 -1.509415e+01
     vertex  1.062500e+02 3.620518e+01 -1.528935e+01
   endloop
 endfacet
 facet normal  3.9854124297e-01 7.6037118545e-01 -5.1283578072e-01
   outer loop
     vertex  1.062500e+02 3.620518e+01 -1.528935e+01
     vertex  1.073830e+02 3.574295e+01 -1.509415e+01
     vertex  1.073830e+02 2.742581e+01 -2.742581e+01
   endloop
 endfacet
 facet normal  3.9854124297e-01 7.6037118545e-01 -5.1283578072e-01
   outer loop
     vertex  1.062500e+02 3.620518e+01 -1.528935e+01
     vertex  1.073830e+02 2.742581e+01 -2.742581e+01
     vertex  1.062500e+02 2.778048e+01 -2.778048e+01
   endloop
 endfacet
 facet normal  3.9854124297e-01 5.1283578072e-01 -7.6037118545e-01
   outer loop
     vertex  1.062500e+02 2.778048e+01 -2.778048e+01
     vertex  1.073830e+02 2.742581e+01 -2.742581e+01
     vertex  1.073830e+02 1.509415e+01 -3.574295e+01
   endloop
 endfacet
 facet normal  3.9854124297e-01 5.1283578072e-01 -7.6037118545e-01
   outer loop
     vertex  1.062500e+02 2.778048e+01 -2.778048e+01
     vertex  1.073830e+02 1.509415e+01 -3.574295e+01
     vertex  1.062500e+02 1.528935e+01 -3.620518e+01
   endloop
 endfacet
 facet normal  3.9811557469e-01 1.8172399657e-01 -8.9915536937e-01
   outer loop
     vertex  1.062500e+02 1.528935e+01 -3.620518e+01
     vertex  1.073830e+02 1.509415e+01 -3.574295e+01
     vertex  1.073830e+02 0.000000e+00 -3.879356e+01
   endloop
 endfacet
 facet normal  3.9811557469e-01 1.8172399657e-01 -8.9915536937e-01
   outer loop
     vertex  1.062500e+02 1.528935e+01 -3.620518e+01
     vertex  1.073830e+02 0.000000e+00 -3.879356e+01
     vertex  1.062500e+02 0.000000e+00 -3.929524e+01
   endloop
 endfacet
 facet normal  3.9811557469e-01 -1.8172399657e-01 -8.9915536937e-01
   outer loop
     vertex  1.062500e+02 0.000000e+00 -3.929524e+01
     vertex  1.073830e+02 0.000000e+00 -3.879356e+01
     vertex  1.062500e+02 -1.528935e+01 -3.620518e+01
   endloop
 endfacet
 facet normal  3.9811557469e-01 -1.8172399657e-01 -8.9915536937e-01
   outer loop
     vertex  1.073830e+02 0.000000e+00 -3.879356e+01
     vertex  1.073830e+02 -1.509415e+01 -3.574295e+01
     vertex  1.062500e+02 -1.528935e+01 -3.620518e+01
   endloop
 endfacet
 facet normal  3.9854124297e-01 -5.1283578072e-01 -7.6037118545e-01
   outer loop
     vertex  1.062500e+02 -1.528935e+01 -3.620518e+01
     vertex  1.073830e+02 -1.509415e+01 -3.574295e+01
     vertex  1.062500e+02 -2.778048e+01 -2.778048e+01
   endloop
 endfacet
 facet normal  3.9854124297e-01 -5.1283578072e-01 -7.6037118545e-01
   outer loop
     vertex  1.073830e+02 -1.509415e+01 -3.574295e+01
     vertex  1.073830e+02 -2.742581e+01 -2.742581e+01
     vertex  1.062500e+02 -2.778048e+01 -2.778048e+01
   endloop
 endfacet
 facet normal  3.9854124297e-01 -7.6037118545e-01 -5.1283578072e-01
   outer loop
     vertex  1.062500e+02 -2.778048e+01 -2.778048e+01
     vertex  1.073830e+02 -2.742581e+01 -2.742581e+01
     vertex  1.062500e+02 -3.620518e+01 -1.528935e+01
   endloop
 endfacet
 facet normal  3.9854124297e-01 -7.6037118545e-01 -5.1283578072e-01
   outer loop
     vertex  1.073830e+02 -2.742581e+01 -2.742581e+01
     vertex  1.073830e+02 -3.574295e+01 -1.509415e+01
     vertex  1.062500e+02 -3.620518e+01 -1.528935e+01
   endloop
 endfacet
 facet normal  3.9811557469e-01 -8.9915536937e-01 -1.8172399657e-01
   outer loop
     vertex  1.062500e+02 -3.620518e+01 -1.528935e+01
     vertex  1.073830e+02 -3.574295e+01 -1.509415e+01
     vertex  1.062500e+02 -3.929524e+01 0.000000e+00
   endloop
 endfacet
 facet normal  3.9811557469e-01 -8.9915536937e-01 -1.8172399657e-01
   outer loop
     vertex  1.073830e+02 -3.574295e+01 -1.509415e+01
     vertex  1.073830e+02 -3.879356e+01 0.000000e+00
     vertex  1.062500e+02 -3.929524e+01 0.000000e+00
   endloop
 endfacet
 facet normal  3.9811557469e-01 -8.9915536937e-01 1.8172399657e-01
   outer loop
     vertex  1.062500e+02 -3.929524e+01 0.000000e+00
     vertex  1.073830e+02 -3.879356e+01 0.000000e+00
     vertex  1.073830e+02 -3.574295e+01 1.509415e+01
   endloop
 endfacet
 facet normal  3.9811557469e-01 -8.9915536937e-01 1.8172399657e-01
   outer loop
     vertex  1.062500e+02 -3.929524e+01 0.000000e+00
     vertex  1.073830e+02 -3.574295e+01 1.509415e+01
     vertex  1.062500e+02 -3.620518e+01 1.528935e+01
   endloop
 endfacet
 facet normal  3.9854124297e-01 -7.6037118545e-01 5.1283578072e-01
   outer loop
     vertex  1.062500e+02 -3.620518e+01 1.528935e+01
     vertex  1.073830e+02 -3.574295e+01 1.509415e+01
     vertex  1.073830e+02 -2.742581e+01 2.742581e+01
   endloop
 endfacet
 facet normal  3.9854124297e-01 -7.6037118545e-01 5.1283578072e-01
   outer loop
     vertex  1.062500e+02 -3.620518e+01 1.528935e+01
     vertex  1.073830e+02 -2.742581e+01 2.742581e+01
     vertex  1.062500e+02 -2.778048e+01 2.778048e+01
   endloop
 endfacet
 facet normal  3.9854124297e-01 -5.1283578072e-01 7.6037118545e-01
   outer loop
     vertex  1.062500e+02 -2.778048e+01 2.778048e+01
     vertex  1.073830e+02 -2.742581e+01 2.742581e+01
     vertex  1.073830e+02 -1.509415e+01 3.574295e+01
   endloop
 endfacet
 facet normal  3.9854124297e-01 -5.1283578072e-01 7.6037118545e-01
   outer loop
     vertex  1.062500e+02 -2.778048e+01 2.778048e+01
     vertex  1.073830e+02 -1.509415e+01 3.574295e+01
     vertex  1.062500e+02 -1.528935e+01 3.620518e+01
   endloop
 endfacet
 facet normal  3.9811557469e-01 -1.8172399657e-01 8.9915536937e-01
   outer loop
     vertex  1.062500e+02 -1.528935e+01 3.620518e+01
     vertex  1.073830e+02 -1.509415e+01 3.574295e+01
     vertex  1.073830e+02 0.000000e+00 3.879356e+01
   endloop
 endfacet
 facet normal  3.9811557469e-01 -1.8172399657e-01 8.9915536937e-01
   outer loop
     vertex  1.062500e+02 -1.528935e+01 3.620518e+01
     vertex  1.073830e+02 0.000000e+00 3.879356e+01
     vertex  1.062500e+02 0.000000e+00 3.929524e+01
   endloop
 endfacet
 facet normal  3.9811557469e-01 1.8172399657e-01 8.9915536937e-01
   outer loop
     vertex  1.062500e+02 0.000000e+00 3.929524e+01
     vertex  1.073830e+02 0.000000e+00 3.879356e+01
     vertex  1.062500e+02 1.528935e+01 3.620518e+01
   endloop
 endfacet
 facet normal  3.9811557469e-01 1.8172399657e-01 8.9915536937e-01
   outer loop
     vertex  1.073830e+02 0.000000e+00 3.879356e+01
     vertex  1.073830e+02 1.509415e+01 3.574295e+01
     vertex  1.062500e+02 1.528935e+01 3.620518e+01
   endloop
 endfacet
 facet normal  3.9854124297e-01 5.1283578072e-01 7.6037118545e-01
   outer loop
     vertex  1.062500e+02 1.528935e+01 3.620518e+01
     vertex  1.073830e+02 1.509415e+01 3.574295e+01
     vertex  1.062500e+02 2.778048e+01 2.778048e+01
   endloop
 endfacet
 facet normal  3.9854124297e-01 5.1283578072e-01 7.6037118545e-01
   outer loop
     vertex  1.073830e+02 1.509415e+01 3.574295e+01
     vertex  1.073830e+02 2.742581e+01 2.742581e+01
     vertex  1.062500e+02 2.778048e+01 2.778048e+01
   endloop
 endfacet
 facet normal  3.9854124297e-01 7.6037118545e-01 5.1283578072e-01
   outer loop
     vertex  1.062500e+02 2.778048e+01 2.778048e+01
     vertex  1.073830e+02 2.742581e+01 2.742581e+01
     vertex  1.062500e+02 3.620518e+01 1.528935e+01
   endloop
 endfacet
 facet normal  3.9854124297e-01 7.6037118545e-01 5.1283578072e-01
   outer loop
     vertex  1.073830e+02 2.742581e+01 2.742581e+01
     vertex  1.073830e+02 3.574295e+01 1.509415e+01
     vertex  1.062500e+02 3.620518e+01 1.528935e+01
   endloop
 endfacet
 facet normal  3.9811557469e-01 8.9915536937e-01 1.8172399657e-01
   outer loop
     vertex  1.062500e+02 3.620518e+01 1.528935e+01
     vertex  1.073830e+02 3.574295e+01 1.509415e+01
     vertex  1.062500e+02 3.929524e+01 0.000000e+00
   endloop
 endfacet
 facet normal  3.9811557469e-01 8.9915536937e-01 1.8172399657e-01
   outer loop
     vertex  1.073830e+02 3.574295e+01 1.509415e+01
     vertex  1.073830e+02 3.879356e+01 0.000000e+00
     vertex  1.062500e+02 3.929524e+01 0.000000e+00
   endloop
 endfacet
 facet normal  7.1801791667e-01 6.8223069326e-01 -1.3788238650e-01
   outer loop
     vertex  1.073830e+02 3.879356e+01 0.000000e+00
     vertex  1.085197e+02 3.759726e+01 0.000000e+00
     vertex  1.085197e+02 3.464072e+01 -1.462868e+01
   endloop
 endfacet
 facet normal  7.1801791667e-01 6.8223069326e-01 -1.3788238650e-01
   outer loop
     vertex  1.073830e+02 3.879356e+01 0.000000e+00
     vertex  1.085197e+02 3.464072e+01 -1.462868e+01
     vertex  1.073830e+02 3.574295e+01 -1.509415e+01
   endloop
 endfacet
 facet normal  7.1845958362e-01 5.7666702851e-01 -3.8893568225e-01
   outer loop
     vertex  1.073830e+02 3.574295e+01 -1.509415e+01
     vertex  1.085197e+02 3.464072e+01 -1.462868e+01
     vertex  1.085197e+02 2.658006e+01 -2.658006e+01
   endloop
 endfacet
 facet normal  7.1845958362e-01 5.7666702851e-01 -3.8893568225e-01
   outer loop
     vertex  1.073830e+02 3.574295e+01 -1.509415e+01
     vertex  1.085197e+02 2.658006e+01 -2.658006e+01
     vertex  1.073830e+02 2.742581e+01 -2.742581e+01
   endloop
 endfacet
 facet normal  7.1845958362e-01 3.8893568225e-01 -5.7666702851e-01
   outer loop
     vertex  1.073830e+02 2.742581e+01 -2.742581e+01
     vertex  1.085197e+02 2.658006e+01 -2.658006e+01
     vertex  1.085197e+02 1.462868e+01 -3.464072e+01
   endloop
 endfacet
 facet normal  7.1845958362e-01 3.8893568225e-01 -5.7666702851e-01
   outer loop
     vertex  1.073830e+02 2.742581e+01 -2.742581e+01
     vertex  1.085197e+02 1.462868e+01 -3.464072e+01
     vertex  1.073830e+02 1.509415e+01 -3.574295e+01
   endloop
 endfacet
 facet normal  7.1801791667e-01 1.3788238650e-01 -6.8223069326e-01
   outer loop
     vertex  1.073830e+02 1.509415e+01 -3.574295e+01
     vertex  1.085197e+02 1.462868e+01 -3.464072e+01
     vertex  1.085197e+02 0.000000e+00 -3.759726e+01
   endloop
 endfacet
 facet normal  7.1801791667e-01 1.3788238650e-01 -6.8223069326e-01
   outer loop
     vertex  1.073830e+02 1.509415e+01 -3.574295e+01
     vertex  1.085197e+02 0.000000e+00 -3.759726e+01
     vertex  1.073830e+02 0.000000e+00 -3.879356e+01
   endloop
 endfacet
 facet normal  7.1801791667e-01 -1.3788238650e-01 -6.8223069326e-01
   outer loop
     vertex  1.073830e+02 0.000000e+00 -3.879356e+01
     vertex  1.085197e+02 0.000000e+00 -3.759726e+01
     vertex  1.073830e+02 -1.509415e+01 -3.574295e+01
   endloop
 endfacet
 facet normal  7.1801791667e-01 -1.3788238650e-01 -6.8223069326e-01
   outer loop
     vertex  1.085197e+02 0.000000e+00 -3.759726e+01
     vertex  1.085197e+02 -1.462868e+01 -3.464072e+01
     vertex  1.073830e+02 -1.509415e+01 -3.574295e+01
   endloop
 endfacet
 facet normal  7.1845958362e-01 -3.8893568225e-01 -5.7666702851e-01
   outer loop
     vertex  1.073830e+02 -1.509415e+01 -3.574295e+01
     vertex  1.085197e+02 -1.462868e+01 -3.464072e+01
     vertex  1.073830e+02 -2.742581e+01 -2.742581e+01
   endloop
 endfacet
 facet normal  7.1845958362e-01 -3.8893568225e-01 -5.7666702851e-01
   outer loop
     vertex  1.085197e+02 -1.462868e+01 -3.464072e+01
     vertex  1.085197e+02 -2.658006e+01 -2.658006e+01
     vertex  1.073830e+02 -2.742581e+01 -2.742581e+01
   endloop
 endfacet
 facet normal  7.1845958362e-01 -5.7666702851e-01 -3.8893568225e-01
   outer loop
     vertex  1.073830e+02 -2.742581e+01 -2.742581e+01
     vertex  1.085197e+02 -2.658006e+01 -2.658006e+01
     vertex  1.073830e+02 -3.574295e+01 -1.509415e+01
   endloop
 endfacet
 facet normal  7.1845958362e-01 -5.7666702851e-01 -3.8893568225e-01
   outer loop
     vertex  1.085197e+02 -2.658006e+01 -2.658006e+01
     vertex  1.085197e+02 -3.464072e+01 -1.462868e+01
     vertex  1.073830e+02 -3.574295e+01 -1.509415e+01
   endloop
 endfacet
 facet normal  7.1801791667e-01 -6.8223069326e-01 -1.3788238650e-01
   outer loop
     vertex  1.073830e+02 -3.574295e+01 -1.509415e+01
     vertex  1.085197e+02 -3.464072e+01 -1.462868e+01
     vertex  1.073830e+02 -3.879356e+01 0.000000e+00
   endloop
 endfacet
 facet normal  7.1801791667e-01 -6.8223069326e-01 -1.3788238650e-01
   outer loop
     vertex  1.085197e+02 -3.464072e+01 -1.462868e+01
     vertex  1.085197e+02 -3.759726e+01 0.000000e+00
     vertex  1.073830e+02 -3.879356e+01 0.000000e+00
   endloop
 endfacet
 facet normal  7.1801791667e-01 -6.8223069326e-01 1.3788238650e-01
   outer loop
     vertex  1.073830e+02 -3.879356e+01 0.000000e+00
     vertex  1.085197e+02 -3.759726e+01 0.000000e+00
     vertex  1.085197e+02 -3.464072e+01 1.462868e+01
   endloop
 endfacet
 facet normal  7.1801791667e-01 -6.8223069326e-01 1.3788238650e-01
   outer loop
     vertex  1.073830e+02 -3.879356e+01 0.000000e+00
     vertex  1.085197e+02 -3.464072e+01 1.462868e+01
     vertex  1.073830e+02 -3.574295e+01 1.509415e+01
   endloop
 endfacet
 facet normal  7.1845958362e-01 -5.7666702851e-01 3.8893568225e-01
   outer loop
     vertex  1.073830e+02 -3.574295e+01 1.509415e+01
     vertex  1.085197e+02 -3.464072e+01 1.462868e+01
     vertex  1.085197e+02 -2.658006e+01 2.658006e+01
   endloop
 endfacet
 facet normal  7.1845958362e-01 -5.7666702851e-01 3.8893568225e-01
   outer loop
     vertex  1.073830e+02 -3.574295e+01 1.509415e+01
     vertex  1.085197e+02 -2.658006e+01 2.658006e+01
     vertex  1.073830e+02 -2.742581e+01 2.742581e+01
   endloop
 endfacet
 facet normal  7.1845958362e-01 -3.8893568225e-01 5.7666702851e-01
   outer loop
     vertex  1.073830e+02 -2.742581e+01 2.742581e+01
     vertex  1.085197e+02 -2.658006e+01 2.658006e+01
     vertex  1.085197e+02 -1.462868e+01 3.464072e+01
   endloop
 endfacet
 facet normal  7.1845958362e-01 -3.8893568225e-01 5.7666702851e-01
   outer loop
     vertex  1.073830e+02 -2.742581e+01 2.742581e+01
     vertex  1.085197e+02 -1.462868e+01 3.464072e+01
     vertex  1.073830e+02 -1.509415e+01 3.574295e+01
   endloop
 endfacet
 facet normal  7.1801791667e-01 -1.3788238650e-01 6.8223069326e-01
   outer loop
     vertex  1.073830e+02 -1.509415e+01 3.574295e+01
     vertex  1.085197e+02 -1.462868e+01 3.464072e+01
     vertex  1.085197e+02 0.000000e+00 3.759726e+01
   endloop
 endfacet
 facet normal  7.1801791667e-01 -1.3788238650e-01 6.8223069326e-01
   outer loop
     vertex  1.073830e+02 -1.509415e+01 3.574295e+01
     vertex  1.085197e+02 0.000000e+00 3.759726e+01
     vertex  1.073830e+02 0.000000e+00 3.879356e+01
   endloop
 endfacet
 facet normal  7.1801791667e-01 1.3788238650e-01 6.8223069326e-01
   outer loop
     vertex  1.073830e+02 0.000000e+00 3.879356e+01
     vertex  1.085197e+02 0.000000e+00 3.759726e+01
     vertex  1.073830e+02 1.509415e+01 3.574295e+01
   endloop
 endfacet
 facet normal  7.1801791667e-01 1.3788238650e-01 6.8223069326e-01
   outer loop
     vertex  1.085197e+02 0.000000e+00 3.759726e+01
     vertex  1.085197e+02 1.462868e+01 3.464072e+01
     vertex  1.073830e+02 1.509415e+01 3.574295e+01
   endloop
 endfacet
 facet normal  7.1845958362e-01 3.8893568225e-01 5.7666702851e-01
   outer loop
     vertex  1.073830e+02 1.509415e+01 3.574295e+01
     vertex  1.085197e+02 1.462868e+01 3.464072e+01
     vertex  1.073830e+02 2.742581e+01 2.742581e+01
   endloop
 endfacet
 facet normal  7.1845958362e-01 3.8893568225e-01 5.7666702851e-01
   outer loop
     vertex  1.085197e+02 1.462868e+01 3.464072e+01
     vertex  1.085197e+02 2.658006e+01 2.658006e+01
     vertex  1.073830e+02 2.742581e+01 2.742581e+01
   endloop
 endfacet
 facet normal  7.1845958362e-01 5.7666702851e-01 3.8893568225e-01
   outer loop
     vertex  1.073830e+02 2.742581e+01 2.742581e+01
     vertex  1.085197e+02 2.658006e+01 2.658006e+01
     vertex  1.073830e+02 3.574295e+01 1.509415e+01
   endloop
 endfacet
 facet normal  7.1845958362e-01 5.7666702851e-01 3.8893568225e-01
   outer loop
     vertex  1.085197e+02 2.658006e+01 2.658006e+01
     vertex  1.085197e+02 3.464072e+01 1.462868e+01
     vertex  1.073830e+02 3.574295e+01 1.509415e+01
   endloop
 endfacet
 facet normal  7.1801791667e-01 6.8223069326e-01 1.3788238650e-01
   outer loop
     vertex  1.073830e+02 3.574295e+01 1.509415e+01
     vertex  1.085197e+02 3.464072e+01 1.462868e+01
     vertex  1.073830e+02 3.879356e+01 0.000000e+00
   endloop
 endfacet
 facet normal  7.1801791667e-01 6.8223069326e-01 1.3788238650e-01
   outer loop
     vertex  1.085197e+02 3.464072e+01 1.462868e+01
     vertex  1.085197e+02 3.759726e+01 0.000000e+00
     vertex  1.073830e+02 3.879356e+01 0.000000e+00
   endloop
 endfacet
 facet normal  7.6045291007e-01 6.3652330416e-01 -1.2864468443e-01
   outer loop
     vertex  1.085197e+02 3.759726e+01 0.000000e+00
     vertex  1.097149e+02 3.616941e+01 0.000000e+00
     vertex  1.097149e+02 3.332516e+01 -1.407312e+01
   endloop
 endfacet
 facet normal  7.6045291007e-01 6.3652330416e-01 -1.2864468443e-01
   outer loop
     vertex  1.085197e+02 3.759726e+01 0.000000e+00
     vertex  1.097149e+02 3.332516e+01 -1.407312e+01
     vertex  1.085197e+02 3.464072e+01 -1.462868e+01
   endloop
 endfacet
 facet normal  7.6086005231e-01 5.3798921667e-01 -3.6284925734e-01
   outer loop
     vertex  1.085197e+02 3.464072e+01 -1.462868e+01
     vertex  1.097149e+02 3.332516e+01 -1.407312e+01
     vertex  1.097149e+02 2.557062e+01 -2.557062e+01
   endloop
 endfacet
 facet normal  7.6086005231e-01 5.3798921667e-01 -3.6284925734e-01
   outer loop
     vertex  1.085197e+02 3.464072e+01 -1.462868e+01
     vertex  1.097149e+02 2.557062e+01 -2.557062e+01
     vertex  1.085197e+02 2.658006e+01 -2.658006e+01
   endloop
 endfacet
 facet normal  7.6086005231e-01 3.6284925734e-01 -5.3798921667e-01
   outer loop
     vertex  1.085197e+02 2.658006e+01 -2.658006e+01
     vertex  1.097149e+02 2.557062e+01 -2.557062e+01
     vertex  1.097149e+02 1.407312e+01 -3.332516e+01
   endloop
 endfacet
 facet normal  7.6086005231e-01 3.6284925734e-01 -5.3798921667e-01
   outer loop
     vertex  1.085197e+02 2.658006e+01 -2.658006e+01
     vertex  1.097149e+02 1.407312e+01 -3.332516e+01
     vertex  1.085197e+02 1.462868e+01 -3.464072e+01
   endloop
 endfacet
 facet normal  7.6045291007e-01 1.2864468443e-01 -6.3652330416e-01
   outer loop
     vertex  1.085197e+02 1.462868e+01 -3.464072e+01
     vertex  1.097149e+02 1.407312e+01 -3.332516e+01
     vertex  1.097149e+02 0.000000e+00 -3.616941e+01
   endloop
 endfacet
 facet normal  7.6045291007e-01 1.2864468443e-01 -6.3652330416e-01
   outer loop
     vertex  1.085197e+02 1.462868e+01 -3.464072e+01
     vertex  1.097149e+02 0.000000e+00 -3.616941e+01
     vertex  1.085197e+02 0.000000e+00 -3.759726e+01
   endloop
 endfacet
 facet normal  7.6045291007e-01 -1.2864468443e-01 -6.3652330416e-01
   outer loop
     vertex  1.085197e+02 0.000000e+00 -3.759726e+01
     vertex  1.097149e+02 0.000000e+00 -3.616941e+01
     vertex  1.085197e+02 -1.462868e+01 -3.464072e+01
   endloop
 endfacet
 facet normal  7.6045291007e-01 -1.2864468443e-01 -6.3652330416e-01
   outer loop
     vertex  1.097149e+02 0.000000e+00 -3.616941e+01
     vertex  1.097149e+02 -1.407312e+01 -3.332516e+01
     vertex  1.085197e+02 -1.462868e+01 -3.464072e+01
   endloop
 endfacet
 facet normal  7.6086005231e-01 -3.6284925734e-01 -5.3798921667e-01
   outer loop
     vertex  1.085197e+02 -1.462868e+01 -3.464072e+01
     vertex  1.097149e+02 -1.407312e+01 -3.332516e+01
     vertex  1.085197e+02 -2.658006e+01 -2.658006e+01
   endloop
 endfacet
 facet normal  7.6086005231e-01 -3.6284925734e-01 -5.3798921667e-01
   outer loop
     vertex  1.097149e+02 -1.407312e+01 -3.332516e+01
     vertex  1.097149e+02 -2.557062e+01 -2.557062e+01
     vertex  1.085197e+02 -2.658006e+01 -2.658006e+01
   endloop
 endfacet
 facet normal  7.6086005231e-01 -5.3798921667e-01 -3.6284925734e-01
   outer loop
     vertex  1.085197e+02 -2.658006e+01 -2.658006e+01
     vertex  1.097149e+02 -2.557062e+01 -2.557062e+01
     vertex  1.085197e+02 -3.464072e+01 -1.462868e+01
   endloop
 endfacet
 facet normal  7.6086005231e-01 -5.3798921667e-01 -3.6284925734e-01
   outer loop
     vertex  1.097149e+02 -2.557062e+01 -2.557062e+01
     vertex  1.097149e+02 -3.332516e+01 -1.407312e+01
     vertex  1.085197e+02 -3.464072e+01 -1.462868e+01
   endloop
 endfacet
 facet normal  7.6045291007e-01 -6.3652330416e-01 -1.2864468443e-01
   outer loop
     vertex  1.085197e+02 -3.464072e+01 -1.462868e+01
     vertex  1.097149e+02 -3.332516e+01 -1.407312e+01
     vertex  1.085197e+02 -3.759726e+01 0.000000e+00
   endloop
 endfacet
 facet normal  7.6045291007e-01 -6.3652330416e-01 -1.2864468443e-01
   outer loop
     vertex  1.097149e+02 -3.332516e+01 -1.407312e+01
     vertex  1.097149e+02 -3.616941e+01 0.000000e+00
     vertex  1.085197e+02 -3.759726e+01 0.000000e+00
   endloop
 endfacet
 facet normal  7.6045291007e-01 -6.3652330416e-01 1.2864468443e-01
   outer loop
     vertex  1.085197e+02 -3.759726e+01 0.000000e+00
     vertex  1.097149e+02 -3.616941e+01 0.000000e+00
     vertex  1.097149e+02 -3.332516e+01 1.407312e+01
   endloop
 endfacet
 facet normal  7.6045291007e-01 -6.3652330416e-01 1.2864468443e-01
   outer loop
     vertex  1.085197e+02 -3.759726e+01 0.000000e+00
     vertex  1.097149e+02 -3.332516e+01 1.407312e+01
     vertex  1.085197e+02 -3.464072e+01 1.462868e+01
   endloop
 endfacet
 facet normal  7.6086005231e-01 -5.3798921667e-01 3.6284925734e-01
   outer loop
     vertex  1.085197e+02 -3.464072e+01 1.462868e+01
     vertex  1.097149e+02 -3.332516e+01 1.407312e+01
     vertex  1.097149e+02 -2.557062e+01 2.557062e+01
   endloop
 endfacet
 facet normal  7.6086005231e-01 -5.3798921667e-01 3.6284925734e-01
   outer loop
     vertex  1.085197e+02 -3.464072e+01 1.462868e+01
     vertex  1.097149e+02 -2.557062e+01 2.557062e+01
     vertex  1.085197e+02 -2.658006e+01 2.658006e+01
   endloop
 endfacet
 facet normal  7.6086005231e-01 -3.6284925734e-01 5.3798921667e-01
   outer loop
     vertex  1.085197e+02 -2.658006e+01 2.658006e+01
     vertex  1.097149e+02 -2.557062e+01 2.557062e+01
     vertex  1.097149e+02 -1.407312e+01 3.332516e+01
   endloop
 endfacet
 facet normal  7.6086005231e-01 -3.6284925734e-01 5.3798921667e-01
   outer loop
     vertex  1.085197e+02 -2.658006e+01 2.658006e+01
     vertex  1.097149e+02 -1.407312e+01 3.332516e+01
     vertex  1.085197e+02 -1.462868e+01 3.464072e+01
   endloop
 endfacet
 facet normal  7.6045291007e-01 -1.2864468443e-01 6.3652330416e-01
   outer loop
     vertex  1.085197e+02 -1.462868e+01 3.464072e+01
     vertex  1.097149e+02 -1.407312e+01 3.332516e+01
     vertex  1.097149e+02 0.000000e+00 3.616941e+01
   endloop
 endfacet
 facet normal  7.6045291007e-01 -1.2864468443e-01 6.3652330416e-01
   outer loop
     vertex  1.085197e+02 -1.462868e+01 3.464072e+01
     vertex  1.097149e+02 0.000000e+00 3.616941e+01
     vertex  1.085197e+02 0.000000e+00 3.759726e+01
   endloop
 endfacet
 facet normal  7.6045291007e-01 1.2864468443e-01 6.3652330416e-01
   outer loop
     vertex  1.085197e+02 0.000000e+00 3.759726e+01
     vertex  1.097149e+02 0.000000e+00 3.616941e+01
     vertex  1.085197e+02 1.462868e+01 3.464072e+01
   endloop
 endfacet
 facet normal  7.6045291007e-01 1.2864468443e-01 6.3652330416e-01
   outer loop
     vertex  1.097149e+02 0.000000e+00 3.616941e+01
     vertex  1.097149e+02 1.407312e+01 3.332516e+01
     vertex  1.085197e+02 1.462868e+01 3.464072e+01
   endloop
 endfacet
 facet normal  7.6086005231e-01 3.6284925734e-01 5.3798921667e-01
   outer loop
     vertex  1.085197e+02 1.462868e+01 3.464072e+01
     vertex  1.097149e+02 1.407312e+01 3.332516e+01
     vertex  1.085197e+02 2.658006e+01 2.658006e+01
   endloop
 endfacet
 facet normal  7.6086005231e-01 3.6284925734e-01 5.3798921667e-01
   outer loop
     vertex  1.097149e+02 1.407312e+01 3.332516e+01
     vertex  1.097149e+02 2.557062e+01 2.557062e+01
     vertex  1.085197e+02 2.658006e+01 2.658006e+01
   endloop
 endfacet
 facet normal  7.6086005231e-01 5.3798921667e-01 3.6284925734e-01
   outer loop
     vertex  1.085197e+02 2.658006e+01 2.658006e+01
     vertex  1.097149e+02 2.557062e+01 2.557062e+01
     vertex  1.085197e+02 3.464072e+01 1.462868e+01
   endloop
 endfacet
 facet normal  7.6086005231e-01 5.3798921667e-01 3.6284925734e-01
   outer loop
     vertex  1.097149e+02 2.557062e+01 2.557062e+01
     vertex  1.097149e+02 3.332516e+01 1.407312e+01
     vertex  1.085197e+02 3.464072e+01 1.462868e+01
   endloop
 endfacet
 facet normal  7.6045291007e-01 6.3652330416e-01 1.2864468443e-01
   outer loop
     vertex  1.085197e+02 3.464072e+01 1.462868e+01
     vertex  1.097149e+02 3.332516e+01 1.407312e+01
     vertex  1.085197e+02 3.759726e+01 0.000000e+00
   endloop
 endfacet
 facet normal  7.6045291007e-01 6.3652330416e-01 1.2864468443e-01
   outer loop
     vertex  1.097149e+02 3.332516e+01 1.407312e+01
     vertex  1.097149e+02 3.616941e+01 0.000000e+00
     vertex  1.085197e+02 3.759726e+01 0.000000e+00
   endloop
 endfacet
 facet normal  6.6738113840e-01 7.2995742603e-01 -1.4752820848e-01
   outer loop
     vertex  1.097149e+02 3.616941e+01 0.000000e+00
     vertex  1.110234e+02 3.497310e+01 0.000000e+00
     vertex  1.110234e+02 3.222293e+01 -1.360766e+01
   endloop
 endfacet
 facet normal  6.6738113840e-01 7.2995742603e-01 -1.4752820848e-01
   outer loop
     vertex  1.097149e+02 3.616941e+01 0.000000e+00
     vertex  1.110234e+02 3.222293e+01 -1.360766e+01
     vertex  1.097149e+02 3.332516e+01 -1.407312e+01
   endloop
 endfacet
 facet normal  6.6785116685e-01 6.1706384009e-01 -4.1618149430e-01
   outer loop
     vertex  1.097149e+02 3.332516e+01 -1.407312e+01
     vertex  1.110234e+02 3.222293e+01 -1.360766e+01
     vertex  1.110234e+02 2.472487e+01 -2.472487e+01
   endloop
 endfacet
 facet normal  6.6785116685e-01 6.1706384009e-01 -4.1618149430e-01
   outer loop
     vertex  1.097149e+02 3.332516e+01 -1.407312e+01
     vertex  1.110234e+02 2.472487e+01 -2.472487e+01
     vertex  1.097149e+02 2.557062e+01 -2.557062e+01
   endloop
 endfacet
 facet normal  6.6785116685e-01 4.1618149430e-01 -6.1706384009e-01
   outer loop
     vertex  1.097149e+02 2.557062e+01 -2.557062e+01
     vertex  1.110234e+02 2.472487e+01 -2.472487e+01
     vertex  1.110234e+02 1.360766e+01 -3.222293e+01
   endloop
 endfacet
 facet normal  6.6785116685e-01 4.1618149430e-01 -6.1706384009e-01
   outer loop
     vertex  1.097149e+02 2.557062e+01 -2.557062e+01
     vertex  1.110234e+02 1.360766e+01 -3.222293e+01
     vertex  1.097149e+02 1.407312e+01 -3.332516e+01
   endloop
 endfacet
 facet normal  6.6738113840e-01 1.4752820848e-01 -7.2995742603e-01
   outer loop
     vertex  1.097149e+02 1.407312e+01 -3.332516e+01
     vertex  1.110234e+02 1.360766e+01 -3.222293e+01
     vertex  1.110234e+02 0.000000e+00 -3.497310e+01
   endloop
 endfacet
 facet normal  6.6738113840e-01 1.4752820848e-01 -7.2995742603e-01
   outer loop
     vertex  1.097149e+02 1.407312e+01 -3.332516e+01
     vertex  1.110234e+02 0.000000e+00 -3.497310e+01
     vertex  1.097149e+02 0.000000e+00 -3.616941e+01
   endloop
 endfacet
 facet normal  6.6738113840e-01 -1.4752820848e-01 -7.2995742603e-01
   outer loop
     vertex  1.097149e+02 0.000000e+00 -3.616941e+01
     vertex  1.110234e+02 0.000000e+00 -3.497310e+01
     vertex  1.097149e+02 -1.407312e+01 -3.332516e+01
   endloop
 endfacet
 facet normal  6.6738113840e-01 -1.4752820848e-01 -7.2995742603e-01
   outer loop
     vertex  1.110234e+02 0.000000e+00 -3.497310e+01
     vertex  1.110234e+02 -1.360766e+01 -3.222293e+01
     vertex  1.097149e+02 -1.407312e+01 -3.332516e+01
   endloop
 endfacet
 facet normal  6.6785116685e-01 -4.1618149430e-01 -6.1706384009e-01
   outer loop
     vertex  1.097149e+02 -1.407312e+01 -3.332516e+01
     vertex  1.110234e+02 -1.360766e+01 -3.222293e+01
     vertex  1.097149e+02 -2.557062e+01 -2.557062e+01
   endloop
 endfacet
 facet normal  6.6785116685e-01 -4.1618149430e-01 -6.1706384009e-01
   outer loop
     vertex  1.110234e+02 -1.360766e+01 -3.222293e+01
     vertex  1.110234e+02 -2.472487e+01 -2.472487e+01
     vertex  1.097149e+02 -2.557062e+01 -2.557062e+01
   endloop
 endfacet
 facet normal  6.6785116685e-01 -6.1706384009e-01 -4.1618149430e-01
   outer loop
     vertex  1.097149e+02 -2.557062e+01 -2.557062e+01
     vertex  1.110234e+02 -2.472487e+01 -2.472487e+01
     vertex  1.097149e+02 -3.332516e+01 -1.407312e+01
   endloop
 endfacet
 facet normal  6.6785116685e-01 -6.1706384009e-01 -4.1618149430e-01
   outer loop
     vertex  1.110234e+02 -2.472487e+01 -2.472487e+01
     vertex  1.110234e+02 -3.222293e+01 -1.360766e+01
     vertex  1.097149e+02 -3.332516e+01 -1.407312e+01
   endloop
 endfacet
 facet normal  6.6738113840e-01 -7.2995742603e-01 -1.4752820848e-01
   outer loop
     vertex  1.097149e+02 -3.332516e+01 -1.407312e+01
     vertex  1.110234e+02 -3.222293e+01 -1.360766e+01
     vertex  1.097149e+02 -3.616941e+01 0.000000e+00
   endloop
 endfacet
 facet normal  6.6738113840e-01 -7.2995742603e-01 -1.4752820848e-01
   outer loop
     vertex  1.110234e+02 -3.222293e+01 -1.360766e+01
     vertex  1.110234e+02 -3.497310e+01 0.000000e+00
     vertex  1.097149e+02 -3.616941e+01 0.000000e+00
   endloop
 endfacet
 facet normal  6.6738113840e-01 -7.2995742603e-01 1.4752820848e-01
   outer loop
     vertex  1.097149e+02 -3.616941e+01 0.000000e+00
     vertex  1.110234e+02 -3.497310e+01 0.000000e+00
     vertex  1.110234e+02 -3.222293e+01 1.360766e+01
   endloop
 endfacet
 facet normal  6.6738113840e-01 -7.2995742603e-01 1.4752820848e-01
   outer loop
     vertex  1.097149e+02 -3.616941e+01 0.000000e+00
     vertex  1.110234e+02 -3.222293e+01 1.360766e+01
     vertex  1.097149e+02 -3.332516e+01 1.407312e+01
   endloop
 endfacet
 facet normal  6.6785116685e-01 -6.1706384009e-01 4.1618149430e-01
   outer loop
     vertex  1.097149e+02 -3.332516e+01 1.407312e+01
     vertex  1.110234e+02 -3.222293e+01 1.360766e+01
     vertex  1.110234e+02 -2.472487e+01 2.472487e+01
   endloop
 endfacet
 facet normal  6.6785116685e-01 -6.1706384009e-01 4.1618149430e-01
   outer loop
     vertex  1.097149e+02 -3.332516e+01 1.407312e+01
     vertex  1.110234e+02 -2.472487e+01 2.472487e+01
     vertex  1.097149e+02 -2.557062e+01 2.557062e+01
   endloop
 endfacet
 facet normal  6.6785116685e-01 -4.1618149430e-01 6.1706384009e-01
   outer loop
     vertex  1.097149e+02 -2.557062e+01 2.557062e+01
     vertex  1.110234e+02 -2.472487e+01 2.472487e+01
     vertex  1.110234e+02 -1.360766e+01 3.222293e+01
   endloop
 endfacet
 facet normal  6.6785116685e-01 -4.1618149430e-01 6.1706384009e-01
   outer loop
     vertex  1.097149e+02 -2.557062e+01 2.557062e+01
     vertex  1.110234e+02 -1.360766e+01 3.222293e+01
     vertex  1.097149e+02 -1.407312e+01 3.332516e+01
   endloop
 endfacet
 facet normal  6.6738113840e-01 -1.4752820848e-01 7.2995742603e-01
   outer loop
     vertex  1.097149e+02 -1.407312e+01 3.332516e+01
     vertex  1.110234e+02 -1.360766e+01 3.222293e+01
     vertex  1.110234e+02 0.000000e+00 3.497310e+01
   endloop
 endfacet
 facet normal  6.6738113840e-01 -1.4752820848e-01 7.2995742603e-01
   outer loop
     vertex  1.097149e+02 -1.407312e+01 3.332516e+01
     vertex  1.110234e+02 0.000000e+00 3.497310e+01
     vertex  1.097149e+02 0.000000e+00 3.616941e+01
   endloop
 endfacet
 facet normal  6.6738113840e-01 1.4752820848e-01 7.2995742603e-01
   outer loop
     vertex  1.097149e+02 0.000000e+00 3.616941e+01
     vertex  1.110234e+02 0.000000e+00 3.497310e+01
     vertex  1.097149e+02 1.407312e+01 3.332516e+01
   endloop
 endfacet
 facet normal  6.6738113840e-01 1.4752820848e-01 7.2995742603e-01
   outer loop
     vertex  1.110234e+02 0.000000e+00 3.497310e+01
     vertex  1.110234e+02 1.360766e+01 3.222293e+01
     vertex  1.097149e+02 1.407312e+01 3.332516e+01
   endloop
 endfacet
 facet normal  6.6785116685e-01 4.1618149430e-01 6.1706384009e-01
   outer loop
     vertex  1.097149e+02 1.407312e+01 3.332516e+01
     vertex  1.110234e+02 1.360766e+01 3.222293e+01
     vertex  1.097149e+02 2.557062e+01 2.557062e+01
   endloop
 endfacet
 facet normal  6.6785116685e-01 4.1618149430e-01 6.1706384009e-01
   outer loop
     vertex  1.110234e+02 1.360766e+01 3.222293e+01
     vertex  1.110234e+02 2.472487e+01 2.472487e+01
     vertex  1.097149e+02 2.557062e+01 2.557062e+01
   endloop
 endfacet
 facet normal  6.6785116685e-01 6.1706384009e-01 4.1618149430e-01
   outer loop
     vertex  1.097149e+02 2.557062e+01 2.557062e+01
     vertex  1.110234e+02 2.472487e+01 2.472487e+01
     vertex  1.097149e+02 3.332516e+01 1.407312e+01
   endloop
 endfacet
 facet normal  6.6785116685e-01 6.1706384009e-01 4.1618149430e-01
   outer loop
     vertex  1.110234e+02 2.472487e+01 2.472487e+01
     vertex  1.110234e+02 3.222293e+01 1.360766e+01
     vertex  1.097149e+02 3.332516e+01 1.407312e+01
   endloop
 endfacet
 facet normal  6.6738113840e-01 7.2995742603e-01 1.4752820848e-01
   outer loop
     vertex  1.097149e+02 3.332516e+01 1.407312e+01
     vertex  1.110234e+02 3.222293e+01 1.360766e+01
     vertex  1.097149e+02 3.616941e+01 0.000000e+00
   endloop
 endfacet
 facet normal  6.6738113840e-01 7.2995742603e-01 1.4752820848e-01
   outer loop
     vertex  1.110234e+02 3.222293e+01 1.360766e+01
     vertex  1.110234e+02 3.497310e+01 0.000000e+00
     vertex  1.097149e+02 3.616941e+01 0.000000e+00
   endloop
 endfacet
 facet normal  3.1595008786e-01 9.2997282247e-01 -1.8795236481e-01
   outer loop
     vertex  1.110234e+02 3.497310e+01 0.000000e+00
     vertex  1.125000e+02 3.447143e+01 0.000000e+00
     vertex  1.125000e+02 3.176070e+01 -1.341246e+01
   endloop
 endfacet
 facet normal  3.1595008786e-01 9.2997282247e-01 -1.8795236481e-01
   outer loop
     vertex  1.110234e+02 3.497310e+01 0.000000e+00
     vertex  1.125000e+02 3.176070e+01 -1.341246e+01
     vertex  1.110234e+02 3.222293e+01 -1.360766e+01
   endloop
 endfacet
 facet normal  3.1631149790e-01 7.8649064451e-01 -5.3045216786e-01
   outer loop
     vertex  1.110234e+02 3.222293e+01 -1.360766e+01
     vertex  1.125000e+02 3.176070e+01 -1.341246e+01
     vertex  1.125000e+02 2.437020e+01 -2.437020e+01
   endloop
 endfacet
 facet normal  3.1631149790e-01 7.8649064451e-01 -5.3045216786e-01
   outer loop
     vertex  1.110234e+02 3.222293e+01 -1.360766e+01
     vertex  1.125000e+02 2.437020e+01 -2.437020e+01
     vertex  1.110234e+02 2.472487e+01 -2.472487e+01
   endloop
 endfacet
 facet normal  3.1631149790e-01 5.3045216786e-01 -7.8649064451e-01
   outer loop
     vertex  1.110234e+02 2.472487e+01 -2.472487e+01
     vertex  1.125000e+02 2.437020e+01 -2.437020e+01
     vertex  1.125000e+02 1.341246e+01 -3.176070e+01
   endloop
 endfacet
 facet normal  3.1631149790e-01 5.3045216786e-01 -7.8649064451e-01
   outer loop
     vertex  1.110234e+02 2.472487e+01 -2.472487e+01
     vertex  1.125000e+02 1.341246e+01 -3.176070e+01
     vertex  1.110234e+02 1.360766e+01 -3.222293e+01
   endloop
 endfacet
 facet normal  3.1595008786e-01 1.8795236481e-01 -9.2997282247e-01
   outer loop
     vertex  1.110234e+02 1.360766e+01 -3.222293e+01
     vertex  1.125000e+02 1.341246e+01 -3.176070e+01
     vertex  1.125000e+02 0.000000e+00 -3.447143e+01
   endloop
 endfacet
 facet normal  3.1595008786e-01 1.8795236481e-01 -9.2997282247e-01
   outer loop
     vertex  1.110234e+02 1.360766e+01 -3.222293e+01
     vertex  1.125000e+02 0.000000e+00 -3.447143e+01
     vertex  1.110234e+02 0.000000e+00 -3.497310e+01
   endloop
 endfacet
 facet normal  3.1595008786e-01 -1.8795236481e-01 -9.2997282247e-01
   outer loop
     vertex  1.110234e+02 0.000000e+00 -3.497310e+01
     vertex  1.125000e+02 0.000000e+00 -3.447143e+01
     vertex  1.110234e+02 -1.360766e+01 -3.222293e+01
   endloop
 endfacet
 facet normal  3.1595008786e-01 -1.8795236481e-01 -9.2997282247e-01
   outer loop
     vertex  1.125000e+02 0.000000e+00 -3.447143e+01
     vertex  1.125000e+02 -1.341246e+01 -3.176070e+01
     vertex  1.110234e+02 -1.360766e+01 -3.222293e+01
   endloop
 endfacet
 facet normal  3.1631149790e-01 -5.3045216786e-01 -7.8649064451e-01
   outer loop
     vertex  1.110234e+02 -1.360766e+01 -3.222293e+01
     vertex  1.125000e+02 -1.341246e+01 -3.176070e+01
     vertex  1.110234e+02 -2.472487e+01 -2.472487e+01
   endloop
 endfacet
 facet normal  3.1631149790e-01 -5.3045216786e-01 -7.8649064451e-01
   outer loop
     vertex  1.125000e+02 -1.341246e+01 -3.176070e+01
     vertex  1.125000e+02 -2.437020e+01 -2.437020e+01
     vertex  1.110234e+02 -2.472487e+01 -2.472487e+01
   endloop
 endfacet
 facet normal  3.1631149790e-01 -7.8649064451e-01 -5.3045216786e-01
   outer loop
     vertex  1.110234e+02 -2.472487e+01 -2.472487e+01
     vertex  1.125000e+02 -2.437020e+01 -2.437020e+01
     vertex  1.110234e+02 -3.222293e+01 -1.360766e+01
   endloop
 endfacet
 facet normal  3.1631149790e-01 -7.8649064451e-01 -5.3045216786e-01
   outer loop
     vertex  1.125000e+02 -2.437020e+01 -2.437020e+01
     vertex  1.125000e+02 -3.176070e+01 -1.341246e+01
     vertex  1.110234e+02 -3.222293e+01 -1.360766e+01
   endloop
 endfacet
 facet normal  3.1595008786e-01 -9.2997282247e-01 -1.8795236481e-01
   outer loop
     vertex  1.110234e+02 -3.222293e+01 -1.360766e+01
     vertex  1.125000e+02 -3.176070e+01 -1.341246e+01
     vertex  1.110234e+02 -3.497310e+01 0.000000e+00
   endloop
 endfacet
 facet normal  3.1595008786e-01 -9.2997282247e-01 -1.8795236481e-01
   outer loop
     vertex  1.125000e+02 -3.176070e+01 -1.341246e+01
     vertex  1.125000e+02 -3.447143e+01 0.000000e+00
     vertex  1.110234e+02 -3.497310e+01 0.000000e+00
   endloop
 endfacet
 facet normal  3.1595008786e-01 -9.2997282247e-01 1.8795236481e-01
   outer loop
     vertex  1.110234e+02 -3.497310e+01 0.000000e+00
     vertex  1.125000e+02 -3.447143e+01 0.000000e+00
     vertex  1.125000e+02 -3.176070e+01 1.341246e+01
   endloop
 endfacet
 facet normal  3.1595008786e-01 -9.2997282247e-01 1.8795236481e-01
   outer loop
     vertex  1.110234e+02 -3.497310e+01 0.000000e+00
     vertex  1.125000e+02 -3.176070e+01 1.341246e+01
     vertex  1.110234e+02 -3.222293e+01 1.360766e+01
   endloop
 endfacet
 facet normal  3.1631149790e-01 -7.8649064451e-01 5.3045216786e-01
   outer loop
     vertex  1.110234e+02 -3.222293e+01 1.360766e+01
     vertex  1.125000e+02 -3.176070e+01 1.341246e+01
     vertex  1.125000e+02 -2.437020e+01 2.437020e+01
   endloop
 endfacet
 facet normal  3.1631149790e-01 -7.8649064451e-01 5.3045216786e-01
   outer loop
     vertex  1.110234e+02 -3.222293e+01 1.360766e+01
     vertex  1.125000e+02 -2.437020e+01 2.437020e+01
     vertex  1.110234e+02 -2.472487e+01 2.472487e+01
   endloop
 endfacet
 facet normal  3.1631149790e-01 -5.3045216786e-01 7.8649064451e-01
   outer loop
     vertex  1.110234e+02 -2.472487e+01 2.472487e+01
     vertex  1.125000e+02 -2.437020e+01 2.437020e+01
     vertex  1.125000e+02 -1.341246e+01 3.176070e+01
   endloop
 endfacet
 facet normal  3.1631149790e-01 -5.3045216786e-01 7.8649064451e-01
   outer loop
     vertex  1.110234e+02 -2.472487e+01 2.472487e+01
     vertex  1.125000e+02 -1.341246e+01 3.176070e+01
     vertex  1.110234e+02 -1.360766e+01 3.222293e+01
   endloop
 endfacet
 facet normal  3.1595008786e-01 -1.8795236481e-01 9.2997282247e-01
   outer loop
     vertex  1.110234e+02 -1.360766e+01 3.222293e+01
     vertex  1.125000e+02 -1.341246e+01 3.176070e+01
     vertex  1.125000e+02 0.000000e+00 3.447143e+01
   endloop
 endfacet
 facet normal  3.1595008786e-01 -1.8795236481e-01 9.2997282247e-01
   outer loop
     vertex  1.110234e+02 -1.360766e+01 3.222293e+01
     vertex  1.125000e+02 0.000000e+00 3.447143e+01
     vertex  1.110234e+02 0.000000e+00 3.497310e+01
   endloop
 endfacet
 facet normal  3.1595008786e-01 1.8795236481e-01 9.2997282247e-01
   outer loop
     vertex  1.110234e+02 0.000000e+00 3.497310e+01
     vertex  1.125000e+02 0.000000e+00 3.447143e+01
     vertex  1.110234e+02 1.360766e+01 3.222293e+01
   endloop
 endfacet
 facet normal  3.1595008786e-01 1.8795236481e-01 9.2997282247e-01
   outer loop
     vertex  1.125000e+02 0.000000e+00 3.447143e+01
     vertex  1.125000e+02 1.341246e+01 3.176070e+01
     vertex  1.110234e+02 1.360766e+01 3.222293e+01
   endloop
 endfacet
 facet normal  3.1631149790e-01 5.3045216786e-01 7.8649064451e-01
   outer loop
     vertex  1.110234e+02 1.360766e+01 3.222293e+01
     vertex  1.125000e+02 1.341246e+01 3.176070e+01
     vertex  1.110234e+02 2.472487e+01 2.472487e+01
   endloop
 endfacet
 facet normal  3.1631149790e-01 5.3045216786e-01 7.8649064451e-01
   outer loop
     vertex  1.125000e+02 1.341246e+01 3.176070e+01
     vertex  1.125000e+02 2.437020e+01 2.437020e+01
     vertex  1.110234e+02 2.472487e+01 2.472487e+01
   endloop
 endfacet
 facet normal  3.1631149790e-01 7.8649064451e-01 5.3045216786e-01
   outer loop
     vertex  1.110234e+02 2.472487e+01 2.472487e+01
     vertex  1.125000e+02 2.437020e+01 2.437020e+01
     vertex  1.110234e+02 3.222293e+01 1.360766e+01
   endloop
 endfacet
 facet normal  3.1631149790e-01 7.8649064451e-01 5.3045216786e-01
   outer loop
     vertex  1.125000e+02 2.437020e+01 2.437020e+01
     vertex  1.125000e+02 3.176070e+01 1.341246e+01
     vertex  1.110234e+02 3.222293e+01 1.360766e+01
   endloop
 endfacet
 facet normal  3.1595008786e-01 9.2997282247e-01 1.8795236481e-01
   outer loop
     vertex  1.110234e+02 3.222293e+01 1.360766e+01
     vertex  1.125000e+02 3.176070e+01 1.341246e+01
     vertex  1.110234e+02 3.497310e+01 0.000000e+00
   endloop
 endfacet
 facet normal  3.1595008786e-01 9.2997282247e-01 1.8795236481e-01
   outer loop
     vertex  1.125000e+02 3.176070e+01 1.341246e+01
     vertex  1.125000e+02 3.447143e+01 0.000000e+00
     vertex  1.110234e+02 3.497310e+01 0.000000e+00
   endloop
 endfacet
 facet normal  2.5281947289e-01 9.4833913406e-01 -1.9166429231e-01
   outer loop
     vertex  1.125000e+02 3.447143e+01 0.000000e+00
     vertex  1.143818e+02 3.396975e+01 0.000000e+00
     vertex  1.143818e+02 3.129847e+01 -1.321726e+01
   endloop
 endfacet
 facet normal  2.5281947289e-01 9.4833913406e-01 -1.9166429231e-01
   outer loop
     vertex  1.125000e+02 3.447143e+01 0.000000e+00
     vertex  1.143818e+02 3.129847e+01 -1.321726e+01
     vertex  1.125000e+02 3.176070e+01 -1.341246e+01
   endloop
 endfacet
 facet normal  2.5312022509e-01 8.0205990173e-01 -5.4095292372e-01
   outer loop
     vertex  1.125000e+02 3.176070e+01 -1.341246e+01
     vertex  1.143818e+02 3.129847e+01 -1.321726e+01
     vertex  1.143818e+02 2.401553e+01 -2.401553e+01
   endloop
 endfacet
 facet normal  2.5312022509e-01 8.0205990173e-01 -5.4095292372e-01
   outer loop
     vertex  1.125000e+02 3.176070e+01 -1.341246e+01
     vertex  1.143818e+02 2.401553e+01 -2.401553e+01
     vertex  1.125000e+02 2.437020e+01 -2.437020e+01
   endloop
 endfacet
 facet normal  2.5312022509e-01 5.4095292372e-01 -8.0205990173e-01
   outer loop
     vertex  1.125000e+02 2.437020e+01 -2.437020e+01
     vertex  1.143818e+02 2.401553e+01 -2.401553e+01
     vertex  1.143818e+02 1.321726e+01 -3.129847e+01
   endloop
 endfacet
 facet normal  2.5312022509e-01 5.4095292372e-01 -8.0205990173e-01
   outer loop
     vertex  1.125000e+02 2.437020e+01 -2.437020e+01
     vertex  1.143818e+02 1.321726e+01 -3.129847e+01
     vertex  1.125000e+02 1.341246e+01 -3.176070e+01
   endloop
 endfacet
 facet normal  2.5281947289e-01 1.9166429231e-01 -9.4833913406e-01
   outer loop
     vertex  1.125000e+02 1.341246e+01 -3.176070e+01
     vertex  1.143818e+02 1.321726e+01 -3.129847e+01
     vertex  1.143818e+02 0.000000e+00 -3.396975e+01
   endloop
 endfacet
 facet normal  2.5281947289e-01 1.9166429231e-01 -9.4833913406e-01
   outer loop
     vertex  1.125000e+02 1.341246e+01 -3.176070e+01
     vertex  1.143818e+02 0.000000e+00 -3.396975e+01
     vertex  1.125000e+02 0.000000e+00 -3.447143e+01
   endloop
 endfacet
 facet normal  2.5281947289e-01 -1.9166429231e-01 -9.4833913406e-01
   outer loop
     vertex  1.125000e+02 0.000000e+00 -3.447143e+01
     vertex  1.143818e+02 0.000000e+00 -3.396975e+01
     vertex  1.125000e+02 -1.341246e+01 -3.176070e+01
   endloop
 endfacet
 facet normal  2.5281947289e-01 -1.9166429231e-01 -9.4833913406e-01
   outer loop
     vertex  1.143818e+02 0.000000e+00 -3.396975e+01
     vertex  1.143818e+02 -1.321726e+01 -3.129847e+01
     vertex  1.125000e+02 -1.341246e+01 -3.176070e+01
   endloop
 endfacet
 facet normal  2.5312022509e-01 -5.4095292372e-01 -8.0205990173e-01
   outer loop
     vertex  1.125000e+02 -1.341246e+01 -3.176070e+01
     vertex  1.143818e+02 -1.321726e+01 -3.129847e+01
     vertex  1.125000e+02 -2.437020e+01 -2.437020e+01
   endloop
 endfacet
 facet normal  2.5312022509e-01 -5.4095292372e-01 -8.0205990173e-01
   outer loop
     vertex  1.143818e+02 -1.321726e+01 -3.129847e+01
     vertex  1.143818e+02 -2.401553e+01 -2.401553e+01
     vertex  1.125000e+02 -2.437020e+01 -2.437020e+01
   endloop
 endfacet
 facet normal  2.5312022509e-01 -8.0205990173e-01 -5.4095292372e-01
   outer loop
     vertex  1.125000e+02 -2.437020e+01 -2.437020e+01
     vertex  1.143818e+02 -2.401553e+01 -2.401553e+01
     vertex  1.125000e+02 -3.176070e+01 -1.341246e+01
   endloop
 endfacet
 facet normal  2.5312022509e-01 -8.0205990173e-01 -5.4095292372e-01
   outer loop
     vertex  1.143818e+02 -2.401553e+01 -2.401553e+01
     vertex  1.143818e+02 -3.129847e+01 -1.321726e+01
     vertex  1.125000e+02 -3.176070e+01 -1.341246e+01
   endloop
 endfacet
 facet normal  2.5281947289e-01 -9.4833913406e-01 -1.9166429231e-01
   outer loop
     vertex  1.125000e+02 -3.176070e+01 -1.341246e+01
     vertex  1.143818e+02 -3.129847e+01 -1.321726e+01
     vertex  1.125000e+02 -3.447143e+01 0.000000e+00
   endloop
 endfacet
 facet normal  2.5281947289e-01 -9.4833913406e-01 -1.9166429231e-01
   outer loop
     vertex  1.143818e+02 -3.129847e+01 -1.321726e+01
     vertex  1.143818e+02 -3.396975e+01 0.000000e+00
     vertex  1.125000e+02 -3.447143e+01 0.000000e+00
   endloop
 endfacet
 facet normal  2.5281947289e-01 -9.4833913406e-01 1.9166429231e-01
   outer loop
     vertex  1.125000e+02 -3.447143e+01 0.000000e+00
     vertex  1.143818e+02 -3.396975e+01 0.000000e+00
     vertex  1.143818e+02 -3.129847e+01 1.321726e+01
   endloop
 endfacet
 facet normal  2.5281947289e-01 -9.4833913406e-01 1.9166429231e-01
   outer loop
     vertex  1.125000e+02 -3.447143e+01 0.000000e+00
     vertex  1.143818e+02 -3.129847e+01 1.321726e+01
     vertex  1.125000e+02 -3.176070e+01 1.341246e+01
   endloop
 endfacet
 facet normal  2.5312022509e-01 -8.0205990173e-01 5.4095292372e-01
   outer loop
     vertex  1.125000e+02 -3.176070e+01 1.341246e+01
     vertex  1.143818e+02 -3.129847e+01 1.321726e+01
     vertex  1.143818e+02 -2.401553e+01 2.401553e+01
   endloop
 endfacet
 facet normal  2.5312022509e-01 -8.0205990173e-01 5.4095292372e-01
   outer loop
     vertex  1.125000e+02 -3.176070e+01 1.341246e+01
     vertex  1.143818e+02 -2.401553e+01 2.401553e+01
     vertex  1.125000e+02 -2.437020e+01 2.437020e+01
   endloop
 endfacet
 facet normal  2.5312022509e-01 -5.4095292372e-01 8.0205990173e-01
   outer loop
     vertex  1.125000e+02 -2.437020e+01 2.437020e+01
     vertex  1.143818e+02 -2.401553e+01 2.401553e+01
     vertex  1.143818e+02 -1.321726e+01 3.129847e+01
   endloop
 endfacet
 facet normal  2.5312022509e-01 -5.4095292372e-01 8.0205990173e-01
   outer loop
     vertex  1.125000e+02 -2.437020e+01 2.437020e+01
     vertex  1.143818e+02 -1.321726e+01 3.129847e+01
     vertex  1.125000e+02 -1.341246e+01 3.176070e+01
   endloop
 endfacet
 facet normal  2.5281947289e-01 -1.9166429231e-01 9.4833913406e-01
   outer loop
     vertex  1.125000e+02 -1.341246e+01 3.176070e+01
     vertex  1.143818e+02 -1.321726e+01 3.129847e+01
     vertex  1.143818e+02 0.000000e+00 3.396975e+01
   endloop
 endfacet
 facet normal  2.5281947289e-01 -1.9166429231e-01 9.4833913406e-01
   outer loop
     vertex  1.125000e+02 -1.341246e+01 3.176070e+01
     vertex  1.143818e+02 0.000000e+00 3.396975e+01
     vertex  1.125000e+02 0.000000e+00 3.447143e+01
   endloop
 endfacet
 facet normal  2.5281947289e-01 1.9166429231e-01 9.4833913406e-01
   outer loop
     vertex  1.125000e+02 0.000000e+00 3.447143e+01
     vertex  1.143818e+02 0.000000e+00 3.396975e+01
     vertex  1.125000e+02 1.341246e+01 3.176070e+01
   endloop
 endfacet
 facet normal  2.5281947289e-01 1.9166429231e-01 9.4833913406e-01
   outer loop
     vertex  1.143818e+02 0.000000e+00 3.396975e+01
     vertex  1.143818e+02 1.321726e+01 3.129847e+01
     vertex  1.125000e+02 1.341246e+01 3.176070e+01
   endloop
 endfacet
 facet normal  2.5312022509e-01 5.4095292372e-01 8.0205990173e-01
   outer loop
     vertex  1.125000e+02 1.341246e+01 3.176070e+01
     vertex  1.143818e+02 1.321726e+01 3.129847e+01
     vertex  1.125000e+02 2.437020e+01 2.437020e+01
   endloop
 endfacet
 facet normal  2.5312022509e-01 5.4095292372e-01 8.0205990173e-01
   outer loop
     vertex  1.143818e+02 1.321726e+01 3.129847e+01
     vertex  1.143818e+02 2.401553e+01 2.401553e+01
     vertex  1.125000e+02 2.437020e+01 2.437020e+01
   endloop
 endfacet
 facet normal  2.5312022509e-01 8.0205990173e-01 5.4095292372e-01
   outer loop
     vertex  1.125000e+02 2.437020e+01 2.437020e+01
     vertex  1.143818e+02 2.401553e+01 2.401553e+01
     vertex  1.125000e+02 3.176070e+01 1.341246e+01
   endloop
 endfacet
 facet normal  2.5312022509e-01 8.0205990173e-01 5.4095292372e-01
   outer loop
     vertex  1.143818e+02 2.401553e+01 2.401553e+01
     vertex  1.143818e+02 3.129847e+01 1.321726e+01
     vertex  1.125000e+02 3.176070e+01 1.341246e+01
   endloop
 endfacet
 facet normal  2.5281947289e-01 9.4833913406e-01 1.9166429231e-01
   outer loop
     vertex  1.125000e+02 3.176070e+01 1.341246e+01
     vertex  1.143818e+02 3.129847e+01 1.321726e+01
     vertex  1.125000e+02 3.447143e+01 0.000000e+00
   endloop
 endfacet
 facet normal  2.5281947289e-01 9.4833913406e-01 1.9166429231e-01
   outer loop
     vertex  1.143818e+02 3.129847e+01 1.321726e+01
     vertex  1.143818e+02 3.396975e+01 0.000000e+00
     vertex  1.125000e+02 3.447143e+01 0.000000e+00
   endloop
 endfacet
 facet normal  4.4363463213e-01 8.7844655257e-01 -1.7753863653e-01
   outer loop
     vertex  1.143818e+02 3.396975e+01 0.000000e+00
     vertex  1.167506e+02 3.277345e+01 0.000000e+00
     vertex  1.167506e+02 3.019624e+01 -1.275179e+01
   endloop
 endfacet
 facet normal  4.4363463213e-01 8.7844655257e-01 -1.7753863653e-01
   outer loop
     vertex  1.143818e+02 3.396975e+01 0.000000e+00
     vertex  1.167506e+02 3.019624e+01 -1.275179e+01
     vertex  1.143818e+02 3.129847e+01 -1.321726e+01
   endloop
 endfacet
 facet normal  4.4408733895e-01 7.4282258252e-01 -5.0100004620e-01
   outer loop
     vertex  1.143818e+02 3.129847e+01 -1.321726e+01
     vertex  1.167506e+02 3.019624e+01 -1.275179e+01
     vertex  1.167506e+02 2.316978e+01 -2.316978e+01
   endloop
 endfacet
 facet normal  4.4408733895e-01 7.4282258252e-01 -5.0100004620e-01
   outer loop
     vertex  1.143818e+02 3.129847e+01 -1.321726e+01
     vertex  1.167506e+02 2.316978e+01 -2.316978e+01
     vertex  1.143818e+02 2.401553e+01 -2.401553e+01
   endloop
 endfacet
 facet normal  4.4408733895e-01 5.0100004620e-01 -7.4282258252e-01
   outer loop
     vertex  1.143818e+02 2.401553e+01 -2.401553e+01
     vertex  1.167506e+02 2.316978e+01 -2.316978e+01
     vertex  1.167506e+02 1.275179e+01 -3.019624e+01
   endloop
 endfacet
 facet normal  4.4408733895e-01 5.0100004620e-01 -7.4282258252e-01
   outer loop
     vertex  1.143818e+02 2.401553e+01 -2.401553e+01
     vertex  1.167506e+02 1.275179e+01 -3.019624e+01
     vertex  1.143818e+02 1.321726e+01 -3.129847e+01
   endloop
 endfacet
 facet normal  4.4363463213e-01 1.7753863653e-01 -8.7844655257e-01
   outer loop
     vertex  1.143818e+02 1.321726e+01 -3.129847e+01
     vertex  1.167506e+02 1.275179e+01 -3.019624e+01
     vertex  1.167506e+02 0.000000e+00 -3.277345e+01
   endloop
 endfacet
 facet normal  4.4363463213e-01 1.7753863653e-01 -8.7844655257e-01
   outer loop
     vertex  1.143818e+02 1.321726e+01 -3.129847e+01
     vertex  1.167506e+02 0.000000e+00 -3.277345e+01
     vertex  1.143818e+02 0.000000e+00 -3.396975e+01
   endloop
 endfacet
 facet normal  4.4363463213e-01 -1.7753863653e-01 -8.7844655257e-01
   outer loop
     vertex  1.143818e+02 0.000000e+00 -3.396975e+01
     vertex  1.167506e+02 0.000000e+00 -3.277345e+01
     vertex  1.143818e+02 -1.321726e+01 -3.129847e+01
   endloop
 endfacet
 facet normal  4.4363463213e-01 -1.7753863653e-01 -8.7844655257e-01
   outer loop
     vertex  1.167506e+02 0.000000e+00 -3.277345e+01
     vertex  1.167506e+02 -1.275179e+01 -3.019624e+01
     vertex  1.143818e+02 -1.321726e+01 -3.129847e+01
   endloop
 endfacet
 facet normal  4.4408733895e-01 -5.0100004620e-01 -7.4282258252e-01
   outer loop
     vertex  1.143818e+02 -1.321726e+01 -3.129847e+01
     vertex  1.167506e+02 -1.275179e+01 -3.019624e+01
     vertex  1.143818e+02 -2.401553e+01 -2.401553e+01
   endloop
 endfacet
 facet normal  4.4408733895e-01 -5.0100004620e-01 -7.4282258252e-01
   outer loop
     vertex  1.167506e+02 -1.275179e+01 -3.019624e+01
     vertex  1.167506e+02 -2.316978e+01 -2.316978e+01
     vertex  1.143818e+02 -2.401553e+01 -2.401553e+01
   endloop
 endfacet
 facet normal  4.4408733895e-01 -7.4282258252e-01 -5.0100004620e-01
   outer loop
     vertex  1.143818e+02 -2.401553e+01 -2.401553e+01
     vertex  1.167506e+02 -2.316978e+01 -2.316978e+01
     vertex  1.143818e+02 -3.129847e+01 -1.321726e+01
   endloop
 endfacet
 facet normal  4.4408733895e-01 -7.4282258252e-01 -5.0100004620e-01
   outer loop
     vertex  1.167506e+02 -2.316978e+01 -2.316978e+01
     vertex  1.167506e+02 -3.019624e+01 -1.275179e+01
     vertex  1.143818e+02 -3.129847e+01 -1.321726e+01
   endloop
 endfacet
 facet normal  4.4363463213e-01 -8.7844655257e-01 -1.7753863653e-01
   outer loop
     vertex  1.143818e+02 -3.129847e+01 -1.321726e+01
     vertex  1.167506e+02 -3.019624e+01 -1.275179e+01
     vertex  1.143818e+02 -3.396975e+01 0.000000e+00
   endloop
 endfacet
 facet normal  4.4363463213e-01 -8.7844655257e-01 -1.7753863653e-01
   outer loop
     vertex  1.167506e+02 -3.019624e+01 -1.275179e+01
     vertex  1.167506e+02 -3.277345e+01 0.000000e+00
     vertex  1.143818e+02 -3.396975e+01 0.000000e+00
   endloop
 endfacet
 facet normal  4.4363463213e-01 -8.7844655257e-01 1.7753863653e-01
   outer loop
     vertex  1.143818e+02 -3.396975e+01 0.000000e+00
     vertex  1.167506e+02 -3.277345e+01 0.000000e+00
     vertex  1.167506e+02 -3.019624e+01 1.275179e+01
   endloop
 endfacet
 facet normal  4.4363463213e-01 -8.7844655257e-01 1.7753863653e-01
   outer loop
     vertex  1.143818e+02 -3.396975e+01 0.000000e+00
     vertex  1.167506e+02 -3.019624e+01 1.275179e+01
     vertex  1.143818e+02 -3.129847e+01 1.321726e+01
   endloop
 endfacet
 facet normal  4.4408733895e-01 -7.4282258252e-01 5.0100004620e-01
   outer loop
     vertex  1.143818e+02 -3.129847e+01 1.321726e+01
     vertex  1.167506e+02 -3.019624e+01 1.275179e+01
     vertex  1.167506e+02 -2.316978e+01 2.316978e+01
   endloop
 endfacet
 facet normal  4.4408733895e-01 -7.4282258252e-01 5.0100004620e-01
   outer loop
     vertex  1.143818e+02 -3.129847e+01 1.321726e+01
     vertex  1.167506e+02 -2.316978e+01 2.316978e+01
     vertex  1.143818e+02 -2.401553e+01 2.401553e+01
   endloop
 endfacet
 facet normal  4.4408733895e-01 -5.0100004620e-01 7.4282258252e-01
   outer loop
     vertex  1.143818e+02 -2.401553e+01 2.401553e+01
     vertex  1.167506e+02 -2.316978e+01 2.316978e+01
     vertex  1.167506e+02 -1.275179e+01 3.019624e+01
   endloop
 endfacet
 facet normal  4.4408733895e-01 -5.0100004620e-01 7.4282258252e-01
   outer loop
     vertex  1.143818e+02 -2.401553e+01 2.401553e+01
     vertex  1.167506e+02 -1.275179e+01 3.019624e+01
     vertex  1.143818e+02 -1.321726e+01 3.129847e+01
   endloop
 endfacet
 facet normal  4.4363463213e-01 -1.7753863653e-01 8.7844655257e-01
   outer loop
     vertex  1.143818e+02 -1.321726e+01 3.129847e+01
     vertex  1.167506e+02 -1.275179e+01 3.019624e+01
     vertex  1.167506e+02 0.000000e+00 3.277345e+01
   endloop
 endfacet
 facet normal  4.4363463213e-01 -1.7753863653e-01 8.7844655257e-01
   outer loop
     vertex  1.143818e+02 -1.321726e+01 3.129847e+01
     vertex  1.167506e+02 0.000000e+00 3.277345e+01
     vertex  1.143818e+02 0.000000e+00 3.396975e+01
   endloop
 endfacet
 facet normal  4.4363463213e-01 1.7753863653e-01 8.7844655257e-01
   outer loop
     vertex  1.143818e+02 0.000000e+00 3.396975e+01
     vertex  1.167506e+02 0.000000e+00 3.277345e+01
     vertex  1.143818e+02 1.321726e+01 3.129847e+01
   endloop
 endfacet
 facet normal  4.4363463213e-01 1.7753863653e-01 8.7844655257e-01
   outer loop
     vertex  1.167506e+02 0.000000e+00 3.277345e+01
     vertex  1.167506e+02 1.275179e+01 3.019624e+01
     vertex  1.143818e+02 1.321726e+01 3.129847e+01
   endloop
 endfacet
 facet normal  4.4408733895e-01 5.0100004620e-01 7.4282258252e-01
   outer loop
     vertex  1.143818e+02 1.321726e+01 3.129847e+01
     vertex  1.167506e+02 1.275179e+01 3.019624e+01
     vertex  1.143818e+02 2.401553e+01 2.401553e+01
   endloop
 endfacet
 facet normal  4.4408733895e-01 5.0100004620e-01 7.4282258252e-01
   outer loop
     vertex  1.167506e+02 1.275179e+01 3.019624e+01
     vertex  1.167506e+02 2.316978e+01 2.316978e+01
     vertex  1.143818e+02 2.401553e+01 2.401553e+01
   endloop
 endfacet
 facet normal  4.4408733895e-01 7.4282258252e-01 5.0100004620e-01
   outer loop
     vertex  1.143818e+02 2.401553e+01 2.401553e+01
     vertex  1.167506e+02 2.316978e+01 2.316978e+01
     vertex  1.143818e+02 3.129847e+01 1.321726e+01
   endloop
 endfacet
 facet normal  4.4408733895e-01 7.4282258252e-01 5.0100004620e-01
   outer loop
     vertex  1.167506e+02 2.316978e+01 2.316978e+01
     vertex  1.167506e+02 3.019624e+01 1.275179e+01
     vertex  1.143818e+02 3.129847e+01 1.321726e+01
   endloop
 endfacet
 facet normal  4.4363463213e-01 8.7844655257e-01 1.7753863653e-01
   outer loop
     vertex  1.143818e+02 3.129847e+01 1.321726e+01
     vertex  1.167506e+02 3.019624e+01 1.275179e+01
     vertex  1.143818e+02 3.396975e+01 0.000000e+00
   endloop
 endfacet
 facet normal  4.4363463213e-01 8.7844655257e-01 1.7753863653e-01
   outer loop
     vertex  1.167506e+02 3.019624e+01 1.275179e+01
     vertex  1.167506e+02 3.277345e+01 0.000000e+00
     vertex  1.143818e+02 3.396975e+01 0.000000e+00
   endloop
 endfacet
 facet normal  4.6318481336e-01 8.6869764016e-01 -1.7556833042e-01
   outer loop
     vertex  1.167506e+02 3.277345e+01 0.000000e+00
     vertex  1.194285e+02 3.134560e+01 0.000000e+00
     vertex  1.194285e+02 2.888068e+01 -1.219623e+01
   endloop
 endfacet
 facet normal  4.6318481336e-01 8.6869764016e-01 -1.7556833042e-01
   outer loop
     vertex  1.167506e+02 3.277345e+01 0.000000e+00
     vertex  1.194285e+02 2.888068e+01 -1.219623e+01
     vertex  1.167506e+02 3.019624e+01 -1.275179e+01
   endloop
 endfacet
 facet normal  4.6364702175e-01 7.3456225789e-01 -4.9542883294e-01
   outer loop
     vertex  1.167506e+02 3.019624e+01 -1.275179e+01
     vertex  1.194285e+02 2.888068e+01 -1.219623e+01
     vertex  1.194285e+02 2.216034e+01 -2.216034e+01
   endloop
 endfacet
 facet normal  4.6364702175e-01 7.3456225789e-01 -4.9542883294e-01
   outer loop
     vertex  1.167506e+02 3.019624e+01 -1.275179e+01
     vertex  1.194285e+02 2.216034e+01 -2.216034e+01
     vertex  1.167506e+02 2.316978e+01 -2.316978e+01
   endloop
 endfacet
 facet normal  4.6364702175e-01 4.9542883294e-01 -7.3456225789e-01
   outer loop
     vertex  1.167506e+02 2.316978e+01 -2.316978e+01
     vertex  1.194285e+02 2.216034e+01 -2.216034e+01
     vertex  1.194285e+02 1.219623e+01 -2.888068e+01
   endloop
 endfacet
 facet normal  4.6364702175e-01 4.9542883294e-01 -7.3456225789e-01
   outer loop
     vertex  1.167506e+02 2.316978e+01 -2.316978e+01
     vertex  1.194285e+02 1.219623e+01 -2.888068e+01
     vertex  1.167506e+02 1.275179e+01 -3.019624e+01
   endloop
 endfacet
 facet normal  4.6318481336e-01 1.7556833042e-01 -8.6869764016e-01
   outer loop
     vertex  1.167506e+02 1.275179e+01 -3.019624e+01
     vertex  1.194285e+02 1.219623e+01 -2.888068e+01
     vertex  1.194285e+02 0.000000e+00 -3.134560e+01
   endloop
 endfacet
 facet normal  4.6318481336e-01 1.7556833042e-01 -8.6869764016e-01
   outer loop
     vertex  1.167506e+02 1.275179e+01 -3.019624e+01
     vertex  1.194285e+02 0.000000e+00 -3.134560e+01
     vertex  1.167506e+02 0.000000e+00 -3.277345e+01
   endloop
 endfacet
 facet normal  4.6318481336e-01 -1.7556833042e-01 -8.6869764016e-01
   outer loop
     vertex  1.167506e+02 0.000000e+00 -3.277345e+01
     vertex  1.194285e+02 0.000000e+00 -3.134560e+01
     vertex  1.167506e+02 -1.275179e+01 -3.019624e+01
   endloop
 endfacet
 facet normal  4.6318481336e-01 -1.7556833042e-01 -8.6869764016e-01
   outer loop
     vertex  1.194285e+02 0.000000e+00 -3.134560e+01
     vertex  1.194285e+02 -1.219623e+01 -2.888068e+01
     vertex  1.167506e+02 -1.275179e+01 -3.019624e+01
   endloop
 endfacet
 facet normal  4.6364702175e-01 -4.9542883294e-01 -7.3456225789e-01
   outer loop
     vertex  1.167506e+02 -1.275179e+01 -3.019624e+01
     vertex  1.194285e+02 -1.219623e+01 -2.888068e+01
     vertex  1.167506e+02 -2.316978e+01 -2.316978e+01
   endloop
 endfacet
 facet normal  4.6364702175e-01 -4.9542883294e-01 -7.3456225789e-01
   outer loop
     vertex  1.194285e+02 -1.219623e+01 -2.888068e+01
     vertex  1.194285e+02 -2.216034e+01 -2.216034e+01
     vertex  1.167506e+02 -2.316978e+01 -2.316978e+01
   endloop
 endfacet
 facet normal  4.6364702175e-01 -7.3456225789e-01 -4.9542883294e-01
   outer loop
     vertex  1.167506e+02 -2.316978e+01 -2.316978e+01
     vertex  1.194285e+02 -2.216034e+01 -2.216034e+01
     vertex  1.167506e+02 -3.019624e+01 -1.275179e+01
   endloop
 endfacet
 facet normal  4.6364702175e-01 -7.3456225789e-01 -4.9542883294e-01
   outer loop
     vertex  1.194285e+02 -2.216034e+01 -2.216034e+01
     vertex  1.194285e+02 -2.888068e+01 -1.219623e+01
     vertex  1.167506e+02 -3.019624e+01 -1.275179e+01
   endloop
 endfacet
 facet normal  4.6318481336e-01 -8.6869764016e-01 -1.7556833042e-01
   outer loop
     vertex  1.167506e+02 -3.019624e+01 -1.275179e+01
     vertex  1.194285e+02 -2.888068e+01 -1.219623e+01
     vertex  1.167506e+02 -3.277345e+01 0.000000e+00
   endloop
 endfacet
 facet normal  4.6318481336e-01 -8.6869764016e-01 -1.7556833042e-01
   outer loop
     vertex  1.194285e+02 -2.888068e+01 -1.219623e+01
     vertex  1.194285e+02 -3.134560e+01 0.000000e+00
     vertex  1.167506e+02 -3.277345e+01 0.000000e+00
   endloop
 endfacet
 facet normal  4.6318481336e-01 -8.6869764016e-01 1.7556833042e-01
   outer loop
     vertex  1.167506e+02 -3.277345e+01 0.000000e+00
     vertex  1.194285e+02 -3.134560e+01 0.000000e+00
     vertex  1.194285e+02 -2.888068e+01 1.219623e+01
   endloop
 endfacet
 facet normal  4.6318481336e-01 -8.6869764016e-01 1.7556833042e-01
   outer loop
     vertex  1.167506e+02 -3.277345e+01 0.000000e+00
     vertex  1.194285e+02 -2.888068e+01 1.219623e+01
     vertex  1.167506e+02 -3.019624e+01 1.275179e+01
   endloop
 endfacet
 facet normal  4.6364702175e-01 -7.3456225789e-01 4.9542883294e-01
   outer loop
     vertex  1.167506e+02 -3.019624e+01 1.275179e+01
     vertex  1.194285e+02 -2.888068e+01 1.219623e+01
     vertex  1.194285e+02 -2.216034e+01 2.216034e+01
   endloop
 endfacet
 facet normal  4.6364702175e-01 -7.3456225789e-01 4.9542883294e-01
   outer loop
     vertex  1.167506e+02 -3.019624e+01 1.275179e+01
     vertex  1.194285e+02 -2.216034e+01 2.216034e+01
     vertex  1.167506e+02 -2.316978e+01 2.316978e+01
   endloop
 endfacet
 facet normal  4.6364702175e-01 -4.9542883294e-01 7.3456225789e-01
   outer loop
     vertex  1.167506e+02 -2.316978e+01 2.316978e+01
     vertex  1.194285e+02 -2.216034e+01 2.216034e+01
     vertex  1.194285e+02 -1.219623e+01 2.888068e+01
   endloop
 endfacet
 facet normal  4.6364702175e-01 -4.9542883294e-01 7.3456225789e-01
   outer loop
     vertex  1.167506e+02 -2.316978e+01 2.316978e+01
     vertex  1.194285e+02 -1.219623e+01 2.888068e+01
     vertex  1.167506e+02 -1.275179e+01 3.019624e+01
   endloop
 endfacet
 facet normal  4.6318481336e-01 -1.7556833042e-01 8.6869764016e-01
   outer loop
     vertex  1.167506e+02 -1.275179e+01 3.019624e+01
     vertex  1.194285e+02 -1.219623e+01 2.888068e+01
     vertex  1.194285e+02 0.000000e+00 3.134560e+01
   endloop
 endfacet
 facet normal  4.6318481336e-01 -1.7556833042e-01 8.6869764016e-01
   outer loop
     vertex  1.167506e+02 -1.275179e+01 3.019624e+01
     vertex  1.194285e+02 0.000000e+00 3.134560e+01
     vertex  1.167506e+02 0.000000e+00 3.277345e+01
   endloop
 endfacet
 facet normal  4.6318481336e-01 1.7556833042e-01 8.6869764016e-01
   outer loop
     vertex  1.167506e+02 0.000000e+00 3.277345e+01
     vertex  1.194285e+02 0.000000e+00 3.134560e+01
     vertex  1.167506e+02 1.275179e+01 3.019624e+01
   endloop
 endfacet
 facet normal  4.6318481336e-01 1.7556833042e-01 8.6869764016e-01
   outer loop
     vertex  1.194285e+02 0.000000e+00 3.134560e+01
     vertex  1.194285e+02 1.219623e+01 2.888068e+01
     vertex  1.167506e+02 1.275179e+01 3.019624e+01
   endloop
 endfacet
 facet normal  4.6364702175e-01 4.9542883294e-01 7.3456225789e-01
   outer loop
     vertex  1.167506e+02 1.275179e+01 3.019624e+01
     vertex  1.194285e+02 1.219623e+01 2.888068e+01
     vertex  1.167506e+02 2.316978e+01 2.316978e+01
   endloop
 endfacet
 facet normal  4.6364702175e-01 4.9542883294e-01 7.3456225789e-01
   outer loop
     vertex  1.194285e+02 1.219623e+01 2.888068e+01
     vertex  1.194285e+02 2.216034e+01 2.216034e+01
     vertex  1.167506e+02 2.316978e+01 2.316978e+01
   endloop
 endfacet
 facet normal  4.6364702175e-01 7.3456225789e-01 4.9542883294e-01
   outer loop
     vertex  1.167506e+02 2.316978e+01 2.316978e+01
     vertex  1.194285e+02 2.216034e+01 2.216034e+01
     vertex  1.167506e+02 3.019624e+01 1.275179e+01
   endloop
 endfacet
 facet normal  4.6364702175e-01 7.3456225789e-01 4.9542883294e-01
   outer loop
     vertex  1.194285e+02 2.216034e+01 2.216034e+01
     vertex  1.194285e+02 2.888068e+01 1.219623e+01
     vertex  1.167506e+02 3.019624e+01 1.275179e+01
   endloop
 endfacet
 facet normal  4.6318481336e-01 8.6869764016e-01 1.7556833042e-01
   outer loop
     vertex  1.167506e+02 3.019624e+01 1.275179e+01
     vertex  1.194285e+02 2.888068e+01 1.219623e+01
     vertex  1.167506e+02 3.277345e+01 0.000000e+00
   endloop
 endfacet
 facet normal  4.6318481336e-01 8.6869764016e-01 1.7556833042e-01
   outer loop
     vertex  1.194285e+02 2.888068e+01 1.219623e+01
     vertex  1.194285e+02 3.134560e+01 0.000000e+00
     vertex  1.167506e+02 3.277345e+01 0.000000e+00
   endloop
 endfacet
 facet normal  3.8521453358e-01 9.0453831630e-01 -1.8281191827e-01
   outer loop
     vertex  1.194285e+02 3.134560e+01 0.000000e+00
     vertex  1.222376e+02 3.014930e+01 0.000000e+00
     vertex  1.222376e+02 2.777845e+01 -1.173076e+01
   endloop
 endfacet
 facet normal  3.8521453358e-01 9.0453831630e-01 -1.8281191827e-01
   outer loop
     vertex  1.194285e+02 3.134560e+01 0.000000e+00
     vertex  1.222376e+02 2.777845e+01 -1.173076e+01
     vertex  1.194285e+02 2.888068e+01 -1.219623e+01
   endloop
 endfacet
 facet normal  3.8563136227e-01 7.6493310450e-01 -5.1591258762e-01
   outer loop
     vertex  1.194285e+02 2.888068e+01 -1.219623e+01
     vertex  1.222376e+02 2.777845e+01 -1.173076e+01
     vertex  1.222376e+02 2.131459e+01 -2.131459e+01
   endloop
 endfacet
 facet normal  3.8563136227e-01 7.6493310450e-01 -5.1591258762e-01
   outer loop
     vertex  1.194285e+02 2.888068e+01 -1.219623e+01
     vertex  1.222376e+02 2.131459e+01 -2.131459e+01
     vertex  1.194285e+02 2.216034e+01 -2.216034e+01
   endloop
 endfacet
 facet normal  3.8563136227e-01 5.1591258762e-01 -7.6493310450e-01
   outer loop
     vertex  1.194285e+02 2.216034e+01 -2.216034e+01
     vertex  1.222376e+02 2.131459e+01 -2.131459e+01
     vertex  1.222376e+02 1.173076e+01 -2.777845e+01
   endloop
 endfacet
 facet normal  3.8563136227e-01 5.1591258762e-01 -7.6493310450e-01
   outer loop
     vertex  1.194285e+02 2.216034e+01 -2.216034e+01
     vertex  1.222376e+02 1.173076e+01 -2.777845e+01
     vertex  1.194285e+02 1.219623e+01 -2.888068e+01
   endloop
 endfacet
 facet normal  3.8521453358e-01 1.8281191827e-01 -9.0453831630e-01
   outer loop
     vertex  1.194285e+02 1.219623e+01 -2.888068e+01
     vertex  1.222376e+02 1.173076e+01 -2.777845e+01
     vertex  1.222376e+02 0.000000e+00 -3.014930e+01
   endloop
 endfacet
 facet normal  3.8521453358e-01 1.8281191827e-01 -9.0453831630e-01
   outer loop
     vertex  1.194285e+02 1.219623e+01 -2.888068e+01
     vertex  1.222376e+02 0.000000e+00 -3.014930e+01
     vertex  1.194285e+02 0.000000e+00 -3.134560e+01
   endloop
 endfacet
 facet normal  3.8521453358e-01 -1.8281191827e-01 -9.0453831630e-01
   outer loop
     vertex  1.194285e+02 0.000000e+00 -3.134560e+01
     vertex  1.222376e+02 0.000000e+00 -3.014930e+01
     vertex  1.194285e+02 -1.219623e+01 -2.888068e+01
   endloop
 endfacet
 facet normal  3.8521453358e-01 -1.8281191827e-01 -9.0453831630e-01
   outer loop
     vertex  1.222376e+02 0.000000e+00 -3.014930e+01
     vertex  1.222376e+02 -1.173076e+01 -2.777845e+01
     vertex  1.194285e+02 -1.219623e+01 -2.888068e+01
   endloop
 endfacet
 facet normal  3.8563136227e-01 -5.1591258762e-01 -7.6493310450e-01
   outer loop
     vertex  1.194285e+02 -1.219623e+01 -2.888068e+01
     vertex  1.222376e+02 -1.173076e+01 -2.777845e+01
     vertex  1.194285e+02 -2.216034e+01 -2.216034e+01
   endloop
 endfacet
 facet normal  3.8563136227e-01 -5.1591258762e-01 -7.6493310450e-01
   outer loop
     vertex  1.222376e+02 -1.173076e+01 -2.777845e+01
     vertex  1.222376e+02 -2.131459e+01 -2.131459e+01
     vertex  1.194285e+02 -2.216034e+01 -2.216034e+01
   endloop
 endfacet
 facet normal  3.8563136227e-01 -7.6493310450e-01 -5.1591258762e-01
   outer loop
     vertex  1.194285e+02 -2.216034e+01 -2.216034e+01
     vertex  1.222376e+02 -2.131459e+01 -2.131459e+01
     vertex  1.194285e+02 -2.888068e+01 -1.219623e+01
   endloop
 endfacet
 facet normal  3.8563136227e-01 -7.6493310450e-01 -5.1591258762e-01
   outer loop
     vertex  1.222376e+02 -2.131459e+01 -2.131459e+01
     vertex  1.222376e+02 -2.777845e+01 -1.173076e+01
     vertex  1.194285e+02 -2.888068e+01 -1.219623e+01
   endloop
 endfacet
 facet normal  3.8521453358e-01 -9.0453831630e-01 -1.8281191827e-01
   outer loop
     vertex  1.194285e+02 -2.888068e+01 -1.219623e+01
     vertex  1.222376e+02 -2.777845e+01 -1.173076e+01
     vertex  1.194285e+02 -3.134560e+01 0.000000e+00
   endloop
 endfacet
 facet normal  3.8521453358e-01 -9.0453831630e-01 -1.8281191827e-01
   outer loop
     vertex  1.222376e+02 -2.777845e+01 -1.173076e+01
     vertex  1.222376e+02 -3.014930e+01 0.000000e+00
     vertex  1.194285e+02 -3.134560e+01 0.000000e+00
   endloop
 endfacet
 facet normal  3.8521453358e-01 -9.0453831630e-01 1.8281191827e-01
   outer loop
     vertex  1.194285e+02 -3.134560e+01 0.000000e+00
     vertex  1.222376e+02 -3.014930e+01 0.000000e+00
     vertex  1.222376e+02 -2.777845e+01 1.173076e+01
   endloop
 endfacet
 facet normal  3.8521453358e-01 -9.0453831630e-01 1.8281191827e-01
   outer loop
     vertex  1.194285e+02 -3.134560e+01 0.000000e+00
     vertex  1.222376e+02 -2.777845e+01 1.173076e+01
     vertex  1.194285e+02 -2.888068e+01 1.219623e+01
   endloop
 endfacet
 facet normal  3.8563136227e-01 -7.6493310450e-01 5.1591258762e-01
   outer loop
     vertex  1.194285e+02 -2.888068e+01 1.219623e+01
     vertex  1.222376e+02 -2.777845e+01 1.173076e+01
     vertex  1.222376e+02 -2.131459e+01 2.131459e+01
   endloop
 endfacet
 facet normal  3.8563136227e-01 -7.6493310450e-01 5.1591258762e-01
   outer loop
     vertex  1.194285e+02 -2.888068e+01 1.219623e+01
     vertex  1.222376e+02 -2.131459e+01 2.131459e+01
     vertex  1.194285e+02 -2.216034e+01 2.216034e+01
   endloop
 endfacet
 facet normal  3.8563136227e-01 -5.1591258762e-01 7.6493310450e-01
   outer loop
     vertex  1.194285e+02 -2.216034e+01 2.216034e+01
     vertex  1.222376e+02 -2.131459e+01 2.131459e+01
     vertex  1.222376e+02 -1.173076e+01 2.777845e+01
   endloop
 endfacet
 facet normal  3.8563136227e-01 -5.1591258762e-01 7.6493310450e-01
   outer loop
     vertex  1.194285e+02 -2.216034e+01 2.216034e+01
     vertex  1.222376e+02 -1.173076e+01 2.777845e+01
     vertex  1.194285e+02 -1.219623e+01 2.888068e+01
   endloop
 endfacet
 facet normal  3.8521453358e-01 -1.8281191827e-01 9.0453831630e-01
   outer loop
     vertex  1.194285e+02 -1.219623e+01 2.888068e+01
     vertex  1.222376e+02 -1.173076e+01 2.777845e+01
     vertex  1.222376e+02 0.000000e+00 3.014930e+01
   endloop
 endfacet
 facet normal  3.8521453358e-01 -1.8281191827e-01 9.0453831630e-01
   outer loop
     vertex  1.194285e+02 -1.219623e+01 2.888068e+01
     vertex  1.222376e+02 0.000000e+00 3.014930e+01
     vertex  1.194285e+02 0.000000e+00 3.134560e+01
   endloop
 endfacet
 facet normal  3.8521453358e-01 1.8281191827e-01 9.0453831630e-01
   outer loop
     vertex  1.194285e+02 0.000000e+00 3.134560e+01
     vertex  1.222376e+02 0.000000e+00 3.014930e+01
     vertex  1.194285e+02 1.219623e+01 2.888068e+01
   endloop
 endfacet
 facet normal  3.8521453358e-01 1.8281191827e-01 9.0453831630e-01
   outer loop
     vertex  1.222376e+02 0.000000e+00 3.014930e+01
     vertex  1.222376e+02 1.173076e+01 2.777845e+01
     vertex  1.194285e+02 1.219623e+01 2.888068e+01
   endloop
 endfacet
 facet normal  3.8563136227e-01 5.1591258762e-01 7.6493310450e-01
   outer loop
     vertex  1.194285e+02 1.219623e+01 2.888068e+01
     vertex  1.222376e+02 1.173076e+01 2.777845e+01
     vertex  1.194285e+02 2.216034e+01 2.216034e+01
   endloop
 endfacet
 facet normal  3.8563136227e-01 5.1591258762e-01 7.6493310450e-01
   outer loop
     vertex  1.222376e+02 1.173076e+01 2.777845e+01
     vertex  1.222376e+02 2.131459e+01 2.131459e+01
     vertex  1.194285e+02 2.216034e+01 2.216034e+01
   endloop
 endfacet
 facet normal  3.8563136227e-01 7.6493310450e-01 5.1591258762e-01
   outer loop
     vertex  1.194285e+02 2.216034e+01 2.216034e+01
     vertex  1.222376e+02 2.131459e+01 2.131459e+01
     vertex  1.194285e+02 2.888068e+01 1.219623e+01
   endloop
 endfacet
 facet normal  3.8563136227e-01 7.6493310450e-01 5.1591258762e-01
   outer loop
     vertex  1.222376e+02 2.131459e+01 2.131459e+01
     vertex  1.222376e+02 2.777845e+01 1.173076e+01
     vertex  1.194285e+02 2.888068e+01 1.219623e+01
   endloop
 endfacet
 facet normal  3.8521453358e-01 9.0453831630e-01 1.8281191827e-01
   outer loop
     vertex  1.194285e+02 2.888068e+01 1.219623e+01
     vertex  1.222376e+02 2.777845e+01 1.173076e+01
     vertex  1.194285e+02 3.134560e+01 0.000000e+00
   endloop
 endfacet
 facet normal  3.8521453358e-01 9.0453831630e-01 1.8281191827e-01
   outer loop
     vertex  1.222376e+02 2.777845e+01 1.173076e+01
     vertex  1.222376e+02 3.014930e+01 0.000000e+00
     vertex  1.194285e+02 3.134560e+01 0.000000e+00
   endloop
 endfacet
 facet normal  1.7525687136e-01 9.6501131362e-01 -1.9503382688e-01
   outer loop
     vertex  1.222376e+02 3.014930e+01 0.000000e+00
     vertex  1.250000e+02 2.964762e+01 0.000000e+00
     vertex  1.250000e+02 2.731622e+01 -1.153557e+01
   endloop
 endfacet
 facet normal  1.7525687136e-01 9.6501131362e-01 -1.9503382688e-01
   outer loop
     vertex  1.222376e+02 3.014930e+01 0.000000e+00
     vertex  1.250000e+02 2.731622e+01 -1.153557e+01
     vertex  1.222376e+02 2.777845e+01 -1.173076e+01
   endloop
 endfacet
 facet normal  1.7547276424e-01 8.1619489446e-01 -5.5048633341e-01
   outer loop
     vertex  1.222376e+02 2.777845e+01 -1.173076e+01
     vertex  1.250000e+02 2.731622e+01 -1.153557e+01
     vertex  1.250000e+02 2.095992e+01 -2.095992e+01
   endloop
 endfacet
 facet normal  1.7547276424e-01 8.1619489446e-01 -5.5048633341e-01
   outer loop
     vertex  1.222376e+02 2.777845e+01 -1.173076e+01
     vertex  1.250000e+02 2.095992e+01 -2.095992e+01
     vertex  1.222376e+02 2.131459e+01 -2.131459e+01
   endloop
 endfacet
 facet normal  1.7547276424e-01 5.5048633341e-01 -8.1619489446e-01
   outer loop
     vertex  1.222376e+02 2.131459e+01 -2.131459e+01
     vertex  1.250000e+02 2.095992e+01 -2.095992e+01
     vertex  1.250000e+02 1.153557e+01 -2.731622e+01
   endloop
 endfacet
 facet normal  1.7547276424e-01 5.5048633341e-01 -8.1619489446e-01
   outer loop
     vertex  1.222376e+02 2.131459e+01 -2.131459e+01
     vertex  1.250000e+02 1.153557e+01 -2.731622e+01
     vertex  1.222376e+02 1.173076e+01 -2.777845e+01
   endloop
 endfacet
 facet normal  1.7525687136e-01 1.9503382688e-01 -9.6501131362e-01
   outer loop
     vertex  1.222376e+02 1.173076e+01 -2.777845e+01
     vertex  1.250000e+02 1.153557e+01 -2.731622e+01
     vertex  1.250000e+02 0.000000e+00 -2.964762e+01
   endloop
 endfacet
 facet normal  1.7525687136e-01 1.9503382688e-01 -9.6501131362e-01
   outer loop
     vertex  1.222376e+02 1.173076e+01 -2.777845e+01
     vertex  1.250000e+02 0.000000e+00 -2.964762e+01
     vertex  1.222376e+02 0.000000e+00 -3.014930e+01
   endloop
 endfacet
 facet normal  1.7525687136e-01 -1.9503382688e-01 -9.6501131362e-01
   outer loop
     vertex  1.222376e+02 0.000000e+00 -3.014930e+01
     vertex  1.250000e+02 0.000000e+00 -2.964762e+01
     vertex  1.222376e+02 -1.173076e+01 -2.777845e+01
   endloop
 endfacet
 facet normal  1.7525687136e-01 -1.9503382688e-01 -9.6501131362e-01
   outer loop
     vertex  1.250000e+02 0.000000e+00 -2.964762e+01
     vertex  1.250000e+02 -1.153557e+01 -2.731622e+01
     vertex  1.222376e+02 -1.173076e+01 -2.777845e+01
   endloop
 endfacet
 facet normal  1.7547276424e-01 -5.5048633341e-01 -8.1619489446e-01
   outer loop
     vertex  1.222376e+02 -1.173076e+01 -2.777845e+01
     vertex  1.250000e+02 -1.153557e+01 -2.731622e+01
     vertex  1.222376e+02 -2.131459e+01 -2.131459e+01
   endloop
 endfacet
 facet normal  1.7547276424e-01 -5.5048633341e-01 -8.1619489446e-01
   outer loop
     vertex  1.250000e+02 -1.153557e+01 -2.731622e+01
     vertex  1.250000e+02 -2.095992e+01 -2.095992e+01
     vertex  1.222376e+02 -2.131459e+01 -2.131459e+01
   endloop
 endfacet
 facet normal  1.7547276424e-01 -8.1619489446e-01 -5.5048633341e-01
   outer loop
     vertex  1.222376e+02 -2.131459e+01 -2.131459e+01
     vertex  1.250000e+02 -2.095992e+01 -2.095992e+01
     vertex  1.222376e+02 -2.777845e+01 -1.173076e+01
   endloop
 endfacet
 facet normal  1.7547276424e-01 -8.1619489446e-01 -5.5048633341e-01
   outer loop
     vertex  1.250000e+02 -2.095992e+01 -2.095992e+01
     vertex  1.250000e+02 -2.731622e+01 -1.153557e+01
     vertex  1.222376e+02 -2.777845e+01 -1.173076e+01
   endloop
 endfacet
 facet normal  1.7525687136e-01 -9.6501131362e-01 -1.9503382688e-01
   outer loop
     vertex  1.222376e+02 -2.777845e+01 -1.173076e+01
     vertex  1.250000e+02 -2.731622e+01 -1.153557e+01
     vertex  1.222376e+02 -3.014930e+01 0.000000e+00
   endloop
 endfacet
 facet normal  1.7525687136e-01 -9.6501131362e-01 -1.9503382688e-01
   outer loop
     vertex  1.250000e+02 -2.731622e+01 -1.153557e+01
     vertex  1.250000e+02 -2.964762e+01 0.000000e+00
     vertex  1.222376e+02 -3.014930e+01 0.000000e+00
   endloop
 endfacet
 facet normal  1.7525687136e-01 -9.6501131362e-01 1.9503382688e-01
   outer loop
     vertex  1.222376e+02 -3.014930e+01 0.000000e+00
     vertex  1.250000e+02 -2.964762e+01 0.000000e+00
     vertex  1.250000e+02 -2.731622e+01 1.153557e+01
   endloop
 endfacet
 facet normal  1.7525687136e-01 -9.6501131362e-01 1.9503382688e-01
   outer loop
     vertex  1.222376e+02 -3.014930e+01 0.000000e+00
     vertex  1.250000e+02 -2.731622e+01 1.153557e+01
     vertex  1.222376e+02 -2.777845e+01 1.173076e+01
   endloop
 endfacet
 facet normal  1.7547276424e-01 -8.1619489446e-01 5.5048633341e-01
   outer loop
     vertex  1.222376e+02 -2.777845e+01 1.173076e+01
     vertex  1.250000e+02 -2.731622e+01 1.153557e+01
     vertex  1.250000e+02 -2.095992e+01 2.095992e+01
   endloop
 endfacet
 facet normal  1.7547276424e-01 -8.1619489446e-01 5.5048633341e-01
   outer loop
     vertex  1.222376e+02 -2.777845e+01 1.173076e+01
     vertex  1.250000e+02 -2.095992e+01 2.095992e+01
     vertex  1.222376e+02 -2.131459e+01 2.131459e+01
   endloop
 endfacet
 facet normal  1.7547276424e-01 -5.5048633341e-01 8.1619489446e-01
   outer loop
     vertex  1.222376e+02 -2.131459e+01 2.131459e+01
     vertex  1.250000e+02 -2.095992e+01 2.095992e+01
     vertex  1.250000e+02 -1.153557e+01 2.731622e+01
   endloop
 endfacet
 facet normal  1.7547276424e-01 -5.5048633341e-01 8.1619489446e-01
   outer loop
     vertex  1.222376e+02 -2.131459e+01 2.131459e+01
     vertex  1.250000e+02 -1.153557e+01 2.731622e+01
     vertex  1.222376e+02 -1.173076e+01 2.777845e+01
   endloop
 endfacet
 facet normal  1.7525687136e-01 -1.9503382688e-01 9.6501131362e-01
   outer loop
     vertex  1.222376e+02 -1.173076e+01 2.777845e+01
     vertex  1.250000e+02 -1.153557e+01 2.731622e+01
     vertex  1.250000e+02 0.000000e+00 2.964762e+01
   endloop
 endfacet
 facet normal  1.7525687136e-01 -1.9503382688e-01 9.6501131362e-01
   outer loop
     vertex  1.222376e+02 -1.173076e+01 2.777845e+01
     vertex  1.250000e+02 0.000000e+00 2.964762e+01
     vertex  1.222376e+02 0.000000e+00 3.014930e+01
   endloop
 endfacet
 facet normal  1.7525687136e-01 1.9503382688e-01 9.6501131362e-01
   outer loop
     vertex  1.222376e+02 0.000000e+00 3.014930e+01
     vertex  1.250000e+02 0.000000e+00 2.964762e+01
     vertex  1.222376e+02 1.173076e+01 2.777845e+01
   endloop
 endfacet
 facet normal  1.7525687136e-01 1.9503382688e-01 9.6501131362e-01
   outer loop
     vertex  1.250000e+02 0.000000e+00 2.964762e+01
     vertex  1.250000e+02 1.153557e+01 2.731622e+01
     vertex  1.222376e+02 1.173076e+01 2.777845e+01
   endloop
 endfacet
 facet normal  1.7547276424e-01 5.5048633341e-01 8.1619489446e-01
   outer loop
     vertex  1.222376e+02 1.173076e+01 2.777845e+01
     vertex  1.250000e+02 1.153557e+01 2.731622e+01
     vertex  1.222376e+02 2.131459e+01 2.131459e+01
   endloop
 endfacet
 facet normal  1.7547276424e-01 5.5048633341e-01 8.1619489446e-01
   outer loop
     vertex  1.250000e+02 1.153557e+01 2.731622e+01
     vertex  1.250000e+02 2.095992e+01 2.095992e+01
     vertex  1.222376e+02 2.131459e+01 2.131459e+01
   endloop
 endfacet
 facet normal  1.7547276424e-01 8.1619489446e-01 5.5048633341e-01
   outer loop
     vertex  1.222376e+02 2.131459e+01 2.131459e+01
     vertex  1.250000e+02 2.095992e+01 2.095992e+01
     vertex  1.222376e+02 2.777845e+01 1.173076e+01
   endloop
 endfacet
 facet normal  1.7547276424e-01 8.1619489446e-01 5.5048633341e-01
   outer loop
     vertex  1.250000e+02 2.095992e+01 2.095992e+01
     vertex  1.250000e+02 2.731622e+01 1.153557e+01
     vertex  1.222376e+02 2.777845e+01 1.173076e+01
   endloop
 endfacet
 facet normal  1.7525687136e-01 9.6501131362e-01 1.9503382688e-01
   outer loop
     vertex  1.222376e+02 2.777845e+01 1.173076e+01
     vertex  1.250000e+02 2.731622e+01 1.153557e+01
     vertex  1.222376e+02 3.014930e+01 0.000000e+00
   endloop
 endfacet
 facet normal  1.7525687136e-01 9.6501131362e-01 1.9503382688e-01
   outer loop
     vertex  1.250000e+02 2.731622e+01 1.153557e+01
     vertex  1.250000e+02 2.964762e+01 0.000000e+00
     vertex  1.222376e+02 3.014930e+01 0.000000e+00
   endloop
 endfacet
 facet normal  1.3911928435e-01 9.7065019087e-01 -1.9617347343e-01
   outer loop
     vertex  1.250000e+02 2.964762e+01 0.000000e+00
     vertex  1.285002e+02 2.914594e+01 0.000000e+00
     vertex  1.285002e+02 2.685399e+01 -1.134037e+01
   endloop
 endfacet
 facet normal  1.3911928435e-01 9.7065019087e-01 -1.9617347343e-01
   outer loop
     vertex  1.250000e+02 2.964762e+01 0.000000e+00
     vertex  1.285002e+02 2.685399e+01 -1.134037e+01
     vertex  1.250000e+02 2.731622e+01 -1.153557e+01
   endloop
 endfacet
 facet normal  1.3929267301e-01 8.2097604963e-01 -5.5371100512e-01
   outer loop
     vertex  1.250000e+02 2.731622e+01 -1.153557e+01
     vertex  1.285002e+02 2.685399e+01 -1.134037e+01
     vertex  1.285002e+02 2.060525e+01 -2.060525e+01
   endloop
 endfacet
 facet normal  1.3929267301e-01 8.2097604963e-01 -5.5371100512e-01
   outer loop
     vertex  1.250000e+02 2.731622e+01 -1.153557e+01
     vertex  1.285002e+02 2.060525e+01 -2.060525e+01
     vertex  1.250000e+02 2.095992e+01 -2.095992e+01
   endloop
 endfacet
 facet normal  1.3929267301e-01 5.5371100512e-01 -8.2097604963e-01
   outer loop
     vertex  1.250000e+02 2.095992e+01 -2.095992e+01
     vertex  1.285002e+02 2.060525e+01 -2.060525e+01
     vertex  1.285002e+02 1.134037e+01 -2.685399e+01
   endloop
 endfacet
 facet normal  1.3929267301e-01 5.5371100512e-01 -8.2097604963e-01
   outer loop
     vertex  1.250000e+02 2.095992e+01 -2.095992e+01
     vertex  1.285002e+02 1.134037e+01 -2.685399e+01
     vertex  1.250000e+02 1.153557e+01 -2.731622e+01
   endloop
 endfacet
 facet normal  1.3911928435e-01 1.9617347343e-01 -9.7065019087e-01
   outer loop
     vertex  1.250000e+02 1.153557e+01 -2.731622e+01
     vertex  1.285002e+02 1.134037e+01 -2.685399e+01
     vertex  1.285002e+02 0.000000e+00 -2.914594e+01
   endloop
 endfacet
 facet normal  1.3911928435e-01 1.9617347343e-01 -9.7065019087e-01
   outer loop
     vertex  1.250000e+02 1.153557e+01 -2.731622e+01
     vertex  1.285002e+02 0.000000e+00 -2.914594e+01
     vertex  1.250000e+02 0.000000e+00 -2.964762e+01
   endloop
 endfacet
 facet normal  1.3911928435e-01 -1.9617347343e-01 -9.7065019087e-01
   outer loop
     vertex  1.250000e+02 0.000000e+00 -2.964762e+01
     vertex  1.285002e+02 0.000000e+00 -2.914594e+01
     vertex  1.250000e+02 -1.153557e+01 -2.731622e+01
   endloop
 endfacet
 facet normal  1.3911928435e-01 -1.9617347343e-01 -9.7065019087e-01
   outer loop
     vertex  1.285002e+02 0.000000e+00 -2.914594e+01
     vertex  1.285002e+02 -1.134037e+01 -2.685399e+01
     vertex  1.250000e+02 -1.153557e+01 -2.731622e+01
   endloop
 endfacet
 facet normal  1.3929267301e-01 -5.5371100512e-01 -8.2097604963e-01
   outer loop
     vertex  1.250000e+02 -1.153557e+01 -2.731622e+01
     vertex  1.285002e+02 -1.134037e+01 -2.685399e+01
     vertex  1.250000e+02 -2.095992e+01 -2.095992e+01
   endloop
 endfacet
 facet normal  1.3929267301e-01 -5.5371100512e-01 -8.2097604963e-01
   outer loop
     vertex  1.285002e+02 -1.134037e+01 -2.685399e+01
     vertex  1.285002e+02 -2.060525e+01 -2.060525e+01
     vertex  1.250000e+02 -2.095992e+01 -2.095992e+01
   endloop
 endfacet
 facet normal  1.3929267301e-01 -8.2097604963e-01 -5.5371100512e-01
   outer loop
     vertex  1.250000e+02 -2.095992e+01 -2.095992e+01
     vertex  1.285002e+02 -2.060525e+01 -2.060525e+01
     vertex  1.250000e+02 -2.731622e+01 -1.153557e+01
   endloop
 endfacet
 facet normal  1.3929267301e-01 -8.2097604963e-01 -5.5371100512e-01
   outer loop
     vertex  1.285002e+02 -2.060525e+01 -2.060525e+01
     vertex  1.285002e+02 -2.685399e+01 -1.134037e+01
     vertex  1.250000e+02 -2.731622e+01 -1.153557e+01
   endloop
 endfacet
 facet normal  1.3911928435e-01 -9.7065019087e-01 -1.9617347343e-01
   outer loop
     vertex  1.250000e+02 -2.731622e+01 -1.153557e+01
     vertex  1.285002e+02 -2.685399e+01 -1.134037e+01
     vertex  1.250000e+02 -2.964762e+01 0.000000e+00
   endloop
 endfacet
 facet normal  1.3911928435e-01 -9.7065019087e-01 -1.9617347343e-01
   outer loop
     vertex  1.285002e+02 -2.685399e+01 -1.134037e+01
     vertex  1.285002e+02 -2.914594e+01 0.000000e+00
     vertex  1.250000e+02 -2.964762e+01 0.000000e+00
   endloop
 endfacet
 facet normal  1.3911928435e-01 -9.7065019087e-01 1.9617347343e-01
   outer loop
     vertex  1.250000e+02 -2.964762e+01 0.000000e+00
     vertex  1.285002e+02 -2.914594e+01 0.000000e+00
     vertex  1.285002e+02 -2.685399e+01 1.134037e+01
   endloop
 endfacet
 facet normal  1.3911928435e-01 -9.7065019087e-01 1.9617347343e-01
   outer loop
     vertex  1.250000e+02 -2.964762e+01 0.000000e+00
     vertex  1.285002e+02 -2.685399e+01 1.134037e+01
     vertex  1.250000e+02 -2.731622e+01 1.153557e+01
   endloop
 endfacet
 facet normal  1.3929267301e-01 -8.2097604963e-01 5.5371100512e-01
   outer loop
     vertex  1.250000e+02 -2.731622e+01 1.153557e+01
     vertex  1.285002e+02 -2.685399e+01 1.134037e+01
     vertex  1.285002e+02 -2.060525e+01 2.060525e+01
   endloop
 endfacet
 facet normal  1.3929267301e-01 -8.2097604963e-01 5.5371100512e-01
   outer loop
     vertex  1.250000e+02 -2.731622e+01 1.153557e+01
     vertex  1.285002e+02 -2.060525e+01 2.060525e+01
     vertex  1.250000e+02 -2.095992e+01 2.095992e+01
   endloop
 endfacet
 facet normal  1.3929267301e-01 -5.5371100512e-01 8.2097604963e-01
   outer loop
     vertex  1.250000e+02 -2.095992e+01 2.095992e+01
     vertex  1.285002e+02 -2.060525e+01 2.060525e+01
     vertex  1.285002e+02 -1.134037e+01 2.685399e+01
   endloop
 endfacet
 facet normal  1.3929267301e-01 -5.5371100512e-01 8.2097604963e-01
   outer loop
     vertex  1.250000e+02 -2.095992e+01 2.095992e+01
     vertex  1.285002e+02 -1.134037e+01 2.685399e+01
     vertex  1.250000e+02 -1.153557e+01 2.731622e+01
   endloop
 endfacet
 facet normal  1.3911928435e-01 -1.9617347343e-01 9.7065019087e-01
   outer loop
     vertex  1.250000e+02 -1.153557e+01 2.731622e+01
     vertex  1.285002e+02 -1.134037e+01 2.685399e+01
     vertex  1.285002e+02 0.000000e+00 2.914594e+01
   endloop
 endfacet
 facet normal  1.3911928435e-01 -1.9617347343e-01 9.7065019087e-01
   outer loop
     vertex  1.250000e+02 -1.153557e+01 2.731622e+01
     vertex  1.285002e+02 0.000000e+00 2.914594e+01
     vertex  1.250000e+02 0.000000e+00 2.964762e+01
   endloop
 endfacet
 facet normal  1.3911928435e-01 1.9617347343e-01 9.7065019087e-01
   outer loop
     vertex  1.250000e+02 0.000000e+00 2.964762e+01
     vertex  1.285002e+02 0.000000e+00 2.914594e+01
     vertex  1.250000e+02 1.153557e+01 2.731622e+01
   endloop
 endfacet
 facet normal  1.3911928435e-01 1.9617347343e-01 9.7065019087e-01
   outer loop
     vertex  1.285002e+02 0.000000e+00 2.914594e+01
     vertex  1.285002e+02 1.134037e+01 2.685399e+01
     vertex  1.250000e+02 1.153557e+01 2.731622e+01
   endloop
 endfacet
 facet normal  1.3929267301e-01 5.5371100512e-01 8.2097604963e-01
   outer loop
     vertex  1.250000e+02 1.153557e+01 2.731622e+01
     vertex  1.285002e+02 1.134037e+01 2.685399e+01
     vertex  1.250000e+02 2.095992e+01 2.095992e+01
   endloop
 endfacet
 facet normal  1.3929267301e-01 5.5371100512e-01 8.2097604963e-01
   outer loop
     vertex  1.285002e+02 1.134037e+01 2.685399e+01
     vertex  1.285002e+02 2.060525e+01 2.060525e+01
     vertex  1.250000e+02 2.095992e+01 2.095992e+01
   endloop
 endfacet
 facet normal  1.3929267301e-01 8.2097604963e-01 5.5371100512e-01
   outer loop
     vertex  1.250000e+02 2.095992e+01 2.095992e+01
     vertex  1.285002e+02 2.060525e+01 2.060525e+01
     vertex  1.250000e+02 2.731622e+01 1.153557e+01
   endloop
 endfacet
 facet normal  1.3929267301e-01 8.2097604963e-01 5.5371100512e-01
   outer loop
     vertex  1.285002e+02 2.060525e+01 2.060525e+01
     vertex  1.285002e+02 2.685399e+01 1.134037e+01
     vertex  1.250000e+02 2.731622e+01 1.153557e+01
   endloop
 endfacet
 facet normal  1.3911928435e-01 9.7065019087e-01 1.9617347343e-01
   outer loop
     vertex  1.250000e+02 2.731622e+01 1.153557e+01
     vertex  1.285002e+02 2.685399e+01 1.134037e+01
     vertex  1.250000e+02 2.964762e+01 0.000000e+00
   endloop
 endfacet
 facet normal  1.3911928435e-01 9.7065019087e-01 1.9617347343e-01
   outer loop
     vertex  1.285002e+02 2.685399e+01 1.134037e+01
     vertex  1.285002e+02 2.914594e+01 0.000000e+00
     vertex  1.250000e+02 2.964762e+01 0.000000e+00
   endloop
 endfacet
 facet normal  2.3802057699e-01 9.5201152465e-01 -1.9240650163e-01
   outer loop
     vertex  1.285002e+02 2.914594e+01 0.000000e+00
     vertex  1.332851e+02 2.794964e+01 0.000000e+00
     vertex  1.332851e+02 2.575176e+01 -1.087490e+01
   endloop
 endfacet
 facet normal  2.3802057699e-01 9.5201152465e-01 -1.9240650163e-01
   outer loop
     vertex  1.285002e+02 2.914594e+01 0.000000e+00
     vertex  1.332851e+02 2.575176e+01 -1.087490e+01
     vertex  1.285002e+02 2.685399e+01 -1.134037e+01
   endloop
 endfacet
 facet normal  2.3830592568e-01 8.0517327122e-01 -5.4305274984e-01
   outer loop
     vertex  1.285002e+02 2.685399e+01 -1.134037e+01
     vertex  1.332851e+02 2.575176e+01 -1.087490e+01
     vertex  1.332851e+02 1.975950e+01 -1.975950e+01
   endloop
 endfacet
 facet normal  2.3830592568e-01 8.0517327122e-01 -5.4305274984e-01
   outer loop
     vertex  1.285002e+02 2.685399e+01 -1.134037e+01
     vertex  1.332851e+02 1.975950e+01 -1.975950e+01
     vertex  1.285002e+02 2.060525e+01 -2.060525e+01
   endloop
 endfacet
 facet normal  2.3830592568e-01 5.4305274984e-01 -8.0517327122e-01
   outer loop
     vertex  1.285002e+02 2.060525e+01 -2.060525e+01
     vertex  1.332851e+02 1.975950e+01 -1.975950e+01
     vertex  1.332851e+02 1.087490e+01 -2.575176e+01
   endloop
 endfacet
 facet normal  2.3830592568e-01 5.4305274984e-01 -8.0517327122e-01
   outer loop
     vertex  1.285002e+02 2.060525e+01 -2.060525e+01
     vertex  1.332851e+02 1.087490e+01 -2.575176e+01
     vertex  1.285002e+02 1.134037e+01 -2.685399e+01
   endloop
 endfacet
 facet normal  2.3802057699e-01 1.9240650163e-01 -9.5201152465e-01
   outer loop
     vertex  1.285002e+02 1.134037e+01 -2.685399e+01
     vertex  1.332851e+02 1.087490e+01 -2.575176e+01
     vertex  1.332851e+02 0.000000e+00 -2.794964e+01
   endloop
 endfacet
 facet normal  2.3802057699e-01 1.9240650163e-01 -9.5201152465e-01
   outer loop
     vertex  1.285002e+02 1.134037e+01 -2.685399e+01
     vertex  1.332851e+02 0.000000e+00 -2.794964e+01
     vertex  1.285002e+02 0.000000e+00 -2.914594e+01
   endloop
 endfacet
 facet normal  2.3802057699e-01 -1.9240650163e-01 -9.5201152465e-01
   outer loop
     vertex  1.285002e+02 0.000000e+00 -2.914594e+01
     vertex  1.332851e+02 0.000000e+00 -2.794964e+01
     vertex  1.285002e+02 -1.134037e+01 -2.685399e+01
   endloop
 endfacet
 facet normal  2.3802057699e-01 -1.9240650163e-01 -9.5201152465e-01
   outer loop
     vertex  1.332851e+02 0.000000e+00 -2.794964e+01
     vertex  1.332851e+02 -1.087490e+01 -2.575176e+01
     vertex  1.285002e+02 -1.134037e+01 -2.685399e+01
   endloop
 endfacet
 facet normal  2.3830592568e-01 -5.4305274984e-01 -8.0517327122e-01
   outer loop
     vertex  1.285002e+02 -1.134037e+01 -2.685399e+01
     vertex  1.332851e+02 -1.087490e+01 -2.575176e+01
     vertex  1.285002e+02 -2.060525e+01 -2.060525e+01
   endloop
 endfacet
 facet normal  2.3830592568e-01 -5.4305274984e-01 -8.0517327122e-01
   outer loop
     vertex  1.332851e+02 -1.087490e+01 -2.575176e+01
     vertex  1.332851e+02 -1.975950e+01 -1.975950e+01
     vertex  1.285002e+02 -2.060525e+01 -2.060525e+01
   endloop
 endfacet
 facet normal  2.3830592568e-01 -8.0517327122e-01 -5.4305274984e-01
   outer loop
     vertex  1.285002e+02 -2.060525e+01 -2.060525e+01
     vertex  1.332851e+02 -1.975950e+01 -1.975950e+01
     vertex  1.285002e+02 -2.685399e+01 -1.134037e+01
   endloop
 endfacet
 facet normal  2.3830592568e-01 -8.0517327122e-01 -5.4305274984e-01
   outer loop
     vertex  1.332851e+02 -1.975950e+01 -1.975950e+01
     vertex  1.332851e+02 -2.575176e+01 -1.087490e+01
     vertex  1.285002e+02 -2.685399e+01 -1.134037e+01
   endloop
 endfacet
 facet normal  2.3802057699e-01 -9.5201152465e-01 -1.9240650163e-01
   outer loop
     vertex  1.285002e+02 -2.685399e+01 -1.134037e+01
     vertex  1.332851e+02 -2.575176e+01 -1.087490e+01
     vertex  1.285002e+02 -2.914594e+01 0.000000e+00
   endloop
 endfacet
 facet normal  2.3802057699e-01 -9.5201152465e-01 -1.9240650163e-01
   outer loop
     vertex  1.332851e+02 -2.575176e+01 -1.087490e+01
     vertex  1.332851e+02 -2.794964e+01 0.000000e+00
     vertex  1.285002e+02 -2.914594e+01 0.000000e+00
   endloop
 endfacet
 facet normal  2.3802057699e-01 -9.5201152465e-01 1.9240650163e-01
   outer loop
     vertex  1.285002e+02 -2.914594e+01 0.000000e+00
     vertex  1.332851e+02 -2.794964e+01 0.000000e+00
     vertex  1.332851e+02 -2.575176e+01 1.087490e+01
   endloop
 endfacet
 facet normal  2.3802057699e-01 -9.5201152465e-01 1.9240650163e-01
   outer loop
     vertex  1.285002e+02 -2.914594e+01 0.000000e+00
     vertex  1.332851e+02 -2.575176e+01 1.087490e+01
     vertex  1.285002e+02 -2.685399e+01 1.134037e+01
   endloop
 endfacet
 facet normal  2.3830592568e-01 -8.0517327122e-01 5.4305274984e-01
   outer loop
     vertex  1.285002e+02 -2.685399e+01 1.134037e+01
     vertex  1.332851e+02 -2.575176e+01 1.087490e+01
     vertex  1.332851e+02 -1.975950e+01 1.975950e+01
   endloop
 endfacet
 facet normal  2.3830592568e-01 -8.0517327122e-01 5.4305274984e-01
   outer loop
     vertex  1.285002e+02 -2.685399e+01 1.134037e+01
     vertex  1.332851e+02 -1.975950e+01 1.975950e+01
     vertex  1.285002e+02 -2.060525e+01 2.060525e+01
   endloop
 endfacet
 facet normal  2.3830592568e-01 -5.4305274984e-01 8.0517327122e-01
   outer loop
     vertex  1.285002e+02 -2.060525e+01 2.060525e+01
     vertex  1.332851e+02 -1.975950e+01 1.975950e+01
     vertex  1.332851e+02 -1.087490e+01 2.575176e+01
   endloop
 endfacet
 facet normal  2.3830592568e-01 -5.4305274984e-01 8.0517327122e-01
   outer loop
     vertex  1.285002e+02 -2.060525e+01 2.060525e+01
     vertex  1.332851e+02 -1.087490e+01 2.575176e+01
     vertex  1.285002e+02 -1.134037e+01 2.685399e+01
   endloop
 endfacet
 facet normal  2.3802057699e-01 -1.9240650163e-01 9.5201152465e-01
   outer loop
     vertex  1.285002e+02 -1.134037e+01 2.685399e+01
     vertex  1.332851e+02 -1.087490e+01 2.575176e+01
     vertex  1.332851e+02 0.000000e+00 2.794964e+01
   endloop
 endfacet
 facet normal  2.3802057699e-01 -1.9240650163e-01 9.5201152465e-01
   outer loop
     vertex  1.285002e+02 -1.134037e+01 2.685399e+01
     vertex  1.332851e+02 0.000000e+00 2.794964e+01
     vertex  1.285002e+02 0.000000e+00 2.914594e+01
   endloop
 endfacet
 facet normal  2.3802057699e-01 1.9240650163e-01 9.5201152465e-01
   outer loop
     vertex  1.285002e+02 0.000000e+00 2.914594e+01
     vertex  1.332851e+02 0.000000e+00 2.794964e+01
     vertex  1.285002e+02 1.134037e+01 2.685399e+01
   endloop
 endfacet
 facet normal  2.3802057699e-01 1.9240650163e-01 9.5201152465e-01
   outer loop
     vertex  1.332851e+02 0.000000e+00 2.794964e+01
     vertex  1.332851e+02 1.087490e+01 2.575176e+01
     vertex  1.285002e+02 1.134037e+01 2.685399e+01
   endloop
 endfacet
 facet normal  2.3830592568e-01 5.4305274984e-01 8.0517327122e-01
   outer loop
     vertex  1.285002e+02 1.134037e+01 2.685399e+01
     vertex  1.332851e+02 1.087490e+01 2.575176e+01
     vertex  1.285002e+02 2.060525e+01 2.060525e+01
   endloop
 endfacet
 facet normal  2.3830592568e-01 5.4305274984e-01 8.0517327122e-01
   outer loop
     vertex  1.332851e+02 1.087490e+01 2.575176e+01
     vertex  1.332851e+02 1.975950e+01 1.975950e+01
     vertex  1.285002e+02 2.060525e+01 2.060525e+01
   endloop
 endfacet
 facet normal  2.3830592568e-01 8.0517327122e-01 5.4305274984e-01
   outer loop
     vertex  1.285002e+02 2.060525e+01 2.060525e+01
     vertex  1.332851e+02 1.975950e+01 1.975950e+01
     vertex  1.285002e+02 2.685399e+01 1.134037e+01
   endloop
 endfacet
 facet normal  2.3830592568e-01 8.0517327122e-01 5.4305274984e-01
   outer loop
     vertex  1.332851e+02 1.975950e+01 1.975950e+01
     vertex  1.332851e+02 2.575176e+01 1.087490e+01
     vertex  1.285002e+02 2.685399e+01 1.134037e+01
   endloop
 endfacet
 facet normal  2.3802057699e-01 9.5201152465e-01 1.9240650163e-01
   outer loop
     vertex  1.285002e+02 2.685399e+01 1.134037e+01
     vertex  1.332851e+02 2.575176e+01 1.087490e+01
     vertex  1.285002e+02 2.914594e+01 0.000000e+00
   endloop
 endfacet
 facet normal  2.3802057699e-01 9.5201152465e-01 1.9240650163e-01
   outer loop
     vertex  1.332851e+02 2.575176e+01 1.087490e+01
     vertex  1.332851e+02 2.794964e+01 0.000000e+00
     vertex  1.285002e+02 2.914594e+01 0.000000e+00
   endloop
 endfacet
 facet normal  2.4515033994e-01 9.5027166582e-01 -1.9205486708e-01
   outer loop
     vertex  1.332851e+02 2.794964e+01 0.000000e+00
     vertex  1.388199e+02 2.652179e+01 0.000000e+00
     vertex  1.388199e+02 2.443620e+01 -1.031934e+01
   endloop
 endfacet
 facet normal  2.4515033994e-01 9.5027166582e-01 -1.9205486708e-01
   outer loop
     vertex  1.332851e+02 2.794964e+01 0.000000e+00
     vertex  1.388199e+02 2.443620e+01 -1.031934e+01
     vertex  1.332851e+02 2.575176e+01 -1.087490e+01
   endloop
 endfacet
 facet normal  2.4544316091e-01 8.0369824759e-01 -5.4205791349e-01
   outer loop
     vertex  1.332851e+02 2.575176e+01 -1.087490e+01
     vertex  1.388199e+02 2.443620e+01 -1.031934e+01
     vertex  1.388199e+02 1.875006e+01 -1.875006e+01
   endloop
 endfacet
 facet normal  2.4544316091e-01 8.0369824759e-01 -5.4205791349e-01
   outer loop
     vertex  1.332851e+02 2.575176e+01 -1.087490e+01
     vertex  1.388199e+02 1.875006e+01 -1.875006e+01
     vertex  1.332851e+02 1.975950e+01 -1.975950e+01
   endloop
 endfacet
 facet normal  2.4544316091e-01 5.4205791349e-01 -8.0369824759e-01
   outer loop
     vertex  1.332851e+02 1.975950e+01 -1.975950e+01
     vertex  1.388199e+02 1.875006e+01 -1.875006e+01
     vertex  1.388199e+02 1.031934e+01 -2.443620e+01
   endloop
 endfacet
 facet normal  2.4544316091e-01 5.4205791349e-01 -8.0369824759e-01
   outer loop
     vertex  1.332851e+02 1.975950e+01 -1.975950e+01
     vertex  1.388199e+02 1.031934e+01 -2.443620e+01
     vertex  1.332851e+02 1.087490e+01 -2.575176e+01
   endloop
 endfacet
 facet normal  2.4515033994e-01 1.9205486708e-01 -9.5027166582e-01
   outer loop
     vertex  1.332851e+02 1.087490e+01 -2.575176e+01
     vertex  1.388199e+02 1.031934e+01 -2.443620e+01
     vertex  1.388199e+02 0.000000e+00 -2.652179e+01
   endloop
 endfacet
 facet normal  2.4515033994e-01 1.9205486708e-01 -9.5027166582e-01
   outer loop
     vertex  1.332851e+02 1.087490e+01 -2.575176e+01
     vertex  1.388199e+02 0.000000e+00 -2.652179e+01
     vertex  1.332851e+02 0.000000e+00 -2.794964e+01
   endloop
 endfacet
 facet normal  2.4515033994e-01 -1.9205486708e-01 -9.5027166582e-01
   outer loop
     vertex  1.332851e+02 0.000000e+00 -2.794964e+01
     vertex  1.388199e+02 0.000000e+00 -2.652179e+01
     vertex  1.332851e+02 -1.087490e+01 -2.575176e+01
   endloop
 endfacet
 facet normal  2.4515033994e-01 -1.9205486708e-01 -9.5027166582e-01
   outer loop
     vertex  1.388199e+02 0.000000e+00 -2.652179e+01
     vertex  1.388199e+02 -1.031934e+01 -2.443620e+01
     vertex  1.332851e+02 -1.087490e+01 -2.575176e+01
   endloop
 endfacet
 facet normal  2.4544316091e-01 -5.4205791349e-01 -8.0369824759e-01
   outer loop
     vertex  1.332851e+02 -1.087490e+01 -2.575176e+01
     vertex  1.388199e+02 -1.031934e+01 -2.443620e+01
     vertex  1.332851e+02 -1.975950e+01 -1.975950e+01
   endloop
 endfacet
 facet normal  2.4544316091e-01 -5.4205791349e-01 -8.0369824759e-01
   outer loop
     vertex  1.388199e+02 -1.031934e+01 -2.443620e+01
     vertex  1.388199e+02 -1.875006e+01 -1.875006e+01
     vertex  1.332851e+02 -1.975950e+01 -1.975950e+01
   endloop
 endfacet
 facet normal  2.4544316091e-01 -8.0369824759e-01 -5.4205791349e-01
   outer loop
     vertex  1.332851e+02 -1.975950e+01 -1.975950e+01
     vertex  1.388199e+02 -1.875006e+01 -1.875006e+01
     vertex  1.332851e+02 -2.575176e+01 -1.087490e+01
   endloop
 endfacet
 facet normal  2.4544316091e-01 -8.0369824759e-01 -5.4205791349e-01
   outer loop
     vertex  1.388199e+02 -1.875006e+01 -1.875006e+01
     vertex  1.388199e+02 -2.443620e+01 -1.031934e+01
     vertex  1.332851e+02 -2.575176e+01 -1.087490e+01
   endloop
 endfacet
 facet normal  2.4515033994e-01 -9.5027166582e-01 -1.9205486708e-01
   outer loop
     vertex  1.332851e+02 -2.575176e+01 -1.087490e+01
     vertex  1.388199e+02 -2.443620e+01 -1.031934e+01
     vertex  1.332851e+02 -2.794964e+01 0.000000e+00
   endloop
 endfacet
 facet normal  2.4515033994e-01 -9.5027166582e-01 -1.9205486708e-01
   outer loop
     vertex  1.388199e+02 -2.443620e+01 -1.031934e+01
     vertex  1.388199e+02 -2.652179e+01 0.000000e+00
     vertex  1.332851e+02 -2.794964e+01 0.000000e+00
   endloop
 endfacet
 facet normal  2.4515033994e-01 -9.5027166582e-01 1.9205486708e-01
   outer loop
     vertex  1.332851e+02 -2.794964e+01 0.000000e+00
     vertex  1.388199e+02 -2.652179e+01 0.000000e+00
     vertex  1.388199e+02 -2.443620e+01 1.031934e+01
   endloop
 endfacet
 facet normal  2.4515033994e-01 -9.5027166582e-01 1.9205486708e-01
   outer loop
     vertex  1.332851e+02 -2.794964e+01 0.000000e+00
     vertex  1.388199e+02 -2.443620e+01 1.031934e+01
     vertex  1.332851e+02 -2.575176e+01 1.087490e+01
   endloop
 endfacet
 facet normal  2.4544316091e-01 -8.0369824759e-01 5.4205791349e-01
   outer loop
     vertex  1.332851e+02 -2.575176e+01 1.087490e+01
     vertex  1.388199e+02 -2.443620e+01 1.031934e+01
     vertex  1.388199e+02 -1.875006e+01 1.875006e+01
   endloop
 endfacet
 facet normal  2.4544316091e-01 -8.0369824759e-01 5.4205791349e-01
   outer loop
     vertex  1.332851e+02 -2.575176e+01 1.087490e+01
     vertex  1.388199e+02 -1.875006e+01 1.875006e+01
     vertex  1.332851e+02 -1.975950e+01 1.975950e+01
   endloop
 endfacet
 facet normal  2.4544316091e-01 -5.4205791349e-01 8.0369824759e-01
   outer loop
     vertex  1.332851e+02 -1.975950e+01 1.975950e+01
     vertex  1.388199e+02 -1.875006e+01 1.875006e+01
     vertex  1.388199e+02 -1.031934e+01 2.443620e+01
   endloop
 endfacet
 facet normal  2.4544316091e-01 -5.4205791349e-01 8.0369824759e-01
   outer loop
     vertex  1.332851e+02 -1.975950e+01 1.975950e+01
     vertex  1.388199e+02 -1.031934e+01 2.443620e+01
     vertex  1.332851e+02 -1.087490e+01 2.575176e+01
   endloop
 endfacet
 facet normal  2.4515033994e-01 -1.9205486708e-01 9.5027166582e-01
   outer loop
     vertex  1.332851e+02 -1.087490e+01 2.575176e+01
     vertex  1.388199e+02 -1.031934e+01 2.443620e+01
     vertex  1.388199e+02 0.000000e+00 2.652179e+01
   endloop
 endfacet
 facet normal  2.4515033994e-01 -1.9205486708e-01 9.5027166582e-01
   outer loop
     vertex  1.332851e+02 -1.087490e+01 2.575176e+01
     vertex  1.388199e+02 0.000000e+00 2.652179e+01
     vertex  1.332851e+02 0.000000e+00 2.794964e+01
   endloop
 endfacet
 facet normal  2.4515033994e-01 1.9205486708e-01 9.5027166582e-01
   outer loop
     vertex  1.332851e+02 0.000000e+00 2.794964e+01
     vertex  1.388199e+02 0.000000e+00 2.652179e+01
     vertex  1.332851e+02 1.087490e+01 2.575176e+01
   endloop
 endfacet
 facet normal  2.4515033994e-01 1.9205486708e-01 9.5027166582e-01
   outer loop
     vertex  1.388199e+02 0.000000e+00 2.652179e+01
     vertex  1.388199e+02 1.031934e+01 2.443620e+01
     vertex  1.332851e+02 1.087490e+01 2.575176e+01
   endloop
 endfacet
 facet normal  2.4544316091e-01 5.4205791349e-01 8.0369824759e-01
   outer loop
     vertex  1.332851e+02 1.087490e+01 2.575176e+01
     vertex  1.388199e+02 1.031934e+01 2.443620e+01
     vertex  1.332851e+02 1.975950e+01 1.975950e+01
   endloop
 endfacet
 facet normal  2.4544316091e-01 5.4205791349e-01 8.0369824759e-01
   outer loop
     vertex  1.388199e+02 1.031934e+01 2.443620e+01
     vertex  1.388199e+02 1.875006e+01 1.875006e+01
     vertex  1.332851e+02 1.975950e+01 1.975950e+01
   endloop
 endfacet
 facet normal  2.4544316091e-01 8.0369824759e-01 5.4205791349e-01
   outer loop
     vertex  1.332851e+02 1.975950e+01 1.975950e+01
     vertex  1.388199e+02 1.875006e+01 1.875006e+01
     vertex  1.332851e+02 2.575176e+01 1.087490e+01
   endloop
 endfacet
 facet normal  2.4544316091e-01 8.0369824759e-01 5.4205791349e-01
   outer loop
     vertex  1.388199e+02 1.875006e+01 1.875006e+01
     vertex  1.388199e+02 2.443620e+01 1.031934e+01
     vertex  1.332851e+02 2.575176e+01 1.087490e+01
   endloop
 endfacet
 facet normal  2.4515033994e-01 9.5027166582e-01 1.9205486708e-01
   outer loop
     vertex  1.332851e+02 2.575176e+01 1.087490e+01
     vertex  1.388199e+02 2.443620e+01 1.031934e+01
     vertex  1.332851e+02 2.794964e+01 0.000000e+00
   endloop
 endfacet
 facet normal  2.4515033994e-01 9.5027166582e-01 1.9205486708e-01
   outer loop
     vertex  1.388199e+02 2.443620e+01 1.031934e+01
     vertex  1.388199e+02 2.652179e+01 0.000000e+00
     vertex  1.332851e+02 2.794964e+01 0.000000e+00
   endloop
 endfacet
 facet normal  1.9982131208e-01 9.6041388136e-01 -1.9410466181e-01
   outer loop
     vertex  1.388199e+02 2.652179e+01 0.000000e+00
     vertex  1.445697e+02 2.532549e+01 0.000000e+00
     vertex  1.445697e+02 2.333397e+01 -9.853872e+00
   endloop
 endfacet
 facet normal  1.9982131208e-01 9.6041388136e-01 -1.9410466181e-01
   outer loop
     vertex  1.388199e+02 2.652179e+01 0.000000e+00
     vertex  1.445697e+02 2.333397e+01 -9.853872e+00
     vertex  1.388199e+02 2.443620e+01 -1.031934e+01
   endloop
 endfacet
 facet normal  2.0006512095e-01 8.1229692443e-01 -5.4785732992e-01
   outer loop
     vertex  1.388199e+02 2.443620e+01 -1.031934e+01
     vertex  1.445697e+02 2.333397e+01 -9.853872e+00
     vertex  1.445697e+02 1.790431e+01 -1.790431e+01
   endloop
 endfacet
 facet normal  2.0006512095e-01 8.1229692443e-01 -5.4785732992e-01
   outer loop
     vertex  1.388199e+02 2.443620e+01 -1.031934e+01
     vertex  1.445697e+02 1.790431e+01 -1.790431e+01
     vertex  1.388199e+02 1.875006e+01 -1.875006e+01
   endloop
 endfacet
 facet normal  2.0006512095e-01 5.4785732992e-01 -8.1229692443e-01
   outer loop
     vertex  1.388199e+02 1.875006e+01 -1.875006e+01
     vertex  1.445697e+02 1.790431e+01 -1.790431e+01
     vertex  1.445697e+02 9.853872e+00 -2.333397e+01
   endloop
 endfacet
 facet normal  2.0006512095e-01 5.4785732992e-01 -8.1229692443e-01
   outer loop
     vertex  1.388199e+02 1.875006e+01 -1.875006e+01
     vertex  1.445697e+02 9.853872e+00 -2.333397e+01
     vertex  1.388199e+02 1.031934e+01 -2.443620e+01
   endloop
 endfacet
 facet normal  1.9982131208e-01 1.9410466181e-01 -9.6041388136e-01
   outer loop
     vertex  1.388199e+02 1.031934e+01 -2.443620e+01
     vertex  1.445697e+02 9.853872e+00 -2.333397e+01
     vertex  1.445697e+02 0.000000e+00 -2.532549e+01
   endloop
 endfacet
 facet normal  1.9982131208e-01 1.9410466181e-01 -9.6041388136e-01
   outer loop
     vertex  1.388199e+02 1.031934e+01 -2.443620e+01
     vertex  1.445697e+02 0.000000e+00 -2.532549e+01
     vertex  1.388199e+02 0.000000e+00 -2.652179e+01
   endloop
 endfacet
 facet normal  1.9982131208e-01 -1.9410466181e-01 -9.6041388136e-01
   outer loop
     vertex  1.388199e+02 0.000000e+00 -2.652179e+01
     vertex  1.445697e+02 0.000000e+00 -2.532549e+01
     vertex  1.388199e+02 -1.031934e+01 -2.443620e+01
   endloop
 endfacet
 facet normal  1.9982131208e-01 -1.9410466181e-01 -9.6041388136e-01
   outer loop
     vertex  1.445697e+02 0.000000e+00 -2.532549e+01
     vertex  1.445697e+02 -9.853872e+00 -2.333397e+01
     vertex  1.388199e+02 -1.031934e+01 -2.443620e+01
   endloop
 endfacet
 facet normal  2.0006512095e-01 -5.4785732992e-01 -8.1229692443e-01
   outer loop
     vertex  1.388199e+02 -1.031934e+01 -2.443620e+01
     vertex  1.445697e+02 -9.853872e+00 -2.333397e+01
     vertex  1.388199e+02 -1.875006e+01 -1.875006e+01
   endloop
 endfacet
 facet normal  2.0006512095e-01 -5.4785732992e-01 -8.1229692443e-01
   outer loop
     vertex  1.445697e+02 -9.853872e+00 -2.333397e+01
     vertex  1.445697e+02 -1.790431e+01 -1.790431e+01
     vertex  1.388199e+02 -1.875006e+01 -1.875006e+01
   endloop
 endfacet
 facet normal  2.0006512095e-01 -8.1229692443e-01 -5.4785732992e-01
   outer loop
     vertex  1.388199e+02 -1.875006e+01 -1.875006e+01
     vertex  1.445697e+02 -1.790431e+01 -1.790431e+01
     vertex  1.388199e+02 -2.443620e+01 -1.031934e+01
   endloop
 endfacet
 facet normal  2.0006512095e-01 -8.1229692443e-01 -5.4785732992e-01
   outer loop
     vertex  1.445697e+02 -1.790431e+01 -1.790431e+01
     vertex  1.445697e+02 -2.333397e+01 -9.853872e+00
     vertex  1.388199e+02 -2.443620e+01 -1.031934e+01
   endloop
 endfacet
 facet normal  1.9982131208e-01 -9.6041388136e-01 -1.9410466181e-01
   outer loop
     vertex  1.388199e+02 -2.443620e+01 -1.031934e+01
     vertex  1.445697e+02 -2.333397e+01 -9.853872e+00
     vertex  1.388199e+02 -2.652179e+01 0.000000e+00
   endloop
 endfacet
 facet normal  1.9982131208e-01 -9.6041388136e-01 -1.9410466181e-01
   outer loop
     vertex  1.445697e+02 -2.333397e+01 -9.853872e+00
     vertex  1.445697e+02 -2.532549e+01 0.000000e+00
     vertex  1.388199e+02 -2.652179e+01 0.000000e+00
   endloop
 endfacet
 facet normal  1.9982131208e-01 -9.6041388136e-01 1.9410466181e-01
   outer loop
     vertex  1.388199e+02 -2.652179e+01 0.000000e+00
     vertex  1.445697e+02 -2.532549e+01 0.000000e+00
     vertex  1.445697e+02 -2.333397e+01 9.853872e+00
   endloop
 endfacet
 facet normal  1.9982131208e-01 -9.6041388136e-01 1.9410466181e-01
   outer loop
     vertex  1.388199e+02 -2.652179e+01 0.000000e+00
     vertex  1.445697e+02 -2.333397e+01 9.853872e+00
     vertex  1.388199e+02 -2.443620e+01 1.031934e+01
   endloop
 endfacet
 facet normal  2.0006512095e-01 -8.1229692443e-01 5.4785732992e-01
   outer loop
     vertex  1.388199e+02 -2.443620e+01 1.031934e+01
     vertex  1.445697e+02 -2.333397e+01 9.853872e+00
     vertex  1.445697e+02 -1.790431e+01 1.790431e+01
   endloop
 endfacet
 facet normal  2.0006512095e-01 -8.1229692443e-01 5.4785732992e-01
   outer loop
     vertex  1.388199e+02 -2.443620e+01 1.031934e+01
     vertex  1.445697e+02 -1.790431e+01 1.790431e+01
     vertex  1.388199e+02 -1.875006e+01 1.875006e+01
   endloop
 endfacet
 facet normal  2.0006512095e-01 -5.4785732992e-01 8.1229692443e-01
   outer loop
     vertex  1.388199e+02 -1.875006e+01 1.875006e+01
     vertex  1.445697e+02 -1.790431e+01 1.790431e+01
     vertex  1.445697e+02 -9.853872e+00 2.333397e+01
   endloop
 endfacet
 facet normal  2.0006512095e-01 -5.4785732992e-01 8.1229692443e-01
   outer loop
     vertex  1.388199e+02 -1.875006e+01 1.875006e+01
     vertex  1.445697e+02 -9.853872e+00 2.333397e+01
     vertex  1.388199e+02 -1.031934e+01 2.443620e+01
   endloop
 endfacet
 facet normal  1.9982131208e-01 -1.9410466181e-01 9.6041388136e-01
   outer loop
     vertex  1.388199e+02 -1.031934e+01 2.443620e+01
     vertex  1.445697e+02 -9.853872e+00 2.333397e+01
     vertex  1.445697e+02 0.000000e+00 2.532549e+01
   endloop
 endfacet
 facet normal  1.9982131208e-01 -1.9410466181e-01 9.6041388136e-01
   outer loop
     vertex  1.388199e+02 -1.031934e+01 2.443620e+01
     vertex  1.445697e+02 0.000000e+00 2.532549e+01
     vertex  1.388199e+02 0.000000e+00 2.652179e+01
   endloop
 endfacet
 facet normal  1.9982131208e-01 1.9410466181e-01 9.6041388136e-01
   outer loop
     vertex  1.388199e+02 0.000000e+00 2.652179e+01
     vertex  1.445697e+02 0.000000e+00 2.532549e+01
     vertex  1.388199e+02 1.031934e+01 2.443620e+01
   endloop
 endfacet
 facet normal  1.9982131208e-01 1.9410466181e-01 9.6041388136e-01
   outer loop
     vertex  1.445697e+02 0.000000e+00 2.532549e+01
     vertex  1.445697e+02 9.853872e+00 2.333397e+01
     vertex  1.388199e+02 1.031934e+01 2.443620e+01
   endloop
 endfacet
 facet normal  2.0006512095e-01 5.4785732992e-01 8.1229692443e-01
   outer loop
     vertex  1.388199e+02 1.031934e+01 2.443620e+01
     vertex  1.445697e+02 9.853872e+00 2.333397e+01
     vertex  1.388199e+02 1.875006e+01 1.875006e+01
   endloop
 endfacet
 facet normal  2.0006512095e-01 5.4785732992e-01 8.1229692443e-01
   outer loop
     vertex  1.445697e+02 9.853872e+00 2.333397e+01
     vertex  1.445697e+02 1.790431e+01 1.790431e+01
     vertex  1.388199e+02 1.875006e+01 1.875006e+01
   endloop
 endfacet
 facet normal  2.0006512095e-01 8.1229692443e-01 5.4785732992e-01
   outer loop
     vertex  1.388199e+02 1.875006e+01 1.875006e+01
     vertex  1.445697e+02 1.790431e+01 1.790431e+01
     vertex  1.388199e+02 2.443620e+01 1.031934e+01
   endloop
 endfacet
 facet normal  2.0006512095e-01 8.1229692443e-01 5.4785732992e-01
   outer loop
     vertex  1.445697e+02 1.790431e+01 1.790431e+01
     vertex  1.445697e+02 2.333397e+01 9.853872e+00
     vertex  1.388199e+02 2.443620e+01 1.031934e+01
   endloop
 endfacet
 facet normal  1.9982131208e-01 9.6041388136e-01 1.9410466181e-01
   outer loop
     vertex  1.388199e+02 2.443620e+01 1.031934e+01
     vertex  1.445697e+02 2.333397e+01 9.853872e+00
     vertex  1.388199e+02 2.652179e+01 0.000000e+00
   endloop
 endfacet
 facet normal  1.9982131208e-01 9.6041388136e-01 1.9410466181e-01
   outer loop
     vertex  1.445697e+02 2.333397e+01 9.853872e+00
     vertex  1.445697e+02 2.532549e+01 0.000000e+00
     vertex  1.388199e+02 2.652179e+01 0.000000e+00
   endloop
 endfacet
 facet normal  9.0185161155e-02 9.7618761539e-01 -1.9729261585e-01
   outer loop
     vertex  1.445697e+02 2.532549e+01 0.000000e+00
     vertex  1.500000e+02 2.482381e+01 0.000000e+00
     vertex  1.500000e+02 2.287174e+01 -9.658675e+00
   endloop
 endfacet
 facet normal  9.0185161155e-02 9.7618761539e-01 -1.9729261585e-01
   outer loop
     vertex  1.445697e+02 2.532549e+01 0.000000e+00
     vertex  1.500000e+02 2.287174e+01 -9.658675e+00
     vertex  1.445697e+02 2.333397e+01 -9.853872e+00
   endloop
 endfacet
 facet normal  9.0298850257e-02 8.2567138615e-01 -5.5687779605e-01
   outer loop
     vertex  1.445697e+02 2.333397e+01 -9.853872e+00
     vertex  1.500000e+02 2.287174e+01 -9.658675e+00
     vertex  1.500000e+02 1.754964e+01 -1.754964e+01
   endloop
 endfacet
 facet normal  9.0298850257e-02 8.2567138615e-01 -5.5687779605e-01
   outer loop
     vertex  1.445697e+02 2.333397e+01 -9.853872e+00
     vertex  1.500000e+02 1.754964e+01 -1.754964e+01
     vertex  1.445697e+02 1.790431e+01 -1.790431e+01
   endloop
 endfacet
 facet normal  9.0298850257e-02 5.5687779605e-01 -8.2567138615e-01
   outer loop
     vertex  1.445697e+02 1.790431e+01 -1.790431e+01
     vertex  1.500000e+02 1.754964e+01 -1.754964e+01
     vertex  1.500000e+02 9.658675e+00 -2.287174e+01
   endloop
 endfacet
 facet normal  9.0298850257e-02 5.5687779605e-01 -8.2567138615e-01
   outer loop
     vertex  1.445697e+02 1.790431e+01 -1.790431e+01
     vertex  1.500000e+02 9.658675e+00 -2.287174e+01
     vertex  1.445697e+02 9.853872e+00 -2.333397e+01
   endloop
 endfacet
 facet normal  9.0185161155e-02 1.9729261585e-01 -9.7618761539e-01
   outer loop
     vertex  1.445697e+02 9.853872e+00 -2.333397e+01
     vertex  1.500000e+02 9.658675e+00 -2.287174e+01
     vertex  1.500000e+02 0.000000e+00 -2.482381e+01
   endloop
 endfacet
 facet normal  9.0185161155e-02 1.9729261585e-01 -9.7618761539e-01
   outer loop
     vertex  1.445697e+02 9.853872e+00 -2.333397e+01
     vertex  1.500000e+02 0.000000e+00 -2.482381e+01
     vertex  1.445697e+02 0.000000e+00 -2.532549e+01
   endloop
 endfacet
 facet normal  9.0185161155e-02 -1.9729261585e-01 -9.7618761539e-01
   outer loop
     vertex  1.445697e+02 0.000000e+00 -2.532549e+01
     vertex  1.500000e+02 0.000000e+00 -2.482381e+01
     vertex  1.445697e+02 -9.853872e+00 -2.333397e+01
   endloop
 endfacet
 facet normal  9.0185161155e-02 -1.9729261585e-01 -9.7618761539e-01
   outer loop
     vertex  1.500000e+02 0.000000e+00 -2.482381e+01
     vertex  1.500000e+02 -9.658675e+00 -2.287174e+01
     vertex  1.445697e+02 -9.853872e+00 -2.333397e+01
   endloop
 endfacet
 facet normal  9.0298850257e-02 -5.5687779605e-01 -8.2567138615e-01
   outer loop
     vertex  1.445697e+02 -9.853872e+00 -2.333397e+01
     vertex  1.500000e+02 -9.658675e+00 -2.287174e+01
     vertex  1.445697e+02 -1.790431e+01 -1.790431e+01
   endloop
 endfacet
 facet normal  9.0298850257e-02 -5.5687779605e-01 -8.2567138615e-01
   outer loop
     vertex  1.500000e+02 -9.658675e+00 -2.287174e+01
     vertex  1.500000e+02 -1.754964e+01 -1.754964e+01
     vertex  1.445697e+02 -1.790431e+01 -1.790431e+01
   endloop
 endfacet
 facet normal  9.0298850257e-02 -8.2567138615e-01 -5.5687779605e-01
   outer loop
     vertex  1.445697e+02 -1.790431e+01 -1.790431e+01
     vertex  1.500000e+02 -1.754964e+01 -1.754964e+01
     vertex  1.445697e+02 -2.333397e+01 -9.853872e+00
   endloop
 endfacet
 facet normal  9.0298850257e-02 -8.2567138615e-01 -5.5687779605e-01
   outer loop
     vertex  1.500000e+02 -1.754964e+01 -1.754964e+01
     vertex  1.500000e+02 -2.287174e+01 -9.658675e+00
     vertex  1.445697e+02 -2.333397e+01 -9.853872e+00
   endloop
 endfacet
 facet normal  9.0185161155e-02 -9.7618761539e-01 -1.9729261585e-01
   outer loop
     vertex  1.445697e+02 -2.333397e+01 -9.853872e+00
     vertex  1.500000e+02 -2.287174e+01 -9.658675e+00
     vertex  1.445697e+02 -2.532549e+01 0.000000e+00
   endloop
 endfacet
 facet normal  9.0185161155e-02 -9.7618761539e-01 -1.9729261585e-01
   outer loop
     vertex  1.500000e+02 -2.287174e+01 -9.658675e+00
     vertex  1.500000e+02 -2.482381e+01 0.000000e+00
     vertex  1.445697e+02 -2.532549e+01 0.000000e+00
   endloop
 endfacet
 facet normal  9.0185161155e-02 -9.7618761539e-01 1.9729261585e-01
   outer loop
     vertex  1.445697e+02 -2.532549e+01 0.000000e+00
     vertex  1.500000e+02 -2.482381e+01 0.000000e+00
     vertex  1.500000e+02 -2.287174e+01 9.658675e+00
   endloop
 endfacet
 facet normal  9.0185161155e-02 -9.7618761539e-01 1.9729261585e-01
   outer loop
     vertex  1.445697e+02 -2.532549e+01 0.000000e+00
     vertex  1.500000e+02 -2.287174e+01 9.658675e+00
     vertex  1.445697e+02 -2.333397e+01 9.853872e+00
   endloop
 endfacet
 facet normal  9.0298850257e-02 -8.2567138615e-01 5.5687779605e-01
   outer loop
     vertex  1.445697e+02 -2.333397e+01 9.853872e+00
     vertex  1.500000e+02 -2.287174e+01 9.658675e+00
     vertex  1.500000e+02 -1.754964e+01 1.754964e+01
   endloop
 endfacet
 facet normal  9.0298850257e-02 -8.2567138615e-01 5.5687779605e-01
   outer loop
     vertex  1.445697e+02 -2.333397e+01 9.853872e+00
     vertex  1.500000e+02 -1.754964e+01 1.754964e+01
     vertex  1.445697e+02 -1.790431e+01 1.790431e+01
   endloop
 endfacet
 facet normal  9.0298850257e-02 -5.5687779605e-01 8.2567138615e-01
   outer loop
     vertex  1.445697e+02 -1.790431e+01 1.790431e+01
     vertex  1.500000e+02 -1.754964e+01 1.754964e+01
     vertex  1.500000e+02 -9.658675e+00 2.287174e+01
   endloop
 endfacet
 facet normal  9.0298850257e-02 -5.5687779605e-01 8.2567138615e-01
   outer loop
     vertex  1.445697e+02 -1.790431e+01 1.790431e+01
     vertex  1.500000e+02 -9.658675e+00 2.287174e+01
     vertex  1.445697e+02 -9.853872e+00 2.333397e+01
   endloop
 endfacet
 facet normal  9.0185161155e-02 -1.9729261585e-01 9.7618761539e-01
   outer loop
     vertex  1.445697e+02 -9.853872e+00 2.333397e+01
     vertex  1.500000e+02 -9.658675e+00 2.287174e+01
     vertex  1.500000e+02 0.000000e+00 2.482381e+01
   endloop
 endfacet
 facet normal  9.0185161155e-02 -1.9729261585e-01 9.7618761539e-01
   outer loop
     vertex  1.445697e+02 -9.853872e+00 2.333397e+01
     vertex  1.500000e+02 0.000000e+00 2.482381e+01
     vertex  1.445697e+02 0.000000e+00 2.532549e+01
   endloop
 endfacet
 facet normal  9.0185161155e-02 1.9729261585e-01 9.7618761539e-01
   outer loop
     vertex  1.445697e+02 0.000000e+00 2.532549e+01
     vertex  1.500000e+02 0.000000e+00 2.482381e+01
     vertex  1.445697e+02 9.853872e+00 2.333397e+01
   endloop
 endfacet
 facet normal  9.0185161155e-02 1.9729261585e-01 9.7618761539e-01
   outer loop
     vertex  1.500000e+02 0.000000e+00 2.482381e+01
     vertex  1.500000e+02 9.658675e+00 2.287174e+01
     vertex  1.445697e+02 9.853872e+00 2.333397e+01
   endloop
 endfacet
 facet normal  9.0298850257e-02 5.5687779605e-01 8.2567138615e-01
   outer loop
     vertex  1.445697e+02 9.853872e+00 2.333397e+01
     vertex  1.500000e+02 9.658675e+00 2.287174e+01
     vertex  1.445697e+02 1.790431e+01 1.790431e+01
   endloop
 endfacet
 facet normal  9.0298850257e-02 5.5687779605e-01 8.2567138615e-01
   outer loop
     vertex  1.500000e+02 9.658675e+00 2.287174e+01
     vertex  1.500000e+02 1.754964e+01 1.754964e+01
     vertex  1.445697e+02 1.790431e+01 1.790431e+01
   endloop
 endfacet
 facet normal  9.0298850257e-02 8.2567138615e-01 5.5687779605e-01
   outer loop
     vertex  1.445697e+02 1.790431e+01 1.790431e+01
     vertex  1.500000e+02 1.754964e+01 1.754964e+01
     vertex  1.445697e+02 2.333397e+01 9.853872e+00
   endloop
 endfacet
 facet normal  9.0298850257e-02 8.2567138615e-01 5.5687779605e-01
   outer loop
     vertex  1.500000e+02 1.754964e+01 1.754964e+01
     vertex  1.500000e+02 2.287174e+01 9.658675e+00
     vertex  1.445697e+02 2.333397e+01 9.853872e+00
   endloop
 endfacet
 facet normal  9.0185161155e-02 9.7618761539e-01 1.9729261585e-01
   outer loop
     vertex  1.445697e+02 2.333397e+01 9.853872e+00
     vertex  1.500000e+02 2.287174e+01 9.658675e+00
     vertex  1.445697e+02 2.532549e+01 0.000000e+00
   endloop
 endfacet
 facet normal  9.0185161155e-02 9.7618761539e-01 1.9729261585e-01
   outer loop
     vertex  1.500000e+02 2.287174e+01 9.658675e+00
     vertex  1.500000e+02 2.482381e+01 0.000000e+00
     vertex  1.445697e+02 2.532549e+01 0.000000e+00
   endloop
 endfacet
 facet normal  -4.5157003340e-02 9.7918309847e-01 -1.9789215428e-01
   outer loop
     vertex  1.500000e+02 2.482381e+01 0.000000e+00
     vertex  1.576066e+02 2.517460e+01 -5.551115e-17
     vertex  1.576066e+02 2.319619e+01 -9.789328e+00
   endloop
 endfacet
 facet normal  -4.5164482697e-02 9.7918162836e-01 -1.9789772151e-01
   outer loop
     vertex  1.500000e+02 2.482381e+01 0.000000e+00
     vertex  1.576066e+02 2.319619e+01 -9.789328e+00
     vertex  1.500000e+02 2.287174e+01 -9.658675e+00
   endloop
 endfacet
 facet normal  -4.4923421535e-02 8.2836018061e-01 -5.5839170604e-01
   outer loop
     vertex  1.500000e+02 2.287174e+01 -9.658675e+00
     vertex  1.576066e+02 2.319619e+01 -9.789328e+00
     vertex  1.576066e+02 1.779776e+01 -1.779776e+01
   endloop
 endfacet
 facet normal  -4.5235731348e-02 8.2820965295e-01 -5.5858974155e-01
   outer loop
     vertex  1.500000e+02 2.287174e+01 -9.658675e+00
     vertex  1.576066e+02 1.779776e+01 -1.779776e+01
     vertex  1.500000e+02 1.754964e+01 -1.754964e+01
   endloop
 endfacet
 facet normal  -4.5233548041e-02 5.5838388386e-01 -8.2834857661e-01
   outer loop
     vertex  1.500000e+02 1.754964e+01 -1.754964e+01
     vertex  1.576066e+02 1.779776e+01 -1.779776e+01
     vertex  1.576066e+02 9.789328e+00 -2.319619e+01
   endloop
 endfacet
 facet normal  -4.4921041092e-02 5.5859768175e-01 -8.2822142571e-01
   outer loop
     vertex  1.500000e+02 1.754964e+01 -1.754964e+01
     vertex  1.576066e+02 9.789328e+00 -2.319619e+01
     vertex  1.500000e+02 9.658675e+00 -2.287174e+01
   endloop
 endfacet
 facet normal  -4.5164434589e-02 1.9789208773e-01 -9.7918276918e-01
   outer loop
     vertex  1.500000e+02 9.658675e+00 -2.287174e+01
     vertex  1.576066e+02 9.789328e+00 -2.319619e+01
     vertex  1.576066e+02 -2.075868e-16 -2.517460e+01
   endloop
 endfacet
 facet normal  -4.5156950934e-02 1.9789778896e-01 -9.7918196210e-01
   outer loop
     vertex  1.500000e+02 9.658675e+00 -2.287174e+01
     vertex  1.576066e+02 -2.075868e-16 -2.517460e+01
     vertex  1.500000e+02 0.000000e+00 -2.482381e+01
   endloop
 endfacet
 facet normal  -4.5156950934e-02 -1.9789778896e-01 -9.7918196210e-01
   outer loop
     vertex  1.500000e+02 0.000000e+00 -2.482381e+01
     vertex  1.576066e+02 -2.075868e-16 -2.517460e+01
     vertex  1.500000e+02 -9.658675e+00 -2.287174e+01
   endloop
 endfacet
 facet normal  -4.5164434589e-02 -1.9789208773e-01 -9.7918276918e-01
   outer loop
     vertex  1.576066e+02 -2.075868e-16 -2.517460e+01
     vertex  1.576066e+02 -9.789328e+00 -2.319619e+01
     vertex  1.500000e+02 -9.658675e+00 -2.287174e+01
   endloop
 endfacet
 facet normal  -4.4921041092e-02 -5.5859768175e-01 -8.2822142571e-01
   outer loop
     vertex  1.500000e+02 -9.658675e+00 -2.287174e+01
     vertex  1.576066e+02 -9.789328e+00 -2.319619e+01
     vertex  1.500000e+02 -1.754964e+01 -1.754964e+01
   endloop
 endfacet
 facet normal  -4.5233548041e-02 -5.5838388386e-01 -8.2834857661e-01
   outer loop
     vertex  1.576066e+02 -9.789328e+00 -2.319619e+01
     vertex  1.576066e+02 -1.779776e+01 -1.779776e+01
     vertex  1.500000e+02 -1.754964e+01 -1.754964e+01
   endloop
 endfacet
 facet normal  -4.5235731348e-02 -8.2820965295e-01 -5.5858974155e-01
   outer loop
     vertex  1.500000e+02 -1.754964e+01 -1.754964e+01
     vertex  1.576066e+02 -1.779776e+01 -1.779776e+01
     vertex  1.500000e+02 -2.287174e+01 -9.658675e+00
   endloop
 endfacet
 facet normal  -4.4923421535e-02 -8.2836018061e-01 -5.5839170604e-01
   outer loop
     vertex  1.576066e+02 -1.779776e+01 -1.779776e+01
     vertex  1.576066e+02 -2.319619e+01 -9.789328e+00
     vertex  1.500000e+02 -2.287174e+01 -9.658675e+00
   endloop
 endfacet
 facet normal  -4.5164482697e-02 -9.7918162836e-01 -1.9789772151e-01
   outer loop
     vertex  1.500000e+02 -2.287174e+01 -9.658675e+00
     vertex  1.576066e+02 -2.319619e+01 -9.789328e+00
     vertex  1.500000e+02 -2.482381e+01 0.000000e+00
   endloop
 endfacet
 facet normal  -4.5157003340e-02 -9.7918309847e-01 -1.9789215428e-01
   outer loop
     vertex  1.576066e+02 -2.319619e+01 -9.789328e+00
     vertex  1.576066e+02 -2.517460e+01 2.174196e-16
     vertex  1.500000e+02 -2.482381e+01 0.000000e+00
   endloop
 endfacet
 facet normal  -4.5157003340e-02 -9.7918309847e-01 1.9789215428e-01
   outer loop
     vertex  1.500000e+02 -2.482381e+01 0.000000e+00
     vertex  1.576066e+02 -2.517460e+01 2.174196e-16
     vertex  1.576066e+02 -2.319619e+01 9.789328e+00
   endloop
 endfacet
 facet normal  -4.5164482697e-02 -9.7918162836e-01 1.9789772151e-01
   outer loop
     vertex  1.500000e+02 -2.482381e+01 0.000000e+00
     vertex  1.576066e+02 -2.319619e+01 9.789328e+00
     vertex  1.500000e+02 -2.287174e+01 9.658675e+00
   endloop
 endfacet
 facet normal  -4.4923421535e-02 -8.2836018061e-01 5.5839170604e-01
   outer loop
     vertex  1.500000e+02 -2.287174e+01 9.658675e+00
     vertex  1.576066e+02 -2.319619e+01 9.789328e+00
     vertex  1.576066e+02 -1.779776e+01 1.779776e+01
   endloop
 endfacet
 facet normal  -4.5235731348e-02 -8.2820965295e-01 5.5858974155e-01
   outer loop
     vertex  1.500000e+02 -2.287174e+01 9.658675e+00
     vertex  1.576066e+02 -1.779776e+01 1.779776e+01
     vertex  1.500000e+02 -1.754964e+01 1.754964e+01
   endloop
 endfacet
 facet normal  -4.5233548041e-02 -5.5838388386e-01 8.2834857661e-01
   outer loop
     vertex  1.500000e+02 -1.754964e+01 1.754964e+01
     vertex  1.576066e+02 -1.779776e+01 1.779776e+01
     vertex  1.576066e+02 -9.789328e+00 2.319619e+01
   endloop
 endfacet
 facet normal  -4.4921041092e-02 -5.5859768175e-01 8.2822142571e-01
   outer loop
     vertex  1.500000e+02 -1.754964e+01 1.754964e+01
     vertex  1.576066e+02 -9.789328e+00 2.319619e+01
     vertex  1.500000e+02 -9.658675e+00 2.287174e+01
   endloop
 endfacet
 facet normal  -4.5164434589e-02 -1.9789208773e-01 9.7918276918e-01
   outer loop
     vertex  1.500000e+02 -9.658675e+00 2.287174e+01
     vertex  1.576066e+02 -9.789328e+00 2.319619e+01
     vertex  1.576066e+02 -3.445745e-16 2.517460e+01
   endloop
 endfacet
 facet normal  -4.5156950934e-02 -1.9789778896e-01 9.7918196210e-01
   outer loop
     vertex  1.500000e+02 -9.658675e+00 2.287174e+01
     vertex  1.576066e+02 -3.445745e-16 2.517460e+01
     vertex  1.500000e+02 0.000000e+00 2.482381e+01
   endloop
 endfacet
 facet normal  -4.5156950934e-02 1.9789778896e-01 9.7918196210e-01
   outer loop
     vertex  1.500000e+02 0.000000e+00 2.482381e+01
     vertex  1.576066e+02 -3.445745e-16 2.517460e+01
     vertex  1.500000e+02 9.658675e+00 2.287174e+01
   endloop
 endfacet
 facet normal  -4.5164434589e-02 1.9789208773e-01 9.7918276918e-01
   outer loop
     vertex  1.576066e+02 -3.445745e-16 2.517460e+01
     vertex  1.576066e+02 9.789328e+00 2.319619e+01
     vertex  1.500000e+02 9.658675e+00 2.287174e+01
   endloop
 endfacet
 facet normal  -4.4921041092e-02 5.5859768175e-01 8.2822142571e-01
   outer loop
     vertex  1.500000e+02 9.658675e+00 2.287174e+01
     vertex  1.576066e+02 9.789328e+00 2.319619e+01
     vertex  1.500000e+02 1.754964e+01 1.754964e+01
   endloop
 endfacet
 facet normal  -4.5233548041e-02 5.5838388386e-01 8.2834857661e-01
   outer loop
     vertex  1.576066e+02 9.789328e+00 2.319619e+01
     vertex  1.576066e+02 1.779776e+01 1.779776e+01
     vertex  1.500000e+02 1.754964e+01 1.754964e+01
   endloop
 endfacet
 facet normal  -4.5235731348e-02 8.2820965295e-01 5.5858974155e-01
   outer loop
     vertex  1.500000e+02 1.754964e+01 1.754964e+01
     vertex  1.576066e+02 1.779776e+01 1.779776e+01
     vertex  1.500000e+02 2.287174e+01 9.658675e+00
   endloop
 endfacet
 facet normal  -4.4923421535e-02 8.2836018061e-01 5.5839170604e-01
   outer loop
     vertex  1.576066e+02 1.779776e+01 1.779776e+01
     vertex  1.576066e+02 2.319619e+01 9.789328e+00
     vertex  1.500000e+02 2.287174e+01 9.658675e+00
   endloop
 endfacet
 facet normal  -4.5164482697e-02 9.7918162836e-01 1.9789772151e-01
   outer loop
     vertex  1.500000e+02 2.287174e+01 9.658675e+00
     vertex  1.576066e+02 2.319619e+01 9.789328e+00
     vertex  1.500000e+02 2.482381e+01 0.000000e+00
   endloop
 endfacet
 facet normal  -4.5157003340e-02 9.7918309847e-01 1.9789215428e-01
   outer loop
     vertex  1.576066e+02 2.319619e+01 9.789328e+00
     vertex  1.576066e+02 2.517460e+01 0.000000e+00
     vertex  1.500000e+02 2.482381e+01 0.000000e+00
   endloop
 endfacet
 facet normal  -4.4859563308e-02 9.7919844729e-01 -1.9788385585e-01
   outer loop
     vertex  1.576066e+02 2.517460e+01 -5.551115e-17
     vertex  1.687090e+02 2.568323e+01 -1.665335e-16
     vertex  1.687090e+02 2.366730e+01 -9.975558e+00
   endloop
 endfacet
 facet normal  -4.4869684752e-02 9.7919578820e-01 -1.9789471887e-01
   outer loop
     vertex  1.576066e+02 2.517460e+01 -5.551115e-17
     vertex  1.687090e+02 2.366730e+01 -9.975558e+00
     vertex  1.576066e+02 2.319619e+01 -9.789328e+00
   endloop
 endfacet
 facet normal  -4.4521691354e-02 8.2864393478e-01 -5.5800273149e-01
   outer loop
     vertex  1.576066e+02 2.319619e+01 -9.789328e+00
     vertex  1.687090e+02 2.366730e+01 -9.975558e+00
     vertex  1.687090e+02 1.815758e+01 -1.815758e+01
   endloop
 endfacet
 facet normal  -4.4943608343e-02 8.2835942772e-01 -5.5839119852e-01
   outer loop
     vertex  1.576066e+02 2.319619e+01 -9.789328e+00
     vertex  1.687090e+02 1.815758e+01 -1.815758e+01
     vertex  1.576066e+02 1.779776e+01 -1.779776e+01
   endloop
 endfacet
 facet normal  -4.4939397725e-02 5.5799228484e-01 -8.2862842131e-01
   outer loop
     vertex  1.576066e+02 1.779776e+01 -1.779776e+01
     vertex  1.687090e+02 1.815758e+01 -1.815758e+01
     vertex  1.687090e+02 9.975558e+00 -2.366730e+01
   endloop
 endfacet
 facet normal  -4.4516986134e-02 5.5840187573e-01 -8.2837526709e-01
   outer loop
     vertex  1.576066e+02 1.779776e+01 -1.779776e+01
     vertex  1.687090e+02 9.975558e+00 -2.366730e+01
     vertex  1.576066e+02 9.789328e+00 -2.319619e+01
   endloop
 endfacet
 facet normal  -4.4869595136e-02 1.9788376661e-01 -9.7919800569e-01
   outer loop
     vertex  1.576066e+02 9.789328e+00 -2.319619e+01
     vertex  1.687090e+02 9.975558e+00 -2.366730e+01
     vertex  1.687090e+02 -6.227605e-16 -2.568323e+01
   endloop
 endfacet
 facet normal  -4.4859462105e-02 1.9789480981e-01 -9.7919623820e-01
   outer loop
     vertex  1.576066e+02 9.789328e+00 -2.319619e+01
     vertex  1.687090e+02 -6.227605e-16 -2.568323e+01
     vertex  1.576066e+02 -2.075868e-16 -2.517460e+01
   endloop
 endfacet
 facet normal  -4.4859462105e-02 -1.9789480981e-01 -9.7919623820e-01
   outer loop
     vertex  1.576066e+02 -2.075868e-16 -2.517460e+01
     vertex  1.687090e+02 -6.227605e-16 -2.568323e+01
     vertex  1.576066e+02 -9.789328e+00 -2.319619e+01
   endloop
 endfacet
 facet normal  -4.4869595136e-02 -1.9788376661e-01 -9.7919800569e-01
   outer loop
     vertex  1.687090e+02 -6.227605e-16 -2.568323e+01
     vertex  1.687090e+02 -9.975558e+00 -2.366730e+01
     vertex  1.576066e+02 -9.789328e+00 -2.319619e+01
   endloop
 endfacet
 facet normal  -4.4516986134e-02 -5.5840187573e-01 -8.2837526709e-01
   outer loop
     vertex  1.576066e+02 -9.789328e+00 -2.319619e+01
     vertex  1.687090e+02 -9.975558e+00 -2.366730e+01
     vertex  1.576066e+02 -1.779776e+01 -1.779776e+01
   endloop
 endfacet
 facet normal  -4.4939397725e-02 -5.5799228484e-01 -8.2862842131e-01
   outer loop
     vertex  1.687090e+02 -9.975558e+00 -2.366730e+01
     vertex  1.687090e+02 -1.815758e+01 -1.815758e+01
     vertex  1.576066e+02 -1.779776e+01 -1.779776e+01
   endloop
 endfacet
 facet normal  -4.4943608343e-02 -8.2835942772e-01 -5.5839119852e-01
   outer loop
     vertex  1.576066e+02 -1.779776e+01 -1.779776e+01
     vertex  1.687090e+02 -1.815758e+01 -1.815758e+01
     vertex  1.576066e+02 -2.319619e+01 -9.789328e+00
   endloop
 endfacet
 facet normal  -4.4521691354e-02 -8.2864393478e-01 -5.5800273149e-01
   outer loop
     vertex  1.687090e+02 -1.815758e+01 -1.815758e+01
     vertex  1.687090e+02 -2.366730e+01 -9.975558e+00
     vertex  1.576066e+02 -2.319619e+01 -9.789328e+00
   endloop
 endfacet
 facet normal  -4.4869684752e-02 -9.7919578820e-01 -1.9789471887e-01
   outer loop
     vertex  1.576066e+02 -2.319619e+01 -9.789328e+00
     vertex  1.687090e+02 -2.366730e+01 -9.975558e+00
     vertex  1.576066e+02 -2.517460e+01 2.174196e-16
   endloop
 endfacet
 facet normal  -4.4859563308e-02 -9.7919844729e-01 -1.9788385585e-01
   outer loop
     vertex  1.687090e+02 -2.366730e+01 -9.975558e+00
     vertex  1.687090e+02 -2.568323e+01 6.522588e-16
     vertex  1.576066e+02 -2.517460e+01 2.174196e-16
   endloop
 endfacet
 facet normal  -4.4859563308e-02 -9.7919844729e-01 1.9788385585e-01
   outer loop
     vertex  1.576066e+02 -2.517460e+01 2.174196e-16
     vertex  1.687090e+02 -2.568323e+01 6.522588e-16
     vertex  1.687090e+02 -2.366730e+01 9.975558e+00
   endloop
 endfacet
 facet normal  -4.4869684752e-02 -9.7919578820e-01 1.9789471887e-01
   outer loop
     vertex  1.576066e+02 -2.517460e+01 2.174196e-16
     vertex  1.687090e+02 -2.366730e+01 9.975558e+00
     vertex  1.576066e+02 -2.319619e+01 9.789328e+00
   endloop
 endfacet
 facet normal  -4.4521691354e-02 -8.2864393478e-01 5.5800273149e-01
   outer loop
     vertex  1.576066e+02 -2.319619e+01 9.789328e+00
     vertex  1.687090e+02 -2.366730e+01 9.975558e+00
     vertex  1.687090e+02 -1.815758e+01 1.815758e+01
   endloop
 endfacet
 facet normal  -4.4943608343e-02 -8.2835942772e-01 5.5839119852e-01
   outer loop
     vertex  1.576066e+02 -2.319619e+01 9.789328e+00
     vertex  1.687090e+02 -1.815758e+01 1.815758e+01
     vertex  1.576066e+02 -1.779776e+01 1.779776e+01
   endloop
 endfacet
 facet normal  -4.4939397725e-02 -5.5799228484e-01 8.2862842131e-01
   outer loop
     vertex  1.576066e+02 -1.779776e+01 1.779776e+01
     vertex  1.687090e+02 -1.815758e+01 1.815758e+01
     vertex  1.687090e+02 -9.975558e+00 2.366730e+01
   endloop
 endfacet
 facet normal  -4.4516986134e-02 -5.5840187573e-01 8.2837526709e-01
   outer loop
     vertex  1.576066e+02 -1.779776e+01 1.779776e+01
     vertex  1.687090e+02 -9.975558e+00 2.366730e+01
     vertex  1.576066e+02 -9.789328e+00 2.319619e+01
   endloop
 endfacet
 facet normal  -4.4869595136e-02 -1.9788376661e-01 9.7919800569e-01
   outer loop
     vertex  1.576066e+02 -9.789328e+00 2.319619e+01
     vertex  1.687090e+02 -9.975558e+00 2.366730e+01
     vertex  1.687090e+02 -1.033724e-15 2.568323e+01
   endloop
 endfacet
 facet normal  -4.4859462105e-02 -1.9789480981e-01 9.7919623820e-01
   outer loop
     vertex  1.576066e+02 -9.789328e+00 2.319619e+01
     vertex  1.687090e+02 -1.033724e-15 2.568323e+01
     vertex  1.576066e+02 -3.445745e-16 2.517460e+01
   endloop
 endfacet
 facet normal  -4.4859462105e-02 1.9789480981e-01 9.7919623820e-01
   outer loop
     vertex  1.576066e+02 -3.445745e-16 2.517460e+01
     vertex  1.687090e+02 -1.033724e-15 2.568323e+01
     vertex  1.576066e+02 9.789328e+00 2.319619e+01
   endloop
 endfacet
 facet normal  -4.4869595136e-02 1.9788376661e-01 9.7919800569e-01
   outer loop
     vertex  1.687090e+02 -1.033724e-15 2.568323e+01
     vertex  1.687090e+02 9.975558e+00 2.366730e+01
     vertex  1.576066e+02 9.789328e+00 2.319619e+01
   endloop
 endfacet
 facet normal  -4.4516986134e-02 5.5840187573e-01 8.2837526709e-01
   outer loop
     vertex  1.576066e+02 9.789328e+00 2.319619e+01
     vertex  1.687090e+02 9.975558e+00 2.366730e+01
     vertex  1.576066e+02 1.779776e+01 1.779776e+01
   endloop
 endfacet
 facet normal  -4.4939397725e-02 5.5799228484e-01 8.2862842131e-01
   outer loop
     vertex  1.687090e+02 9.975558e+00 2.366730e+01
     vertex  1.687090e+02 1.815758e+01 1.815758e+01
     vertex  1.576066e+02 1.779776e+01 1.779776e+01
   endloop
 endfacet
 facet normal  -4.4943608343e-02 8.2835942772e-01 5.5839119852e-01
   outer loop
     vertex  1.576066e+02 1.779776e+01 1.779776e+01
     vertex  1.687090e+02 1.815758e+01 1.815758e+01
     vertex  1.576066e+02 2.319619e+01 9.789328e+00
   endloop
 endfacet
 facet normal  -4.4521691354e-02 8.2864393478e-01 5.5800273149e-01
   outer loop
     vertex  1.687090e+02 1.815758e+01 1.815758e+01
     vertex  1.687090e+02 2.366730e+01 9.975558e+00
     vertex  1.576066e+02 2.319619e+01 9.789328e+00
   endloop
 endfacet
 facet normal  -4.4869684752e-02 9.7919578820e-01 1.9789471887e-01
   outer loop
     vertex  1.576066e+02 2.319619e+01 9.789328e+00
     vertex  1.687090e+02 2.366730e+01 9.975558e+00
     vertex  1.576066e+02 2.517460e+01 0.000000e+00
   endloop
 endfacet
 facet normal  -4.4859563308e-02 9.7919844729e-01 1.9788385585e-01
   outer loop
     vertex  1.687090e+02 2.366730e+01 9.975558e+00
     vertex  1.687090e+02 2.568323e+01 0.000000e+00
     vertex  1.576066e+02 2.517460e+01 0.000000e+00
   endloop
 endfacet
 facet normal  1.1885394218e-02 9.8011767404e-01 -1.9806080493e-01
   outer loop
     vertex  1.687090e+02 2.568323e+01 -1.665335e-16
     vertex  1.810082e+02 2.553409e+01 -2.498002e-16
     vertex  1.810082e+02 2.353174e+01 -9.908772e+00
   endloop
 endfacet
 facet normal  1.1878272517e-02 9.8011604547e-01 -1.9806929105e-01
   outer loop
     vertex  1.687090e+02 2.568323e+01 -1.665335e-16
     vertex  1.810082e+02 2.353174e+01 -9.908772e+00
     vertex  1.687090e+02 2.366730e+01 -9.975558e+00
   endloop
 endfacet
 facet normal  1.2175015140e-02 8.2961184780e-01 -5.5820780270e-01
   outer loop
     vertex  1.687090e+02 2.366730e+01 -9.975558e+00
     vertex  1.810082e+02 2.353174e+01 -9.908772e+00
     vertex  1.810082e+02 1.805232e+01 -1.805232e+01
   endloop
 endfacet
 facet normal  1.1878740556e-02 8.2940789607e-01 -5.5851717741e-01
   outer loop
     vertex  1.687090e+02 2.366730e+01 -9.975558e+00
     vertex  1.810082e+02 1.805232e+01 -1.805232e+01
     vertex  1.687090e+02 1.815758e+01 -1.815758e+01
   endloop
 endfacet
 facet normal  1.1877880731e-02 5.5820979773e-01 -8.2961481283e-01
   outer loop
     vertex  1.687090e+02 1.815758e+01 -1.815758e+01
     vertex  1.810082e+02 1.805232e+01 -1.805232e+01
     vertex  1.810082e+02 9.908772e+00 -2.353174e+01
   endloop
 endfacet
 facet normal  1.2174403841e-02 5.5851519114e-01 -8.2940494643e-01
   outer loop
     vertex  1.687090e+02 1.815758e+01 -1.815758e+01
     vertex  1.810082e+02 9.908772e+00 -2.353174e+01
     vertex  1.687090e+02 9.975558e+00 -2.366730e+01
   endloop
 endfacet
 facet normal  1.1878245396e-02 1.9806082175e-01 -9.8011775730e-01
   outer loop
     vertex  1.687090e+02 9.975558e+00 -2.366730e+01
     vertex  1.810082e+02 9.908772e+00 -2.353174e+01
     vertex  1.810082e+02 -9.341408e-16 -2.553409e+01
   endloop
 endfacet
 facet normal  1.1885373467e-02 1.9806927434e-01 -9.8011596276e-01
   outer loop
     vertex  1.687090e+02 9.975558e+00 -2.366730e+01
     vertex  1.810082e+02 -9.341408e-16 -2.553409e+01
     vertex  1.687090e+02 -6.227605e-16 -2.568323e+01
   endloop
 endfacet
 facet normal  1.1885373467e-02 -1.9806927434e-01 -9.8011596276e-01
   outer loop
     vertex  1.687090e+02 -6.227605e-16 -2.568323e+01
     vertex  1.810082e+02 -9.341408e-16 -2.553409e+01
     vertex  1.687090e+02 -9.975558e+00 -2.366730e+01
   endloop
 endfacet
 facet normal  1.1878245396e-02 -1.9806082175e-01 -9.8011775730e-01
   outer loop
     vertex  1.810082e+02 -9.341408e-16 -2.553409e+01
     vertex  1.810082e+02 -9.908772e+00 -2.353174e+01
     vertex  1.687090e+02 -9.975558e+00 -2.366730e+01
   endloop
 endfacet
 facet normal  1.2174403841e-02 -5.5851519114e-01 -8.2940494643e-01
   outer loop
     vertex  1.687090e+02 -9.975558e+00 -2.366730e+01
     vertex  1.810082e+02 -9.908772e+00 -2.353174e+01
     vertex  1.687090e+02 -1.815758e+01 -1.815758e+01
   endloop
 endfacet
 facet normal  1.1877880731e-02 -5.5820979773e-01 -8.2961481283e-01
   outer loop
     vertex  1.810082e+02 -9.908772e+00 -2.353174e+01
     vertex  1.810082e+02 -1.805232e+01 -1.805232e+01
     vertex  1.687090e+02 -1.815758e+01 -1.815758e+01
   endloop
 endfacet
 facet normal  1.1878740556e-02 -8.2940789607e-01 -5.5851717741e-01
   outer loop
     vertex  1.687090e+02 -1.815758e+01 -1.815758e+01
     vertex  1.810082e+02 -1.805232e+01 -1.805232e+01
     vertex  1.687090e+02 -2.366730e+01 -9.975558e+00
   endloop
 endfacet
 facet normal  1.2175015140e-02 -8.2961184780e-01 -5.5820780270e-01
   outer loop
     vertex  1.810082e+02 -1.805232e+01 -1.805232e+01
     vertex  1.810082e+02 -2.353174e+01 -9.908772e+00
     vertex  1.687090e+02 -2.366730e+01 -9.975558e+00
   endloop
 endfacet
 facet normal  1.1878272517e-02 -9.8011604547e-01 -1.9806929105e-01
   outer loop
     vertex  1.687090e+02 -2.366730e+01 -9.975558e+00
     vertex  1.810082e+02 -2.353174e+01 -9.908772e+00
     vertex  1.687090e+02 -2.568323e+01 6.522588e-16
   endloop
 endfacet
 facet normal  1.1885394218e-02 -9.8011767404e-01 -1.9806080493e-01
   outer loop
     vertex  1.810082e+02 -2.353174e+01 -9.908772e+00
     vertex  1.810082e+02 -2.553409e+01 9.783882e-16
     vertex  1.687090e+02 -2.568323e+01 6.522588e-16
   endloop
 endfacet
 facet normal  1.1885394218e-02 -9.8011767404e-01 1.9806080493e-01
   outer loop
     vertex  1.687090e+02 -2.568323e+01 6.522588e-16
     vertex  1.810082e+02 -2.553409e+01 9.783882e-16
     vertex  1.810082e+02 -2.353174e+01 9.908772e+00
   endloop
 endfacet
 facet normal  1.1878272517e-02 -9.8011604547e-01 1.9806929105e-01
   outer loop
     vertex  1.687090e+02 -2.568323e+01 6.522588e-16
     vertex  1.810082e+02 -2.353174e+01 9.908772e+00
     vertex  1.687090e+02 -2.366730e+01 9.975558e+00
   endloop
 endfacet
 facet normal  1.2175015140e-02 -8.2961184780e-01 5.5820780270e-01
   outer loop
     vertex  1.687090e+02 -2.366730e+01 9.975558e+00
     vertex  1.810082e+02 -2.353174e+01 9.908772e+00
     vertex  1.810082e+02 -1.805232e+01 1.805232e+01
   endloop
 endfacet
 facet normal  1.1878740556e-02 -8.2940789607e-01 5.5851717741e-01
   outer loop
     vertex  1.687090e+02 -2.366730e+01 9.975558e+00
     vertex  1.810082e+02 -1.805232e+01 1.805232e+01
     vertex  1.687090e+02 -1.815758e+01 1.815758e+01
   endloop
 endfacet
 facet normal  1.1877880731e-02 -5.5820979773e-01 8.2961481283e-01
   outer loop
     vertex  1.687090e+02 -1.815758e+01 1.815758e+01
     vertex  1.810082e+02 -1.805232e+01 1.805232e+01
     vertex  1.810082e+02 -9.908772e+00 2.353174e+01
   endloop
 endfacet
 facet normal  1.2174403841e-02 -5.5851519114e-01 8.2940494643e-01
   outer loop
     vertex  1.687090e+02 -1.815758e+01 1.815758e+01
     vertex  1.810082e+02 -9.908772e+00 2.353174e+01
     vertex  1.687090e+02 -9.975558e+00 2.366730e+01
   endloop
 endfacet
 facet normal  1.1878245396e-02 -1.9806082175e-01 9.8011775730e-01
   outer loop
     vertex  1.687090e+02 -9.975558e+00 2.366730e+01
     vertex  1.810082e+02 -9.908772e+00 2.353174e+01
     vertex  1.810082e+02 -1.550585e-15 2.553409e+01
   endloop
 endfacet
 facet normal  1.1885373467e-02 -1.9806927434e-01 9.8011596276e-01
   outer loop
     vertex  1.687090e+02 -9.975558e+00 2.366730e+01
     vertex  1.810082e+02 -1.550585e-15 2.553409e+01
     vertex  1.687090e+02 -1.033724e-15 2.568323e+01
   endloop
 endfacet
 facet normal  1.1885373467e-02 1.9806927434e-01 9.8011596276e-01
   outer loop
     vertex  1.687090e+02 -1.033724e-15 2.568323e+01
     vertex  1.810082e+02 -1.550585e-15 2.553409e+01
     vertex  1.687090e+02 9.975558e+00 2.366730e+01
   endloop
 endfacet
 facet normal  1.1878245396e-02 1.9806082175e-01 9.8011775730e-01
   outer loop
     vertex  1.810082e+02 -1.550585e-15 2.553409e+01
     vertex  1.810082e+02 9.908772e+00 2.353174e+01
     vertex  1.687090e+02 9.975558e+00 2.366730e+01
   endloop
 endfacet
 facet normal  1.2174403841e-02 5.5851519114e-01 8.2940494643e-01
   outer loop
     vertex  1.687090e+02 9.975558e+00 2.366730e+01
     vertex  1.810082e+02 9.908772e+00 2.353174e+01
     vertex  1.687090e+02 1.815758e+01 1.815758e+01
   endloop
 endfacet
 facet normal  1.1877880731e-02 5.5820979773e-01 8.2961481283e-01
   outer loop
     vertex  1.810082e+02 9.908772e+00 2.353174e+01
     vertex  1.810082e+02 1.805232e+01 1.805232e+01
     vertex  1.687090e+02 1.815758e+01 1.815758e+01
   endloop
 endfacet
 facet normal  1.1878740556e-02 8.2940789607e-01 5.5851717741e-01
   outer loop
     vertex  1.687090e+02 1.815758e+01 1.815758e+01
     vertex  1.810082e+02 1.805232e+01 1.805232e+01
     vertex  1.687090e+02 2.366730e+01 9.975558e+00
   endloop
 endfacet
 facet normal  1.2175015140e-02 8.2961184780e-01 5.5820780270e-01
   outer loop
     vertex  1.810082e+02 1.805232e+01 1.805232e+01
     vertex  1.810082e+02 2.353174e+01 9.908772e+00
     vertex  1.687090e+02 2.366730e+01 9.975558e+00
   endloop
 endfacet
 facet normal  1.1878272517e-02 9.8011604547e-01 1.9806929105e-01
   outer loop
     vertex  1.687090e+02 2.366730e+01 9.975558e+00
     vertex  1.810082e+02 2.353174e+01 9.908772e+00
     vertex  1.687090e+02 2.568323e+01 0.000000e+00
   endloop
 endfacet
 facet normal  1.1885394218e-02 9.8011767404e-01 1.9806080493e-01
   outer loop
     vertex  1.810082e+02 2.353174e+01 9.908772e+00
     vertex  1.810082e+02 2.553409e+01 0.000000e+00
     vertex  1.687090e+02 2.568323e+01 0.000000e+00
   endloop
 endfacet
 facet normal  1.4062920061e-01 9.7044588413e-01 -1.9610765897e-01
   outer loop
     vertex  1.810082e+02 2.553409e+01 -2.498002e-16
     vertex  1.922049e+02 2.391155e+01 -2.220446e-16
     vertex  1.922049e+02 2.203617e+01 -9.280378e+00
   endloop
 endfacet
 facet normal  1.4063030591e-01 9.7044598571e-01 -1.9610636371e-01
   outer loop
     vertex  1.810082e+02 2.553409e+01 -2.498002e-16
     vertex  1.922049e+02 2.203617e+01 -9.280378e+00
     vertex  1.810082e+02 2.353174e+01 -9.908772e+00
   endloop
 endfacet
 facet normal  1.4073526058e-01 8.2138499280e-01 -5.5273888955e-01
   outer loop
     vertex  1.810082e+02 2.353174e+01 -9.908772e+00
     vertex  1.922049e+02 2.203617e+01 -9.280378e+00
     vertex  1.922049e+02 1.690518e+01 -1.690518e+01
   endloop
 endfacet
 facet normal  1.4078120681e-01 8.2141040290e-01 -5.5268942619e-01
   outer loop
     vertex  1.810082e+02 2.353174e+01 -9.908772e+00
     vertex  1.922049e+02 1.690518e+01 -1.690518e+01
     vertex  1.810082e+02 1.805232e+01 -1.805232e+01
   endloop
 endfacet
 facet normal  1.4078271182e-01 5.5273512309e-01 -8.2137939574e-01
   outer loop
     vertex  1.810082e+02 1.805232e+01 -1.805232e+01
     vertex  1.922049e+02 1.690518e+01 -1.690518e+01
     vertex  1.922049e+02 9.280378e+00 -2.203617e+01
   endloop
 endfacet
 facet normal  1.4073677656e-01 5.5269295256e-01 -8.2141564382e-01
   outer loop
     vertex  1.810082e+02 1.805232e+01 -1.805232e+01
     vertex  1.922049e+02 9.280378e+00 -2.203617e+01
     vertex  1.810082e+02 9.908772e+00 -2.353174e+01
   endloop
 endfacet
 facet normal  1.4063034200e-01 1.9610762685e-01 -9.7044572522e-01
   outer loop
     vertex  1.810082e+02 9.908772e+00 -2.353174e+01
     vertex  1.922049e+02 9.280378e+00 -2.203617e+01
     vertex  1.922049e+02 -8.303474e-16 -2.391155e+01
   endloop
 endfacet
 facet normal  1.4062923689e-01 1.9610639379e-01 -9.7044613454e-01
   outer loop
     vertex  1.810082e+02 9.908772e+00 -2.353174e+01
     vertex  1.922049e+02 -8.303474e-16 -2.391155e+01
     vertex  1.810082e+02 -9.341408e-16 -2.553409e+01
   endloop
 endfacet
 facet normal  1.4062923689e-01 -1.9610639379e-01 -9.7044613454e-01
   outer loop
     vertex  1.810082e+02 -9.341408e-16 -2.553409e+01
     vertex  1.922049e+02 -8.303474e-16 -2.391155e+01
     vertex  1.810082e+02 -9.908772e+00 -2.353174e+01
   endloop
 endfacet
 facet normal  1.4063034200e-01 -1.9610762685e-01 -9.7044572522e-01
   outer loop
     vertex  1.922049e+02 -8.303474e-16 -2.391155e+01
     vertex  1.922049e+02 -9.280378e+00 -2.203617e+01
     vertex  1.810082e+02 -9.908772e+00 -2.353174e+01
   endloop
 endfacet
 facet normal  1.4073677656e-01 -5.5269295256e-01 -8.2141564382e-01
   outer loop
     vertex  1.810082e+02 -9.908772e+00 -2.353174e+01
     vertex  1.922049e+02 -9.280378e+00 -2.203617e+01
     vertex  1.810082e+02 -1.805232e+01 -1.805232e+01
   endloop
 endfacet
 facet normal  1.4078271182e-01 -5.5273512309e-01 -8.2137939574e-01
   outer loop
     vertex  1.922049e+02 -9.280378e+00 -2.203617e+01
     vertex  1.922049e+02 -1.690518e+01 -1.690518e+01
     vertex  1.810082e+02 -1.805232e+01 -1.805232e+01
   endloop
 endfacet
 facet normal  1.4078120681e-01 -8.2141040290e-01 -5.5268942619e-01
   outer loop
     vertex  1.810082e+02 -1.805232e+01 -1.805232e+01
     vertex  1.922049e+02 -1.690518e+01 -1.690518e+01
     vertex  1.810082e+02 -2.353174e+01 -9.908772e+00
   endloop
 endfacet
 facet normal  1.4073526058e-01 -8.2138499280e-01 -5.5273888955e-01
   outer loop
     vertex  1.922049e+02 -1.690518e+01 -1.690518e+01
     vertex  1.922049e+02 -2.203617e+01 -9.280378e+00
     vertex  1.810082e+02 -2.353174e+01 -9.908772e+00
   endloop
 endfacet
 facet normal  1.4063030591e-01 -9.7044598571e-01 -1.9610636371e-01
   outer loop
     vertex  1.810082e+02 -2.353174e+01 -9.908772e+00
     vertex  1.922049e+02 -2.203617e+01 -9.280378e+00
     vertex  1.810082e+02 -2.553409e+01 9.783882e-16
   endloop
 endfacet
 facet normal  1.4062920061e-01 -9.7044588413e-01 -1.9610765897e-01
   outer loop
     vertex  1.922049e+02 -2.203617e+01 -9.280378e+00
     vertex  1.922049e+02 -2.391155e+01 8.696784e-16
     vertex  1.810082e+02 -2.553409e+01 9.783882e-16
   endloop
 endfacet
 facet normal  1.4062920061e-01 -9.7044588413e-01 1.9610765897e-01
   outer loop
     vertex  1.810082e+02 -2.553409e+01 9.783882e-16
     vertex  1.922049e+02 -2.391155e+01 8.696784e-16
     vertex  1.922049e+02 -2.203617e+01 9.280378e+00
   endloop
 endfacet
 facet normal  1.4063030591e-01 -9.7044598571e-01 1.9610636371e-01
   outer loop
     vertex  1.810082e+02 -2.553409e+01 9.783882e-16
     vertex  1.922049e+02 -2.203617e+01 9.280378e+00
     vertex  1.810082e+02 -2.353174e+01 9.908772e+00
   endloop
 endfacet
 facet normal  1.4073526058e-01 -8.2138499280e-01 5.5273888955e-01
   outer loop
     vertex  1.810082e+02 -2.353174e+01 9.908772e+00
     vertex  1.922049e+02 -2.203617e+01 9.280378e+00
     vertex  1.922049e+02 -1.690518e+01 1.690518e+01
   endloop
 endfacet
 facet normal  1.4078120681e-01 -8.2141040290e-01 5.5268942619e-01
   outer loop
     vertex  1.810082e+02 -2.353174e+01 9.908772e+00
     vertex  1.922049e+02 -1.690518e+01 1.690518e+01
     vertex  1.810082e+02 -1.805232e+01 1.805232e+01
   endloop
 endfacet
 facet normal  1.4078271182e-01 -5.5273512309e-01 8.2137939574e-01
   outer loop
     vertex  1.810082e+02 -1.805232e+01 1.805232e+01
     vertex  1.922049e+02 -1.690518e+01 1.690518e+01
     vertex  1.922049e+02 -9.280378e+00 2.203617e+01
   endloop
 endfacet
 facet normal  1.4073677656e-01 -5.5269295256e-01 8.2141564382e-01
   outer loop
     vertex  1.810082e+02 -1.805232e+01 1.805232e+01
     vertex  1.922049e+02 -9.280378e+00 2.203617e+01
     vertex  1.810082e+02 -9.908772e+00 2.353174e+01
   endloop
 endfacet
 facet normal  1.4063034200e-01 -1.9610762685e-01 9.7044572522e-01
   outer loop
     vertex  1.810082e+02 -9.908772e+00 2.353174e+01
     vertex  1.922049e+02 -9.280378e+00 2.203617e+01
     vertex  1.922049e+02 -1.378298e-15 2.391155e+01
   endloop
 endfacet
 facet normal  1.4062923689e-01 -1.9610639379e-01 9.7044613454e-01
   outer loop
     vertex  1.810082e+02 -9.908772e+00 2.353174e+01
     vertex  1.922049e+02 -1.378298e-15 2.391155e+01
     vertex  1.810082e+02 -1.550585e-15 2.553409e+01
   endloop
 endfacet
 facet normal  1.4062923689e-01 1.9610639379e-01 9.7044613454e-01
   outer loop
     vertex  1.810082e+02 -1.550585e-15 2.553409e+01
     vertex  1.922049e+02 -1.378298e-15 2.391155e+01
     vertex  1.810082e+02 9.908772e+00 2.353174e+01
   endloop
 endfacet
 facet normal  1.4063034200e-01 1.9610762685e-01 9.7044572522e-01
   outer loop
     vertex  1.922049e+02 -1.378298e-15 2.391155e+01
     vertex  1.922049e+02 9.280378e+00 2.203617e+01
     vertex  1.810082e+02 9.908772e+00 2.353174e+01
   endloop
 endfacet
 facet normal  1.4073677656e-01 5.5269295256e-01 8.2141564382e-01
   outer loop
     vertex  1.810082e+02 9.908772e+00 2.353174e+01
     vertex  1.922049e+02 9.280378e+00 2.203617e+01
     vertex  1.810082e+02 1.805232e+01 1.805232e+01
   endloop
 endfacet
 facet normal  1.4078271182e-01 5.5273512309e-01 8.2137939574e-01
   outer loop
     vertex  1.922049e+02 9.280378e+00 2.203617e+01
     vertex  1.922049e+02 1.690518e+01 1.690518e+01
     vertex  1.810082e+02 1.805232e+01 1.805232e+01
   endloop
 endfacet
 facet normal  1.4078120681e-01 8.2141040290e-01 5.5268942619e-01
   outer loop
     vertex  1.810082e+02 1.805232e+01 1.805232e+01
     vertex  1.922049e+02 1.690518e+01 1.690518e+01
     vertex  1.810082e+02 2.353174e+01 9.908772e+00
   endloop
 endfacet
 facet normal  1.4073526058e-01 8.2138499280e-01 5.5273888955e-01
   outer loop
     vertex  1.922049e+02 1.690518e+01 1.690518e+01
     vertex  1.922049e+02 2.203617e+01 9.280378e+00
     vertex  1.810082e+02 2.353174e+01 9.908772e+00
   endloop
 endfacet
 facet normal  1.4063030591e-01 9.7044598571e-01 1.9610636371e-01
   outer loop
     vertex  1.810082e+02 2.353174e+01 9.908772e+00
     vertex  1.922049e+02 2.203617e+01 9.280378e+00
     vertex  1.810082e+02 2.553409e+01 0.000000e+00
   endloop
 endfacet
 facet normal  1.4062920061e-01 9.7044588413e-01 1.9610765897e-01
   outer loop
     vertex  1.922049e+02 2.203617e+01 9.280378e+00
     vertex  1.922049e+02 2.391155e+01 0.000000e+00
     vertex  1.810082e+02 2.553409e+01 0.000000e+00
   endloop
 endfacet
 facet normal  4.4135346767e-01 8.7954984173e-01 -1.7776161704e-01
   outer loop
     vertex  1.922049e+02 2.391155e+01 -2.220446e-16
     vertex  2.000000e+02 2.000000e+01 0.000000e+00
     vertex  2.000000e+02 1.842726e+01 -7.781783e+00
   endloop
 endfacet
 facet normal  4.4137307710e-01 8.7954470315e-01 -1.7773835256e-01
   outer loop
     vertex  1.922049e+02 2.391155e+01 -2.220446e-16
     vertex  2.000000e+02 1.842726e+01 -7.781783e+00
     vertex  1.922049e+02 2.203617e+01 -9.280378e+00
   endloop
 endfacet
 facet normal  4.4097564886e-01 7.4409565637e-01 -5.0185867661e-01
   outer loop
     vertex  1.922049e+02 2.203617e+01 -9.280378e+00
     vertex  2.000000e+02 1.842726e+01 -7.781783e+00
     vertex  2.000000e+02 1.413936e+01 -1.413936e+01
   endloop
 endfacet
 facet normal  4.4179332208e-01 7.4428600721e-01 -5.0085626684e-01
   outer loop
     vertex  1.922049e+02 2.203617e+01 -9.280378e+00
     vertex  2.000000e+02 1.413936e+01 -1.413936e+01
     vertex  1.922049e+02 1.690518e+01 -1.690518e+01
   endloop
 endfacet
 facet normal  4.4186576614e-01 5.0161382669e-01 -7.4373262238e-01
   outer loop
     vertex  1.922049e+02 1.690518e+01 -1.690518e+01
     vertex  2.000000e+02 1.413936e+01 -1.413936e+01
     vertex  2.000000e+02 7.781783e+00 -1.842726e+01
   endloop
 endfacet
 facet normal  4.4105061826e-01 5.0106025091e-01 -7.4458913307e-01
   outer loop
     vertex  1.922049e+02 1.690518e+01 -1.690518e+01
     vertex  2.000000e+02 7.781783e+00 -1.842726e+01
     vertex  1.922049e+02 9.280378e+00 -2.203617e+01
   endloop
 endfacet
 facet normal  4.4137477387e-01 1.7775954099e-01 -8.7953956965e-01
   outer loop
     vertex  1.922049e+02 9.280378e+00 -2.203617e+01
     vertex  2.000000e+02 7.781783e+00 -1.842726e+01
     vertex  2.000000e+02 0.000000e+00 -2.000000e+01
   endloop
 endfacet
 facet normal  4.4135521134e-01 1.7774009316e-01 -8.7955331658e-01
   outer loop
     vertex  1.922049e+02 9.280378e+00 -2.203617e+01
     vertex  2.000000e+02 0.000000e+00 -2.000000e+01
     vertex  1.922049e+02 -8.303474e-16 -2.391155e+01
   endloop
 endfacet
 facet normal  4.4135521134e-01 -1.7774009316e-01 -8.7955331658e-01
   outer loop
     vertex  1.922049e+02 -8.303474e-16 -2.391155e+01
     vertex  2.000000e+02 0.000000e+00 -2.000000e+01
     vertex  1.922049e+02 -9.280378e+00 -2.203617e+01
   endloop
 endfacet
 facet normal  4.4137477387e-01 -1.7775954099e-01 -8.7953956965e-01
   outer loop
     vertex  2.000000e+02 0.000000e+00 -2.000000e+01
     vertex  2.000000e+02 -7.781783e+00 -1.842726e+01
     vertex  1.922049e+02 -9.280378e+00 -2.203617e+01
   endloop
 endfacet
 facet normal  4.4105061826e-01 -5.0106025091e-01 -7.4458913307e-01
   outer loop
     vertex  1.922049e+02 -9.280378e+00 -2.203617e+01
     vertex  2.000000e+02 -7.781783e+00 -1.842726e+01
     vertex  1.922049e+02 -1.690518e+01 -1.690518e+01
   endloop
 endfacet
 facet normal  4.4186576614e-01 -5.0161382669e-01 -7.4373262238e-01
   outer loop
     vertex  2.000000e+02 -7.781783e+00 -1.842726e+01
     vertex  2.000000e+02 -1.413936e+01 -1.413936e+01
     vertex  1.922049e+02 -1.690518e+01 -1.690518e+01
   endloop
 endfacet
 facet normal  4.4179332208e-01 -7.4428600721e-01 -5.0085626684e-01
   outer loop
     vertex  1.922049e+02 -1.690518e+01 -1.690518e+01
     vertex  2.000000e+02 -1.413936e+01 -1.413936e+01
     vertex  1.922049e+02 -2.203617e+01 -9.280378e+00
   endloop
 endfacet
 facet normal  4.4097564886e-01 -7.4409565637e-01 -5.0185867661e-01
   outer loop
     vertex  2.000000e+02 -1.413936e+01 -1.413936e+01
     vertex  2.000000e+02 -1.842726e+01 -7.781783e+00
     vertex  1.922049e+02 -2.203617e+01 -9.280378e+00
   endloop
 endfacet
 facet normal  4.4137307710e-01 -8.7954470315e-01 -1.7773835256e-01
   outer loop
     vertex  1.922049e+02 -2.203617e+01 -9.280378e+00
     vertex  2.000000e+02 -1.842726e+01 -7.781783e+00
     vertex  1.922049e+02 -2.391155e+01 8.696784e-16
   endloop
 endfacet
 facet normal  4.4135346767e-01 -8.7954984173e-01 -1.7776161704e-01
   outer loop
     vertex  2.000000e+02 -1.842726e+01 -7.781783e+00
     vertex  2.000000e+02 -2.000000e+01 0.000000e+00
     vertex  1.922049e+02 -2.391155e+01 8.696784e-16
   endloop
 endfacet
 facet normal  4.4135346767e-01 -8.7954984173e-01 1.7776161704e-01
   outer loop
     vertex  1.922049e+02 -2.391155e+01 8.696784e-16
     vertex  2.000000e+02 -2.000000e+01 0.000000e+00
     vertex  2.000000e+02 -1.842726e+01 7.781783e+00
   endloop
 endfacet
 facet normal  4.4137307710e-01 -8.7954470315e-01 1.7773835256e-01
   outer loop
     vertex  1.922049e+02 -2.391155e+01 8.696784e-16
     vertex  2.000000e+02 -1.842726e+01 7.781783e+00
     vertex  1.922049e+02 -2.203617e+01 9.280378e+00
   endloop
 endfacet
 facet normal  4.4097564886e-01 -7.4409565637e-01 5.0185867661e-01
   outer loop
     vertex  1.922049e+02 -2.203617e+01 9.280378e+00
     vertex  2.000000e+02 -1.842726e+01 7.781783e+00
     vertex  2.000000e+02 -1.413936e+01 1.413936e+01
   endloop
 endfacet
 facet normal  4.4179332208e-01 -7.4428600721e-01 5.0085626684e-01
   outer loop
     vertex  1.922049e+02 -2.203617e+01 9.280378e+00
     vertex  2.000000e+02 -1.413936e+01 1.413936e+01
     vertex  1.922049e+02 -1.690518e+01 1.690518e+01
   endloop
 endfacet
 facet normal  4.4186576614e-01 -5.0161382669e-01 7.4373262238e-01
   outer loop
     vertex  1.922049e+02 -1.690518e+01 1.690518e+01
     vertex  2.000000e+02 -1.413936e+01 1.413936e+01
     vertex  2.000000e+02 -7.781783e+00 1.842726e+01
   endloop
 endfacet
 facet normal  4.4105061826e-01 -5.0106025091e-01 7.4458913307e-01
   outer loop
     vertex  1.922049e+02 -1.690518e+01 1.690518e+01
     vertex  2.000000e+02 -7.781783e+00 1.842726e+01
     vertex  1.922049e+02 -9.280378e+00 2.203617e+01
   endloop
 endfacet
 facet normal  4.4137477387e-01 -1.7775954099e-01 8.7953956965e-01
   outer loop
     vertex  1.922049e+02 -9.280378e+00 2.203617e+01
     vertex  2.000000e+02 -7.781783e+00 1.842726e+01
     vertex  2.000000e+02 0.000000e+00 2.000000e+01
   endloop
 endfacet
 facet normal  4.4135521134e-01 -1.7774009316e-01 8.7955331658e-01
   outer loop
     vertex  1.922049e+02 -9.280378e+00 2.203617e+01
     vertex  2.000000e+02 0.000000e+00 2.000000e+01
     vertex  1.922049e+02 -1.378298e-15 2.391155e+01
   endloop
 endfacet
 facet normal  4.4135521134e-01 1.7774009316e-01 8.7955331658e-01
   outer loop
     vertex  1.922049e+02 -1.378298e-15 2.391155e+01
     vertex  2.000000e+02 0.000000e+00 2.000000e+01
     vertex  1.922049e+02 9.280378e+00 2.203617e+01
   endloop
 endfacet
 facet normal  4.4137477387e-01 1.7775954099e-01 8.7953956965e-01
   outer loop
     vertex  2.000000e+02 0.000000e+00 2.000000e+01
     vertex  2.000000e+02 7.781783e+00 1.842726e+01
     vertex  1.922049e+02 9.280378e+00 2.203617e+01
   endloop
 endfacet
 facet normal  4.4105061826e-01 5.0106025091e-01 7.4458913307e-01
   outer loop
     vertex  1.922049e+02 9.280378e+00 2.203617e+01
     vertex  2.000000e+02 7.781783e+00 1.842726e+01
     vertex  1.922049e+02 1.690518e+01 1.690518e+01
   endloop
 endfacet
 facet normal  4.4186576614e-01 5.0161382669e-01 7.4373262238e-01
   outer loop
     vertex  2.000000e+02 7.781783e+00 1.842726e+01
     vertex  2.000000e+02 1.413936e+01 1.413936e+01
     vertex  1.922049e+02 1.690518e+01 1.690518e+01
   endloop
 endfacet
 facet normal  4.4179332208e-01 7.4428600721e-01 5.0085626684e-01
   outer loop
     vertex  1.922049e+02 1.690518e+01 1.690518e+01
     vertex  2.000000e+02 1.413936e+01 1.413936e+01
     vertex  1.922049e+02 2.203617e+01 9.280378e+00
   endloop
 endfacet
 facet normal  4.4097564886e-01 7.4409565637e-01 5.0185867661e-01
   outer loop
     vertex  2.000000e+02 1.413936e+01 1.413936e+01
     vertex  2.000000e+02 1.842726e+01 7.781783e+00
     vertex  1.922049e+02 2.203617e+01 9.280378e+00
   endloop
 endfacet
 facet normal  4.4137307710e-01 8.7954470315e-01 1.7773835256e-01
   outer loop
     vertex  1.922049e+02 2.203617e+01 9.280378e+00
     vertex  2.000000e+02 1.842726e+01 7.781783e+00
     vertex  1.922049e+02 2.391155e+01 0.000000e+00
   endloop
 endfacet
 facet normal  4.4135346767e-01 8.7954984173e-01 1.7776161704e-01
   outer loop
     vertex  2.000000e+02 1.842726e+01 7.781783e+00
     vertex  2.000000e+02 2.000000e+01 0.000000e+00
     vertex  1.922049e+02 2.391155e+01 0.000000e+00
   endloop
 endfacet
endsolid
