ISO-10303-21;
HEADER;
FILE_DESCRIPTION((''),'1');
FILE_NAME('outfile.stp','2026-03-22T10:22:58',(''),(''),'','','');
FILE_SCHEMA(('CONFIG_CONTROL_DESIGN'));
ENDSEC;
DATA;
#1=CALENDAR_DATE(2000,1,1);
#2=COORDINATED_UNIVERSAL_TIME_OFFSET(0,0,.BEHIND.);
#3=LOCAL_TIME(12,0,0.,#2);
#4=DATE_AND_TIME(#1,#3);
#5=DIMENSIONAL_EXPONENTS(0.,0.,0.,0.,0.,0.,0.);
#6=(
LENGTH_UNIT()
NAMED_UNIT(*)
SI_UNIT(.MILLI.,.METRE.)
);
#7=LENGTH_MEASURE_WITH_UNIT(LENGTH_MEASURE(304.8),#6);
#8=DIMENSIONAL_EXPONENTS(1.,0.,0.,0.,0.,0.,0.);
#9=(
CONVERSION_BASED_UNIT('FOOT',#7)
LENGTH_UNIT()
NAMED_UNIT(#8)
);
#10=UNCERTAINTY_MEASURE_WITH_UNIT(LENGTH_MEASURE(1.E-06),#9,'closure','Threshold below which geometry imperfections (such as overlaps) are not considered errors.');
#11=(
NAMED_UNIT(*)
PLANE_ANGLE_UNIT()
SI_UNIT($,.RADIAN.)
);
#12=PLANE_ANGLE_MEASURE_WITH_UNIT(PLANE_ANGLE_MEASURE(0.0174532925199433),#11);
#13=(
CONVERSION_BASED_UNIT('DEGREES',#12)
NAMED_UNIT(#5)
PLANE_ANGLE_UNIT()
);
#14=(
NAMED_UNIT(*)
SI_UNIT($,.STERADIAN.)
SOLID_ANGLE_UNIT()
);
#15=(
GEOMETRIC_REPRESENTATION_CONTEXT(3)
GLOBAL_UNCERTAINTY_ASSIGNED_CONTEXT((#10))
GLOBAL_UNIT_ASSIGNED_CONTEXT((#9,#13,#14))
REPRESENTATION_CONTEXT('STANDARD','3D')
);
#16=CARTESIAN_POINT('',(0.,0.,0.));
#17=DIRECTION('',(0.,0.,1.));
#18=DIRECTION('',(1.,0.,0.));
#19=AXIS2_PLACEMENT_3D('',#16,#17,#18);
#20=APPLICATION_CONTEXT('configuration controlled 3d designs of mechanical parts and assemblies');
#21=MECHANICAL_CONTEXT('',#20,'mechanical');
#22=APPLICATION_PROTOCOL_DEFINITION('international standard','config_control_design',1994,#20);
#23=DESIGN_CONTEXT('',#20,'design');
#24=PRODUCT('','prodname','',(#21));
#25=PRODUCT_RELATED_PRODUCT_CATEGORY('assembly','',(#24));
#26=PRODUCT_DEFINITION_FORMATION_WITH_SPECIFIED_SOURCE('','',#24,.MADE.);
#27=PRODUCT_DEFINITION('','',#26,#23);
#28=PRODUCT_DEFINITION_SHAPE('','ProductShapeDescription',#27);
#29=SHAPE_REPRESENTATION('',(#19),#15);
#30=SHAPE_DEFINITION_REPRESENTATION(#28,#29);
#31=PERSON('','Doe','John',$,$,$);
#32=ORGANIZATION('','','');
#33=PERSON_AND_ORGANIZATION(#31,#32);
#34=PERSON_AND_ORGANIZATION_ROLE('creator');
#35=PERSON_AND_ORGANIZATION_ROLE('design_owner');
#36=PERSON_AND_ORGANIZATION_ROLE('design_supplier');
#37=APPROVAL_STATUS('approved');
#38=APPROVAL(#37,'');
#39=APPROVAL_DATE_TIME(#4,#38);
#40=APPROVAL_ROLE('approver');
#41=APPROVAL_PERSON_ORGANIZATION(#33,#38,#40);
#42=SECURITY_CLASSIFICATION_LEVEL('unclassified');
#43=SECURITY_CLASSIFICATION('','',#42);
#44=CC_DESIGN_SECURITY_CLASSIFICATION(#43,(#26));
#45=PERSON_AND_ORGANIZATION_ROLE('classification_officer');
#46=CC_DESIGN_PERSON_AND_ORGANIZATION_ASSIGNMENT(#33,#45,(#43));
#47=DATE_TIME_ROLE('classification_date');
#48=CC_DESIGN_DATE_AND_TIME_ASSIGNMENT(#4,#47,(#43));
#49=CC_DESIGN_APPROVAL(#38,(#27,#26,#43));
#50=CC_DESIGN_PERSON_AND_ORGANIZATION_ASSIGNMENT(#33,#34,(#27,#26));
#51=CC_DESIGN_PERSON_AND_ORGANIZATION_ASSIGNMENT(#33,#36,(#26));
#52=DATE_TIME_ROLE('creation_date');
#53=CC_DESIGN_DATE_AND_TIME_ASSIGNMENT(#4,#52,(#27));
#54=CC_DESIGN_PERSON_AND_ORGANIZATION_ASSIGNMENT(#33,#35,(#24));
#55=B_SPLINE_SURFACE_WITH_KNOTS('Surf_TOLSPEZTTR, Right, 0, 1, lower',1,3,((#56, #57, #58, #62, #63, #64, #68, #69, #70, #74, #75, #76, #80, #81, #82, #86, #87, #88, #92, #93, #94, #98, #99, #100, #104, #105, #106, #110, #111, #112, #116, #117, #118, #122, #123, #124, #128, #129, #130, #134, #135, #136, #140, #141, #142, #146, #147, #148, #152, #153, #154, #158, #159, #160, #164, #165, #166, #170, #171, #172, #176, #177, #178, #182, #183, #184, #188, #189, #190, #194, #195, #196, #200, #201, #202, #206, #207, #208, #212, #213, #214, #218, #219, #220, #224, #225, #226, #227),(#59, #60, #61, #65, #66, #67, #71, #72, #73, #77, #78, #79, #83, #84, #85, #89, #90, #91, #95, #96, #97, #101, #102, #103, #107, #108, #109, #113, #114, #115, #119, #120, #121, #125, #126, #127, #131, #132, #133, #137, #138, #139, #143, #144, #145, #149, #150, #151, #155, #156, #157, #161, #162, #163, #167, #168, #169, #173, #174, #175, #179, #180, #181, #185, #186, #187, #191, #192, #193, #197, #198, #199, #203, #204, #205, #209, #210, #211, #215, #216, #217, #221, #222, #223, #228, #229, #230, #231)),.UNSPECIFIED.,.F.,.F.,.F.,(2,2),(4,3,3,3,3,3,3,3,3,3,3,3,3,3,3,3,3,3,3,3,3,3,3,3,3,3,3,3,3,4),(0.,1.),(0.,1.,2.,3.,4.,5.,6.,7.,8.,9.,10.,11.,12.,13.,14.,15.,16.,17.,18.,19.,20.,21.,22.,23.,24.,25.,26.,27.,28.,29.),.PIECEWISE_BEZIER_KNOTS.);
#56=CARTESIAN_POINT('',(0.08,0.,0.));
#57=CARTESIAN_POINT('',(0.0766477052958088,0.,-5.36680075380325E-18));
#58=CARTESIAN_POINT('',(0.0732935296721456,0.,-1.73472347597681E-18));
#59=CARTESIAN_POINT('',(0.08,0.,0.));
#60=CARTESIAN_POINT('',(0.076647705295808,0.,-0.000313573448858639));
#61=CARTESIAN_POINT('',(0.0732935296721455,0.,-0.000606963200807204));
#62=CARTESIAN_POINT('',(0.0699378998194379,0.,-2.16840434497101E-18));
#63=CARTESIAN_POINT('',(0.0665822699667303,0.,-2.92734586571086E-18));
#64=CARTESIAN_POINT('',(0.0632251803468443,0.,-3.79470760369927E-18));
#65=CARTESIAN_POINT('',(0.0699378998194379,0.,-0.000882571660685306));
#66=CARTESIAN_POINT('',(0.0665822699667303,0.,-0.00115818012056341));
#67=CARTESIAN_POINT('',(0.0632251803468442,0.,-0.00141602635996849));
#68=CARTESIAN_POINT('',(0.0598667675342566,0.,-2.38524477946811E-18));
#69=CARTESIAN_POINT('',(0.0565083547216688,0.,-7.58941520739853E-19));
#70=CARTESIAN_POINT('',(0.0531486102727523,0.,-3.90312782094782E-18));
#71=CARTESIAN_POINT('',(0.0598667675342565,0.,-0.00165535875699183));
#72=CARTESIAN_POINT('',(0.0565083547216688,0.,-0.00189469115401518));
#73=CARTESIAN_POINT('',(0.0531486102727523,0.,-0.00211551361084481));
#74=CARTESIAN_POINT('',(0.0497874999627303,0.,-1.95156391047391E-18));
#75=CARTESIAN_POINT('',(0.0464263896527082,0.,0.));
#76=CARTESIAN_POINT('',(0.0430638974468915,0.,-1.0842021724855E-18));
#77=CARTESIAN_POINT('',(0.0497874999627302,0.,-0.002313387176184));
#78=CARTESIAN_POINT('',(0.0464263896527082,0.,-0.00251126074152319));
#79=CARTESIAN_POINT('',(0.0430638974468915,0.,-0.00268617864571596));
#80=CARTESIAN_POINT('',(0.0397000011936869,0.,-1.0842021724855E-18));
#81=CARTESIAN_POINT('',(0.0380180530670846,0.,-8.67361737988404E-19));
#82=CARTESIAN_POINT('',(0.0363357580201874,0.,2.16840434497101E-19));
#83=CARTESIAN_POINT('',(0.0397000011936869,0.,-0.00282925397119719));
#84=CARTESIAN_POINT('',(0.0380180530670846,0.,-0.0029007916339378));
#85=CARTESIAN_POINT('',(0.0363357580201874,0.,-0.0029640679528281));
#86=CARTESIAN_POINT('',(0.0346531408789163,0.,-1.0842021724855E-18));
#87=CARTESIAN_POINT('',(0.0329705237376452,0.,-2.38524477946811E-18));
#88=CARTESIAN_POINT('',(0.031287585606035,0.,-1.51788304147971E-18));
#89=CARTESIAN_POINT('',(0.0346531408789163,0.,-0.00301763900029798));
#90=CARTESIAN_POINT('',(0.0329705237376452,0.,-0.00307121004776787));
#91=CARTESIAN_POINT('',(0.031287585606035,0.,-0.00311482729877409));
#92=CARTESIAN_POINT('',(0.0296044124706484,0.,-6.50521303491303E-19));
#93=CARTESIAN_POINT('',(0.0279212393352619,0.,2.16840434497101E-19));
#94=CARTESIAN_POINT('',(0.0262378233613061,0.,0.));
#95=CARTESIAN_POINT('',(0.0296044124706484,0.,-0.0031462014803482));
#96=CARTESIAN_POINT('',(0.0279212393352618,0.,-0.0031775756619223));
#97=CARTESIAN_POINT('',(0.0262378233613061,0.,-0.00319673062025582));
#98=CARTESIAN_POINT('',(0.0245543596213967,0.,0.));
#99=CARTESIAN_POINT('',(0.0228708958814873,0.,0.));
#100=CARTESIAN_POINT('',(0.0211873597083916,0.,2.16840434497101E-19));
#101=CARTESIAN_POINT('',(0.0245543596213967,0.,-0.00320029088554252));
#102=CARTESIAN_POINT('',(0.0228708958814873,0.,-0.00320385115082923));
#103=CARTESIAN_POINT('',(0.0211873597083916,0.,-0.00319204984960255));
#104=CARTESIAN_POINT('',(0.0195042103781584,0.,0.));
#105=CARTESIAN_POINT('',(0.0186626357130418,0.,-2.16840434497101E-19));
#106=CARTESIAN_POINT('',(0.0178211618581658,0.,4.33680868994202E-19));
#107=CARTESIAN_POINT('',(0.0195042103781584,0.,-0.00315950585003766));
#108=CARTESIAN_POINT('',(0.0186626357130418,0.,-0.00314323385025522));
#109=CARTESIAN_POINT('',(0.0178211618581658,0.,-0.00312175367308921));
#110=CARTESIAN_POINT('',(0.0169798694467146,0.,2.16840434497101E-19));
#111=CARTESIAN_POINT('',(0.0165592232409891,0.,0.));
#112=CARTESIAN_POINT('',(0.0161386335222836,0.,-2.16840434497101E-19));
#113=CARTESIAN_POINT('',(0.0169798694467146,0.,-0.00309430500100748));
#114=CARTESIAN_POINT('',(0.016559223240989,0.,-0.00308058066496662));
#115=CARTESIAN_POINT('',(0.0161386335222836,0.,-0.0030652790591466));
#116=CARTESIAN_POINT('',(0.0157181084638359,0.,-2.16840434497101E-19));
#117=CARTESIAN_POINT('',(0.0152975834053881,0.,0.));
#118=CARTESIAN_POINT('',(0.0148771119426524,0.,8.67361737988404E-19));
#119=CARTESIAN_POINT('',(0.0157181084638359,0.,-0.00304831831352327));
#120=CARTESIAN_POINT('',(0.0152975834053881,0.,-0.00303135756789995));
#121=CARTESIAN_POINT('',(0.0148771119426523,0.,-0.00301283387033624));
#122=CARTESIAN_POINT('',(0.0144567508592199,0.,8.67361737988404E-19));
#123=CARTESIAN_POINT('',(0.0136160286923549,0.,8.67361737988404E-19));
#124=CARTESIAN_POINT('',(0.0127755945896476,0.,0.));
#125=CARTESIAN_POINT('',(0.0144567508592199,0.,-0.00299230505319273));
#126=CARTESIAN_POINT('',(0.0136160286923549,0.,-0.0029512474189057));
#127=CARTESIAN_POINT('',(0.0127755945896476,0.,-0.00290328453544891));
#128=CARTESIAN_POINT('',(0.0119358388153532,0.,0.));
#129=CARTESIAN_POINT('',(0.0110960830410588,0.,2.16840434497101E-19));
#130=CARTESIAN_POINT('',(0.010256901945391,0.,-1.0842021724855E-18));
#131=CARTESIAN_POINT('',(0.0119358388153532,0.,-0.00284574891665558));
#132=CARTESIAN_POINT('',(0.0110960830410588,0.,-0.00278821329786225));
#133=CARTESIAN_POINT('',(0.010256901945391,0.,-0.00272175884476621));
#134=CARTESIAN_POINT('',(0.0094188386668814,0.,0.));
#135=CARTESIAN_POINT('',(0.0085807753883718,0.,8.67361737988404E-19));
#136=CARTESIAN_POINT('',(0.00774377850962256,0.,6.50521303491303E-19));
#137=CARTESIAN_POINT('',(0.0094188386668814,0.,-0.00264316769558591));
#138=CARTESIAN_POINT('',(0.0085807753883718,0.,-0.0025645765464056));
#139=CARTESIAN_POINT('',(0.00774377850962256,0.,-0.00247406976426389));
#140=CARTESIAN_POINT('',(0.00690902234859346,0.,8.67361737988404E-19));
#141=CARTESIAN_POINT('',(0.00649164426807891,0.,1.0842021724855E-18));
#142=CARTESIAN_POINT('',(0.00607478514956272,0.,4.33680868994202E-19));
#143=CARTESIAN_POINT('',(0.00690902234859345,0.,-0.00236592927760455));
#144=CARTESIAN_POINT('',(0.0064916442680789,0.,-0.00231185903427488));
#145=CARTESIAN_POINT('',(0.00607478514956272,0.,-0.0022535582006392));
#146=CARTESIAN_POINT('',(0.00565885329445803,0.,-4.33680868994202E-19));
#147=CARTESIAN_POINT('',(0.00524292143935332,0.,-1.51788304147971E-18));
#148=CARTESIAN_POINT('',(0.00482779399443045,0.,2.81892564846231E-18));
#149=CARTESIAN_POINT('',(0.00565885329445803,0.,-0.00218933801361556));
#150=CARTESIAN_POINT('',(0.00524292143935333,0.,-0.00212511782659193));
#151=CARTESIAN_POINT('',(0.00482779399443043,0.,-0.00205543916230815));
#152=CARTESIAN_POINT('',(0.00441413506533824,0.,1.30104260698261E-18));
#153=CARTESIAN_POINT('',(0.00420730560079214,0.,8.67361737988404E-19));
#154=CARTESIAN_POINT('',(0.00400083790339865,0.,5.42101086242752E-19));
#155=CARTESIAN_POINT('',(0.00441413506533824,0.,-0.00197788050627031));
#156=CARTESIAN_POINT('',(0.00420730560079214,0.,-0.0019391011782514));
#157=CARTESIAN_POINT('',(0.00400083790339865,0.,-0.00189838164317986));
#158=CARTESIAN_POINT('',(0.00379484600001686,0.,2.16840434497101E-19));
#159=CARTESIAN_POINT('',(0.00358885409663508,0.,-3.25260651745651E-19));
#160=CARTESIAN_POINT('',(0.00338334814258473,0.,1.0842021724855E-19));
#161=CARTESIAN_POINT('',(0.00379484600001686,0.,-0.0018553421909732));
#162=CARTESIAN_POINT('',(0.00358885409663508,0.,-0.00181230273876654));
#163=CARTESIAN_POINT('',(0.00338334814258473,0.,-0.00176690564346072));
#164=CARTESIAN_POINT('',(0.00317858582650529,0.,1.51788304147971E-18));
#165=CARTESIAN_POINT('',(0.00297382351042585,0.,2.60208521396521E-18));
#166=CARTESIAN_POINT('',(0.00276967631905146,0.,1.62630325872826E-18));
#167=CARTESIAN_POINT('',(0.00317858582650528,0.,-0.00171841579303834));
#168=CARTESIAN_POINT('',(0.00297382351042584,0.,-0.00166992594261596));
#169=CARTESIAN_POINT('',(0.00276967631905145,0.,-0.00161868203511768));
#170=CARTESIAN_POINT('',(0.00256662490729752,0.,1.30104260698261E-18));
#171=CARTESIAN_POINT('',(0.00236357349554358,0.,1.84314369322536E-18));
#172=CARTESIAN_POINT('',(0.00216151993055232,0.,1.95156391047391E-18));
#173=CARTESIAN_POINT('',(0.00256662490729751,0.,-0.00156343451700014));
#174=CARTESIAN_POINT('',(0.00236357349554358,0.,-0.00150818699888261));
#175=CARTESIAN_POINT('',(0.00216151993055232,0.,-0.00144915353154624));
#176=CARTESIAN_POINT('',(0.00196122444078139,0.,-1.0842021724855E-19));
#177=CARTESIAN_POINT('',(0.00176092895101045,0.,-2.60208521396521E-18));
#178=CARTESIAN_POINT('',(0.00156220260095443,0.,4.11996825544492E-18));
#179=CARTESIAN_POINT('',(0.00196122444078139,0.,-0.00138463542832291));
#180=CARTESIAN_POINT('',(0.00176092895101045,0.,-0.00132011732509957));
#181=CARTESIAN_POINT('',(0.00156220260095442,0.,-0.00125045049290537));
#182=CARTESIAN_POINT('',(0.00136679049611614,0.,-3.25260651745651E-19));
#183=CARTESIAN_POINT('',(0.00117137839127786,0.,-5.31259064517897E-18));
#184=CARTESIAN_POINT('',(0.000978876535437888,0.,-1.2793585635329E-17));
#185=CARTESIAN_POINT('',(0.00136679049611614,0.,-0.00117238641549812));
#186=CARTESIAN_POINT('',(0.00117137839127787,0.,-0.00109432233809087));
#187=CARTESIAN_POINT('',(0.000978876535437912,0.,-0.00100836194430379));
#188=CARTESIAN_POINT('',(0.000793922897877282,0.,-9.75781955236954E-19));
#189=CARTESIAN_POINT('',(0.00070144607909698,0.,6.01732205729455E-18));
#190=CARTESIAN_POINT('',(0.000610976697860562,0.,-6.01732205729455E-18));
#191=CARTESIAN_POINT('',(0.000793922897877284,0.,-0.000907942384465254));
#192=CARTESIAN_POINT('',(0.000701446079096969,0.,-0.000857732604545986));
#193=CARTESIAN_POINT('',(0.000610976697860572,0.,-0.000803756629867175));
#194=CARTESIAN_POINT('',(0.000524047476450649,0.,-5.09575021068187E-18));
#195=CARTESIAN_POINT('',(0.000437118255040737,0.,-4.98732999343332E-18));
#196=CARTESIAN_POINT('',(0.000353669385272125,0.,3.10081821330854E-17));
#197=CARTESIAN_POINT('',(0.000524047476450656,0.,-0.00074445927975579));
#198=CARTESIAN_POINT('',(0.000437118255040744,0.,-0.000685161929644406));
#199=CARTESIAN_POINT('',(0.000353669385272092,0.,-0.000620460219315519));
#200=CARTESIAN_POINT('',(0.000277716033355766,0.,7.04731412115578E-18));
#201=CARTESIAN_POINT('',(0.000239739357397587,0.,-4.98732999343332E-18));
#202=CARTESIAN_POINT('',(0.000203708727451042,0.,5.33969569949111E-18));
#203=CARTESIAN_POINT('',(0.000277716033355759,0.,-0.000547635899305279));
#204=CARTESIAN_POINT('',(0.000239739357397592,0.,-0.000511223739300159));
#205=CARTESIAN_POINT('',(0.000203708727451038,0.,-0.000472748510183105));
#206=CARTESIAN_POINT('',(0.000170641561933964,0.,-2.24971950790742E-18));
#207=CARTESIAN_POINT('',(0.000137574396416886,0.,-8.6465123255719E-18));
#208=CARTESIAN_POINT('',(0.00010752723631363,0.,1.59919820441612E-18));
#209=CARTESIAN_POINT('',(0.000170641561933966,0.,-0.000431818329303468));
#210=CARTESIAN_POINT('',(0.000137574396416893,0.,-0.000390888148423829));
#211=CARTESIAN_POINT('',(0.000107527236313628,0.,-0.000347466828483253));
#212=CARTESIAN_POINT('',(8.20725948399969E-05,0.,4.49943901581484E-18));
#213=CARTESIAN_POINT('',(5.66179533663628E-05,0.,4.77048955893622E-18));
#214=CARTESIAN_POINT('',(3.58639741020403E-05,0.,-5.42101086242752E-19));
#215=CARTESIAN_POINT('',(8.20725948399944E-05,0.,-0.000301415191586367));
#216=CARTESIAN_POINT('',(5.66179533663605E-05,0.,-0.00025536355468948));
#217=CARTESIAN_POINT('',(3.58639741020395E-05,0.,-0.000206645491743103));
#218=CARTESIAN_POINT('',(2.16672834903875E-05,0.,1.01372903127395E-17));
#219=CARTESIAN_POINT('',(1.45689381845613E-05,0.,1.47587020729589E-17));
#220=CARTESIAN_POINT('',(9.13335243130504E-06,0.,-3.17806761809813E-18));
#221=CARTESIAN_POINT('',(2.16672834903847E-05,0.,-0.00015596707431376));
#222=CARTESIAN_POINT('',(1.45689381845577E-05,0.,-0.000130627865599089));
#223=CARTESIAN_POINT('',(9.13335243130572E-06,0.,-0.000104871710394555));
#224=CARTESIAN_POINT('',(5.50101832007332E-06,0.,-5.27193306371077E-18));
#225=CARTESIAN_POINT('',(1.86868420884202E-06,0.,-4.39101879856629E-18));
#226=CARTESIAN_POINT('',(-6.64888992183856E-37,0.,-1.49586018485109E-18));
#227=CARTESIAN_POINT('',(0.,0.,0.));
#228=CARTESIAN_POINT('',(5.50101832007415E-06,0.,-7.87752795001567E-05));
#229=CARTESIAN_POINT('',(1.86868420884259E-06,0.,-5.26788486057587E-05));
#230=CARTESIAN_POINT('',(-1.16621039008354E-23,0.,-2.62057381966447E-05));
#231=CARTESIAN_POINT('',(0.,0.,0.));
#232=B_SPLINE_SURFACE_WITH_KNOTS('Surf_TOLSPEZTTR, Right, 0, 4, upper',1,3,((#233, #234, #235, #239, #240, #241, #245, #246, #247, #251, #252, #253, #257, #258, #259, #263, #264, #265, #269, #270, #271, #275, #276, #277, #281, #282, #283, #287, #288, #289, #293, #294, #295, #299, #300, #301, #305, #306, #307, #311, #312, #313, #317, #318, #319, #323, #324, #325, #329, #330, #331, #335, #336, #337, #341, #342, #343, #347, #348, #349, #353, #354, #355, #359, #360, #361, #365, #366, #367, #371, #372, #373, #377, #378, #379, #383, #384, #385, #389, #390, #391, #395, #396, #397, #401, #402, #403, #404),(#236, #237, #238, #242, #243, #244, #248, #249, #250, #254, #255, #256, #260, #261, #262, #266, #267, #268, #272, #273, #274, #278, #279, #280, #284, #285, #286, #290, #291, #292, #296, #297, #298, #302, #303, #304, #308, #309, #310, #314, #315, #316, #320, #321, #322, #326, #327, #328, #332, #333, #334, #338, #339, #340, #344, #345, #346, #350, #351, #352, #356, #357, #358, #362, #363, #364, #368, #369, #370, #374, #375, #376, #380, #381, #382, #386, #387, #388, #392, #393, #394, #398, #399, #400, #405, #406, #407, #408)),.UNSPECIFIED.,.F.,.F.,.F.,(2,2),(4,3,3,3,3,3,3,3,3,3,3,3,3,3,3,3,3,3,3,3,3,3,3,3,3,3,3,3,3,4),(0.,1.),(0.,1.,2.,3.,4.,5.,6.,7.,8.,9.,10.,11.,12.,13.,14.,15.,16.,17.,18.,19.,20.,21.,22.,23.,24.,25.,26.,27.,28.,29.),.PIECEWISE_BEZIER_KNOTS.);
#233=CARTESIAN_POINT('',(0.,0.,0.));
#234=CARTESIAN_POINT('',(-6.64888992183856E-37,0.,-1.49586018485109E-18));
#235=CARTESIAN_POINT('',(1.86868420884202E-06,0.,-4.39101879856629E-18));
#236=CARTESIAN_POINT('',(0.,0.,0.));
#237=CARTESIAN_POINT('',(1.1662103900834E-23,0.,2.62057381966417E-05));
#238=CARTESIAN_POINT('',(1.86868420884146E-06,0.,5.26788486057499E-05));
#239=CARTESIAN_POINT('',(5.50101832007332E-06,0.,-5.27193306371077E-18));
#240=CARTESIAN_POINT('',(9.13335243130504E-06,0.,-3.17806761809813E-18));
#241=CARTESIAN_POINT('',(1.45689381845613E-05,0.,1.47587020729589E-17));
#242=CARTESIAN_POINT('',(5.50101832007249E-06,0.,7.87752795001461E-05));
#243=CARTESIAN_POINT('',(9.13335243130436E-06,0.,0.000104871710394548));
#244=CARTESIAN_POINT('',(1.45689381845649E-05,0.,0.000130627865599119));
#245=CARTESIAN_POINT('',(2.16672834903875E-05,0.,1.01372903127395E-17));
#246=CARTESIAN_POINT('',(3.58639741020403E-05,0.,-5.42101086242752E-19));
#247=CARTESIAN_POINT('',(5.66179533663628E-05,0.,4.77048955893622E-18));
#248=CARTESIAN_POINT('',(2.16672834903903E-05,0.,0.00015596707431378));
#249=CARTESIAN_POINT('',(3.58639741020411E-05,0.,0.000206645491743102));
#250=CARTESIAN_POINT('',(5.6617953366365E-05,0.,0.00025536355468949));
#251=CARTESIAN_POINT('',(8.20725948399969E-05,0.,4.49943901581484E-18));
#252=CARTESIAN_POINT('',(0.00010752723631363,0.,1.59919820441612E-18));
#253=CARTESIAN_POINT('',(0.000137574396416886,0.,-8.6465123255719E-18));
#254=CARTESIAN_POINT('',(8.20725948399994E-05,0.,0.000301415191586376));
#255=CARTESIAN_POINT('',(0.000107527236313631,0.,0.000347466828483256));
#256=CARTESIAN_POINT('',(0.000137574396416879,0.,0.000390888148423812));
#257=CARTESIAN_POINT('',(0.000170641561933964,0.,-2.24971950790742E-18));
#258=CARTESIAN_POINT('',(0.000203708727451042,0.,5.33969569949111E-18));
#259=CARTESIAN_POINT('',(0.000239739357397587,0.,-4.98732999343332E-18));
#260=CARTESIAN_POINT('',(0.000170641561933962,0.,0.000431818329303464));
#261=CARTESIAN_POINT('',(0.000203708727451046,0.,0.000472748510183116));
#262=CARTESIAN_POINT('',(0.000239739357397582,0.,0.000511223739300149));
#263=CARTESIAN_POINT('',(0.000277716033355766,0.,7.04731412115578E-18));
#264=CARTESIAN_POINT('',(0.000353669385272125,0.,3.10081821330854E-17));
#265=CARTESIAN_POINT('',(0.000437118255040737,0.,-4.98732999343332E-18));
#266=CARTESIAN_POINT('',(0.000277716033355774,0.,0.000547635899305293));
#267=CARTESIAN_POINT('',(0.000353669385272157,0.,0.000620460219315581));
#268=CARTESIAN_POINT('',(0.00043711825504073,0.,0.000685161929644396));
#269=CARTESIAN_POINT('',(0.000524047476450649,0.,-5.09575021068187E-18));
#270=CARTESIAN_POINT('',(0.000610976697860562,0.,-6.01732205729455E-18));
#271=CARTESIAN_POINT('',(0.00070144607909698,0.,6.01732205729455E-18));
#272=CARTESIAN_POINT('',(0.000524047476450642,0.,0.00074445927975578));
#273=CARTESIAN_POINT('',(0.000610976697860553,0.,0.000803756629867163));
#274=CARTESIAN_POINT('',(0.000701446079096991,0.,0.000857732604545998));
#275=CARTESIAN_POINT('',(0.000793922897877282,0.,-9.75781955236954E-19));
#276=CARTESIAN_POINT('',(0.000978876535437888,0.,-1.2793585635329E-17));
#277=CARTESIAN_POINT('',(0.00117137839127786,0.,-5.31259064517897E-18));
#278=CARTESIAN_POINT('',(0.00079392289787728,0.,0.000907942384465252));
#279=CARTESIAN_POINT('',(0.000978876535437864,0.,0.00100836194430376));
#280=CARTESIAN_POINT('',(0.00117137839127785,0.,0.00109432233809086));
#281=CARTESIAN_POINT('',(0.00136679049611614,0.,-3.25260651745651E-19));
#282=CARTESIAN_POINT('',(0.00156220260095443,0.,4.11996825544492E-18));
#283=CARTESIAN_POINT('',(0.00176092895101045,0.,-2.60208521396521E-18));
#284=CARTESIAN_POINT('',(0.00136679049611614,0.,0.00117238641549812));
#285=CARTESIAN_POINT('',(0.00156220260095444,0.,0.00125045049290538));
#286=CARTESIAN_POINT('',(0.00176092895101044,0.,0.00132011732509957));
#287=CARTESIAN_POINT('',(0.00196122444078139,0.,-1.0842021724855E-19));
#288=CARTESIAN_POINT('',(0.00216151993055232,0.,1.95156391047391E-18));
#289=CARTESIAN_POINT('',(0.00236357349554358,0.,1.84314369322536E-18));
#290=CARTESIAN_POINT('',(0.00196122444078139,0.,0.00138463542832291));
#291=CARTESIAN_POINT('',(0.00216151993055233,0.,0.00144915353154625));
#292=CARTESIAN_POINT('',(0.00236357349554359,0.,0.00150818699888261));
#293=CARTESIAN_POINT('',(0.00256662490729752,0.,1.30104260698261E-18));
#294=CARTESIAN_POINT('',(0.00276967631905146,0.,1.62630325872826E-18));
#295=CARTESIAN_POINT('',(0.00297382351042585,0.,2.60208521396521E-18));
#296=CARTESIAN_POINT('',(0.00256662490729752,0.,0.00156343451700015));
#297=CARTESIAN_POINT('',(0.00276967631905146,0.,0.00161868203511768));
#298=CARTESIAN_POINT('',(0.00297382351042586,0.,0.00166992594261596));
#299=CARTESIAN_POINT('',(0.00317858582650529,0.,1.51788304147971E-18));
#300=CARTESIAN_POINT('',(0.00338334814258473,0.,1.0842021724855E-19));
#301=CARTESIAN_POINT('',(0.00358885409663508,0.,-3.25260651745651E-19));
#302=CARTESIAN_POINT('',(0.00317858582650529,0.,0.00171841579303834));
#303=CARTESIAN_POINT('',(0.00338334814258472,0.,0.00176690564346072));
#304=CARTESIAN_POINT('',(0.00358885409663507,0.,0.00181230273876654));
#305=CARTESIAN_POINT('',(0.00379484600001686,0.,2.16840434497101E-19));
#306=CARTESIAN_POINT('',(0.00400083790339865,0.,5.42101086242752E-19));
#307=CARTESIAN_POINT('',(0.00420730560079214,0.,8.67361737988404E-19));
#308=CARTESIAN_POINT('',(0.00379484600001686,0.,0.0018553421909732));
#309=CARTESIAN_POINT('',(0.00400083790339865,0.,0.00189838164317986));
#310=CARTESIAN_POINT('',(0.00420730560079215,0.,0.0019391011782514));
#311=CARTESIAN_POINT('',(0.00441413506533824,0.,1.30104260698261E-18));
#312=CARTESIAN_POINT('',(0.00482779399443045,0.,2.81892564846231E-18));
#313=CARTESIAN_POINT('',(0.00524292143935332,0.,-1.51788304147971E-18));
#314=CARTESIAN_POINT('',(0.00441413506533825,0.,0.00197788050627032));
#315=CARTESIAN_POINT('',(0.00482779399443046,0.,0.00205543916230816));
#316=CARTESIAN_POINT('',(0.00524292143935331,0.,0.00212511782659193));
#317=CARTESIAN_POINT('',(0.00565885329445803,0.,-4.33680868994202E-19));
#318=CARTESIAN_POINT('',(0.00607478514956272,0.,4.33680868994202E-19));
#319=CARTESIAN_POINT('',(0.00649164426807891,0.,1.0842021724855E-18));
#320=CARTESIAN_POINT('',(0.00565885329445802,0.,0.00218933801361556));
#321=CARTESIAN_POINT('',(0.00607478514956272,0.,0.0022535582006392));
#322=CARTESIAN_POINT('',(0.00649164426807892,0.,0.00231185903427488));
#323=CARTESIAN_POINT('',(0.00690902234859346,0.,8.67361737988404E-19));
#324=CARTESIAN_POINT('',(0.00774377850962256,0.,6.50521303491303E-19));
#325=CARTESIAN_POINT('',(0.0085807753883718,0.,8.67361737988404E-19));
#326=CARTESIAN_POINT('',(0.00690902234859346,0.,0.00236592927760455));
#327=CARTESIAN_POINT('',(0.00774377850962256,0.,0.00247406976426389));
#328=CARTESIAN_POINT('',(0.00858077538837181,0.,0.0025645765464056));
#329=CARTESIAN_POINT('',(0.0094188386668814,0.,0.));
#330=CARTESIAN_POINT('',(0.010256901945391,0.,-1.0842021724855E-18));
#331=CARTESIAN_POINT('',(0.0110960830410588,0.,2.16840434497101E-19));
#332=CARTESIAN_POINT('',(0.0094188386668814,0.,0.00264316769558591));
#333=CARTESIAN_POINT('',(0.010256901945391,0.,0.00272175884476621));
#334=CARTESIAN_POINT('',(0.0110960830410588,0.,0.00278821329786225));
#335=CARTESIAN_POINT('',(0.0119358388153532,0.,0.));
#336=CARTESIAN_POINT('',(0.0127755945896476,0.,0.));
#337=CARTESIAN_POINT('',(0.0136160286923549,0.,8.67361737988404E-19));
#338=CARTESIAN_POINT('',(0.0119358388153532,0.,0.00284574891665558));
#339=CARTESIAN_POINT('',(0.0127755945896476,0.,0.00290328453544891));
#340=CARTESIAN_POINT('',(0.0136160286923549,0.,0.0029512474189057));
#341=CARTESIAN_POINT('',(0.0144567508592199,0.,8.67361737988404E-19));
#342=CARTESIAN_POINT('',(0.0148771119426524,0.,8.67361737988404E-19));
#343=CARTESIAN_POINT('',(0.0152975834053881,0.,0.));
#344=CARTESIAN_POINT('',(0.0144567508592199,0.,0.00299230505319273));
#345=CARTESIAN_POINT('',(0.0148771119426524,0.,0.00301283387033624));
#346=CARTESIAN_POINT('',(0.0152975834053881,0.,0.00303135756789995));
#347=CARTESIAN_POINT('',(0.0157181084638359,0.,-2.16840434497101E-19));
#348=CARTESIAN_POINT('',(0.0161386335222836,0.,-2.16840434497101E-19));
#349=CARTESIAN_POINT('',(0.0165592232409891,0.,0.));
#350=CARTESIAN_POINT('',(0.0157181084638359,0.,0.00304831831352327));
#351=CARTESIAN_POINT('',(0.0161386335222836,0.,0.0030652790591466));
#352=CARTESIAN_POINT('',(0.0165592232409891,0.,0.00308058066496662));
#353=CARTESIAN_POINT('',(0.0169798694467146,0.,2.16840434497101E-19));
#354=CARTESIAN_POINT('',(0.0178211618581658,0.,4.33680868994202E-19));
#355=CARTESIAN_POINT('',(0.0186626357130418,0.,-2.16840434497101E-19));
#356=CARTESIAN_POINT('',(0.0169798694467146,0.,0.00309430500100748));
#357=CARTESIAN_POINT('',(0.0178211618581658,0.,0.00312175367308921));
#358=CARTESIAN_POINT('',(0.0186626357130418,0.,0.00314323385025522));
#359=CARTESIAN_POINT('',(0.0195042103781584,0.,0.));
#360=CARTESIAN_POINT('',(0.0211873597083916,0.,2.16840434497101E-19));
#361=CARTESIAN_POINT('',(0.0228708958814873,0.,0.));
#362=CARTESIAN_POINT('',(0.0195042103781584,0.,0.00315950585003766));
#363=CARTESIAN_POINT('',(0.0211873597083916,0.,0.00319204984960255));
#364=CARTESIAN_POINT('',(0.0228708958814873,0.,0.00320385115082923));
#365=CARTESIAN_POINT('',(0.0245543596213967,0.,0.));
#366=CARTESIAN_POINT('',(0.0262378233613061,0.,0.));
#367=CARTESIAN_POINT('',(0.0279212393352619,0.,2.16840434497101E-19));
#368=CARTESIAN_POINT('',(0.0245543596213967,0.,0.00320029088554252));
#369=CARTESIAN_POINT('',(0.0262378233613061,0.,0.00319673062025582));
#370=CARTESIAN_POINT('',(0.0279212393352619,0.,0.0031775756619223));
#371=CARTESIAN_POINT('',(0.0296044124706484,0.,-6.50521303491303E-19));
#372=CARTESIAN_POINT('',(0.031287585606035,0.,-1.51788304147971E-18));
#373=CARTESIAN_POINT('',(0.0329705237376452,0.,-2.38524477946811E-18));
#374=CARTESIAN_POINT('',(0.0296044124706485,0.,0.0031462014803482));
#375=CARTESIAN_POINT('',(0.031287585606035,0.,0.00311482729877409));
#376=CARTESIAN_POINT('',(0.0329705237376452,0.,0.00307121004776786));
#377=CARTESIAN_POINT('',(0.0346531408789163,0.,-1.0842021724855E-18));
#378=CARTESIAN_POINT('',(0.0363357580201874,0.,2.16840434497101E-19));
#379=CARTESIAN_POINT('',(0.0380180530670846,0.,-8.67361737988404E-19));
#380=CARTESIAN_POINT('',(0.0346531408789163,0.,0.00301763900029798));
#381=CARTESIAN_POINT('',(0.0363357580201874,0.,0.0029640679528281));
#382=CARTESIAN_POINT('',(0.0380180530670846,0.,0.0029007916339378));
#383=CARTESIAN_POINT('',(0.0397000011936869,0.,-1.0842021724855E-18));
#384=CARTESIAN_POINT('',(0.0430638974468915,0.,-1.0842021724855E-18));
#385=CARTESIAN_POINT('',(0.0464263896527082,0.,0.));
#386=CARTESIAN_POINT('',(0.0397000011936869,0.,0.00282925397119719));
#387=CARTESIAN_POINT('',(0.0430638974468915,0.,0.00268617864571595));
#388=CARTESIAN_POINT('',(0.0464263896527082,0.,0.00251126074152319));
#389=CARTESIAN_POINT('',(0.0497874999627303,0.,-1.95156391047391E-18));
#390=CARTESIAN_POINT('',(0.0531486102727523,0.,-3.90312782094782E-18));
#391=CARTESIAN_POINT('',(0.0565083547216688,0.,-7.58941520739853E-19));
#392=CARTESIAN_POINT('',(0.0497874999627303,0.,0.002313387176184));
#393=CARTESIAN_POINT('',(0.0531486102727524,0.,0.00211551361084481));
#394=CARTESIAN_POINT('',(0.0565083547216689,0.,0.00189469115401517));
#395=CARTESIAN_POINT('',(0.0598667675342566,0.,-2.38524477946811E-18));
#396=CARTESIAN_POINT('',(0.0632251803468443,0.,-3.79470760369927E-18));
#397=CARTESIAN_POINT('',(0.0665822699667303,0.,-2.92734586571086E-18));
#398=CARTESIAN_POINT('',(0.0598667675342566,0.,0.00165535875699183));
#399=CARTESIAN_POINT('',(0.0632251803468443,0.,0.00141602635996849));
#400=CARTESIAN_POINT('',(0.0665822699667303,0.,0.0011581801205634));
#401=CARTESIAN_POINT('',(0.0699378998194379,0.,-2.16840434497101E-18));
#402=CARTESIAN_POINT('',(0.0732935296721456,0.,-1.73472347597681E-18));
#403=CARTESIAN_POINT('',(0.0766477052958088,0.,-5.36680075380325E-18));
#404=CARTESIAN_POINT('',(0.08,0.,0.));
#405=CARTESIAN_POINT('',(0.069937899819438,0.,0.000882571660685302));
#406=CARTESIAN_POINT('',(0.0732935296721456,0.,0.0006069632008072));
#407=CARTESIAN_POINT('',(0.0766477052958097,0.,0.000313573448858628));
#408=CARTESIAN_POINT('',(0.08,0.,0.));
#409=B_SPLINE_SURFACE_WITH_KNOTS('Surf_TOLSPEZTTR, Right, 0, 7, lower',1,3,((#410, #411, #412, #416, #417, #418, #422, #423, #424, #428, #429, #430, #434, #435, #436, #440, #441, #442, #446, #447, #448, #452, #453, #454, #458, #459, #460, #464, #465, #466, #470, #471, #472, #476, #477, #478, #482, #483, #484, #488, #489, #490, #494, #495, #496, #500, #501, #502, #506, #507, #508, #512, #513, #514, #518, #519, #520, #524, #525, #526, #530, #531, #532, #536, #537, #538, #542, #543, #544, #548, #549, #550, #554, #555, #556, #560, #561, #562, #566, #567, #568, #572, #573, #574, #578, #579, #580, #581),(#413, #414, #415, #419, #420, #421, #425, #426, #427, #431, #432, #433, #437, #438, #439, #443, #444, #445, #449, #450, #451, #455, #456, #457, #461, #462, #463, #467, #468, #469, #473, #474, #475, #479, #480, #481, #485, #486, #487, #491, #492, #493, #497, #498, #499, #503, #504, #505, #509, #510, #511, #515, #516, #517, #521, #522, #523, #527, #528, #529, #533, #534, #535, #539, #540, #541, #545, #546, #547, #551, #552, #553, #557, #558, #559, #563, #564, #565, #569, #570, #571, #575, #576, #577, #582, #583, #584, #585)),.UNSPECIFIED.,.F.,.F.,.F.,(2,2),(4,3,3,3,3,3,3,3,3,3,3,3,3,3,3,3,3,3,3,3,3,3,3,3,3,3,3,3,3,4),(0.,1.),(0.,1.,2.,3.,4.,5.,6.,7.,8.,9.,10.,11.,12.,13.,14.,15.,16.,17.,18.,19.,20.,21.,22.,23.,24.,25.,26.,27.,28.,29.),.PIECEWISE_BEZIER_KNOTS.);
#410=CARTESIAN_POINT('',(0.08,0.,0.));
#411=CARTESIAN_POINT('',(0.076647705295808,0.,-0.000313573448858639));
#412=CARTESIAN_POINT('',(0.0732935296721455,0.,-0.000606963200807204));
#413=CARTESIAN_POINT('',(0.08,0.16,0.));
#414=CARTESIAN_POINT('',(0.076647705295808,0.16,-0.000313573448858639));
#415=CARTESIAN_POINT('',(0.0732935296721455,0.16,-0.000606963200807204));
#416=CARTESIAN_POINT('',(0.0699378998194379,0.,-0.000882571660685306));
#417=CARTESIAN_POINT('',(0.0665822699667303,0.,-0.00115818012056341));
#418=CARTESIAN_POINT('',(0.0632251803468442,0.,-0.00141602635996849));
#419=CARTESIAN_POINT('',(0.0699378998194379,0.16,-0.000882571660685306));
#420=CARTESIAN_POINT('',(0.0665822699667303,0.16,-0.00115818012056341));
#421=CARTESIAN_POINT('',(0.0632251803468442,0.16,-0.00141602635996849));
#422=CARTESIAN_POINT('',(0.0598667675342565,0.,-0.00165535875699183));
#423=CARTESIAN_POINT('',(0.0565083547216688,0.,-0.00189469115401518));
#424=CARTESIAN_POINT('',(0.0531486102727523,0.,-0.00211551361084481));
#425=CARTESIAN_POINT('',(0.0598667675342565,0.16,-0.00165535875699183));
#426=CARTESIAN_POINT('',(0.0565083547216688,0.16,-0.00189469115401518));
#427=CARTESIAN_POINT('',(0.0531486102727523,0.16,-0.00211551361084481));
#428=CARTESIAN_POINT('',(0.0497874999627302,0.,-0.002313387176184));
#429=CARTESIAN_POINT('',(0.0464263896527082,0.,-0.00251126074152319));
#430=CARTESIAN_POINT('',(0.0430638974468915,0.,-0.00268617864571596));
#431=CARTESIAN_POINT('',(0.0497874999627302,0.16,-0.002313387176184));
#432=CARTESIAN_POINT('',(0.0464263896527082,0.16,-0.00251126074152319));
#433=CARTESIAN_POINT('',(0.0430638974468915,0.16,-0.00268617864571596));
#434=CARTESIAN_POINT('',(0.0397000011936869,0.,-0.00282925397119719));
#435=CARTESIAN_POINT('',(0.0380180530670846,0.,-0.0029007916339378));
#436=CARTESIAN_POINT('',(0.0363357580201874,0.,-0.0029640679528281));
#437=CARTESIAN_POINT('',(0.0397000011936869,0.16,-0.00282925397119719));
#438=CARTESIAN_POINT('',(0.0380180530670846,0.16,-0.0029007916339378));
#439=CARTESIAN_POINT('',(0.0363357580201874,0.16,-0.0029640679528281));
#440=CARTESIAN_POINT('',(0.0346531408789163,0.,-0.00301763900029798));
#441=CARTESIAN_POINT('',(0.0329705237376452,0.,-0.00307121004776787));
#442=CARTESIAN_POINT('',(0.031287585606035,0.,-0.00311482729877409));
#443=CARTESIAN_POINT('',(0.0346531408789163,0.16,-0.00301763900029798));
#444=CARTESIAN_POINT('',(0.0329705237376452,0.16,-0.00307121004776787));
#445=CARTESIAN_POINT('',(0.031287585606035,0.16,-0.00311482729877409));
#446=CARTESIAN_POINT('',(0.0296044124706484,0.,-0.0031462014803482));
#447=CARTESIAN_POINT('',(0.0279212393352618,0.,-0.0031775756619223));
#448=CARTESIAN_POINT('',(0.0262378233613061,0.,-0.00319673062025582));
#449=CARTESIAN_POINT('',(0.0296044124706484,0.16,-0.0031462014803482));
#450=CARTESIAN_POINT('',(0.0279212393352618,0.16,-0.0031775756619223));
#451=CARTESIAN_POINT('',(0.0262378233613061,0.16,-0.00319673062025582));
#452=CARTESIAN_POINT('',(0.0245543596213967,0.,-0.00320029088554252));
#453=CARTESIAN_POINT('',(0.0228708958814873,0.,-0.00320385115082923));
#454=CARTESIAN_POINT('',(0.0211873597083916,0.,-0.00319204984960255));
#455=CARTESIAN_POINT('',(0.0245543596213967,0.16,-0.00320029088554252));
#456=CARTESIAN_POINT('',(0.0228708958814873,0.16,-0.00320385115082923));
#457=CARTESIAN_POINT('',(0.0211873597083916,0.16,-0.00319204984960255));
#458=CARTESIAN_POINT('',(0.0195042103781584,0.,-0.00315950585003766));
#459=CARTESIAN_POINT('',(0.0186626357130418,0.,-0.00314323385025522));
#460=CARTESIAN_POINT('',(0.0178211618581658,0.,-0.00312175367308921));
#461=CARTESIAN_POINT('',(0.0195042103781584,0.16,-0.00315950585003766));
#462=CARTESIAN_POINT('',(0.0186626357130418,0.16,-0.00314323385025522));
#463=CARTESIAN_POINT('',(0.0178211618581658,0.16,-0.00312175367308921));
#464=CARTESIAN_POINT('',(0.0169798694467146,0.,-0.00309430500100748));
#465=CARTESIAN_POINT('',(0.016559223240989,0.,-0.00308058066496662));
#466=CARTESIAN_POINT('',(0.0161386335222836,0.,-0.0030652790591466));
#467=CARTESIAN_POINT('',(0.0169798694467146,0.16,-0.00309430500100748));
#468=CARTESIAN_POINT('',(0.016559223240989,0.16,-0.00308058066496662));
#469=CARTESIAN_POINT('',(0.0161386335222836,0.16,-0.0030652790591466));
#470=CARTESIAN_POINT('',(0.0157181084638359,0.,-0.00304831831352327));
#471=CARTESIAN_POINT('',(0.0152975834053881,0.,-0.00303135756789995));
#472=CARTESIAN_POINT('',(0.0148771119426523,0.,-0.00301283387033624));
#473=CARTESIAN_POINT('',(0.0157181084638359,0.16,-0.00304831831352327));
#474=CARTESIAN_POINT('',(0.0152975834053881,0.16,-0.00303135756789995));
#475=CARTESIAN_POINT('',(0.0148771119426523,0.16,-0.00301283387033624));
#476=CARTESIAN_POINT('',(0.0144567508592199,0.,-0.00299230505319273));
#477=CARTESIAN_POINT('',(0.0136160286923549,0.,-0.0029512474189057));
#478=CARTESIAN_POINT('',(0.0127755945896476,0.,-0.00290328453544891));
#479=CARTESIAN_POINT('',(0.0144567508592199,0.16,-0.00299230505319273));
#480=CARTESIAN_POINT('',(0.0136160286923549,0.16,-0.0029512474189057));
#481=CARTESIAN_POINT('',(0.0127755945896476,0.16,-0.00290328453544891));
#482=CARTESIAN_POINT('',(0.0119358388153532,0.,-0.00284574891665558));
#483=CARTESIAN_POINT('',(0.0110960830410588,0.,-0.00278821329786225));
#484=CARTESIAN_POINT('',(0.010256901945391,0.,-0.00272175884476621));
#485=CARTESIAN_POINT('',(0.0119358388153532,0.16,-0.00284574891665558));
#486=CARTESIAN_POINT('',(0.0110960830410588,0.16,-0.00278821329786225));
#487=CARTESIAN_POINT('',(0.010256901945391,0.16,-0.00272175884476621));
#488=CARTESIAN_POINT('',(0.0094188386668814,0.,-0.00264316769558591));
#489=CARTESIAN_POINT('',(0.0085807753883718,0.,-0.0025645765464056));
#490=CARTESIAN_POINT('',(0.00774377850962256,0.,-0.00247406976426389));
#491=CARTESIAN_POINT('',(0.0094188386668814,0.16,-0.00264316769558591));
#492=CARTESIAN_POINT('',(0.0085807753883718,0.16,-0.0025645765464056));
#493=CARTESIAN_POINT('',(0.00774377850962256,0.16,-0.00247406976426389));
#494=CARTESIAN_POINT('',(0.00690902234859345,0.,-0.00236592927760455));
#495=CARTESIAN_POINT('',(0.0064916442680789,0.,-0.00231185903427488));
#496=CARTESIAN_POINT('',(0.00607478514956272,0.,-0.0022535582006392));
#497=CARTESIAN_POINT('',(0.00690902234859345,0.16,-0.00236592927760455));
#498=CARTESIAN_POINT('',(0.0064916442680789,0.16,-0.00231185903427488));
#499=CARTESIAN_POINT('',(0.00607478514956272,0.16,-0.0022535582006392));
#500=CARTESIAN_POINT('',(0.00565885329445803,0.,-0.00218933801361556));
#501=CARTESIAN_POINT('',(0.00524292143935333,0.,-0.00212511782659193));
#502=CARTESIAN_POINT('',(0.00482779399443043,0.,-0.00205543916230815));
#503=CARTESIAN_POINT('',(0.00565885329445803,0.16,-0.00218933801361556));
#504=CARTESIAN_POINT('',(0.00524292143935333,0.16,-0.00212511782659193));
#505=CARTESIAN_POINT('',(0.00482779399443043,0.16,-0.00205543916230815));
#506=CARTESIAN_POINT('',(0.00441413506533824,0.,-0.00197788050627031));
#507=CARTESIAN_POINT('',(0.00420730560079214,0.,-0.0019391011782514));
#508=CARTESIAN_POINT('',(0.00400083790339865,0.,-0.00189838164317986));
#509=CARTESIAN_POINT('',(0.00441413506533824,0.16,-0.00197788050627031));
#510=CARTESIAN_POINT('',(0.00420730560079214,0.16,-0.0019391011782514));
#511=CARTESIAN_POINT('',(0.00400083790339865,0.16,-0.00189838164317986));
#512=CARTESIAN_POINT('',(0.00379484600001686,0.,-0.0018553421909732));
#513=CARTESIAN_POINT('',(0.00358885409663508,0.,-0.00181230273876654));
#514=CARTESIAN_POINT('',(0.00338334814258473,0.,-0.00176690564346072));
#515=CARTESIAN_POINT('',(0.00379484600001686,0.16,-0.0018553421909732));
#516=CARTESIAN_POINT('',(0.00358885409663508,0.16,-0.00181230273876654));
#517=CARTESIAN_POINT('',(0.00338334814258473,0.16,-0.00176690564346072));
#518=CARTESIAN_POINT('',(0.00317858582650528,0.,-0.00171841579303834));
#519=CARTESIAN_POINT('',(0.00297382351042584,0.,-0.00166992594261596));
#520=CARTESIAN_POINT('',(0.00276967631905145,0.,-0.00161868203511768));
#521=CARTESIAN_POINT('',(0.00317858582650528,0.16,-0.00171841579303834));
#522=CARTESIAN_POINT('',(0.00297382351042584,0.16,-0.00166992594261596));
#523=CARTESIAN_POINT('',(0.00276967631905145,0.16,-0.00161868203511768));
#524=CARTESIAN_POINT('',(0.00256662490729751,0.,-0.00156343451700014));
#525=CARTESIAN_POINT('',(0.00236357349554358,0.,-0.00150818699888261));
#526=CARTESIAN_POINT('',(0.00216151993055232,0.,-0.00144915353154624));
#527=CARTESIAN_POINT('',(0.00256662490729751,0.16,-0.00156343451700014));
#528=CARTESIAN_POINT('',(0.00236357349554358,0.16,-0.00150818699888261));
#529=CARTESIAN_POINT('',(0.00216151993055232,0.16,-0.00144915353154624));
#530=CARTESIAN_POINT('',(0.00196122444078139,0.,-0.00138463542832291));
#531=CARTESIAN_POINT('',(0.00176092895101045,0.,-0.00132011732509957));
#532=CARTESIAN_POINT('',(0.00156220260095442,0.,-0.00125045049290537));
#533=CARTESIAN_POINT('',(0.00196122444078139,0.16,-0.00138463542832291));
#534=CARTESIAN_POINT('',(0.00176092895101045,0.16,-0.00132011732509957));
#535=CARTESIAN_POINT('',(0.00156220260095442,0.16,-0.00125045049290537));
#536=CARTESIAN_POINT('',(0.00136679049611614,0.,-0.00117238641549812));
#537=CARTESIAN_POINT('',(0.00117137839127787,0.,-0.00109432233809087));
#538=CARTESIAN_POINT('',(0.000978876535437912,0.,-0.00100836194430379));
#539=CARTESIAN_POINT('',(0.00136679049611614,0.16,-0.00117238641549812));
#540=CARTESIAN_POINT('',(0.00117137839127787,0.16,-0.00109432233809087));
#541=CARTESIAN_POINT('',(0.000978876535437912,0.16,-0.00100836194430379));
#542=CARTESIAN_POINT('',(0.000793922897877284,0.,-0.000907942384465254));
#543=CARTESIAN_POINT('',(0.000701446079096969,0.,-0.000857732604545986));
#544=CARTESIAN_POINT('',(0.000610976697860572,0.,-0.000803756629867175));
#545=CARTESIAN_POINT('',(0.000793922897877284,0.16,-0.000907942384465254));
#546=CARTESIAN_POINT('',(0.000701446079096969,0.16,-0.000857732604545986));
#547=CARTESIAN_POINT('',(0.000610976697860572,0.16,-0.000803756629867175));
#548=CARTESIAN_POINT('',(0.000524047476450656,0.,-0.00074445927975579));
#549=CARTESIAN_POINT('',(0.000437118255040744,0.,-0.000685161929644406));
#550=CARTESIAN_POINT('',(0.000353669385272092,0.,-0.000620460219315519));
#551=CARTESIAN_POINT('',(0.000524047476450656,0.16,-0.00074445927975579));
#552=CARTESIAN_POINT('',(0.000437118255040744,0.16,-0.000685161929644406));
#553=CARTESIAN_POINT('',(0.000353669385272092,0.16,-0.000620460219315519));
#554=CARTESIAN_POINT('',(0.000277716033355759,0.,-0.000547635899305279));
#555=CARTESIAN_POINT('',(0.000239739357397592,0.,-0.000511223739300159));
#556=CARTESIAN_POINT('',(0.000203708727451038,0.,-0.000472748510183105));
#557=CARTESIAN_POINT('',(0.000277716033355759,0.16,-0.000547635899305279));
#558=CARTESIAN_POINT('',(0.000239739357397592,0.16,-0.000511223739300159));
#559=CARTESIAN_POINT('',(0.000203708727451038,0.16,-0.000472748510183105));
#560=CARTESIAN_POINT('',(0.000170641561933966,0.,-0.000431818329303468));
#561=CARTESIAN_POINT('',(0.000137574396416893,0.,-0.000390888148423829));
#562=CARTESIAN_POINT('',(0.000107527236313628,0.,-0.000347466828483253));
#563=CARTESIAN_POINT('',(0.000170641561933966,0.16,-0.000431818329303468));
#564=CARTESIAN_POINT('',(0.000137574396416893,0.16,-0.000390888148423829));
#565=CARTESIAN_POINT('',(0.000107527236313628,0.16,-0.000347466828483253));
#566=CARTESIAN_POINT('',(8.20725948399944E-05,0.,-0.000301415191586367));
#567=CARTESIAN_POINT('',(5.66179533663605E-05,0.,-0.00025536355468948));
#568=CARTESIAN_POINT('',(3.58639741020395E-05,0.,-0.000206645491743103));
#569=CARTESIAN_POINT('',(8.20725948399944E-05,0.16,-0.000301415191586367));
#570=CARTESIAN_POINT('',(5.66179533663605E-05,0.16,-0.00025536355468948));
#571=CARTESIAN_POINT('',(3.58639741020395E-05,0.16,-0.000206645491743103));
#572=CARTESIAN_POINT('',(2.16672834903847E-05,0.,-0.00015596707431376));
#573=CARTESIAN_POINT('',(1.45689381845577E-05,0.,-0.000130627865599089));
#574=CARTESIAN_POINT('',(9.13335243130572E-06,0.,-0.000104871710394555));
#575=CARTESIAN_POINT('',(2.16672834903847E-05,0.16,-0.00015596707431376));
#576=CARTESIAN_POINT('',(1.45689381845577E-05,0.16,-0.000130627865599089));
#577=CARTESIAN_POINT('',(9.13335243130572E-06,0.16,-0.000104871710394555));
#578=CARTESIAN_POINT('',(5.50101832007415E-06,0.,-7.87752795001567E-05));
#579=CARTESIAN_POINT('',(1.86868420884259E-06,0.,-5.26788486057587E-05));
#580=CARTESIAN_POINT('',(-1.16621039008354E-23,0.,-2.62057381966447E-05));
#581=CARTESIAN_POINT('',(0.,0.,0.));
#582=CARTESIAN_POINT('',(5.50101832007415E-06,0.16,-7.87752795001567E-05));
#583=CARTESIAN_POINT('',(1.86868420884259E-06,0.16,-5.26788486057587E-05));
#584=CARTESIAN_POINT('',(-1.16621039008354E-23,0.16,-2.62057381966447E-05));
#585=CARTESIAN_POINT('',(0.,0.16,0.));
#586=B_SPLINE_SURFACE_WITH_KNOTS('Surf_TOLSPEZTTR, Right, 0, 10, upper',1,3,((#587, #588, #589, #593, #594, #595, #599, #600, #601, #605, #606, #607, #611, #612, #613, #617, #618, #619, #623, #624, #625, #629, #630, #631, #635, #636, #637, #641, #642, #643, #647, #648, #649, #653, #654, #655, #659, #660, #661, #665, #666, #667, #671, #672, #673, #677, #678, #679, #683, #684, #685, #689, #690, #691, #695, #696, #697, #701, #702, #703, #707, #708, #709, #713, #714, #715, #719, #720, #721, #725, #726, #727, #731, #732, #733, #737, #738, #739, #743, #744, #745, #749, #750, #751, #755, #756, #757, #758),(#590, #591, #592, #596, #597, #598, #602, #603, #604, #608, #609, #610, #614, #615, #616, #620, #621, #622, #626, #627, #628, #632, #633, #634, #638, #639, #640, #644, #645, #646, #650, #651, #652, #656, #657, #658, #662, #663, #664, #668, #669, #670, #674, #675, #676, #680, #681, #682, #686, #687, #688, #692, #693, #694, #698, #699, #700, #704, #705, #706, #710, #711, #712, #716, #717, #718, #722, #723, #724, #728, #729, #730, #734, #735, #736, #740, #741, #742, #746, #747, #748, #752, #753, #754, #759, #760, #761, #762)),.UNSPECIFIED.,.F.,.F.,.F.,(2,2),(4,3,3,3,3,3,3,3,3,3,3,3,3,3,3,3,3,3,3,3,3,3,3,3,3,3,3,3,3,4),(0.,1.),(0.,1.,2.,3.,4.,5.,6.,7.,8.,9.,10.,11.,12.,13.,14.,15.,16.,17.,18.,19.,20.,21.,22.,23.,24.,25.,26.,27.,28.,29.),.PIECEWISE_BEZIER_KNOTS.);
#587=CARTESIAN_POINT('',(0.,0.,0.));
#588=CARTESIAN_POINT('',(1.1662103900834E-23,0.,2.62057381966417E-05));
#589=CARTESIAN_POINT('',(1.86868420884146E-06,0.,5.26788486057499E-05));
#590=CARTESIAN_POINT('',(0.,0.16,0.));
#591=CARTESIAN_POINT('',(1.1662103900834E-23,0.16,2.62057381966417E-05));
#592=CARTESIAN_POINT('',(1.86868420884146E-06,0.16,5.26788486057499E-05));
#593=CARTESIAN_POINT('',(5.50101832007249E-06,0.,7.87752795001461E-05));
#594=CARTESIAN_POINT('',(9.13335243130436E-06,0.,0.000104871710394548));
#595=CARTESIAN_POINT('',(1.45689381845649E-05,0.,0.000130627865599119));
#596=CARTESIAN_POINT('',(5.50101832007249E-06,0.16,7.87752795001461E-05));
#597=CARTESIAN_POINT('',(9.13335243130436E-06,0.16,0.000104871710394548));
#598=CARTESIAN_POINT('',(1.45689381845649E-05,0.16,0.000130627865599119));
#599=CARTESIAN_POINT('',(2.16672834903903E-05,0.,0.00015596707431378));
#600=CARTESIAN_POINT('',(3.58639741020411E-05,0.,0.000206645491743102));
#601=CARTESIAN_POINT('',(5.6617953366365E-05,0.,0.00025536355468949));
#602=CARTESIAN_POINT('',(2.16672834903903E-05,0.16,0.00015596707431378));
#603=CARTESIAN_POINT('',(3.58639741020411E-05,0.16,0.000206645491743102));
#604=CARTESIAN_POINT('',(5.6617953366365E-05,0.16,0.00025536355468949));
#605=CARTESIAN_POINT('',(8.20725948399994E-05,0.,0.000301415191586376));
#606=CARTESIAN_POINT('',(0.000107527236313631,0.,0.000347466828483256));
#607=CARTESIAN_POINT('',(0.000137574396416879,0.,0.000390888148423812));
#608=CARTESIAN_POINT('',(8.20725948399994E-05,0.16,0.000301415191586376));
#609=CARTESIAN_POINT('',(0.000107527236313631,0.16,0.000347466828483256));
#610=CARTESIAN_POINT('',(0.000137574396416879,0.16,0.000390888148423812));
#611=CARTESIAN_POINT('',(0.000170641561933962,0.,0.000431818329303464));
#612=CARTESIAN_POINT('',(0.000203708727451046,0.,0.000472748510183116));
#613=CARTESIAN_POINT('',(0.000239739357397582,0.,0.000511223739300149));
#614=CARTESIAN_POINT('',(0.000170641561933962,0.16,0.000431818329303464));
#615=CARTESIAN_POINT('',(0.000203708727451046,0.16,0.000472748510183116));
#616=CARTESIAN_POINT('',(0.000239739357397582,0.16,0.000511223739300149));
#617=CARTESIAN_POINT('',(0.000277716033355774,0.,0.000547635899305293));
#618=CARTESIAN_POINT('',(0.000353669385272157,0.,0.000620460219315581));
#619=CARTESIAN_POINT('',(0.00043711825504073,0.,0.000685161929644396));
#620=CARTESIAN_POINT('',(0.000277716033355774,0.16,0.000547635899305293));
#621=CARTESIAN_POINT('',(0.000353669385272157,0.16,0.000620460219315581));
#622=CARTESIAN_POINT('',(0.00043711825504073,0.16,0.000685161929644396));
#623=CARTESIAN_POINT('',(0.000524047476450642,0.,0.00074445927975578));
#624=CARTESIAN_POINT('',(0.000610976697860553,0.,0.000803756629867163));
#625=CARTESIAN_POINT('',(0.000701446079096991,0.,0.000857732604545998));
#626=CARTESIAN_POINT('',(0.000524047476450642,0.16,0.00074445927975578));
#627=CARTESIAN_POINT('',(0.000610976697860553,0.16,0.000803756629867163));
#628=CARTESIAN_POINT('',(0.000701446079096991,0.16,0.000857732604545998));
#629=CARTESIAN_POINT('',(0.00079392289787728,0.,0.000907942384465252));
#630=CARTESIAN_POINT('',(0.000978876535437864,0.,0.00100836194430376));
#631=CARTESIAN_POINT('',(0.00117137839127785,0.,0.00109432233809086));
#632=CARTESIAN_POINT('',(0.00079392289787728,0.16,0.000907942384465252));
#633=CARTESIAN_POINT('',(0.000978876535437864,0.16,0.00100836194430376));
#634=CARTESIAN_POINT('',(0.00117137839127785,0.16,0.00109432233809086));
#635=CARTESIAN_POINT('',(0.00136679049611614,0.,0.00117238641549812));
#636=CARTESIAN_POINT('',(0.00156220260095444,0.,0.00125045049290538));
#637=CARTESIAN_POINT('',(0.00176092895101044,0.,0.00132011732509957));
#638=CARTESIAN_POINT('',(0.00136679049611614,0.16,0.00117238641549812));
#639=CARTESIAN_POINT('',(0.00156220260095444,0.16,0.00125045049290538));
#640=CARTESIAN_POINT('',(0.00176092895101044,0.16,0.00132011732509957));
#641=CARTESIAN_POINT('',(0.00196122444078139,0.,0.00138463542832291));
#642=CARTESIAN_POINT('',(0.00216151993055233,0.,0.00144915353154625));
#643=CARTESIAN_POINT('',(0.00236357349554359,0.,0.00150818699888261));
#644=CARTESIAN_POINT('',(0.00196122444078139,0.16,0.00138463542832291));
#645=CARTESIAN_POINT('',(0.00216151993055233,0.16,0.00144915353154625));
#646=CARTESIAN_POINT('',(0.00236357349554359,0.16,0.00150818699888261));
#647=CARTESIAN_POINT('',(0.00256662490729752,0.,0.00156343451700015));
#648=CARTESIAN_POINT('',(0.00276967631905146,0.,0.00161868203511768));
#649=CARTESIAN_POINT('',(0.00297382351042586,0.,0.00166992594261596));
#650=CARTESIAN_POINT('',(0.00256662490729752,0.16,0.00156343451700015));
#651=CARTESIAN_POINT('',(0.00276967631905146,0.16,0.00161868203511768));
#652=CARTESIAN_POINT('',(0.00297382351042586,0.16,0.00166992594261596));
#653=CARTESIAN_POINT('',(0.00317858582650529,0.,0.00171841579303834));
#654=CARTESIAN_POINT('',(0.00338334814258472,0.,0.00176690564346072));
#655=CARTESIAN_POINT('',(0.00358885409663507,0.,0.00181230273876654));
#656=CARTESIAN_POINT('',(0.00317858582650529,0.16,0.00171841579303834));
#657=CARTESIAN_POINT('',(0.00338334814258472,0.16,0.00176690564346072));
#658=CARTESIAN_POINT('',(0.00358885409663507,0.16,0.00181230273876654));
#659=CARTESIAN_POINT('',(0.00379484600001686,0.,0.0018553421909732));
#660=CARTESIAN_POINT('',(0.00400083790339865,0.,0.00189838164317986));
#661=CARTESIAN_POINT('',(0.00420730560079215,0.,0.0019391011782514));
#662=CARTESIAN_POINT('',(0.00379484600001686,0.16,0.0018553421909732));
#663=CARTESIAN_POINT('',(0.00400083790339865,0.16,0.00189838164317986));
#664=CARTESIAN_POINT('',(0.00420730560079215,0.16,0.0019391011782514));
#665=CARTESIAN_POINT('',(0.00441413506533825,0.,0.00197788050627032));
#666=CARTESIAN_POINT('',(0.00482779399443046,0.,0.00205543916230816));
#667=CARTESIAN_POINT('',(0.00524292143935331,0.,0.00212511782659193));
#668=CARTESIAN_POINT('',(0.00441413506533825,0.16,0.00197788050627032));
#669=CARTESIAN_POINT('',(0.00482779399443046,0.16,0.00205543916230816));
#670=CARTESIAN_POINT('',(0.00524292143935331,0.16,0.00212511782659193));
#671=CARTESIAN_POINT('',(0.00565885329445802,0.,0.00218933801361556));
#672=CARTESIAN_POINT('',(0.00607478514956272,0.,0.0022535582006392));
#673=CARTESIAN_POINT('',(0.00649164426807892,0.,0.00231185903427488));
#674=CARTESIAN_POINT('',(0.00565885329445802,0.16,0.00218933801361556));
#675=CARTESIAN_POINT('',(0.00607478514956272,0.16,0.0022535582006392));
#676=CARTESIAN_POINT('',(0.00649164426807892,0.16,0.00231185903427488));
#677=CARTESIAN_POINT('',(0.00690902234859346,0.,0.00236592927760455));
#678=CARTESIAN_POINT('',(0.00774377850962256,0.,0.00247406976426389));
#679=CARTESIAN_POINT('',(0.00858077538837181,0.,0.0025645765464056));
#680=CARTESIAN_POINT('',(0.00690902234859346,0.16,0.00236592927760455));
#681=CARTESIAN_POINT('',(0.00774377850962256,0.16,0.00247406976426389));
#682=CARTESIAN_POINT('',(0.00858077538837181,0.16,0.0025645765464056));
#683=CARTESIAN_POINT('',(0.0094188386668814,0.,0.00264316769558591));
#684=CARTESIAN_POINT('',(0.010256901945391,0.,0.00272175884476621));
#685=CARTESIAN_POINT('',(0.0110960830410588,0.,0.00278821329786225));
#686=CARTESIAN_POINT('',(0.0094188386668814,0.16,0.00264316769558591));
#687=CARTESIAN_POINT('',(0.010256901945391,0.16,0.00272175884476621));
#688=CARTESIAN_POINT('',(0.0110960830410588,0.16,0.00278821329786225));
#689=CARTESIAN_POINT('',(0.0119358388153532,0.,0.00284574891665558));
#690=CARTESIAN_POINT('',(0.0127755945896476,0.,0.00290328453544891));
#691=CARTESIAN_POINT('',(0.0136160286923549,0.,0.0029512474189057));
#692=CARTESIAN_POINT('',(0.0119358388153532,0.16,0.00284574891665558));
#693=CARTESIAN_POINT('',(0.0127755945896476,0.16,0.00290328453544891));
#694=CARTESIAN_POINT('',(0.0136160286923549,0.16,0.0029512474189057));
#695=CARTESIAN_POINT('',(0.0144567508592199,0.,0.00299230505319273));
#696=CARTESIAN_POINT('',(0.0148771119426524,0.,0.00301283387033624));
#697=CARTESIAN_POINT('',(0.0152975834053881,0.,0.00303135756789995));
#698=CARTESIAN_POINT('',(0.0144567508592199,0.16,0.00299230505319273));
#699=CARTESIAN_POINT('',(0.0148771119426524,0.16,0.00301283387033624));
#700=CARTESIAN_POINT('',(0.0152975834053881,0.16,0.00303135756789995));
#701=CARTESIAN_POINT('',(0.0157181084638359,0.,0.00304831831352327));
#702=CARTESIAN_POINT('',(0.0161386335222836,0.,0.0030652790591466));
#703=CARTESIAN_POINT('',(0.0165592232409891,0.,0.00308058066496662));
#704=CARTESIAN_POINT('',(0.0157181084638359,0.16,0.00304831831352327));
#705=CARTESIAN_POINT('',(0.0161386335222836,0.16,0.0030652790591466));
#706=CARTESIAN_POINT('',(0.0165592232409891,0.16,0.00308058066496662));
#707=CARTESIAN_POINT('',(0.0169798694467146,0.,0.00309430500100748));
#708=CARTESIAN_POINT('',(0.0178211618581658,0.,0.00312175367308921));
#709=CARTESIAN_POINT('',(0.0186626357130418,0.,0.00314323385025522));
#710=CARTESIAN_POINT('',(0.0169798694467146,0.16,0.00309430500100748));
#711=CARTESIAN_POINT('',(0.0178211618581658,0.16,0.00312175367308921));
#712=CARTESIAN_POINT('',(0.0186626357130418,0.16,0.00314323385025522));
#713=CARTESIAN_POINT('',(0.0195042103781584,0.,0.00315950585003766));
#714=CARTESIAN_POINT('',(0.0211873597083916,0.,0.00319204984960255));
#715=CARTESIAN_POINT('',(0.0228708958814873,0.,0.00320385115082923));
#716=CARTESIAN_POINT('',(0.0195042103781584,0.16,0.00315950585003766));
#717=CARTESIAN_POINT('',(0.0211873597083916,0.16,0.00319204984960255));
#718=CARTESIAN_POINT('',(0.0228708958814873,0.16,0.00320385115082923));
#719=CARTESIAN_POINT('',(0.0245543596213967,0.,0.00320029088554252));
#720=CARTESIAN_POINT('',(0.0262378233613061,0.,0.00319673062025582));
#721=CARTESIAN_POINT('',(0.0279212393352619,0.,0.0031775756619223));
#722=CARTESIAN_POINT('',(0.0245543596213967,0.16,0.00320029088554252));
#723=CARTESIAN_POINT('',(0.0262378233613061,0.16,0.00319673062025582));
#724=CARTESIAN_POINT('',(0.0279212393352619,0.16,0.0031775756619223));
#725=CARTESIAN_POINT('',(0.0296044124706485,0.,0.0031462014803482));
#726=CARTESIAN_POINT('',(0.031287585606035,0.,0.00311482729877409));
#727=CARTESIAN_POINT('',(0.0329705237376452,0.,0.00307121004776786));
#728=CARTESIAN_POINT('',(0.0296044124706485,0.16,0.0031462014803482));
#729=CARTESIAN_POINT('',(0.031287585606035,0.16,0.00311482729877409));
#730=CARTESIAN_POINT('',(0.0329705237376452,0.16,0.00307121004776786));
#731=CARTESIAN_POINT('',(0.0346531408789163,0.,0.00301763900029798));
#732=CARTESIAN_POINT('',(0.0363357580201874,0.,0.0029640679528281));
#733=CARTESIAN_POINT('',(0.0380180530670846,0.,0.0029007916339378));
#734=CARTESIAN_POINT('',(0.0346531408789163,0.16,0.00301763900029798));
#735=CARTESIAN_POINT('',(0.0363357580201874,0.16,0.0029640679528281));
#736=CARTESIAN_POINT('',(0.0380180530670846,0.16,0.0029007916339378));
#737=CARTESIAN_POINT('',(0.0397000011936869,0.,0.00282925397119719));
#738=CARTESIAN_POINT('',(0.0430638974468915,0.,0.00268617864571595));
#739=CARTESIAN_POINT('',(0.0464263896527082,0.,0.00251126074152319));
#740=CARTESIAN_POINT('',(0.0397000011936869,0.16,0.00282925397119719));
#741=CARTESIAN_POINT('',(0.0430638974468915,0.16,0.00268617864571595));
#742=CARTESIAN_POINT('',(0.0464263896527082,0.16,0.00251126074152319));
#743=CARTESIAN_POINT('',(0.0497874999627303,0.,0.002313387176184));
#744=CARTESIAN_POINT('',(0.0531486102727524,0.,0.00211551361084481));
#745=CARTESIAN_POINT('',(0.0565083547216689,0.,0.00189469115401517));
#746=CARTESIAN_POINT('',(0.0497874999627303,0.16,0.002313387176184));
#747=CARTESIAN_POINT('',(0.0531486102727524,0.16,0.00211551361084481));
#748=CARTESIAN_POINT('',(0.0565083547216689,0.16,0.00189469115401517));
#749=CARTESIAN_POINT('',(0.0598667675342566,0.,0.00165535875699183));
#750=CARTESIAN_POINT('',(0.0632251803468443,0.,0.00141602635996849));
#751=CARTESIAN_POINT('',(0.0665822699667303,0.,0.0011581801205634));
#752=CARTESIAN_POINT('',(0.0598667675342566,0.16,0.00165535875699183));
#753=CARTESIAN_POINT('',(0.0632251803468443,0.16,0.00141602635996849));
#754=CARTESIAN_POINT('',(0.0665822699667303,0.16,0.0011581801205634));
#755=CARTESIAN_POINT('',(0.069937899819438,0.,0.000882571660685302));
#756=CARTESIAN_POINT('',(0.0732935296721456,0.,0.0006069632008072));
#757=CARTESIAN_POINT('',(0.0766477052958097,0.,0.000313573448858628));
#758=CARTESIAN_POINT('',(0.08,0.,0.));
#759=CARTESIAN_POINT('',(0.069937899819438,0.16,0.000882571660685302));
#760=CARTESIAN_POINT('',(0.0732935296721456,0.16,0.0006069632008072));
#761=CARTESIAN_POINT('',(0.0766477052958097,0.16,0.000313573448858628));
#762=CARTESIAN_POINT('',(0.08,0.16,0.));
#763=B_SPLINE_SURFACE_WITH_KNOTS('Surf_TOLSPEZTTR, Right, 0, 13, lower',1,3,((#764, #765, #766, #770, #771, #772, #776, #777, #778, #782, #783, #784, #788, #789, #790, #794, #795, #796, #800, #801, #802, #806, #807, #808, #812, #813, #814, #818, #819, #820, #824, #825, #826, #830, #831, #832, #836, #837, #838, #842, #843, #844, #848, #849, #850, #854, #855, #856, #860, #861, #862, #866, #867, #868, #872, #873, #874, #878, #879, #880, #884, #885, #886, #890, #891, #892, #896, #897, #898, #902, #903, #904, #908, #909, #910, #914, #915, #916, #920, #921, #922, #926, #927, #928, #932, #933, #934, #935),(#767, #768, #769, #773, #774, #775, #779, #780, #781, #785, #786, #787, #791, #792, #793, #797, #798, #799, #803, #804, #805, #809, #810, #811, #815, #816, #817, #821, #822, #823, #827, #828, #829, #833, #834, #835, #839, #840, #841, #845, #846, #847, #851, #852, #853, #857, #858, #859, #863, #864, #865, #869, #870, #871, #875, #876, #877, #881, #882, #883, #887, #888, #889, #893, #894, #895, #899, #900, #901, #905, #906, #907, #911, #912, #913, #917, #918, #919, #923, #924, #925, #929, #930, #931, #936, #937, #938, #939)),.UNSPECIFIED.,.F.,.F.,.F.,(2,2),(4,3,3,3,3,3,3,3,3,3,3,3,3,3,3,3,3,3,3,3,3,3,3,3,3,3,3,3,3,4),(0.,1.),(0.,1.,2.,3.,4.,5.,6.,7.,8.,9.,10.,11.,12.,13.,14.,15.,16.,17.,18.,19.,20.,21.,22.,23.,24.,25.,26.,27.,28.,29.),.PIECEWISE_BEZIER_KNOTS.);
#764=CARTESIAN_POINT('',(0.08,0.16,0.));
#765=CARTESIAN_POINT('',(0.076647705295808,0.16,-0.000313573448858639));
#766=CARTESIAN_POINT('',(0.0732935296721455,0.16,-0.000606963200807204));
#767=CARTESIAN_POINT('',(0.08,0.16,0.));
#768=CARTESIAN_POINT('',(0.0766477052958088,0.16,-5.36680075380325E-18));
#769=CARTESIAN_POINT('',(0.0732935296721456,0.16,-1.73472347597681E-18));
#770=CARTESIAN_POINT('',(0.0699378998194379,0.16,-0.000882571660685306));
#771=CARTESIAN_POINT('',(0.0665822699667303,0.16,-0.00115818012056341));
#772=CARTESIAN_POINT('',(0.0632251803468442,0.16,-0.00141602635996849));
#773=CARTESIAN_POINT('',(0.0699378998194379,0.16,-2.16840434497101E-18));
#774=CARTESIAN_POINT('',(0.0665822699667303,0.16,-2.92734586571086E-18));
#775=CARTESIAN_POINT('',(0.0632251803468443,0.16,-3.79470760369927E-18));
#776=CARTESIAN_POINT('',(0.0598667675342565,0.16,-0.00165535875699183));
#777=CARTESIAN_POINT('',(0.0565083547216688,0.16,-0.00189469115401518));
#778=CARTESIAN_POINT('',(0.0531486102727523,0.16,-0.00211551361084481));
#779=CARTESIAN_POINT('',(0.0598667675342566,0.16,-2.38524477946811E-18));
#780=CARTESIAN_POINT('',(0.0565083547216688,0.16,-7.58941520739853E-19));
#781=CARTESIAN_POINT('',(0.0531486102727523,0.16,-3.90312782094782E-18));
#782=CARTESIAN_POINT('',(0.0497874999627302,0.16,-0.002313387176184));
#783=CARTESIAN_POINT('',(0.0464263896527082,0.16,-0.00251126074152319));
#784=CARTESIAN_POINT('',(0.0430638974468915,0.16,-0.00268617864571596));
#785=CARTESIAN_POINT('',(0.0497874999627303,0.16,-1.95156391047391E-18));
#786=CARTESIAN_POINT('',(0.0464263896527082,0.16,0.));
#787=CARTESIAN_POINT('',(0.0430638974468915,0.16,-1.0842021724855E-18));
#788=CARTESIAN_POINT('',(0.0397000011936869,0.16,-0.00282925397119719));
#789=CARTESIAN_POINT('',(0.0380180530670846,0.16,-0.0029007916339378));
#790=CARTESIAN_POINT('',(0.0363357580201874,0.16,-0.0029640679528281));
#791=CARTESIAN_POINT('',(0.0397000011936869,0.16,-1.0842021724855E-18));
#792=CARTESIAN_POINT('',(0.0380180530670846,0.16,-8.67361737988404E-19));
#793=CARTESIAN_POINT('',(0.0363357580201874,0.16,2.16840434497101E-19));
#794=CARTESIAN_POINT('',(0.0346531408789163,0.16,-0.00301763900029798));
#795=CARTESIAN_POINT('',(0.0329705237376452,0.16,-0.00307121004776787));
#796=CARTESIAN_POINT('',(0.031287585606035,0.16,-0.00311482729877409));
#797=CARTESIAN_POINT('',(0.0346531408789163,0.16,-1.0842021724855E-18));
#798=CARTESIAN_POINT('',(0.0329705237376452,0.16,-2.38524477946811E-18));
#799=CARTESIAN_POINT('',(0.031287585606035,0.16,-1.51788304147971E-18));
#800=CARTESIAN_POINT('',(0.0296044124706484,0.16,-0.0031462014803482));
#801=CARTESIAN_POINT('',(0.0279212393352618,0.16,-0.0031775756619223));
#802=CARTESIAN_POINT('',(0.0262378233613061,0.16,-0.00319673062025582));
#803=CARTESIAN_POINT('',(0.0296044124706484,0.16,-6.50521303491303E-19));
#804=CARTESIAN_POINT('',(0.0279212393352619,0.16,2.16840434497101E-19));
#805=CARTESIAN_POINT('',(0.0262378233613061,0.16,0.));
#806=CARTESIAN_POINT('',(0.0245543596213967,0.16,-0.00320029088554252));
#807=CARTESIAN_POINT('',(0.0228708958814873,0.16,-0.00320385115082923));
#808=CARTESIAN_POINT('',(0.0211873597083916,0.16,-0.00319204984960255));
#809=CARTESIAN_POINT('',(0.0245543596213967,0.16,0.));
#810=CARTESIAN_POINT('',(0.0228708958814873,0.16,0.));
#811=CARTESIAN_POINT('',(0.0211873597083916,0.16,2.16840434497101E-19));
#812=CARTESIAN_POINT('',(0.0195042103781584,0.16,-0.00315950585003766));
#813=CARTESIAN_POINT('',(0.0186626357130418,0.16,-0.00314323385025522));
#814=CARTESIAN_POINT('',(0.0178211618581658,0.16,-0.00312175367308921));
#815=CARTESIAN_POINT('',(0.0195042103781584,0.16,0.));
#816=CARTESIAN_POINT('',(0.0186626357130418,0.16,-2.16840434497101E-19));
#817=CARTESIAN_POINT('',(0.0178211618581658,0.16,4.33680868994202E-19));
#818=CARTESIAN_POINT('',(0.0169798694467146,0.16,-0.00309430500100748));
#819=CARTESIAN_POINT('',(0.016559223240989,0.16,-0.00308058066496662));
#820=CARTESIAN_POINT('',(0.0161386335222836,0.16,-0.0030652790591466));
#821=CARTESIAN_POINT('',(0.0169798694467146,0.16,2.16840434497101E-19));
#822=CARTESIAN_POINT('',(0.0165592232409891,0.16,0.));
#823=CARTESIAN_POINT('',(0.0161386335222836,0.16,-2.16840434497101E-19));
#824=CARTESIAN_POINT('',(0.0157181084638359,0.16,-0.00304831831352327));
#825=CARTESIAN_POINT('',(0.0152975834053881,0.16,-0.00303135756789995));
#826=CARTESIAN_POINT('',(0.0148771119426523,0.16,-0.00301283387033624));
#827=CARTESIAN_POINT('',(0.0157181084638359,0.16,-2.16840434497101E-19));
#828=CARTESIAN_POINT('',(0.0152975834053881,0.16,0.));
#829=CARTESIAN_POINT('',(0.0148771119426524,0.16,8.67361737988404E-19));
#830=CARTESIAN_POINT('',(0.0144567508592199,0.16,-0.00299230505319273));
#831=CARTESIAN_POINT('',(0.0136160286923549,0.16,-0.0029512474189057));
#832=CARTESIAN_POINT('',(0.0127755945896476,0.16,-0.00290328453544891));
#833=CARTESIAN_POINT('',(0.0144567508592199,0.16,8.67361737988404E-19));
#834=CARTESIAN_POINT('',(0.0136160286923549,0.16,8.67361737988404E-19));
#835=CARTESIAN_POINT('',(0.0127755945896476,0.16,0.));
#836=CARTESIAN_POINT('',(0.0119358388153532,0.16,-0.00284574891665558));
#837=CARTESIAN_POINT('',(0.0110960830410588,0.16,-0.00278821329786225));
#838=CARTESIAN_POINT('',(0.010256901945391,0.16,-0.00272175884476621));
#839=CARTESIAN_POINT('',(0.0119358388153532,0.16,0.));
#840=CARTESIAN_POINT('',(0.0110960830410588,0.16,2.16840434497101E-19));
#841=CARTESIAN_POINT('',(0.010256901945391,0.16,-1.0842021724855E-18));
#842=CARTESIAN_POINT('',(0.0094188386668814,0.16,-0.00264316769558591));
#843=CARTESIAN_POINT('',(0.0085807753883718,0.16,-0.0025645765464056));
#844=CARTESIAN_POINT('',(0.00774377850962256,0.16,-0.00247406976426389));
#845=CARTESIAN_POINT('',(0.0094188386668814,0.16,0.));
#846=CARTESIAN_POINT('',(0.0085807753883718,0.16,8.67361737988404E-19));
#847=CARTESIAN_POINT('',(0.00774377850962256,0.16,6.50521303491303E-19));
#848=CARTESIAN_POINT('',(0.00690902234859345,0.16,-0.00236592927760455));
#849=CARTESIAN_POINT('',(0.0064916442680789,0.16,-0.00231185903427488));
#850=CARTESIAN_POINT('',(0.00607478514956272,0.16,-0.0022535582006392));
#851=CARTESIAN_POINT('',(0.00690902234859346,0.16,8.67361737988404E-19));
#852=CARTESIAN_POINT('',(0.00649164426807891,0.16,1.0842021724855E-18));
#853=CARTESIAN_POINT('',(0.00607478514956272,0.16,4.33680868994202E-19));
#854=CARTESIAN_POINT('',(0.00565885329445803,0.16,-0.00218933801361556));
#855=CARTESIAN_POINT('',(0.00524292143935333,0.16,-0.00212511782659193));
#856=CARTESIAN_POINT('',(0.00482779399443043,0.16,-0.00205543916230815));
#857=CARTESIAN_POINT('',(0.00565885329445803,0.16,-4.33680868994202E-19));
#858=CARTESIAN_POINT('',(0.00524292143935332,0.16,-1.51788304147971E-18));
#859=CARTESIAN_POINT('',(0.00482779399443045,0.16,2.81892564846231E-18));
#860=CARTESIAN_POINT('',(0.00441413506533824,0.16,-0.00197788050627031));
#861=CARTESIAN_POINT('',(0.00420730560079214,0.16,-0.0019391011782514));
#862=CARTESIAN_POINT('',(0.00400083790339865,0.16,-0.00189838164317986));
#863=CARTESIAN_POINT('',(0.00441413506533824,0.16,1.30104260698261E-18));
#864=CARTESIAN_POINT('',(0.00420730560079214,0.16,8.67361737988404E-19));
#865=CARTESIAN_POINT('',(0.00400083790339865,0.16,5.42101086242752E-19));
#866=CARTESIAN_POINT('',(0.00379484600001686,0.16,-0.0018553421909732));
#867=CARTESIAN_POINT('',(0.00358885409663508,0.16,-0.00181230273876654));
#868=CARTESIAN_POINT('',(0.00338334814258473,0.16,-0.00176690564346072));
#869=CARTESIAN_POINT('',(0.00379484600001686,0.16,2.16840434497101E-19));
#870=CARTESIAN_POINT('',(0.00358885409663508,0.16,-3.25260651745651E-19));
#871=CARTESIAN_POINT('',(0.00338334814258473,0.16,1.0842021724855E-19));
#872=CARTESIAN_POINT('',(0.00317858582650528,0.16,-0.00171841579303834));
#873=CARTESIAN_POINT('',(0.00297382351042584,0.16,-0.00166992594261596));
#874=CARTESIAN_POINT('',(0.00276967631905145,0.16,-0.00161868203511768));
#875=CARTESIAN_POINT('',(0.00317858582650529,0.16,1.51788304147971E-18));
#876=CARTESIAN_POINT('',(0.00297382351042585,0.16,2.60208521396521E-18));
#877=CARTESIAN_POINT('',(0.00276967631905146,0.16,1.62630325872826E-18));
#878=CARTESIAN_POINT('',(0.00256662490729751,0.16,-0.00156343451700014));
#879=CARTESIAN_POINT('',(0.00236357349554358,0.16,-0.00150818699888261));
#880=CARTESIAN_POINT('',(0.00216151993055232,0.16,-0.00144915353154624));
#881=CARTESIAN_POINT('',(0.00256662490729752,0.16,1.30104260698261E-18));
#882=CARTESIAN_POINT('',(0.00236357349554358,0.16,1.84314369322536E-18));
#883=CARTESIAN_POINT('',(0.00216151993055232,0.16,1.95156391047391E-18));
#884=CARTESIAN_POINT('',(0.00196122444078139,0.16,-0.00138463542832291));
#885=CARTESIAN_POINT('',(0.00176092895101045,0.16,-0.00132011732509957));
#886=CARTESIAN_POINT('',(0.00156220260095442,0.16,-0.00125045049290537));
#887=CARTESIAN_POINT('',(0.00196122444078139,0.16,-1.0842021724855E-19));
#888=CARTESIAN_POINT('',(0.00176092895101045,0.16,-2.60208521396521E-18));
#889=CARTESIAN_POINT('',(0.00156220260095443,0.16,4.11996825544492E-18));
#890=CARTESIAN_POINT('',(0.00136679049611614,0.16,-0.00117238641549812));
#891=CARTESIAN_POINT('',(0.00117137839127787,0.16,-0.00109432233809087));
#892=CARTESIAN_POINT('',(0.000978876535437912,0.16,-0.00100836194430379));
#893=CARTESIAN_POINT('',(0.00136679049611614,0.16,-3.25260651745651E-19));
#894=CARTESIAN_POINT('',(0.00117137839127786,0.16,-5.31259064517897E-18));
#895=CARTESIAN_POINT('',(0.000978876535437888,0.16,-1.2793585635329E-17));
#896=CARTESIAN_POINT('',(0.000793922897877284,0.16,-0.000907942384465254));
#897=CARTESIAN_POINT('',(0.000701446079096969,0.16,-0.000857732604545986));
#898=CARTESIAN_POINT('',(0.000610976697860572,0.16,-0.000803756629867175));
#899=CARTESIAN_POINT('',(0.000793922897877282,0.16,-9.75781955236954E-19));
#900=CARTESIAN_POINT('',(0.00070144607909698,0.16,6.01732205729455E-18));
#901=CARTESIAN_POINT('',(0.000610976697860562,0.16,-6.01732205729455E-18));
#902=CARTESIAN_POINT('',(0.000524047476450656,0.16,-0.00074445927975579));
#903=CARTESIAN_POINT('',(0.000437118255040744,0.16,-0.000685161929644406));
#904=CARTESIAN_POINT('',(0.000353669385272092,0.16,-0.000620460219315519));
#905=CARTESIAN_POINT('',(0.000524047476450649,0.16,-5.09575021068187E-18));
#906=CARTESIAN_POINT('',(0.000437118255040737,0.16,-4.98732999343332E-18));
#907=CARTESIAN_POINT('',(0.000353669385272125,0.16,3.10081821330854E-17));
#908=CARTESIAN_POINT('',(0.000277716033355759,0.16,-0.000547635899305279));
#909=CARTESIAN_POINT('',(0.000239739357397592,0.16,-0.000511223739300159));
#910=CARTESIAN_POINT('',(0.000203708727451038,0.16,-0.000472748510183105));
#911=CARTESIAN_POINT('',(0.000277716033355766,0.16,7.04731412115578E-18));
#912=CARTESIAN_POINT('',(0.000239739357397587,0.16,-4.98732999343332E-18));
#913=CARTESIAN_POINT('',(0.000203708727451042,0.16,5.33969569949111E-18));
#914=CARTESIAN_POINT('',(0.000170641561933966,0.16,-0.000431818329303468));
#915=CARTESIAN_POINT('',(0.000137574396416893,0.16,-0.000390888148423829));
#916=CARTESIAN_POINT('',(0.000107527236313628,0.16,-0.000347466828483253));
#917=CARTESIAN_POINT('',(0.000170641561933964,0.16,-2.24971950790742E-18));
#918=CARTESIAN_POINT('',(0.000137574396416886,0.16,-8.6465123255719E-18));
#919=CARTESIAN_POINT('',(0.00010752723631363,0.16,1.59919820441612E-18));
#920=CARTESIAN_POINT('',(8.20725948399944E-05,0.16,-0.000301415191586367));
#921=CARTESIAN_POINT('',(5.66179533663605E-05,0.16,-0.00025536355468948));
#922=CARTESIAN_POINT('',(3.58639741020395E-05,0.16,-0.000206645491743103));
#923=CARTESIAN_POINT('',(8.20725948399969E-05,0.16,4.49943901581484E-18));
#924=CARTESIAN_POINT('',(5.66179533663628E-05,0.16,4.77048955893622E-18));
#925=CARTESIAN_POINT('',(3.58639741020403E-05,0.16,-5.42101086242752E-19));
#926=CARTESIAN_POINT('',(2.16672834903847E-05,0.16,-0.00015596707431376));
#927=CARTESIAN_POINT('',(1.45689381845577E-05,0.16,-0.000130627865599089));
#928=CARTESIAN_POINT('',(9.13335243130572E-06,0.16,-0.000104871710394555));
#929=CARTESIAN_POINT('',(2.16672834903875E-05,0.16,1.01372903127395E-17));
#930=CARTESIAN_POINT('',(1.45689381845613E-05,0.16,1.47587020729589E-17));
#931=CARTESIAN_POINT('',(9.13335243130504E-06,0.16,-3.17806761809813E-18));
#932=CARTESIAN_POINT('',(5.50101832007415E-06,0.16,-7.87752795001567E-05));
#933=CARTESIAN_POINT('',(1.86868420884259E-06,0.16,-5.26788486057587E-05));
#934=CARTESIAN_POINT('',(-1.16621039008354E-23,0.16,-2.62057381966447E-05));
#935=CARTESIAN_POINT('',(0.,0.16,0.));
#936=CARTESIAN_POINT('',(5.50101832007332E-06,0.16,-5.27193306371077E-18));
#937=CARTESIAN_POINT('',(1.86868420884202E-06,0.16,-4.39101879856629E-18));
#938=CARTESIAN_POINT('',(-6.64888992183856E-37,0.16,-1.49586018485109E-18));
#939=CARTESIAN_POINT('',(0.,0.16,0.));
#940=B_SPLINE_SURFACE_WITH_KNOTS('Surf_TOLSPEZTTR, Right, 0, 16, upper',1,3,((#941, #942, #943, #947, #948, #949, #953, #954, #955, #959, #960, #961, #965, #966, #967, #971, #972, #973, #977, #978, #979, #983, #984, #985, #989, #990, #991, #995, #996, #997, #1001, #1002, #1003, #1007, #1008, #1009, #1013, #1014, #1015, #1019, #1020, #1021, #1025, #1026, #1027, #1031, #1032, #1033, #1037, #1038, #1039, #1043, #1044, #1045, #1049, #1050, #1051, #1055, #1056, #1057, #1061, #1062, #1063, #1067, #1068, #1069, #1073, #1074, #1075, #1079, #1080, #1081, #1085, #1086, #1087, #1091, #1092, #1093, #1097, #1098, #1099, #1103, #1104, #1105, #1109, #1110, #1111, #1112),(#944, #945, #946, #950, #951, #952, #956, #957, #958, #962, #963, #964, #968, #969, #970, #974, #975, #976, #980, #981, #982, #986, #987, #988, #992, #993, #994, #998, #999, #1000, #1004, #1005, #1006, #1010, #1011, #1012, #1016, #1017, #1018, #1022, #1023, #1024, #1028, #1029, #1030, #1034, #1035, #1036, #1040, #1041, #1042, #1046, #1047, #1048, #1052, #1053, #1054, #1058, #1059, #1060, #1064, #1065, #1066, #1070, #1071, #1072, #1076, #1077, #1078, #1082, #1083, #1084, #1088, #1089, #1090, #1094, #1095, #1096, #1100, #1101, #1102, #1106, #1107, #1108, #1113, #1114, #1115, #1116)),.UNSPECIFIED.,.F.,.F.,.F.,(2,2),(4,3,3,3,3,3,3,3,3,3,3,3,3,3,3,3,3,3,3,3,3,3,3,3,3,3,3,3,3,4),(0.,1.),(0.,1.,2.,3.,4.,5.,6.,7.,8.,9.,10.,11.,12.,13.,14.,15.,16.,17.,18.,19.,20.,21.,22.,23.,24.,25.,26.,27.,28.,29.),.PIECEWISE_BEZIER_KNOTS.);
#941=CARTESIAN_POINT('',(0.,0.16,0.));
#942=CARTESIAN_POINT('',(1.1662103900834E-23,0.16,2.62057381966417E-05));
#943=CARTESIAN_POINT('',(1.86868420884146E-06,0.16,5.26788486057499E-05));
#944=CARTESIAN_POINT('',(0.,0.16,0.));
#945=CARTESIAN_POINT('',(-6.64888992183856E-37,0.16,-1.49586018485109E-18));
#946=CARTESIAN_POINT('',(1.86868420884202E-06,0.16,-4.39101879856629E-18));
#947=CARTESIAN_POINT('',(5.50101832007249E-06,0.16,7.87752795001461E-05));
#948=CARTESIAN_POINT('',(9.13335243130436E-06,0.16,0.000104871710394548));
#949=CARTESIAN_POINT('',(1.45689381845649E-05,0.16,0.000130627865599119));
#950=CARTESIAN_POINT('',(5.50101832007332E-06,0.16,-5.27193306371077E-18));
#951=CARTESIAN_POINT('',(9.13335243130504E-06,0.16,-3.17806761809813E-18));
#952=CARTESIAN_POINT('',(1.45689381845613E-05,0.16,1.47587020729589E-17));
#953=CARTESIAN_POINT('',(2.16672834903903E-05,0.16,0.00015596707431378));
#954=CARTESIAN_POINT('',(3.58639741020411E-05,0.16,0.000206645491743102));
#955=CARTESIAN_POINT('',(5.6617953366365E-05,0.16,0.00025536355468949));
#956=CARTESIAN_POINT('',(2.16672834903875E-05,0.16,1.01372903127395E-17));
#957=CARTESIAN_POINT('',(3.58639741020403E-05,0.16,-5.42101086242752E-19));
#958=CARTESIAN_POINT('',(5.66179533663628E-05,0.16,4.77048955893622E-18));
#959=CARTESIAN_POINT('',(8.20725948399994E-05,0.16,0.000301415191586376));
#960=CARTESIAN_POINT('',(0.000107527236313631,0.16,0.000347466828483256));
#961=CARTESIAN_POINT('',(0.000137574396416879,0.16,0.000390888148423812));
#962=CARTESIAN_POINT('',(8.20725948399969E-05,0.16,4.49943901581484E-18));
#963=CARTESIAN_POINT('',(0.00010752723631363,0.16,1.59919820441612E-18));
#964=CARTESIAN_POINT('',(0.000137574396416886,0.16,-8.6465123255719E-18));
#965=CARTESIAN_POINT('',(0.000170641561933962,0.16,0.000431818329303464));
#966=CARTESIAN_POINT('',(0.000203708727451046,0.16,0.000472748510183116));
#967=CARTESIAN_POINT('',(0.000239739357397582,0.16,0.000511223739300149));
#968=CARTESIAN_POINT('',(0.000170641561933964,0.16,-2.24971950790742E-18));
#969=CARTESIAN_POINT('',(0.000203708727451042,0.16,5.33969569949111E-18));
#970=CARTESIAN_POINT('',(0.000239739357397587,0.16,-4.98732999343332E-18));
#971=CARTESIAN_POINT('',(0.000277716033355774,0.16,0.000547635899305293));
#972=CARTESIAN_POINT('',(0.000353669385272157,0.16,0.000620460219315581));
#973=CARTESIAN_POINT('',(0.00043711825504073,0.16,0.000685161929644396));
#974=CARTESIAN_POINT('',(0.000277716033355766,0.16,7.04731412115578E-18));
#975=CARTESIAN_POINT('',(0.000353669385272125,0.16,3.10081821330854E-17));
#976=CARTESIAN_POINT('',(0.000437118255040737,0.16,-4.98732999343332E-18));
#977=CARTESIAN_POINT('',(0.000524047476450642,0.16,0.00074445927975578));
#978=CARTESIAN_POINT('',(0.000610976697860553,0.16,0.000803756629867163));
#979=CARTESIAN_POINT('',(0.000701446079096991,0.16,0.000857732604545998));
#980=CARTESIAN_POINT('',(0.000524047476450649,0.16,-5.09575021068187E-18));
#981=CARTESIAN_POINT('',(0.000610976697860562,0.16,-6.01732205729455E-18));
#982=CARTESIAN_POINT('',(0.00070144607909698,0.16,6.01732205729455E-18));
#983=CARTESIAN_POINT('',(0.00079392289787728,0.16,0.000907942384465252));
#984=CARTESIAN_POINT('',(0.000978876535437864,0.16,0.00100836194430376));
#985=CARTESIAN_POINT('',(0.00117137839127785,0.16,0.00109432233809086));
#986=CARTESIAN_POINT('',(0.000793922897877282,0.16,-9.75781955236954E-19));
#987=CARTESIAN_POINT('',(0.000978876535437888,0.16,-1.2793585635329E-17));
#988=CARTESIAN_POINT('',(0.00117137839127786,0.16,-5.31259064517897E-18));
#989=CARTESIAN_POINT('',(0.00136679049611614,0.16,0.00117238641549812));
#990=CARTESIAN_POINT('',(0.00156220260095444,0.16,0.00125045049290538));
#991=CARTESIAN_POINT('',(0.00176092895101044,0.16,0.00132011732509957));
#992=CARTESIAN_POINT('',(0.00136679049611614,0.16,-3.25260651745651E-19));
#993=CARTESIAN_POINT('',(0.00156220260095443,0.16,4.11996825544492E-18));
#994=CARTESIAN_POINT('',(0.00176092895101045,0.16,-2.60208521396521E-18));
#995=CARTESIAN_POINT('',(0.00196122444078139,0.16,0.00138463542832291));
#996=CARTESIAN_POINT('',(0.00216151993055233,0.16,0.00144915353154625));
#997=CARTESIAN_POINT('',(0.00236357349554359,0.16,0.00150818699888261));
#998=CARTESIAN_POINT('',(0.00196122444078139,0.16,-1.0842021724855E-19));
#999=CARTESIAN_POINT('',(0.00216151993055232,0.16,1.95156391047391E-18));
#1000=CARTESIAN_POINT('',(0.00236357349554358,0.16,1.84314369322536E-18));
#1001=CARTESIAN_POINT('',(0.00256662490729752,0.16,0.00156343451700015));
#1002=CARTESIAN_POINT('',(0.00276967631905146,0.16,0.00161868203511768));
#1003=CARTESIAN_POINT('',(0.00297382351042586,0.16,0.00166992594261596));
#1004=CARTESIAN_POINT('',(0.00256662490729752,0.16,1.30104260698261E-18));
#1005=CARTESIAN_POINT('',(0.00276967631905146,0.16,1.62630325872826E-18));
#1006=CARTESIAN_POINT('',(0.00297382351042585,0.16,2.60208521396521E-18));
#1007=CARTESIAN_POINT('',(0.00317858582650529,0.16,0.00171841579303834));
#1008=CARTESIAN_POINT('',(0.00338334814258472,0.16,0.00176690564346072));
#1009=CARTESIAN_POINT('',(0.00358885409663507,0.16,0.00181230273876654));
#1010=CARTESIAN_POINT('',(0.00317858582650529,0.16,1.51788304147971E-18));
#1011=CARTESIAN_POINT('',(0.00338334814258473,0.16,1.0842021724855E-19));
#1012=CARTESIAN_POINT('',(0.00358885409663508,0.16,-3.25260651745651E-19));
#1013=CARTESIAN_POINT('',(0.00379484600001686,0.16,0.0018553421909732));
#1014=CARTESIAN_POINT('',(0.00400083790339865,0.16,0.00189838164317986));
#1015=CARTESIAN_POINT('',(0.00420730560079215,0.16,0.0019391011782514));
#1016=CARTESIAN_POINT('',(0.00379484600001686,0.16,2.16840434497101E-19));
#1017=CARTESIAN_POINT('',(0.00400083790339865,0.16,5.42101086242752E-19));
#1018=CARTESIAN_POINT('',(0.00420730560079214,0.16,8.67361737988404E-19));
#1019=CARTESIAN_POINT('',(0.00441413506533825,0.16,0.00197788050627032));
#1020=CARTESIAN_POINT('',(0.00482779399443046,0.16,0.00205543916230816));
#1021=CARTESIAN_POINT('',(0.00524292143935331,0.16,0.00212511782659193));
#1022=CARTESIAN_POINT('',(0.00441413506533824,0.16,1.30104260698261E-18));
#1023=CARTESIAN_POINT('',(0.00482779399443045,0.16,2.81892564846231E-18));
#1024=CARTESIAN_POINT('',(0.00524292143935332,0.16,-1.51788304147971E-18));
#1025=CARTESIAN_POINT('',(0.00565885329445802,0.16,0.00218933801361556));
#1026=CARTESIAN_POINT('',(0.00607478514956272,0.16,0.0022535582006392));
#1027=CARTESIAN_POINT('',(0.00649164426807892,0.16,0.00231185903427488));
#1028=CARTESIAN_POINT('',(0.00565885329445803,0.16,-4.33680868994202E-19));
#1029=CARTESIAN_POINT('',(0.00607478514956272,0.16,4.33680868994202E-19));
#1030=CARTESIAN_POINT('',(0.00649164426807891,0.16,1.0842021724855E-18));
#1031=CARTESIAN_POINT('',(0.00690902234859346,0.16,0.00236592927760455));
#1032=CARTESIAN_POINT('',(0.00774377850962256,0.16,0.00247406976426389));
#1033=CARTESIAN_POINT('',(0.00858077538837181,0.16,0.0025645765464056));
#1034=CARTESIAN_POINT('',(0.00690902234859346,0.16,8.67361737988404E-19));
#1035=CARTESIAN_POINT('',(0.00774377850962256,0.16,6.50521303491303E-19));
#1036=CARTESIAN_POINT('',(0.0085807753883718,0.16,8.67361737988404E-19));
#1037=CARTESIAN_POINT('',(0.0094188386668814,0.16,0.00264316769558591));
#1038=CARTESIAN_POINT('',(0.010256901945391,0.16,0.00272175884476621));
#1039=CARTESIAN_POINT('',(0.0110960830410588,0.16,0.00278821329786225));
#1040=CARTESIAN_POINT('',(0.0094188386668814,0.16,0.));
#1041=CARTESIAN_POINT('',(0.010256901945391,0.16,-1.0842021724855E-18));
#1042=CARTESIAN_POINT('',(0.0110960830410588,0.16,2.16840434497101E-19));
#1043=CARTESIAN_POINT('',(0.0119358388153532,0.16,0.00284574891665558));
#1044=CARTESIAN_POINT('',(0.0127755945896476,0.16,0.00290328453544891));
#1045=CARTESIAN_POINT('',(0.0136160286923549,0.16,0.0029512474189057));
#1046=CARTESIAN_POINT('',(0.0119358388153532,0.16,0.));
#1047=CARTESIAN_POINT('',(0.0127755945896476,0.16,0.));
#1048=CARTESIAN_POINT('',(0.0136160286923549,0.16,8.67361737988404E-19));
#1049=CARTESIAN_POINT('',(0.0144567508592199,0.16,0.00299230505319273));
#1050=CARTESIAN_POINT('',(0.0148771119426524,0.16,0.00301283387033624));
#1051=CARTESIAN_POINT('',(0.0152975834053881,0.16,0.00303135756789995));
#1052=CARTESIAN_POINT('',(0.0144567508592199,0.16,8.67361737988404E-19));
#1053=CARTESIAN_POINT('',(0.0148771119426524,0.16,8.67361737988404E-19));
#1054=CARTESIAN_POINT('',(0.0152975834053881,0.16,0.));
#1055=CARTESIAN_POINT('',(0.0157181084638359,0.16,0.00304831831352327));
#1056=CARTESIAN_POINT('',(0.0161386335222836,0.16,0.0030652790591466));
#1057=CARTESIAN_POINT('',(0.0165592232409891,0.16,0.00308058066496662));
#1058=CARTESIAN_POINT('',(0.0157181084638359,0.16,-2.16840434497101E-19));
#1059=CARTESIAN_POINT('',(0.0161386335222836,0.16,-2.16840434497101E-19));
#1060=CARTESIAN_POINT('',(0.0165592232409891,0.16,0.));
#1061=CARTESIAN_POINT('',(0.0169798694467146,0.16,0.00309430500100748));
#1062=CARTESIAN_POINT('',(0.0178211618581658,0.16,0.00312175367308921));
#1063=CARTESIAN_POINT('',(0.0186626357130418,0.16,0.00314323385025522));
#1064=CARTESIAN_POINT('',(0.0169798694467146,0.16,2.16840434497101E-19));
#1065=CARTESIAN_POINT('',(0.0178211618581658,0.16,4.33680868994202E-19));
#1066=CARTESIAN_POINT('',(0.0186626357130418,0.16,-2.16840434497101E-19));
#1067=CARTESIAN_POINT('',(0.0195042103781584,0.16,0.00315950585003766));
#1068=CARTESIAN_POINT('',(0.0211873597083916,0.16,0.00319204984960255));
#1069=CARTESIAN_POINT('',(0.0228708958814873,0.16,0.00320385115082923));
#1070=CARTESIAN_POINT('',(0.0195042103781584,0.16,0.));
#1071=CARTESIAN_POINT('',(0.0211873597083916,0.16,2.16840434497101E-19));
#1072=CARTESIAN_POINT('',(0.0228708958814873,0.16,0.));
#1073=CARTESIAN_POINT('',(0.0245543596213967,0.16,0.00320029088554252));
#1074=CARTESIAN_POINT('',(0.0262378233613061,0.16,0.00319673062025582));
#1075=CARTESIAN_POINT('',(0.0279212393352619,0.16,0.0031775756619223));
#1076=CARTESIAN_POINT('',(0.0245543596213967,0.16,0.));
#1077=CARTESIAN_POINT('',(0.0262378233613061,0.16,0.));
#1078=CARTESIAN_POINT('',(0.0279212393352619,0.16,2.16840434497101E-19));
#1079=CARTESIAN_POINT('',(0.0296044124706485,0.16,0.0031462014803482));
#1080=CARTESIAN_POINT('',(0.031287585606035,0.16,0.00311482729877409));
#1081=CARTESIAN_POINT('',(0.0329705237376452,0.16,0.00307121004776786));
#1082=CARTESIAN_POINT('',(0.0296044124706484,0.16,-6.50521303491303E-19));
#1083=CARTESIAN_POINT('',(0.031287585606035,0.16,-1.51788304147971E-18));
#1084=CARTESIAN_POINT('',(0.0329705237376452,0.16,-2.38524477946811E-18));
#1085=CARTESIAN_POINT('',(0.0346531408789163,0.16,0.00301763900029798));
#1086=CARTESIAN_POINT('',(0.0363357580201874,0.16,0.0029640679528281));
#1087=CARTESIAN_POINT('',(0.0380180530670846,0.16,0.0029007916339378));
#1088=CARTESIAN_POINT('',(0.0346531408789163,0.16,-1.0842021724855E-18));
#1089=CARTESIAN_POINT('',(0.0363357580201874,0.16,2.16840434497101E-19));
#1090=CARTESIAN_POINT('',(0.0380180530670846,0.16,-8.67361737988404E-19));
#1091=CARTESIAN_POINT('',(0.0397000011936869,0.16,0.00282925397119719));
#1092=CARTESIAN_POINT('',(0.0430638974468915,0.16,0.00268617864571595));
#1093=CARTESIAN_POINT('',(0.0464263896527082,0.16,0.00251126074152319));
#1094=CARTESIAN_POINT('',(0.0397000011936869,0.16,-1.0842021724855E-18));
#1095=CARTESIAN_POINT('',(0.0430638974468915,0.16,-1.0842021724855E-18));
#1096=CARTESIAN_POINT('',(0.0464263896527082,0.16,0.));
#1097=CARTESIAN_POINT('',(0.0497874999627303,0.16,0.002313387176184));
#1098=CARTESIAN_POINT('',(0.0531486102727524,0.16,0.00211551361084481));
#1099=CARTESIAN_POINT('',(0.0565083547216689,0.16,0.00189469115401517));
#1100=CARTESIAN_POINT('',(0.0497874999627303,0.16,-1.95156391047391E-18));
#1101=CARTESIAN_POINT('',(0.0531486102727523,0.16,-3.90312782094782E-18));
#1102=CARTESIAN_POINT('',(0.0565083547216688,0.16,-7.58941520739853E-19));
#1103=CARTESIAN_POINT('',(0.0598667675342566,0.16,0.00165535875699183));
#1104=CARTESIAN_POINT('',(0.0632251803468443,0.16,0.00141602635996849));
#1105=CARTESIAN_POINT('',(0.0665822699667303,0.16,0.0011581801205634));
#1106=CARTESIAN_POINT('',(0.0598667675342566,0.16,-2.38524477946811E-18));
#1107=CARTESIAN_POINT('',(0.0632251803468443,0.16,-3.79470760369927E-18));
#1108=CARTESIAN_POINT('',(0.0665822699667303,0.16,-2.92734586571086E-18));
#1109=CARTESIAN_POINT('',(0.069937899819438,0.16,0.000882571660685302));
#1110=CARTESIAN_POINT('',(0.0732935296721456,0.16,0.0006069632008072));
#1111=CARTESIAN_POINT('',(0.0766477052958097,0.16,0.000313573448858628));
#1112=CARTESIAN_POINT('',(0.08,0.16,0.));
#1113=CARTESIAN_POINT('',(0.0699378998194379,0.16,-2.16840434497101E-18));
#1114=CARTESIAN_POINT('',(0.0732935296721456,0.16,-1.73472347597681E-18));
#1115=CARTESIAN_POINT('',(0.0766477052958088,0.16,-5.36680075380325E-18));
#1116=CARTESIAN_POINT('',(0.08,0.16,0.));
#1117=GEOMETRIC_SET('TOLSPEZTTR, Right, 0',(#55,#232,#409,#586,#763,#940));
#1118=GEOMETRICALLY_BOUNDED_SURFACE_SHAPE_REPRESENTATION('',(#1117),#15);
#1119=SHAPE_REPRESENTATION_RELATIONSHIP('','',#29,#1118);
#1120=B_SPLINE_SURFACE_WITH_KNOTS('Surf_IVRWZJEPPS, Pod_Right, 0, 0',3,3,((#1121, #1122, #1123, #1130, #1131, #1132, #1133),(#1124, #1125, #1126, #1134, #1135, #1136, #1137),(#1127, #1128, #1129, #1138, #1139, #1140, #1141),(#1142, #1143, #1144, #1154, #1155, #1156, #1157),(#1145, #1146, #1147, #1158, #1159, #1160, #1161),(#1148, #1149, #1150, #1162, #1163, #1164, #1165),(#1151, #1152, #1153, #1166, #1167, #1168, #1169)),.UNSPECIFIED.,.F.,.F.,.F.,(4,3,4),(4,3,4),(0.,1.,2.),(0.,1.,2.),.PIECEWISE_BEZIER_KNOTS.);
#1121=CARTESIAN_POINT('',(-0.01,0.16,-0.0005));
#1122=CARTESIAN_POINT('',(-0.01,0.160137978756123,-0.0005));
#1123=CARTESIAN_POINT('',(-0.01,0.160262978756123,-0.000443989378061688));
#1124=CARTESIAN_POINT('',(-0.00517008022840958,0.16,-0.00532991977159041));
#1125=CARTESIAN_POINT('',(-0.00517008022840958,0.161399572516227,-0.00532991977159041));
#1126=CARTESIAN_POINT('',(-0.00517008022840958,0.16278616627633,-0.004751339904012));
#1127=CARTESIAN_POINT('',(0.005,0.16,-0.016));
#1128=CARTESIAN_POINT('',(0.005,0.164415320195948,-0.016));
#1129=CARTESIAN_POINT('',(0.00500000000000001,0.168415320195948,-0.014207660097974));
#1130=CARTESIAN_POINT('',(-0.01,0.160353484067093,-0.000353484067092533));
#1131=CARTESIAN_POINT('',(-0.01,0.160443989378062,-0.000262978756123378));
#1132=CARTESIAN_POINT('',(-0.01,0.1605,-0.000137978756123377));
#1133=CARTESIAN_POINT('',(-0.01,0.1605,0.));
#1134=CARTESIAN_POINT('',(-0.00517008022840958,0.163768753090171,-0.00376875309017109));
#1135=CARTESIAN_POINT('',(-0.00517008022840958,0.164751339904012,-0.00278616627633019));
#1136=CARTESIAN_POINT('',(-0.00517008022840958,0.16532991977159,-0.00139957251622678));
#1137=CARTESIAN_POINT('',(-0.00517008022840958,0.16532991977159,0.));
#1138=CARTESIAN_POINT('',(0.00500000000000001,0.171311490146961,-0.0113114901469611));
#1139=CARTESIAN_POINT('',(0.00500000000000001,0.174207660097974,-0.00841532019594808));
#1140=CARTESIAN_POINT('',(0.005,0.176,-0.00441532019594809));
#1141=CARTESIAN_POINT('',(0.005,0.176,0.));
#1142=CARTESIAN_POINT('',(0.0125,0.16,-0.016));
#1143=CARTESIAN_POINT('',(0.0125,0.164415320195948,-0.016));
#1144=CARTESIAN_POINT('',(0.0125,0.168415320195948,-0.014207660097974));
#1145=CARTESIAN_POINT('',(0.02,0.16,-0.016));
#1146=CARTESIAN_POINT('',(0.02,0.164415320195948,-0.016));
#1147=CARTESIAN_POINT('',(0.02,0.168415320195948,-0.014207660097974));
#1148=CARTESIAN_POINT('',(0.0275,0.16,-0.016));
#1149=CARTESIAN_POINT('',(0.0275,0.164415320195948,-0.016));
#1150=CARTESIAN_POINT('',(0.0275,0.168415320195948,-0.014207660097974));
#1151=CARTESIAN_POINT('',(0.035,0.16,-0.016));
#1152=CARTESIAN_POINT('',(0.035,0.164415320195948,-0.016));
#1153=CARTESIAN_POINT('',(0.035,0.168415320195948,-0.014207660097974));
#1154=CARTESIAN_POINT('',(0.0125,0.171311490146961,-0.0113114901469611));
#1155=CARTESIAN_POINT('',(0.0125,0.174207660097974,-0.00841532019594808));
#1156=CARTESIAN_POINT('',(0.0125,0.176,-0.00441532019594809));
#1157=CARTESIAN_POINT('',(0.0125,0.176,0.));
#1158=CARTESIAN_POINT('',(0.02,0.171311490146961,-0.0113114901469611));
#1159=CARTESIAN_POINT('',(0.02,0.174207660097974,-0.00841532019594808));
#1160=CARTESIAN_POINT('',(0.02,0.176,-0.00441532019594809));
#1161=CARTESIAN_POINT('',(0.02,0.176,0.));
#1162=CARTESIAN_POINT('',(0.0275,0.171311490146961,-0.0113114901469611));
#1163=CARTESIAN_POINT('',(0.0275,0.174207660097974,-0.00841532019594808));
#1164=CARTESIAN_POINT('',(0.0275,0.176,-0.00441532019594809));
#1165=CARTESIAN_POINT('',(0.0275,0.176,0.));
#1166=CARTESIAN_POINT('',(0.035,0.171311490146961,-0.0113114901469611));
#1167=CARTESIAN_POINT('',(0.035,0.174207660097974,-0.00841532019594808));
#1168=CARTESIAN_POINT('',(0.035,0.176,-0.00441532019594809));
#1169=CARTESIAN_POINT('',(0.035,0.176,0.));
#1170=B_SPLINE_SURFACE_WITH_KNOTS('Surf_IVRWZJEPPS, Pod_Right, 0, 1',3,3,((#1171, #1172, #1173, #1180, #1181, #1182, #1183),(#1174, #1175, #1176, #1184, #1185, #1186, #1187),(#1177, #1178, #1179, #1188, #1189, #1190, #1191),(#1192, #1193, #1194, #1204, #1205, #1206, #1207),(#1195, #1196, #1197, #1208, #1209, #1210, #1211),(#1198, #1199, #1200, #1212, #1213, #1214, #1215),(#1201, #1202, #1203, #1216, #1217, #1218, #1219)),.UNSPECIFIED.,.F.,.F.,.F.,(4,3,4),(4,3,4),(0.,1.,2.),(0.,1.,2.),.PIECEWISE_BEZIER_KNOTS.);
#1171=CARTESIAN_POINT('',(-0.01,0.1595,0.));
#1172=CARTESIAN_POINT('',(-0.01,0.1595,-0.000137978756123378));
#1173=CARTESIAN_POINT('',(-0.01,0.159556010621938,-0.000262978756123377));
#1174=CARTESIAN_POINT('',(-0.00517008022840958,0.15467008022841,1.38151219657456E-19));
#1175=CARTESIAN_POINT('',(-0.00517008022840958,0.15467008022841,-0.00139957251622678));
#1176=CARTESIAN_POINT('',(-0.00517008022840958,0.155248660095988,-0.00278616627633019));
#1177=CARTESIAN_POINT('',(0.005,0.144,0.));
#1178=CARTESIAN_POINT('',(0.005,0.144,-0.00441532019594809));
#1179=CARTESIAN_POINT('',(0.005,0.145792339902026,-0.00841532019594808));
#1180=CARTESIAN_POINT('',(-0.01,0.159646515932907,-0.000353484067092533));
#1181=CARTESIAN_POINT('',(-0.01,0.159737021243877,-0.000443989378061689));
#1182=CARTESIAN_POINT('',(-0.01,0.159862021243877,-0.0005));
#1183=CARTESIAN_POINT('',(-0.01,0.16,-0.0005));
#1184=CARTESIAN_POINT('',(-0.00517008022840958,0.156231246909829,-0.0037687530901711));
#1185=CARTESIAN_POINT('',(-0.00517008022840958,0.15721383372367,-0.004751339904012));
#1186=CARTESIAN_POINT('',(-0.00517008022840958,0.158600427483773,-0.00532991977159042));
#1187=CARTESIAN_POINT('',(-0.00517008022840958,0.16,-0.00532991977159041));
#1188=CARTESIAN_POINT('',(0.005,0.148688509853039,-0.0113114901469611));
#1189=CARTESIAN_POINT('',(0.005,0.151584679804052,-0.014207660097974));
#1190=CARTESIAN_POINT('',(0.005,0.155584679804052,-0.016));
#1191=CARTESIAN_POINT('',(0.005,0.16,-0.016));
#1192=CARTESIAN_POINT('',(0.0125,0.144,0.));
#1193=CARTESIAN_POINT('',(0.0125,0.144,-0.00441532019594809));
#1194=CARTESIAN_POINT('',(0.0125,0.145792339902026,-0.00841532019594808));
#1195=CARTESIAN_POINT('',(0.02,0.144,0.));
#1196=CARTESIAN_POINT('',(0.02,0.144,-0.00441532019594809));
#1197=CARTESIAN_POINT('',(0.02,0.145792339902026,-0.00841532019594808));
#1198=CARTESIAN_POINT('',(0.0275,0.144,0.));
#1199=CARTESIAN_POINT('',(0.0275,0.144,-0.00441532019594809));
#1200=CARTESIAN_POINT('',(0.0275,0.145792339902026,-0.00841532019594808));
#1201=CARTESIAN_POINT('',(0.035,0.144,0.));
#1202=CARTESIAN_POINT('',(0.035,0.144,-0.00441532019594809));
#1203=CARTESIAN_POINT('',(0.035,0.145792339902026,-0.00841532019594808));
#1204=CARTESIAN_POINT('',(0.0125,0.148688509853039,-0.0113114901469611));
#1205=CARTESIAN_POINT('',(0.0125,0.151584679804052,-0.014207660097974));
#1206=CARTESIAN_POINT('',(0.0125,0.155584679804052,-0.016));
#1207=CARTESIAN_POINT('',(0.0125,0.16,-0.016));
#1208=CARTESIAN_POINT('',(0.02,0.148688509853039,-0.0113114901469611));
#1209=CARTESIAN_POINT('',(0.02,0.151584679804052,-0.014207660097974));
#1210=CARTESIAN_POINT('',(0.02,0.155584679804052,-0.016));
#1211=CARTESIAN_POINT('',(0.02,0.16,-0.016));
#1212=CARTESIAN_POINT('',(0.0275,0.148688509853039,-0.0113114901469611));
#1213=CARTESIAN_POINT('',(0.0275,0.151584679804052,-0.014207660097974));
#1214=CARTESIAN_POINT('',(0.0275,0.155584679804052,-0.016));
#1215=CARTESIAN_POINT('',(0.0275,0.16,-0.016));
#1216=CARTESIAN_POINT('',(0.035,0.148688509853039,-0.0113114901469611));
#1217=CARTESIAN_POINT('',(0.035,0.151584679804052,-0.014207660097974));
#1218=CARTESIAN_POINT('',(0.035,0.155584679804052,-0.016));
#1219=CARTESIAN_POINT('',(0.035,0.16,-0.016));
#1220=B_SPLINE_SURFACE_WITH_KNOTS('Surf_IVRWZJEPPS, Pod_Right, 0, 2',3,3,((#1221, #1222, #1223, #1230, #1231, #1232, #1233),(#1224, #1225, #1226, #1234, #1235, #1236, #1237),(#1227, #1228, #1229, #1238, #1239, #1240, #1241),(#1242, #1243, #1244, #1254, #1255, #1256, #1257),(#1245, #1246, #1247, #1258, #1259, #1260, #1261),(#1248, #1249, #1250, #1262, #1263, #1264, #1265),(#1251, #1252, #1253, #1266, #1267, #1268, #1269)),.UNSPECIFIED.,.F.,.F.,.F.,(4,3,4),(4,3,4),(0.,1.,2.),(0.,1.,2.),.PIECEWISE_BEZIER_KNOTS.);
#1221=CARTESIAN_POINT('',(-0.01,0.16,0.0005));
#1222=CARTESIAN_POINT('',(-0.01,0.159862021243877,0.0005));
#1223=CARTESIAN_POINT('',(-0.01,0.159737021243877,0.000443989378061688));
#1224=CARTESIAN_POINT('',(-0.00517008022840958,0.16,0.00532991977159042));
#1225=CARTESIAN_POINT('',(-0.00517008022840958,0.158600427483773,0.00532991977159042));
#1226=CARTESIAN_POINT('',(-0.00517008022840958,0.15721383372367,0.004751339904012));
#1227=CARTESIAN_POINT('',(0.00500000000000001,0.16,0.016));
#1228=CARTESIAN_POINT('',(0.005,0.155584679804052,0.016));
#1229=CARTESIAN_POINT('',(0.005,0.151584679804052,0.014207660097974));
#1230=CARTESIAN_POINT('',(-0.01,0.159646515932907,0.000353484067092533));
#1231=CARTESIAN_POINT('',(-0.01,0.159556010621938,0.000262978756123377));
#1232=CARTESIAN_POINT('',(-0.01,0.1595,0.000137978756123378));
#1233=CARTESIAN_POINT('',(-0.01,0.1595,0.));
#1234=CARTESIAN_POINT('',(-0.00517008022840958,0.156231246909829,0.0037687530901711));
#1235=CARTESIAN_POINT('',(-0.00517008022840958,0.155248660095988,0.00278616627633019));
#1236=CARTESIAN_POINT('',(-0.00517008022840958,0.15467008022841,0.00139957251622678));
#1237=CARTESIAN_POINT('',(-0.00517008022840958,0.15467008022841,1.38151219657456E-19));
#1238=CARTESIAN_POINT('',(0.005,0.148688509853039,0.0113114901469611));
#1239=CARTESIAN_POINT('',(0.005,0.145792339902026,0.00841532019594808));
#1240=CARTESIAN_POINT('',(0.005,0.144,0.00441532019594809));
#1241=CARTESIAN_POINT('',(0.005,0.144,0.));
#1242=CARTESIAN_POINT('',(0.0125,0.16,0.016));
#1243=CARTESIAN_POINT('',(0.0125,0.155584679804052,0.016));
#1244=CARTESIAN_POINT('',(0.0125,0.151584679804052,0.014207660097974));
#1245=CARTESIAN_POINT('',(0.02,0.16,0.016));
#1246=CARTESIAN_POINT('',(0.02,0.155584679804052,0.016));
#1247=CARTESIAN_POINT('',(0.02,0.151584679804052,0.014207660097974));
#1248=CARTESIAN_POINT('',(0.0275,0.16,0.016));
#1249=CARTESIAN_POINT('',(0.0275,0.155584679804052,0.016));
#1250=CARTESIAN_POINT('',(0.0275,0.151584679804052,0.014207660097974));
#1251=CARTESIAN_POINT('',(0.035,0.16,0.016));
#1252=CARTESIAN_POINT('',(0.035,0.155584679804052,0.016));
#1253=CARTESIAN_POINT('',(0.035,0.151584679804052,0.014207660097974));
#1254=CARTESIAN_POINT('',(0.0125,0.148688509853039,0.0113114901469611));
#1255=CARTESIAN_POINT('',(0.0125,0.145792339902026,0.00841532019594808));
#1256=CARTESIAN_POINT('',(0.0125,0.144,0.00441532019594809));
#1257=CARTESIAN_POINT('',(0.0125,0.144,0.));
#1258=CARTESIAN_POINT('',(0.02,0.148688509853039,0.0113114901469611));
#1259=CARTESIAN_POINT('',(0.02,0.145792339902026,0.00841532019594808));
#1260=CARTESIAN_POINT('',(0.02,0.144,0.00441532019594809));
#1261=CARTESIAN_POINT('',(0.02,0.144,0.));
#1262=CARTESIAN_POINT('',(0.0275,0.148688509853039,0.0113114901469611));
#1263=CARTESIAN_POINT('',(0.0275,0.145792339902026,0.00841532019594808));
#1264=CARTESIAN_POINT('',(0.0275,0.144,0.00441532019594809));
#1265=CARTESIAN_POINT('',(0.0275,0.144,0.));
#1266=CARTESIAN_POINT('',(0.035,0.148688509853039,0.0113114901469611));
#1267=CARTESIAN_POINT('',(0.035,0.145792339902026,0.00841532019594808));
#1268=CARTESIAN_POINT('',(0.035,0.144,0.00441532019594809));
#1269=CARTESIAN_POINT('',(0.035,0.144,0.));
#1270=B_SPLINE_SURFACE_WITH_KNOTS('Surf_IVRWZJEPPS, Pod_Right, 0, 3',3,3,((#1271, #1272, #1273, #1280, #1281, #1282, #1283),(#1274, #1275, #1276, #1284, #1285, #1286, #1287),(#1277, #1278, #1279, #1288, #1289, #1290, #1291),(#1292, #1293, #1294, #1304, #1305, #1306, #1307),(#1295, #1296, #1297, #1308, #1309, #1310, #1311),(#1298, #1299, #1300, #1312, #1313, #1314, #1315),(#1301, #1302, #1303, #1316, #1317, #1318, #1319)),.UNSPECIFIED.,.F.,.F.,.F.,(4,3,4),(4,3,4),(0.,1.,2.),(0.,1.,2.),.PIECEWISE_BEZIER_KNOTS.);
#1271=CARTESIAN_POINT('',(-0.01,0.1605,0.));
#1272=CARTESIAN_POINT('',(-0.01,0.1605,0.000137978756123377));
#1273=CARTESIAN_POINT('',(-0.01,0.160443989378062,0.000262978756123378));
#1274=CARTESIAN_POINT('',(-0.00517008022840958,0.16532991977159,0.));
#1275=CARTESIAN_POINT('',(-0.00517008022840958,0.16532991977159,0.00139957251622678));
#1276=CARTESIAN_POINT('',(-0.00517008022840958,0.164751339904012,0.00278616627633019));
#1277=CARTESIAN_POINT('',(0.005,0.176,0.));
#1278=CARTESIAN_POINT('',(0.005,0.176,0.00441532019594809));
#1279=CARTESIAN_POINT('',(0.00500000000000001,0.174207660097974,0.00841532019594808));
#1280=CARTESIAN_POINT('',(-0.01,0.160353484067093,0.000353484067092533));
#1281=CARTESIAN_POINT('',(-0.01,0.160262978756123,0.000443989378061688));
#1282=CARTESIAN_POINT('',(-0.01,0.160137978756123,0.0005));
#1283=CARTESIAN_POINT('',(-0.01,0.16,0.0005));
#1284=CARTESIAN_POINT('',(-0.00517008022840958,0.163768753090171,0.0037687530901711));
#1285=CARTESIAN_POINT('',(-0.00517008022840958,0.16278616627633,0.004751339904012));
#1286=CARTESIAN_POINT('',(-0.00517008022840958,0.161399572516227,0.00532991977159042));
#1287=CARTESIAN_POINT('',(-0.00517008022840958,0.16,0.00532991977159042));
#1288=CARTESIAN_POINT('',(0.00500000000000001,0.171311490146961,0.0113114901469611));
#1289=CARTESIAN_POINT('',(0.00500000000000001,0.168415320195948,0.014207660097974));
#1290=CARTESIAN_POINT('',(0.00500000000000001,0.164415320195948,0.016));
#1291=CARTESIAN_POINT('',(0.00500000000000001,0.16,0.016));
#1292=CARTESIAN_POINT('',(0.0125,0.176,0.));
#1293=CARTESIAN_POINT('',(0.0125,0.176,0.00441532019594809));
#1294=CARTESIAN_POINT('',(0.0125,0.174207660097974,0.00841532019594808));
#1295=CARTESIAN_POINT('',(0.02,0.176,0.));
#1296=CARTESIAN_POINT('',(0.02,0.176,0.00441532019594809));
#1297=CARTESIAN_POINT('',(0.02,0.174207660097974,0.00841532019594808));
#1298=CARTESIAN_POINT('',(0.0275,0.176,0.));
#1299=CARTESIAN_POINT('',(0.0275,0.176,0.00441532019594809));
#1300=CARTESIAN_POINT('',(0.0275,0.174207660097974,0.00841532019594808));
#1301=CARTESIAN_POINT('',(0.035,0.176,0.));
#1302=CARTESIAN_POINT('',(0.035,0.176,0.00441532019594809));
#1303=CARTESIAN_POINT('',(0.035,0.174207660097974,0.00841532019594808));
#1304=CARTESIAN_POINT('',(0.0125,0.171311490146961,0.0113114901469611));
#1305=CARTESIAN_POINT('',(0.0125,0.168415320195948,0.014207660097974));
#1306=CARTESIAN_POINT('',(0.0125,0.164415320195948,0.016));
#1307=CARTESIAN_POINT('',(0.0125,0.16,0.016));
#1308=CARTESIAN_POINT('',(0.02,0.171311490146961,0.0113114901469611));
#1309=CARTESIAN_POINT('',(0.02,0.168415320195948,0.014207660097974));
#1310=CARTESIAN_POINT('',(0.02,0.164415320195948,0.016));
#1311=CARTESIAN_POINT('',(0.02,0.16,0.016));
#1312=CARTESIAN_POINT('',(0.0275,0.171311490146961,0.0113114901469611));
#1313=CARTESIAN_POINT('',(0.0275,0.168415320195948,0.014207660097974));
#1314=CARTESIAN_POINT('',(0.0275,0.164415320195948,0.016));
#1315=CARTESIAN_POINT('',(0.0275,0.16,0.016));
#1316=CARTESIAN_POINT('',(0.035,0.171311490146961,0.0113114901469611));
#1317=CARTESIAN_POINT('',(0.035,0.168415320195948,0.014207660097974));
#1318=CARTESIAN_POINT('',(0.035,0.164415320195948,0.016));
#1319=CARTESIAN_POINT('',(0.035,0.16,0.016));
#1320=B_SPLINE_SURFACE_WITH_KNOTS('Surf_IVRWZJEPPS, Pod_Right, 0, 4',3,3,((#1321, #1322, #1323, #1330, #1331, #1332, #1333),(#1324, #1325, #1326, #1334, #1335, #1336, #1337),(#1327, #1328, #1329, #1338, #1339, #1340, #1341),(#1342, #1343, #1344, #1354, #1355, #1356, #1357),(#1345, #1346, #1347, #1358, #1359, #1360, #1361),(#1348, #1349, #1350, #1362, #1363, #1364, #1365),(#1351, #1352, #1353, #1366, #1367, #1368, #1369)),.UNSPECIFIED.,.F.,.F.,.F.,(4,3,4),(4,3,4),(0.,1.,2.),(0.,1.,2.),.PIECEWISE_BEZIER_KNOTS.);
#1321=CARTESIAN_POINT('',(0.035,0.16,-0.016));
#1322=CARTESIAN_POINT('',(0.035,0.164415320195948,-0.016));
#1323=CARTESIAN_POINT('',(0.035,0.168415320195948,-0.014207660097974));
#1324=CARTESIAN_POINT('',(0.0425,0.16,-0.016));
#1325=CARTESIAN_POINT('',(0.0425,0.164415320195948,-0.016));
#1326=CARTESIAN_POINT('',(0.0425,0.168415320195948,-0.014207660097974));
#1327=CARTESIAN_POINT('',(0.05,0.16,-0.016));
#1328=CARTESIAN_POINT('',(0.05,0.164415320195948,-0.016));
#1329=CARTESIAN_POINT('',(0.05,0.168415320195948,-0.014207660097974));
#1330=CARTESIAN_POINT('',(0.035,0.171311490146961,-0.0113114901469611));
#1331=CARTESIAN_POINT('',(0.035,0.174207660097974,-0.00841532019594808));
#1332=CARTESIAN_POINT('',(0.035,0.176,-0.00441532019594809));
#1333=CARTESIAN_POINT('',(0.035,0.176,0.));
#1334=CARTESIAN_POINT('',(0.0425,0.171311490146961,-0.0113114901469611));
#1335=CARTESIAN_POINT('',(0.0425,0.174207660097974,-0.00841532019594808));
#1336=CARTESIAN_POINT('',(0.0425,0.176,-0.00441532019594809));
#1337=CARTESIAN_POINT('',(0.0425,0.176,0.));
#1338=CARTESIAN_POINT('',(0.05,0.171311490146961,-0.0113114901469611));
#1339=CARTESIAN_POINT('',(0.05,0.174207660097974,-0.00841532019594808));
#1340=CARTESIAN_POINT('',(0.05,0.176,-0.00441532019594809));
#1341=CARTESIAN_POINT('',(0.05,0.176,0.));
#1342=CARTESIAN_POINT('',(0.0575,0.16,-0.016));
#1343=CARTESIAN_POINT('',(0.0575,0.164415320195948,-0.016));
#1344=CARTESIAN_POINT('',(0.0575,0.168415320195948,-0.014207660097974));
#1345=CARTESIAN_POINT('',(0.065,0.16,-0.016));
#1346=CARTESIAN_POINT('',(0.065,0.164415320195948,-0.016));
#1347=CARTESIAN_POINT('',(0.065,0.168415320195948,-0.014207660097974));
#1348=CARTESIAN_POINT('',(0.0759330216990989,0.16,-0.0152669783009011));
#1349=CARTESIAN_POINT('',(0.0759330216990989,0.164153034628752,-0.0152669783009011));
#1350=CARTESIAN_POINT('',(0.0759330216990989,0.168015345120341,-0.0135723169564156));
#1351=CARTESIAN_POINT('',(0.08,0.16,-0.0112));
#1352=CARTESIAN_POINT('',(0.08,0.163090724137164,-0.0112));
#1353=CARTESIAN_POINT('',(0.08,0.165890724137164,-0.00994536206858183));
#1354=CARTESIAN_POINT('',(0.0575,0.171311490146961,-0.0113114901469611));
#1355=CARTESIAN_POINT('',(0.0575,0.174207660097974,-0.00841532019594808));
#1356=CARTESIAN_POINT('',(0.0575,0.176,-0.00441532019594809));
#1357=CARTESIAN_POINT('',(0.0575,0.176,0.));
#1358=CARTESIAN_POINT('',(0.065,0.171311490146961,-0.0113114901469611));
#1359=CARTESIAN_POINT('',(0.065,0.174207660097974,-0.00841532019594808));
#1360=CARTESIAN_POINT('',(0.065,0.176,-0.00441532019594809));
#1361=CARTESIAN_POINT('',(0.065,0.176,0.));
#1362=CARTESIAN_POINT('',(0.0759330216990989,0.170793831038378,-0.0107938310383784));
#1363=CARTESIAN_POINT('',(0.0759330216990989,0.173572316956416,-0.00801534512034127));
#1364=CARTESIAN_POINT('',(0.0759330216990989,0.175266978300901,-0.00415303462875247));
#1365=CARTESIAN_POINT('',(0.0759330216990989,0.175266978300901,0.));
#1366=CARTESIAN_POINT('',(0.08,0.167918043102873,-0.00791804310287274));
#1367=CARTESIAN_POINT('',(0.08,0.169945362068582,-0.00589072413716366));
#1368=CARTESIAN_POINT('',(0.08,0.1712,-0.00309072413716366));
#1369=CARTESIAN_POINT('',(0.08,0.1712,0.));
#1370=B_SPLINE_SURFACE_WITH_KNOTS('Surf_IVRWZJEPPS, Pod_Right, 0, 5',3,3,((#1371, #1372, #1373, #1380, #1381, #1382, #1383),(#1374, #1375, #1376, #1384, #1385, #1386, #1387),(#1377, #1378, #1379, #1388, #1389, #1390, #1391),(#1392, #1393, #1394, #1404, #1405, #1406, #1407),(#1395, #1396, #1397, #1408, #1409, #1410, #1411),(#1398, #1399, #1400, #1412, #1413, #1414, #1415),(#1401, #1402, #1403, #1416, #1417, #1418, #1419)),.UNSPECIFIED.,.F.,.F.,.F.,(4,3,4),(4,3,4),(0.,1.,2.),(0.,1.,2.),.PIECEWISE_BEZIER_KNOTS.);
#1371=CARTESIAN_POINT('',(0.035,0.144,0.));
#1372=CARTESIAN_POINT('',(0.035,0.144,-0.00441532019594809));
#1373=CARTESIAN_POINT('',(0.035,0.145792339902026,-0.00841532019594808));
#1374=CARTESIAN_POINT('',(0.0425,0.144,0.));
#1375=CARTESIAN_POINT('',(0.0425,0.144,-0.00441532019594809));
#1376=CARTESIAN_POINT('',(0.0425,0.145792339902026,-0.00841532019594808));
#1377=CARTESIAN_POINT('',(0.05,0.144,0.));
#1378=CARTESIAN_POINT('',(0.05,0.144,-0.00441532019594809));
#1379=CARTESIAN_POINT('',(0.05,0.145792339902026,-0.00841532019594808));
#1380=CARTESIAN_POINT('',(0.035,0.148688509853039,-0.0113114901469611));
#1381=CARTESIAN_POINT('',(0.035,0.151584679804052,-0.014207660097974));
#1382=CARTESIAN_POINT('',(0.035,0.155584679804052,-0.016));
#1383=CARTESIAN_POINT('',(0.035,0.16,-0.016));
#1384=CARTESIAN_POINT('',(0.0425,0.148688509853039,-0.0113114901469611));
#1385=CARTESIAN_POINT('',(0.0425,0.151584679804052,-0.014207660097974));
#1386=CARTESIAN_POINT('',(0.0425,0.155584679804052,-0.016));
#1387=CARTESIAN_POINT('',(0.0425,0.16,-0.016));
#1388=CARTESIAN_POINT('',(0.05,0.148688509853039,-0.0113114901469611));
#1389=CARTESIAN_POINT('',(0.05,0.151584679804052,-0.014207660097974));
#1390=CARTESIAN_POINT('',(0.05,0.155584679804052,-0.016));
#1391=CARTESIAN_POINT('',(0.05,0.16,-0.016));
#1392=CARTESIAN_POINT('',(0.0575,0.144,0.));
#1393=CARTESIAN_POINT('',(0.0575,0.144,-0.00441532019594809));
#1394=CARTESIAN_POINT('',(0.0575,0.145792339902026,-0.00841532019594808));
#1395=CARTESIAN_POINT('',(0.065,0.144,0.));
#1396=CARTESIAN_POINT('',(0.065,0.144,-0.00441532019594809));
#1397=CARTESIAN_POINT('',(0.065,0.145792339902026,-0.00841532019594808));
#1398=CARTESIAN_POINT('',(0.0759330216990989,0.144733021699099,8.54856767425266E-19));
#1399=CARTESIAN_POINT('',(0.0759330216990989,0.144733021699099,-0.00415303462875247));
#1400=CARTESIAN_POINT('',(0.0759330216990989,0.146427683043584,-0.00801534512034128));
#1401=CARTESIAN_POINT('',(0.08,0.1488,0.));
#1402=CARTESIAN_POINT('',(0.08,0.1488,-0.00309072413716366));
#1403=CARTESIAN_POINT('',(0.08,0.150054637931418,-0.00589072413716366));
#1404=CARTESIAN_POINT('',(0.0575,0.148688509853039,-0.0113114901469611));
#1405=CARTESIAN_POINT('',(0.0575,0.151584679804052,-0.014207660097974));
#1406=CARTESIAN_POINT('',(0.0575,0.155584679804052,-0.016));
#1407=CARTESIAN_POINT('',(0.0575,0.16,-0.016));
#1408=CARTESIAN_POINT('',(0.065,0.148688509853039,-0.0113114901469611));
#1409=CARTESIAN_POINT('',(0.065,0.151584679804052,-0.014207660097974));
#1410=CARTESIAN_POINT('',(0.065,0.155584679804052,-0.016));
#1411=CARTESIAN_POINT('',(0.065,0.16,-0.016));
#1412=CARTESIAN_POINT('',(0.0759330216990989,0.149206168961622,-0.0107938310383784));
#1413=CARTESIAN_POINT('',(0.0759330216990989,0.151984654879659,-0.0135723169564156));
#1414=CARTESIAN_POINT('',(0.0759330216990989,0.155846965371248,-0.0152669783009011));
#1415=CARTESIAN_POINT('',(0.0759330216990989,0.16,-0.0152669783009011));
#1416=CARTESIAN_POINT('',(0.08,0.152081956897127,-0.00791804310287274));
#1417=CARTESIAN_POINT('',(0.08,0.154109275862836,-0.00994536206858183));
#1418=CARTESIAN_POINT('',(0.08,0.156909275862836,-0.0112));
#1419=CARTESIAN_POINT('',(0.08,0.16,-0.0112));
#1420=B_SPLINE_SURFACE_WITH_KNOTS('Surf_IVRWZJEPPS, Pod_Right, 0, 6',3,3,((#1421, #1422, #1423, #1430, #1431, #1432, #1433),(#1424, #1425, #1426, #1434, #1435, #1436, #1437),(#1427, #1428, #1429, #1438, #1439, #1440, #1441),(#1442, #1443, #1444, #1454, #1455, #1456, #1457),(#1445, #1446, #1447, #1458, #1459, #1460, #1461),(#1448, #1449, #1450, #1462, #1463, #1464, #1465),(#1451, #1452, #1453, #1466, #1467, #1468, #1469)),.UNSPECIFIED.,.F.,.F.,.F.,(4,3,4),(4,3,4),(0.,1.,2.),(0.,1.,2.),.PIECEWISE_BEZIER_KNOTS.);
#1421=CARTESIAN_POINT('',(0.035,0.16,0.016));
#1422=CARTESIAN_POINT('',(0.035,0.155584679804052,0.016));
#1423=CARTESIAN_POINT('',(0.035,0.151584679804052,0.014207660097974));
#1424=CARTESIAN_POINT('',(0.0425,0.16,0.016));
#1425=CARTESIAN_POINT('',(0.0425,0.155584679804052,0.016));
#1426=CARTESIAN_POINT('',(0.0425,0.151584679804052,0.014207660097974));
#1427=CARTESIAN_POINT('',(0.05,0.16,0.016));
#1428=CARTESIAN_POINT('',(0.05,0.155584679804052,0.016));
#1429=CARTESIAN_POINT('',(0.05,0.151584679804052,0.014207660097974));
#1430=CARTESIAN_POINT('',(0.035,0.148688509853039,0.0113114901469611));
#1431=CARTESIAN_POINT('',(0.035,0.145792339902026,0.00841532019594808));
#1432=CARTESIAN_POINT('',(0.035,0.144,0.00441532019594809));
#1433=CARTESIAN_POINT('',(0.035,0.144,0.));
#1434=CARTESIAN_POINT('',(0.0425,0.148688509853039,0.0113114901469611));
#1435=CARTESIAN_POINT('',(0.0425,0.145792339902026,0.00841532019594808));
#1436=CARTESIAN_POINT('',(0.0425,0.144,0.00441532019594809));
#1437=CARTESIAN_POINT('',(0.0425,0.144,0.));
#1438=CARTESIAN_POINT('',(0.05,0.148688509853039,0.0113114901469611));
#1439=CARTESIAN_POINT('',(0.05,0.145792339902026,0.00841532019594808));
#1440=CARTESIAN_POINT('',(0.05,0.144,0.00441532019594809));
#1441=CARTESIAN_POINT('',(0.05,0.144,0.));
#1442=CARTESIAN_POINT('',(0.0575,0.16,0.016));
#1443=CARTESIAN_POINT('',(0.0575,0.155584679804052,0.016));
#1444=CARTESIAN_POINT('',(0.0575,0.151584679804052,0.014207660097974));
#1445=CARTESIAN_POINT('',(0.065,0.16,0.016));
#1446=CARTESIAN_POINT('',(0.065,0.155584679804052,0.016));
#1447=CARTESIAN_POINT('',(0.065,0.151584679804052,0.014207660097974));
#1448=CARTESIAN_POINT('',(0.0759330216990989,0.16,0.015266978300901));
#1449=CARTESIAN_POINT('',(0.0759330216990989,0.155846965371248,0.015266978300901));
#1450=CARTESIAN_POINT('',(0.0759330216990989,0.151984654879659,0.0135723169564156));
#1451=CARTESIAN_POINT('',(0.08,0.16,0.0112));
#1452=CARTESIAN_POINT('',(0.08,0.156909275862836,0.0112));
#1453=CARTESIAN_POINT('',(0.08,0.154109275862836,0.00994536206858183));
#1454=CARTESIAN_POINT('',(0.0575,0.148688509853039,0.0113114901469611));
#1455=CARTESIAN_POINT('',(0.0575,0.145792339902026,0.00841532019594808));
#1456=CARTESIAN_POINT('',(0.0575,0.144,0.00441532019594809));
#1457=CARTESIAN_POINT('',(0.0575,0.144,0.));
#1458=CARTESIAN_POINT('',(0.065,0.148688509853039,0.0113114901469611));
#1459=CARTESIAN_POINT('',(0.065,0.145792339902026,0.00841532019594808));
#1460=CARTESIAN_POINT('',(0.065,0.144,0.00441532019594809));
#1461=CARTESIAN_POINT('',(0.065,0.144,0.));
#1462=CARTESIAN_POINT('',(0.0759330216990989,0.149206168961622,0.0107938310383784));
#1463=CARTESIAN_POINT('',(0.0759330216990989,0.146427683043584,0.00801534512034127));
#1464=CARTESIAN_POINT('',(0.0759330216990989,0.144733021699099,0.00415303462875247));
#1465=CARTESIAN_POINT('',(0.0759330216990989,0.144733021699099,8.54856767425266E-19));
#1466=CARTESIAN_POINT('',(0.08,0.152081956897127,0.00791804310287274));
#1467=CARTESIAN_POINT('',(0.08,0.150054637931418,0.00589072413716366));
#1468=CARTESIAN_POINT('',(0.08,0.1488,0.00309072413716366));
#1469=CARTESIAN_POINT('',(0.08,0.1488,0.));
#1470=B_SPLINE_SURFACE_WITH_KNOTS('Surf_IVRWZJEPPS, Pod_Right, 0, 7',3,3,((#1471, #1472, #1473, #1480, #1481, #1482, #1483),(#1474, #1475, #1476, #1484, #1485, #1486, #1487),(#1477, #1478, #1479, #1488, #1489, #1490, #1491),(#1492, #1493, #1494, #1504, #1505, #1506, #1507),(#1495, #1496, #1497, #1508, #1509, #1510, #1511),(#1498, #1499, #1500, #1512, #1513, #1514, #1515),(#1501, #1502, #1503, #1516, #1517, #1518, #1519)),.UNSPECIFIED.,.F.,.F.,.F.,(4,3,4),(4,3,4),(0.,1.,2.),(0.,1.,2.),.PIECEWISE_BEZIER_KNOTS.);
#1471=CARTESIAN_POINT('',(0.035,0.176,0.));
#1472=CARTESIAN_POINT('',(0.035,0.176,0.00441532019594809));
#1473=CARTESIAN_POINT('',(0.035,0.174207660097974,0.00841532019594808));
#1474=CARTESIAN_POINT('',(0.0425,0.176,0.));
#1475=CARTESIAN_POINT('',(0.0425,0.176,0.00441532019594809));
#1476=CARTESIAN_POINT('',(0.0425,0.174207660097974,0.00841532019594808));
#1477=CARTESIAN_POINT('',(0.05,0.176,0.));
#1478=CARTESIAN_POINT('',(0.05,0.176,0.00441532019594809));
#1479=CARTESIAN_POINT('',(0.05,0.174207660097974,0.00841532019594808));
#1480=CARTESIAN_POINT('',(0.035,0.171311490146961,0.0113114901469611));
#1481=CARTESIAN_POINT('',(0.035,0.168415320195948,0.014207660097974));
#1482=CARTESIAN_POINT('',(0.035,0.164415320195948,0.016));
#1483=CARTESIAN_POINT('',(0.035,0.16,0.016));
#1484=CARTESIAN_POINT('',(0.0425,0.171311490146961,0.0113114901469611));
#1485=CARTESIAN_POINT('',(0.0425,0.168415320195948,0.014207660097974));
#1486=CARTESIAN_POINT('',(0.0425,0.164415320195948,0.016));
#1487=CARTESIAN_POINT('',(0.0425,0.16,0.016));
#1488=CARTESIAN_POINT('',(0.05,0.171311490146961,0.0113114901469611));
#1489=CARTESIAN_POINT('',(0.05,0.168415320195948,0.014207660097974));
#1490=CARTESIAN_POINT('',(0.05,0.164415320195948,0.016));
#1491=CARTESIAN_POINT('',(0.05,0.16,0.016));
#1492=CARTESIAN_POINT('',(0.0575,0.176,0.));
#1493=CARTESIAN_POINT('',(0.0575,0.176,0.00441532019594809));
#1494=CARTESIAN_POINT('',(0.0575,0.174207660097974,0.00841532019594808));
#1495=CARTESIAN_POINT('',(0.065,0.176,0.));
#1496=CARTESIAN_POINT('',(0.065,0.176,0.00441532019594809));
#1497=CARTESIAN_POINT('',(0.065,0.174207660097974,0.00841532019594808));
#1498=CARTESIAN_POINT('',(0.0759330216990989,0.175266978300901,0.));
#1499=CARTESIAN_POINT('',(0.0759330216990989,0.175266978300901,0.00415303462875247));
#1500=CARTESIAN_POINT('',(0.0759330216990989,0.173572316956416,0.00801534512034128));
#1501=CARTESIAN_POINT('',(0.08,0.1712,0.));
#1502=CARTESIAN_POINT('',(0.08,0.1712,0.00309072413716366));
#1503=CARTESIAN_POINT('',(0.08,0.169945362068582,0.00589072413716366));
#1504=CARTESIAN_POINT('',(0.0575,0.171311490146961,0.0113114901469611));
#1505=CARTESIAN_POINT('',(0.0575,0.168415320195948,0.014207660097974));
#1506=CARTESIAN_POINT('',(0.0575,0.164415320195948,0.016));
#1507=CARTESIAN_POINT('',(0.0575,0.16,0.016));
#1508=CARTESIAN_POINT('',(0.065,0.171311490146961,0.0113114901469611));
#1509=CARTESIAN_POINT('',(0.065,0.168415320195948,0.014207660097974));
#1510=CARTESIAN_POINT('',(0.065,0.164415320195948,0.016));
#1511=CARTESIAN_POINT('',(0.065,0.16,0.016));
#1512=CARTESIAN_POINT('',(0.0759330216990989,0.170793831038378,0.0107938310383784));
#1513=CARTESIAN_POINT('',(0.0759330216990989,0.168015345120341,0.0135723169564156));
#1514=CARTESIAN_POINT('',(0.0759330216990989,0.164153034628752,0.0152669783009011));
#1515=CARTESIAN_POINT('',(0.0759330216990989,0.16,0.015266978300901));
#1516=CARTESIAN_POINT('',(0.08,0.167918043102873,0.00791804310287274));
#1517=CARTESIAN_POINT('',(0.08,0.165890724137164,0.00994536206858183));
#1518=CARTESIAN_POINT('',(0.08,0.163090724137164,0.0112));
#1519=CARTESIAN_POINT('',(0.08,0.16,0.0112));
#1520=GEOMETRIC_SET('IVRWZJEPPS, Pod_Right, 0',(#1120,#1170,#1220,#1270,#1320,#1370,#1420,#1470));
#1521=GEOMETRICALLY_BOUNDED_SURFACE_SHAPE_REPRESENTATION('',(#1520),#15);
#1522=SHAPE_REPRESENTATION_RELATIONSHIP('','',#29,#1521);
ENDSEC;
END-ISO-10303-21;
