solid
 facet normal  0.0000000000e+00 -1.0000000000e+00 -0.0000000000e+00
   outer loop
     vertex 8.0000000000e-02 0.0000000000e+00 0.0000000000e+00
     vertex 7.8475865428e-02 0.0000000000e+00 -1.8653473786e-18
     vertex 7.8475865428e-02 0.0000000000e+00 -7.0586671723e-05
   endloop
 endfacet
 facet normal  0.0000000000e+00 -1.0000000000e+00 0.0000000000e+00
   outer loop
     vertex 7.8475865428e-02 0.0000000000e+00 -1.8653473786e-18
     vertex 7.6285239359e-02 0.0000000000e+00 -2.9220253278e-18
     vertex 7.8475865428e-02 0.0000000000e+00 -7.0586671723e-05
   endloop
 endfacet
 facet normal  0.0000000000e+00 -1.0000000000e+00 -0.0000000000e+00
   outer loop
     vertex 7.8475865428e-02 0.0000000000e+00 -7.0586671723e-05
     vertex 7.6285239359e-02 0.0000000000e+00 -2.9220253278e-18
     vertex 7.6285239359e-02 0.0000000000e+00 -1.6963569183e-04
   endloop
 endfacet
 facet normal  0.0000000000e+00 -1.0000000000e+00 0.0000000000e+00
   outer loop
     vertex 7.6285239359e-02 0.0000000000e+00 -2.9220253278e-18
     vertex 7.3201671531e-02 0.0000000000e+00 -2.5835661968e-18
     vertex 7.6285239359e-02 0.0000000000e+00 -1.6963569183e-04
   endloop
 endfacet
 facet normal  0.0000000000e+00 -1.0000000000e+00 -0.0000000000e+00
   outer loop
     vertex 7.6285239359e-02 0.0000000000e+00 -1.6963569183e-04
     vertex 7.3201671531e-02 0.0000000000e+00 -2.5835661968e-18
     vertex 7.3201671531e-02 0.0000000000e+00 -3.0438918067e-04
   endloop
 endfacet
 facet normal  0.0000000000e+00 -1.0000000000e+00 0.0000000000e+00
   outer loop
     vertex 7.3201671531e-02 0.0000000000e+00 -2.5835661968e-18
     vertex 6.8986322416e-02 0.0000000000e+00 -2.3845050970e-18
     vertex 7.3201671531e-02 0.0000000000e+00 -3.0438918067e-04
   endloop
 endfacet
 facet normal  0.0000000000e+00 -1.0000000000e+00 -0.0000000000e+00
   outer loop
     vertex 7.3201671531e-02 0.0000000000e+00 -3.0438918067e-04
     vertex 6.8986322416e-02 0.0000000000e+00 -2.3845050970e-18
     vertex 6.8986322416e-02 0.0000000000e+00 -4.8012389680e-04
   endloop
 endfacet
 facet normal  0.0000000000e+00 -1.0000000000e+00 0.0000000000e+00
   outer loop
     vertex 6.8986322416e-02 0.0000000000e+00 -2.3845050970e-18
     vertex 6.3448579355e-02 0.0000000000e+00 -3.1323802986e-18
     vertex 6.8986322416e-02 0.0000000000e+00 -4.8012389680e-04
   endloop
 endfacet
 facet normal  0.0000000000e+00 -1.0000000000e+00 -0.0000000000e+00
   outer loop
     vertex 6.8986322416e-02 0.0000000000e+00 -4.8012389680e-04
     vertex 6.3448579355e-02 0.0000000000e+00 -3.1323802986e-18
     vertex 6.3448579355e-02 0.0000000000e+00 -6.9654107190e-04
   endloop
 endfacet
 facet normal  0.0000000000e+00 -1.0000000000e+00 0.0000000000e+00
   outer loop
     vertex 6.3448579355e-02 0.0000000000e+00 -3.1323802986e-18
     vertex 5.6541857219e-02 0.0000000000e+00 -1.9791131659e-18
     vertex 6.3448579355e-02 0.0000000000e+00 -6.9654107190e-04
   endloop
 endfacet
 facet normal  0.0000000000e+00 -1.0000000000e+00 -0.0000000000e+00
   outer loop
     vertex 6.3448579355e-02 0.0000000000e+00 -6.9654107190e-04
     vertex 5.6541857219e-02 0.0000000000e+00 -1.9791131659e-18
     vertex 5.6541857219e-02 0.0000000000e+00 -9.4303359203e-04
   endloop
 endfacet
 facet normal  0.0000000000e+00 -1.0000000000e+00 0.0000000000e+00
   outer loop
     vertex 5.6541857219e-02 0.0000000000e+00 -1.9791131659e-18
     vertex 4.8464714625e-02 0.0000000000e+00 -1.3309716415e-18
     vertex 5.6541857219e-02 0.0000000000e+00 -9.4303359203e-04
   endloop
 endfacet
 facet normal  0.0000000000e+00 -1.0000000000e+00 -0.0000000000e+00
   outer loop
     vertex 5.6541857219e-02 0.0000000000e+00 -9.4303359203e-04
     vertex 4.8464714625e-02 0.0000000000e+00 -1.3309716415e-18
     vertex 4.8464714625e-02 0.0000000000e+00 -1.1950261046e-03
   endloop
 endfacet
 facet normal  0.0000000000e+00 -1.0000000000e+00 0.0000000000e+00
   outer loop
     vertex 4.8464714625e-02 0.0000000000e+00 -1.3309716415e-18
     vertex 3.9700001194e-02 0.0000000000e+00 -1.0842021725e-18
     vertex 4.8464714625e-02 0.0000000000e+00 -1.1950261046e-03
   endloop
 endfacet
 facet normal  0.0000000000e+00 -1.0000000000e+00 -0.0000000000e+00
   outer loop
     vertex 4.8464714625e-02 0.0000000000e+00 -1.1950261046e-03
     vertex 3.9700001194e-02 0.0000000000e+00 -1.0842021725e-18
     vertex 3.9700001194e-02 0.0000000000e+00 -1.4146269856e-03
   endloop
 endfacet
 facet normal  0.0000000000e+00 -1.0000000000e+00 0.0000000000e+00
   outer loop
     vertex 3.9700001194e-02 0.0000000000e+00 -1.0842021725e-18
     vertex 3.0929136874e-02 0.0000000000e+00 -1.5595105240e-03
     vertex 3.9700001194e-02 0.0000000000e+00 -1.4146269856e-03
   endloop
 endfacet
 facet normal  0.0000000000e+00 -1.0000000000e+00 -0.0000000000e+00
   outer loop
     vertex 3.9700001194e-02 0.0000000000e+00 -1.0842021725e-18
     vertex 3.0929136874e-02 0.0000000000e+00 -1.2940378054e-18
     vertex 3.0929136874e-02 0.0000000000e+00 -1.5595105240e-03
   endloop
 endfacet
 facet normal  0.0000000000e+00 -1.0000000000e+00 0.0000000000e+00
   outer loop
     vertex 3.0929136874e-02 0.0000000000e+00 -1.2940378054e-18
     vertex 2.2836864089e-02 0.0000000000e+00 -1.5991909397e-03
     vertex 3.0929136874e-02 0.0000000000e+00 -1.5595105240e-03
   endloop
 endfacet
 facet normal  0.0000000000e+00 -1.0000000000e+00 -0.0000000000e+00
   outer loop
     vertex 3.0929136874e-02 0.0000000000e+00 -1.2940378054e-18
     vertex 2.2836864089e-02 0.0000000000e+00 4.9647428604e-20
     vertex 2.2836864089e-02 0.0000000000e+00 -1.5991909397e-03
   endloop
 endfacet
 facet normal  0.0000000000e+00 -1.0000000000e+00 0.0000000000e+00
   outer loop
     vertex 2.2836864089e-02 0.0000000000e+00 4.9647428604e-20
     vertex 1.5914345335e-02 0.0000000000e+00 -1.5280563469e-03
     vertex 2.2836864089e-02 0.0000000000e+00 -1.5991909397e-03
   endloop
 endfacet
 facet normal  0.0000000000e+00 -1.0000000000e+00 0.0000000000e+00
   outer loop
     vertex 2.2836864089e-02 0.0000000000e+00 4.9647428604e-20
     vertex 1.5914345335e-02 0.0000000000e+00 -2.0191752202e-19
     vertex 1.5914345335e-02 0.0000000000e+00 -1.5280563469e-03
   endloop
 endfacet
 facet normal  0.0000000000e+00 -1.0000000000e+00 0.0000000000e+00
   outer loop
     vertex 1.5914345335e-02 0.0000000000e+00 -2.0191752202e-19
     vertex 1.0369869553e-02 0.0000000000e+00 -1.3636397694e-03
     vertex 1.5914345335e-02 0.0000000000e+00 -1.5280563469e-03
   endloop
 endfacet
 facet normal  0.0000000000e+00 -1.0000000000e+00 0.0000000000e+00
   outer loop
     vertex 1.5914345335e-02 0.0000000000e+00 -2.0191752202e-19
     vertex 1.0369869553e-02 0.0000000000e+00 -4.1781202569e-19
     vertex 1.0369869553e-02 0.0000000000e+00 -1.3636397694e-03
   endloop
 endfacet
 facet normal  0.0000000000e+00 -1.0000000000e+00 0.0000000000e+00
   outer loop
     vertex 1.0369869553e-02 0.0000000000e+00 -4.1781202569e-19
     vertex 6.1658338674e-03 0.0000000000e+00 -1.1323680397e-03
     vertex 1.0369869553e-02 0.0000000000e+00 -1.3636397694e-03
   endloop
 endfacet
 facet normal  0.0000000000e+00 -1.0000000000e+00 -0.0000000000e+00
   outer loop
     vertex 1.0369869553e-02 0.0000000000e+00 -4.1781202569e-19
     vertex 6.1658338674e-03 0.0000000000e+00 4.7192328455e-19
     vertex 6.1658338674e-03 0.0000000000e+00 -1.1323680397e-03
   endloop
 endfacet
 facet normal  0.0000000000e+00 -1.0000000000e+00 0.0000000000e+00
   outer loop
     vertex 6.1658338674e-03 0.0000000000e+00 4.7192328455e-19
     vertex 3.1225837014e-03 0.0000000000e+00 -8.5254026534e-04
     vertex 6.1658338674e-03 0.0000000000e+00 -1.1323680397e-03
   endloop
 endfacet
 facet normal  0.0000000000e+00 -1.0000000000e+00 -0.0000000000e+00
   outer loop
     vertex 6.1658338674e-03 0.0000000000e+00 4.7192328455e-19
     vertex 3.1225837014e-03 0.0000000000e+00 1.7651570987e-18
     vertex 3.1225837014e-03 0.0000000000e+00 -8.5254026534e-04
   endloop
 endfacet
 facet normal  0.0000000000e+00 -1.0000000000e+00 0.0000000000e+00
   outer loop
     vertex 3.1225837014e-03 0.0000000000e+00 1.7651570987e-18
     vertex 1.0332546715e-03 0.0000000000e+00 -5.1427187054e-04
     vertex 3.1225837014e-03 0.0000000000e+00 -8.5254026534e-04
   endloop
 endfacet
 facet normal  0.0000000000e+00 -1.0000000000e+00 0.0000000000e+00
   outer loop
     vertex 3.1225837014e-03 0.0000000000e+00 1.7651570987e-18
     vertex 1.0332546715e-03 0.0000000000e+00 -7.2595973497e-18
     vertex 1.0332546715e-03 0.0000000000e+00 -5.1427187054e-04
   endloop
 endfacet
 facet normal  0.0000000000e+00 -1.0000000000e+00 0.0000000000e+00
   outer loop
     vertex 1.0332546715e-03 0.0000000000e+00 -7.2595973497e-18
     vertex 0.0000000000e+00 0.0000000000e+00 0.0000000000e+00
     vertex 1.0332546715e-03 0.0000000000e+00 -5.1427187054e-04
   endloop
 endfacet
 facet normal  0.0000000000e+00 -1.0000000000e+00 0.0000000000e+00
   outer loop
     vertex 0.0000000000e+00 0.0000000000e+00 0.0000000000e+00
     vertex 1.0332546715e-03 0.0000000000e+00 -7.2595973497e-18
     vertex 1.0332546715e-03 0.0000000000e+00 5.1427187054e-04
   endloop
 endfacet
 facet normal  -0.0000000000e+00 -1.0000000000e+00 0.0000000000e+00
   outer loop
     vertex 1.0332546715e-03 0.0000000000e+00 -7.2595973497e-18
     vertex 3.1225837014e-03 0.0000000000e+00 1.7651570987e-18
     vertex 1.0332546715e-03 0.0000000000e+00 5.1427187054e-04
   endloop
 endfacet
 facet normal  0.0000000000e+00 -1.0000000000e+00 0.0000000000e+00
   outer loop
     vertex 1.0332546715e-03 0.0000000000e+00 5.1427187054e-04
     vertex 3.1225837014e-03 0.0000000000e+00 1.7651570987e-18
     vertex 3.1225837014e-03 0.0000000000e+00 8.5254026534e-04
   endloop
 endfacet
 facet normal  0.0000000000e+00 -1.0000000000e+00 0.0000000000e+00
   outer loop
     vertex 3.1225837014e-03 0.0000000000e+00 1.7651570987e-18
     vertex 6.1658338674e-03 0.0000000000e+00 4.7192328455e-19
     vertex 3.1225837014e-03 0.0000000000e+00 8.5254026534e-04
   endloop
 endfacet
 facet normal  0.0000000000e+00 -1.0000000000e+00 0.0000000000e+00
   outer loop
     vertex 3.1225837014e-03 0.0000000000e+00 8.5254026534e-04
     vertex 6.1658338674e-03 0.0000000000e+00 4.7192328455e-19
     vertex 6.1658338674e-03 0.0000000000e+00 1.1323680397e-03
   endloop
 endfacet
 facet normal  0.0000000000e+00 -1.0000000000e+00 0.0000000000e+00
   outer loop
     vertex 6.1658338674e-03 0.0000000000e+00 4.7192328455e-19
     vertex 1.0369869553e-02 0.0000000000e+00 -4.1781202569e-19
     vertex 6.1658338674e-03 0.0000000000e+00 1.1323680397e-03
   endloop
 endfacet
 facet normal  0.0000000000e+00 -1.0000000000e+00 0.0000000000e+00
   outer loop
     vertex 6.1658338674e-03 0.0000000000e+00 1.1323680397e-03
     vertex 1.0369869553e-02 0.0000000000e+00 -4.1781202569e-19
     vertex 1.0369869553e-02 0.0000000000e+00 1.3636397694e-03
   endloop
 endfacet
 facet normal  -0.0000000000e+00 -1.0000000000e+00 0.0000000000e+00
   outer loop
     vertex 1.0369869553e-02 0.0000000000e+00 -4.1781202569e-19
     vertex 1.5914345335e-02 0.0000000000e+00 -2.0191752202e-19
     vertex 1.0369869553e-02 0.0000000000e+00 1.3636397694e-03
   endloop
 endfacet
 facet normal  0.0000000000e+00 -1.0000000000e+00 0.0000000000e+00
   outer loop
     vertex 1.0369869553e-02 0.0000000000e+00 1.3636397694e-03
     vertex 1.5914345335e-02 0.0000000000e+00 -2.0191752202e-19
     vertex 1.5914345335e-02 0.0000000000e+00 1.5280563469e-03
   endloop
 endfacet
 facet normal  -0.0000000000e+00 -1.0000000000e+00 0.0000000000e+00
   outer loop
     vertex 1.5914345335e-02 0.0000000000e+00 -2.0191752202e-19
     vertex 2.2836864089e-02 0.0000000000e+00 4.9647428604e-20
     vertex 1.5914345335e-02 0.0000000000e+00 1.5280563469e-03
   endloop
 endfacet
 facet normal  0.0000000000e+00 -1.0000000000e+00 0.0000000000e+00
   outer loop
     vertex 1.5914345335e-02 0.0000000000e+00 1.5280563469e-03
     vertex 2.2836864089e-02 0.0000000000e+00 4.9647428604e-20
     vertex 2.2836864089e-02 0.0000000000e+00 1.5991909397e-03
   endloop
 endfacet
 facet normal  0.0000000000e+00 -1.0000000000e+00 0.0000000000e+00
   outer loop
     vertex 2.2836864089e-02 0.0000000000e+00 4.9647428604e-20
     vertex 3.0929136874e-02 0.0000000000e+00 -1.2940378054e-18
     vertex 2.2836864089e-02 0.0000000000e+00 1.5991909397e-03
   endloop
 endfacet
 facet normal  0.0000000000e+00 -1.0000000000e+00 0.0000000000e+00
   outer loop
     vertex 2.2836864089e-02 0.0000000000e+00 1.5991909397e-03
     vertex 3.0929136874e-02 0.0000000000e+00 -1.2940378054e-18
     vertex 3.0929136874e-02 0.0000000000e+00 1.5595105240e-03
   endloop
 endfacet
 facet normal  -0.0000000000e+00 -1.0000000000e+00 0.0000000000e+00
   outer loop
     vertex 3.0929136874e-02 0.0000000000e+00 -1.2940378054e-18
     vertex 3.9700001194e-02 0.0000000000e+00 -1.0842021725e-18
     vertex 3.0929136874e-02 0.0000000000e+00 1.5595105240e-03
   endloop
 endfacet
 facet normal  0.0000000000e+00 -1.0000000000e+00 0.0000000000e+00
   outer loop
     vertex 3.0929136874e-02 0.0000000000e+00 1.5595105240e-03
     vertex 3.9700001194e-02 0.0000000000e+00 -1.0842021725e-18
     vertex 3.9700001194e-02 0.0000000000e+00 1.4146269856e-03
   endloop
 endfacet
 facet normal  -0.0000000000e+00 -1.0000000000e+00 0.0000000000e+00
   outer loop
     vertex 3.9700001194e-02 0.0000000000e+00 -1.0842021725e-18
     vertex 4.8464714625e-02 0.0000000000e+00 1.1950261046e-03
     vertex 3.9700001194e-02 0.0000000000e+00 1.4146269856e-03
   endloop
 endfacet
 facet normal  0.0000000000e+00 -1.0000000000e+00 0.0000000000e+00
   outer loop
     vertex 3.9700001194e-02 0.0000000000e+00 -1.0842021725e-18
     vertex 4.8464714625e-02 0.0000000000e+00 -1.3309716415e-18
     vertex 4.8464714625e-02 0.0000000000e+00 1.1950261046e-03
   endloop
 endfacet
 facet normal  -0.0000000000e+00 -1.0000000000e+00 0.0000000000e+00
   outer loop
     vertex 4.8464714625e-02 0.0000000000e+00 -1.3309716415e-18
     vertex 5.6541857219e-02 0.0000000000e+00 9.4303359203e-04
     vertex 4.8464714625e-02 0.0000000000e+00 1.1950261046e-03
   endloop
 endfacet
 facet normal  0.0000000000e+00 -1.0000000000e+00 0.0000000000e+00
   outer loop
     vertex 4.8464714625e-02 0.0000000000e+00 -1.3309716415e-18
     vertex 5.6541857219e-02 0.0000000000e+00 -1.9791131659e-18
     vertex 5.6541857219e-02 0.0000000000e+00 9.4303359203e-04
   endloop
 endfacet
 facet normal  -0.0000000000e+00 -1.0000000000e+00 0.0000000000e+00
   outer loop
     vertex 5.6541857219e-02 0.0000000000e+00 -1.9791131659e-18
     vertex 6.3448579355e-02 0.0000000000e+00 6.9654107190e-04
     vertex 5.6541857219e-02 0.0000000000e+00 9.4303359203e-04
   endloop
 endfacet
 facet normal  0.0000000000e+00 -1.0000000000e+00 0.0000000000e+00
   outer loop
     vertex 5.6541857219e-02 0.0000000000e+00 -1.9791131659e-18
     vertex 6.3448579355e-02 0.0000000000e+00 -3.1323802986e-18
     vertex 6.3448579355e-02 0.0000000000e+00 6.9654107190e-04
   endloop
 endfacet
 facet normal  -0.0000000000e+00 -1.0000000000e+00 0.0000000000e+00
   outer loop
     vertex 6.3448579355e-02 0.0000000000e+00 -3.1323802986e-18
     vertex 6.8986322416e-02 0.0000000000e+00 4.8012389680e-04
     vertex 6.3448579355e-02 0.0000000000e+00 6.9654107190e-04
   endloop
 endfacet
 facet normal  -0.0000000000e+00 -1.0000000000e+00 0.0000000000e+00
   outer loop
     vertex 6.3448579355e-02 0.0000000000e+00 -3.1323802986e-18
     vertex 6.8986322416e-02 0.0000000000e+00 -2.3845050970e-18
     vertex 6.8986322416e-02 0.0000000000e+00 4.8012389680e-04
   endloop
 endfacet
 facet normal  -0.0000000000e+00 -1.0000000000e+00 0.0000000000e+00
   outer loop
     vertex 6.8986322416e-02 0.0000000000e+00 -2.3845050970e-18
     vertex 7.3201671531e-02 0.0000000000e+00 3.0438918067e-04
     vertex 6.8986322416e-02 0.0000000000e+00 4.8012389680e-04
   endloop
 endfacet
 facet normal  0.0000000000e+00 -1.0000000000e+00 0.0000000000e+00
   outer loop
     vertex 6.8986322416e-02 0.0000000000e+00 -2.3845050970e-18
     vertex 7.3201671531e-02 0.0000000000e+00 -2.5835661968e-18
     vertex 7.3201671531e-02 0.0000000000e+00 3.0438918067e-04
   endloop
 endfacet
 facet normal  -0.0000000000e+00 -1.0000000000e+00 0.0000000000e+00
   outer loop
     vertex 7.3201671531e-02 0.0000000000e+00 -2.5835661968e-18
     vertex 7.6285239359e-02 0.0000000000e+00 1.6963569183e-04
     vertex 7.3201671531e-02 0.0000000000e+00 3.0438918067e-04
   endloop
 endfacet
 facet normal  0.0000000000e+00 -1.0000000000e+00 0.0000000000e+00
   outer loop
     vertex 7.3201671531e-02 0.0000000000e+00 -2.5835661968e-18
     vertex 7.6285239359e-02 0.0000000000e+00 -2.9220253278e-18
     vertex 7.6285239359e-02 0.0000000000e+00 1.6963569183e-04
   endloop
 endfacet
 facet normal  -0.0000000000e+00 -1.0000000000e+00 0.0000000000e+00
   outer loop
     vertex 7.6285239359e-02 0.0000000000e+00 -2.9220253278e-18
     vertex 7.8475865428e-02 0.0000000000e+00 7.0586671723e-05
     vertex 7.6285239359e-02 0.0000000000e+00 1.6963569183e-04
   endloop
 endfacet
 facet normal  -0.0000000000e+00 -1.0000000000e+00 0.0000000000e+00
   outer loop
     vertex 7.6285239359e-02 0.0000000000e+00 -2.9220253278e-18
     vertex 7.8475865428e-02 0.0000000000e+00 -1.8653473786e-18
     vertex 7.8475865428e-02 0.0000000000e+00 7.0586671723e-05
   endloop
 endfacet
 facet normal  -0.0000000000e+00 -1.0000000000e+00 0.0000000000e+00
   outer loop
     vertex 7.8475865428e-02 0.0000000000e+00 -1.8653473786e-18
     vertex 8.0000000000e-02 0.0000000000e+00 0.0000000000e+00
     vertex 7.8475865428e-02 0.0000000000e+00 7.0586671723e-05
   endloop
 endfacet
 facet normal  0.0000000000e+00 -1.0000000000e+00 -0.0000000000e+00
   outer loop
     vertex 8.0000000000e-02 0.0000000000e+00 0.0000000000e+00
     vertex 7.8475865428e-02 0.0000000000e+00 -7.0586671723e-05
     vertex 7.8475865428e-02 0.0000000000e+00 -1.4117334345e-04
   endloop
 endfacet
 facet normal  0.0000000000e+00 -1.0000000000e+00 0.0000000000e+00
   outer loop
     vertex 7.8475865428e-02 0.0000000000e+00 -7.0586671723e-05
     vertex 7.6285239359e-02 0.0000000000e+00 -1.6963569183e-04
     vertex 7.8475865428e-02 0.0000000000e+00 -1.4117334345e-04
   endloop
 endfacet
 facet normal  0.0000000000e+00 -1.0000000000e+00 -0.0000000000e+00
   outer loop
     vertex 7.8475865428e-02 0.0000000000e+00 -1.4117334345e-04
     vertex 7.6285239359e-02 0.0000000000e+00 -1.6963569183e-04
     vertex 7.6285239359e-02 0.0000000000e+00 -3.3927138367e-04
   endloop
 endfacet
 facet normal  0.0000000000e+00 -1.0000000000e+00 0.0000000000e+00
   outer loop
     vertex 7.6285239359e-02 0.0000000000e+00 -1.6963569183e-04
     vertex 7.3201671531e-02 0.0000000000e+00 -3.0438918067e-04
     vertex 7.6285239359e-02 0.0000000000e+00 -3.3927138367e-04
   endloop
 endfacet
 facet normal  0.0000000000e+00 -1.0000000000e+00 -0.0000000000e+00
   outer loop
     vertex 7.6285239359e-02 0.0000000000e+00 -3.3927138367e-04
     vertex 7.3201671531e-02 0.0000000000e+00 -3.0438918067e-04
     vertex 7.3201671531e-02 0.0000000000e+00 -6.0877836134e-04
   endloop
 endfacet
 facet normal  0.0000000000e+00 -1.0000000000e+00 0.0000000000e+00
   outer loop
     vertex 7.3201671531e-02 0.0000000000e+00 -3.0438918067e-04
     vertex 6.8986322416e-02 0.0000000000e+00 -4.8012389680e-04
     vertex 7.3201671531e-02 0.0000000000e+00 -6.0877836134e-04
   endloop
 endfacet
 facet normal  0.0000000000e+00 -1.0000000000e+00 -0.0000000000e+00
   outer loop
     vertex 7.3201671531e-02 0.0000000000e+00 -6.0877836134e-04
     vertex 6.8986322416e-02 0.0000000000e+00 -4.8012389680e-04
     vertex 6.8986322416e-02 0.0000000000e+00 -9.6024779359e-04
   endloop
 endfacet
 facet normal  0.0000000000e+00 -1.0000000000e+00 0.0000000000e+00
   outer loop
     vertex 6.8986322416e-02 0.0000000000e+00 -4.8012389680e-04
     vertex 6.3448579355e-02 0.0000000000e+00 -6.9654107190e-04
     vertex 6.8986322416e-02 0.0000000000e+00 -9.6024779359e-04
   endloop
 endfacet
 facet normal  0.0000000000e+00 -1.0000000000e+00 -0.0000000000e+00
   outer loop
     vertex 6.8986322416e-02 0.0000000000e+00 -9.6024779359e-04
     vertex 6.3448579355e-02 0.0000000000e+00 -6.9654107190e-04
     vertex 6.3448579355e-02 0.0000000000e+00 -1.3930821438e-03
   endloop
 endfacet
 facet normal  0.0000000000e+00 -1.0000000000e+00 0.0000000000e+00
   outer loop
     vertex 6.3448579355e-02 0.0000000000e+00 -6.9654107190e-04
     vertex 5.6541857219e-02 0.0000000000e+00 -9.4303359203e-04
     vertex 6.3448579355e-02 0.0000000000e+00 -1.3930821438e-03
   endloop
 endfacet
 facet normal  0.0000000000e+00 -1.0000000000e+00 -0.0000000000e+00
   outer loop
     vertex 6.3448579355e-02 0.0000000000e+00 -1.3930821438e-03
     vertex 5.6541857219e-02 0.0000000000e+00 -9.4303359203e-04
     vertex 5.6541857219e-02 0.0000000000e+00 -1.8860671841e-03
   endloop
 endfacet
 facet normal  0.0000000000e+00 -1.0000000000e+00 0.0000000000e+00
   outer loop
     vertex 5.6541857219e-02 0.0000000000e+00 -9.4303359203e-04
     vertex 4.8464714625e-02 0.0000000000e+00 -1.1950261046e-03
     vertex 5.6541857219e-02 0.0000000000e+00 -1.8860671841e-03
   endloop
 endfacet
 facet normal  0.0000000000e+00 -1.0000000000e+00 -0.0000000000e+00
   outer loop
     vertex 5.6541857219e-02 0.0000000000e+00 -1.8860671841e-03
     vertex 4.8464714625e-02 0.0000000000e+00 -1.1950261046e-03
     vertex 4.8464714625e-02 0.0000000000e+00 -2.3900522092e-03
   endloop
 endfacet
 facet normal  0.0000000000e+00 -1.0000000000e+00 0.0000000000e+00
   outer loop
     vertex 4.8464714625e-02 0.0000000000e+00 -1.1950261046e-03
     vertex 3.9700001194e-02 0.0000000000e+00 -1.4146269856e-03
     vertex 4.8464714625e-02 0.0000000000e+00 -2.3900522092e-03
   endloop
 endfacet
 facet normal  0.0000000000e+00 -1.0000000000e+00 -0.0000000000e+00
   outer loop
     vertex 4.8464714625e-02 0.0000000000e+00 -2.3900522092e-03
     vertex 3.9700001194e-02 0.0000000000e+00 -1.4146269856e-03
     vertex 3.9700001194e-02 0.0000000000e+00 -2.8292539712e-03
   endloop
 endfacet
 facet normal  0.0000000000e+00 -1.0000000000e+00 0.0000000000e+00
   outer loop
     vertex 3.9700001194e-02 0.0000000000e+00 -1.4146269856e-03
     vertex 3.0929136874e-02 0.0000000000e+00 -3.1190210480e-03
     vertex 3.9700001194e-02 0.0000000000e+00 -2.8292539712e-03
   endloop
 endfacet
 facet normal  0.0000000000e+00 -1.0000000000e+00 -0.0000000000e+00
   outer loop
     vertex 3.9700001194e-02 0.0000000000e+00 -1.4146269856e-03
     vertex 3.0929136874e-02 0.0000000000e+00 -1.5595105240e-03
     vertex 3.0929136874e-02 0.0000000000e+00 -3.1190210480e-03
   endloop
 endfacet
 facet normal  0.0000000000e+00 -1.0000000000e+00 0.0000000000e+00
   outer loop
     vertex 3.0929136874e-02 0.0000000000e+00 -1.5595105240e-03
     vertex 2.2836864089e-02 0.0000000000e+00 -3.1983818794e-03
     vertex 3.0929136874e-02 0.0000000000e+00 -3.1190210480e-03
   endloop
 endfacet
 facet normal  0.0000000000e+00 -1.0000000000e+00 -0.0000000000e+00
   outer loop
     vertex 3.0929136874e-02 0.0000000000e+00 -1.5595105240e-03
     vertex 2.2836864089e-02 0.0000000000e+00 -1.5991909397e-03
     vertex 2.2836864089e-02 0.0000000000e+00 -3.1983818794e-03
   endloop
 endfacet
 facet normal  0.0000000000e+00 -1.0000000000e+00 0.0000000000e+00
   outer loop
     vertex 2.2836864089e-02 0.0000000000e+00 -1.5991909397e-03
     vertex 1.5914345335e-02 0.0000000000e+00 -3.0561126937e-03
     vertex 2.2836864089e-02 0.0000000000e+00 -3.1983818794e-03
   endloop
 endfacet
 facet normal  0.0000000000e+00 -1.0000000000e+00 0.0000000000e+00
   outer loop
     vertex 2.2836864089e-02 0.0000000000e+00 -1.5991909397e-03
     vertex 1.5914345335e-02 0.0000000000e+00 -1.5280563469e-03
     vertex 1.5914345335e-02 0.0000000000e+00 -3.0561126937e-03
   endloop
 endfacet
 facet normal  0.0000000000e+00 -1.0000000000e+00 0.0000000000e+00
   outer loop
     vertex 1.5914345335e-02 0.0000000000e+00 -1.5280563469e-03
     vertex 1.0369869553e-02 0.0000000000e+00 -2.7272795388e-03
     vertex 1.5914345335e-02 0.0000000000e+00 -3.0561126937e-03
   endloop
 endfacet
 facet normal  0.0000000000e+00 -1.0000000000e+00 0.0000000000e+00
   outer loop
     vertex 1.5914345335e-02 0.0000000000e+00 -1.5280563469e-03
     vertex 1.0369869553e-02 0.0000000000e+00 -1.3636397694e-03
     vertex 1.0369869553e-02 0.0000000000e+00 -2.7272795388e-03
   endloop
 endfacet
 facet normal  0.0000000000e+00 -1.0000000000e+00 0.0000000000e+00
   outer loop
     vertex 1.0369869553e-02 0.0000000000e+00 -1.3636397694e-03
     vertex 6.1658338674e-03 0.0000000000e+00 -2.2647360795e-03
     vertex 1.0369869553e-02 0.0000000000e+00 -2.7272795388e-03
   endloop
 endfacet
 facet normal  0.0000000000e+00 -1.0000000000e+00 -0.0000000000e+00
   outer loop
     vertex 1.0369869553e-02 0.0000000000e+00 -1.3636397694e-03
     vertex 6.1658338674e-03 0.0000000000e+00 -1.1323680397e-03
     vertex 6.1658338674e-03 0.0000000000e+00 -2.2647360795e-03
   endloop
 endfacet
 facet normal  0.0000000000e+00 -1.0000000000e+00 0.0000000000e+00
   outer loop
     vertex 6.1658338674e-03 0.0000000000e+00 -1.1323680397e-03
     vertex 3.1225837014e-03 0.0000000000e+00 -1.7050805307e-03
     vertex 6.1658338674e-03 0.0000000000e+00 -2.2647360795e-03
   endloop
 endfacet
 facet normal  0.0000000000e+00 -1.0000000000e+00 -0.0000000000e+00
   outer loop
     vertex 6.1658338674e-03 0.0000000000e+00 -1.1323680397e-03
     vertex 3.1225837014e-03 0.0000000000e+00 -8.5254026534e-04
     vertex 3.1225837014e-03 0.0000000000e+00 -1.7050805307e-03
   endloop
 endfacet
 facet normal  0.0000000000e+00 -1.0000000000e+00 0.0000000000e+00
   outer loop
     vertex 3.1225837014e-03 0.0000000000e+00 -8.5254026534e-04
     vertex 1.0332546715e-03 0.0000000000e+00 -1.0285437411e-03
     vertex 3.1225837014e-03 0.0000000000e+00 -1.7050805307e-03
   endloop
 endfacet
 facet normal  0.0000000000e+00 -1.0000000000e+00 0.0000000000e+00
   outer loop
     vertex 3.1225837014e-03 0.0000000000e+00 -8.5254026534e-04
     vertex 1.0332546715e-03 0.0000000000e+00 -5.1427187054e-04
     vertex 1.0332546715e-03 0.0000000000e+00 -1.0285437411e-03
   endloop
 endfacet
 facet normal  0.0000000000e+00 -1.0000000000e+00 0.0000000000e+00
   outer loop
     vertex 1.0332546715e-03 0.0000000000e+00 -5.1427187054e-04
     vertex 0.0000000000e+00 0.0000000000e+00 0.0000000000e+00
     vertex 1.0332546715e-03 0.0000000000e+00 -1.0285437411e-03
   endloop
 endfacet
 facet normal  -0.0000000000e+00 -1.0000000000e+00 0.0000000000e+00
   outer loop
     vertex 0.0000000000e+00 0.0000000000e+00 0.0000000000e+00
     vertex 1.0332546715e-03 0.0000000000e+00 5.1427187054e-04
     vertex 1.0332546715e-03 0.0000000000e+00 1.0285437411e-03
   endloop
 endfacet
 facet normal  -0.0000000000e+00 -1.0000000000e+00 0.0000000000e+00
   outer loop
     vertex 1.0332546715e-03 0.0000000000e+00 5.1427187054e-04
     vertex 3.1225837014e-03 0.0000000000e+00 8.5254026534e-04
     vertex 1.0332546715e-03 0.0000000000e+00 1.0285437411e-03
   endloop
 endfacet
 facet normal  0.0000000000e+00 -1.0000000000e+00 0.0000000000e+00
   outer loop
     vertex 1.0332546715e-03 0.0000000000e+00 1.0285437411e-03
     vertex 3.1225837014e-03 0.0000000000e+00 8.5254026534e-04
     vertex 3.1225837014e-03 0.0000000000e+00 1.7050805307e-03
   endloop
 endfacet
 facet normal  -0.0000000000e+00 -1.0000000000e+00 0.0000000000e+00
   outer loop
     vertex 3.1225837014e-03 0.0000000000e+00 8.5254026534e-04
     vertex 6.1658338674e-03 0.0000000000e+00 1.1323680397e-03
     vertex 3.1225837014e-03 0.0000000000e+00 1.7050805307e-03
   endloop
 endfacet
 facet normal  0.0000000000e+00 -1.0000000000e+00 0.0000000000e+00
   outer loop
     vertex 3.1225837014e-03 0.0000000000e+00 1.7050805307e-03
     vertex 6.1658338674e-03 0.0000000000e+00 1.1323680397e-03
     vertex 6.1658338674e-03 0.0000000000e+00 2.2647360795e-03
   endloop
 endfacet
 facet normal  -0.0000000000e+00 -1.0000000000e+00 0.0000000000e+00
   outer loop
     vertex 6.1658338674e-03 0.0000000000e+00 1.1323680397e-03
     vertex 1.0369869553e-02 0.0000000000e+00 1.3636397694e-03
     vertex 6.1658338674e-03 0.0000000000e+00 2.2647360795e-03
   endloop
 endfacet
 facet normal  0.0000000000e+00 -1.0000000000e+00 0.0000000000e+00
   outer loop
     vertex 6.1658338674e-03 0.0000000000e+00 2.2647360795e-03
     vertex 1.0369869553e-02 0.0000000000e+00 1.3636397694e-03
     vertex 1.0369869553e-02 0.0000000000e+00 2.7272795388e-03
   endloop
 endfacet
 facet normal  -0.0000000000e+00 -1.0000000000e+00 0.0000000000e+00
   outer loop
     vertex 1.0369869553e-02 0.0000000000e+00 1.3636397694e-03
     vertex 1.5914345335e-02 0.0000000000e+00 1.5280563469e-03
     vertex 1.0369869553e-02 0.0000000000e+00 2.7272795388e-03
   endloop
 endfacet
 facet normal  0.0000000000e+00 -1.0000000000e+00 0.0000000000e+00
   outer loop
     vertex 1.0369869553e-02 0.0000000000e+00 2.7272795388e-03
     vertex 1.5914345335e-02 0.0000000000e+00 1.5280563469e-03
     vertex 1.5914345335e-02 0.0000000000e+00 3.0561126937e-03
   endloop
 endfacet
 facet normal  -0.0000000000e+00 -1.0000000000e+00 0.0000000000e+00
   outer loop
     vertex 1.5914345335e-02 0.0000000000e+00 1.5280563469e-03
     vertex 2.2836864089e-02 0.0000000000e+00 1.5991909397e-03
     vertex 1.5914345335e-02 0.0000000000e+00 3.0561126937e-03
   endloop
 endfacet
 facet normal  0.0000000000e+00 -1.0000000000e+00 0.0000000000e+00
   outer loop
     vertex 1.5914345335e-02 0.0000000000e+00 3.0561126937e-03
     vertex 2.2836864089e-02 0.0000000000e+00 1.5991909397e-03
     vertex 2.2836864089e-02 0.0000000000e+00 3.1983818794e-03
   endloop
 endfacet
 facet normal  0.0000000000e+00 -1.0000000000e+00 0.0000000000e+00
   outer loop
     vertex 2.2836864089e-02 0.0000000000e+00 1.5991909397e-03
     vertex 3.0929136874e-02 0.0000000000e+00 1.5595105240e-03
     vertex 2.2836864089e-02 0.0000000000e+00 3.1983818794e-03
   endloop
 endfacet
 facet normal  0.0000000000e+00 -1.0000000000e+00 0.0000000000e+00
   outer loop
     vertex 2.2836864089e-02 0.0000000000e+00 3.1983818794e-03
     vertex 3.0929136874e-02 0.0000000000e+00 1.5595105240e-03
     vertex 3.0929136874e-02 0.0000000000e+00 3.1190210480e-03
   endloop
 endfacet
 facet normal  0.0000000000e+00 -1.0000000000e+00 0.0000000000e+00
   outer loop
     vertex 3.0929136874e-02 0.0000000000e+00 1.5595105240e-03
     vertex 3.9700001194e-02 0.0000000000e+00 1.4146269856e-03
     vertex 3.0929136874e-02 0.0000000000e+00 3.1190210480e-03
   endloop
 endfacet
 facet normal  0.0000000000e+00 -1.0000000000e+00 0.0000000000e+00
   outer loop
     vertex 3.0929136874e-02 0.0000000000e+00 3.1190210480e-03
     vertex 3.9700001194e-02 0.0000000000e+00 1.4146269856e-03
     vertex 3.9700001194e-02 0.0000000000e+00 2.8292539712e-03
   endloop
 endfacet
 facet normal  -0.0000000000e+00 -1.0000000000e+00 0.0000000000e+00
   outer loop
     vertex 3.9700001194e-02 0.0000000000e+00 1.4146269856e-03
     vertex 4.8464714625e-02 0.0000000000e+00 2.3900522092e-03
     vertex 3.9700001194e-02 0.0000000000e+00 2.8292539712e-03
   endloop
 endfacet
 facet normal  0.0000000000e+00 -1.0000000000e+00 0.0000000000e+00
   outer loop
     vertex 3.9700001194e-02 0.0000000000e+00 1.4146269856e-03
     vertex 4.8464714625e-02 0.0000000000e+00 1.1950261046e-03
     vertex 4.8464714625e-02 0.0000000000e+00 2.3900522092e-03
   endloop
 endfacet
 facet normal  -0.0000000000e+00 -1.0000000000e+00 0.0000000000e+00
   outer loop
     vertex 4.8464714625e-02 0.0000000000e+00 1.1950261046e-03
     vertex 5.6541857219e-02 0.0000000000e+00 1.8860671841e-03
     vertex 4.8464714625e-02 0.0000000000e+00 2.3900522092e-03
   endloop
 endfacet
 facet normal  0.0000000000e+00 -1.0000000000e+00 0.0000000000e+00
   outer loop
     vertex 4.8464714625e-02 0.0000000000e+00 1.1950261046e-03
     vertex 5.6541857219e-02 0.0000000000e+00 9.4303359203e-04
     vertex 5.6541857219e-02 0.0000000000e+00 1.8860671841e-03
   endloop
 endfacet
 facet normal  -0.0000000000e+00 -1.0000000000e+00 0.0000000000e+00
   outer loop
     vertex 5.6541857219e-02 0.0000000000e+00 9.4303359203e-04
     vertex 6.3448579355e-02 0.0000000000e+00 1.3930821438e-03
     vertex 5.6541857219e-02 0.0000000000e+00 1.8860671841e-03
   endloop
 endfacet
 facet normal  0.0000000000e+00 -1.0000000000e+00 0.0000000000e+00
   outer loop
     vertex 5.6541857219e-02 0.0000000000e+00 9.4303359203e-04
     vertex 6.3448579355e-02 0.0000000000e+00 6.9654107190e-04
     vertex 6.3448579355e-02 0.0000000000e+00 1.3930821438e-03
   endloop
 endfacet
 facet normal  -0.0000000000e+00 -1.0000000000e+00 0.0000000000e+00
   outer loop
     vertex 6.3448579355e-02 0.0000000000e+00 6.9654107190e-04
     vertex 6.8986322416e-02 0.0000000000e+00 9.6024779359e-04
     vertex 6.3448579355e-02 0.0000000000e+00 1.3930821438e-03
   endloop
 endfacet
 facet normal  0.0000000000e+00 -1.0000000000e+00 0.0000000000e+00
   outer loop
     vertex 6.3448579355e-02 0.0000000000e+00 6.9654107190e-04
     vertex 6.8986322416e-02 0.0000000000e+00 4.8012389680e-04
     vertex 6.8986322416e-02 0.0000000000e+00 9.6024779359e-04
   endloop
 endfacet
 facet normal  -0.0000000000e+00 -1.0000000000e+00 0.0000000000e+00
   outer loop
     vertex 6.8986322416e-02 0.0000000000e+00 4.8012389680e-04
     vertex 7.3201671531e-02 0.0000000000e+00 6.0877836134e-04
     vertex 6.8986322416e-02 0.0000000000e+00 9.6024779359e-04
   endloop
 endfacet
 facet normal  0.0000000000e+00 -1.0000000000e+00 0.0000000000e+00
   outer loop
     vertex 6.8986322416e-02 0.0000000000e+00 4.8012389680e-04
     vertex 7.3201671531e-02 0.0000000000e+00 3.0438918067e-04
     vertex 7.3201671531e-02 0.0000000000e+00 6.0877836134e-04
   endloop
 endfacet
 facet normal  -0.0000000000e+00 -1.0000000000e+00 0.0000000000e+00
   outer loop
     vertex 7.3201671531e-02 0.0000000000e+00 3.0438918067e-04
     vertex 7.6285239359e-02 0.0000000000e+00 3.3927138367e-04
     vertex 7.3201671531e-02 0.0000000000e+00 6.0877836134e-04
   endloop
 endfacet
 facet normal  0.0000000000e+00 -1.0000000000e+00 0.0000000000e+00
   outer loop
     vertex 7.3201671531e-02 0.0000000000e+00 3.0438918067e-04
     vertex 7.6285239359e-02 0.0000000000e+00 1.6963569183e-04
     vertex 7.6285239359e-02 0.0000000000e+00 3.3927138367e-04
   endloop
 endfacet
 facet normal  0.0000000000e+00 -1.0000000000e+00 0.0000000000e+00
   outer loop
     vertex 7.6285239359e-02 0.0000000000e+00 1.6963569183e-04
     vertex 7.8475865428e-02 0.0000000000e+00 1.4117334345e-04
     vertex 7.6285239359e-02 0.0000000000e+00 3.3927138367e-04
   endloop
 endfacet
 facet normal  0.0000000000e+00 -1.0000000000e+00 0.0000000000e+00
   outer loop
     vertex 7.6285239359e-02 0.0000000000e+00 1.6963569183e-04
     vertex 7.8475865428e-02 0.0000000000e+00 7.0586671723e-05
     vertex 7.8475865428e-02 0.0000000000e+00 1.4117334345e-04
   endloop
 endfacet
 facet normal  0.0000000000e+00 -1.0000000000e+00 0.0000000000e+00
   outer loop
     vertex 7.8475865428e-02 0.0000000000e+00 7.0586671723e-05
     vertex 8.0000000000e-02 0.0000000000e+00 0.0000000000e+00
     vertex 7.8475865428e-02 0.0000000000e+00 1.4117334345e-04
   endloop
 endfacet
 facet normal  9.2230450802e-02 1.8710750417e-19 -9.9573768832e-01
   outer loop
     vertex 8.0000000000e-02 0.0000000000e+00 0.0000000000e+00
     vertex 7.8475865428e-02 0.0000000000e+00 -1.4117334345e-04
     vertex 8.0000000000e-02 3.2000000000e-02 0.0000000000e+00
   endloop
 endfacet
 facet normal  9.2230450802e-02 0.0000000000e+00 -9.9573768832e-01
   outer loop
     vertex 8.0000000000e-02 3.2000000000e-02 0.0000000000e+00
     vertex 7.8475865428e-02 0.0000000000e+00 -1.4117334345e-04
     vertex 7.8475865428e-02 3.2000000000e-02 -1.4117334345e-04
   endloop
 endfacet
 facet normal  9.0062378798e-02 -1.6988984599e-19 -9.9593612643e-01
   outer loop
     vertex 7.8475865428e-02 0.0000000000e+00 -1.4117334345e-04
     vertex 7.6285239359e-02 0.0000000000e+00 -3.3927138367e-04
     vertex 7.8475865428e-02 3.2000000000e-02 -1.4117334345e-04
   endloop
 endfacet
 facet normal  9.0062378798e-02 0.0000000000e+00 -9.9593612643e-01
   outer loop
     vertex 7.8475865428e-02 3.2000000000e-02 -1.4117334345e-04
     vertex 7.6285239359e-02 0.0000000000e+00 -3.3927138367e-04
     vertex 7.6285239359e-02 3.2000000000e-02 -3.3927138367e-04
   endloop
 endfacet
 facet normal  8.7069096326e-02 -2.3886591223e-20 -9.9620227487e-01
   outer loop
     vertex 7.6285239359e-02 0.0000000000e+00 -3.3927138367e-04
     vertex 7.3201671531e-02 0.0000000000e+00 -6.0877836134e-04
     vertex 7.6285239359e-02 3.2000000000e-02 -3.3927138367e-04
   endloop
 endfacet
 facet normal  8.7069096326e-02 0.0000000000e+00 -9.9620227487e-01
   outer loop
     vertex 7.6285239359e-02 3.2000000000e-02 -3.3927138367e-04
     vertex 7.3201671531e-02 0.0000000000e+00 -6.0877836134e-04
     vertex 7.3201671531e-02 3.2000000000e-02 -6.0877836134e-04
   endloop
 endfacet
 facet normal  8.3090167181e-02 7.3662440909e-19 -9.9654203329e-01
   outer loop
     vertex 7.3201671531e-02 0.0000000000e+00 -6.0877836134e-04
     vertex 6.8986322416e-02 0.0000000000e+00 -9.6024779359e-04
     vertex 7.3201671531e-02 3.2000000000e-02 -6.0877836134e-04
   endloop
 endfacet
 facet normal  8.3090167181e-02 0.0000000000e+00 -9.9654203329e-01
   outer loop
     vertex 7.3201671531e-02 3.2000000000e-02 -6.0877836134e-04
     vertex 6.8986322416e-02 0.0000000000e+00 -9.6024779359e-04
     vertex 6.8986322416e-02 3.2000000000e-02 -9.6024779359e-04
   endloop
 endfacet
 facet normal  7.7923127975e-02 8.0287385039e-19 -9.9695937035e-01
   outer loop
     vertex 6.8986322416e-02 0.0000000000e+00 -9.6024779359e-04
     vertex 6.3448579355e-02 0.0000000000e+00 -1.3930821438e-03
     vertex 6.8986322416e-02 3.2000000000e-02 -9.6024779359e-04
   endloop
 endfacet
 facet normal  7.7923127975e-02 0.0000000000e+00 -9.9695937035e-01
   outer loop
     vertex 6.8986322416e-02 3.2000000000e-02 -9.6024779359e-04
     vertex 6.3448579355e-02 0.0000000000e+00 -1.3930821438e-03
     vertex 6.3448579355e-02 3.2000000000e-02 -1.3930821438e-03
   endloop
 endfacet
 facet normal  7.1196435771e-02 -4.0813885657e-19 -9.9746231384e-01
   outer loop
     vertex 6.3448579355e-02 0.0000000000e+00 -1.3930821438e-03
     vertex 5.6541857219e-02 0.0000000000e+00 -1.8860671841e-03
     vertex 6.3448579355e-02 3.2000000000e-02 -1.3930821438e-03
   endloop
 endfacet
 facet normal  7.1196435771e-02 0.0000000000e+00 -9.9746231384e-01
   outer loop
     vertex 6.3448579355e-02 3.2000000000e-02 -1.3930821438e-03
     vertex 5.6541857219e-02 0.0000000000e+00 -1.8860671841e-03
     vertex 5.6541857219e-02 3.2000000000e-02 -1.8860671841e-03
   endloop
 endfacet
 facet normal  6.2275339092e-02 1.2116990579e-18 -9.9805900734e-01
   outer loop
     vertex 5.6541857219e-02 0.0000000000e+00 -1.8860671841e-03
     vertex 4.8464714625e-02 0.0000000000e+00 -2.3900522092e-03
     vertex 5.6541857219e-02 3.2000000000e-02 -1.8860671841e-03
   endloop
 endfacet
 facet normal  6.2275339092e-02 0.0000000000e+00 -9.9805900734e-01
   outer loop
     vertex 5.6541857219e-02 3.2000000000e-02 -1.8860671841e-03
     vertex 4.8464714625e-02 0.0000000000e+00 -2.3900522092e-03
     vertex 4.8464714625e-02 3.2000000000e-02 -2.3900522092e-03
   endloop
 endfacet
 facet normal  5.0047428966e-02 -2.0083958379e-19 -9.9874684222e-01
   outer loop
     vertex 4.8464714625e-02 0.0000000000e+00 -2.3900522092e-03
     vertex 3.9700001194e-02 0.0000000000e+00 -2.8292539712e-03
     vertex 4.8464714625e-02 3.2000000000e-02 -2.3900522092e-03
   endloop
 endfacet
 facet normal  5.0047428966e-02 0.0000000000e+00 -9.9874684222e-01
   outer loop
     vertex 4.8464714625e-02 3.2000000000e-02 -2.3900522092e-03
     vertex 3.9700001194e-02 0.0000000000e+00 -2.8292539712e-03
     vertex 3.9700001194e-02 3.2000000000e-02 -2.8292539712e-03
   endloop
 endfacet
 facet normal  3.3019444726e-02 -3.2947975798e-19 -9.9945470946e-01
   outer loop
     vertex 3.9700001194e-02 0.0000000000e+00 -2.8292539712e-03
     vertex 3.0929136874e-02 3.2000000000e-02 -3.1190210480e-03
     vertex 3.9700001194e-02 3.2000000000e-02 -2.8292539712e-03
   endloop
 endfacet
 facet normal  3.3019444726e-02 0.0000000000e+00 -9.9945470946e-01
   outer loop
     vertex 3.9700001194e-02 0.0000000000e+00 -2.8292539712e-03
     vertex 3.0929136874e-02 0.0000000000e+00 -3.1190210480e-03
     vertex 3.0929136874e-02 3.2000000000e-02 -3.1190210480e-03
   endloop
 endfacet
 facet normal  9.8065175776e-03 -1.4076923359e-19 -9.9995191495e-01
   outer loop
     vertex 3.0929136874e-02 0.0000000000e+00 -3.1190210480e-03
     vertex 2.2836864089e-02 3.2000000000e-02 -3.1983818794e-03
     vertex 3.0929136874e-02 3.2000000000e-02 -3.1190210480e-03
   endloop
 endfacet
 facet normal  9.8065175776e-03 0.0000000000e+00 -9.9995191495e-01
   outer loop
     vertex 3.0929136874e-02 0.0000000000e+00 -3.1190210480e-03
     vertex 2.2836864089e-02 0.0000000000e+00 -3.1983818794e-03
     vertex 2.2836864089e-02 3.2000000000e-02 -3.1983818794e-03
   endloop
 endfacet
 facet normal  -2.0547311627e-02 1.5456856163e-19 -9.9978888171e-01
   outer loop
     vertex 2.2836864089e-02 0.0000000000e+00 -3.1983818794e-03
     vertex 1.5914345335e-02 3.2000000000e-02 -3.0561126937e-03
     vertex 2.2836864089e-02 3.2000000000e-02 -3.1983818794e-03
   endloop
 endfacet
 facet normal  -2.0547311627e-02 0.0000000000e+00 -9.9978888171e-01
   outer loop
     vertex 2.2836864089e-02 0.0000000000e+00 -3.1983818794e-03
     vertex 1.5914345335e-02 0.0000000000e+00 -3.0561126937e-03
     vertex 1.5914345335e-02 3.2000000000e-02 -3.0561126937e-03
   endloop
 endfacet
 facet normal  -5.9204216770e-02 -3.6258229426e-19 -9.9824589191e-01
   outer loop
     vertex 1.5914345335e-02 0.0000000000e+00 -3.0561126937e-03
     vertex 1.0369869553e-02 3.2000000000e-02 -2.7272795388e-03
     vertex 1.5914345335e-02 3.2000000000e-02 -3.0561126937e-03
   endloop
 endfacet
 facet normal  -5.9204216770e-02 0.0000000000e+00 -9.9824589191e-01
   outer loop
     vertex 1.5914345335e-02 0.0000000000e+00 -3.0561126937e-03
     vertex 1.0369869553e-02 0.0000000000e+00 -2.7272795388e-03
     vertex 1.0369869553e-02 3.2000000000e-02 -2.7272795388e-03
   endloop
 endfacet
 facet normal  -1.0936373154e-01 2.3623749907e-19 -9.9400179790e-01
   outer loop
     vertex 1.0369869553e-02 0.0000000000e+00 -2.7272795388e-03
     vertex 6.1658338674e-03 3.2000000000e-02 -2.2647360795e-03
     vertex 1.0369869553e-02 3.2000000000e-02 -2.7272795388e-03
   endloop
 endfacet
 facet normal  -1.0936373154e-01 0.0000000000e+00 -9.9400179790e-01
   outer loop
     vertex 1.0369869553e-02 0.0000000000e+00 -2.7272795388e-03
     vertex 6.1658338674e-03 0.0000000000e+00 -2.2647360795e-03
     vertex 6.1658338674e-03 3.2000000000e-02 -2.2647360795e-03
   endloop
 endfacet
 facet normal  -1.8086761588e-01 4.2161093665e-19 -9.8350745067e-01
   outer loop
     vertex 6.1658338674e-03 0.0000000000e+00 -2.2647360795e-03
     vertex 3.1225837014e-03 3.2000000000e-02 -1.7050805307e-03
     vertex 6.1658338674e-03 3.2000000000e-02 -2.2647360795e-03
   endloop
 endfacet
 facet normal  -1.8086761588e-01 0.0000000000e+00 -9.8350745067e-01
   outer loop
     vertex 6.1658338674e-03 0.0000000000e+00 -2.2647360795e-03
     vertex 3.1225837014e-03 0.0000000000e+00 -1.7050805307e-03
     vertex 3.1225837014e-03 3.2000000000e-02 -1.7050805307e-03
   endloop
 endfacet
 facet normal  -3.0805827929e-01 3.0831860444e-19 -9.5136748765e-01
   outer loop
     vertex 3.1225837014e-03 0.0000000000e+00 -1.7050805307e-03
     vertex 1.0332546715e-03 3.2000000000e-02 -1.0285437411e-03
     vertex 3.1225837014e-03 3.2000000000e-02 -1.7050805307e-03
   endloop
 endfacet
 facet normal  -3.0805827929e-01 0.0000000000e+00 -9.5136748765e-01
   outer loop
     vertex 3.1225837014e-03 0.0000000000e+00 -1.7050805307e-03
     vertex 1.0332546715e-03 0.0000000000e+00 -1.0285437411e-03
     vertex 1.0332546715e-03 3.2000000000e-02 -1.0285437411e-03
   endloop
 endfacet
 facet normal  -7.0548929631e-01 1.0795143091e-18 -7.0872057455e-01
   outer loop
     vertex 1.0332546715e-03 0.0000000000e+00 -1.0285437411e-03
     vertex 0.0000000000e+00 3.2000000000e-02 0.0000000000e+00
     vertex 1.0332546715e-03 3.2000000000e-02 -1.0285437411e-03
   endloop
 endfacet
 facet normal  -7.0548929631e-01 0.0000000000e+00 -7.0872057455e-01
   outer loop
     vertex 1.0332546715e-03 0.0000000000e+00 -1.0285437411e-03
     vertex 0.0000000000e+00 0.0000000000e+00 0.0000000000e+00
     vertex 0.0000000000e+00 3.2000000000e-02 0.0000000000e+00
   endloop
 endfacet
 facet normal  -7.0548929631e-01 1.6824251773e-18 7.0872057455e-01
   outer loop
     vertex 0.0000000000e+00 0.0000000000e+00 0.0000000000e+00
     vertex 1.0332546715e-03 0.0000000000e+00 1.0285437411e-03
     vertex 0.0000000000e+00 3.2000000000e-02 0.0000000000e+00
   endloop
 endfacet
 facet normal  -7.0548929631e-01 0.0000000000e+00 7.0872057455e-01
   outer loop
     vertex 0.0000000000e+00 3.2000000000e-02 0.0000000000e+00
     vertex 1.0332546715e-03 0.0000000000e+00 1.0285437411e-03
     vertex 1.0332546715e-03 3.2000000000e-02 1.0285437411e-03
   endloop
 endfacet
 facet normal  -3.0805827929e-01 8.9039655104e-19 9.5136748765e-01
   outer loop
     vertex 1.0332546715e-03 0.0000000000e+00 1.0285437411e-03
     vertex 3.1225837014e-03 0.0000000000e+00 1.7050805307e-03
     vertex 1.0332546715e-03 3.2000000000e-02 1.0285437411e-03
   endloop
 endfacet
 facet normal  -3.0805827929e-01 0.0000000000e+00 9.5136748765e-01
   outer loop
     vertex 1.0332546715e-03 3.2000000000e-02 1.0285437411e-03
     vertex 3.1225837014e-03 0.0000000000e+00 1.7050805307e-03
     vertex 3.1225837014e-03 3.2000000000e-02 1.7050805307e-03
   endloop
 endfacet
 facet normal  -1.8086761588e-01 -7.1293991859e-19 9.8350745067e-01
   outer loop
     vertex 3.1225837014e-03 0.0000000000e+00 1.7050805307e-03
     vertex 6.1658338674e-03 0.0000000000e+00 2.2647360795e-03
     vertex 3.1225837014e-03 3.2000000000e-02 1.7050805307e-03
   endloop
 endfacet
 facet normal  -1.8086761588e-01 0.0000000000e+00 9.8350745067e-01
   outer loop
     vertex 3.1225837014e-03 3.2000000000e-02 1.7050805307e-03
     vertex 6.1658338674e-03 0.0000000000e+00 2.2647360795e-03
     vertex 6.1658338674e-03 3.2000000000e-02 2.2647360795e-03
   endloop
 endfacet
 facet normal  -1.0936373154e-01 3.5261690567e-19 9.9400179790e-01
   outer loop
     vertex 6.1658338674e-03 0.0000000000e+00 2.2647360795e-03
     vertex 1.0369869553e-02 0.0000000000e+00 2.7272795388e-03
     vertex 6.1658338674e-03 3.2000000000e-02 2.2647360795e-03
   endloop
 endfacet
 facet normal  -1.0936373154e-01 0.0000000000e+00 9.9400179790e-01
   outer loop
     vertex 6.1658338674e-03 3.2000000000e-02 2.2647360795e-03
     vertex 1.0369869553e-02 0.0000000000e+00 2.7272795388e-03
     vertex 1.0369869553e-02 3.2000000000e-02 2.7272795388e-03
   endloop
 endfacet
 facet normal  -5.9204216770e-02 4.9830919264e-19 9.9824589191e-01
   outer loop
     vertex 1.0369869553e-02 0.0000000000e+00 2.7272795388e-03
     vertex 1.5914345335e-02 0.0000000000e+00 3.0561126937e-03
     vertex 1.0369869553e-02 3.2000000000e-02 2.7272795388e-03
   endloop
 endfacet
 facet normal  -5.9204216770e-02 0.0000000000e+00 9.9824589191e-01
   outer loop
     vertex 1.0369869553e-02 3.2000000000e-02 2.7272795388e-03
     vertex 1.5914345335e-02 0.0000000000e+00 3.0561126937e-03
     vertex 1.5914345335e-02 3.2000000000e-02 3.0561126937e-03
   endloop
 endfacet
 facet normal  -2.0547311627e-02 -1.4770166753e-19 9.9978888171e-01
   outer loop
     vertex 1.5914345335e-02 0.0000000000e+00 3.0561126937e-03
     vertex 2.2836864089e-02 0.0000000000e+00 3.1983818794e-03
     vertex 1.5914345335e-02 3.2000000000e-02 3.0561126937e-03
   endloop
 endfacet
 facet normal  -2.0547311627e-02 0.0000000000e+00 9.9978888171e-01
   outer loop
     vertex 1.5914345335e-02 3.2000000000e-02 3.0561126937e-03
     vertex 2.2836864089e-02 0.0000000000e+00 3.1983818794e-03
     vertex 2.2836864089e-02 3.2000000000e-02 3.1983818794e-03
   endloop
 endfacet
 facet normal  9.8065175776e-03 1.6706050010e-19 9.9995191495e-01
   outer loop
     vertex 2.2836864089e-02 0.0000000000e+00 3.1983818794e-03
     vertex 3.0929136874e-02 0.0000000000e+00 3.1190210480e-03
     vertex 2.2836864089e-02 3.2000000000e-02 3.1983818794e-03
   endloop
 endfacet
 facet normal  9.8065175776e-03 -0.0000000000e+00 9.9995191495e-01
   outer loop
     vertex 2.2836864089e-02 3.2000000000e-02 3.1983818794e-03
     vertex 3.0929136874e-02 0.0000000000e+00 3.1190210480e-03
     vertex 3.0929136874e-02 3.2000000000e-02 3.1190210480e-03
   endloop
 endfacet
 facet normal  3.3019444726e-02 -4.6010186496e-19 9.9945470946e-01
   outer loop
     vertex 3.0929136874e-02 0.0000000000e+00 3.1190210480e-03
     vertex 3.9700001194e-02 0.0000000000e+00 2.8292539712e-03
     vertex 3.0929136874e-02 3.2000000000e-02 3.1190210480e-03
   endloop
 endfacet
 facet normal  3.3019444726e-02 -0.0000000000e+00 9.9945470946e-01
   outer loop
     vertex 3.0929136874e-02 3.2000000000e-02 3.1190210480e-03
     vertex 3.9700001194e-02 0.0000000000e+00 2.8292539712e-03
     vertex 3.9700001194e-02 3.2000000000e-02 2.8292539712e-03
   endloop
 endfacet
 facet normal  5.0047428966e-02 -8.3040719657e-19 9.9874684222e-01
   outer loop
     vertex 3.9700001194e-02 0.0000000000e+00 2.8292539712e-03
     vertex 4.8464714625e-02 3.2000000000e-02 2.3900522092e-03
     vertex 3.9700001194e-02 3.2000000000e-02 2.8292539712e-03
   endloop
 endfacet
 facet normal  5.0047428966e-02 -1.0852306242e-17 9.9874684222e-01
   outer loop
     vertex 3.9700001194e-02 0.0000000000e+00 2.8292539712e-03
     vertex 4.8464714625e-02 0.0000000000e+00 2.3900522092e-03
     vertex 4.8464714625e-02 3.2000000000e-02 2.3900522092e-03
   endloop
 endfacet
 facet normal  6.2275339092e-02 -1.2684643859e-17 9.9805900734e-01
   outer loop
     vertex 4.8464714625e-02 0.0000000000e+00 2.3900522092e-03
     vertex 5.6541857219e-02 3.2000000000e-02 1.8860671841e-03
     vertex 4.8464714625e-02 3.2000000000e-02 2.3900522092e-03
   endloop
 endfacet
 facet normal  6.2275339092e-02 -0.0000000000e+00 9.9805900734e-01
   outer loop
     vertex 4.8464714625e-02 0.0000000000e+00 2.3900522092e-03
     vertex 5.6541857219e-02 0.0000000000e+00 1.8860671841e-03
     vertex 5.6541857219e-02 3.2000000000e-02 1.8860671841e-03
   endloop
 endfacet
 facet normal  7.1196435771e-02 8.9644567545e-19 9.9746231384e-01
   outer loop
     vertex 5.6541857219e-02 0.0000000000e+00 1.8860671841e-03
     vertex 6.3448579355e-02 3.2000000000e-02 1.3930821438e-03
     vertex 5.6541857219e-02 3.2000000000e-02 1.8860671841e-03
   endloop
 endfacet
 facet normal  7.1196435771e-02 -0.0000000000e+00 9.9746231384e-01
   outer loop
     vertex 5.6541857219e-02 0.0000000000e+00 1.8860671841e-03
     vertex 6.3448579355e-02 0.0000000000e+00 1.3930821438e-03
     vertex 6.3448579355e-02 3.2000000000e-02 1.3930821438e-03
   endloop
 endfacet
 facet normal  7.7923127975e-02 -5.9245706921e-19 9.9695937035e-01
   outer loop
     vertex 6.3448579355e-02 0.0000000000e+00 1.3930821438e-03
     vertex 6.8986322416e-02 3.2000000000e-02 9.6024779359e-04
     vertex 6.3448579355e-02 3.2000000000e-02 1.3930821438e-03
   endloop
 endfacet
 facet normal  7.7923127975e-02 -0.0000000000e+00 9.9695937035e-01
   outer loop
     vertex 6.3448579355e-02 0.0000000000e+00 1.3930821438e-03
     vertex 6.8986322416e-02 0.0000000000e+00 9.6024779359e-04
     vertex 6.8986322416e-02 3.2000000000e-02 9.6024779359e-04
   endloop
 endfacet
 facet normal  8.3090167181e-02 6.5009355610e-19 9.9654203329e-01
   outer loop
     vertex 6.8986322416e-02 0.0000000000e+00 9.6024779359e-04
     vertex 7.3201671531e-02 3.2000000000e-02 6.0877836134e-04
     vertex 6.8986322416e-02 3.2000000000e-02 9.6024779359e-04
   endloop
 endfacet
 facet normal  8.3090167181e-02 -0.0000000000e+00 9.9654203329e-01
   outer loop
     vertex 6.8986322416e-02 0.0000000000e+00 9.6024779359e-04
     vertex 7.3201671531e-02 0.0000000000e+00 6.0877836134e-04
     vertex 7.3201671531e-02 3.2000000000e-02 6.0877836134e-04
   endloop
 endfacet
 facet normal  8.7069096326e-02 1.6985699294e-19 9.9620227487e-01
   outer loop
     vertex 7.3201671531e-02 0.0000000000e+00 6.0877836134e-04
     vertex 7.6285239359e-02 3.2000000000e-02 3.3927138367e-04
     vertex 7.3201671531e-02 3.2000000000e-02 6.0877836134e-04
   endloop
 endfacet
 facet normal  8.7069096326e-02 -0.0000000000e+00 9.9620227487e-01
   outer loop
     vertex 7.3201671531e-02 0.0000000000e+00 6.0877836134e-04
     vertex 7.6285239359e-02 0.0000000000e+00 3.3927138367e-04
     vertex 7.6285239359e-02 3.2000000000e-02 3.3927138367e-04
   endloop
 endfacet
 facet normal  9.0062378798e-02 -1.6326285693e-19 9.9593612643e-01
   outer loop
     vertex 7.6285239359e-02 0.0000000000e+00 3.3927138367e-04
     vertex 7.8475865428e-02 3.2000000000e-02 1.4117334345e-04
     vertex 7.6285239359e-02 3.2000000000e-02 3.3927138367e-04
   endloop
 endfacet
 facet normal  9.0062378798e-02 -0.0000000000e+00 9.9593612643e-01
   outer loop
     vertex 7.6285239359e-02 0.0000000000e+00 3.3927138367e-04
     vertex 7.8475865428e-02 0.0000000000e+00 1.4117334345e-04
     vertex 7.8475865428e-02 3.2000000000e-02 1.4117334345e-04
   endloop
 endfacet
 facet normal  9.2230450802e-02 2.5576475031e-19 9.9573768832e-01
   outer loop
     vertex 7.8475865428e-02 0.0000000000e+00 1.4117334345e-04
     vertex 8.0000000000e-02 3.2000000000e-02 0.0000000000e+00
     vertex 7.8475865428e-02 3.2000000000e-02 1.4117334345e-04
   endloop
 endfacet
 facet normal  9.2230450802e-02 -0.0000000000e+00 9.9573768832e-01
   outer loop
     vertex 7.8475865428e-02 0.0000000000e+00 1.4117334345e-04
     vertex 8.0000000000e-02 0.0000000000e+00 0.0000000000e+00
     vertex 8.0000000000e-02 3.2000000000e-02 0.0000000000e+00
   endloop
 endfacet
 facet normal  9.2230450802e-02 1.8710750417e-19 -9.9573768832e-01
   outer loop
     vertex 8.0000000000e-02 3.2000000000e-02 0.0000000000e+00
     vertex 7.8475865428e-02 3.2000000000e-02 -1.4117334345e-04
     vertex 8.0000000000e-02 6.4000000000e-02 0.0000000000e+00
   endloop
 endfacet
 facet normal  9.2230450802e-02 0.0000000000e+00 -9.9573768832e-01
   outer loop
     vertex 8.0000000000e-02 6.4000000000e-02 0.0000000000e+00
     vertex 7.8475865428e-02 3.2000000000e-02 -1.4117334345e-04
     vertex 7.8475865428e-02 6.4000000000e-02 -1.4117334345e-04
   endloop
 endfacet
 facet normal  9.0062378798e-02 -1.6988984599e-19 -9.9593612643e-01
   outer loop
     vertex 7.8475865428e-02 3.2000000000e-02 -1.4117334345e-04
     vertex 7.6285239359e-02 3.2000000000e-02 -3.3927138367e-04
     vertex 7.8475865428e-02 6.4000000000e-02 -1.4117334345e-04
   endloop
 endfacet
 facet normal  9.0062378798e-02 0.0000000000e+00 -9.9593612643e-01
   outer loop
     vertex 7.8475865428e-02 6.4000000000e-02 -1.4117334345e-04
     vertex 7.6285239359e-02 3.2000000000e-02 -3.3927138367e-04
     vertex 7.6285239359e-02 6.4000000000e-02 -3.3927138367e-04
   endloop
 endfacet
 facet normal  8.7069096326e-02 -2.3886591223e-20 -9.9620227487e-01
   outer loop
     vertex 7.6285239359e-02 3.2000000000e-02 -3.3927138367e-04
     vertex 7.3201671531e-02 3.2000000000e-02 -6.0877836134e-04
     vertex 7.6285239359e-02 6.4000000000e-02 -3.3927138367e-04
   endloop
 endfacet
 facet normal  8.7069096326e-02 0.0000000000e+00 -9.9620227487e-01
   outer loop
     vertex 7.6285239359e-02 6.4000000000e-02 -3.3927138367e-04
     vertex 7.3201671531e-02 3.2000000000e-02 -6.0877836134e-04
     vertex 7.3201671531e-02 6.4000000000e-02 -6.0877836134e-04
   endloop
 endfacet
 facet normal  8.3090167181e-02 7.3662440909e-19 -9.9654203329e-01
   outer loop
     vertex 7.3201671531e-02 3.2000000000e-02 -6.0877836134e-04
     vertex 6.8986322416e-02 3.2000000000e-02 -9.6024779359e-04
     vertex 7.3201671531e-02 6.4000000000e-02 -6.0877836134e-04
   endloop
 endfacet
 facet normal  8.3090167181e-02 0.0000000000e+00 -9.9654203329e-01
   outer loop
     vertex 7.3201671531e-02 6.4000000000e-02 -6.0877836134e-04
     vertex 6.8986322416e-02 3.2000000000e-02 -9.6024779359e-04
     vertex 6.8986322416e-02 6.4000000000e-02 -9.6024779359e-04
   endloop
 endfacet
 facet normal  7.7923127975e-02 8.0287385039e-19 -9.9695937035e-01
   outer loop
     vertex 6.8986322416e-02 3.2000000000e-02 -9.6024779359e-04
     vertex 6.3448579355e-02 3.2000000000e-02 -1.3930821438e-03
     vertex 6.8986322416e-02 6.4000000000e-02 -9.6024779359e-04
   endloop
 endfacet
 facet normal  7.7923127975e-02 0.0000000000e+00 -9.9695937035e-01
   outer loop
     vertex 6.8986322416e-02 6.4000000000e-02 -9.6024779359e-04
     vertex 6.3448579355e-02 3.2000000000e-02 -1.3930821438e-03
     vertex 6.3448579355e-02 6.4000000000e-02 -1.3930821438e-03
   endloop
 endfacet
 facet normal  7.1196435771e-02 -4.0813885657e-19 -9.9746231384e-01
   outer loop
     vertex 6.3448579355e-02 3.2000000000e-02 -1.3930821438e-03
     vertex 5.6541857219e-02 3.2000000000e-02 -1.8860671841e-03
     vertex 6.3448579355e-02 6.4000000000e-02 -1.3930821438e-03
   endloop
 endfacet
 facet normal  7.1196435771e-02 0.0000000000e+00 -9.9746231384e-01
   outer loop
     vertex 6.3448579355e-02 6.4000000000e-02 -1.3930821438e-03
     vertex 5.6541857219e-02 3.2000000000e-02 -1.8860671841e-03
     vertex 5.6541857219e-02 6.4000000000e-02 -1.8860671841e-03
   endloop
 endfacet
 facet normal  6.2275339092e-02 1.2116990579e-18 -9.9805900734e-01
   outer loop
     vertex 5.6541857219e-02 3.2000000000e-02 -1.8860671841e-03
     vertex 4.8464714625e-02 3.2000000000e-02 -2.3900522092e-03
     vertex 5.6541857219e-02 6.4000000000e-02 -1.8860671841e-03
   endloop
 endfacet
 facet normal  6.2275339092e-02 0.0000000000e+00 -9.9805900734e-01
   outer loop
     vertex 5.6541857219e-02 6.4000000000e-02 -1.8860671841e-03
     vertex 4.8464714625e-02 3.2000000000e-02 -2.3900522092e-03
     vertex 4.8464714625e-02 6.4000000000e-02 -2.3900522092e-03
   endloop
 endfacet
 facet normal  5.0047428966e-02 -2.0083958379e-19 -9.9874684222e-01
   outer loop
     vertex 4.8464714625e-02 3.2000000000e-02 -2.3900522092e-03
     vertex 3.9700001194e-02 3.2000000000e-02 -2.8292539712e-03
     vertex 4.8464714625e-02 6.4000000000e-02 -2.3900522092e-03
   endloop
 endfacet
 facet normal  5.0047428966e-02 0.0000000000e+00 -9.9874684222e-01
   outer loop
     vertex 4.8464714625e-02 6.4000000000e-02 -2.3900522092e-03
     vertex 3.9700001194e-02 3.2000000000e-02 -2.8292539712e-03
     vertex 3.9700001194e-02 6.4000000000e-02 -2.8292539712e-03
   endloop
 endfacet
 facet normal  3.3019444726e-02 -3.2947975798e-19 -9.9945470946e-01
   outer loop
     vertex 3.9700001194e-02 3.2000000000e-02 -2.8292539712e-03
     vertex 3.0929136874e-02 6.4000000000e-02 -3.1190210480e-03
     vertex 3.9700001194e-02 6.4000000000e-02 -2.8292539712e-03
   endloop
 endfacet
 facet normal  3.3019444726e-02 0.0000000000e+00 -9.9945470946e-01
   outer loop
     vertex 3.9700001194e-02 3.2000000000e-02 -2.8292539712e-03
     vertex 3.0929136874e-02 3.2000000000e-02 -3.1190210480e-03
     vertex 3.0929136874e-02 6.4000000000e-02 -3.1190210480e-03
   endloop
 endfacet
 facet normal  9.8065175776e-03 -1.4076923359e-19 -9.9995191495e-01
   outer loop
     vertex 3.0929136874e-02 3.2000000000e-02 -3.1190210480e-03
     vertex 2.2836864089e-02 6.4000000000e-02 -3.1983818794e-03
     vertex 3.0929136874e-02 6.4000000000e-02 -3.1190210480e-03
   endloop
 endfacet
 facet normal  9.8065175776e-03 0.0000000000e+00 -9.9995191495e-01
   outer loop
     vertex 3.0929136874e-02 3.2000000000e-02 -3.1190210480e-03
     vertex 2.2836864089e-02 3.2000000000e-02 -3.1983818794e-03
     vertex 2.2836864089e-02 6.4000000000e-02 -3.1983818794e-03
   endloop
 endfacet
 facet normal  -2.0547311627e-02 1.5456856163e-19 -9.9978888171e-01
   outer loop
     vertex 2.2836864089e-02 3.2000000000e-02 -3.1983818794e-03
     vertex 1.5914345335e-02 6.4000000000e-02 -3.0561126937e-03
     vertex 2.2836864089e-02 6.4000000000e-02 -3.1983818794e-03
   endloop
 endfacet
 facet normal  -2.0547311627e-02 0.0000000000e+00 -9.9978888171e-01
   outer loop
     vertex 2.2836864089e-02 3.2000000000e-02 -3.1983818794e-03
     vertex 1.5914345335e-02 3.2000000000e-02 -3.0561126937e-03
     vertex 1.5914345335e-02 6.4000000000e-02 -3.0561126937e-03
   endloop
 endfacet
 facet normal  -5.9204216770e-02 -3.6258229426e-19 -9.9824589191e-01
   outer loop
     vertex 1.5914345335e-02 3.2000000000e-02 -3.0561126937e-03
     vertex 1.0369869553e-02 6.4000000000e-02 -2.7272795388e-03
     vertex 1.5914345335e-02 6.4000000000e-02 -3.0561126937e-03
   endloop
 endfacet
 facet normal  -5.9204216770e-02 0.0000000000e+00 -9.9824589191e-01
   outer loop
     vertex 1.5914345335e-02 3.2000000000e-02 -3.0561126937e-03
     vertex 1.0369869553e-02 3.2000000000e-02 -2.7272795388e-03
     vertex 1.0369869553e-02 6.4000000000e-02 -2.7272795388e-03
   endloop
 endfacet
 facet normal  -1.0936373154e-01 2.3623749907e-19 -9.9400179790e-01
   outer loop
     vertex 1.0369869553e-02 3.2000000000e-02 -2.7272795388e-03
     vertex 6.1658338674e-03 6.4000000000e-02 -2.2647360795e-03
     vertex 1.0369869553e-02 6.4000000000e-02 -2.7272795388e-03
   endloop
 endfacet
 facet normal  -1.0936373154e-01 0.0000000000e+00 -9.9400179790e-01
   outer loop
     vertex 1.0369869553e-02 3.2000000000e-02 -2.7272795388e-03
     vertex 6.1658338674e-03 3.2000000000e-02 -2.2647360795e-03
     vertex 6.1658338674e-03 6.4000000000e-02 -2.2647360795e-03
   endloop
 endfacet
 facet normal  -1.8086761588e-01 4.2161093665e-19 -9.8350745067e-01
   outer loop
     vertex 6.1658338674e-03 3.2000000000e-02 -2.2647360795e-03
     vertex 3.1225837014e-03 6.4000000000e-02 -1.7050805307e-03
     vertex 6.1658338674e-03 6.4000000000e-02 -2.2647360795e-03
   endloop
 endfacet
 facet normal  -1.8086761588e-01 0.0000000000e+00 -9.8350745067e-01
   outer loop
     vertex 6.1658338674e-03 3.2000000000e-02 -2.2647360795e-03
     vertex 3.1225837014e-03 3.2000000000e-02 -1.7050805307e-03
     vertex 3.1225837014e-03 6.4000000000e-02 -1.7050805307e-03
   endloop
 endfacet
 facet normal  -3.0805827929e-01 3.0831860444e-19 -9.5136748765e-01
   outer loop
     vertex 3.1225837014e-03 3.2000000000e-02 -1.7050805307e-03
     vertex 1.0332546715e-03 6.4000000000e-02 -1.0285437411e-03
     vertex 3.1225837014e-03 6.4000000000e-02 -1.7050805307e-03
   endloop
 endfacet
 facet normal  -3.0805827929e-01 0.0000000000e+00 -9.5136748765e-01
   outer loop
     vertex 3.1225837014e-03 3.2000000000e-02 -1.7050805307e-03
     vertex 1.0332546715e-03 3.2000000000e-02 -1.0285437411e-03
     vertex 1.0332546715e-03 6.4000000000e-02 -1.0285437411e-03
   endloop
 endfacet
 facet normal  -7.0548929631e-01 1.0795143091e-18 -7.0872057455e-01
   outer loop
     vertex 1.0332546715e-03 3.2000000000e-02 -1.0285437411e-03
     vertex 0.0000000000e+00 6.4000000000e-02 0.0000000000e+00
     vertex 1.0332546715e-03 6.4000000000e-02 -1.0285437411e-03
   endloop
 endfacet
 facet normal  -7.0548929631e-01 0.0000000000e+00 -7.0872057455e-01
   outer loop
     vertex 1.0332546715e-03 3.2000000000e-02 -1.0285437411e-03
     vertex 0.0000000000e+00 3.2000000000e-02 0.0000000000e+00
     vertex 0.0000000000e+00 6.4000000000e-02 0.0000000000e+00
   endloop
 endfacet
 facet normal  -7.0548929631e-01 1.6824251773e-18 7.0872057455e-01
   outer loop
     vertex 0.0000000000e+00 3.2000000000e-02 0.0000000000e+00
     vertex 1.0332546715e-03 3.2000000000e-02 1.0285437411e-03
     vertex 0.0000000000e+00 6.4000000000e-02 0.0000000000e+00
   endloop
 endfacet
 facet normal  -7.0548929631e-01 0.0000000000e+00 7.0872057455e-01
   outer loop
     vertex 0.0000000000e+00 6.4000000000e-02 0.0000000000e+00
     vertex 1.0332546715e-03 3.2000000000e-02 1.0285437411e-03
     vertex 1.0332546715e-03 6.4000000000e-02 1.0285437411e-03
   endloop
 endfacet
 facet normal  -3.0805827929e-01 8.9039655104e-19 9.5136748765e-01
   outer loop
     vertex 1.0332546715e-03 3.2000000000e-02 1.0285437411e-03
     vertex 3.1225837014e-03 3.2000000000e-02 1.7050805307e-03
     vertex 1.0332546715e-03 6.4000000000e-02 1.0285437411e-03
   endloop
 endfacet
 facet normal  -3.0805827929e-01 0.0000000000e+00 9.5136748765e-01
   outer loop
     vertex 1.0332546715e-03 6.4000000000e-02 1.0285437411e-03
     vertex 3.1225837014e-03 3.2000000000e-02 1.7050805307e-03
     vertex 3.1225837014e-03 6.4000000000e-02 1.7050805307e-03
   endloop
 endfacet
 facet normal  -1.8086761588e-01 -7.1293991859e-19 9.8350745067e-01
   outer loop
     vertex 3.1225837014e-03 3.2000000000e-02 1.7050805307e-03
     vertex 6.1658338674e-03 3.2000000000e-02 2.2647360795e-03
     vertex 3.1225837014e-03 6.4000000000e-02 1.7050805307e-03
   endloop
 endfacet
 facet normal  -1.8086761588e-01 0.0000000000e+00 9.8350745067e-01
   outer loop
     vertex 3.1225837014e-03 6.4000000000e-02 1.7050805307e-03
     vertex 6.1658338674e-03 3.2000000000e-02 2.2647360795e-03
     vertex 6.1658338674e-03 6.4000000000e-02 2.2647360795e-03
   endloop
 endfacet
 facet normal  -1.0936373154e-01 3.5261690567e-19 9.9400179790e-01
   outer loop
     vertex 6.1658338674e-03 3.2000000000e-02 2.2647360795e-03
     vertex 1.0369869553e-02 3.2000000000e-02 2.7272795388e-03
     vertex 6.1658338674e-03 6.4000000000e-02 2.2647360795e-03
   endloop
 endfacet
 facet normal  -1.0936373154e-01 0.0000000000e+00 9.9400179790e-01
   outer loop
     vertex 6.1658338674e-03 6.4000000000e-02 2.2647360795e-03
     vertex 1.0369869553e-02 3.2000000000e-02 2.7272795388e-03
     vertex 1.0369869553e-02 6.4000000000e-02 2.7272795388e-03
   endloop
 endfacet
 facet normal  -5.9204216770e-02 4.9830919264e-19 9.9824589191e-01
   outer loop
     vertex 1.0369869553e-02 3.2000000000e-02 2.7272795388e-03
     vertex 1.5914345335e-02 3.2000000000e-02 3.0561126937e-03
     vertex 1.0369869553e-02 6.4000000000e-02 2.7272795388e-03
   endloop
 endfacet
 facet normal  -5.9204216770e-02 0.0000000000e+00 9.9824589191e-01
   outer loop
     vertex 1.0369869553e-02 6.4000000000e-02 2.7272795388e-03
     vertex 1.5914345335e-02 3.2000000000e-02 3.0561126937e-03
     vertex 1.5914345335e-02 6.4000000000e-02 3.0561126937e-03
   endloop
 endfacet
 facet normal  -2.0547311627e-02 -1.4770166753e-19 9.9978888171e-01
   outer loop
     vertex 1.5914345335e-02 3.2000000000e-02 3.0561126937e-03
     vertex 2.2836864089e-02 3.2000000000e-02 3.1983818794e-03
     vertex 1.5914345335e-02 6.4000000000e-02 3.0561126937e-03
   endloop
 endfacet
 facet normal  -2.0547311627e-02 0.0000000000e+00 9.9978888171e-01
   outer loop
     vertex 1.5914345335e-02 6.4000000000e-02 3.0561126937e-03
     vertex 2.2836864089e-02 3.2000000000e-02 3.1983818794e-03
     vertex 2.2836864089e-02 6.4000000000e-02 3.1983818794e-03
   endloop
 endfacet
 facet normal  9.8065175776e-03 1.6706050010e-19 9.9995191495e-01
   outer loop
     vertex 2.2836864089e-02 3.2000000000e-02 3.1983818794e-03
     vertex 3.0929136874e-02 3.2000000000e-02 3.1190210480e-03
     vertex 2.2836864089e-02 6.4000000000e-02 3.1983818794e-03
   endloop
 endfacet
 facet normal  9.8065175776e-03 -0.0000000000e+00 9.9995191495e-01
   outer loop
     vertex 2.2836864089e-02 6.4000000000e-02 3.1983818794e-03
     vertex 3.0929136874e-02 3.2000000000e-02 3.1190210480e-03
     vertex 3.0929136874e-02 6.4000000000e-02 3.1190210480e-03
   endloop
 endfacet
 facet normal  3.3019444726e-02 -4.6010186496e-19 9.9945470946e-01
   outer loop
     vertex 3.0929136874e-02 3.2000000000e-02 3.1190210480e-03
     vertex 3.9700001194e-02 3.2000000000e-02 2.8292539712e-03
     vertex 3.0929136874e-02 6.4000000000e-02 3.1190210480e-03
   endloop
 endfacet
 facet normal  3.3019444726e-02 -0.0000000000e+00 9.9945470946e-01
   outer loop
     vertex 3.0929136874e-02 6.4000000000e-02 3.1190210480e-03
     vertex 3.9700001194e-02 3.2000000000e-02 2.8292539712e-03
     vertex 3.9700001194e-02 6.4000000000e-02 2.8292539712e-03
   endloop
 endfacet
 facet normal  5.0047428966e-02 9.7313470260e-19 9.9874684222e-01
   outer loop
     vertex 3.9700001194e-02 3.2000000000e-02 2.8292539712e-03
     vertex 4.8464714625e-02 6.4000000000e-02 2.3900522092e-03
     vertex 3.9700001194e-02 6.4000000000e-02 2.8292539712e-03
   endloop
 endfacet
 facet normal  5.0047428966e-02 1.0852306242e-17 9.9874684222e-01
   outer loop
     vertex 3.9700001194e-02 3.2000000000e-02 2.8292539712e-03
     vertex 4.8464714625e-02 3.2000000000e-02 2.3900522092e-03
     vertex 4.8464714625e-02 6.4000000000e-02 2.3900522092e-03
   endloop
 endfacet
 facet normal  6.2275339092e-02 1.3902211216e-17 9.9805900734e-01
   outer loop
     vertex 4.8464714625e-02 3.2000000000e-02 2.3900522092e-03
     vertex 5.6541857219e-02 6.4000000000e-02 1.8860671841e-03
     vertex 4.8464714625e-02 6.4000000000e-02 2.3900522092e-03
   endloop
 endfacet
 facet normal  6.2275339092e-02 -0.0000000000e+00 9.9805900734e-01
   outer loop
     vertex 4.8464714625e-02 3.2000000000e-02 2.3900522092e-03
     vertex 5.6541857219e-02 3.2000000000e-02 1.8860671841e-03
     vertex 5.6541857219e-02 6.4000000000e-02 1.8860671841e-03
   endloop
 endfacet
 facet normal  7.1196435771e-02 8.9644567545e-19 9.9746231384e-01
   outer loop
     vertex 5.6541857219e-02 3.2000000000e-02 1.8860671841e-03
     vertex 6.3448579355e-02 6.4000000000e-02 1.3930821438e-03
     vertex 5.6541857219e-02 6.4000000000e-02 1.8860671841e-03
   endloop
 endfacet
 facet normal  7.1196435771e-02 -0.0000000000e+00 9.9746231384e-01
   outer loop
     vertex 5.6541857219e-02 3.2000000000e-02 1.8860671841e-03
     vertex 6.3448579355e-02 3.2000000000e-02 1.3930821438e-03
     vertex 6.3448579355e-02 6.4000000000e-02 1.3930821438e-03
   endloop
 endfacet
 facet normal  7.7923127975e-02 7.9506516547e-19 9.9695937035e-01
   outer loop
     vertex 6.3448579355e-02 3.2000000000e-02 1.3930821438e-03
     vertex 6.8986322416e-02 6.4000000000e-02 9.6024779359e-04
     vertex 6.3448579355e-02 6.4000000000e-02 1.3930821438e-03
   endloop
 endfacet
 facet normal  7.7923127975e-02 3.3778297350e-18 9.9695937035e-01
   outer loop
     vertex 6.3448579355e-02 3.2000000000e-02 1.3930821438e-03
     vertex 6.8986322416e-02 3.2000000000e-02 9.6024779359e-04
     vertex 6.8986322416e-02 6.4000000000e-02 9.6024779359e-04
   endloop
 endfacet
 facet normal  8.3090167181e-02 4.0265092982e-18 9.9654203329e-01
   outer loop
     vertex 6.8986322416e-02 3.2000000000e-02 9.6024779359e-04
     vertex 7.3201671531e-02 6.4000000000e-02 6.0877836134e-04
     vertex 6.8986322416e-02 6.4000000000e-02 9.6024779359e-04
   endloop
 endfacet
 facet normal  8.3090167181e-02 -0.0000000000e+00 9.9654203329e-01
   outer loop
     vertex 6.8986322416e-02 3.2000000000e-02 9.6024779359e-04
     vertex 7.3201671531e-02 3.2000000000e-02 6.0877836134e-04
     vertex 7.3201671531e-02 6.4000000000e-02 6.0877836134e-04
   endloop
 endfacet
 facet normal  8.7069096326e-02 1.6985699294e-19 9.9620227487e-01
   outer loop
     vertex 7.3201671531e-02 3.2000000000e-02 6.0877836134e-04
     vertex 7.6285239359e-02 6.4000000000e-02 3.3927138367e-04
     vertex 7.3201671531e-02 6.4000000000e-02 6.0877836134e-04
   endloop
 endfacet
 facet normal  8.7069096326e-02 -0.0000000000e+00 9.9620227487e-01
   outer loop
     vertex 7.3201671531e-02 3.2000000000e-02 6.0877836134e-04
     vertex 7.6285239359e-02 3.2000000000e-02 3.3927138367e-04
     vertex 7.6285239359e-02 6.4000000000e-02 3.3927138367e-04
   endloop
 endfacet
 facet normal  9.0062378798e-02 -1.6326285693e-19 9.9593612643e-01
   outer loop
     vertex 7.6285239359e-02 3.2000000000e-02 3.3927138367e-04
     vertex 7.8475865428e-02 6.4000000000e-02 1.4117334345e-04
     vertex 7.6285239359e-02 6.4000000000e-02 3.3927138367e-04
   endloop
 endfacet
 facet normal  9.0062378798e-02 -0.0000000000e+00 9.9593612643e-01
   outer loop
     vertex 7.6285239359e-02 3.2000000000e-02 3.3927138367e-04
     vertex 7.8475865428e-02 3.2000000000e-02 1.4117334345e-04
     vertex 7.8475865428e-02 6.4000000000e-02 1.4117334345e-04
   endloop
 endfacet
 facet normal  9.2230450802e-02 2.5576475031e-19 9.9573768832e-01
   outer loop
     vertex 7.8475865428e-02 3.2000000000e-02 1.4117334345e-04
     vertex 8.0000000000e-02 6.4000000000e-02 0.0000000000e+00
     vertex 7.8475865428e-02 6.4000000000e-02 1.4117334345e-04
   endloop
 endfacet
 facet normal  9.2230450802e-02 -0.0000000000e+00 9.9573768832e-01
   outer loop
     vertex 7.8475865428e-02 3.2000000000e-02 1.4117334345e-04
     vertex 8.0000000000e-02 3.2000000000e-02 0.0000000000e+00
     vertex 8.0000000000e-02 6.4000000000e-02 0.0000000000e+00
   endloop
 endfacet
 facet normal  9.2230450802e-02 1.8710750417e-19 -9.9573768832e-01
   outer loop
     vertex 8.0000000000e-02 6.4000000000e-02 0.0000000000e+00
     vertex 7.8475865428e-02 6.4000000000e-02 -1.4117334345e-04
     vertex 8.0000000000e-02 9.6000000000e-02 0.0000000000e+00
   endloop
 endfacet
 facet normal  9.2230450802e-02 0.0000000000e+00 -9.9573768832e-01
   outer loop
     vertex 8.0000000000e-02 9.6000000000e-02 0.0000000000e+00
     vertex 7.8475865428e-02 6.4000000000e-02 -1.4117334345e-04
     vertex 7.8475865428e-02 9.6000000000e-02 -1.4117334345e-04
   endloop
 endfacet
 facet normal  9.0062378798e-02 -1.6988984599e-19 -9.9593612643e-01
   outer loop
     vertex 7.8475865428e-02 6.4000000000e-02 -1.4117334345e-04
     vertex 7.6285239359e-02 6.4000000000e-02 -3.3927138367e-04
     vertex 7.8475865428e-02 9.6000000000e-02 -1.4117334345e-04
   endloop
 endfacet
 facet normal  9.0062378798e-02 0.0000000000e+00 -9.9593612643e-01
   outer loop
     vertex 7.8475865428e-02 9.6000000000e-02 -1.4117334345e-04
     vertex 7.6285239359e-02 6.4000000000e-02 -3.3927138367e-04
     vertex 7.6285239359e-02 9.6000000000e-02 -3.3927138367e-04
   endloop
 endfacet
 facet normal  8.7069096326e-02 -2.3886591223e-20 -9.9620227487e-01
   outer loop
     vertex 7.6285239359e-02 6.4000000000e-02 -3.3927138367e-04
     vertex 7.3201671531e-02 6.4000000000e-02 -6.0877836134e-04
     vertex 7.6285239359e-02 9.6000000000e-02 -3.3927138367e-04
   endloop
 endfacet
 facet normal  8.7069096326e-02 0.0000000000e+00 -9.9620227487e-01
   outer loop
     vertex 7.6285239359e-02 9.6000000000e-02 -3.3927138367e-04
     vertex 7.3201671531e-02 6.4000000000e-02 -6.0877836134e-04
     vertex 7.3201671531e-02 9.6000000000e-02 -6.0877836134e-04
   endloop
 endfacet
 facet normal  8.3090167181e-02 7.3662440909e-19 -9.9654203329e-01
   outer loop
     vertex 7.3201671531e-02 6.4000000000e-02 -6.0877836134e-04
     vertex 6.8986322416e-02 6.4000000000e-02 -9.6024779359e-04
     vertex 7.3201671531e-02 9.6000000000e-02 -6.0877836134e-04
   endloop
 endfacet
 facet normal  8.3090167181e-02 0.0000000000e+00 -9.9654203329e-01
   outer loop
     vertex 7.3201671531e-02 9.6000000000e-02 -6.0877836134e-04
     vertex 6.8986322416e-02 6.4000000000e-02 -9.6024779359e-04
     vertex 6.8986322416e-02 9.6000000000e-02 -9.6024779359e-04
   endloop
 endfacet
 facet normal  7.7923127975e-02 8.0287385039e-19 -9.9695937035e-01
   outer loop
     vertex 6.8986322416e-02 6.4000000000e-02 -9.6024779359e-04
     vertex 6.3448579355e-02 6.4000000000e-02 -1.3930821438e-03
     vertex 6.8986322416e-02 9.6000000000e-02 -9.6024779359e-04
   endloop
 endfacet
 facet normal  7.7923127975e-02 0.0000000000e+00 -9.9695937035e-01
   outer loop
     vertex 6.8986322416e-02 9.6000000000e-02 -9.6024779359e-04
     vertex 6.3448579355e-02 6.4000000000e-02 -1.3930821438e-03
     vertex 6.3448579355e-02 9.6000000000e-02 -1.3930821438e-03
   endloop
 endfacet
 facet normal  7.1196435771e-02 -4.0813885657e-19 -9.9746231384e-01
   outer loop
     vertex 6.3448579355e-02 6.4000000000e-02 -1.3930821438e-03
     vertex 5.6541857219e-02 6.4000000000e-02 -1.8860671841e-03
     vertex 6.3448579355e-02 9.6000000000e-02 -1.3930821438e-03
   endloop
 endfacet
 facet normal  7.1196435771e-02 0.0000000000e+00 -9.9746231384e-01
   outer loop
     vertex 6.3448579355e-02 9.6000000000e-02 -1.3930821438e-03
     vertex 5.6541857219e-02 6.4000000000e-02 -1.8860671841e-03
     vertex 5.6541857219e-02 9.6000000000e-02 -1.8860671841e-03
   endloop
 endfacet
 facet normal  6.2275339092e-02 1.2116990579e-18 -9.9805900734e-01
   outer loop
     vertex 5.6541857219e-02 6.4000000000e-02 -1.8860671841e-03
     vertex 4.8464714625e-02 6.4000000000e-02 -2.3900522092e-03
     vertex 5.6541857219e-02 9.6000000000e-02 -1.8860671841e-03
   endloop
 endfacet
 facet normal  6.2275339092e-02 0.0000000000e+00 -9.9805900734e-01
   outer loop
     vertex 5.6541857219e-02 9.6000000000e-02 -1.8860671841e-03
     vertex 4.8464714625e-02 6.4000000000e-02 -2.3900522092e-03
     vertex 4.8464714625e-02 9.6000000000e-02 -2.3900522092e-03
   endloop
 endfacet
 facet normal  5.0047428966e-02 -2.0083958379e-19 -9.9874684222e-01
   outer loop
     vertex 4.8464714625e-02 6.4000000000e-02 -2.3900522092e-03
     vertex 3.9700001194e-02 6.4000000000e-02 -2.8292539712e-03
     vertex 4.8464714625e-02 9.6000000000e-02 -2.3900522092e-03
   endloop
 endfacet
 facet normal  5.0047428966e-02 0.0000000000e+00 -9.9874684222e-01
   outer loop
     vertex 4.8464714625e-02 9.6000000000e-02 -2.3900522092e-03
     vertex 3.9700001194e-02 6.4000000000e-02 -2.8292539712e-03
     vertex 3.9700001194e-02 9.6000000000e-02 -2.8292539712e-03
   endloop
 endfacet
 facet normal  3.3019444726e-02 -3.2947975798e-19 -9.9945470946e-01
   outer loop
     vertex 3.9700001194e-02 6.4000000000e-02 -2.8292539712e-03
     vertex 3.0929136874e-02 9.6000000000e-02 -3.1190210480e-03
     vertex 3.9700001194e-02 9.6000000000e-02 -2.8292539712e-03
   endloop
 endfacet
 facet normal  3.3019444726e-02 0.0000000000e+00 -9.9945470946e-01
   outer loop
     vertex 3.9700001194e-02 6.4000000000e-02 -2.8292539712e-03
     vertex 3.0929136874e-02 6.4000000000e-02 -3.1190210480e-03
     vertex 3.0929136874e-02 9.6000000000e-02 -3.1190210480e-03
   endloop
 endfacet
 facet normal  9.8065175776e-03 -1.4076923359e-19 -9.9995191495e-01
   outer loop
     vertex 3.0929136874e-02 6.4000000000e-02 -3.1190210480e-03
     vertex 2.2836864089e-02 9.6000000000e-02 -3.1983818794e-03
     vertex 3.0929136874e-02 9.6000000000e-02 -3.1190210480e-03
   endloop
 endfacet
 facet normal  9.8065175776e-03 0.0000000000e+00 -9.9995191495e-01
   outer loop
     vertex 3.0929136874e-02 6.4000000000e-02 -3.1190210480e-03
     vertex 2.2836864089e-02 6.4000000000e-02 -3.1983818794e-03
     vertex 2.2836864089e-02 9.6000000000e-02 -3.1983818794e-03
   endloop
 endfacet
 facet normal  -2.0547311627e-02 1.5456856163e-19 -9.9978888171e-01
   outer loop
     vertex 2.2836864089e-02 6.4000000000e-02 -3.1983818794e-03
     vertex 1.5914345335e-02 9.6000000000e-02 -3.0561126937e-03
     vertex 2.2836864089e-02 9.6000000000e-02 -3.1983818794e-03
   endloop
 endfacet
 facet normal  -2.0547311627e-02 0.0000000000e+00 -9.9978888171e-01
   outer loop
     vertex 2.2836864089e-02 6.4000000000e-02 -3.1983818794e-03
     vertex 1.5914345335e-02 6.4000000000e-02 -3.0561126937e-03
     vertex 1.5914345335e-02 9.6000000000e-02 -3.0561126937e-03
   endloop
 endfacet
 facet normal  -5.9204216770e-02 -3.6258229426e-19 -9.9824589191e-01
   outer loop
     vertex 1.5914345335e-02 6.4000000000e-02 -3.0561126937e-03
     vertex 1.0369869553e-02 9.6000000000e-02 -2.7272795388e-03
     vertex 1.5914345335e-02 9.6000000000e-02 -3.0561126937e-03
   endloop
 endfacet
 facet normal  -5.9204216770e-02 0.0000000000e+00 -9.9824589191e-01
   outer loop
     vertex 1.5914345335e-02 6.4000000000e-02 -3.0561126937e-03
     vertex 1.0369869553e-02 6.4000000000e-02 -2.7272795388e-03
     vertex 1.0369869553e-02 9.6000000000e-02 -2.7272795388e-03
   endloop
 endfacet
 facet normal  -1.0936373154e-01 2.3623749907e-19 -9.9400179790e-01
   outer loop
     vertex 1.0369869553e-02 6.4000000000e-02 -2.7272795388e-03
     vertex 6.1658338674e-03 9.6000000000e-02 -2.2647360795e-03
     vertex 1.0369869553e-02 9.6000000000e-02 -2.7272795388e-03
   endloop
 endfacet
 facet normal  -1.0936373154e-01 0.0000000000e+00 -9.9400179790e-01
   outer loop
     vertex 1.0369869553e-02 6.4000000000e-02 -2.7272795388e-03
     vertex 6.1658338674e-03 6.4000000000e-02 -2.2647360795e-03
     vertex 6.1658338674e-03 9.6000000000e-02 -2.2647360795e-03
   endloop
 endfacet
 facet normal  -1.8086761588e-01 4.2161093665e-19 -9.8350745067e-01
   outer loop
     vertex 6.1658338674e-03 6.4000000000e-02 -2.2647360795e-03
     vertex 3.1225837014e-03 9.6000000000e-02 -1.7050805307e-03
     vertex 6.1658338674e-03 9.6000000000e-02 -2.2647360795e-03
   endloop
 endfacet
 facet normal  -1.8086761588e-01 0.0000000000e+00 -9.8350745067e-01
   outer loop
     vertex 6.1658338674e-03 6.4000000000e-02 -2.2647360795e-03
     vertex 3.1225837014e-03 6.4000000000e-02 -1.7050805307e-03
     vertex 3.1225837014e-03 9.6000000000e-02 -1.7050805307e-03
   endloop
 endfacet
 facet normal  -3.0805827929e-01 3.0831860444e-19 -9.5136748765e-01
   outer loop
     vertex 3.1225837014e-03 6.4000000000e-02 -1.7050805307e-03
     vertex 1.0332546715e-03 9.6000000000e-02 -1.0285437411e-03
     vertex 3.1225837014e-03 9.6000000000e-02 -1.7050805307e-03
   endloop
 endfacet
 facet normal  -3.0805827929e-01 0.0000000000e+00 -9.5136748765e-01
   outer loop
     vertex 3.1225837014e-03 6.4000000000e-02 -1.7050805307e-03
     vertex 1.0332546715e-03 6.4000000000e-02 -1.0285437411e-03
     vertex 1.0332546715e-03 9.6000000000e-02 -1.0285437411e-03
   endloop
 endfacet
 facet normal  -7.0548929631e-01 1.0795143091e-18 -7.0872057455e-01
   outer loop
     vertex 1.0332546715e-03 6.4000000000e-02 -1.0285437411e-03
     vertex 0.0000000000e+00 9.6000000000e-02 0.0000000000e+00
     vertex 1.0332546715e-03 9.6000000000e-02 -1.0285437411e-03
   endloop
 endfacet
 facet normal  -7.0548929631e-01 0.0000000000e+00 -7.0872057455e-01
   outer loop
     vertex 1.0332546715e-03 6.4000000000e-02 -1.0285437411e-03
     vertex 0.0000000000e+00 6.4000000000e-02 0.0000000000e+00
     vertex 0.0000000000e+00 9.6000000000e-02 0.0000000000e+00
   endloop
 endfacet
 facet normal  -7.0548929631e-01 1.6824251773e-18 7.0872057455e-01
   outer loop
     vertex 0.0000000000e+00 6.4000000000e-02 0.0000000000e+00
     vertex 1.0332546715e-03 6.4000000000e-02 1.0285437411e-03
     vertex 0.0000000000e+00 9.6000000000e-02 0.0000000000e+00
   endloop
 endfacet
 facet normal  -7.0548929631e-01 0.0000000000e+00 7.0872057455e-01
   outer loop
     vertex 0.0000000000e+00 9.6000000000e-02 0.0000000000e+00
     vertex 1.0332546715e-03 6.4000000000e-02 1.0285437411e-03
     vertex 1.0332546715e-03 9.6000000000e-02 1.0285437411e-03
   endloop
 endfacet
 facet normal  -3.0805827929e-01 8.9039655104e-19 9.5136748765e-01
   outer loop
     vertex 1.0332546715e-03 6.4000000000e-02 1.0285437411e-03
     vertex 3.1225837014e-03 6.4000000000e-02 1.7050805307e-03
     vertex 1.0332546715e-03 9.6000000000e-02 1.0285437411e-03
   endloop
 endfacet
 facet normal  -3.0805827929e-01 0.0000000000e+00 9.5136748765e-01
   outer loop
     vertex 1.0332546715e-03 9.6000000000e-02 1.0285437411e-03
     vertex 3.1225837014e-03 6.4000000000e-02 1.7050805307e-03
     vertex 3.1225837014e-03 9.6000000000e-02 1.7050805307e-03
   endloop
 endfacet
 facet normal  -1.8086761588e-01 -7.1293991859e-19 9.8350745067e-01
   outer loop
     vertex 3.1225837014e-03 6.4000000000e-02 1.7050805307e-03
     vertex 6.1658338674e-03 6.4000000000e-02 2.2647360795e-03
     vertex 3.1225837014e-03 9.6000000000e-02 1.7050805307e-03
   endloop
 endfacet
 facet normal  -1.8086761588e-01 0.0000000000e+00 9.8350745067e-01
   outer loop
     vertex 3.1225837014e-03 9.6000000000e-02 1.7050805307e-03
     vertex 6.1658338674e-03 6.4000000000e-02 2.2647360795e-03
     vertex 6.1658338674e-03 9.6000000000e-02 2.2647360795e-03
   endloop
 endfacet
 facet normal  -1.0936373154e-01 3.5261690567e-19 9.9400179790e-01
   outer loop
     vertex 6.1658338674e-03 6.4000000000e-02 2.2647360795e-03
     vertex 1.0369869553e-02 6.4000000000e-02 2.7272795388e-03
     vertex 6.1658338674e-03 9.6000000000e-02 2.2647360795e-03
   endloop
 endfacet
 facet normal  -1.0936373154e-01 0.0000000000e+00 9.9400179790e-01
   outer loop
     vertex 6.1658338674e-03 9.6000000000e-02 2.2647360795e-03
     vertex 1.0369869553e-02 6.4000000000e-02 2.7272795388e-03
     vertex 1.0369869553e-02 9.6000000000e-02 2.7272795388e-03
   endloop
 endfacet
 facet normal  -5.9204216770e-02 4.9830919264e-19 9.9824589191e-01
   outer loop
     vertex 1.0369869553e-02 6.4000000000e-02 2.7272795388e-03
     vertex 1.5914345335e-02 6.4000000000e-02 3.0561126937e-03
     vertex 1.0369869553e-02 9.6000000000e-02 2.7272795388e-03
   endloop
 endfacet
 facet normal  -5.9204216770e-02 0.0000000000e+00 9.9824589191e-01
   outer loop
     vertex 1.0369869553e-02 9.6000000000e-02 2.7272795388e-03
     vertex 1.5914345335e-02 6.4000000000e-02 3.0561126937e-03
     vertex 1.5914345335e-02 9.6000000000e-02 3.0561126937e-03
   endloop
 endfacet
 facet normal  -2.0547311627e-02 -1.4770166753e-19 9.9978888171e-01
   outer loop
     vertex 1.5914345335e-02 6.4000000000e-02 3.0561126937e-03
     vertex 2.2836864089e-02 6.4000000000e-02 3.1983818794e-03
     vertex 1.5914345335e-02 9.6000000000e-02 3.0561126937e-03
   endloop
 endfacet
 facet normal  -2.0547311627e-02 0.0000000000e+00 9.9978888171e-01
   outer loop
     vertex 1.5914345335e-02 9.6000000000e-02 3.0561126937e-03
     vertex 2.2836864089e-02 6.4000000000e-02 3.1983818794e-03
     vertex 2.2836864089e-02 9.6000000000e-02 3.1983818794e-03
   endloop
 endfacet
 facet normal  9.8065175776e-03 1.6706050010e-19 9.9995191495e-01
   outer loop
     vertex 2.2836864089e-02 6.4000000000e-02 3.1983818794e-03
     vertex 3.0929136874e-02 6.4000000000e-02 3.1190210480e-03
     vertex 2.2836864089e-02 9.6000000000e-02 3.1983818794e-03
   endloop
 endfacet
 facet normal  9.8065175776e-03 -0.0000000000e+00 9.9995191495e-01
   outer loop
     vertex 2.2836864089e-02 9.6000000000e-02 3.1983818794e-03
     vertex 3.0929136874e-02 6.4000000000e-02 3.1190210480e-03
     vertex 3.0929136874e-02 9.6000000000e-02 3.1190210480e-03
   endloop
 endfacet
 facet normal  3.3019444726e-02 -4.6010186496e-19 9.9945470946e-01
   outer loop
     vertex 3.0929136874e-02 6.4000000000e-02 3.1190210480e-03
     vertex 3.9700001194e-02 6.4000000000e-02 2.8292539712e-03
     vertex 3.0929136874e-02 9.6000000000e-02 3.1190210480e-03
   endloop
 endfacet
 facet normal  3.3019444726e-02 -0.0000000000e+00 9.9945470946e-01
   outer loop
     vertex 3.0929136874e-02 9.6000000000e-02 3.1190210480e-03
     vertex 3.9700001194e-02 6.4000000000e-02 2.8292539712e-03
     vertex 3.9700001194e-02 9.6000000000e-02 2.8292539712e-03
   endloop
 endfacet
 facet normal  5.0047428966e-02 9.7313470260e-19 9.9874684222e-01
   outer loop
     vertex 3.9700001194e-02 6.4000000000e-02 2.8292539712e-03
     vertex 4.8464714625e-02 9.6000000000e-02 2.3900522092e-03
     vertex 3.9700001194e-02 9.6000000000e-02 2.8292539712e-03
   endloop
 endfacet
 facet normal  5.0047428966e-02 -0.0000000000e+00 9.9874684222e-01
   outer loop
     vertex 3.9700001194e-02 6.4000000000e-02 2.8292539712e-03
     vertex 4.8464714625e-02 6.4000000000e-02 2.3900522092e-03
     vertex 4.8464714625e-02 9.6000000000e-02 2.3900522092e-03
   endloop
 endfacet
 facet normal  6.2275339092e-02 3.9839962899e-19 9.9805900734e-01
   outer loop
     vertex 4.8464714625e-02 6.4000000000e-02 2.3900522092e-03
     vertex 5.6541857219e-02 9.6000000000e-02 1.8860671841e-03
     vertex 4.8464714625e-02 9.6000000000e-02 2.3900522092e-03
   endloop
 endfacet
 facet normal  6.2275339092e-02 -0.0000000000e+00 9.9805900734e-01
   outer loop
     vertex 4.8464714625e-02 6.4000000000e-02 2.3900522092e-03
     vertex 5.6541857219e-02 6.4000000000e-02 1.8860671841e-03
     vertex 5.6541857219e-02 9.6000000000e-02 1.8860671841e-03
   endloop
 endfacet
 facet normal  7.1196435771e-02 8.9644567545e-19 9.9746231384e-01
   outer loop
     vertex 5.6541857219e-02 6.4000000000e-02 1.8860671841e-03
     vertex 6.3448579355e-02 9.6000000000e-02 1.3930821438e-03
     vertex 5.6541857219e-02 9.6000000000e-02 1.8860671841e-03
   endloop
 endfacet
 facet normal  7.1196435771e-02 -0.0000000000e+00 9.9746231384e-01
   outer loop
     vertex 5.6541857219e-02 6.4000000000e-02 1.8860671841e-03
     vertex 6.3448579355e-02 6.4000000000e-02 1.3930821438e-03
     vertex 6.3448579355e-02 9.6000000000e-02 1.3930821438e-03
   endloop
 endfacet
 facet normal  7.7923127975e-02 7.9506516547e-19 9.9695937035e-01
   outer loop
     vertex 6.3448579355e-02 6.4000000000e-02 1.3930821438e-03
     vertex 6.8986322416e-02 9.6000000000e-02 9.6024779359e-04
     vertex 6.3448579355e-02 9.6000000000e-02 1.3930821438e-03
   endloop
 endfacet
 facet normal  7.7923127975e-02 -0.0000000000e+00 9.9695937035e-01
   outer loop
     vertex 6.3448579355e-02 6.4000000000e-02 1.3930821438e-03
     vertex 6.8986322416e-02 6.4000000000e-02 9.6024779359e-04
     vertex 6.8986322416e-02 9.6000000000e-02 9.6024779359e-04
   endloop
 endfacet
 facet normal  8.3090167181e-02 -6.6674040685e-19 9.9654203329e-01
   outer loop
     vertex 6.8986322416e-02 6.4000000000e-02 9.6024779359e-04
     vertex 7.3201671531e-02 9.6000000000e-02 6.0877836134e-04
     vertex 6.8986322416e-02 9.6000000000e-02 9.6024779359e-04
   endloop
 endfacet
 facet normal  8.3090167181e-02 -0.0000000000e+00 9.9654203329e-01
   outer loop
     vertex 6.8986322416e-02 6.4000000000e-02 9.6024779359e-04
     vertex 7.3201671531e-02 6.4000000000e-02 6.0877836134e-04
     vertex 7.3201671531e-02 9.6000000000e-02 6.0877836134e-04
   endloop
 endfacet
 facet normal  8.7069096326e-02 1.6985699294e-19 9.9620227487e-01
   outer loop
     vertex 7.3201671531e-02 6.4000000000e-02 6.0877836134e-04
     vertex 7.6285239359e-02 9.6000000000e-02 3.3927138367e-04
     vertex 7.3201671531e-02 9.6000000000e-02 6.0877836134e-04
   endloop
 endfacet
 facet normal  8.7069096326e-02 -0.0000000000e+00 9.9620227487e-01
   outer loop
     vertex 7.3201671531e-02 6.4000000000e-02 6.0877836134e-04
     vertex 7.6285239359e-02 6.4000000000e-02 3.3927138367e-04
     vertex 7.6285239359e-02 9.6000000000e-02 3.3927138367e-04
   endloop
 endfacet
 facet normal  9.0062378798e-02 -1.6326285693e-19 9.9593612643e-01
   outer loop
     vertex 7.6285239359e-02 6.4000000000e-02 3.3927138367e-04
     vertex 7.8475865428e-02 9.6000000000e-02 1.4117334345e-04
     vertex 7.6285239359e-02 9.6000000000e-02 3.3927138367e-04
   endloop
 endfacet
 facet normal  9.0062378798e-02 -0.0000000000e+00 9.9593612643e-01
   outer loop
     vertex 7.6285239359e-02 6.4000000000e-02 3.3927138367e-04
     vertex 7.8475865428e-02 6.4000000000e-02 1.4117334345e-04
     vertex 7.8475865428e-02 9.6000000000e-02 1.4117334345e-04
   endloop
 endfacet
 facet normal  9.2230450802e-02 2.5576475031e-19 9.9573768832e-01
   outer loop
     vertex 7.8475865428e-02 6.4000000000e-02 1.4117334345e-04
     vertex 8.0000000000e-02 9.6000000000e-02 0.0000000000e+00
     vertex 7.8475865428e-02 9.6000000000e-02 1.4117334345e-04
   endloop
 endfacet
 facet normal  9.2230450802e-02 -0.0000000000e+00 9.9573768832e-01
   outer loop
     vertex 7.8475865428e-02 6.4000000000e-02 1.4117334345e-04
     vertex 8.0000000000e-02 6.4000000000e-02 0.0000000000e+00
     vertex 8.0000000000e-02 9.6000000000e-02 0.0000000000e+00
   endloop
 endfacet
 facet normal  9.2230450802e-02 1.8710750417e-19 -9.9573768832e-01
   outer loop
     vertex 8.0000000000e-02 9.6000000000e-02 0.0000000000e+00
     vertex 7.8475865428e-02 1.2800000000e-01 -1.4117334345e-04
     vertex 8.0000000000e-02 1.2800000000e-01 0.0000000000e+00
   endloop
 endfacet
 facet normal  9.2230450802e-02 0.0000000000e+00 -9.9573768832e-01
   outer loop
     vertex 8.0000000000e-02 9.6000000000e-02 0.0000000000e+00
     vertex 7.8475865428e-02 9.6000000000e-02 -1.4117334345e-04
     vertex 7.8475865428e-02 1.2800000000e-01 -1.4117334345e-04
   endloop
 endfacet
 facet normal  9.0062378798e-02 -1.6988984599e-19 -9.9593612643e-01
   outer loop
     vertex 7.8475865428e-02 9.6000000000e-02 -1.4117334345e-04
     vertex 7.6285239359e-02 1.2800000000e-01 -3.3927138367e-04
     vertex 7.8475865428e-02 1.2800000000e-01 -1.4117334345e-04
   endloop
 endfacet
 facet normal  9.0062378798e-02 0.0000000000e+00 -9.9593612643e-01
   outer loop
     vertex 7.8475865428e-02 9.6000000000e-02 -1.4117334345e-04
     vertex 7.6285239359e-02 9.6000000000e-02 -3.3927138367e-04
     vertex 7.6285239359e-02 1.2800000000e-01 -3.3927138367e-04
   endloop
 endfacet
 facet normal  8.7069096326e-02 -2.3886591223e-20 -9.9620227487e-01
   outer loop
     vertex 7.6285239359e-02 9.6000000000e-02 -3.3927138367e-04
     vertex 7.3201671531e-02 1.2800000000e-01 -6.0877836134e-04
     vertex 7.6285239359e-02 1.2800000000e-01 -3.3927138367e-04
   endloop
 endfacet
 facet normal  8.7069096326e-02 0.0000000000e+00 -9.9620227487e-01
   outer loop
     vertex 7.6285239359e-02 9.6000000000e-02 -3.3927138367e-04
     vertex 7.3201671531e-02 9.6000000000e-02 -6.0877836134e-04
     vertex 7.3201671531e-02 1.2800000000e-01 -6.0877836134e-04
   endloop
 endfacet
 facet normal  8.3090167181e-02 7.3662440909e-19 -9.9654203329e-01
   outer loop
     vertex 7.3201671531e-02 9.6000000000e-02 -6.0877836134e-04
     vertex 6.8986322416e-02 1.2800000000e-01 -9.6024779359e-04
     vertex 7.3201671531e-02 1.2800000000e-01 -6.0877836134e-04
   endloop
 endfacet
 facet normal  8.3090167181e-02 0.0000000000e+00 -9.9654203329e-01
   outer loop
     vertex 7.3201671531e-02 9.6000000000e-02 -6.0877836134e-04
     vertex 6.8986322416e-02 9.6000000000e-02 -9.6024779359e-04
     vertex 6.8986322416e-02 1.2800000000e-01 -9.6024779359e-04
   endloop
 endfacet
 facet normal  7.7923127975e-02 8.0287385039e-19 -9.9695937035e-01
   outer loop
     vertex 6.8986322416e-02 9.6000000000e-02 -9.6024779359e-04
     vertex 6.3448579355e-02 1.2800000000e-01 -1.3930821438e-03
     vertex 6.8986322416e-02 1.2800000000e-01 -9.6024779359e-04
   endloop
 endfacet
 facet normal  7.7923127975e-02 0.0000000000e+00 -9.9695937035e-01
   outer loop
     vertex 6.8986322416e-02 9.6000000000e-02 -9.6024779359e-04
     vertex 6.3448579355e-02 9.6000000000e-02 -1.3930821438e-03
     vertex 6.3448579355e-02 1.2800000000e-01 -1.3930821438e-03
   endloop
 endfacet
 facet normal  7.1196435771e-02 -4.0813885657e-19 -9.9746231384e-01
   outer loop
     vertex 6.3448579355e-02 9.6000000000e-02 -1.3930821438e-03
     vertex 5.6541857219e-02 1.2800000000e-01 -1.8860671841e-03
     vertex 6.3448579355e-02 1.2800000000e-01 -1.3930821438e-03
   endloop
 endfacet
 facet normal  7.1196435771e-02 0.0000000000e+00 -9.9746231384e-01
   outer loop
     vertex 6.3448579355e-02 9.6000000000e-02 -1.3930821438e-03
     vertex 5.6541857219e-02 9.6000000000e-02 -1.8860671841e-03
     vertex 5.6541857219e-02 1.2800000000e-01 -1.8860671841e-03
   endloop
 endfacet
 facet normal  6.2275339092e-02 1.2116990579e-18 -9.9805900734e-01
   outer loop
     vertex 5.6541857219e-02 9.6000000000e-02 -1.8860671841e-03
     vertex 4.8464714625e-02 1.2800000000e-01 -2.3900522092e-03
     vertex 5.6541857219e-02 1.2800000000e-01 -1.8860671841e-03
   endloop
 endfacet
 facet normal  6.2275339092e-02 0.0000000000e+00 -9.9805900734e-01
   outer loop
     vertex 5.6541857219e-02 9.6000000000e-02 -1.8860671841e-03
     vertex 4.8464714625e-02 9.6000000000e-02 -2.3900522092e-03
     vertex 4.8464714625e-02 1.2800000000e-01 -2.3900522092e-03
   endloop
 endfacet
 facet normal  5.0047428966e-02 -2.0083958379e-19 -9.9874684222e-01
   outer loop
     vertex 4.8464714625e-02 9.6000000000e-02 -2.3900522092e-03
     vertex 3.9700001194e-02 1.2800000000e-01 -2.8292539712e-03
     vertex 4.8464714625e-02 1.2800000000e-01 -2.3900522092e-03
   endloop
 endfacet
 facet normal  5.0047428966e-02 0.0000000000e+00 -9.9874684222e-01
   outer loop
     vertex 4.8464714625e-02 9.6000000000e-02 -2.3900522092e-03
     vertex 3.9700001194e-02 9.6000000000e-02 -2.8292539712e-03
     vertex 3.9700001194e-02 1.2800000000e-01 -2.8292539712e-03
   endloop
 endfacet
 facet normal  3.3019444726e-02 -3.2947975798e-19 -9.9945470946e-01
   outer loop
     vertex 3.9700001194e-02 9.6000000000e-02 -2.8292539712e-03
     vertex 3.0929136874e-02 9.6000000000e-02 -3.1190210480e-03
     vertex 3.9700001194e-02 1.2800000000e-01 -2.8292539712e-03
   endloop
 endfacet
 facet normal  3.3019444726e-02 0.0000000000e+00 -9.9945470946e-01
   outer loop
     vertex 3.9700001194e-02 1.2800000000e-01 -2.8292539712e-03
     vertex 3.0929136874e-02 9.6000000000e-02 -3.1190210480e-03
     vertex 3.0929136874e-02 1.2800000000e-01 -3.1190210480e-03
   endloop
 endfacet
 facet normal  9.8065175776e-03 -1.4076923359e-19 -9.9995191495e-01
   outer loop
     vertex 3.0929136874e-02 9.6000000000e-02 -3.1190210480e-03
     vertex 2.2836864089e-02 9.6000000000e-02 -3.1983818794e-03
     vertex 3.0929136874e-02 1.2800000000e-01 -3.1190210480e-03
   endloop
 endfacet
 facet normal  9.8065175776e-03 0.0000000000e+00 -9.9995191495e-01
   outer loop
     vertex 3.0929136874e-02 1.2800000000e-01 -3.1190210480e-03
     vertex 2.2836864089e-02 9.6000000000e-02 -3.1983818794e-03
     vertex 2.2836864089e-02 1.2800000000e-01 -3.1983818794e-03
   endloop
 endfacet
 facet normal  -2.0547311627e-02 1.5456856163e-19 -9.9978888171e-01
   outer loop
     vertex 2.2836864089e-02 9.6000000000e-02 -3.1983818794e-03
     vertex 1.5914345335e-02 9.6000000000e-02 -3.0561126937e-03
     vertex 2.2836864089e-02 1.2800000000e-01 -3.1983818794e-03
   endloop
 endfacet
 facet normal  -2.0547311627e-02 0.0000000000e+00 -9.9978888171e-01
   outer loop
     vertex 2.2836864089e-02 1.2800000000e-01 -3.1983818794e-03
     vertex 1.5914345335e-02 9.6000000000e-02 -3.0561126937e-03
     vertex 1.5914345335e-02 1.2800000000e-01 -3.0561126937e-03
   endloop
 endfacet
 facet normal  -5.9204216770e-02 -3.6258229426e-19 -9.9824589191e-01
   outer loop
     vertex 1.5914345335e-02 9.6000000000e-02 -3.0561126937e-03
     vertex 1.0369869553e-02 9.6000000000e-02 -2.7272795388e-03
     vertex 1.5914345335e-02 1.2800000000e-01 -3.0561126937e-03
   endloop
 endfacet
 facet normal  -5.9204216770e-02 0.0000000000e+00 -9.9824589191e-01
   outer loop
     vertex 1.5914345335e-02 1.2800000000e-01 -3.0561126937e-03
     vertex 1.0369869553e-02 9.6000000000e-02 -2.7272795388e-03
     vertex 1.0369869553e-02 1.2800000000e-01 -2.7272795388e-03
   endloop
 endfacet
 facet normal  -1.0936373154e-01 2.3623749907e-19 -9.9400179790e-01
   outer loop
     vertex 1.0369869553e-02 9.6000000000e-02 -2.7272795388e-03
     vertex 6.1658338674e-03 9.6000000000e-02 -2.2647360795e-03
     vertex 1.0369869553e-02 1.2800000000e-01 -2.7272795388e-03
   endloop
 endfacet
 facet normal  -1.0936373154e-01 0.0000000000e+00 -9.9400179790e-01
   outer loop
     vertex 1.0369869553e-02 1.2800000000e-01 -2.7272795388e-03
     vertex 6.1658338674e-03 9.6000000000e-02 -2.2647360795e-03
     vertex 6.1658338674e-03 1.2800000000e-01 -2.2647360795e-03
   endloop
 endfacet
 facet normal  -1.8086761588e-01 4.2161093665e-19 -9.8350745067e-01
   outer loop
     vertex 6.1658338674e-03 9.6000000000e-02 -2.2647360795e-03
     vertex 3.1225837014e-03 9.6000000000e-02 -1.7050805307e-03
     vertex 6.1658338674e-03 1.2800000000e-01 -2.2647360795e-03
   endloop
 endfacet
 facet normal  -1.8086761588e-01 0.0000000000e+00 -9.8350745067e-01
   outer loop
     vertex 6.1658338674e-03 1.2800000000e-01 -2.2647360795e-03
     vertex 3.1225837014e-03 9.6000000000e-02 -1.7050805307e-03
     vertex 3.1225837014e-03 1.2800000000e-01 -1.7050805307e-03
   endloop
 endfacet
 facet normal  -3.0805827929e-01 3.0831860444e-19 -9.5136748765e-01
   outer loop
     vertex 3.1225837014e-03 9.6000000000e-02 -1.7050805307e-03
     vertex 1.0332546715e-03 9.6000000000e-02 -1.0285437411e-03
     vertex 3.1225837014e-03 1.2800000000e-01 -1.7050805307e-03
   endloop
 endfacet
 facet normal  -3.0805827929e-01 0.0000000000e+00 -9.5136748765e-01
   outer loop
     vertex 3.1225837014e-03 1.2800000000e-01 -1.7050805307e-03
     vertex 1.0332546715e-03 9.6000000000e-02 -1.0285437411e-03
     vertex 1.0332546715e-03 1.2800000000e-01 -1.0285437411e-03
   endloop
 endfacet
 facet normal  -7.0548929631e-01 1.0795143091e-18 -7.0872057455e-01
   outer loop
     vertex 1.0332546715e-03 9.6000000000e-02 -1.0285437411e-03
     vertex 0.0000000000e+00 9.6000000000e-02 0.0000000000e+00
     vertex 1.0332546715e-03 1.2800000000e-01 -1.0285437411e-03
   endloop
 endfacet
 facet normal  -7.0548929631e-01 0.0000000000e+00 -7.0872057455e-01
   outer loop
     vertex 1.0332546715e-03 1.2800000000e-01 -1.0285437411e-03
     vertex 0.0000000000e+00 9.6000000000e-02 0.0000000000e+00
     vertex 0.0000000000e+00 1.2800000000e-01 0.0000000000e+00
   endloop
 endfacet
 facet normal  -7.0548929631e-01 1.6824251773e-18 7.0872057455e-01
   outer loop
     vertex 0.0000000000e+00 9.6000000000e-02 0.0000000000e+00
     vertex 1.0332546715e-03 1.2800000000e-01 1.0285437411e-03
     vertex 0.0000000000e+00 1.2800000000e-01 0.0000000000e+00
   endloop
 endfacet
 facet normal  -7.0548929631e-01 0.0000000000e+00 7.0872057455e-01
   outer loop
     vertex 0.0000000000e+00 9.6000000000e-02 0.0000000000e+00
     vertex 1.0332546715e-03 9.6000000000e-02 1.0285437411e-03
     vertex 1.0332546715e-03 1.2800000000e-01 1.0285437411e-03
   endloop
 endfacet
 facet normal  -3.0805827929e-01 8.9039655104e-19 9.5136748765e-01
   outer loop
     vertex 1.0332546715e-03 9.6000000000e-02 1.0285437411e-03
     vertex 3.1225837014e-03 1.2800000000e-01 1.7050805307e-03
     vertex 1.0332546715e-03 1.2800000000e-01 1.0285437411e-03
   endloop
 endfacet
 facet normal  -3.0805827929e-01 0.0000000000e+00 9.5136748765e-01
   outer loop
     vertex 1.0332546715e-03 9.6000000000e-02 1.0285437411e-03
     vertex 3.1225837014e-03 9.6000000000e-02 1.7050805307e-03
     vertex 3.1225837014e-03 1.2800000000e-01 1.7050805307e-03
   endloop
 endfacet
 facet normal  -1.8086761588e-01 -7.1293991859e-19 9.8350745067e-01
   outer loop
     vertex 3.1225837014e-03 9.6000000000e-02 1.7050805307e-03
     vertex 6.1658338674e-03 1.2800000000e-01 2.2647360795e-03
     vertex 3.1225837014e-03 1.2800000000e-01 1.7050805307e-03
   endloop
 endfacet
 facet normal  -1.8086761588e-01 0.0000000000e+00 9.8350745067e-01
   outer loop
     vertex 3.1225837014e-03 9.6000000000e-02 1.7050805307e-03
     vertex 6.1658338674e-03 9.6000000000e-02 2.2647360795e-03
     vertex 6.1658338674e-03 1.2800000000e-01 2.2647360795e-03
   endloop
 endfacet
 facet normal  -1.0936373154e-01 3.5261690567e-19 9.9400179790e-01
   outer loop
     vertex 6.1658338674e-03 9.6000000000e-02 2.2647360795e-03
     vertex 1.0369869553e-02 1.2800000000e-01 2.7272795388e-03
     vertex 6.1658338674e-03 1.2800000000e-01 2.2647360795e-03
   endloop
 endfacet
 facet normal  -1.0936373154e-01 0.0000000000e+00 9.9400179790e-01
   outer loop
     vertex 6.1658338674e-03 9.6000000000e-02 2.2647360795e-03
     vertex 1.0369869553e-02 9.6000000000e-02 2.7272795388e-03
     vertex 1.0369869553e-02 1.2800000000e-01 2.7272795388e-03
   endloop
 endfacet
 facet normal  -5.9204216770e-02 4.9830919264e-19 9.9824589191e-01
   outer loop
     vertex 1.0369869553e-02 9.6000000000e-02 2.7272795388e-03
     vertex 1.5914345335e-02 1.2800000000e-01 3.0561126937e-03
     vertex 1.0369869553e-02 1.2800000000e-01 2.7272795388e-03
   endloop
 endfacet
 facet normal  -5.9204216770e-02 0.0000000000e+00 9.9824589191e-01
   outer loop
     vertex 1.0369869553e-02 9.6000000000e-02 2.7272795388e-03
     vertex 1.5914345335e-02 9.6000000000e-02 3.0561126937e-03
     vertex 1.5914345335e-02 1.2800000000e-01 3.0561126937e-03
   endloop
 endfacet
 facet normal  -2.0547311627e-02 -1.4770166753e-19 9.9978888171e-01
   outer loop
     vertex 1.5914345335e-02 9.6000000000e-02 3.0561126937e-03
     vertex 2.2836864089e-02 1.2800000000e-01 3.1983818794e-03
     vertex 1.5914345335e-02 1.2800000000e-01 3.0561126937e-03
   endloop
 endfacet
 facet normal  -2.0547311627e-02 0.0000000000e+00 9.9978888171e-01
   outer loop
     vertex 1.5914345335e-02 9.6000000000e-02 3.0561126937e-03
     vertex 2.2836864089e-02 9.6000000000e-02 3.1983818794e-03
     vertex 2.2836864089e-02 1.2800000000e-01 3.1983818794e-03
   endloop
 endfacet
 facet normal  9.8065175776e-03 1.6706050010e-19 9.9995191495e-01
   outer loop
     vertex 2.2836864089e-02 9.6000000000e-02 3.1983818794e-03
     vertex 3.0929136874e-02 1.2800000000e-01 3.1190210480e-03
     vertex 2.2836864089e-02 1.2800000000e-01 3.1983818794e-03
   endloop
 endfacet
 facet normal  9.8065175776e-03 -0.0000000000e+00 9.9995191495e-01
   outer loop
     vertex 2.2836864089e-02 9.6000000000e-02 3.1983818794e-03
     vertex 3.0929136874e-02 9.6000000000e-02 3.1190210480e-03
     vertex 3.0929136874e-02 1.2800000000e-01 3.1190210480e-03
   endloop
 endfacet
 facet normal  3.3019444726e-02 -4.6010186496e-19 9.9945470946e-01
   outer loop
     vertex 3.0929136874e-02 9.6000000000e-02 3.1190210480e-03
     vertex 3.9700001194e-02 1.2800000000e-01 2.8292539712e-03
     vertex 3.0929136874e-02 1.2800000000e-01 3.1190210480e-03
   endloop
 endfacet
 facet normal  3.3019444726e-02 -0.0000000000e+00 9.9945470946e-01
   outer loop
     vertex 3.0929136874e-02 9.6000000000e-02 3.1190210480e-03
     vertex 3.9700001194e-02 9.6000000000e-02 2.8292539712e-03
     vertex 3.9700001194e-02 1.2800000000e-01 2.8292539712e-03
   endloop
 endfacet
 facet normal  5.0047428966e-02 9.7313470260e-19 9.9874684222e-01
   outer loop
     vertex 3.9700001194e-02 9.6000000000e-02 2.8292539712e-03
     vertex 4.8464714625e-02 9.6000000000e-02 2.3900522092e-03
     vertex 3.9700001194e-02 1.2800000000e-01 2.8292539712e-03
   endloop
 endfacet
 facet normal  5.0047428966e-02 -1.0852306242e-17 9.9874684222e-01
   outer loop
     vertex 3.9700001194e-02 1.2800000000e-01 2.8292539712e-03
     vertex 4.8464714625e-02 9.6000000000e-02 2.3900522092e-03
     vertex 4.8464714625e-02 1.2800000000e-01 2.3900522092e-03
   endloop
 endfacet
 facet normal  6.2275339092e-02 -1.2684643859e-17 9.9805900734e-01
   outer loop
     vertex 4.8464714625e-02 9.6000000000e-02 2.3900522092e-03
     vertex 5.6541857219e-02 9.6000000000e-02 1.8860671841e-03
     vertex 4.8464714625e-02 1.2800000000e-01 2.3900522092e-03
   endloop
 endfacet
 facet normal  6.2275339092e-02 -0.0000000000e+00 9.9805900734e-01
   outer loop
     vertex 4.8464714625e-02 1.2800000000e-01 2.3900522092e-03
     vertex 5.6541857219e-02 9.6000000000e-02 1.8860671841e-03
     vertex 5.6541857219e-02 1.2800000000e-01 1.8860671841e-03
   endloop
 endfacet
 facet normal  7.1196435771e-02 8.9644567545e-19 9.9746231384e-01
   outer loop
     vertex 5.6541857219e-02 9.6000000000e-02 1.8860671841e-03
     vertex 6.3448579355e-02 9.6000000000e-02 1.3930821438e-03
     vertex 5.6541857219e-02 1.2800000000e-01 1.8860671841e-03
   endloop
 endfacet
 facet normal  7.1196435771e-02 -0.0000000000e+00 9.9746231384e-01
   outer loop
     vertex 5.6541857219e-02 1.2800000000e-01 1.8860671841e-03
     vertex 6.3448579355e-02 9.6000000000e-02 1.3930821438e-03
     vertex 6.3448579355e-02 1.2800000000e-01 1.3930821438e-03
   endloop
 endfacet
 facet normal  7.7923127975e-02 7.9506516547e-19 9.9695937035e-01
   outer loop
     vertex 6.3448579355e-02 9.6000000000e-02 1.3930821438e-03
     vertex 6.8986322416e-02 9.6000000000e-02 9.6024779359e-04
     vertex 6.3448579355e-02 1.2800000000e-01 1.3930821438e-03
   endloop
 endfacet
 facet normal  7.7923127975e-02 -3.3778297350e-18 9.9695937035e-01
   outer loop
     vertex 6.3448579355e-02 1.2800000000e-01 1.3930821438e-03
     vertex 6.8986322416e-02 9.6000000000e-02 9.6024779359e-04
     vertex 6.8986322416e-02 1.2800000000e-01 9.6024779359e-04
   endloop
 endfacet
 facet normal  8.3090167181e-02 -4.0431561489e-18 9.9654203329e-01
   outer loop
     vertex 6.8986322416e-02 9.6000000000e-02 9.6024779359e-04
     vertex 7.3201671531e-02 9.6000000000e-02 6.0877836134e-04
     vertex 6.8986322416e-02 1.2800000000e-01 9.6024779359e-04
   endloop
 endfacet
 facet normal  8.3090167181e-02 -0.0000000000e+00 9.9654203329e-01
   outer loop
     vertex 6.8986322416e-02 1.2800000000e-01 9.6024779359e-04
     vertex 7.3201671531e-02 9.6000000000e-02 6.0877836134e-04
     vertex 7.3201671531e-02 1.2800000000e-01 6.0877836134e-04
   endloop
 endfacet
 facet normal  8.7069096326e-02 1.6985699294e-19 9.9620227487e-01
   outer loop
     vertex 7.3201671531e-02 9.6000000000e-02 6.0877836134e-04
     vertex 7.6285239359e-02 9.6000000000e-02 3.3927138367e-04
     vertex 7.3201671531e-02 1.2800000000e-01 6.0877836134e-04
   endloop
 endfacet
 facet normal  8.7069096326e-02 -0.0000000000e+00 9.9620227487e-01
   outer loop
     vertex 7.3201671531e-02 1.2800000000e-01 6.0877836134e-04
     vertex 7.6285239359e-02 9.6000000000e-02 3.3927138367e-04
     vertex 7.6285239359e-02 1.2800000000e-01 3.3927138367e-04
   endloop
 endfacet
 facet normal  9.0062378798e-02 -1.6326285693e-19 9.9593612643e-01
   outer loop
     vertex 7.6285239359e-02 9.6000000000e-02 3.3927138367e-04
     vertex 7.8475865428e-02 9.6000000000e-02 1.4117334345e-04
     vertex 7.6285239359e-02 1.2800000000e-01 3.3927138367e-04
   endloop
 endfacet
 facet normal  9.0062378798e-02 -0.0000000000e+00 9.9593612643e-01
   outer loop
     vertex 7.6285239359e-02 1.2800000000e-01 3.3927138367e-04
     vertex 7.8475865428e-02 9.6000000000e-02 1.4117334345e-04
     vertex 7.8475865428e-02 1.2800000000e-01 1.4117334345e-04
   endloop
 endfacet
 facet normal  9.2230450802e-02 2.5576475031e-19 9.9573768832e-01
   outer loop
     vertex 7.8475865428e-02 9.6000000000e-02 1.4117334345e-04
     vertex 8.0000000000e-02 9.6000000000e-02 0.0000000000e+00
     vertex 7.8475865428e-02 1.2800000000e-01 1.4117334345e-04
   endloop
 endfacet
 facet normal  9.2230450802e-02 -0.0000000000e+00 9.9573768832e-01
   outer loop
     vertex 7.8475865428e-02 1.2800000000e-01 1.4117334345e-04
     vertex 8.0000000000e-02 9.6000000000e-02 0.0000000000e+00
     vertex 8.0000000000e-02 1.2800000000e-01 0.0000000000e+00
   endloop
 endfacet
 facet normal  9.2230450802e-02 1.8710750417e-19 -9.9573768832e-01
   outer loop
     vertex 8.0000000000e-02 1.2800000000e-01 0.0000000000e+00
     vertex 7.8475865428e-02 1.6000000000e-01 -1.4117334345e-04
     vertex 8.0000000000e-02 1.6000000000e-01 0.0000000000e+00
   endloop
 endfacet
 facet normal  9.2230450802e-02 0.0000000000e+00 -9.9573768832e-01
   outer loop
     vertex 8.0000000000e-02 1.2800000000e-01 0.0000000000e+00
     vertex 7.8475865428e-02 1.2800000000e-01 -1.4117334345e-04
     vertex 7.8475865428e-02 1.6000000000e-01 -1.4117334345e-04
   endloop
 endfacet
 facet normal  9.0062378798e-02 -1.6988984599e-19 -9.9593612643e-01
   outer loop
     vertex 7.8475865428e-02 1.2800000000e-01 -1.4117334345e-04
     vertex 7.6285239359e-02 1.6000000000e-01 -3.3927138367e-04
     vertex 7.8475865428e-02 1.6000000000e-01 -1.4117334345e-04
   endloop
 endfacet
 facet normal  9.0062378798e-02 0.0000000000e+00 -9.9593612643e-01
   outer loop
     vertex 7.8475865428e-02 1.2800000000e-01 -1.4117334345e-04
     vertex 7.6285239359e-02 1.2800000000e-01 -3.3927138367e-04
     vertex 7.6285239359e-02 1.6000000000e-01 -3.3927138367e-04
   endloop
 endfacet
 facet normal  8.7069096326e-02 -2.3886591223e-20 -9.9620227487e-01
   outer loop
     vertex 7.6285239359e-02 1.2800000000e-01 -3.3927138367e-04
     vertex 7.3201671531e-02 1.6000000000e-01 -6.0877836134e-04
     vertex 7.6285239359e-02 1.6000000000e-01 -3.3927138367e-04
   endloop
 endfacet
 facet normal  8.7069096326e-02 0.0000000000e+00 -9.9620227487e-01
   outer loop
     vertex 7.6285239359e-02 1.2800000000e-01 -3.3927138367e-04
     vertex 7.3201671531e-02 1.2800000000e-01 -6.0877836134e-04
     vertex 7.3201671531e-02 1.6000000000e-01 -6.0877836134e-04
   endloop
 endfacet
 facet normal  8.3090167181e-02 7.3662440909e-19 -9.9654203329e-01
   outer loop
     vertex 7.3201671531e-02 1.2800000000e-01 -6.0877836134e-04
     vertex 6.8986322416e-02 1.6000000000e-01 -9.6024779359e-04
     vertex 7.3201671531e-02 1.6000000000e-01 -6.0877836134e-04
   endloop
 endfacet
 facet normal  8.3090167181e-02 0.0000000000e+00 -9.9654203329e-01
   outer loop
     vertex 7.3201671531e-02 1.2800000000e-01 -6.0877836134e-04
     vertex 6.8986322416e-02 1.2800000000e-01 -9.6024779359e-04
     vertex 6.8986322416e-02 1.6000000000e-01 -9.6024779359e-04
   endloop
 endfacet
 facet normal  7.7923127975e-02 8.0287385039e-19 -9.9695937035e-01
   outer loop
     vertex 6.8986322416e-02 1.2800000000e-01 -9.6024779359e-04
     vertex 6.3448579355e-02 1.6000000000e-01 -1.3930821438e-03
     vertex 6.8986322416e-02 1.6000000000e-01 -9.6024779359e-04
   endloop
 endfacet
 facet normal  7.7923127975e-02 0.0000000000e+00 -9.9695937035e-01
   outer loop
     vertex 6.8986322416e-02 1.2800000000e-01 -9.6024779359e-04
     vertex 6.3448579355e-02 1.2800000000e-01 -1.3930821438e-03
     vertex 6.3448579355e-02 1.6000000000e-01 -1.3930821438e-03
   endloop
 endfacet
 facet normal  7.1196435771e-02 -4.0813885657e-19 -9.9746231384e-01
   outer loop
     vertex 6.3448579355e-02 1.2800000000e-01 -1.3930821438e-03
     vertex 5.6541857219e-02 1.6000000000e-01 -1.8860671841e-03
     vertex 6.3448579355e-02 1.6000000000e-01 -1.3930821438e-03
   endloop
 endfacet
 facet normal  7.1196435771e-02 0.0000000000e+00 -9.9746231384e-01
   outer loop
     vertex 6.3448579355e-02 1.2800000000e-01 -1.3930821438e-03
     vertex 5.6541857219e-02 1.2800000000e-01 -1.8860671841e-03
     vertex 5.6541857219e-02 1.6000000000e-01 -1.8860671841e-03
   endloop
 endfacet
 facet normal  6.2275339092e-02 1.2116990579e-18 -9.9805900734e-01
   outer loop
     vertex 5.6541857219e-02 1.2800000000e-01 -1.8860671841e-03
     vertex 4.8464714625e-02 1.6000000000e-01 -2.3900522092e-03
     vertex 5.6541857219e-02 1.6000000000e-01 -1.8860671841e-03
   endloop
 endfacet
 facet normal  6.2275339092e-02 0.0000000000e+00 -9.9805900734e-01
   outer loop
     vertex 5.6541857219e-02 1.2800000000e-01 -1.8860671841e-03
     vertex 4.8464714625e-02 1.2800000000e-01 -2.3900522092e-03
     vertex 4.8464714625e-02 1.6000000000e-01 -2.3900522092e-03
   endloop
 endfacet
 facet normal  5.0047428966e-02 -2.0083958379e-19 -9.9874684222e-01
   outer loop
     vertex 4.8464714625e-02 1.2800000000e-01 -2.3900522092e-03
     vertex 3.9700001194e-02 1.6000000000e-01 -2.8292539712e-03
     vertex 4.8464714625e-02 1.6000000000e-01 -2.3900522092e-03
   endloop
 endfacet
 facet normal  5.0047428966e-02 0.0000000000e+00 -9.9874684222e-01
   outer loop
     vertex 4.8464714625e-02 1.2800000000e-01 -2.3900522092e-03
     vertex 3.9700001194e-02 1.2800000000e-01 -2.8292539712e-03
     vertex 3.9700001194e-02 1.6000000000e-01 -2.8292539712e-03
   endloop
 endfacet
 facet normal  3.3019444726e-02 -3.2947975798e-19 -9.9945470946e-01
   outer loop
     vertex 3.9700001194e-02 1.2800000000e-01 -2.8292539712e-03
     vertex 3.0929136874e-02 1.2800000000e-01 -3.1190210480e-03
     vertex 3.9700001194e-02 1.6000000000e-01 -2.8292539712e-03
   endloop
 endfacet
 facet normal  3.3019444726e-02 0.0000000000e+00 -9.9945470946e-01
   outer loop
     vertex 3.9700001194e-02 1.6000000000e-01 -2.8292539712e-03
     vertex 3.0929136874e-02 1.2800000000e-01 -3.1190210480e-03
     vertex 3.0929136874e-02 1.6000000000e-01 -3.1190210480e-03
   endloop
 endfacet
 facet normal  9.8065175776e-03 -1.4076923359e-19 -9.9995191495e-01
   outer loop
     vertex 3.0929136874e-02 1.2800000000e-01 -3.1190210480e-03
     vertex 2.2836864089e-02 1.2800000000e-01 -3.1983818794e-03
     vertex 3.0929136874e-02 1.6000000000e-01 -3.1190210480e-03
   endloop
 endfacet
 facet normal  9.8065175776e-03 0.0000000000e+00 -9.9995191495e-01
   outer loop
     vertex 3.0929136874e-02 1.6000000000e-01 -3.1190210480e-03
     vertex 2.2836864089e-02 1.2800000000e-01 -3.1983818794e-03
     vertex 2.2836864089e-02 1.6000000000e-01 -3.1983818794e-03
   endloop
 endfacet
 facet normal  -2.0547311627e-02 1.5456856163e-19 -9.9978888171e-01
   outer loop
     vertex 2.2836864089e-02 1.2800000000e-01 -3.1983818794e-03
     vertex 1.5914345335e-02 1.2800000000e-01 -3.0561126937e-03
     vertex 2.2836864089e-02 1.6000000000e-01 -3.1983818794e-03
   endloop
 endfacet
 facet normal  -2.0547311627e-02 0.0000000000e+00 -9.9978888171e-01
   outer loop
     vertex 2.2836864089e-02 1.6000000000e-01 -3.1983818794e-03
     vertex 1.5914345335e-02 1.2800000000e-01 -3.0561126937e-03
     vertex 1.5914345335e-02 1.6000000000e-01 -3.0561126937e-03
   endloop
 endfacet
 facet normal  -5.9204216770e-02 -3.6258229426e-19 -9.9824589191e-01
   outer loop
     vertex 1.5914345335e-02 1.2800000000e-01 -3.0561126937e-03
     vertex 1.0369869553e-02 1.2800000000e-01 -2.7272795388e-03
     vertex 1.5914345335e-02 1.6000000000e-01 -3.0561126937e-03
   endloop
 endfacet
 facet normal  -5.9204216770e-02 0.0000000000e+00 -9.9824589191e-01
   outer loop
     vertex 1.5914345335e-02 1.6000000000e-01 -3.0561126937e-03
     vertex 1.0369869553e-02 1.2800000000e-01 -2.7272795388e-03
     vertex 1.0369869553e-02 1.6000000000e-01 -2.7272795388e-03
   endloop
 endfacet
 facet normal  -1.0936373154e-01 2.3623749907e-19 -9.9400179790e-01
   outer loop
     vertex 1.0369869553e-02 1.2800000000e-01 -2.7272795388e-03
     vertex 6.1658338674e-03 1.2800000000e-01 -2.2647360795e-03
     vertex 1.0369869553e-02 1.6000000000e-01 -2.7272795388e-03
   endloop
 endfacet
 facet normal  -1.0936373154e-01 0.0000000000e+00 -9.9400179790e-01
   outer loop
     vertex 1.0369869553e-02 1.6000000000e-01 -2.7272795388e-03
     vertex 6.1658338674e-03 1.2800000000e-01 -2.2647360795e-03
     vertex 6.1658338674e-03 1.6000000000e-01 -2.2647360795e-03
   endloop
 endfacet
 facet normal  -1.8086761588e-01 4.2161093665e-19 -9.8350745067e-01
   outer loop
     vertex 6.1658338674e-03 1.2800000000e-01 -2.2647360795e-03
     vertex 3.1225837014e-03 1.2800000000e-01 -1.7050805307e-03
     vertex 6.1658338674e-03 1.6000000000e-01 -2.2647360795e-03
   endloop
 endfacet
 facet normal  -1.8086761588e-01 0.0000000000e+00 -9.8350745067e-01
   outer loop
     vertex 6.1658338674e-03 1.6000000000e-01 -2.2647360795e-03
     vertex 3.1225837014e-03 1.2800000000e-01 -1.7050805307e-03
     vertex 3.1225837014e-03 1.6000000000e-01 -1.7050805307e-03
   endloop
 endfacet
 facet normal  -3.0805827929e-01 3.0831860444e-19 -9.5136748765e-01
   outer loop
     vertex 3.1225837014e-03 1.2800000000e-01 -1.7050805307e-03
     vertex 1.0332546715e-03 1.2800000000e-01 -1.0285437411e-03
     vertex 3.1225837014e-03 1.6000000000e-01 -1.7050805307e-03
   endloop
 endfacet
 facet normal  -3.0805827929e-01 0.0000000000e+00 -9.5136748765e-01
   outer loop
     vertex 3.1225837014e-03 1.6000000000e-01 -1.7050805307e-03
     vertex 1.0332546715e-03 1.2800000000e-01 -1.0285437411e-03
     vertex 1.0332546715e-03 1.6000000000e-01 -1.0285437411e-03
   endloop
 endfacet
 facet normal  -7.0548929631e-01 1.0795143091e-18 -7.0872057455e-01
   outer loop
     vertex 1.0332546715e-03 1.2800000000e-01 -1.0285437411e-03
     vertex 0.0000000000e+00 1.2800000000e-01 0.0000000000e+00
     vertex 1.0332546715e-03 1.6000000000e-01 -1.0285437411e-03
   endloop
 endfacet
 facet normal  -7.0548929631e-01 0.0000000000e+00 -7.0872057455e-01
   outer loop
     vertex 1.0332546715e-03 1.6000000000e-01 -1.0285437411e-03
     vertex 0.0000000000e+00 1.2800000000e-01 0.0000000000e+00
     vertex 0.0000000000e+00 1.6000000000e-01 0.0000000000e+00
   endloop
 endfacet
 facet normal  -7.0548929631e-01 1.6824251773e-18 7.0872057455e-01
   outer loop
     vertex 0.0000000000e+00 1.2800000000e-01 0.0000000000e+00
     vertex 1.0332546715e-03 1.6000000000e-01 1.0285437411e-03
     vertex 0.0000000000e+00 1.6000000000e-01 0.0000000000e+00
   endloop
 endfacet
 facet normal  -7.0548929631e-01 0.0000000000e+00 7.0872057455e-01
   outer loop
     vertex 0.0000000000e+00 1.2800000000e-01 0.0000000000e+00
     vertex 1.0332546715e-03 1.2800000000e-01 1.0285437411e-03
     vertex 1.0332546715e-03 1.6000000000e-01 1.0285437411e-03
   endloop
 endfacet
 facet normal  -3.0805827929e-01 8.9039655104e-19 9.5136748765e-01
   outer loop
     vertex 1.0332546715e-03 1.2800000000e-01 1.0285437411e-03
     vertex 3.1225837014e-03 1.6000000000e-01 1.7050805307e-03
     vertex 1.0332546715e-03 1.6000000000e-01 1.0285437411e-03
   endloop
 endfacet
 facet normal  -3.0805827929e-01 0.0000000000e+00 9.5136748765e-01
   outer loop
     vertex 1.0332546715e-03 1.2800000000e-01 1.0285437411e-03
     vertex 3.1225837014e-03 1.2800000000e-01 1.7050805307e-03
     vertex 3.1225837014e-03 1.6000000000e-01 1.7050805307e-03
   endloop
 endfacet
 facet normal  -1.8086761588e-01 -7.1293991859e-19 9.8350745067e-01
   outer loop
     vertex 3.1225837014e-03 1.2800000000e-01 1.7050805307e-03
     vertex 6.1658338674e-03 1.6000000000e-01 2.2647360795e-03
     vertex 3.1225837014e-03 1.6000000000e-01 1.7050805307e-03
   endloop
 endfacet
 facet normal  -1.8086761588e-01 0.0000000000e+00 9.8350745067e-01
   outer loop
     vertex 3.1225837014e-03 1.2800000000e-01 1.7050805307e-03
     vertex 6.1658338674e-03 1.2800000000e-01 2.2647360795e-03
     vertex 6.1658338674e-03 1.6000000000e-01 2.2647360795e-03
   endloop
 endfacet
 facet normal  -1.0936373154e-01 3.5261690567e-19 9.9400179790e-01
   outer loop
     vertex 6.1658338674e-03 1.2800000000e-01 2.2647360795e-03
     vertex 1.0369869553e-02 1.6000000000e-01 2.7272795388e-03
     vertex 6.1658338674e-03 1.6000000000e-01 2.2647360795e-03
   endloop
 endfacet
 facet normal  -1.0936373154e-01 0.0000000000e+00 9.9400179790e-01
   outer loop
     vertex 6.1658338674e-03 1.2800000000e-01 2.2647360795e-03
     vertex 1.0369869553e-02 1.2800000000e-01 2.7272795388e-03
     vertex 1.0369869553e-02 1.6000000000e-01 2.7272795388e-03
   endloop
 endfacet
 facet normal  -5.9204216770e-02 4.9830919264e-19 9.9824589191e-01
   outer loop
     vertex 1.0369869553e-02 1.2800000000e-01 2.7272795388e-03
     vertex 1.5914345335e-02 1.6000000000e-01 3.0561126937e-03
     vertex 1.0369869553e-02 1.6000000000e-01 2.7272795388e-03
   endloop
 endfacet
 facet normal  -5.9204216770e-02 0.0000000000e+00 9.9824589191e-01
   outer loop
     vertex 1.0369869553e-02 1.2800000000e-01 2.7272795388e-03
     vertex 1.5914345335e-02 1.2800000000e-01 3.0561126937e-03
     vertex 1.5914345335e-02 1.6000000000e-01 3.0561126937e-03
   endloop
 endfacet
 facet normal  -2.0547311627e-02 -1.4770166753e-19 9.9978888171e-01
   outer loop
     vertex 1.5914345335e-02 1.2800000000e-01 3.0561126937e-03
     vertex 2.2836864089e-02 1.6000000000e-01 3.1983818794e-03
     vertex 1.5914345335e-02 1.6000000000e-01 3.0561126937e-03
   endloop
 endfacet
 facet normal  -2.0547311627e-02 0.0000000000e+00 9.9978888171e-01
   outer loop
     vertex 1.5914345335e-02 1.2800000000e-01 3.0561126937e-03
     vertex 2.2836864089e-02 1.2800000000e-01 3.1983818794e-03
     vertex 2.2836864089e-02 1.6000000000e-01 3.1983818794e-03
   endloop
 endfacet
 facet normal  9.8065175776e-03 1.6706050010e-19 9.9995191495e-01
   outer loop
     vertex 2.2836864089e-02 1.2800000000e-01 3.1983818794e-03
     vertex 3.0929136874e-02 1.6000000000e-01 3.1190210480e-03
     vertex 2.2836864089e-02 1.6000000000e-01 3.1983818794e-03
   endloop
 endfacet
 facet normal  9.8065175776e-03 -0.0000000000e+00 9.9995191495e-01
   outer loop
     vertex 2.2836864089e-02 1.2800000000e-01 3.1983818794e-03
     vertex 3.0929136874e-02 1.2800000000e-01 3.1190210480e-03
     vertex 3.0929136874e-02 1.6000000000e-01 3.1190210480e-03
   endloop
 endfacet
 facet normal  3.3019444726e-02 -4.6010186496e-19 9.9945470946e-01
   outer loop
     vertex 3.0929136874e-02 1.2800000000e-01 3.1190210480e-03
     vertex 3.9700001194e-02 1.6000000000e-01 2.8292539712e-03
     vertex 3.0929136874e-02 1.6000000000e-01 3.1190210480e-03
   endloop
 endfacet
 facet normal  3.3019444726e-02 -0.0000000000e+00 9.9945470946e-01
   outer loop
     vertex 3.0929136874e-02 1.2800000000e-01 3.1190210480e-03
     vertex 3.9700001194e-02 1.2800000000e-01 2.8292539712e-03
     vertex 3.9700001194e-02 1.6000000000e-01 2.8292539712e-03
   endloop
 endfacet
 facet normal  5.0047428966e-02 -8.3040719657e-19 9.9874684222e-01
   outer loop
     vertex 3.9700001194e-02 1.2800000000e-01 2.8292539712e-03
     vertex 4.8464714625e-02 1.2800000000e-01 2.3900522092e-03
     vertex 3.9700001194e-02 1.6000000000e-01 2.8292539712e-03
   endloop
 endfacet
 facet normal  5.0047428966e-02 1.0852306242e-17 9.9874684222e-01
   outer loop
     vertex 3.9700001194e-02 1.6000000000e-01 2.8292539712e-03
     vertex 4.8464714625e-02 1.2800000000e-01 2.3900522092e-03
     vertex 4.8464714625e-02 1.6000000000e-01 2.3900522092e-03
   endloop
 endfacet
 facet normal  6.2275339092e-02 1.3902211216e-17 9.9805900734e-01
   outer loop
     vertex 4.8464714625e-02 1.2800000000e-01 2.3900522092e-03
     vertex 5.6541857219e-02 1.2800000000e-01 1.8860671841e-03
     vertex 4.8464714625e-02 1.6000000000e-01 2.3900522092e-03
   endloop
 endfacet
 facet normal  6.2275339092e-02 -0.0000000000e+00 9.9805900734e-01
   outer loop
     vertex 4.8464714625e-02 1.6000000000e-01 2.3900522092e-03
     vertex 5.6541857219e-02 1.2800000000e-01 1.8860671841e-03
     vertex 5.6541857219e-02 1.6000000000e-01 1.8860671841e-03
   endloop
 endfacet
 facet normal  7.1196435771e-02 8.9644567545e-19 9.9746231384e-01
   outer loop
     vertex 5.6541857219e-02 1.2800000000e-01 1.8860671841e-03
     vertex 6.3448579355e-02 1.2800000000e-01 1.3930821438e-03
     vertex 5.6541857219e-02 1.6000000000e-01 1.8860671841e-03
   endloop
 endfacet
 facet normal  7.1196435771e-02 -0.0000000000e+00 9.9746231384e-01
   outer loop
     vertex 5.6541857219e-02 1.6000000000e-01 1.8860671841e-03
     vertex 6.3448579355e-02 1.2800000000e-01 1.3930821438e-03
     vertex 6.3448579355e-02 1.6000000000e-01 1.3930821438e-03
   endloop
 endfacet
 facet normal  7.7923127975e-02 -5.9245706921e-19 9.9695937035e-01
   outer loop
     vertex 6.3448579355e-02 1.2800000000e-01 1.3930821438e-03
     vertex 6.8986322416e-02 1.2800000000e-01 9.6024779359e-04
     vertex 6.3448579355e-02 1.6000000000e-01 1.3930821438e-03
   endloop
 endfacet
 facet normal  7.7923127975e-02 -0.0000000000e+00 9.9695937035e-01
   outer loop
     vertex 6.3448579355e-02 1.6000000000e-01 1.3930821438e-03
     vertex 6.8986322416e-02 1.2800000000e-01 9.6024779359e-04
     vertex 6.8986322416e-02 1.6000000000e-01 9.6024779359e-04
   endloop
 endfacet
 facet normal  8.3090167181e-02 6.5009355610e-19 9.9654203329e-01
   outer loop
     vertex 6.8986322416e-02 1.2800000000e-01 9.6024779359e-04
     vertex 7.3201671531e-02 1.2800000000e-01 6.0877836134e-04
     vertex 6.8986322416e-02 1.6000000000e-01 9.6024779359e-04
   endloop
 endfacet
 facet normal  8.3090167181e-02 -0.0000000000e+00 9.9654203329e-01
   outer loop
     vertex 6.8986322416e-02 1.6000000000e-01 9.6024779359e-04
     vertex 7.3201671531e-02 1.2800000000e-01 6.0877836134e-04
     vertex 7.3201671531e-02 1.6000000000e-01 6.0877836134e-04
   endloop
 endfacet
 facet normal  8.7069096326e-02 1.6985699294e-19 9.9620227487e-01
   outer loop
     vertex 7.3201671531e-02 1.2800000000e-01 6.0877836134e-04
     vertex 7.6285239359e-02 1.2800000000e-01 3.3927138367e-04
     vertex 7.3201671531e-02 1.6000000000e-01 6.0877836134e-04
   endloop
 endfacet
 facet normal  8.7069096326e-02 -0.0000000000e+00 9.9620227487e-01
   outer loop
     vertex 7.3201671531e-02 1.6000000000e-01 6.0877836134e-04
     vertex 7.6285239359e-02 1.2800000000e-01 3.3927138367e-04
     vertex 7.6285239359e-02 1.6000000000e-01 3.3927138367e-04
   endloop
 endfacet
 facet normal  9.0062378798e-02 -1.6326285693e-19 9.9593612643e-01
   outer loop
     vertex 7.6285239359e-02 1.2800000000e-01 3.3927138367e-04
     vertex 7.8475865428e-02 1.2800000000e-01 1.4117334345e-04
     vertex 7.6285239359e-02 1.6000000000e-01 3.3927138367e-04
   endloop
 endfacet
 facet normal  9.0062378798e-02 -0.0000000000e+00 9.9593612643e-01
   outer loop
     vertex 7.6285239359e-02 1.6000000000e-01 3.3927138367e-04
     vertex 7.8475865428e-02 1.2800000000e-01 1.4117334345e-04
     vertex 7.8475865428e-02 1.6000000000e-01 1.4117334345e-04
   endloop
 endfacet
 facet normal  9.2230450802e-02 2.5576475031e-19 9.9573768832e-01
   outer loop
     vertex 7.8475865428e-02 1.2800000000e-01 1.4117334345e-04
     vertex 8.0000000000e-02 1.2800000000e-01 0.0000000000e+00
     vertex 7.8475865428e-02 1.6000000000e-01 1.4117334345e-04
   endloop
 endfacet
 facet normal  9.2230450802e-02 -0.0000000000e+00 9.9573768832e-01
   outer loop
     vertex 7.8475865428e-02 1.6000000000e-01 1.4117334345e-04
     vertex 8.0000000000e-02 1.2800000000e-01 0.0000000000e+00
     vertex 8.0000000000e-02 1.6000000000e-01 0.0000000000e+00
   endloop
 endfacet
 facet normal  1.8210711919e-14 1.0000000000e+00 -3.5803415811e-26
   outer loop
     vertex 8.0000000000e-02 1.6000000000e-01 0.0000000000e+00
     vertex 7.8475865428e-02 1.6000000000e-01 -1.4117334345e-04
     vertex 7.8475865428e-02 1.6000000000e-01 -7.0586671723e-05
   endloop
 endfacet
 facet normal  -1.2670156723e-14 1.0000000000e+00 2.4910332532e-26
   outer loop
     vertex 7.8475865428e-02 1.6000000000e-01 -1.4117334345e-04
     vertex 7.6285239359e-02 1.6000000000e-01 -1.6963569183e-04
     vertex 7.8475865428e-02 1.6000000000e-01 -7.0586671723e-05
   endloop
 endfacet
 facet normal  -1.2670156723e-14 1.0000000000e+00 1.4511524222e-26
   outer loop
     vertex 7.8475865428e-02 1.6000000000e-01 -1.4117334345e-04
     vertex 7.6285239359e-02 1.6000000000e-01 -3.3927138367e-04
     vertex 7.6285239359e-02 1.6000000000e-01 -1.6963569183e-04
   endloop
 endfacet
 facet normal  -0.0000000000e+00 1.0000000000e+00 0.0000000000e+00
   outer loop
     vertex 7.6285239359e-02 1.6000000000e-01 -3.3927138367e-04
     vertex 7.3201671531e-02 1.6000000000e-01 -3.0438918067e-04
     vertex 7.6285239359e-02 1.6000000000e-01 -1.6963569183e-04
   endloop
 endfacet
 facet normal  0.0000000000e+00 1.0000000000e+00 0.0000000000e+00
   outer loop
     vertex 7.6285239359e-02 1.6000000000e-01 -3.3927138367e-04
     vertex 7.3201671531e-02 1.6000000000e-01 -6.0877836134e-04
     vertex 7.3201671531e-02 1.6000000000e-01 -3.0438918067e-04
   endloop
 endfacet
 facet normal  -0.0000000000e+00 1.0000000000e+00 0.0000000000e+00
   outer loop
     vertex 7.3201671531e-02 1.6000000000e-01 -6.0877836134e-04
     vertex 6.8986322416e-02 1.6000000000e-01 -4.8012389680e-04
     vertex 7.3201671531e-02 1.6000000000e-01 -3.0438918067e-04
   endloop
 endfacet
 facet normal  0.0000000000e+00 1.0000000000e+00 0.0000000000e+00
   outer loop
     vertex 7.3201671531e-02 1.6000000000e-01 -6.0877836134e-04
     vertex 6.8986322416e-02 1.6000000000e-01 -9.6024779359e-04
     vertex 6.8986322416e-02 1.6000000000e-01 -4.8012389680e-04
   endloop
 endfacet
 facet normal  -0.0000000000e+00 1.0000000000e+00 0.0000000000e+00
   outer loop
     vertex 6.8986322416e-02 1.6000000000e-01 -9.6024779359e-04
     vertex 6.3448579355e-02 1.6000000000e-01 -6.9654107190e-04
     vertex 6.8986322416e-02 1.6000000000e-01 -4.8012389680e-04
   endloop
 endfacet
 facet normal  0.0000000000e+00 1.0000000000e+00 0.0000000000e+00
   outer loop
     vertex 6.8986322416e-02 1.6000000000e-01 -9.6024779359e-04
     vertex 6.3448579355e-02 1.6000000000e-01 -1.3930821438e-03
     vertex 6.3448579355e-02 1.6000000000e-01 -6.9654107190e-04
   endloop
 endfacet
 facet normal  -0.0000000000e+00 1.0000000000e+00 0.0000000000e+00
   outer loop
     vertex 6.3448579355e-02 1.6000000000e-01 -1.3930821438e-03
     vertex 5.6541857219e-02 1.6000000000e-01 -9.4303359203e-04
     vertex 6.3448579355e-02 1.6000000000e-01 -6.9654107190e-04
   endloop
 endfacet
 facet normal  0.0000000000e+00 1.0000000000e+00 0.0000000000e+00
   outer loop
     vertex 6.3448579355e-02 1.6000000000e-01 -1.3930821438e-03
     vertex 5.6541857219e-02 1.6000000000e-01 -1.8860671841e-03
     vertex 5.6541857219e-02 1.6000000000e-01 -9.4303359203e-04
   endloop
 endfacet
 facet normal  -0.0000000000e+00 1.0000000000e+00 0.0000000000e+00
   outer loop
     vertex 5.6541857219e-02 1.6000000000e-01 -1.8860671841e-03
     vertex 4.8464714625e-02 1.6000000000e-01 -1.1950261046e-03
     vertex 5.6541857219e-02 1.6000000000e-01 -9.4303359203e-04
   endloop
 endfacet
 facet normal  0.0000000000e+00 1.0000000000e+00 0.0000000000e+00
   outer loop
     vertex 5.6541857219e-02 1.6000000000e-01 -1.8860671841e-03
     vertex 4.8464714625e-02 1.6000000000e-01 -2.3900522092e-03
     vertex 4.8464714625e-02 1.6000000000e-01 -1.1950261046e-03
   endloop
 endfacet
 facet normal  -0.0000000000e+00 1.0000000000e+00 0.0000000000e+00
   outer loop
     vertex 4.8464714625e-02 1.6000000000e-01 -2.3900522092e-03
     vertex 3.9700001194e-02 1.6000000000e-01 -1.4146269856e-03
     vertex 4.8464714625e-02 1.6000000000e-01 -1.1950261046e-03
   endloop
 endfacet
 facet normal  0.0000000000e+00 1.0000000000e+00 0.0000000000e+00
   outer loop
     vertex 4.8464714625e-02 1.6000000000e-01 -2.3900522092e-03
     vertex 3.9700001194e-02 1.6000000000e-01 -2.8292539712e-03
     vertex 3.9700001194e-02 1.6000000000e-01 -1.4146269856e-03
   endloop
 endfacet
 facet normal  0.0000000000e+00 1.0000000000e+00 0.0000000000e+00
   outer loop
     vertex 3.9700001194e-02 1.6000000000e-01 -2.8292539712e-03
     vertex 3.0929136874e-02 1.6000000000e-01 -3.1190210480e-03
     vertex 3.9700001194e-02 1.6000000000e-01 -1.4146269856e-03
   endloop
 endfacet
 facet normal  0.0000000000e+00 1.0000000000e+00 0.0000000000e+00
   outer loop
     vertex 3.9700001194e-02 1.6000000000e-01 -1.4146269856e-03
     vertex 3.0929136874e-02 1.6000000000e-01 -3.1190210480e-03
     vertex 3.0929136874e-02 1.6000000000e-01 -1.5595105240e-03
   endloop
 endfacet
 facet normal  0.0000000000e+00 1.0000000000e+00 0.0000000000e+00
   outer loop
     vertex 3.0929136874e-02 1.6000000000e-01 -3.1190210480e-03
     vertex 2.2836864089e-02 1.6000000000e-01 -3.1983818794e-03
     vertex 3.0929136874e-02 1.6000000000e-01 -1.5595105240e-03
   endloop
 endfacet
 facet normal  0.0000000000e+00 1.0000000000e+00 0.0000000000e+00
   outer loop
     vertex 3.0929136874e-02 1.6000000000e-01 -1.5595105240e-03
     vertex 2.2836864089e-02 1.6000000000e-01 -3.1983818794e-03
     vertex 2.2836864089e-02 1.6000000000e-01 -1.5991909397e-03
   endloop
 endfacet
 facet normal  -0.0000000000e+00 1.0000000000e+00 0.0000000000e+00
   outer loop
     vertex 2.2836864089e-02 1.6000000000e-01 -3.1983818794e-03
     vertex 1.5914345335e-02 1.6000000000e-01 -3.0561126937e-03
     vertex 2.2836864089e-02 1.6000000000e-01 -1.5991909397e-03
   endloop
 endfacet
 facet normal  0.0000000000e+00 1.0000000000e+00 0.0000000000e+00
   outer loop
     vertex 2.2836864089e-02 1.6000000000e-01 -1.5991909397e-03
     vertex 1.5914345335e-02 1.6000000000e-01 -3.0561126937e-03
     vertex 1.5914345335e-02 1.6000000000e-01 -1.5280563469e-03
   endloop
 endfacet
 facet normal  -0.0000000000e+00 1.0000000000e+00 0.0000000000e+00
   outer loop
     vertex 1.5914345335e-02 1.6000000000e-01 -3.0561126937e-03
     vertex 1.0369869553e-02 1.6000000000e-01 -2.7272795388e-03
     vertex 1.5914345335e-02 1.6000000000e-01 -1.5280563469e-03
   endloop
 endfacet
 facet normal  0.0000000000e+00 1.0000000000e+00 -0.0000000000e+00
   outer loop
     vertex 1.5914345335e-02 1.6000000000e-01 -1.5280563469e-03
     vertex 1.0369869553e-02 1.6000000000e-01 -2.7272795388e-03
     vertex 1.0369869553e-02 1.6000000000e-01 -1.3636397694e-03
   endloop
 endfacet
 facet normal  -0.0000000000e+00 1.0000000000e+00 0.0000000000e+00
   outer loop
     vertex 1.0369869553e-02 1.6000000000e-01 -2.7272795388e-03
     vertex 6.1658338674e-03 1.6000000000e-01 -2.2647360795e-03
     vertex 1.0369869553e-02 1.6000000000e-01 -1.3636397694e-03
   endloop
 endfacet
 facet normal  0.0000000000e+00 1.0000000000e+00 0.0000000000e+00
   outer loop
     vertex 1.0369869553e-02 1.6000000000e-01 -1.3636397694e-03
     vertex 6.1658338674e-03 1.6000000000e-01 -2.2647360795e-03
     vertex 6.1658338674e-03 1.6000000000e-01 -1.1323680397e-03
   endloop
 endfacet
 facet normal  -0.0000000000e+00 1.0000000000e+00 0.0000000000e+00
   outer loop
     vertex 6.1658338674e-03 1.6000000000e-01 -2.2647360795e-03
     vertex 3.1225837014e-03 1.6000000000e-01 -1.7050805307e-03
     vertex 6.1658338674e-03 1.6000000000e-01 -1.1323680397e-03
   endloop
 endfacet
 facet normal  0.0000000000e+00 1.0000000000e+00 0.0000000000e+00
   outer loop
     vertex 6.1658338674e-03 1.6000000000e-01 -1.1323680397e-03
     vertex 3.1225837014e-03 1.6000000000e-01 -1.7050805307e-03
     vertex 3.1225837014e-03 1.6000000000e-01 -8.5254026534e-04
   endloop
 endfacet
 facet normal  -0.0000000000e+00 1.0000000000e+00 0.0000000000e+00
   outer loop
     vertex 3.1225837014e-03 1.6000000000e-01 -1.7050805307e-03
     vertex 1.0332546715e-03 1.6000000000e-01 -1.0285437411e-03
     vertex 3.1225837014e-03 1.6000000000e-01 -8.5254026534e-04
   endloop
 endfacet
 facet normal  0.0000000000e+00 1.0000000000e+00 -0.0000000000e+00
   outer loop
     vertex 3.1225837014e-03 1.6000000000e-01 -8.5254026534e-04
     vertex 1.0332546715e-03 1.6000000000e-01 -1.0285437411e-03
     vertex 1.0332546715e-03 1.6000000000e-01 -5.1427187054e-04
   endloop
 endfacet
 facet normal  0.0000000000e+00 1.0000000000e+00 0.0000000000e+00
   outer loop
     vertex 1.0332546715e-03 1.6000000000e-01 -1.0285437411e-03
     vertex 0.0000000000e+00 1.6000000000e-01 0.0000000000e+00
     vertex 1.0332546715e-03 1.6000000000e-01 -5.1427187054e-04
   endloop
 endfacet
 facet normal  0.0000000000e+00 1.0000000000e+00 0.0000000000e+00
   outer loop
     vertex 0.0000000000e+00 1.6000000000e-01 0.0000000000e+00
     vertex 1.0332546715e-03 1.6000000000e-01 1.0285437411e-03
     vertex 1.0332546715e-03 1.6000000000e-01 5.1427187054e-04
   endloop
 endfacet
 facet normal  0.0000000000e+00 1.0000000000e+00 0.0000000000e+00
   outer loop
     vertex 1.0332546715e-03 1.6000000000e-01 1.0285437411e-03
     vertex 3.1225837014e-03 1.6000000000e-01 8.5254026534e-04
     vertex 1.0332546715e-03 1.6000000000e-01 5.1427187054e-04
   endloop
 endfacet
 facet normal  0.0000000000e+00 1.0000000000e+00 0.0000000000e+00
   outer loop
     vertex 1.0332546715e-03 1.6000000000e-01 1.0285437411e-03
     vertex 3.1225837014e-03 1.6000000000e-01 1.7050805307e-03
     vertex 3.1225837014e-03 1.6000000000e-01 8.5254026534e-04
   endloop
 endfacet
 facet normal  0.0000000000e+00 1.0000000000e+00 0.0000000000e+00
   outer loop
     vertex 3.1225837014e-03 1.6000000000e-01 1.7050805307e-03
     vertex 6.1658338674e-03 1.6000000000e-01 1.1323680397e-03
     vertex 3.1225837014e-03 1.6000000000e-01 8.5254026534e-04
   endloop
 endfacet
 facet normal  0.0000000000e+00 1.0000000000e+00 0.0000000000e+00
   outer loop
     vertex 3.1225837014e-03 1.6000000000e-01 1.7050805307e-03
     vertex 6.1658338674e-03 1.6000000000e-01 2.2647360795e-03
     vertex 6.1658338674e-03 1.6000000000e-01 1.1323680397e-03
   endloop
 endfacet
 facet normal  0.0000000000e+00 1.0000000000e+00 0.0000000000e+00
   outer loop
     vertex 6.1658338674e-03 1.6000000000e-01 2.2647360795e-03
     vertex 1.0369869553e-02 1.6000000000e-01 1.3636397694e-03
     vertex 6.1658338674e-03 1.6000000000e-01 1.1323680397e-03
   endloop
 endfacet
 facet normal  0.0000000000e+00 1.0000000000e+00 0.0000000000e+00
   outer loop
     vertex 6.1658338674e-03 1.6000000000e-01 2.2647360795e-03
     vertex 1.0369869553e-02 1.6000000000e-01 2.7272795388e-03
     vertex 1.0369869553e-02 1.6000000000e-01 1.3636397694e-03
   endloop
 endfacet
 facet normal  0.0000000000e+00 1.0000000000e+00 0.0000000000e+00
   outer loop
     vertex 1.0369869553e-02 1.6000000000e-01 2.7272795388e-03
     vertex 1.5914345335e-02 1.6000000000e-01 1.5280563469e-03
     vertex 1.0369869553e-02 1.6000000000e-01 1.3636397694e-03
   endloop
 endfacet
 facet normal  0.0000000000e+00 1.0000000000e+00 0.0000000000e+00
   outer loop
     vertex 1.0369869553e-02 1.6000000000e-01 2.7272795388e-03
     vertex 1.5914345335e-02 1.6000000000e-01 3.0561126937e-03
     vertex 1.5914345335e-02 1.6000000000e-01 1.5280563469e-03
   endloop
 endfacet
 facet normal  0.0000000000e+00 1.0000000000e+00 0.0000000000e+00
   outer loop
     vertex 1.5914345335e-02 1.6000000000e-01 3.0561126937e-03
     vertex 2.2836864089e-02 1.6000000000e-01 1.5991909397e-03
     vertex 1.5914345335e-02 1.6000000000e-01 1.5280563469e-03
   endloop
 endfacet
 facet normal  0.0000000000e+00 1.0000000000e+00 0.0000000000e+00
   outer loop
     vertex 1.5914345335e-02 1.6000000000e-01 3.0561126937e-03
     vertex 2.2836864089e-02 1.6000000000e-01 3.1983818794e-03
     vertex 2.2836864089e-02 1.6000000000e-01 1.5991909397e-03
   endloop
 endfacet
 facet normal  0.0000000000e+00 1.0000000000e+00 0.0000000000e+00
   outer loop
     vertex 2.2836864089e-02 1.6000000000e-01 3.1983818794e-03
     vertex 3.0929136874e-02 1.6000000000e-01 1.5595105240e-03
     vertex 2.2836864089e-02 1.6000000000e-01 1.5991909397e-03
   endloop
 endfacet
 facet normal  0.0000000000e+00 1.0000000000e+00 0.0000000000e+00
   outer loop
     vertex 2.2836864089e-02 1.6000000000e-01 3.1983818794e-03
     vertex 3.0929136874e-02 1.6000000000e-01 3.1190210480e-03
     vertex 3.0929136874e-02 1.6000000000e-01 1.5595105240e-03
   endloop
 endfacet
 facet normal  0.0000000000e+00 1.0000000000e+00 0.0000000000e+00
   outer loop
     vertex 3.0929136874e-02 1.6000000000e-01 3.1190210480e-03
     vertex 3.9700001194e-02 1.6000000000e-01 1.4146269856e-03
     vertex 3.0929136874e-02 1.6000000000e-01 1.5595105240e-03
   endloop
 endfacet
 facet normal  0.0000000000e+00 1.0000000000e+00 0.0000000000e+00
   outer loop
     vertex 3.0929136874e-02 1.6000000000e-01 3.1190210480e-03
     vertex 3.9700001194e-02 1.6000000000e-01 2.8292539712e-03
     vertex 3.9700001194e-02 1.6000000000e-01 1.4146269856e-03
   endloop
 endfacet
 facet normal  -3.1667407992e-15 1.0000000000e+00 1.5533196136e-29
   outer loop
     vertex 3.9700001194e-02 1.6000000000e-01 2.8292539712e-03
     vertex 4.8464714625e-02 1.6000000000e-01 2.3900522092e-03
     vertex 3.9700001194e-02 1.6000000000e-01 1.4146269856e-03
   endloop
 endfacet
 facet normal  -3.1667407992e-15 1.0000000000e+00 1.8387613745e-29
   outer loop
     vertex 3.9700001194e-02 1.6000000000e-01 1.4146269856e-03
     vertex 4.8464714625e-02 1.6000000000e-01 2.3900522092e-03
     vertex 4.8464714625e-02 1.6000000000e-01 1.1950261046e-03
   endloop
 endfacet
 facet normal  3.4363112068e-15 1.0000000000e+00 -1.9952868638e-29
   outer loop
     vertex 4.8464714625e-02 1.6000000000e-01 2.3900522092e-03
     vertex 5.6541857219e-02 1.6000000000e-01 1.8860671841e-03
     vertex 4.8464714625e-02 1.6000000000e-01 1.1950261046e-03
   endloop
 endfacet
 facet normal  3.4363112068e-15 1.0000000000e+00 -7.5853710048e-29
   outer loop
     vertex 4.8464714625e-02 1.6000000000e-01 1.1950261046e-03
     vertex 5.6541857219e-02 1.6000000000e-01 1.8860671841e-03
     vertex 5.6541857219e-02 1.6000000000e-01 9.4303359203e-04
   endloop
 endfacet
 facet normal  0.0000000000e+00 1.0000000000e+00 0.0000000000e+00
   outer loop
     vertex 5.6541857219e-02 1.6000000000e-01 1.8860671841e-03
     vertex 6.3448579355e-02 1.6000000000e-01 1.3930821438e-03
     vertex 5.6541857219e-02 1.6000000000e-01 9.4303359203e-04
   endloop
 endfacet
 facet normal  0.0000000000e+00 1.0000000000e+00 0.0000000000e+00
   outer loop
     vertex 5.6541857219e-02 1.6000000000e-01 9.4303359203e-04
     vertex 6.3448579355e-02 1.6000000000e-01 1.3930821438e-03
     vertex 6.3448579355e-02 1.6000000000e-01 6.9654107190e-04
   endloop
 endfacet
 facet normal  0.0000000000e+00 1.0000000000e+00 0.0000000000e+00
   outer loop
     vertex 6.3448579355e-02 1.6000000000e-01 1.3930821438e-03
     vertex 6.8986322416e-02 1.6000000000e-01 9.6024779359e-04
     vertex 6.3448579355e-02 1.6000000000e-01 6.9654107190e-04
   endloop
 endfacet
 facet normal  0.0000000000e+00 1.0000000000e+00 0.0000000000e+00
   outer loop
     vertex 6.3448579355e-02 1.6000000000e-01 6.9654107190e-04
     vertex 6.8986322416e-02 1.6000000000e-01 9.6024779359e-04
     vertex 6.8986322416e-02 1.6000000000e-01 4.8012389680e-04
   endloop
 endfacet
 facet normal  0.0000000000e+00 1.0000000000e+00 0.0000000000e+00
   outer loop
     vertex 6.8986322416e-02 1.6000000000e-01 9.6024779359e-04
     vertex 7.3201671531e-02 1.6000000000e-01 6.0877836134e-04
     vertex 6.8986322416e-02 1.6000000000e-01 4.8012389680e-04
   endloop
 endfacet
 facet normal  0.0000000000e+00 1.0000000000e+00 0.0000000000e+00
   outer loop
     vertex 6.8986322416e-02 1.6000000000e-01 4.8012389680e-04
     vertex 7.3201671531e-02 1.6000000000e-01 6.0877836134e-04
     vertex 7.3201671531e-02 1.6000000000e-01 3.0438918067e-04
   endloop
 endfacet
 facet normal  0.0000000000e+00 1.0000000000e+00 0.0000000000e+00
   outer loop
     vertex 7.3201671531e-02 1.6000000000e-01 6.0877836134e-04
     vertex 7.6285239359e-02 1.6000000000e-01 3.3927138367e-04
     vertex 7.3201671531e-02 1.6000000000e-01 3.0438918067e-04
   endloop
 endfacet
 facet normal  0.0000000000e+00 1.0000000000e+00 0.0000000000e+00
   outer loop
     vertex 7.3201671531e-02 1.6000000000e-01 3.0438918067e-04
     vertex 7.6285239359e-02 1.6000000000e-01 3.3927138367e-04
     vertex 7.6285239359e-02 1.6000000000e-01 1.6963569183e-04
   endloop
 endfacet
 facet normal  0.0000000000e+00 1.0000000000e+00 0.0000000000e+00
   outer loop
     vertex 7.6285239359e-02 1.6000000000e-01 3.3927138367e-04
     vertex 7.8475865428e-02 1.6000000000e-01 1.4117334345e-04
     vertex 7.6285239359e-02 1.6000000000e-01 1.6963569183e-04
   endloop
 endfacet
 facet normal  0.0000000000e+00 1.0000000000e+00 0.0000000000e+00
   outer loop
     vertex 7.6285239359e-02 1.6000000000e-01 1.6963569183e-04
     vertex 7.8475865428e-02 1.6000000000e-01 1.4117334345e-04
     vertex 7.8475865428e-02 1.6000000000e-01 7.0586671723e-05
   endloop
 endfacet
 facet normal  0.0000000000e+00 1.0000000000e+00 0.0000000000e+00
   outer loop
     vertex 7.8475865428e-02 1.6000000000e-01 1.4117334345e-04
     vertex 8.0000000000e-02 1.6000000000e-01 0.0000000000e+00
     vertex 7.8475865428e-02 1.6000000000e-01 7.0586671723e-05
   endloop
 endfacet
 facet normal  1.8210711919e-14 1.0000000000e+00 -3.5803415811e-26
   outer loop
     vertex 8.0000000000e-02 1.6000000000e-01 0.0000000000e+00
     vertex 7.8475865428e-02 1.6000000000e-01 -7.0586671723e-05
     vertex 7.8475865428e-02 1.6000000000e-01 -1.8653473786e-18
   endloop
 endfacet
 facet normal  -1.2670156723e-14 1.0000000000e+00 2.4910332532e-26
   outer loop
     vertex 7.8475865428e-02 1.6000000000e-01 -7.0586671723e-05
     vertex 7.6285239359e-02 1.6000000000e-01 -2.9220253278e-18
     vertex 7.8475865428e-02 1.6000000000e-01 -1.8653473786e-18
   endloop
 endfacet
 facet normal  -1.2670156723e-14 1.0000000000e+00 1.3474986777e-26
   outer loop
     vertex 7.8475865428e-02 1.6000000000e-01 -7.0586671723e-05
     vertex 7.6285239359e-02 1.6000000000e-01 -1.6963569183e-04
     vertex 7.6285239359e-02 1.6000000000e-01 -2.9220253278e-18
   endloop
 endfacet
 facet normal  0.0000000000e+00 1.0000000000e+00 0.0000000000e+00
   outer loop
     vertex 7.6285239359e-02 1.6000000000e-01 -1.6963569183e-04
     vertex 7.3201671531e-02 1.6000000000e-01 -2.5835661968e-18
     vertex 7.6285239359e-02 1.6000000000e-01 -2.9220253278e-18
   endloop
 endfacet
 facet normal  0.0000000000e+00 1.0000000000e+00 0.0000000000e+00
   outer loop
     vertex 7.6285239359e-02 1.6000000000e-01 -1.6963569183e-04
     vertex 7.3201671531e-02 1.6000000000e-01 -3.0438918067e-04
     vertex 7.3201671531e-02 1.6000000000e-01 -2.5835661968e-18
   endloop
 endfacet
 facet normal  0.0000000000e+00 1.0000000000e+00 0.0000000000e+00
   outer loop
     vertex 7.3201671531e-02 1.6000000000e-01 -3.0438918067e-04
     vertex 6.8986322416e-02 1.6000000000e-01 -2.3845050970e-18
     vertex 7.3201671531e-02 1.6000000000e-01 -2.5835661968e-18
   endloop
 endfacet
 facet normal  0.0000000000e+00 1.0000000000e+00 0.0000000000e+00
   outer loop
     vertex 7.3201671531e-02 1.6000000000e-01 -3.0438918067e-04
     vertex 6.8986322416e-02 1.6000000000e-01 -4.8012389680e-04
     vertex 6.8986322416e-02 1.6000000000e-01 -2.3845050970e-18
   endloop
 endfacet
 facet normal  -0.0000000000e+00 1.0000000000e+00 0.0000000000e+00
   outer loop
     vertex 6.8986322416e-02 1.6000000000e-01 -4.8012389680e-04
     vertex 6.3448579355e-02 1.6000000000e-01 -3.1323802986e-18
     vertex 6.8986322416e-02 1.6000000000e-01 -2.3845050970e-18
   endloop
 endfacet
 facet normal  0.0000000000e+00 1.0000000000e+00 0.0000000000e+00
   outer loop
     vertex 6.8986322416e-02 1.6000000000e-01 -4.8012389680e-04
     vertex 6.3448579355e-02 1.6000000000e-01 -6.9654107190e-04
     vertex 6.3448579355e-02 1.6000000000e-01 -3.1323802986e-18
   endloop
 endfacet
 facet normal  0.0000000000e+00 1.0000000000e+00 0.0000000000e+00
   outer loop
     vertex 6.3448579355e-02 1.6000000000e-01 -6.9654107190e-04
     vertex 5.6541857219e-02 1.6000000000e-01 -1.9791131659e-18
     vertex 6.3448579355e-02 1.6000000000e-01 -3.1323802986e-18
   endloop
 endfacet
 facet normal  0.0000000000e+00 1.0000000000e+00 0.0000000000e+00
   outer loop
     vertex 6.3448579355e-02 1.6000000000e-01 -6.9654107190e-04
     vertex 5.6541857219e-02 1.6000000000e-01 -9.4303359203e-04
     vertex 5.6541857219e-02 1.6000000000e-01 -1.9791131659e-18
   endloop
 endfacet
 facet normal  0.0000000000e+00 1.0000000000e+00 0.0000000000e+00
   outer loop
     vertex 5.6541857219e-02 1.6000000000e-01 -9.4303359203e-04
     vertex 4.8464714625e-02 1.6000000000e-01 -1.3309716415e-18
     vertex 5.6541857219e-02 1.6000000000e-01 -1.9791131659e-18
   endloop
 endfacet
 facet normal  0.0000000000e+00 1.0000000000e+00 0.0000000000e+00
   outer loop
     vertex 5.6541857219e-02 1.6000000000e-01 -9.4303359203e-04
     vertex 4.8464714625e-02 1.6000000000e-01 -1.1950261046e-03
     vertex 4.8464714625e-02 1.6000000000e-01 -1.3309716415e-18
   endloop
 endfacet
 facet normal  0.0000000000e+00 1.0000000000e+00 0.0000000000e+00
   outer loop
     vertex 4.8464714625e-02 1.6000000000e-01 -1.1950261046e-03
     vertex 3.9700001194e-02 1.6000000000e-01 -1.0842021725e-18
     vertex 4.8464714625e-02 1.6000000000e-01 -1.3309716415e-18
   endloop
 endfacet
 facet normal  0.0000000000e+00 1.0000000000e+00 0.0000000000e+00
   outer loop
     vertex 4.8464714625e-02 1.6000000000e-01 -1.1950261046e-03
     vertex 3.9700001194e-02 1.6000000000e-01 -1.4146269856e-03
     vertex 3.9700001194e-02 1.6000000000e-01 -1.0842021725e-18
   endloop
 endfacet
 facet normal  0.0000000000e+00 1.0000000000e+00 0.0000000000e+00
   outer loop
     vertex 3.9700001194e-02 1.6000000000e-01 -1.4146269856e-03
     vertex 3.0929136874e-02 1.6000000000e-01 -1.5595105240e-03
     vertex 3.9700001194e-02 1.6000000000e-01 -1.0842021725e-18
   endloop
 endfacet
 facet normal  0.0000000000e+00 1.0000000000e+00 0.0000000000e+00
   outer loop
     vertex 3.9700001194e-02 1.6000000000e-01 -1.0842021725e-18
     vertex 3.0929136874e-02 1.6000000000e-01 -1.5595105240e-03
     vertex 3.0929136874e-02 1.6000000000e-01 -1.2940378054e-18
   endloop
 endfacet
 facet normal  0.0000000000e+00 1.0000000000e+00 0.0000000000e+00
   outer loop
     vertex 3.0929136874e-02 1.6000000000e-01 -1.5595105240e-03
     vertex 2.2836864089e-02 1.6000000000e-01 -1.5991909397e-03
     vertex 3.0929136874e-02 1.6000000000e-01 -1.2940378054e-18
   endloop
 endfacet
 facet normal  0.0000000000e+00 1.0000000000e+00 0.0000000000e+00
   outer loop
     vertex 3.0929136874e-02 1.6000000000e-01 -1.2940378054e-18
     vertex 2.2836864089e-02 1.6000000000e-01 -1.5991909397e-03
     vertex 2.2836864089e-02 1.6000000000e-01 4.9647428604e-20
   endloop
 endfacet
 facet normal  -0.0000000000e+00 1.0000000000e+00 0.0000000000e+00
   outer loop
     vertex 2.2836864089e-02 1.6000000000e-01 -1.5991909397e-03
     vertex 1.5914345335e-02 1.6000000000e-01 -1.5280563469e-03
     vertex 2.2836864089e-02 1.6000000000e-01 4.9647428604e-20
   endloop
 endfacet
 facet normal  0.0000000000e+00 1.0000000000e+00 0.0000000000e+00
   outer loop
     vertex 2.2836864089e-02 1.6000000000e-01 4.9647428604e-20
     vertex 1.5914345335e-02 1.6000000000e-01 -1.5280563469e-03
     vertex 1.5914345335e-02 1.6000000000e-01 -2.0191752202e-19
   endloop
 endfacet
 facet normal  -0.0000000000e+00 1.0000000000e+00 0.0000000000e+00
   outer loop
     vertex 1.5914345335e-02 1.6000000000e-01 -1.5280563469e-03
     vertex 1.0369869553e-02 1.6000000000e-01 -1.3636397694e-03
     vertex 1.5914345335e-02 1.6000000000e-01 -2.0191752202e-19
   endloop
 endfacet
 facet normal  0.0000000000e+00 1.0000000000e+00 0.0000000000e+00
   outer loop
     vertex 1.5914345335e-02 1.6000000000e-01 -2.0191752202e-19
     vertex 1.0369869553e-02 1.6000000000e-01 -1.3636397694e-03
     vertex 1.0369869553e-02 1.6000000000e-01 -4.1781202569e-19
   endloop
 endfacet
 facet normal  -0.0000000000e+00 1.0000000000e+00 0.0000000000e+00
   outer loop
     vertex 1.0369869553e-02 1.6000000000e-01 -1.3636397694e-03
     vertex 6.1658338674e-03 1.6000000000e-01 -1.1323680397e-03
     vertex 1.0369869553e-02 1.6000000000e-01 -4.1781202569e-19
   endloop
 endfacet
 facet normal  0.0000000000e+00 1.0000000000e+00 0.0000000000e+00
   outer loop
     vertex 1.0369869553e-02 1.6000000000e-01 -4.1781202569e-19
     vertex 6.1658338674e-03 1.6000000000e-01 -1.1323680397e-03
     vertex 6.1658338674e-03 1.6000000000e-01 4.7192328455e-19
   endloop
 endfacet
 facet normal  -0.0000000000e+00 1.0000000000e+00 0.0000000000e+00
   outer loop
     vertex 6.1658338674e-03 1.6000000000e-01 -1.1323680397e-03
     vertex 3.1225837014e-03 1.6000000000e-01 -8.5254026534e-04
     vertex 6.1658338674e-03 1.6000000000e-01 4.7192328455e-19
   endloop
 endfacet
 facet normal  0.0000000000e+00 1.0000000000e+00 0.0000000000e+00
   outer loop
     vertex 6.1658338674e-03 1.6000000000e-01 4.7192328455e-19
     vertex 3.1225837014e-03 1.6000000000e-01 -8.5254026534e-04
     vertex 3.1225837014e-03 1.6000000000e-01 1.7651570987e-18
   endloop
 endfacet
 facet normal  -0.0000000000e+00 1.0000000000e+00 0.0000000000e+00
   outer loop
     vertex 3.1225837014e-03 1.6000000000e-01 -8.5254026534e-04
     vertex 1.0332546715e-03 1.6000000000e-01 -5.1427187054e-04
     vertex 3.1225837014e-03 1.6000000000e-01 1.7651570987e-18
   endloop
 endfacet
 facet normal  0.0000000000e+00 1.0000000000e+00 -0.0000000000e+00
   outer loop
     vertex 3.1225837014e-03 1.6000000000e-01 1.7651570987e-18
     vertex 1.0332546715e-03 1.6000000000e-01 -5.1427187054e-04
     vertex 1.0332546715e-03 1.6000000000e-01 -7.2595973497e-18
   endloop
 endfacet
 facet normal  0.0000000000e+00 1.0000000000e+00 0.0000000000e+00
   outer loop
     vertex 1.0332546715e-03 1.6000000000e-01 -5.1427187054e-04
     vertex 0.0000000000e+00 1.6000000000e-01 0.0000000000e+00
     vertex 1.0332546715e-03 1.6000000000e-01 -7.2595973497e-18
   endloop
 endfacet
 facet normal  0.0000000000e+00 1.0000000000e+00 0.0000000000e+00
   outer loop
     vertex 0.0000000000e+00 1.6000000000e-01 0.0000000000e+00
     vertex 1.0332546715e-03 1.6000000000e-01 5.1427187054e-04
     vertex 1.0332546715e-03 1.6000000000e-01 -7.2595973497e-18
   endloop
 endfacet
 facet normal  0.0000000000e+00 1.0000000000e+00 0.0000000000e+00
   outer loop
     vertex 1.0332546715e-03 1.6000000000e-01 5.1427187054e-04
     vertex 3.1225837014e-03 1.6000000000e-01 1.7651570987e-18
     vertex 1.0332546715e-03 1.6000000000e-01 -7.2595973497e-18
   endloop
 endfacet
 facet normal  0.0000000000e+00 1.0000000000e+00 0.0000000000e+00
   outer loop
     vertex 1.0332546715e-03 1.6000000000e-01 5.1427187054e-04
     vertex 3.1225837014e-03 1.6000000000e-01 8.5254026534e-04
     vertex 3.1225837014e-03 1.6000000000e-01 1.7651570987e-18
   endloop
 endfacet
 facet normal  0.0000000000e+00 1.0000000000e+00 0.0000000000e+00
   outer loop
     vertex 3.1225837014e-03 1.6000000000e-01 8.5254026534e-04
     vertex 6.1658338674e-03 1.6000000000e-01 4.7192328455e-19
     vertex 3.1225837014e-03 1.6000000000e-01 1.7651570987e-18
   endloop
 endfacet
 facet normal  0.0000000000e+00 1.0000000000e+00 0.0000000000e+00
   outer loop
     vertex 3.1225837014e-03 1.6000000000e-01 8.5254026534e-04
     vertex 6.1658338674e-03 1.6000000000e-01 1.1323680397e-03
     vertex 6.1658338674e-03 1.6000000000e-01 4.7192328455e-19
   endloop
 endfacet
 facet normal  0.0000000000e+00 1.0000000000e+00 0.0000000000e+00
   outer loop
     vertex 6.1658338674e-03 1.6000000000e-01 1.1323680397e-03
     vertex 1.0369869553e-02 1.6000000000e-01 -4.1781202569e-19
     vertex 6.1658338674e-03 1.6000000000e-01 4.7192328455e-19
   endloop
 endfacet
 facet normal  0.0000000000e+00 1.0000000000e+00 0.0000000000e+00
   outer loop
     vertex 6.1658338674e-03 1.6000000000e-01 1.1323680397e-03
     vertex 1.0369869553e-02 1.6000000000e-01 1.3636397694e-03
     vertex 1.0369869553e-02 1.6000000000e-01 -4.1781202569e-19
   endloop
 endfacet
 facet normal  0.0000000000e+00 1.0000000000e+00 0.0000000000e+00
   outer loop
     vertex 1.0369869553e-02 1.6000000000e-01 1.3636397694e-03
     vertex 1.5914345335e-02 1.6000000000e-01 -2.0191752202e-19
     vertex 1.0369869553e-02 1.6000000000e-01 -4.1781202569e-19
   endloop
 endfacet
 facet normal  0.0000000000e+00 1.0000000000e+00 0.0000000000e+00
   outer loop
     vertex 1.0369869553e-02 1.6000000000e-01 1.3636397694e-03
     vertex 1.5914345335e-02 1.6000000000e-01 1.5280563469e-03
     vertex 1.5914345335e-02 1.6000000000e-01 -2.0191752202e-19
   endloop
 endfacet
 facet normal  0.0000000000e+00 1.0000000000e+00 0.0000000000e+00
   outer loop
     vertex 1.5914345335e-02 1.6000000000e-01 1.5280563469e-03
     vertex 2.2836864089e-02 1.6000000000e-01 4.9647428604e-20
     vertex 1.5914345335e-02 1.6000000000e-01 -2.0191752202e-19
   endloop
 endfacet
 facet normal  0.0000000000e+00 1.0000000000e+00 0.0000000000e+00
   outer loop
     vertex 1.5914345335e-02 1.6000000000e-01 1.5280563469e-03
     vertex 2.2836864089e-02 1.6000000000e-01 1.5991909397e-03
     vertex 2.2836864089e-02 1.6000000000e-01 4.9647428604e-20
   endloop
 endfacet
 facet normal  0.0000000000e+00 1.0000000000e+00 0.0000000000e+00
   outer loop
     vertex 2.2836864089e-02 1.6000000000e-01 1.5991909397e-03
     vertex 3.0929136874e-02 1.6000000000e-01 -1.2940378054e-18
     vertex 2.2836864089e-02 1.6000000000e-01 4.9647428604e-20
   endloop
 endfacet
 facet normal  0.0000000000e+00 1.0000000000e+00 0.0000000000e+00
   outer loop
     vertex 2.2836864089e-02 1.6000000000e-01 1.5991909397e-03
     vertex 3.0929136874e-02 1.6000000000e-01 1.5595105240e-03
     vertex 3.0929136874e-02 1.6000000000e-01 -1.2940378054e-18
   endloop
 endfacet
 facet normal  0.0000000000e+00 1.0000000000e+00 0.0000000000e+00
   outer loop
     vertex 3.0929136874e-02 1.6000000000e-01 1.5595105240e-03
     vertex 3.9700001194e-02 1.6000000000e-01 -1.0842021725e-18
     vertex 3.0929136874e-02 1.6000000000e-01 -1.2940378054e-18
   endloop
 endfacet
 facet normal  0.0000000000e+00 1.0000000000e+00 0.0000000000e+00
   outer loop
     vertex 3.0929136874e-02 1.6000000000e-01 1.5595105240e-03
     vertex 3.9700001194e-02 1.6000000000e-01 1.4146269856e-03
     vertex 3.9700001194e-02 1.6000000000e-01 -1.0842021725e-18
   endloop
 endfacet
 facet normal  -3.1667407992e-15 1.0000000000e+00 1.5533196136e-29
   outer loop
     vertex 3.9700001194e-02 1.6000000000e-01 1.4146269856e-03
     vertex 4.8464714625e-02 1.6000000000e-01 1.1950261046e-03
     vertex 3.9700001194e-02 1.6000000000e-01 -1.0842021725e-18
   endloop
 endfacet
 facet normal  -3.1667407992e-15 1.0000000000e+00 3.6775227489e-29
   outer loop
     vertex 3.9700001194e-02 1.6000000000e-01 -1.0842021725e-18
     vertex 4.8464714625e-02 1.6000000000e-01 1.1950261046e-03
     vertex 4.8464714625e-02 1.6000000000e-01 -1.3309716415e-18
   endloop
 endfacet
 facet normal  3.4363112068e-15 1.0000000000e+00 -3.9905737277e-29
   outer loop
     vertex 4.8464714625e-02 1.6000000000e-01 1.1950261046e-03
     vertex 5.6541857219e-02 1.6000000000e-01 9.4303359203e-04
     vertex 4.8464714625e-02 1.6000000000e-01 -1.3309716415e-18
   endloop
 endfacet
 facet normal  3.4363112068e-15 1.0000000000e+00 -7.5853710048e-29
   outer loop
     vertex 4.8464714625e-02 1.6000000000e-01 -1.3309716415e-18
     vertex 5.6541857219e-02 1.6000000000e-01 9.4303359203e-04
     vertex 5.6541857219e-02 1.6000000000e-01 -1.9791131659e-18
   endloop
 endfacet
 facet normal  0.0000000000e+00 1.0000000000e+00 0.0000000000e+00
   outer loop
     vertex 5.6541857219e-02 1.6000000000e-01 9.4303359203e-04
     vertex 6.3448579355e-02 1.6000000000e-01 6.9654107190e-04
     vertex 5.6541857219e-02 1.6000000000e-01 -1.9791131659e-18
   endloop
 endfacet
 facet normal  0.0000000000e+00 1.0000000000e+00 0.0000000000e+00
   outer loop
     vertex 5.6541857219e-02 1.6000000000e-01 -1.9791131659e-18
     vertex 6.3448579355e-02 1.6000000000e-01 6.9654107190e-04
     vertex 6.3448579355e-02 1.6000000000e-01 -3.1323802986e-18
   endloop
 endfacet
 facet normal  0.0000000000e+00 1.0000000000e+00 0.0000000000e+00
   outer loop
     vertex 6.3448579355e-02 1.6000000000e-01 6.9654107190e-04
     vertex 6.8986322416e-02 1.6000000000e-01 4.8012389680e-04
     vertex 6.3448579355e-02 1.6000000000e-01 -3.1323802986e-18
   endloop
 endfacet
 facet normal  0.0000000000e+00 1.0000000000e+00 0.0000000000e+00
   outer loop
     vertex 6.3448579355e-02 1.6000000000e-01 -3.1323802986e-18
     vertex 6.8986322416e-02 1.6000000000e-01 4.8012389680e-04
     vertex 6.8986322416e-02 1.6000000000e-01 -2.3845050970e-18
   endloop
 endfacet
 facet normal  0.0000000000e+00 1.0000000000e+00 0.0000000000e+00
   outer loop
     vertex 6.8986322416e-02 1.6000000000e-01 4.8012389680e-04
     vertex 7.3201671531e-02 1.6000000000e-01 3.0438918067e-04
     vertex 6.8986322416e-02 1.6000000000e-01 -2.3845050970e-18
   endloop
 endfacet
 facet normal  0.0000000000e+00 1.0000000000e+00 0.0000000000e+00
   outer loop
     vertex 6.8986322416e-02 1.6000000000e-01 -2.3845050970e-18
     vertex 7.3201671531e-02 1.6000000000e-01 3.0438918067e-04
     vertex 7.3201671531e-02 1.6000000000e-01 -2.5835661968e-18
   endloop
 endfacet
 facet normal  0.0000000000e+00 1.0000000000e+00 0.0000000000e+00
   outer loop
     vertex 7.3201671531e-02 1.6000000000e-01 3.0438918067e-04
     vertex 7.6285239359e-02 1.6000000000e-01 1.6963569183e-04
     vertex 7.3201671531e-02 1.6000000000e-01 -2.5835661968e-18
   endloop
 endfacet
 facet normal  0.0000000000e+00 1.0000000000e+00 0.0000000000e+00
   outer loop
     vertex 7.3201671531e-02 1.6000000000e-01 -2.5835661968e-18
     vertex 7.6285239359e-02 1.6000000000e-01 1.6963569183e-04
     vertex 7.6285239359e-02 1.6000000000e-01 -2.9220253278e-18
   endloop
 endfacet
 facet normal  0.0000000000e+00 1.0000000000e+00 0.0000000000e+00
   outer loop
     vertex 7.6285239359e-02 1.6000000000e-01 1.6963569183e-04
     vertex 7.8475865428e-02 1.6000000000e-01 7.0586671723e-05
     vertex 7.6285239359e-02 1.6000000000e-01 -2.9220253278e-18
   endloop
 endfacet
 facet normal  0.0000000000e+00 1.0000000000e+00 0.0000000000e+00
   outer loop
     vertex 7.6285239359e-02 1.6000000000e-01 -2.9220253278e-18
     vertex 7.8475865428e-02 1.6000000000e-01 7.0586671723e-05
     vertex 7.8475865428e-02 1.6000000000e-01 -1.8653473786e-18
   endloop
 endfacet
 facet normal  0.0000000000e+00 1.0000000000e+00 0.0000000000e+00
   outer loop
     vertex 7.8475865428e-02 1.6000000000e-01 7.0586671723e-05
     vertex 8.0000000000e-02 1.6000000000e-01 0.0000000000e+00
     vertex 7.8475865428e-02 1.6000000000e-01 -1.8653473786e-18
   endloop
 endfacet
 facet normal  -6.9917147958e-01 7.0078494174e-01 -1.4163229703e-01
   outer loop
     vertex -1.0000000000e-02 1.6050000000e-01 0.0000000000e+00
     vertex -6.5253108077e-03 1.6396668919e-01 0.0000000000e+00
     vertex -1.0000000000e-02 1.6046068153e-01 -1.9454457548e-04
   endloop
 endfacet
 facet normal  -6.9917893261e-01 7.0078913476e-01 -1.4157474631e-01
   outer loop
     vertex -6.5253108077e-03 1.6396668919e-01 0.0000000000e+00
     vertex -6.5253108077e-03 1.6365745475e-01 -1.5306977043e-03
     vertex -1.0000000000e-02 1.6046068153e-01 -1.9454457548e-04
   endloop
 endfacet
 facet normal  -6.9911382521e-01 5.9278531828e-01 -3.9980673560e-01
   outer loop
     vertex -1.0000000000e-02 1.6046068153e-01 -1.9454457548e-04
     vertex -6.5253108077e-03 1.6365745475e-01 -1.5306977043e-03
     vertex -1.0000000000e-02 1.6035348407e-01 -3.5348406709e-04
   endloop
 endfacet
 facet normal  -6.9942395677e-01 5.9389214433e-01 -3.9761570592e-01
   outer loop
     vertex -6.5253108077e-03 1.6365745475e-01 -1.5306977043e-03
     vertex -6.5253108077e-03 1.6280458000e-01 -2.8045800043e-03
     vertex -1.0000000000e-02 1.6035348407e-01 -3.5348406709e-04
   endloop
 endfacet
 facet normal  -6.9966276063e-01 3.9950638523e-01 -5.9233999489e-01
   outer loop
     vertex -1.0000000000e-02 1.6035348407e-01 -3.5348406709e-04
     vertex -6.5253108077e-03 1.6280458000e-01 -2.8045800043e-03
     vertex -1.0000000000e-02 1.6019454458e-01 -4.6068152516e-04
   endloop
 endfacet
 facet normal  -6.9935531065e-01 3.9765307585e-01 -5.9394796130e-01
   outer loop
     vertex -6.5253108077e-03 1.6280458000e-01 -2.8045800043e-03
     vertex -6.5253108077e-03 1.6153069770e-01 -3.6574547473e-03
     vertex -1.0000000000e-02 1.6019454458e-01 -4.6068152516e-04
   endloop
 endfacet
 facet normal  -6.9918462924e-01 1.4162974954e-01 -7.0077233698e-01
   outer loop
     vertex -1.0000000000e-02 1.6019454458e-01 -4.6068152516e-04
     vertex -6.5253108077e-03 1.6153069770e-01 -3.6574547473e-03
     vertex -1.0000000000e-02 1.6000000000e-01 -5.0000000000e-04
   endloop
 endfacet
 facet normal  -6.9917726132e-01 1.4157506997e-01 -7.0079073682e-01
   outer loop
     vertex -6.5253108077e-03 1.6153069770e-01 -3.6574547473e-03
     vertex -6.5253108077e-03 1.6000000000e-01 -3.9666891923e-03
     vertex -1.0000000000e-02 1.6000000000e-01 -5.0000000000e-04
   endloop
 endfacet
 facet normal  -6.9917726132e-01 -1.4157506997e-01 -7.0079073682e-01
   outer loop
     vertex -1.0000000000e-02 1.6000000000e-01 -5.0000000000e-04
     vertex -6.5253108077e-03 1.6000000000e-01 -3.9666891923e-03
     vertex -6.5253108077e-03 1.5846930230e-01 -3.6574547473e-03
   endloop
 endfacet
 facet normal  -6.9918462924e-01 -1.4162974954e-01 -7.0077233698e-01
   outer loop
     vertex -1.0000000000e-02 1.6000000000e-01 -5.0000000000e-04
     vertex -6.5253108077e-03 1.5846930230e-01 -3.6574547473e-03
     vertex -1.0000000000e-02 1.5980545542e-01 -4.6068152516e-04
   endloop
 endfacet
 facet normal  -6.9935531065e-01 -3.9765307585e-01 -5.9394796130e-01
   outer loop
     vertex -1.0000000000e-02 1.5980545542e-01 -4.6068152516e-04
     vertex -6.5253108077e-03 1.5846930230e-01 -3.6574547473e-03
     vertex -6.5253108077e-03 1.5719542000e-01 -2.8045800043e-03
   endloop
 endfacet
 facet normal  -6.9966276063e-01 -3.9950638523e-01 -5.9233999489e-01
   outer loop
     vertex -1.0000000000e-02 1.5980545542e-01 -4.6068152516e-04
     vertex -6.5253108077e-03 1.5719542000e-01 -2.8045800043e-03
     vertex -1.0000000000e-02 1.5964651593e-01 -3.5348406709e-04
   endloop
 endfacet
 facet normal  -6.9942395677e-01 -5.9389214433e-01 -3.9761570592e-01
   outer loop
     vertex -1.0000000000e-02 1.5964651593e-01 -3.5348406709e-04
     vertex -6.5253108077e-03 1.5719542000e-01 -2.8045800043e-03
     vertex -6.5253108077e-03 1.5634254525e-01 -1.5306977043e-03
   endloop
 endfacet
 facet normal  -6.9911382521e-01 -5.9278531828e-01 -3.9980673560e-01
   outer loop
     vertex -1.0000000000e-02 1.5964651593e-01 -3.5348406709e-04
     vertex -6.5253108077e-03 1.5634254525e-01 -1.5306977043e-03
     vertex -1.0000000000e-02 1.5953931847e-01 -1.9454457548e-04
   endloop
 endfacet
 facet normal  -6.9917893261e-01 -7.0078913476e-01 -1.4157474631e-01
   outer loop
     vertex -1.0000000000e-02 1.5953931847e-01 -1.9454457548e-04
     vertex -6.5253108077e-03 1.5634254525e-01 -1.5306977043e-03
     vertex -6.5253108077e-03 1.5603331081e-01 5.3050068348e-20
   endloop
 endfacet
 facet normal  -6.9917147958e-01 -7.0078494174e-01 -1.4163229703e-01
   outer loop
     vertex -1.0000000000e-02 1.5953931847e-01 -1.9454457548e-04
     vertex -6.5253108077e-03 1.5603331081e-01 5.3050068348e-20
     vertex -1.0000000000e-02 1.5950000000e-01 0.0000000000e+00
   endloop
 endfacet
 facet normal  -6.9917147958e-01 -7.0078494174e-01 1.4163229703e-01
   outer loop
     vertex -1.0000000000e-02 1.5950000000e-01 0.0000000000e+00
     vertex -6.5253108077e-03 1.5603331081e-01 5.3050068348e-20
     vertex -1.0000000000e-02 1.5953931847e-01 1.9454457548e-04
   endloop
 endfacet
 facet normal  -6.9917893261e-01 -7.0078913476e-01 1.4157474631e-01
   outer loop
     vertex -6.5253108077e-03 1.5603331081e-01 5.3050068348e-20
     vertex -6.5253108077e-03 1.5634254525e-01 1.5306977043e-03
     vertex -1.0000000000e-02 1.5953931847e-01 1.9454457548e-04
   endloop
 endfacet
 facet normal  -6.9911382521e-01 -5.9278531828e-01 3.9980673560e-01
   outer loop
     vertex -1.0000000000e-02 1.5953931847e-01 1.9454457548e-04
     vertex -6.5253108077e-03 1.5634254525e-01 1.5306977043e-03
     vertex -1.0000000000e-02 1.5964651593e-01 3.5348406709e-04
   endloop
 endfacet
 facet normal  -6.9942395677e-01 -5.9389214433e-01 3.9761570592e-01
   outer loop
     vertex -6.5253108077e-03 1.5634254525e-01 1.5306977043e-03
     vertex -6.5253108077e-03 1.5719542000e-01 2.8045800043e-03
     vertex -1.0000000000e-02 1.5964651593e-01 3.5348406709e-04
   endloop
 endfacet
 facet normal  -6.9966276063e-01 -3.9950638523e-01 5.9233999489e-01
   outer loop
     vertex -1.0000000000e-02 1.5964651593e-01 3.5348406709e-04
     vertex -6.5253108077e-03 1.5719542000e-01 2.8045800043e-03
     vertex -1.0000000000e-02 1.5980545542e-01 4.6068152516e-04
   endloop
 endfacet
 facet normal  -6.9935531065e-01 -3.9765307585e-01 5.9394796130e-01
   outer loop
     vertex -6.5253108077e-03 1.5719542000e-01 2.8045800043e-03
     vertex -6.5253108077e-03 1.5846930230e-01 3.6574547473e-03
     vertex -1.0000000000e-02 1.5980545542e-01 4.6068152516e-04
   endloop
 endfacet
 facet normal  -6.9918462924e-01 -1.4162974954e-01 7.0077233698e-01
   outer loop
     vertex -1.0000000000e-02 1.5980545542e-01 4.6068152516e-04
     vertex -6.5253108077e-03 1.5846930230e-01 3.6574547473e-03
     vertex -1.0000000000e-02 1.6000000000e-01 5.0000000000e-04
   endloop
 endfacet
 facet normal  -6.9917726132e-01 -1.4157506997e-01 7.0079073682e-01
   outer loop
     vertex -6.5253108077e-03 1.5846930230e-01 3.6574547473e-03
     vertex -6.5253108077e-03 1.6000000000e-01 3.9666891923e-03
     vertex -1.0000000000e-02 1.6000000000e-01 5.0000000000e-04
   endloop
 endfacet
 facet normal  -6.9917726132e-01 1.4157506997e-01 7.0079073682e-01
   outer loop
     vertex -1.0000000000e-02 1.6000000000e-01 5.0000000000e-04
     vertex -6.5253108077e-03 1.6000000000e-01 3.9666891923e-03
     vertex -6.5253108077e-03 1.6153069770e-01 3.6574547473e-03
   endloop
 endfacet
 facet normal  -6.9918462924e-01 1.4162974954e-01 7.0077233698e-01
   outer loop
     vertex -1.0000000000e-02 1.6000000000e-01 5.0000000000e-04
     vertex -6.5253108077e-03 1.6153069770e-01 3.6574547473e-03
     vertex -1.0000000000e-02 1.6019454458e-01 4.6068152516e-04
   endloop
 endfacet
 facet normal  -6.9935531065e-01 3.9765307585e-01 5.9394796130e-01
   outer loop
     vertex -1.0000000000e-02 1.6019454458e-01 4.6068152516e-04
     vertex -6.5253108077e-03 1.6153069770e-01 3.6574547473e-03
     vertex -6.5253108077e-03 1.6280458000e-01 2.8045800043e-03
   endloop
 endfacet
 facet normal  -6.9966276063e-01 3.9950638523e-01 5.9233999489e-01
   outer loop
     vertex -1.0000000000e-02 1.6019454458e-01 4.6068152516e-04
     vertex -6.5253108077e-03 1.6280458000e-01 2.8045800043e-03
     vertex -1.0000000000e-02 1.6035348407e-01 3.5348406709e-04
   endloop
 endfacet
 facet normal  -6.9942395677e-01 5.9389214433e-01 3.9761570592e-01
   outer loop
     vertex -1.0000000000e-02 1.6035348407e-01 3.5348406709e-04
     vertex -6.5253108077e-03 1.6280458000e-01 2.8045800043e-03
     vertex -6.5253108077e-03 1.6365745475e-01 1.5306977043e-03
   endloop
 endfacet
 facet normal  -6.9911382521e-01 5.9278531828e-01 3.9980673560e-01
   outer loop
     vertex -1.0000000000e-02 1.6035348407e-01 3.5348406709e-04
     vertex -6.5253108077e-03 1.6365745475e-01 1.5306977043e-03
     vertex -1.0000000000e-02 1.6046068153e-01 1.9454457548e-04
   endloop
 endfacet
 facet normal  -6.9917893261e-01 7.0078913476e-01 1.4157474631e-01
   outer loop
     vertex -1.0000000000e-02 1.6046068153e-01 1.9454457548e-04
     vertex -6.5253108077e-03 1.6365745475e-01 1.5306977043e-03
     vertex -6.5253108077e-03 1.6396668919e-01 0.0000000000e+00
   endloop
 endfacet
 facet normal  -6.9917147958e-01 7.0078494174e-01 1.4163229703e-01
   outer loop
     vertex -1.0000000000e-02 1.6046068153e-01 1.9454457548e-04
     vertex -6.5253108077e-03 1.6396668919e-01 0.0000000000e+00
     vertex -1.0000000000e-02 1.6050000000e-01 0.0000000000e+00
   endloop
 endfacet
 facet normal  -6.7458687970e-01 7.2357749392e-01 -1.4617849373e-01
   outer loop
     vertex -6.5253108077e-03 1.6396668919e-01 0.0000000000e+00
     vertex -2.1534746587e-03 1.6804252534e-01 0.0000000000e+00
     vertex -6.5253108077e-03 1.6365745475e-01 -1.5306977043e-03
   endloop
 endfacet
 facet normal  -6.7457907605e-01 7.2357924978e-01 -1.4620581191e-01
   outer loop
     vertex -2.1534746587e-03 1.6804252534e-01 0.0000000000e+00
     vertex -2.1534746587e-03 1.6741311631e-01 -3.1149740778e-03
     vertex -6.5253108077e-03 1.6365745475e-01 -1.5306977043e-03
   endloop
 endfacet
 facet normal  -6.7523586279e-01 6.1291682686e-01 -4.1035288833e-01
   outer loop
     vertex -6.5253108077e-03 1.6365745475e-01 -1.5306977043e-03
     vertex -2.1534746587e-03 1.6741311631e-01 -3.1149740778e-03
     vertex -6.5253108077e-03 1.6280458000e-01 -2.8045800043e-03
   endloop
 endfacet
 facet normal  -6.7491560643e-01 6.1253970518e-01 -4.1144140989e-01
   outer loop
     vertex -2.1534746587e-03 1.6741311631e-01 -3.1149740778e-03
     vertex -2.1534746587e-03 1.6568609843e-01 -5.6860984252e-03
     vertex -6.5253108077e-03 1.6280458000e-01 -2.8045800043e-03
   endloop
 endfacet
 facet normal  -6.7480617902e-01 4.1057159599e-01 -6.1324349595e-01
   outer loop
     vertex -6.5253108077e-03 1.6280458000e-01 -2.8045800043e-03
     vertex -2.1534746587e-03 1.6568609843e-01 -5.6860984252e-03
     vertex -6.5253108077e-03 1.6153069770e-01 -3.6574547473e-03
   endloop
 endfacet
 facet normal  -6.7512828021e-01 4.1133291531e-01 -6.1237818221e-01
   outer loop
     vertex -2.1534746587e-03 1.6568609843e-01 -5.6860984252e-03
     vertex -2.1534746587e-03 1.6311497408e-01 -7.4131163108e-03
     vertex -6.5253108077e-03 1.6153069770e-01 -3.6574547473e-03
   endloop
 endfacet
 facet normal  -6.7457641044e-01 1.4618038820e-01 -7.2358687149e-01
   outer loop
     vertex -6.5253108077e-03 1.6153069770e-01 -3.6574547473e-03
     vertex -2.1534746587e-03 1.6311497408e-01 -7.4131163108e-03
     vertex -6.5253108077e-03 1.6000000000e-01 -3.9666891923e-03
   endloop
 endfacet
 facet normal  -6.7458422061e-01 1.4620488080e-01 -7.2357464172e-01
   outer loop
     vertex -2.1534746587e-03 1.6311497408e-01 -7.4131163108e-03
     vertex -2.1534746587e-03 1.6000000000e-01 -8.0425253413e-03
     vertex -6.5253108077e-03 1.6000000000e-01 -3.9666891923e-03
   endloop
 endfacet
 facet normal  -6.7458422061e-01 -1.4620488080e-01 -7.2357464172e-01
   outer loop
     vertex -6.5253108077e-03 1.6000000000e-01 -3.9666891923e-03
     vertex -2.1534746587e-03 1.6000000000e-01 -8.0425253413e-03
     vertex -2.1534746587e-03 1.5688502592e-01 -7.4131163108e-03
   endloop
 endfacet
 facet normal  -6.7457641044e-01 -1.4618038820e-01 -7.2358687149e-01
   outer loop
     vertex -6.5253108077e-03 1.6000000000e-01 -3.9666891923e-03
     vertex -2.1534746587e-03 1.5688502592e-01 -7.4131163108e-03
     vertex -6.5253108077e-03 1.5846930230e-01 -3.6574547473e-03
   endloop
 endfacet
 facet normal  -6.7512828021e-01 -4.1133291531e-01 -6.1237818221e-01
   outer loop
     vertex -6.5253108077e-03 1.5846930230e-01 -3.6574547473e-03
     vertex -2.1534746587e-03 1.5688502592e-01 -7.4131163108e-03
     vertex -2.1534746587e-03 1.5431390157e-01 -5.6860984252e-03
   endloop
 endfacet
 facet normal  -6.7480617902e-01 -4.1057159599e-01 -6.1324349595e-01
   outer loop
     vertex -6.5253108077e-03 1.5846930230e-01 -3.6574547473e-03
     vertex -2.1534746587e-03 1.5431390157e-01 -5.6860984252e-03
     vertex -6.5253108077e-03 1.5719542000e-01 -2.8045800043e-03
   endloop
 endfacet
 facet normal  -6.7491560643e-01 -6.1253970518e-01 -4.1144140989e-01
   outer loop
     vertex -6.5253108077e-03 1.5719542000e-01 -2.8045800043e-03
     vertex -2.1534746587e-03 1.5431390157e-01 -5.6860984252e-03
     vertex -2.1534746587e-03 1.5258688369e-01 -3.1149740778e-03
   endloop
 endfacet
 facet normal  -6.7523586279e-01 -6.1291682686e-01 -4.1035288833e-01
   outer loop
     vertex -6.5253108077e-03 1.5719542000e-01 -2.8045800043e-03
     vertex -2.1534746587e-03 1.5258688369e-01 -3.1149740778e-03
     vertex -6.5253108077e-03 1.5634254525e-01 -1.5306977043e-03
   endloop
 endfacet
 facet normal  -6.7457907605e-01 -7.2357924978e-01 -1.4620581191e-01
   outer loop
     vertex -6.5253108077e-03 1.5634254525e-01 -1.5306977043e-03
     vertex -2.1534746587e-03 1.5258688369e-01 -3.1149740778e-03
     vertex -2.1534746587e-03 1.5195747466e-01 5.9681326892e-20
   endloop
 endfacet
 facet normal  -6.7458687970e-01 -7.2357749392e-01 -1.4617849373e-01
   outer loop
     vertex -6.5253108077e-03 1.5634254525e-01 -1.5306977043e-03
     vertex -2.1534746587e-03 1.5195747466e-01 5.9681326892e-20
     vertex -6.5253108077e-03 1.5603331081e-01 5.3050068348e-20
   endloop
 endfacet
 facet normal  -6.7458687970e-01 -7.2357749392e-01 1.4617849373e-01
   outer loop
     vertex -6.5253108077e-03 1.5603331081e-01 5.3050068348e-20
     vertex -2.1534746587e-03 1.5195747466e-01 5.9681326892e-20
     vertex -6.5253108077e-03 1.5634254525e-01 1.5306977043e-03
   endloop
 endfacet
 facet normal  -6.7457907605e-01 -7.2357924978e-01 1.4620581191e-01
   outer loop
     vertex -2.1534746587e-03 1.5195747466e-01 5.9681326892e-20
     vertex -2.1534746587e-03 1.5258688369e-01 3.1149740778e-03
     vertex -6.5253108077e-03 1.5634254525e-01 1.5306977043e-03
   endloop
 endfacet
 facet normal  -6.7523586279e-01 -6.1291682686e-01 4.1035288833e-01
   outer loop
     vertex -6.5253108077e-03 1.5634254525e-01 1.5306977043e-03
     vertex -2.1534746587e-03 1.5258688369e-01 3.1149740778e-03
     vertex -6.5253108077e-03 1.5719542000e-01 2.8045800043e-03
   endloop
 endfacet
 facet normal  -6.7491560643e-01 -6.1253970518e-01 4.1144140989e-01
   outer loop
     vertex -2.1534746587e-03 1.5258688369e-01 3.1149740778e-03
     vertex -2.1534746587e-03 1.5431390157e-01 5.6860984252e-03
     vertex -6.5253108077e-03 1.5719542000e-01 2.8045800043e-03
   endloop
 endfacet
 facet normal  -6.7480617902e-01 -4.1057159599e-01 6.1324349595e-01
   outer loop
     vertex -6.5253108077e-03 1.5719542000e-01 2.8045800043e-03
     vertex -2.1534746587e-03 1.5431390157e-01 5.6860984252e-03
     vertex -6.5253108077e-03 1.5846930230e-01 3.6574547473e-03
   endloop
 endfacet
 facet normal  -6.7512828021e-01 -4.1133291531e-01 6.1237818221e-01
   outer loop
     vertex -2.1534746587e-03 1.5431390157e-01 5.6860984252e-03
     vertex -2.1534746587e-03 1.5688502592e-01 7.4131163108e-03
     vertex -6.5253108077e-03 1.5846930230e-01 3.6574547473e-03
   endloop
 endfacet
 facet normal  -6.7457641044e-01 -1.4618038820e-01 7.2358687149e-01
   outer loop
     vertex -6.5253108077e-03 1.5846930230e-01 3.6574547473e-03
     vertex -2.1534746587e-03 1.5688502592e-01 7.4131163108e-03
     vertex -6.5253108077e-03 1.6000000000e-01 3.9666891923e-03
   endloop
 endfacet
 facet normal  -6.7458422061e-01 -1.4620488080e-01 7.2357464172e-01
   outer loop
     vertex -2.1534746587e-03 1.5688502592e-01 7.4131163108e-03
     vertex -2.1534746587e-03 1.6000000000e-01 8.0425253413e-03
     vertex -6.5253108077e-03 1.6000000000e-01 3.9666891923e-03
   endloop
 endfacet
 facet normal  -6.7458422061e-01 1.4620488080e-01 7.2357464172e-01
   outer loop
     vertex -6.5253108077e-03 1.6000000000e-01 3.9666891923e-03
     vertex -2.1534746587e-03 1.6000000000e-01 8.0425253413e-03
     vertex -2.1534746587e-03 1.6311497408e-01 7.4131163108e-03
   endloop
 endfacet
 facet normal  -6.7457641044e-01 1.4618038820e-01 7.2358687149e-01
   outer loop
     vertex -6.5253108077e-03 1.6000000000e-01 3.9666891923e-03
     vertex -2.1534746587e-03 1.6311497408e-01 7.4131163108e-03
     vertex -6.5253108077e-03 1.6153069770e-01 3.6574547473e-03
   endloop
 endfacet
 facet normal  -6.7512828021e-01 4.1133291531e-01 6.1237818221e-01
   outer loop
     vertex -6.5253108077e-03 1.6153069770e-01 3.6574547473e-03
     vertex -2.1534746587e-03 1.6311497408e-01 7.4131163108e-03
     vertex -2.1534746587e-03 1.6568609843e-01 5.6860984252e-03
   endloop
 endfacet
 facet normal  -6.7480617902e-01 4.1057159599e-01 6.1324349595e-01
   outer loop
     vertex -6.5253108077e-03 1.6153069770e-01 3.6574547473e-03
     vertex -2.1534746587e-03 1.6568609843e-01 5.6860984252e-03
     vertex -6.5253108077e-03 1.6280458000e-01 2.8045800043e-03
   endloop
 endfacet
 facet normal  -6.7491560643e-01 6.1253970518e-01 4.1144140989e-01
   outer loop
     vertex -6.5253108077e-03 1.6280458000e-01 2.8045800043e-03
     vertex -2.1534746587e-03 1.6568609843e-01 5.6860984252e-03
     vertex -2.1534746587e-03 1.6741311631e-01 3.1149740778e-03
   endloop
 endfacet
 facet normal  -6.7523586279e-01 6.1291682686e-01 4.1035288833e-01
   outer loop
     vertex -6.5253108077e-03 1.6280458000e-01 2.8045800043e-03
     vertex -2.1534746587e-03 1.6741311631e-01 3.1149740778e-03
     vertex -6.5253108077e-03 1.6365745475e-01 1.5306977043e-03
   endloop
 endfacet
 facet normal  -6.7457907605e-01 7.2357924978e-01 1.4620581191e-01
   outer loop
     vertex -6.5253108077e-03 1.6365745475e-01 1.5306977043e-03
     vertex -2.1534746587e-03 1.6741311631e-01 3.1149740778e-03
     vertex -2.1534746587e-03 1.6804252534e-01 0.0000000000e+00
   endloop
 endfacet
 facet normal  -6.7458687970e-01 7.2357749392e-01 1.4617849373e-01
   outer loop
     vertex -6.5253108077e-03 1.6365745475e-01 1.5306977043e-03
     vertex -2.1534746587e-03 1.6804252534e-01 0.0000000000e+00
     vertex -6.5253108077e-03 1.6396668919e-01 0.0000000000e+00
   endloop
 endfacet
 facet normal  -6.1558138456e-01 7.7246206759e-01 -1.5608303277e-01
   outer loop
     vertex -2.1534746587e-03 1.6804252534e-01 0.0000000000e+00
     vertex 2.7310168942e-03 1.7193501689e-01 0.0000000000e+00
     vertex -2.1534746587e-03 1.6741311631e-01 -3.1149740778e-03
   endloop
 endfacet
 facet normal  -6.1557171880e-01 7.7246565514e-01 -1.5610339727e-01
   outer loop
     vertex 2.7310168942e-03 1.7193501689e-01 0.0000000000e+00
     vertex 2.7310168942e-03 1.7099850399e-01 -4.6342620708e-03
     vertex -2.1534746587e-03 1.6741311631e-01 -3.1149740778e-03
   endloop
 endfacet
 facet normal  -6.1638678076e-01 6.5367089382e-01 -4.3906912790e-01
   outer loop
     vertex -2.1534746587e-03 1.6741311631e-01 -3.1149740778e-03
     vertex 2.7310168942e-03 1.7099850399e-01 -4.6342620708e-03
     vertex -2.1534746587e-03 1.6568609843e-01 -5.6860984252e-03
   endloop
 endfacet
 facet normal  -6.1598648440e-01 6.5347240468e-01 -4.3992552479e-01
   outer loop
     vertex 2.7310168942e-03 1.7099850399e-01 -4.6342620708e-03
     vertex 2.7310168942e-03 1.6843786949e-01 -8.4378694855e-03
     vertex -2.1534746587e-03 1.6568609843e-01 -5.6860984252e-03
   endloop
 endfacet
 facet normal  -6.1590840444e-01 4.3927779083e-01 -6.5398154395e-01
   outer loop
     vertex -2.1534746587e-03 1.6568609843e-01 -5.6860984252e-03
     vertex 2.7310168942e-03 1.6843786949e-01 -8.4378694855e-03
     vertex -2.1534746587e-03 1.6311497408e-01 -7.4131163108e-03
   endloop
 endfacet
 facet normal  -6.1630962530e-01 4.3978435505e-01 -6.5326270889e-01
   outer loop
     vertex 2.7310168942e-03 1.6843786949e-01 -8.4378694855e-03
     vertex 2.7310168942e-03 1.6463426207e-01 -1.0998503991e-02
     vertex -2.1534746587e-03 1.6311497408e-01 -7.4131163108e-03
   endloop
 endfacet
 facet normal  -6.1556981192e-01 1.5608482311e-01 -7.7247092803e-01
   outer loop
     vertex -2.1534746587e-03 1.6311497408e-01 -7.4131163108e-03
     vertex 2.7310168942e-03 1.6463426207e-01 -1.0998503991e-02
     vertex -2.1534746587e-03 1.6000000000e-01 -8.0425253413e-03
   endloop
 endfacet
 facet normal  -6.1557949745e-01 1.5610219374e-01 -7.7245969955e-01
   outer loop
     vertex 2.7310168942e-03 1.6463426207e-01 -1.0998503991e-02
     vertex 2.7310168942e-03 1.6000000000e-01 -1.1935016894e-02
     vertex -2.1534746587e-03 1.6000000000e-01 -8.0425253413e-03
   endloop
 endfacet
 facet normal  -6.1557949745e-01 -1.5610219374e-01 -7.7245969955e-01
   outer loop
     vertex -2.1534746587e-03 1.6000000000e-01 -8.0425253413e-03
     vertex 2.7310168942e-03 1.6000000000e-01 -1.1935016894e-02
     vertex 2.7310168942e-03 1.5536573793e-01 -1.0998503991e-02
   endloop
 endfacet
 facet normal  -6.1556981192e-01 -1.5608482311e-01 -7.7247092803e-01
   outer loop
     vertex -2.1534746587e-03 1.6000000000e-01 -8.0425253413e-03
     vertex 2.7310168942e-03 1.5536573793e-01 -1.0998503991e-02
     vertex -2.1534746587e-03 1.5688502592e-01 -7.4131163108e-03
   endloop
 endfacet
 facet normal  -6.1630962530e-01 -4.3978435505e-01 -6.5326270889e-01
   outer loop
     vertex -2.1534746587e-03 1.5688502592e-01 -7.4131163108e-03
     vertex 2.7310168942e-03 1.5536573793e-01 -1.0998503991e-02
     vertex 2.7310168942e-03 1.5156213051e-01 -8.4378694855e-03
   endloop
 endfacet
 facet normal  -6.1590840444e-01 -4.3927779083e-01 -6.5398154395e-01
   outer loop
     vertex -2.1534746587e-03 1.5688502592e-01 -7.4131163108e-03
     vertex 2.7310168942e-03 1.5156213051e-01 -8.4378694855e-03
     vertex -2.1534746587e-03 1.5431390157e-01 -5.6860984252e-03
   endloop
 endfacet
 facet normal  -6.1598648440e-01 -6.5347240468e-01 -4.3992552479e-01
   outer loop
     vertex -2.1534746587e-03 1.5431390157e-01 -5.6860984252e-03
     vertex 2.7310168942e-03 1.5156213051e-01 -8.4378694855e-03
     vertex 2.7310168942e-03 1.4900149601e-01 -4.6342620708e-03
   endloop
 endfacet
 facet normal  -6.1638678076e-01 -6.5367089382e-01 -4.3906912790e-01
   outer loop
     vertex -2.1534746587e-03 1.5431390157e-01 -5.6860984252e-03
     vertex 2.7310168942e-03 1.4900149601e-01 -4.6342620708e-03
     vertex -2.1534746587e-03 1.5258688369e-01 -3.1149740778e-03
   endloop
 endfacet
 facet normal  -6.1557171880e-01 -7.7246565514e-01 -1.5610339727e-01
   outer loop
     vertex -2.1534746587e-03 1.5258688369e-01 -3.1149740778e-03
     vertex 2.7310168942e-03 1.4900149601e-01 -4.6342620708e-03
     vertex 2.7310168942e-03 1.4806498311e-01 3.9787551261e-20
   endloop
 endfacet
 facet normal  -6.1558138456e-01 -7.7246206759e-01 -1.5608303277e-01
   outer loop
     vertex -2.1534746587e-03 1.5258688369e-01 -3.1149740778e-03
     vertex 2.7310168942e-03 1.4806498311e-01 3.9787551261e-20
     vertex -2.1534746587e-03 1.5195747466e-01 5.9681326892e-20
   endloop
 endfacet
 facet normal  -6.1558138456e-01 -7.7246206759e-01 1.5608303277e-01
   outer loop
     vertex -2.1534746587e-03 1.5195747466e-01 5.9681326892e-20
     vertex 2.7310168942e-03 1.4806498311e-01 3.9787551261e-20
     vertex -2.1534746587e-03 1.5258688369e-01 3.1149740778e-03
   endloop
 endfacet
 facet normal  -6.1557171880e-01 -7.7246565514e-01 1.5610339727e-01
   outer loop
     vertex 2.7310168942e-03 1.4806498311e-01 3.9787551261e-20
     vertex 2.7310168942e-03 1.4900149601e-01 4.6342620708e-03
     vertex -2.1534746587e-03 1.5258688369e-01 3.1149740778e-03
   endloop
 endfacet
 facet normal  -6.1638678076e-01 -6.5367089382e-01 4.3906912790e-01
   outer loop
     vertex -2.1534746587e-03 1.5258688369e-01 3.1149740778e-03
     vertex 2.7310168942e-03 1.4900149601e-01 4.6342620708e-03
     vertex -2.1534746587e-03 1.5431390157e-01 5.6860984252e-03
   endloop
 endfacet
 facet normal  -6.1598648440e-01 -6.5347240468e-01 4.3992552479e-01
   outer loop
     vertex 2.7310168942e-03 1.4900149601e-01 4.6342620708e-03
     vertex 2.7310168942e-03 1.5156213051e-01 8.4378694855e-03
     vertex -2.1534746587e-03 1.5431390157e-01 5.6860984252e-03
   endloop
 endfacet
 facet normal  -6.1590840444e-01 -4.3927779083e-01 6.5398154395e-01
   outer loop
     vertex -2.1534746587e-03 1.5431390157e-01 5.6860984252e-03
     vertex 2.7310168942e-03 1.5156213051e-01 8.4378694855e-03
     vertex -2.1534746587e-03 1.5688502592e-01 7.4131163108e-03
   endloop
 endfacet
 facet normal  -6.1630962530e-01 -4.3978435505e-01 6.5326270889e-01
   outer loop
     vertex 2.7310168942e-03 1.5156213051e-01 8.4378694855e-03
     vertex 2.7310168942e-03 1.5536573793e-01 1.0998503991e-02
     vertex -2.1534746587e-03 1.5688502592e-01 7.4131163108e-03
   endloop
 endfacet
 facet normal  -6.1556981192e-01 -1.5608482311e-01 7.7247092803e-01
   outer loop
     vertex -2.1534746587e-03 1.5688502592e-01 7.4131163108e-03
     vertex 2.7310168942e-03 1.5536573793e-01 1.0998503991e-02
     vertex -2.1534746587e-03 1.6000000000e-01 8.0425253413e-03
   endloop
 endfacet
 facet normal  -6.1557949745e-01 -1.5610219374e-01 7.7245969955e-01
   outer loop
     vertex 2.7310168942e-03 1.5536573793e-01 1.0998503991e-02
     vertex 2.7310168942e-03 1.6000000000e-01 1.1935016894e-02
     vertex -2.1534746587e-03 1.6000000000e-01 8.0425253413e-03
   endloop
 endfacet
 facet normal  -6.1557949745e-01 1.5610219374e-01 7.7245969955e-01
   outer loop
     vertex -2.1534746587e-03 1.6000000000e-01 8.0425253413e-03
     vertex 2.7310168942e-03 1.6000000000e-01 1.1935016894e-02
     vertex 2.7310168942e-03 1.6463426207e-01 1.0998503991e-02
   endloop
 endfacet
 facet normal  -6.1556981192e-01 1.5608482311e-01 7.7247092803e-01
   outer loop
     vertex -2.1534746587e-03 1.6000000000e-01 8.0425253413e-03
     vertex 2.7310168942e-03 1.6463426207e-01 1.0998503991e-02
     vertex -2.1534746587e-03 1.6311497408e-01 7.4131163108e-03
   endloop
 endfacet
 facet normal  -6.1630962530e-01 4.3978435505e-01 6.5326270889e-01
   outer loop
     vertex -2.1534746587e-03 1.6311497408e-01 7.4131163108e-03
     vertex 2.7310168942e-03 1.6463426207e-01 1.0998503991e-02
     vertex 2.7310168942e-03 1.6843786949e-01 8.4378694855e-03
   endloop
 endfacet
 facet normal  -6.1590840444e-01 4.3927779083e-01 6.5398154395e-01
   outer loop
     vertex -2.1534746587e-03 1.6311497408e-01 7.4131163108e-03
     vertex 2.7310168942e-03 1.6843786949e-01 8.4378694855e-03
     vertex -2.1534746587e-03 1.6568609843e-01 5.6860984252e-03
   endloop
 endfacet
 facet normal  -6.1598648440e-01 6.5347240468e-01 4.3992552479e-01
   outer loop
     vertex -2.1534746587e-03 1.6568609843e-01 5.6860984252e-03
     vertex 2.7310168942e-03 1.6843786949e-01 8.4378694855e-03
     vertex 2.7310168942e-03 1.7099850399e-01 4.6342620708e-03
   endloop
 endfacet
 facet normal  -6.1638678076e-01 6.5367089382e-01 4.3906912790e-01
   outer loop
     vertex -2.1534746587e-03 1.6568609843e-01 5.6860984252e-03
     vertex 2.7310168942e-03 1.7099850399e-01 4.6342620708e-03
     vertex -2.1534746587e-03 1.6741311631e-01 3.1149740778e-03
   endloop
 endfacet
 facet normal  -6.1557171880e-01 7.7246565514e-01 1.5610339727e-01
   outer loop
     vertex -2.1534746587e-03 1.6741311631e-01 3.1149740778e-03
     vertex 2.7310168942e-03 1.7099850399e-01 4.6342620708e-03
     vertex 2.7310168942e-03 1.7193501689e-01 0.0000000000e+00
   endloop
 endfacet
 facet normal  -6.1558138456e-01 7.7246206759e-01 1.5608303277e-01
   outer loop
     vertex -2.1534746587e-03 1.6741311631e-01 3.1149740778e-03
     vertex 2.7310168942e-03 1.7193501689e-01 0.0000000000e+00
     vertex -2.1534746587e-03 1.6804252534e-01 0.0000000000e+00
   endloop
 endfacet
 facet normal  -4.9541891381e-01 8.5144247489e-01 -1.7206339470e-01
   outer loop
     vertex 2.7310168942e-03 1.7193501689e-01 0.0000000000e+00
     vertex 7.7436722981e-03 1.7485167230e-01 0.0000000000e+00
     vertex 2.7310168942e-03 1.7099850399e-01 -4.6342620708e-03
   endloop
 endfacet
 facet normal  -4.9540883422e-01 8.5144560965e-01 -1.7207690370e-01
   outer loop
     vertex 7.7436722981e-03 1.7485167230e-01 0.0000000000e+00
     vertex 7.7436722981e-03 1.7368445556e-01 -5.7754500584e-03
     vertex 2.7310168942e-03 1.7099850399e-01 -4.6342620708e-03
   endloop
 endfacet
 facet normal  -4.9627196858e-01 7.2017570270e-01 -4.8483099162e-01
   outer loop
     vertex 2.7310168942e-03 1.7099850399e-01 -4.6342620708e-03
     vertex 7.7436722981e-03 1.7368445556e-01 -5.7754500584e-03
     vertex 2.7310168942e-03 1.6843786949e-01 -8.4378694855e-03
   endloop
 endfacet
 facet normal  -4.9585232070e-01 7.2007122315e-01 -4.8541519306e-01
   outer loop
     vertex 7.7436722981e-03 1.7368445556e-01 -5.7754500584e-03
     vertex 7.7436722981e-03 1.7049972334e-01 -1.0499723341e-02
     vertex 2.7310168942e-03 1.6843786949e-01 -8.4378694855e-03
   endloop
 endfacet
 facet normal  -4.9580673468e-01 4.8497941582e-01 -7.2039617439e-01
   outer loop
     vertex 2.7310168942e-03 1.6843786949e-01 -8.4378694855e-03
     vertex 7.7436722981e-03 1.7049972334e-01 -1.0499723341e-02
     vertex 2.7310168942e-03 1.6463426207e-01 -1.0998503991e-02
   endloop
 endfacet
 facet normal  -4.9622673201e-01 4.8529563314e-01 -7.1989386641e-01
   outer loop
     vertex 7.7436722981e-03 1.7049972334e-01 -1.0499723341e-02
     vertex 7.7436722981e-03 1.6577545006e-01 -1.3684455564e-02
     vertex 2.7310168942e-03 1.6463426207e-01 -1.0998503991e-02
   endloop
 endfacet
 facet normal  -4.9540771995e-01 1.7206465926e-01 -8.5144873248e-01
   outer loop
     vertex 2.7310168942e-03 1.6463426207e-01 -1.0998503991e-02
     vertex 7.7436722981e-03 1.6577545006e-01 -1.3684455564e-02
     vertex 2.7310168942e-03 1.6000000000e-01 -1.1935016894e-02
   endloop
 endfacet
 facet normal  -4.9541781622e-01 1.7207588894e-01 -8.5144058854e-01
   outer loop
     vertex 7.7436722981e-03 1.6577545006e-01 -1.3684455564e-02
     vertex 7.7436722981e-03 1.6000000000e-01 -1.4851672298e-02
     vertex 2.7310168942e-03 1.6000000000e-01 -1.1935016894e-02
   endloop
 endfacet
 facet normal  -4.9541781622e-01 -1.7207588894e-01 -8.5144058854e-01
   outer loop
     vertex 2.7310168942e-03 1.6000000000e-01 -1.1935016894e-02
     vertex 7.7436722981e-03 1.6000000000e-01 -1.4851672298e-02
     vertex 7.7436722981e-03 1.5422454994e-01 -1.3684455564e-02
   endloop
 endfacet
 facet normal  -4.9540771995e-01 -1.7206465926e-01 -8.5144873248e-01
   outer loop
     vertex 2.7310168942e-03 1.6000000000e-01 -1.1935016894e-02
     vertex 7.7436722981e-03 1.5422454994e-01 -1.3684455564e-02
     vertex 2.7310168942e-03 1.5536573793e-01 -1.0998503991e-02
   endloop
 endfacet
 facet normal  -4.9622673201e-01 -4.8529563314e-01 -7.1989386641e-01
   outer loop
     vertex 2.7310168942e-03 1.5536573793e-01 -1.0998503991e-02
     vertex 7.7436722981e-03 1.5422454994e-01 -1.3684455564e-02
     vertex 7.7436722981e-03 1.4950027666e-01 -1.0499723341e-02
   endloop
 endfacet
 facet normal  -4.9580673468e-01 -4.8497941582e-01 -7.2039617439e-01
   outer loop
     vertex 2.7310168942e-03 1.5536573793e-01 -1.0998503991e-02
     vertex 7.7436722981e-03 1.4950027666e-01 -1.0499723341e-02
     vertex 2.7310168942e-03 1.5156213051e-01 -8.4378694855e-03
   endloop
 endfacet
 facet normal  -4.9585232070e-01 -7.2007122315e-01 -4.8541519306e-01
   outer loop
     vertex 2.7310168942e-03 1.5156213051e-01 -8.4378694855e-03
     vertex 7.7436722981e-03 1.4950027666e-01 -1.0499723341e-02
     vertex 7.7436722981e-03 1.4631554444e-01 -5.7754500584e-03
   endloop
 endfacet
 facet normal  -4.9627196858e-01 -7.2017570270e-01 -4.8483099162e-01
   outer loop
     vertex 2.7310168942e-03 1.5156213051e-01 -8.4378694855e-03
     vertex 7.7436722981e-03 1.4631554444e-01 -5.7754500584e-03
     vertex 2.7310168942e-03 1.4900149601e-01 -4.6342620708e-03
   endloop
 endfacet
 facet normal  -4.9540883422e-01 -8.5144560965e-01 -1.7207690370e-01
   outer loop
     vertex 2.7310168942e-03 1.4900149601e-01 -4.6342620708e-03
     vertex 7.7436722981e-03 1.4631554444e-01 -5.7754500584e-03
     vertex 7.7436722981e-03 1.4514832770e-01 1.3262517087e-20
   endloop
 endfacet
 facet normal  -4.9541891381e-01 -8.5144247489e-01 -1.7206339470e-01
   outer loop
     vertex 2.7310168942e-03 1.4900149601e-01 -4.6342620708e-03
     vertex 7.7436722981e-03 1.4514832770e-01 1.3262517087e-20
     vertex 2.7310168942e-03 1.4806498311e-01 3.9787551261e-20
   endloop
 endfacet
 facet normal  -4.9541891381e-01 -8.5144247489e-01 1.7206339470e-01
   outer loop
     vertex 2.7310168942e-03 1.4806498311e-01 3.9787551261e-20
     vertex 7.7436722981e-03 1.4514832770e-01 1.3262517087e-20
     vertex 2.7310168942e-03 1.4900149601e-01 4.6342620708e-03
   endloop
 endfacet
 facet normal  -4.9540883422e-01 -8.5144560965e-01 1.7207690370e-01
   outer loop
     vertex 7.7436722981e-03 1.4514832770e-01 1.3262517087e-20
     vertex 7.7436722981e-03 1.4631554444e-01 5.7754500584e-03
     vertex 2.7310168942e-03 1.4900149601e-01 4.6342620708e-03
   endloop
 endfacet
 facet normal  -4.9627196858e-01 -7.2017570270e-01 4.8483099162e-01
   outer loop
     vertex 2.7310168942e-03 1.4900149601e-01 4.6342620708e-03
     vertex 7.7436722981e-03 1.4631554444e-01 5.7754500584e-03
     vertex 2.7310168942e-03 1.5156213051e-01 8.4378694855e-03
   endloop
 endfacet
 facet normal  -4.9585232070e-01 -7.2007122315e-01 4.8541519306e-01
   outer loop
     vertex 7.7436722981e-03 1.4631554444e-01 5.7754500584e-03
     vertex 7.7436722981e-03 1.4950027666e-01 1.0499723341e-02
     vertex 2.7310168942e-03 1.5156213051e-01 8.4378694855e-03
   endloop
 endfacet
 facet normal  -4.9580673468e-01 -4.8497941582e-01 7.2039617439e-01
   outer loop
     vertex 2.7310168942e-03 1.5156213051e-01 8.4378694855e-03
     vertex 7.7436722981e-03 1.4950027666e-01 1.0499723341e-02
     vertex 2.7310168942e-03 1.5536573793e-01 1.0998503991e-02
   endloop
 endfacet
 facet normal  -4.9622673201e-01 -4.8529563314e-01 7.1989386641e-01
   outer loop
     vertex 7.7436722981e-03 1.4950027666e-01 1.0499723341e-02
     vertex 7.7436722981e-03 1.5422454994e-01 1.3684455564e-02
     vertex 2.7310168942e-03 1.5536573793e-01 1.0998503991e-02
   endloop
 endfacet
 facet normal  -4.9540771995e-01 -1.7206465926e-01 8.5144873248e-01
   outer loop
     vertex 2.7310168942e-03 1.5536573793e-01 1.0998503991e-02
     vertex 7.7436722981e-03 1.5422454994e-01 1.3684455564e-02
     vertex 2.7310168942e-03 1.6000000000e-01 1.1935016894e-02
   endloop
 endfacet
 facet normal  -4.9541781622e-01 -1.7207588894e-01 8.5144058854e-01
   outer loop
     vertex 7.7436722981e-03 1.5422454994e-01 1.3684455564e-02
     vertex 7.7436722981e-03 1.6000000000e-01 1.4851672298e-02
     vertex 2.7310168942e-03 1.6000000000e-01 1.1935016894e-02
   endloop
 endfacet
 facet normal  -4.9541781622e-01 1.7207588894e-01 8.5144058854e-01
   outer loop
     vertex 2.7310168942e-03 1.6000000000e-01 1.1935016894e-02
     vertex 7.7436722981e-03 1.6000000000e-01 1.4851672298e-02
     vertex 7.7436722981e-03 1.6577545006e-01 1.3684455564e-02
   endloop
 endfacet
 facet normal  -4.9540771995e-01 1.7206465926e-01 8.5144873248e-01
   outer loop
     vertex 2.7310168942e-03 1.6000000000e-01 1.1935016894e-02
     vertex 7.7436722981e-03 1.6577545006e-01 1.3684455564e-02
     vertex 2.7310168942e-03 1.6463426207e-01 1.0998503991e-02
   endloop
 endfacet
 facet normal  -4.9622673201e-01 4.8529563314e-01 7.1989386641e-01
   outer loop
     vertex 2.7310168942e-03 1.6463426207e-01 1.0998503991e-02
     vertex 7.7436722981e-03 1.6577545006e-01 1.3684455564e-02
     vertex 7.7436722981e-03 1.7049972334e-01 1.0499723341e-02
   endloop
 endfacet
 facet normal  -4.9580673468e-01 4.8497941582e-01 7.2039617439e-01
   outer loop
     vertex 2.7310168942e-03 1.6463426207e-01 1.0998503991e-02
     vertex 7.7436722981e-03 1.7049972334e-01 1.0499723341e-02
     vertex 2.7310168942e-03 1.6843786949e-01 8.4378694855e-03
   endloop
 endfacet
 facet normal  -4.9585232070e-01 7.2007122315e-01 4.8541519306e-01
   outer loop
     vertex 2.7310168942e-03 1.6843786949e-01 8.4378694855e-03
     vertex 7.7436722981e-03 1.7049972334e-01 1.0499723341e-02
     vertex 7.7436722981e-03 1.7368445556e-01 5.7754500584e-03
   endloop
 endfacet
 facet normal  -4.9627196858e-01 7.2017570270e-01 4.8483099162e-01
   outer loop
     vertex 2.7310168942e-03 1.6843786949e-01 8.4378694855e-03
     vertex 7.7436722981e-03 1.7368445556e-01 5.7754500584e-03
     vertex 2.7310168942e-03 1.7099850399e-01 4.6342620708e-03
   endloop
 endfacet
 facet normal  -4.9540883422e-01 8.5144560965e-01 1.7207690370e-01
   outer loop
     vertex 2.7310168942e-03 1.7099850399e-01 4.6342620708e-03
     vertex 7.7436722981e-03 1.7368445556e-01 5.7754500584e-03
     vertex 7.7436722981e-03 1.7485167230e-01 0.0000000000e+00
   endloop
 endfacet
 facet normal  -4.9541891381e-01 8.5144247489e-01 1.7206339470e-01
   outer loop
     vertex 2.7310168942e-03 1.7099850399e-01 4.6342620708e-03
     vertex 7.7436722981e-03 1.7485167230e-01 0.0000000000e+00
     vertex 2.7310168942e-03 1.7193501689e-01 0.0000000000e+00
   endloop
 endfacet
 facet normal  -2.3028669718e-01 9.5383834714e-01 -1.9277044540e-01
   outer loop
     vertex 7.7436722981e-03 1.7485167230e-01 0.0000000000e+00
     vertex 1.2500000000e-02 1.7600000000e-01 0.0000000000e+00
     vertex 7.7436722981e-03 1.7368445556e-01 -5.7754500584e-03
   endloop
 endfacet
 facet normal  -2.3028040746e-01 9.5383878345e-01 -1.9277580018e-01
   outer loop
     vertex 1.2500000000e-02 1.7600000000e-01 0.0000000000e+00
     vertex 1.2500000000e-02 1.7474180881e-01 -6.2254264153e-03
     vertex 7.7436722981e-03 1.7368445556e-01 -5.7754500584e-03
   endloop
 endfacet
 facet normal  -2.3080894661e-01 8.0679768526e-01 -5.4387932965e-01
   outer loop
     vertex 7.7436722981e-03 1.7368445556e-01 -5.7754500584e-03
     vertex 1.2500000000e-02 1.7474180881e-01 -6.2254264153e-03
     vertex 7.7436722981e-03 1.7049972334e-01 -1.0499723341e-02
   endloop
 endfacet
 facet normal  -2.3054631474e-01 8.0672461692e-01 -5.4409906195e-01
   outer loop
     vertex 1.2500000000e-02 1.7474180881e-01 -6.2254264153e-03
     vertex 1.2500000000e-02 1.7131149015e-01 -1.1311490147e-02
     vertex 7.7436722981e-03 1.7049972334e-01 -1.0499723341e-02
   endloop
 endfacet
 facet normal  -2.3053658097e-01 5.4391542173e-01 -8.0685122472e-01
   outer loop
     vertex 7.7436722981e-03 1.7049972334e-01 -1.0499723341e-02
     vertex 1.2500000000e-02 1.7131149015e-01 -1.1311490147e-02
     vertex 7.7436722981e-03 1.6577545006e-01 -1.3684455564e-02
   endloop
 endfacet
 facet normal  -2.3079926691e-01 5.4406553101e-01 -8.0667490128e-01
   outer loop
     vertex 1.2500000000e-02 1.7131149015e-01 -1.1311490147e-02
     vertex 1.2500000000e-02 1.6622542642e-01 -1.4741808805e-02
     vertex 7.7436722981e-03 1.6577545006e-01 -1.3684455564e-02
   endloop
 endfacet
 facet normal  -2.3028016943e-01 1.9277075141e-01 -9.5383986128e-01
   outer loop
     vertex 7.7436722981e-03 1.6577545006e-01 -1.3684455564e-02
     vertex 1.2500000000e-02 1.6622542642e-01 -1.4741808805e-02
     vertex 7.7436722981e-03 1.6000000000e-01 -1.4851672298e-02
   endloop
 endfacet
 facet normal  -2.3028646338e-01 1.9277551628e-01 -9.5383737875e-01
   outer loop
     vertex 1.2500000000e-02 1.6622542642e-01 -1.4741808805e-02
     vertex 1.2500000000e-02 1.6000000000e-01 -1.6000000000e-02
     vertex 7.7436722981e-03 1.6000000000e-01 -1.4851672298e-02
   endloop
 endfacet
 facet normal  -2.3028646338e-01 -1.9277551628e-01 -9.5383737875e-01
   outer loop
     vertex 7.7436722981e-03 1.6000000000e-01 -1.4851672298e-02
     vertex 1.2500000000e-02 1.6000000000e-01 -1.6000000000e-02
     vertex 1.2500000000e-02 1.5377457358e-01 -1.4741808805e-02
   endloop
 endfacet
 facet normal  -2.3028016943e-01 -1.9277075141e-01 -9.5383986128e-01
   outer loop
     vertex 7.7436722981e-03 1.6000000000e-01 -1.4851672298e-02
     vertex 1.2500000000e-02 1.5377457358e-01 -1.4741808805e-02
     vertex 7.7436722981e-03 1.5422454994e-01 -1.3684455564e-02
   endloop
 endfacet
 facet normal  -2.3079926691e-01 -5.4406553101e-01 -8.0667490128e-01
   outer loop
     vertex 7.7436722981e-03 1.5422454994e-01 -1.3684455564e-02
     vertex 1.2500000000e-02 1.5377457358e-01 -1.4741808805e-02
     vertex 1.2500000000e-02 1.4868850985e-01 -1.1311490147e-02
   endloop
 endfacet
 facet normal  -2.3053658097e-01 -5.4391542173e-01 -8.0685122472e-01
   outer loop
     vertex 7.7436722981e-03 1.5422454994e-01 -1.3684455564e-02
     vertex 1.2500000000e-02 1.4868850985e-01 -1.1311490147e-02
     vertex 7.7436722981e-03 1.4950027666e-01 -1.0499723341e-02
   endloop
 endfacet
 facet normal  -2.3054631474e-01 -8.0672461692e-01 -5.4409906195e-01
   outer loop
     vertex 7.7436722981e-03 1.4950027666e-01 -1.0499723341e-02
     vertex 1.2500000000e-02 1.4868850985e-01 -1.1311490147e-02
     vertex 1.2500000000e-02 1.4525819119e-01 -6.2254264153e-03
   endloop
 endfacet
 facet normal  -2.3080894661e-01 -8.0679768526e-01 -5.4387932965e-01
   outer loop
     vertex 7.7436722981e-03 1.4950027666e-01 -1.0499723341e-02
     vertex 1.2500000000e-02 1.4525819119e-01 -6.2254264153e-03
     vertex 7.7436722981e-03 1.4631554444e-01 -5.7754500584e-03
   endloop
 endfacet
 facet normal  -2.3028040746e-01 -9.5383878345e-01 -1.9277580018e-01
   outer loop
     vertex 7.7436722981e-03 1.4631554444e-01 -5.7754500584e-03
     vertex 1.2500000000e-02 1.4525819119e-01 -6.2254264153e-03
     vertex 1.2500000000e-02 1.4400000000e-01 0.0000000000e+00
   endloop
 endfacet
 facet normal  -2.3028669718e-01 -9.5383834714e-01 -1.9277044540e-01
   outer loop
     vertex 7.7436722981e-03 1.4631554444e-01 -5.7754500584e-03
     vertex 1.2500000000e-02 1.4400000000e-01 0.0000000000e+00
     vertex 7.7436722981e-03 1.4514832770e-01 1.3262517087e-20
   endloop
 endfacet
 facet normal  -2.3028669718e-01 -9.5383834714e-01 1.9277044540e-01
   outer loop
     vertex 7.7436722981e-03 1.4514832770e-01 1.3262517087e-20
     vertex 1.2500000000e-02 1.4400000000e-01 0.0000000000e+00
     vertex 7.7436722981e-03 1.4631554444e-01 5.7754500584e-03
   endloop
 endfacet
 facet normal  -2.3028040746e-01 -9.5383878345e-01 1.9277580018e-01
   outer loop
     vertex 1.2500000000e-02 1.4400000000e-01 0.0000000000e+00
     vertex 1.2500000000e-02 1.4525819119e-01 6.2254264153e-03
     vertex 7.7436722981e-03 1.4631554444e-01 5.7754500584e-03
   endloop
 endfacet
 facet normal  -2.3080894661e-01 -8.0679768526e-01 5.4387932965e-01
   outer loop
     vertex 7.7436722981e-03 1.4631554444e-01 5.7754500584e-03
     vertex 1.2500000000e-02 1.4525819119e-01 6.2254264153e-03
     vertex 7.7436722981e-03 1.4950027666e-01 1.0499723341e-02
   endloop
 endfacet
 facet normal  -2.3054631474e-01 -8.0672461692e-01 5.4409906195e-01
   outer loop
     vertex 1.2500000000e-02 1.4525819119e-01 6.2254264153e-03
     vertex 1.2500000000e-02 1.4868850985e-01 1.1311490147e-02
     vertex 7.7436722981e-03 1.4950027666e-01 1.0499723341e-02
   endloop
 endfacet
 facet normal  -2.3053658097e-01 -5.4391542173e-01 8.0685122472e-01
   outer loop
     vertex 7.7436722981e-03 1.4950027666e-01 1.0499723341e-02
     vertex 1.2500000000e-02 1.4868850985e-01 1.1311490147e-02
     vertex 7.7436722981e-03 1.5422454994e-01 1.3684455564e-02
   endloop
 endfacet
 facet normal  -2.3079926691e-01 -5.4406553101e-01 8.0667490128e-01
   outer loop
     vertex 1.2500000000e-02 1.4868850985e-01 1.1311490147e-02
     vertex 1.2500000000e-02 1.5377457358e-01 1.4741808805e-02
     vertex 7.7436722981e-03 1.5422454994e-01 1.3684455564e-02
   endloop
 endfacet
 facet normal  -2.3028016943e-01 -1.9277075141e-01 9.5383986128e-01
   outer loop
     vertex 7.7436722981e-03 1.5422454994e-01 1.3684455564e-02
     vertex 1.2500000000e-02 1.5377457358e-01 1.4741808805e-02
     vertex 7.7436722981e-03 1.6000000000e-01 1.4851672298e-02
   endloop
 endfacet
 facet normal  -2.3028646338e-01 -1.9277551628e-01 9.5383737875e-01
   outer loop
     vertex 1.2500000000e-02 1.5377457358e-01 1.4741808805e-02
     vertex 1.2500000000e-02 1.6000000000e-01 1.6000000000e-02
     vertex 7.7436722981e-03 1.6000000000e-01 1.4851672298e-02
   endloop
 endfacet
 facet normal  -2.3028646338e-01 1.9277551628e-01 9.5383737875e-01
   outer loop
     vertex 7.7436722981e-03 1.6000000000e-01 1.4851672298e-02
     vertex 1.2500000000e-02 1.6000000000e-01 1.6000000000e-02
     vertex 1.2500000000e-02 1.6622542642e-01 1.4741808805e-02
   endloop
 endfacet
 facet normal  -2.3028016943e-01 1.9277075141e-01 9.5383986128e-01
   outer loop
     vertex 7.7436722981e-03 1.6000000000e-01 1.4851672298e-02
     vertex 1.2500000000e-02 1.6622542642e-01 1.4741808805e-02
     vertex 7.7436722981e-03 1.6577545006e-01 1.3684455564e-02
   endloop
 endfacet
 facet normal  -2.3079926691e-01 5.4406553101e-01 8.0667490128e-01
   outer loop
     vertex 7.7436722981e-03 1.6577545006e-01 1.3684455564e-02
     vertex 1.2500000000e-02 1.6622542642e-01 1.4741808805e-02
     vertex 1.2500000000e-02 1.7131149015e-01 1.1311490147e-02
   endloop
 endfacet
 facet normal  -2.3053658097e-01 5.4391542173e-01 8.0685122472e-01
   outer loop
     vertex 7.7436722981e-03 1.6577545006e-01 1.3684455564e-02
     vertex 1.2500000000e-02 1.7131149015e-01 1.1311490147e-02
     vertex 7.7436722981e-03 1.7049972334e-01 1.0499723341e-02
   endloop
 endfacet
 facet normal  -2.3054631474e-01 8.0672461692e-01 5.4409906195e-01
   outer loop
     vertex 7.7436722981e-03 1.7049972334e-01 1.0499723341e-02
     vertex 1.2500000000e-02 1.7131149015e-01 1.1311490147e-02
     vertex 1.2500000000e-02 1.7474180881e-01 6.2254264153e-03
   endloop
 endfacet
 facet normal  -2.3080894661e-01 8.0679768526e-01 5.4387932965e-01
   outer loop
     vertex 7.7436722981e-03 1.7049972334e-01 1.0499723341e-02
     vertex 1.2500000000e-02 1.7474180881e-01 6.2254264153e-03
     vertex 7.7436722981e-03 1.7368445556e-01 5.7754500584e-03
   endloop
 endfacet
 facet normal  -2.3028040746e-01 9.5383878345e-01 1.9277580018e-01
   outer loop
     vertex 7.7436722981e-03 1.7368445556e-01 5.7754500584e-03
     vertex 1.2500000000e-02 1.7474180881e-01 6.2254264153e-03
     vertex 1.2500000000e-02 1.7600000000e-01 0.0000000000e+00
   endloop
 endfacet
 facet normal  -2.3028669718e-01 9.5383834714e-01 1.9277044540e-01
   outer loop
     vertex 7.7436722981e-03 1.7368445556e-01 5.7754500584e-03
     vertex 1.2500000000e-02 1.7600000000e-01 0.0000000000e+00
     vertex 7.7436722981e-03 1.7485167230e-01 0.0000000000e+00
   endloop
 endfacet
 facet normal  0.0000000000e+00 9.8018184110e-01 -1.9809986972e-01
   outer loop
     vertex 1.2500000000e-02 1.7600000000e-01 0.0000000000e+00
     vertex 1.7000000000e-02 1.7600000000e-01 0.0000000000e+00
     vertex 1.2500000000e-02 1.7474180881e-01 -6.2254264153e-03
   endloop
 endfacet
 facet normal  0.0000000000e+00 9.8018184110e-01 -1.9809986972e-01
   outer loop
     vertex 1.7000000000e-02 1.7600000000e-01 0.0000000000e+00
     vertex 1.7000000000e-02 1.7474180881e-01 -6.2254264153e-03
     vertex 1.2500000000e-02 1.7474180881e-01 -6.2254264153e-03
   endloop
 endfacet
 facet normal  0.0000000000e+00 8.2905832649e-01 -5.5916213326e-01
   outer loop
     vertex 1.2500000000e-02 1.7474180881e-01 -6.2254264153e-03
     vertex 1.7000000000e-02 1.7474180881e-01 -6.2254264153e-03
     vertex 1.2500000000e-02 1.7131149015e-01 -1.1311490147e-02
   endloop
 endfacet
 facet normal  0.0000000000e+00 8.2905832649e-01 -5.5916213326e-01
   outer loop
     vertex 1.7000000000e-02 1.7474180881e-01 -6.2254264153e-03
     vertex 1.7000000000e-02 1.7131149015e-01 -1.1311490147e-02
     vertex 1.2500000000e-02 1.7131149015e-01 -1.1311490147e-02
   endloop
 endfacet
 facet normal  0.0000000000e+00 5.5916213326e-01 -8.2905832649e-01
   outer loop
     vertex 1.2500000000e-02 1.7131149015e-01 -1.1311490147e-02
     vertex 1.7000000000e-02 1.7131149015e-01 -1.1311490147e-02
     vertex 1.2500000000e-02 1.6622542642e-01 -1.4741808805e-02
   endloop
 endfacet
 facet normal  3.4488593047e-15 5.5916213326e-01 -8.2905832649e-01
   outer loop
     vertex 1.7000000000e-02 1.7131149015e-01 -1.1311490147e-02
     vertex 1.7000000000e-02 1.6622542642e-01 -1.4741808805e-02
     vertex 1.2500000000e-02 1.6622542642e-01 -1.4741808805e-02
   endloop
 endfacet
 facet normal  1.2218613141e-15 1.9809986972e-01 -9.8018184110e-01
   outer loop
     vertex 1.2500000000e-02 1.6622542642e-01 -1.4741808805e-02
     vertex 1.7000000000e-02 1.6622542642e-01 -1.4741808805e-02
     vertex 1.2500000000e-02 1.6000000000e-01 -1.6000000000e-02
   endloop
 endfacet
 facet normal  0.0000000000e+00 1.9809986972e-01 -9.8018184110e-01
   outer loop
     vertex 1.7000000000e-02 1.6622542642e-01 -1.4741808805e-02
     vertex 1.7000000000e-02 1.6000000000e-01 -1.6000000000e-02
     vertex 1.2500000000e-02 1.6000000000e-01 -1.6000000000e-02
   endloop
 endfacet
 facet normal  -0.0000000000e+00 -1.9809986972e-01 -9.8018184110e-01
   outer loop
     vertex 1.2500000000e-02 1.6000000000e-01 -1.6000000000e-02
     vertex 1.7000000000e-02 1.6000000000e-01 -1.6000000000e-02
     vertex 1.7000000000e-02 1.5377457358e-01 -1.4741808805e-02
   endloop
 endfacet
 facet normal  -0.0000000000e+00 -1.9809986972e-01 -9.8018184110e-01
   outer loop
     vertex 1.2500000000e-02 1.6000000000e-01 -1.6000000000e-02
     vertex 1.7000000000e-02 1.5377457358e-01 -1.4741808805e-02
     vertex 1.2500000000e-02 1.5377457358e-01 -1.4741808805e-02
   endloop
 endfacet
 facet normal  -0.0000000000e+00 -5.5916213326e-01 -8.2905832649e-01
   outer loop
     vertex 1.2500000000e-02 1.5377457358e-01 -1.4741808805e-02
     vertex 1.7000000000e-02 1.5377457358e-01 -1.4741808805e-02
     vertex 1.7000000000e-02 1.4868850985e-01 -1.1311490147e-02
   endloop
 endfacet
 facet normal  -0.0000000000e+00 -5.5916213326e-01 -8.2905832649e-01
   outer loop
     vertex 1.2500000000e-02 1.5377457358e-01 -1.4741808805e-02
     vertex 1.7000000000e-02 1.4868850985e-01 -1.1311490147e-02
     vertex 1.2500000000e-02 1.4868850985e-01 -1.1311490147e-02
   endloop
 endfacet
 facet normal  -0.0000000000e+00 -8.2905832649e-01 -5.5916213326e-01
   outer loop
     vertex 1.2500000000e-02 1.4868850985e-01 -1.1311490147e-02
     vertex 1.7000000000e-02 1.4868850985e-01 -1.1311490147e-02
     vertex 1.7000000000e-02 1.4525819119e-01 -6.2254264153e-03
   endloop
 endfacet
 facet normal  -0.0000000000e+00 -8.2905832649e-01 -5.5916213326e-01
   outer loop
     vertex 1.2500000000e-02 1.4868850985e-01 -1.1311490147e-02
     vertex 1.7000000000e-02 1.4525819119e-01 -6.2254264153e-03
     vertex 1.2500000000e-02 1.4525819119e-01 -6.2254264153e-03
   endloop
 endfacet
 facet normal  -0.0000000000e+00 -9.8018184110e-01 -1.9809986972e-01
   outer loop
     vertex 1.2500000000e-02 1.4525819119e-01 -6.2254264153e-03
     vertex 1.7000000000e-02 1.4525819119e-01 -6.2254264153e-03
     vertex 1.7000000000e-02 1.4400000000e-01 0.0000000000e+00
   endloop
 endfacet
 facet normal  -0.0000000000e+00 -9.8018184110e-01 -1.9809986972e-01
   outer loop
     vertex 1.2500000000e-02 1.4525819119e-01 -6.2254264153e-03
     vertex 1.7000000000e-02 1.4400000000e-01 0.0000000000e+00
     vertex 1.2500000000e-02 1.4400000000e-01 0.0000000000e+00
   endloop
 endfacet
 facet normal  0.0000000000e+00 -9.8018184110e-01 1.9809986972e-01
   outer loop
     vertex 1.2500000000e-02 1.4400000000e-01 0.0000000000e+00
     vertex 1.7000000000e-02 1.4400000000e-01 0.0000000000e+00
     vertex 1.2500000000e-02 1.4525819119e-01 6.2254264153e-03
   endloop
 endfacet
 facet normal  0.0000000000e+00 -9.8018184110e-01 1.9809986972e-01
   outer loop
     vertex 1.7000000000e-02 1.4400000000e-01 0.0000000000e+00
     vertex 1.7000000000e-02 1.4525819119e-01 6.2254264153e-03
     vertex 1.2500000000e-02 1.4525819119e-01 6.2254264153e-03
   endloop
 endfacet
 facet normal  0.0000000000e+00 -8.2905832649e-01 5.5916213326e-01
   outer loop
     vertex 1.2500000000e-02 1.4525819119e-01 6.2254264153e-03
     vertex 1.7000000000e-02 1.4525819119e-01 6.2254264153e-03
     vertex 1.2500000000e-02 1.4868850985e-01 1.1311490147e-02
   endloop
 endfacet
 facet normal  0.0000000000e+00 -8.2905832649e-01 5.5916213326e-01
   outer loop
     vertex 1.7000000000e-02 1.4525819119e-01 6.2254264153e-03
     vertex 1.7000000000e-02 1.4868850985e-01 1.1311490147e-02
     vertex 1.2500000000e-02 1.4868850985e-01 1.1311490147e-02
   endloop
 endfacet
 facet normal  0.0000000000e+00 -5.5916213326e-01 8.2905832649e-01
   outer loop
     vertex 1.2500000000e-02 1.4868850985e-01 1.1311490147e-02
     vertex 1.7000000000e-02 1.4868850985e-01 1.1311490147e-02
     vertex 1.2500000000e-02 1.5377457358e-01 1.4741808805e-02
   endloop
 endfacet
 facet normal  0.0000000000e+00 -5.5916213326e-01 8.2905832649e-01
   outer loop
     vertex 1.7000000000e-02 1.4868850985e-01 1.1311490147e-02
     vertex 1.7000000000e-02 1.5377457358e-01 1.4741808805e-02
     vertex 1.2500000000e-02 1.5377457358e-01 1.4741808805e-02
   endloop
 endfacet
 facet normal  0.0000000000e+00 -1.9809986972e-01 9.8018184110e-01
   outer loop
     vertex 1.2500000000e-02 1.5377457358e-01 1.4741808805e-02
     vertex 1.7000000000e-02 1.5377457358e-01 1.4741808805e-02
     vertex 1.2500000000e-02 1.6000000000e-01 1.6000000000e-02
   endloop
 endfacet
 facet normal  0.0000000000e+00 -1.9809986972e-01 9.8018184110e-01
   outer loop
     vertex 1.7000000000e-02 1.5377457358e-01 1.4741808805e-02
     vertex 1.7000000000e-02 1.6000000000e-01 1.6000000000e-02
     vertex 1.2500000000e-02 1.6000000000e-01 1.6000000000e-02
   endloop
 endfacet
 facet normal  0.0000000000e+00 1.9809986972e-01 9.8018184110e-01
   outer loop
     vertex 1.2500000000e-02 1.6000000000e-01 1.6000000000e-02
     vertex 1.7000000000e-02 1.6000000000e-01 1.6000000000e-02
     vertex 1.7000000000e-02 1.6622542642e-01 1.4741808805e-02
   endloop
 endfacet
 facet normal  1.2218613141e-15 1.9809986972e-01 9.8018184110e-01
   outer loop
     vertex 1.2500000000e-02 1.6000000000e-01 1.6000000000e-02
     vertex 1.7000000000e-02 1.6622542642e-01 1.4741808805e-02
     vertex 1.2500000000e-02 1.6622542642e-01 1.4741808805e-02
   endloop
 endfacet
 facet normal  3.4488593047e-15 5.5916213326e-01 8.2905832649e-01
   outer loop
     vertex 1.2500000000e-02 1.6622542642e-01 1.4741808805e-02
     vertex 1.7000000000e-02 1.6622542642e-01 1.4741808805e-02
     vertex 1.7000000000e-02 1.7131149015e-01 1.1311490147e-02
   endloop
 endfacet
 facet normal  0.0000000000e+00 5.5916213326e-01 8.2905832649e-01
   outer loop
     vertex 1.2500000000e-02 1.6622542642e-01 1.4741808805e-02
     vertex 1.7000000000e-02 1.7131149015e-01 1.1311490147e-02
     vertex 1.2500000000e-02 1.7131149015e-01 1.1311490147e-02
   endloop
 endfacet
 facet normal  0.0000000000e+00 8.2905832649e-01 5.5916213326e-01
   outer loop
     vertex 1.2500000000e-02 1.7131149015e-01 1.1311490147e-02
     vertex 1.7000000000e-02 1.7131149015e-01 1.1311490147e-02
     vertex 1.7000000000e-02 1.7474180881e-01 6.2254264153e-03
   endloop
 endfacet
 facet normal  0.0000000000e+00 8.2905832649e-01 5.5916213326e-01
   outer loop
     vertex 1.2500000000e-02 1.7131149015e-01 1.1311490147e-02
     vertex 1.7000000000e-02 1.7474180881e-01 6.2254264153e-03
     vertex 1.2500000000e-02 1.7474180881e-01 6.2254264153e-03
   endloop
 endfacet
 facet normal  0.0000000000e+00 9.8018184110e-01 1.9809986972e-01
   outer loop
     vertex 1.2500000000e-02 1.7474180881e-01 6.2254264153e-03
     vertex 1.7000000000e-02 1.7474180881e-01 6.2254264153e-03
     vertex 1.7000000000e-02 1.7600000000e-01 0.0000000000e+00
   endloop
 endfacet
 facet normal  0.0000000000e+00 9.8018184110e-01 1.9809986972e-01
   outer loop
     vertex 1.2500000000e-02 1.7474180881e-01 6.2254264153e-03
     vertex 1.7000000000e-02 1.7600000000e-01 0.0000000000e+00
     vertex 1.2500000000e-02 1.7600000000e-01 0.0000000000e+00
   endloop
 endfacet
 facet normal  0.0000000000e+00 9.8018184110e-01 -1.9809986972e-01
   outer loop
     vertex 1.7000000000e-02 1.7600000000e-01 0.0000000000e+00
     vertex 2.1500000000e-02 1.7600000000e-01 0.0000000000e+00
     vertex 1.7000000000e-02 1.7474180881e-01 -6.2254264153e-03
   endloop
 endfacet
 facet normal  0.0000000000e+00 9.8018184110e-01 -1.9809986972e-01
   outer loop
     vertex 2.1500000000e-02 1.7600000000e-01 0.0000000000e+00
     vertex 2.1500000000e-02 1.7474180881e-01 -6.2254264153e-03
     vertex 1.7000000000e-02 1.7474180881e-01 -6.2254264153e-03
   endloop
 endfacet
 facet normal  0.0000000000e+00 8.2905832649e-01 -5.5916213326e-01
   outer loop
     vertex 1.7000000000e-02 1.7474180881e-01 -6.2254264153e-03
     vertex 2.1500000000e-02 1.7474180881e-01 -6.2254264153e-03
     vertex 1.7000000000e-02 1.7131149015e-01 -1.1311490147e-02
   endloop
 endfacet
 facet normal  0.0000000000e+00 8.2905832649e-01 -5.5916213326e-01
   outer loop
     vertex 2.1500000000e-02 1.7474180881e-01 -6.2254264153e-03
     vertex 2.1500000000e-02 1.7131149015e-01 -1.1311490147e-02
     vertex 1.7000000000e-02 1.7131149015e-01 -1.1311490147e-02
   endloop
 endfacet
 facet normal  0.0000000000e+00 5.5916213326e-01 -8.2905832649e-01
   outer loop
     vertex 1.7000000000e-02 1.7131149015e-01 -1.1311490147e-02
     vertex 2.1500000000e-02 1.7131149015e-01 -1.1311490147e-02
     vertex 1.7000000000e-02 1.6622542642e-01 -1.4741808805e-02
   endloop
 endfacet
 facet normal  -3.7684564029e-15 5.5916213326e-01 -8.2905832649e-01
   outer loop
     vertex 2.1500000000e-02 1.7131149015e-01 -1.1311490147e-02
     vertex 2.1500000000e-02 1.6622542642e-01 -1.4741808805e-02
     vertex 1.7000000000e-02 1.6622542642e-01 -1.4741808805e-02
   endloop
 endfacet
 facet normal  -1.5997156365e-15 1.9809986972e-01 -9.8018184110e-01
   outer loop
     vertex 1.7000000000e-02 1.6622542642e-01 -1.4741808805e-02
     vertex 2.1500000000e-02 1.6622542642e-01 -1.4741808805e-02
     vertex 1.7000000000e-02 1.6000000000e-01 -1.6000000000e-02
   endloop
 endfacet
 facet normal  0.0000000000e+00 1.9809986972e-01 -9.8018184110e-01
   outer loop
     vertex 2.1500000000e-02 1.6622542642e-01 -1.4741808805e-02
     vertex 2.1500000000e-02 1.6000000000e-01 -1.6000000000e-02
     vertex 1.7000000000e-02 1.6000000000e-01 -1.6000000000e-02
   endloop
 endfacet
 facet normal  -0.0000000000e+00 -1.9809986972e-01 -9.8018184110e-01
   outer loop
     vertex 1.7000000000e-02 1.6000000000e-01 -1.6000000000e-02
     vertex 2.1500000000e-02 1.6000000000e-01 -1.6000000000e-02
     vertex 2.1500000000e-02 1.5377457358e-01 -1.4741808805e-02
   endloop
 endfacet
 facet normal  -3.7785432233e-16 -1.9809986972e-01 -9.8018184110e-01
   outer loop
     vertex 1.7000000000e-02 1.6000000000e-01 -1.6000000000e-02
     vertex 2.1500000000e-02 1.5377457358e-01 -1.4741808805e-02
     vertex 1.7000000000e-02 1.5377457358e-01 -1.4741808805e-02
   endloop
 endfacet
 facet normal  -3.1959709821e-16 -5.5916213326e-01 -8.2905832649e-01
   outer loop
     vertex 1.7000000000e-02 1.5377457358e-01 -1.4741808805e-02
     vertex 2.1500000000e-02 1.5377457358e-01 -1.4741808805e-02
     vertex 2.1500000000e-02 1.4868850985e-01 -1.1311490147e-02
   endloop
 endfacet
 facet normal  -0.0000000000e+00 -5.5916213326e-01 -8.2905832649e-01
   outer loop
     vertex 1.7000000000e-02 1.5377457358e-01 -1.4741808805e-02
     vertex 2.1500000000e-02 1.4868850985e-01 -1.1311490147e-02
     vertex 1.7000000000e-02 1.4868850985e-01 -1.1311490147e-02
   endloop
 endfacet
 facet normal  -0.0000000000e+00 -8.2905832649e-01 -5.5916213326e-01
   outer loop
     vertex 1.7000000000e-02 1.4868850985e-01 -1.1311490147e-02
     vertex 2.1500000000e-02 1.4868850985e-01 -1.1311490147e-02
     vertex 2.1500000000e-02 1.4525819119e-01 -6.2254264153e-03
   endloop
 endfacet
 facet normal  -0.0000000000e+00 -8.2905832649e-01 -5.5916213326e-01
   outer loop
     vertex 1.7000000000e-02 1.4868850985e-01 -1.1311490147e-02
     vertex 2.1500000000e-02 1.4525819119e-01 -6.2254264153e-03
     vertex 1.7000000000e-02 1.4525819119e-01 -6.2254264153e-03
   endloop
 endfacet
 facet normal  -0.0000000000e+00 -9.8018184110e-01 -1.9809986972e-01
   outer loop
     vertex 1.7000000000e-02 1.4525819119e-01 -6.2254264153e-03
     vertex 2.1500000000e-02 1.4525819119e-01 -6.2254264153e-03
     vertex 2.1500000000e-02 1.4400000000e-01 0.0000000000e+00
   endloop
 endfacet
 facet normal  -0.0000000000e+00 -9.8018184110e-01 -1.9809986972e-01
   outer loop
     vertex 1.7000000000e-02 1.4525819119e-01 -6.2254264153e-03
     vertex 2.1500000000e-02 1.4400000000e-01 0.0000000000e+00
     vertex 1.7000000000e-02 1.4400000000e-01 0.0000000000e+00
   endloop
 endfacet
 facet normal  0.0000000000e+00 -9.8018184110e-01 1.9809986972e-01
   outer loop
     vertex 1.7000000000e-02 1.4400000000e-01 0.0000000000e+00
     vertex 2.1500000000e-02 1.4400000000e-01 0.0000000000e+00
     vertex 1.7000000000e-02 1.4525819119e-01 6.2254264153e-03
   endloop
 endfacet
 facet normal  0.0000000000e+00 -9.8018184110e-01 1.9809986972e-01
   outer loop
     vertex 2.1500000000e-02 1.4400000000e-01 0.0000000000e+00
     vertex 2.1500000000e-02 1.4525819119e-01 6.2254264153e-03
     vertex 1.7000000000e-02 1.4525819119e-01 6.2254264153e-03
   endloop
 endfacet
 facet normal  0.0000000000e+00 -8.2905832649e-01 5.5916213326e-01
   outer loop
     vertex 1.7000000000e-02 1.4525819119e-01 6.2254264153e-03
     vertex 2.1500000000e-02 1.4525819119e-01 6.2254264153e-03
     vertex 1.7000000000e-02 1.4868850985e-01 1.1311490147e-02
   endloop
 endfacet
 facet normal  0.0000000000e+00 -8.2905832649e-01 5.5916213326e-01
   outer loop
     vertex 2.1500000000e-02 1.4525819119e-01 6.2254264153e-03
     vertex 2.1500000000e-02 1.4868850985e-01 1.1311490147e-02
     vertex 1.7000000000e-02 1.4868850985e-01 1.1311490147e-02
   endloop
 endfacet
 facet normal  0.0000000000e+00 -5.5916213326e-01 8.2905832649e-01
   outer loop
     vertex 1.7000000000e-02 1.4868850985e-01 1.1311490147e-02
     vertex 2.1500000000e-02 1.4868850985e-01 1.1311490147e-02
     vertex 1.7000000000e-02 1.5377457358e-01 1.4741808805e-02
   endloop
 endfacet
 facet normal  -3.1959709821e-16 -5.5916213326e-01 8.2905832649e-01
   outer loop
     vertex 2.1500000000e-02 1.4868850985e-01 1.1311490147e-02
     vertex 2.1500000000e-02 1.5377457358e-01 1.4741808805e-02
     vertex 1.7000000000e-02 1.5377457358e-01 1.4741808805e-02
   endloop
 endfacet
 facet normal  -3.7785432233e-16 -1.9809986972e-01 9.8018184110e-01
   outer loop
     vertex 1.7000000000e-02 1.5377457358e-01 1.4741808805e-02
     vertex 2.1500000000e-02 1.5377457358e-01 1.4741808805e-02
     vertex 1.7000000000e-02 1.6000000000e-01 1.6000000000e-02
   endloop
 endfacet
 facet normal  0.0000000000e+00 -1.9809986972e-01 9.8018184110e-01
   outer loop
     vertex 2.1500000000e-02 1.5377457358e-01 1.4741808805e-02
     vertex 2.1500000000e-02 1.6000000000e-01 1.6000000000e-02
     vertex 1.7000000000e-02 1.6000000000e-01 1.6000000000e-02
   endloop
 endfacet
 facet normal  0.0000000000e+00 1.9809986972e-01 9.8018184110e-01
   outer loop
     vertex 1.7000000000e-02 1.6000000000e-01 1.6000000000e-02
     vertex 2.1500000000e-02 1.6000000000e-01 1.6000000000e-02
     vertex 2.1500000000e-02 1.6622542642e-01 1.4741808805e-02
   endloop
 endfacet
 facet normal  -1.5997156365e-15 1.9809986972e-01 9.8018184110e-01
   outer loop
     vertex 1.7000000000e-02 1.6000000000e-01 1.6000000000e-02
     vertex 2.1500000000e-02 1.6622542642e-01 1.4741808805e-02
     vertex 1.7000000000e-02 1.6622542642e-01 1.4741808805e-02
   endloop
 endfacet
 facet normal  -3.7684564029e-15 5.5916213326e-01 8.2905832649e-01
   outer loop
     vertex 1.7000000000e-02 1.6622542642e-01 1.4741808805e-02
     vertex 2.1500000000e-02 1.6622542642e-01 1.4741808805e-02
     vertex 2.1500000000e-02 1.7131149015e-01 1.1311490147e-02
   endloop
 endfacet
 facet normal  0.0000000000e+00 5.5916213326e-01 8.2905832649e-01
   outer loop
     vertex 1.7000000000e-02 1.6622542642e-01 1.4741808805e-02
     vertex 2.1500000000e-02 1.7131149015e-01 1.1311490147e-02
     vertex 1.7000000000e-02 1.7131149015e-01 1.1311490147e-02
   endloop
 endfacet
 facet normal  0.0000000000e+00 8.2905832649e-01 5.5916213326e-01
   outer loop
     vertex 1.7000000000e-02 1.7131149015e-01 1.1311490147e-02
     vertex 2.1500000000e-02 1.7131149015e-01 1.1311490147e-02
     vertex 2.1500000000e-02 1.7474180881e-01 6.2254264153e-03
   endloop
 endfacet
 facet normal  0.0000000000e+00 8.2905832649e-01 5.5916213326e-01
   outer loop
     vertex 1.7000000000e-02 1.7131149015e-01 1.1311490147e-02
     vertex 2.1500000000e-02 1.7474180881e-01 6.2254264153e-03
     vertex 1.7000000000e-02 1.7474180881e-01 6.2254264153e-03
   endloop
 endfacet
 facet normal  0.0000000000e+00 9.8018184110e-01 1.9809986972e-01
   outer loop
     vertex 1.7000000000e-02 1.7474180881e-01 6.2254264153e-03
     vertex 2.1500000000e-02 1.7474180881e-01 6.2254264153e-03
     vertex 2.1500000000e-02 1.7600000000e-01 0.0000000000e+00
   endloop
 endfacet
 facet normal  0.0000000000e+00 9.8018184110e-01 1.9809986972e-01
   outer loop
     vertex 1.7000000000e-02 1.7474180881e-01 6.2254264153e-03
     vertex 2.1500000000e-02 1.7600000000e-01 0.0000000000e+00
     vertex 1.7000000000e-02 1.7600000000e-01 0.0000000000e+00
   endloop
 endfacet
 facet normal  0.0000000000e+00 9.8018184110e-01 -1.9809986972e-01
   outer loop
     vertex 2.1500000000e-02 1.7600000000e-01 0.0000000000e+00
     vertex 2.6000000000e-02 1.7600000000e-01 0.0000000000e+00
     vertex 2.1500000000e-02 1.7474180881e-01 -6.2254264153e-03
   endloop
 endfacet
 facet normal  0.0000000000e+00 9.8018184110e-01 -1.9809986972e-01
   outer loop
     vertex 2.6000000000e-02 1.7600000000e-01 0.0000000000e+00
     vertex 2.6000000000e-02 1.7474180881e-01 -6.2254264153e-03
     vertex 2.1500000000e-02 1.7474180881e-01 -6.2254264153e-03
   endloop
 endfacet
 facet normal  0.0000000000e+00 8.2905832649e-01 -5.5916213326e-01
   outer loop
     vertex 2.1500000000e-02 1.7474180881e-01 -6.2254264153e-03
     vertex 2.6000000000e-02 1.7474180881e-01 -6.2254264153e-03
     vertex 2.1500000000e-02 1.7131149015e-01 -1.1311490147e-02
   endloop
 endfacet
 facet normal  0.0000000000e+00 8.2905832649e-01 -5.5916213326e-01
   outer loop
     vertex 2.6000000000e-02 1.7474180881e-01 -6.2254264153e-03
     vertex 2.6000000000e-02 1.7131149015e-01 -1.1311490147e-02
     vertex 2.1500000000e-02 1.7131149015e-01 -1.1311490147e-02
   endloop
 endfacet
 facet normal  0.0000000000e+00 5.5916213326e-01 -8.2905832649e-01
   outer loop
     vertex 2.1500000000e-02 1.7131149015e-01 -1.1311490147e-02
     vertex 2.6000000000e-02 1.7131149015e-01 -1.1311490147e-02
     vertex 2.1500000000e-02 1.6622542642e-01 -1.4741808805e-02
   endloop
 endfacet
 facet normal  0.0000000000e+00 5.5916213326e-01 -8.2905832649e-01
   outer loop
     vertex 2.6000000000e-02 1.7131149015e-01 -1.1311490147e-02
     vertex 2.6000000000e-02 1.6622542642e-01 -1.4741808805e-02
     vertex 2.1500000000e-02 1.6622542642e-01 -1.4741808805e-02
   endloop
 endfacet
 facet normal  0.0000000000e+00 1.9809986972e-01 -9.8018184110e-01
   outer loop
     vertex 2.1500000000e-02 1.6622542642e-01 -1.4741808805e-02
     vertex 2.6000000000e-02 1.6622542642e-01 -1.4741808805e-02
     vertex 2.1500000000e-02 1.6000000000e-01 -1.6000000000e-02
   endloop
 endfacet
 facet normal  0.0000000000e+00 1.9809986972e-01 -9.8018184110e-01
   outer loop
     vertex 2.6000000000e-02 1.6622542642e-01 -1.4741808805e-02
     vertex 2.6000000000e-02 1.6000000000e-01 -1.6000000000e-02
     vertex 2.1500000000e-02 1.6000000000e-01 -1.6000000000e-02
   endloop
 endfacet
 facet normal  -0.0000000000e+00 -1.9809986972e-01 -9.8018184110e-01
   outer loop
     vertex 2.1500000000e-02 1.6000000000e-01 -1.6000000000e-02
     vertex 2.6000000000e-02 1.6000000000e-01 -1.6000000000e-02
     vertex 2.6000000000e-02 1.5377457358e-01 -1.4741808805e-02
   endloop
 endfacet
 facet normal  -0.0000000000e+00 -1.9809986972e-01 -9.8018184110e-01
   outer loop
     vertex 2.1500000000e-02 1.6000000000e-01 -1.6000000000e-02
     vertex 2.6000000000e-02 1.5377457358e-01 -1.4741808805e-02
     vertex 2.1500000000e-02 1.5377457358e-01 -1.4741808805e-02
   endloop
 endfacet
 facet normal  -0.0000000000e+00 -5.5916213326e-01 -8.2905832649e-01
   outer loop
     vertex 2.1500000000e-02 1.5377457358e-01 -1.4741808805e-02
     vertex 2.6000000000e-02 1.5377457358e-01 -1.4741808805e-02
     vertex 2.6000000000e-02 1.4868850985e-01 -1.1311490147e-02
   endloop
 endfacet
 facet normal  -0.0000000000e+00 -5.5916213326e-01 -8.2905832649e-01
   outer loop
     vertex 2.1500000000e-02 1.5377457358e-01 -1.4741808805e-02
     vertex 2.6000000000e-02 1.4868850985e-01 -1.1311490147e-02
     vertex 2.1500000000e-02 1.4868850985e-01 -1.1311490147e-02
   endloop
 endfacet
 facet normal  -0.0000000000e+00 -8.2905832649e-01 -5.5916213326e-01
   outer loop
     vertex 2.1500000000e-02 1.4868850985e-01 -1.1311490147e-02
     vertex 2.6000000000e-02 1.4868850985e-01 -1.1311490147e-02
     vertex 2.6000000000e-02 1.4525819119e-01 -6.2254264153e-03
   endloop
 endfacet
 facet normal  -0.0000000000e+00 -8.2905832649e-01 -5.5916213326e-01
   outer loop
     vertex 2.1500000000e-02 1.4868850985e-01 -1.1311490147e-02
     vertex 2.6000000000e-02 1.4525819119e-01 -6.2254264153e-03
     vertex 2.1500000000e-02 1.4525819119e-01 -6.2254264153e-03
   endloop
 endfacet
 facet normal  -0.0000000000e+00 -9.8018184110e-01 -1.9809986972e-01
   outer loop
     vertex 2.1500000000e-02 1.4525819119e-01 -6.2254264153e-03
     vertex 2.6000000000e-02 1.4525819119e-01 -6.2254264153e-03
     vertex 2.6000000000e-02 1.4400000000e-01 0.0000000000e+00
   endloop
 endfacet
 facet normal  -0.0000000000e+00 -9.8018184110e-01 -1.9809986972e-01
   outer loop
     vertex 2.1500000000e-02 1.4525819119e-01 -6.2254264153e-03
     vertex 2.6000000000e-02 1.4400000000e-01 0.0000000000e+00
     vertex 2.1500000000e-02 1.4400000000e-01 0.0000000000e+00
   endloop
 endfacet
 facet normal  0.0000000000e+00 -9.8018184110e-01 1.9809986972e-01
   outer loop
     vertex 2.1500000000e-02 1.4400000000e-01 0.0000000000e+00
     vertex 2.6000000000e-02 1.4400000000e-01 0.0000000000e+00
     vertex 2.1500000000e-02 1.4525819119e-01 6.2254264153e-03
   endloop
 endfacet
 facet normal  0.0000000000e+00 -9.8018184110e-01 1.9809986972e-01
   outer loop
     vertex 2.6000000000e-02 1.4400000000e-01 0.0000000000e+00
     vertex 2.6000000000e-02 1.4525819119e-01 6.2254264153e-03
     vertex 2.1500000000e-02 1.4525819119e-01 6.2254264153e-03
   endloop
 endfacet
 facet normal  0.0000000000e+00 -8.2905832649e-01 5.5916213326e-01
   outer loop
     vertex 2.1500000000e-02 1.4525819119e-01 6.2254264153e-03
     vertex 2.6000000000e-02 1.4525819119e-01 6.2254264153e-03
     vertex 2.1500000000e-02 1.4868850985e-01 1.1311490147e-02
   endloop
 endfacet
 facet normal  0.0000000000e+00 -8.2905832649e-01 5.5916213326e-01
   outer loop
     vertex 2.6000000000e-02 1.4525819119e-01 6.2254264153e-03
     vertex 2.6000000000e-02 1.4868850985e-01 1.1311490147e-02
     vertex 2.1500000000e-02 1.4868850985e-01 1.1311490147e-02
   endloop
 endfacet
 facet normal  0.0000000000e+00 -5.5916213326e-01 8.2905832649e-01
   outer loop
     vertex 2.1500000000e-02 1.4868850985e-01 1.1311490147e-02
     vertex 2.6000000000e-02 1.4868850985e-01 1.1311490147e-02
     vertex 2.1500000000e-02 1.5377457358e-01 1.4741808805e-02
   endloop
 endfacet
 facet normal  0.0000000000e+00 -5.5916213326e-01 8.2905832649e-01
   outer loop
     vertex 2.6000000000e-02 1.4868850985e-01 1.1311490147e-02
     vertex 2.6000000000e-02 1.5377457358e-01 1.4741808805e-02
     vertex 2.1500000000e-02 1.5377457358e-01 1.4741808805e-02
   endloop
 endfacet
 facet normal  0.0000000000e+00 -1.9809986972e-01 9.8018184110e-01
   outer loop
     vertex 2.1500000000e-02 1.5377457358e-01 1.4741808805e-02
     vertex 2.6000000000e-02 1.5377457358e-01 1.4741808805e-02
     vertex 2.1500000000e-02 1.6000000000e-01 1.6000000000e-02
   endloop
 endfacet
 facet normal  0.0000000000e+00 -1.9809986972e-01 9.8018184110e-01
   outer loop
     vertex 2.6000000000e-02 1.5377457358e-01 1.4741808805e-02
     vertex 2.6000000000e-02 1.6000000000e-01 1.6000000000e-02
     vertex 2.1500000000e-02 1.6000000000e-01 1.6000000000e-02
   endloop
 endfacet
 facet normal  0.0000000000e+00 1.9809986972e-01 9.8018184110e-01
   outer loop
     vertex 2.1500000000e-02 1.6000000000e-01 1.6000000000e-02
     vertex 2.6000000000e-02 1.6000000000e-01 1.6000000000e-02
     vertex 2.6000000000e-02 1.6622542642e-01 1.4741808805e-02
   endloop
 endfacet
 facet normal  0.0000000000e+00 1.9809986972e-01 9.8018184110e-01
   outer loop
     vertex 2.1500000000e-02 1.6000000000e-01 1.6000000000e-02
     vertex 2.6000000000e-02 1.6622542642e-01 1.4741808805e-02
     vertex 2.1500000000e-02 1.6622542642e-01 1.4741808805e-02
   endloop
 endfacet
 facet normal  0.0000000000e+00 5.5916213326e-01 8.2905832649e-01
   outer loop
     vertex 2.1500000000e-02 1.6622542642e-01 1.4741808805e-02
     vertex 2.6000000000e-02 1.6622542642e-01 1.4741808805e-02
     vertex 2.6000000000e-02 1.7131149015e-01 1.1311490147e-02
   endloop
 endfacet
 facet normal  0.0000000000e+00 5.5916213326e-01 8.2905832649e-01
   outer loop
     vertex 2.1500000000e-02 1.6622542642e-01 1.4741808805e-02
     vertex 2.6000000000e-02 1.7131149015e-01 1.1311490147e-02
     vertex 2.1500000000e-02 1.7131149015e-01 1.1311490147e-02
   endloop
 endfacet
 facet normal  0.0000000000e+00 8.2905832649e-01 5.5916213326e-01
   outer loop
     vertex 2.1500000000e-02 1.7131149015e-01 1.1311490147e-02
     vertex 2.6000000000e-02 1.7131149015e-01 1.1311490147e-02
     vertex 2.6000000000e-02 1.7474180881e-01 6.2254264153e-03
   endloop
 endfacet
 facet normal  0.0000000000e+00 8.2905832649e-01 5.5916213326e-01
   outer loop
     vertex 2.1500000000e-02 1.7131149015e-01 1.1311490147e-02
     vertex 2.6000000000e-02 1.7474180881e-01 6.2254264153e-03
     vertex 2.1500000000e-02 1.7474180881e-01 6.2254264153e-03
   endloop
 endfacet
 facet normal  0.0000000000e+00 9.8018184110e-01 1.9809986972e-01
   outer loop
     vertex 2.1500000000e-02 1.7474180881e-01 6.2254264153e-03
     vertex 2.6000000000e-02 1.7474180881e-01 6.2254264153e-03
     vertex 2.6000000000e-02 1.7600000000e-01 0.0000000000e+00
   endloop
 endfacet
 facet normal  0.0000000000e+00 9.8018184110e-01 1.9809986972e-01
   outer loop
     vertex 2.1500000000e-02 1.7474180881e-01 6.2254264153e-03
     vertex 2.6000000000e-02 1.7600000000e-01 0.0000000000e+00
     vertex 2.1500000000e-02 1.7600000000e-01 0.0000000000e+00
   endloop
 endfacet
 facet normal  0.0000000000e+00 9.8018184110e-01 -1.9809986972e-01
   outer loop
     vertex 2.6000000000e-02 1.7600000000e-01 0.0000000000e+00
     vertex 3.0500000000e-02 1.7600000000e-01 0.0000000000e+00
     vertex 2.6000000000e-02 1.7474180881e-01 -6.2254264153e-03
   endloop
 endfacet
 facet normal  0.0000000000e+00 9.8018184110e-01 -1.9809986972e-01
   outer loop
     vertex 3.0500000000e-02 1.7600000000e-01 0.0000000000e+00
     vertex 3.0500000000e-02 1.7474180881e-01 -6.2254264153e-03
     vertex 2.6000000000e-02 1.7474180881e-01 -6.2254264153e-03
   endloop
 endfacet
 facet normal  0.0000000000e+00 8.2905832649e-01 -5.5916213326e-01
   outer loop
     vertex 2.6000000000e-02 1.7474180881e-01 -6.2254264153e-03
     vertex 3.0500000000e-02 1.7474180881e-01 -6.2254264153e-03
     vertex 2.6000000000e-02 1.7131149015e-01 -1.1311490147e-02
   endloop
 endfacet
 facet normal  0.0000000000e+00 8.2905832649e-01 -5.5916213326e-01
   outer loop
     vertex 3.0500000000e-02 1.7474180881e-01 -6.2254264153e-03
     vertex 3.0500000000e-02 1.7131149015e-01 -1.1311490147e-02
     vertex 2.6000000000e-02 1.7131149015e-01 -1.1311490147e-02
   endloop
 endfacet
 facet normal  0.0000000000e+00 5.5916213326e-01 -8.2905832649e-01
   outer loop
     vertex 2.6000000000e-02 1.7131149015e-01 -1.1311490147e-02
     vertex 3.0500000000e-02 1.7131149015e-01 -1.1311490147e-02
     vertex 2.6000000000e-02 1.6622542642e-01 -1.4741808805e-02
   endloop
 endfacet
 facet normal  3.7684564029e-15 5.5916213326e-01 -8.2905832649e-01
   outer loop
     vertex 3.0500000000e-02 1.7131149015e-01 -1.1311490147e-02
     vertex 3.0500000000e-02 1.6622542642e-01 -1.4741808805e-02
     vertex 2.6000000000e-02 1.6622542642e-01 -1.4741808805e-02
   endloop
 endfacet
 facet normal  1.5997156365e-15 1.9809986972e-01 -9.8018184110e-01
   outer loop
     vertex 2.6000000000e-02 1.6622542642e-01 -1.4741808805e-02
     vertex 3.0500000000e-02 1.6622542642e-01 -1.4741808805e-02
     vertex 2.6000000000e-02 1.6000000000e-01 -1.6000000000e-02
   endloop
 endfacet
 facet normal  0.0000000000e+00 1.9809986972e-01 -9.8018184110e-01
   outer loop
     vertex 3.0500000000e-02 1.6622542642e-01 -1.4741808805e-02
     vertex 3.0500000000e-02 1.6000000000e-01 -1.6000000000e-02
     vertex 2.6000000000e-02 1.6000000000e-01 -1.6000000000e-02
   endloop
 endfacet
 facet normal  -0.0000000000e+00 -1.9809986972e-01 -9.8018184110e-01
   outer loop
     vertex 2.6000000000e-02 1.6000000000e-01 -1.6000000000e-02
     vertex 3.0500000000e-02 1.6000000000e-01 -1.6000000000e-02
     vertex 3.0500000000e-02 1.5377457358e-01 -1.4741808805e-02
   endloop
 endfacet
 facet normal  3.7785432233e-16 -1.9809986972e-01 -9.8018184110e-01
   outer loop
     vertex 2.6000000000e-02 1.6000000000e-01 -1.6000000000e-02
     vertex 3.0500000000e-02 1.5377457358e-01 -1.4741808805e-02
     vertex 2.6000000000e-02 1.5377457358e-01 -1.4741808805e-02
   endloop
 endfacet
 facet normal  3.1959709821e-16 -5.5916213326e-01 -8.2905832649e-01
   outer loop
     vertex 2.6000000000e-02 1.5377457358e-01 -1.4741808805e-02
     vertex 3.0500000000e-02 1.5377457358e-01 -1.4741808805e-02
     vertex 3.0500000000e-02 1.4868850985e-01 -1.1311490147e-02
   endloop
 endfacet
 facet normal  -0.0000000000e+00 -5.5916213326e-01 -8.2905832649e-01
   outer loop
     vertex 2.6000000000e-02 1.5377457358e-01 -1.4741808805e-02
     vertex 3.0500000000e-02 1.4868850985e-01 -1.1311490147e-02
     vertex 2.6000000000e-02 1.4868850985e-01 -1.1311490147e-02
   endloop
 endfacet
 facet normal  -0.0000000000e+00 -8.2905832649e-01 -5.5916213326e-01
   outer loop
     vertex 2.6000000000e-02 1.4868850985e-01 -1.1311490147e-02
     vertex 3.0500000000e-02 1.4868850985e-01 -1.1311490147e-02
     vertex 3.0500000000e-02 1.4525819119e-01 -6.2254264153e-03
   endloop
 endfacet
 facet normal  -0.0000000000e+00 -8.2905832649e-01 -5.5916213326e-01
   outer loop
     vertex 2.6000000000e-02 1.4868850985e-01 -1.1311490147e-02
     vertex 3.0500000000e-02 1.4525819119e-01 -6.2254264153e-03
     vertex 2.6000000000e-02 1.4525819119e-01 -6.2254264153e-03
   endloop
 endfacet
 facet normal  -0.0000000000e+00 -9.8018184110e-01 -1.9809986972e-01
   outer loop
     vertex 2.6000000000e-02 1.4525819119e-01 -6.2254264153e-03
     vertex 3.0500000000e-02 1.4525819119e-01 -6.2254264153e-03
     vertex 3.0500000000e-02 1.4400000000e-01 0.0000000000e+00
   endloop
 endfacet
 facet normal  -0.0000000000e+00 -9.8018184110e-01 -1.9809986972e-01
   outer loop
     vertex 2.6000000000e-02 1.4525819119e-01 -6.2254264153e-03
     vertex 3.0500000000e-02 1.4400000000e-01 0.0000000000e+00
     vertex 2.6000000000e-02 1.4400000000e-01 0.0000000000e+00
   endloop
 endfacet
 facet normal  0.0000000000e+00 -9.8018184110e-01 1.9809986972e-01
   outer loop
     vertex 2.6000000000e-02 1.4400000000e-01 0.0000000000e+00
     vertex 3.0500000000e-02 1.4400000000e-01 0.0000000000e+00
     vertex 2.6000000000e-02 1.4525819119e-01 6.2254264153e-03
   endloop
 endfacet
 facet normal  0.0000000000e+00 -9.8018184110e-01 1.9809986972e-01
   outer loop
     vertex 3.0500000000e-02 1.4400000000e-01 0.0000000000e+00
     vertex 3.0500000000e-02 1.4525819119e-01 6.2254264153e-03
     vertex 2.6000000000e-02 1.4525819119e-01 6.2254264153e-03
   endloop
 endfacet
 facet normal  0.0000000000e+00 -8.2905832649e-01 5.5916213326e-01
   outer loop
     vertex 2.6000000000e-02 1.4525819119e-01 6.2254264153e-03
     vertex 3.0500000000e-02 1.4525819119e-01 6.2254264153e-03
     vertex 2.6000000000e-02 1.4868850985e-01 1.1311490147e-02
   endloop
 endfacet
 facet normal  0.0000000000e+00 -8.2905832649e-01 5.5916213326e-01
   outer loop
     vertex 3.0500000000e-02 1.4525819119e-01 6.2254264153e-03
     vertex 3.0500000000e-02 1.4868850985e-01 1.1311490147e-02
     vertex 2.6000000000e-02 1.4868850985e-01 1.1311490147e-02
   endloop
 endfacet
 facet normal  0.0000000000e+00 -5.5916213326e-01 8.2905832649e-01
   outer loop
     vertex 2.6000000000e-02 1.4868850985e-01 1.1311490147e-02
     vertex 3.0500000000e-02 1.4868850985e-01 1.1311490147e-02
     vertex 2.6000000000e-02 1.5377457358e-01 1.4741808805e-02
   endloop
 endfacet
 facet normal  3.1959709821e-16 -5.5916213326e-01 8.2905832649e-01
   outer loop
     vertex 3.0500000000e-02 1.4868850985e-01 1.1311490147e-02
     vertex 3.0500000000e-02 1.5377457358e-01 1.4741808805e-02
     vertex 2.6000000000e-02 1.5377457358e-01 1.4741808805e-02
   endloop
 endfacet
 facet normal  3.7785432233e-16 -1.9809986972e-01 9.8018184110e-01
   outer loop
     vertex 2.6000000000e-02 1.5377457358e-01 1.4741808805e-02
     vertex 3.0500000000e-02 1.5377457358e-01 1.4741808805e-02
     vertex 2.6000000000e-02 1.6000000000e-01 1.6000000000e-02
   endloop
 endfacet
 facet normal  0.0000000000e+00 -1.9809986972e-01 9.8018184110e-01
   outer loop
     vertex 3.0500000000e-02 1.5377457358e-01 1.4741808805e-02
     vertex 3.0500000000e-02 1.6000000000e-01 1.6000000000e-02
     vertex 2.6000000000e-02 1.6000000000e-01 1.6000000000e-02
   endloop
 endfacet
 facet normal  0.0000000000e+00 1.9809986972e-01 9.8018184110e-01
   outer loop
     vertex 2.6000000000e-02 1.6000000000e-01 1.6000000000e-02
     vertex 3.0500000000e-02 1.6000000000e-01 1.6000000000e-02
     vertex 3.0500000000e-02 1.6622542642e-01 1.4741808805e-02
   endloop
 endfacet
 facet normal  1.5997156365e-15 1.9809986972e-01 9.8018184110e-01
   outer loop
     vertex 2.6000000000e-02 1.6000000000e-01 1.6000000000e-02
     vertex 3.0500000000e-02 1.6622542642e-01 1.4741808805e-02
     vertex 2.6000000000e-02 1.6622542642e-01 1.4741808805e-02
   endloop
 endfacet
 facet normal  3.7684564029e-15 5.5916213326e-01 8.2905832649e-01
   outer loop
     vertex 2.6000000000e-02 1.6622542642e-01 1.4741808805e-02
     vertex 3.0500000000e-02 1.6622542642e-01 1.4741808805e-02
     vertex 3.0500000000e-02 1.7131149015e-01 1.1311490147e-02
   endloop
 endfacet
 facet normal  0.0000000000e+00 5.5916213326e-01 8.2905832649e-01
   outer loop
     vertex 2.6000000000e-02 1.6622542642e-01 1.4741808805e-02
     vertex 3.0500000000e-02 1.7131149015e-01 1.1311490147e-02
     vertex 2.6000000000e-02 1.7131149015e-01 1.1311490147e-02
   endloop
 endfacet
 facet normal  0.0000000000e+00 8.2905832649e-01 5.5916213326e-01
   outer loop
     vertex 2.6000000000e-02 1.7131149015e-01 1.1311490147e-02
     vertex 3.0500000000e-02 1.7131149015e-01 1.1311490147e-02
     vertex 3.0500000000e-02 1.7474180881e-01 6.2254264153e-03
   endloop
 endfacet
 facet normal  0.0000000000e+00 8.2905832649e-01 5.5916213326e-01
   outer loop
     vertex 2.6000000000e-02 1.7131149015e-01 1.1311490147e-02
     vertex 3.0500000000e-02 1.7474180881e-01 6.2254264153e-03
     vertex 2.6000000000e-02 1.7474180881e-01 6.2254264153e-03
   endloop
 endfacet
 facet normal  0.0000000000e+00 9.8018184110e-01 1.9809986972e-01
   outer loop
     vertex 2.6000000000e-02 1.7474180881e-01 6.2254264153e-03
     vertex 3.0500000000e-02 1.7474180881e-01 6.2254264153e-03
     vertex 3.0500000000e-02 1.7600000000e-01 0.0000000000e+00
   endloop
 endfacet
 facet normal  0.0000000000e+00 9.8018184110e-01 1.9809986972e-01
   outer loop
     vertex 2.6000000000e-02 1.7474180881e-01 6.2254264153e-03
     vertex 3.0500000000e-02 1.7600000000e-01 0.0000000000e+00
     vertex 2.6000000000e-02 1.7600000000e-01 0.0000000000e+00
   endloop
 endfacet
 facet normal  0.0000000000e+00 9.8018184110e-01 -1.9809986972e-01
   outer loop
     vertex 3.0500000000e-02 1.7600000000e-01 0.0000000000e+00
     vertex 3.5000000000e-02 1.7600000000e-01 0.0000000000e+00
     vertex 3.0500000000e-02 1.7474180881e-01 -6.2254264153e-03
   endloop
 endfacet
 facet normal  0.0000000000e+00 9.8018184110e-01 -1.9809986972e-01
   outer loop
     vertex 3.5000000000e-02 1.7600000000e-01 0.0000000000e+00
     vertex 3.5000000000e-02 1.7474180881e-01 -6.2254264153e-03
     vertex 3.0500000000e-02 1.7474180881e-01 -6.2254264153e-03
   endloop
 endfacet
 facet normal  0.0000000000e+00 8.2905832649e-01 -5.5916213326e-01
   outer loop
     vertex 3.0500000000e-02 1.7474180881e-01 -6.2254264153e-03
     vertex 3.5000000000e-02 1.7474180881e-01 -6.2254264153e-03
     vertex 3.0500000000e-02 1.7131149015e-01 -1.1311490147e-02
   endloop
 endfacet
 facet normal  0.0000000000e+00 8.2905832649e-01 -5.5916213326e-01
   outer loop
     vertex 3.5000000000e-02 1.7474180881e-01 -6.2254264153e-03
     vertex 3.5000000000e-02 1.7131149015e-01 -1.1311490147e-02
     vertex 3.0500000000e-02 1.7131149015e-01 -1.1311490147e-02
   endloop
 endfacet
 facet normal  0.0000000000e+00 5.5916213326e-01 -8.2905832649e-01
   outer loop
     vertex 3.0500000000e-02 1.7131149015e-01 -1.1311490147e-02
     vertex 3.5000000000e-02 1.7131149015e-01 -1.1311490147e-02
     vertex 3.0500000000e-02 1.6622542642e-01 -1.4741808805e-02
   endloop
 endfacet
 facet normal  -3.4488593047e-15 5.5916213326e-01 -8.2905832649e-01
   outer loop
     vertex 3.5000000000e-02 1.7131149015e-01 -1.1311490147e-02
     vertex 3.5000000000e-02 1.6622542642e-01 -1.4741808805e-02
     vertex 3.0500000000e-02 1.6622542642e-01 -1.4741808805e-02
   endloop
 endfacet
 facet normal  -1.2218613141e-15 1.9809986972e-01 -9.8018184110e-01
   outer loop
     vertex 3.0500000000e-02 1.6622542642e-01 -1.4741808805e-02
     vertex 3.5000000000e-02 1.6622542642e-01 -1.4741808805e-02
     vertex 3.0500000000e-02 1.6000000000e-01 -1.6000000000e-02
   endloop
 endfacet
 facet normal  0.0000000000e+00 1.9809986972e-01 -9.8018184110e-01
   outer loop
     vertex 3.5000000000e-02 1.6622542642e-01 -1.4741808805e-02
     vertex 3.5000000000e-02 1.6000000000e-01 -1.6000000000e-02
     vertex 3.0500000000e-02 1.6000000000e-01 -1.6000000000e-02
   endloop
 endfacet
 facet normal  -0.0000000000e+00 -1.9809986972e-01 -9.8018184110e-01
   outer loop
     vertex 3.0500000000e-02 1.6000000000e-01 -1.6000000000e-02
     vertex 3.5000000000e-02 1.6000000000e-01 -1.6000000000e-02
     vertex 3.5000000000e-02 1.5377457358e-01 -1.4741808805e-02
   endloop
 endfacet
 facet normal  -0.0000000000e+00 -1.9809986972e-01 -9.8018184110e-01
   outer loop
     vertex 3.0500000000e-02 1.6000000000e-01 -1.6000000000e-02
     vertex 3.5000000000e-02 1.5377457358e-01 -1.4741808805e-02
     vertex 3.0500000000e-02 1.5377457358e-01 -1.4741808805e-02
   endloop
 endfacet
 facet normal  -0.0000000000e+00 -5.5916213326e-01 -8.2905832649e-01
   outer loop
     vertex 3.0500000000e-02 1.5377457358e-01 -1.4741808805e-02
     vertex 3.5000000000e-02 1.5377457358e-01 -1.4741808805e-02
     vertex 3.5000000000e-02 1.4868850985e-01 -1.1311490147e-02
   endloop
 endfacet
 facet normal  -0.0000000000e+00 -5.5916213326e-01 -8.2905832649e-01
   outer loop
     vertex 3.0500000000e-02 1.5377457358e-01 -1.4741808805e-02
     vertex 3.5000000000e-02 1.4868850985e-01 -1.1311490147e-02
     vertex 3.0500000000e-02 1.4868850985e-01 -1.1311490147e-02
   endloop
 endfacet
 facet normal  -0.0000000000e+00 -8.2905832649e-01 -5.5916213326e-01
   outer loop
     vertex 3.0500000000e-02 1.4868850985e-01 -1.1311490147e-02
     vertex 3.5000000000e-02 1.4868850985e-01 -1.1311490147e-02
     vertex 3.5000000000e-02 1.4525819119e-01 -6.2254264153e-03
   endloop
 endfacet
 facet normal  -0.0000000000e+00 -8.2905832649e-01 -5.5916213326e-01
   outer loop
     vertex 3.0500000000e-02 1.4868850985e-01 -1.1311490147e-02
     vertex 3.5000000000e-02 1.4525819119e-01 -6.2254264153e-03
     vertex 3.0500000000e-02 1.4525819119e-01 -6.2254264153e-03
   endloop
 endfacet
 facet normal  -0.0000000000e+00 -9.8018184110e-01 -1.9809986972e-01
   outer loop
     vertex 3.0500000000e-02 1.4525819119e-01 -6.2254264153e-03
     vertex 3.5000000000e-02 1.4525819119e-01 -6.2254264153e-03
     vertex 3.5000000000e-02 1.4400000000e-01 0.0000000000e+00
   endloop
 endfacet
 facet normal  -0.0000000000e+00 -9.8018184110e-01 -1.9809986972e-01
   outer loop
     vertex 3.0500000000e-02 1.4525819119e-01 -6.2254264153e-03
     vertex 3.5000000000e-02 1.4400000000e-01 0.0000000000e+00
     vertex 3.0500000000e-02 1.4400000000e-01 0.0000000000e+00
   endloop
 endfacet
 facet normal  0.0000000000e+00 -9.8018184110e-01 1.9809986972e-01
   outer loop
     vertex 3.0500000000e-02 1.4400000000e-01 0.0000000000e+00
     vertex 3.5000000000e-02 1.4400000000e-01 0.0000000000e+00
     vertex 3.0500000000e-02 1.4525819119e-01 6.2254264153e-03
   endloop
 endfacet
 facet normal  0.0000000000e+00 -9.8018184110e-01 1.9809986972e-01
   outer loop
     vertex 3.5000000000e-02 1.4400000000e-01 0.0000000000e+00
     vertex 3.5000000000e-02 1.4525819119e-01 6.2254264153e-03
     vertex 3.0500000000e-02 1.4525819119e-01 6.2254264153e-03
   endloop
 endfacet
 facet normal  0.0000000000e+00 -8.2905832649e-01 5.5916213326e-01
   outer loop
     vertex 3.0500000000e-02 1.4525819119e-01 6.2254264153e-03
     vertex 3.5000000000e-02 1.4525819119e-01 6.2254264153e-03
     vertex 3.0500000000e-02 1.4868850985e-01 1.1311490147e-02
   endloop
 endfacet
 facet normal  0.0000000000e+00 -8.2905832649e-01 5.5916213326e-01
   outer loop
     vertex 3.5000000000e-02 1.4525819119e-01 6.2254264153e-03
     vertex 3.5000000000e-02 1.4868850985e-01 1.1311490147e-02
     vertex 3.0500000000e-02 1.4868850985e-01 1.1311490147e-02
   endloop
 endfacet
 facet normal  0.0000000000e+00 -5.5916213326e-01 8.2905832649e-01
   outer loop
     vertex 3.0500000000e-02 1.4868850985e-01 1.1311490147e-02
     vertex 3.5000000000e-02 1.4868850985e-01 1.1311490147e-02
     vertex 3.0500000000e-02 1.5377457358e-01 1.4741808805e-02
   endloop
 endfacet
 facet normal  0.0000000000e+00 -5.5916213326e-01 8.2905832649e-01
   outer loop
     vertex 3.5000000000e-02 1.4868850985e-01 1.1311490147e-02
     vertex 3.5000000000e-02 1.5377457358e-01 1.4741808805e-02
     vertex 3.0500000000e-02 1.5377457358e-01 1.4741808805e-02
   endloop
 endfacet
 facet normal  0.0000000000e+00 -1.9809986972e-01 9.8018184110e-01
   outer loop
     vertex 3.0500000000e-02 1.5377457358e-01 1.4741808805e-02
     vertex 3.5000000000e-02 1.5377457358e-01 1.4741808805e-02
     vertex 3.0500000000e-02 1.6000000000e-01 1.6000000000e-02
   endloop
 endfacet
 facet normal  0.0000000000e+00 -1.9809986972e-01 9.8018184110e-01
   outer loop
     vertex 3.5000000000e-02 1.5377457358e-01 1.4741808805e-02
     vertex 3.5000000000e-02 1.6000000000e-01 1.6000000000e-02
     vertex 3.0500000000e-02 1.6000000000e-01 1.6000000000e-02
   endloop
 endfacet
 facet normal  0.0000000000e+00 1.9809986972e-01 9.8018184110e-01
   outer loop
     vertex 3.0500000000e-02 1.6000000000e-01 1.6000000000e-02
     vertex 3.5000000000e-02 1.6000000000e-01 1.6000000000e-02
     vertex 3.5000000000e-02 1.6622542642e-01 1.4741808805e-02
   endloop
 endfacet
 facet normal  -1.2218613141e-15 1.9809986972e-01 9.8018184110e-01
   outer loop
     vertex 3.0500000000e-02 1.6000000000e-01 1.6000000000e-02
     vertex 3.5000000000e-02 1.6622542642e-01 1.4741808805e-02
     vertex 3.0500000000e-02 1.6622542642e-01 1.4741808805e-02
   endloop
 endfacet
 facet normal  -3.4488593047e-15 5.5916213326e-01 8.2905832649e-01
   outer loop
     vertex 3.0500000000e-02 1.6622542642e-01 1.4741808805e-02
     vertex 3.5000000000e-02 1.6622542642e-01 1.4741808805e-02
     vertex 3.5000000000e-02 1.7131149015e-01 1.1311490147e-02
   endloop
 endfacet
 facet normal  0.0000000000e+00 5.5916213326e-01 8.2905832649e-01
   outer loop
     vertex 3.0500000000e-02 1.6622542642e-01 1.4741808805e-02
     vertex 3.5000000000e-02 1.7131149015e-01 1.1311490147e-02
     vertex 3.0500000000e-02 1.7131149015e-01 1.1311490147e-02
   endloop
 endfacet
 facet normal  0.0000000000e+00 8.2905832649e-01 5.5916213326e-01
   outer loop
     vertex 3.0500000000e-02 1.7131149015e-01 1.1311490147e-02
     vertex 3.5000000000e-02 1.7131149015e-01 1.1311490147e-02
     vertex 3.5000000000e-02 1.7474180881e-01 6.2254264153e-03
   endloop
 endfacet
 facet normal  0.0000000000e+00 8.2905832649e-01 5.5916213326e-01
   outer loop
     vertex 3.0500000000e-02 1.7131149015e-01 1.1311490147e-02
     vertex 3.5000000000e-02 1.7474180881e-01 6.2254264153e-03
     vertex 3.0500000000e-02 1.7474180881e-01 6.2254264153e-03
   endloop
 endfacet
 facet normal  0.0000000000e+00 9.8018184110e-01 1.9809986972e-01
   outer loop
     vertex 3.0500000000e-02 1.7474180881e-01 6.2254264153e-03
     vertex 3.5000000000e-02 1.7474180881e-01 6.2254264153e-03
     vertex 3.5000000000e-02 1.7600000000e-01 0.0000000000e+00
   endloop
 endfacet
 facet normal  0.0000000000e+00 9.8018184110e-01 1.9809986972e-01
   outer loop
     vertex 3.0500000000e-02 1.7474180881e-01 6.2254264153e-03
     vertex 3.5000000000e-02 1.7600000000e-01 0.0000000000e+00
     vertex 3.0500000000e-02 1.7600000000e-01 0.0000000000e+00
   endloop
 endfacet
 facet normal  0.0000000000e+00 9.8018184110e-01 -1.9809986972e-01
   outer loop
     vertex 3.5000000000e-02 1.7600000000e-01 0.0000000000e+00
     vertex 3.9500000000e-02 1.7600000000e-01 0.0000000000e+00
     vertex 3.9500000000e-02 1.7474180881e-01 -6.2254264153e-03
   endloop
 endfacet
 facet normal  0.0000000000e+00 9.8018184110e-01 -1.9809986972e-01
   outer loop
     vertex 3.5000000000e-02 1.7600000000e-01 0.0000000000e+00
     vertex 3.9500000000e-02 1.7474180881e-01 -6.2254264153e-03
     vertex 3.5000000000e-02 1.7474180881e-01 -6.2254264153e-03
   endloop
 endfacet
 facet normal  0.0000000000e+00 8.2905832649e-01 -5.5916213326e-01
   outer loop
     vertex 3.5000000000e-02 1.7474180881e-01 -6.2254264153e-03
     vertex 3.9500000000e-02 1.7474180881e-01 -6.2254264153e-03
     vertex 3.9500000000e-02 1.7131149015e-01 -1.1311490147e-02
   endloop
 endfacet
 facet normal  2.1555370654e-16 8.2905832649e-01 -5.5916213326e-01
   outer loop
     vertex 3.5000000000e-02 1.7474180881e-01 -6.2254264153e-03
     vertex 3.9500000000e-02 1.7131149015e-01 -1.1311490147e-02
     vertex 3.5000000000e-02 1.7131149015e-01 -1.1311490147e-02
   endloop
 endfacet
 facet normal  3.1959709821e-16 5.5916213326e-01 -8.2905832649e-01
   outer loop
     vertex 3.5000000000e-02 1.7131149015e-01 -1.1311490147e-02
     vertex 3.9500000000e-02 1.7131149015e-01 -1.1311490147e-02
     vertex 3.9500000000e-02 1.6622542642e-01 -1.4741808805e-02
   endloop
 endfacet
 facet normal  0.0000000000e+00 5.5916213326e-01 -8.2905832649e-01
   outer loop
     vertex 3.5000000000e-02 1.7131149015e-01 -1.1311490147e-02
     vertex 3.9500000000e-02 1.6622542642e-01 -1.4741808805e-02
     vertex 3.5000000000e-02 1.6622542642e-01 -1.4741808805e-02
   endloop
 endfacet
 facet normal  0.0000000000e+00 1.9809986972e-01 -9.8018184110e-01
   outer loop
     vertex 3.5000000000e-02 1.6622542642e-01 -1.4741808805e-02
     vertex 3.9500000000e-02 1.6622542642e-01 -1.4741808805e-02
     vertex 3.9500000000e-02 1.6000000000e-01 -1.6000000000e-02
   endloop
 endfacet
 facet normal  0.0000000000e+00 1.9809986972e-01 -9.8018184110e-01
   outer loop
     vertex 3.5000000000e-02 1.6622542642e-01 -1.4741808805e-02
     vertex 3.9500000000e-02 1.6000000000e-01 -1.6000000000e-02
     vertex 3.5000000000e-02 1.6000000000e-01 -1.6000000000e-02
   endloop
 endfacet
 facet normal  -0.0000000000e+00 -1.9809986972e-01 -9.8018184110e-01
   outer loop
     vertex 3.5000000000e-02 1.6000000000e-01 -1.6000000000e-02
     vertex 3.9500000000e-02 1.6000000000e-01 -1.6000000000e-02
     vertex 3.5000000000e-02 1.5377457358e-01 -1.4741808805e-02
   endloop
 endfacet
 facet normal  -0.0000000000e+00 -1.9809986972e-01 -9.8018184110e-01
   outer loop
     vertex 3.9500000000e-02 1.6000000000e-01 -1.6000000000e-02
     vertex 3.9500000000e-02 1.5377457358e-01 -1.4741808805e-02
     vertex 3.5000000000e-02 1.5377457358e-01 -1.4741808805e-02
   endloop
 endfacet
 facet normal  -0.0000000000e+00 -5.5916213326e-01 -8.2905832649e-01
   outer loop
     vertex 3.5000000000e-02 1.5377457358e-01 -1.4741808805e-02
     vertex 3.9500000000e-02 1.5377457358e-01 -1.4741808805e-02
     vertex 3.5000000000e-02 1.4868850985e-01 -1.1311490147e-02
   endloop
 endfacet
 facet normal  3.1959709821e-16 -5.5916213326e-01 -8.2905832649e-01
   outer loop
     vertex 3.9500000000e-02 1.5377457358e-01 -1.4741808805e-02
     vertex 3.9500000000e-02 1.4868850985e-01 -1.1311490147e-02
     vertex 3.5000000000e-02 1.4868850985e-01 -1.1311490147e-02
   endloop
 endfacet
 facet normal  2.1555370654e-16 -8.2905832649e-01 -5.5916213326e-01
   outer loop
     vertex 3.5000000000e-02 1.4868850985e-01 -1.1311490147e-02
     vertex 3.9500000000e-02 1.4868850985e-01 -1.1311490147e-02
     vertex 3.5000000000e-02 1.4525819119e-01 -6.2254264153e-03
   endloop
 endfacet
 facet normal  -0.0000000000e+00 -8.2905832649e-01 -5.5916213326e-01
   outer loop
     vertex 3.9500000000e-02 1.4868850985e-01 -1.1311490147e-02
     vertex 3.9500000000e-02 1.4525819119e-01 -6.2254264153e-03
     vertex 3.5000000000e-02 1.4525819119e-01 -6.2254264153e-03
   endloop
 endfacet
 facet normal  -0.0000000000e+00 -9.8018184110e-01 -1.9809986972e-01
   outer loop
     vertex 3.5000000000e-02 1.4525819119e-01 -6.2254264153e-03
     vertex 3.9500000000e-02 1.4525819119e-01 -6.2254264153e-03
     vertex 3.5000000000e-02 1.4400000000e-01 0.0000000000e+00
   endloop
 endfacet
 facet normal  -0.0000000000e+00 -9.8018184110e-01 -1.9809986972e-01
   outer loop
     vertex 3.9500000000e-02 1.4525819119e-01 -6.2254264153e-03
     vertex 3.9500000000e-02 1.4400000000e-01 0.0000000000e+00
     vertex 3.5000000000e-02 1.4400000000e-01 0.0000000000e+00
   endloop
 endfacet
 facet normal  0.0000000000e+00 -9.8018184110e-01 1.9809986972e-01
   outer loop
     vertex 3.5000000000e-02 1.4400000000e-01 0.0000000000e+00
     vertex 3.9500000000e-02 1.4400000000e-01 0.0000000000e+00
     vertex 3.9500000000e-02 1.4525819119e-01 6.2254264153e-03
   endloop
 endfacet
 facet normal  0.0000000000e+00 -9.8018184110e-01 1.9809986972e-01
   outer loop
     vertex 3.5000000000e-02 1.4400000000e-01 0.0000000000e+00
     vertex 3.9500000000e-02 1.4525819119e-01 6.2254264153e-03
     vertex 3.5000000000e-02 1.4525819119e-01 6.2254264153e-03
   endloop
 endfacet
 facet normal  0.0000000000e+00 -8.2905832649e-01 5.5916213326e-01
   outer loop
     vertex 3.5000000000e-02 1.4525819119e-01 6.2254264153e-03
     vertex 3.9500000000e-02 1.4525819119e-01 6.2254264153e-03
     vertex 3.9500000000e-02 1.4868850985e-01 1.1311490147e-02
   endloop
 endfacet
 facet normal  2.1555370654e-16 -8.2905832649e-01 5.5916213326e-01
   outer loop
     vertex 3.5000000000e-02 1.4525819119e-01 6.2254264153e-03
     vertex 3.9500000000e-02 1.4868850985e-01 1.1311490147e-02
     vertex 3.5000000000e-02 1.4868850985e-01 1.1311490147e-02
   endloop
 endfacet
 facet normal  3.1959709821e-16 -5.5916213326e-01 8.2905832649e-01
   outer loop
     vertex 3.5000000000e-02 1.4868850985e-01 1.1311490147e-02
     vertex 3.9500000000e-02 1.4868850985e-01 1.1311490147e-02
     vertex 3.9500000000e-02 1.5377457358e-01 1.4741808805e-02
   endloop
 endfacet
 facet normal  0.0000000000e+00 -5.5916213326e-01 8.2905832649e-01
   outer loop
     vertex 3.5000000000e-02 1.4868850985e-01 1.1311490147e-02
     vertex 3.9500000000e-02 1.5377457358e-01 1.4741808805e-02
     vertex 3.5000000000e-02 1.5377457358e-01 1.4741808805e-02
   endloop
 endfacet
 facet normal  0.0000000000e+00 -1.9809986972e-01 9.8018184110e-01
   outer loop
     vertex 3.5000000000e-02 1.5377457358e-01 1.4741808805e-02
     vertex 3.9500000000e-02 1.5377457358e-01 1.4741808805e-02
     vertex 3.9500000000e-02 1.6000000000e-01 1.6000000000e-02
   endloop
 endfacet
 facet normal  0.0000000000e+00 -1.9809986972e-01 9.8018184110e-01
   outer loop
     vertex 3.5000000000e-02 1.5377457358e-01 1.4741808805e-02
     vertex 3.9500000000e-02 1.6000000000e-01 1.6000000000e-02
     vertex 3.5000000000e-02 1.6000000000e-01 1.6000000000e-02
   endloop
 endfacet
 facet normal  0.0000000000e+00 1.9809986972e-01 9.8018184110e-01
   outer loop
     vertex 3.5000000000e-02 1.6000000000e-01 1.6000000000e-02
     vertex 3.9500000000e-02 1.6000000000e-01 1.6000000000e-02
     vertex 3.5000000000e-02 1.6622542642e-01 1.4741808805e-02
   endloop
 endfacet
 facet normal  0.0000000000e+00 1.9809986972e-01 9.8018184110e-01
   outer loop
     vertex 3.9500000000e-02 1.6000000000e-01 1.6000000000e-02
     vertex 3.9500000000e-02 1.6622542642e-01 1.4741808805e-02
     vertex 3.5000000000e-02 1.6622542642e-01 1.4741808805e-02
   endloop
 endfacet
 facet normal  0.0000000000e+00 5.5916213326e-01 8.2905832649e-01
   outer loop
     vertex 3.5000000000e-02 1.6622542642e-01 1.4741808805e-02
     vertex 3.9500000000e-02 1.6622542642e-01 1.4741808805e-02
     vertex 3.5000000000e-02 1.7131149015e-01 1.1311490147e-02
   endloop
 endfacet
 facet normal  3.1959709821e-16 5.5916213326e-01 8.2905832649e-01
   outer loop
     vertex 3.9500000000e-02 1.6622542642e-01 1.4741808805e-02
     vertex 3.9500000000e-02 1.7131149015e-01 1.1311490147e-02
     vertex 3.5000000000e-02 1.7131149015e-01 1.1311490147e-02
   endloop
 endfacet
 facet normal  2.1555370654e-16 8.2905832649e-01 5.5916213326e-01
   outer loop
     vertex 3.5000000000e-02 1.7131149015e-01 1.1311490147e-02
     vertex 3.9500000000e-02 1.7131149015e-01 1.1311490147e-02
     vertex 3.5000000000e-02 1.7474180881e-01 6.2254264153e-03
   endloop
 endfacet
 facet normal  0.0000000000e+00 8.2905832649e-01 5.5916213326e-01
   outer loop
     vertex 3.9500000000e-02 1.7131149015e-01 1.1311490147e-02
     vertex 3.9500000000e-02 1.7474180881e-01 6.2254264153e-03
     vertex 3.5000000000e-02 1.7474180881e-01 6.2254264153e-03
   endloop
 endfacet
 facet normal  0.0000000000e+00 9.8018184110e-01 1.9809986972e-01
   outer loop
     vertex 3.5000000000e-02 1.7474180881e-01 6.2254264153e-03
     vertex 3.9500000000e-02 1.7474180881e-01 6.2254264153e-03
     vertex 3.5000000000e-02 1.7600000000e-01 0.0000000000e+00
   endloop
 endfacet
 facet normal  0.0000000000e+00 9.8018184110e-01 1.9809986972e-01
   outer loop
     vertex 3.9500000000e-02 1.7474180881e-01 6.2254264153e-03
     vertex 3.9500000000e-02 1.7600000000e-01 0.0000000000e+00
     vertex 3.5000000000e-02 1.7600000000e-01 0.0000000000e+00
   endloop
 endfacet
 facet normal  0.0000000000e+00 9.8018184110e-01 -1.9809986972e-01
   outer loop
     vertex 3.9500000000e-02 1.7600000000e-01 0.0000000000e+00
     vertex 4.4000000000e-02 1.7600000000e-01 0.0000000000e+00
     vertex 4.4000000000e-02 1.7474180881e-01 -6.2254264153e-03
   endloop
 endfacet
 facet normal  0.0000000000e+00 9.8018184110e-01 -1.9809986972e-01
   outer loop
     vertex 3.9500000000e-02 1.7600000000e-01 0.0000000000e+00
     vertex 4.4000000000e-02 1.7474180881e-01 -6.2254264153e-03
     vertex 3.9500000000e-02 1.7474180881e-01 -6.2254264153e-03
   endloop
 endfacet
 facet normal  0.0000000000e+00 8.2905832649e-01 -5.5916213326e-01
   outer loop
     vertex 3.9500000000e-02 1.7474180881e-01 -6.2254264153e-03
     vertex 4.4000000000e-02 1.7474180881e-01 -6.2254264153e-03
     vertex 4.4000000000e-02 1.7131149015e-01 -1.1311490147e-02
   endloop
 endfacet
 facet normal  -2.1555370654e-16 8.2905832649e-01 -5.5916213326e-01
   outer loop
     vertex 3.9500000000e-02 1.7474180881e-01 -6.2254264153e-03
     vertex 4.4000000000e-02 1.7131149015e-01 -1.1311490147e-02
     vertex 3.9500000000e-02 1.7131149015e-01 -1.1311490147e-02
   endloop
 endfacet
 facet normal  -3.1959709821e-16 5.5916213326e-01 -8.2905832649e-01
   outer loop
     vertex 3.9500000000e-02 1.7131149015e-01 -1.1311490147e-02
     vertex 4.4000000000e-02 1.7131149015e-01 -1.1311490147e-02
     vertex 4.4000000000e-02 1.6622542642e-01 -1.4741808805e-02
   endloop
 endfacet
 facet normal  -3.1959709821e-16 5.5916213326e-01 -8.2905832649e-01
   outer loop
     vertex 3.9500000000e-02 1.7131149015e-01 -1.1311490147e-02
     vertex 4.4000000000e-02 1.6622542642e-01 -1.4741808805e-02
     vertex 3.9500000000e-02 1.6622542642e-01 -1.4741808805e-02
   endloop
 endfacet
 facet normal  -3.7785432233e-16 1.9809986972e-01 -9.8018184110e-01
   outer loop
     vertex 3.9500000000e-02 1.6622542642e-01 -1.4741808805e-02
     vertex 4.4000000000e-02 1.6622542642e-01 -1.4741808805e-02
     vertex 4.4000000000e-02 1.6000000000e-01 -1.6000000000e-02
   endloop
 endfacet
 facet normal  0.0000000000e+00 1.9809986972e-01 -9.8018184110e-01
   outer loop
     vertex 3.9500000000e-02 1.6622542642e-01 -1.4741808805e-02
     vertex 4.4000000000e-02 1.6000000000e-01 -1.6000000000e-02
     vertex 3.9500000000e-02 1.6000000000e-01 -1.6000000000e-02
   endloop
 endfacet
 facet normal  -0.0000000000e+00 -1.9809986972e-01 -9.8018184110e-01
   outer loop
     vertex 3.9500000000e-02 1.6000000000e-01 -1.6000000000e-02
     vertex 4.4000000000e-02 1.6000000000e-01 -1.6000000000e-02
     vertex 3.9500000000e-02 1.5377457358e-01 -1.4741808805e-02
   endloop
 endfacet
 facet normal  -3.7785432233e-16 -1.9809986972e-01 -9.8018184110e-01
   outer loop
     vertex 4.4000000000e-02 1.6000000000e-01 -1.6000000000e-02
     vertex 4.4000000000e-02 1.5377457358e-01 -1.4741808805e-02
     vertex 3.9500000000e-02 1.5377457358e-01 -1.4741808805e-02
   endloop
 endfacet
 facet normal  -3.1959709821e-16 -5.5916213326e-01 -8.2905832649e-01
   outer loop
     vertex 3.9500000000e-02 1.5377457358e-01 -1.4741808805e-02
     vertex 4.4000000000e-02 1.5377457358e-01 -1.4741808805e-02
     vertex 3.9500000000e-02 1.4868850985e-01 -1.1311490147e-02
   endloop
 endfacet
 facet normal  -3.1959709821e-16 -5.5916213326e-01 -8.2905832649e-01
   outer loop
     vertex 4.4000000000e-02 1.5377457358e-01 -1.4741808805e-02
     vertex 4.4000000000e-02 1.4868850985e-01 -1.1311490147e-02
     vertex 3.9500000000e-02 1.4868850985e-01 -1.1311490147e-02
   endloop
 endfacet
 facet normal  -2.1555370654e-16 -8.2905832649e-01 -5.5916213326e-01
   outer loop
     vertex 3.9500000000e-02 1.4868850985e-01 -1.1311490147e-02
     vertex 4.4000000000e-02 1.4868850985e-01 -1.1311490147e-02
     vertex 3.9500000000e-02 1.4525819119e-01 -6.2254264153e-03
   endloop
 endfacet
 facet normal  -0.0000000000e+00 -8.2905832649e-01 -5.5916213326e-01
   outer loop
     vertex 4.4000000000e-02 1.4868850985e-01 -1.1311490147e-02
     vertex 4.4000000000e-02 1.4525819119e-01 -6.2254264153e-03
     vertex 3.9500000000e-02 1.4525819119e-01 -6.2254264153e-03
   endloop
 endfacet
 facet normal  -0.0000000000e+00 -9.8018184110e-01 -1.9809986972e-01
   outer loop
     vertex 3.9500000000e-02 1.4525819119e-01 -6.2254264153e-03
     vertex 4.4000000000e-02 1.4525819119e-01 -6.2254264153e-03
     vertex 3.9500000000e-02 1.4400000000e-01 0.0000000000e+00
   endloop
 endfacet
 facet normal  -0.0000000000e+00 -9.8018184110e-01 -1.9809986972e-01
   outer loop
     vertex 4.4000000000e-02 1.4525819119e-01 -6.2254264153e-03
     vertex 4.4000000000e-02 1.4400000000e-01 0.0000000000e+00
     vertex 3.9500000000e-02 1.4400000000e-01 0.0000000000e+00
   endloop
 endfacet
 facet normal  0.0000000000e+00 -9.8018184110e-01 1.9809986972e-01
   outer loop
     vertex 3.9500000000e-02 1.4400000000e-01 0.0000000000e+00
     vertex 4.4000000000e-02 1.4400000000e-01 0.0000000000e+00
     vertex 4.4000000000e-02 1.4525819119e-01 6.2254264153e-03
   endloop
 endfacet
 facet normal  0.0000000000e+00 -9.8018184110e-01 1.9809986972e-01
   outer loop
     vertex 3.9500000000e-02 1.4400000000e-01 0.0000000000e+00
     vertex 4.4000000000e-02 1.4525819119e-01 6.2254264153e-03
     vertex 3.9500000000e-02 1.4525819119e-01 6.2254264153e-03
   endloop
 endfacet
 facet normal  0.0000000000e+00 -8.2905832649e-01 5.5916213326e-01
   outer loop
     vertex 3.9500000000e-02 1.4525819119e-01 6.2254264153e-03
     vertex 4.4000000000e-02 1.4525819119e-01 6.2254264153e-03
     vertex 4.4000000000e-02 1.4868850985e-01 1.1311490147e-02
   endloop
 endfacet
 facet normal  -2.1555370654e-16 -8.2905832649e-01 5.5916213326e-01
   outer loop
     vertex 3.9500000000e-02 1.4525819119e-01 6.2254264153e-03
     vertex 4.4000000000e-02 1.4868850985e-01 1.1311490147e-02
     vertex 3.9500000000e-02 1.4868850985e-01 1.1311490147e-02
   endloop
 endfacet
 facet normal  -3.1959709821e-16 -5.5916213326e-01 8.2905832649e-01
   outer loop
     vertex 3.9500000000e-02 1.4868850985e-01 1.1311490147e-02
     vertex 4.4000000000e-02 1.4868850985e-01 1.1311490147e-02
     vertex 4.4000000000e-02 1.5377457358e-01 1.4741808805e-02
   endloop
 endfacet
 facet normal  -3.1959709821e-16 -5.5916213326e-01 8.2905832649e-01
   outer loop
     vertex 3.9500000000e-02 1.4868850985e-01 1.1311490147e-02
     vertex 4.4000000000e-02 1.5377457358e-01 1.4741808805e-02
     vertex 3.9500000000e-02 1.5377457358e-01 1.4741808805e-02
   endloop
 endfacet
 facet normal  -3.7785432233e-16 -1.9809986972e-01 9.8018184110e-01
   outer loop
     vertex 3.9500000000e-02 1.5377457358e-01 1.4741808805e-02
     vertex 4.4000000000e-02 1.5377457358e-01 1.4741808805e-02
     vertex 4.4000000000e-02 1.6000000000e-01 1.6000000000e-02
   endloop
 endfacet
 facet normal  0.0000000000e+00 -1.9809986972e-01 9.8018184110e-01
   outer loop
     vertex 3.9500000000e-02 1.5377457358e-01 1.4741808805e-02
     vertex 4.4000000000e-02 1.6000000000e-01 1.6000000000e-02
     vertex 3.9500000000e-02 1.6000000000e-01 1.6000000000e-02
   endloop
 endfacet
 facet normal  0.0000000000e+00 1.9809986972e-01 9.8018184110e-01
   outer loop
     vertex 3.9500000000e-02 1.6000000000e-01 1.6000000000e-02
     vertex 4.4000000000e-02 1.6000000000e-01 1.6000000000e-02
     vertex 3.9500000000e-02 1.6622542642e-01 1.4741808805e-02
   endloop
 endfacet
 facet normal  -3.7785432233e-16 1.9809986972e-01 9.8018184110e-01
   outer loop
     vertex 4.4000000000e-02 1.6000000000e-01 1.6000000000e-02
     vertex 4.4000000000e-02 1.6622542642e-01 1.4741808805e-02
     vertex 3.9500000000e-02 1.6622542642e-01 1.4741808805e-02
   endloop
 endfacet
 facet normal  -3.1959709821e-16 5.5916213326e-01 8.2905832649e-01
   outer loop
     vertex 3.9500000000e-02 1.6622542642e-01 1.4741808805e-02
     vertex 4.4000000000e-02 1.6622542642e-01 1.4741808805e-02
     vertex 3.9500000000e-02 1.7131149015e-01 1.1311490147e-02
   endloop
 endfacet
 facet normal  -3.1959709821e-16 5.5916213326e-01 8.2905832649e-01
   outer loop
     vertex 4.4000000000e-02 1.6622542642e-01 1.4741808805e-02
     vertex 4.4000000000e-02 1.7131149015e-01 1.1311490147e-02
     vertex 3.9500000000e-02 1.7131149015e-01 1.1311490147e-02
   endloop
 endfacet
 facet normal  -2.1555370654e-16 8.2905832649e-01 5.5916213326e-01
   outer loop
     vertex 3.9500000000e-02 1.7131149015e-01 1.1311490147e-02
     vertex 4.4000000000e-02 1.7131149015e-01 1.1311490147e-02
     vertex 3.9500000000e-02 1.7474180881e-01 6.2254264153e-03
   endloop
 endfacet
 facet normal  0.0000000000e+00 8.2905832649e-01 5.5916213326e-01
   outer loop
     vertex 4.4000000000e-02 1.7131149015e-01 1.1311490147e-02
     vertex 4.4000000000e-02 1.7474180881e-01 6.2254264153e-03
     vertex 3.9500000000e-02 1.7474180881e-01 6.2254264153e-03
   endloop
 endfacet
 facet normal  0.0000000000e+00 9.8018184110e-01 1.9809986972e-01
   outer loop
     vertex 3.9500000000e-02 1.7474180881e-01 6.2254264153e-03
     vertex 4.4000000000e-02 1.7474180881e-01 6.2254264153e-03
     vertex 3.9500000000e-02 1.7600000000e-01 0.0000000000e+00
   endloop
 endfacet
 facet normal  0.0000000000e+00 9.8018184110e-01 1.9809986972e-01
   outer loop
     vertex 4.4000000000e-02 1.7474180881e-01 6.2254264153e-03
     vertex 4.4000000000e-02 1.7600000000e-01 0.0000000000e+00
     vertex 3.9500000000e-02 1.7600000000e-01 0.0000000000e+00
   endloop
 endfacet
 facet normal  0.0000000000e+00 9.8018184110e-01 -1.9809986972e-01
   outer loop
     vertex 4.4000000000e-02 1.7600000000e-01 0.0000000000e+00
     vertex 4.8500000000e-02 1.7600000000e-01 0.0000000000e+00
     vertex 4.8500000000e-02 1.7474180881e-01 -6.2254264153e-03
   endloop
 endfacet
 facet normal  0.0000000000e+00 9.8018184110e-01 -1.9809986972e-01
   outer loop
     vertex 4.4000000000e-02 1.7600000000e-01 0.0000000000e+00
     vertex 4.8500000000e-02 1.7474180881e-01 -6.2254264153e-03
     vertex 4.4000000000e-02 1.7474180881e-01 -6.2254264153e-03
   endloop
 endfacet
 facet normal  0.0000000000e+00 8.2905832649e-01 -5.5916213326e-01
   outer loop
     vertex 4.4000000000e-02 1.7474180881e-01 -6.2254264153e-03
     vertex 4.8500000000e-02 1.7474180881e-01 -6.2254264153e-03
     vertex 4.8500000000e-02 1.7131149015e-01 -1.1311490147e-02
   endloop
 endfacet
 facet normal  0.0000000000e+00 8.2905832649e-01 -5.5916213326e-01
   outer loop
     vertex 4.4000000000e-02 1.7474180881e-01 -6.2254264153e-03
     vertex 4.8500000000e-02 1.7131149015e-01 -1.1311490147e-02
     vertex 4.4000000000e-02 1.7131149015e-01 -1.1311490147e-02
   endloop
 endfacet
 facet normal  0.0000000000e+00 5.5916213326e-01 -8.2905832649e-01
   outer loop
     vertex 4.4000000000e-02 1.7131149015e-01 -1.1311490147e-02
     vertex 4.8500000000e-02 1.7131149015e-01 -1.1311490147e-02
     vertex 4.8500000000e-02 1.6622542642e-01 -1.4741808805e-02
   endloop
 endfacet
 facet normal  0.0000000000e+00 5.5916213326e-01 -8.2905832649e-01
   outer loop
     vertex 4.4000000000e-02 1.7131149015e-01 -1.1311490147e-02
     vertex 4.8500000000e-02 1.6622542642e-01 -1.4741808805e-02
     vertex 4.4000000000e-02 1.6622542642e-01 -1.4741808805e-02
   endloop
 endfacet
 facet normal  0.0000000000e+00 1.9809986972e-01 -9.8018184110e-01
   outer loop
     vertex 4.4000000000e-02 1.6622542642e-01 -1.4741808805e-02
     vertex 4.8500000000e-02 1.6622542642e-01 -1.4741808805e-02
     vertex 4.8500000000e-02 1.6000000000e-01 -1.6000000000e-02
   endloop
 endfacet
 facet normal  0.0000000000e+00 1.9809986972e-01 -9.8018184110e-01
   outer loop
     vertex 4.4000000000e-02 1.6622542642e-01 -1.4741808805e-02
     vertex 4.8500000000e-02 1.6000000000e-01 -1.6000000000e-02
     vertex 4.4000000000e-02 1.6000000000e-01 -1.6000000000e-02
   endloop
 endfacet
 facet normal  -0.0000000000e+00 -1.9809986972e-01 -9.8018184110e-01
   outer loop
     vertex 4.4000000000e-02 1.6000000000e-01 -1.6000000000e-02
     vertex 4.8500000000e-02 1.6000000000e-01 -1.6000000000e-02
     vertex 4.4000000000e-02 1.5377457358e-01 -1.4741808805e-02
   endloop
 endfacet
 facet normal  -0.0000000000e+00 -1.9809986972e-01 -9.8018184110e-01
   outer loop
     vertex 4.8500000000e-02 1.6000000000e-01 -1.6000000000e-02
     vertex 4.8500000000e-02 1.5377457358e-01 -1.4741808805e-02
     vertex 4.4000000000e-02 1.5377457358e-01 -1.4741808805e-02
   endloop
 endfacet
 facet normal  -0.0000000000e+00 -5.5916213326e-01 -8.2905832649e-01
   outer loop
     vertex 4.4000000000e-02 1.5377457358e-01 -1.4741808805e-02
     vertex 4.8500000000e-02 1.5377457358e-01 -1.4741808805e-02
     vertex 4.4000000000e-02 1.4868850985e-01 -1.1311490147e-02
   endloop
 endfacet
 facet normal  -0.0000000000e+00 -5.5916213326e-01 -8.2905832649e-01
   outer loop
     vertex 4.8500000000e-02 1.5377457358e-01 -1.4741808805e-02
     vertex 4.8500000000e-02 1.4868850985e-01 -1.1311490147e-02
     vertex 4.4000000000e-02 1.4868850985e-01 -1.1311490147e-02
   endloop
 endfacet
 facet normal  -0.0000000000e+00 -8.2905832649e-01 -5.5916213326e-01
   outer loop
     vertex 4.4000000000e-02 1.4868850985e-01 -1.1311490147e-02
     vertex 4.8500000000e-02 1.4868850985e-01 -1.1311490147e-02
     vertex 4.4000000000e-02 1.4525819119e-01 -6.2254264153e-03
   endloop
 endfacet
 facet normal  -0.0000000000e+00 -8.2905832649e-01 -5.5916213326e-01
   outer loop
     vertex 4.8500000000e-02 1.4868850985e-01 -1.1311490147e-02
     vertex 4.8500000000e-02 1.4525819119e-01 -6.2254264153e-03
     vertex 4.4000000000e-02 1.4525819119e-01 -6.2254264153e-03
   endloop
 endfacet
 facet normal  -0.0000000000e+00 -9.8018184110e-01 -1.9809986972e-01
   outer loop
     vertex 4.4000000000e-02 1.4525819119e-01 -6.2254264153e-03
     vertex 4.8500000000e-02 1.4525819119e-01 -6.2254264153e-03
     vertex 4.4000000000e-02 1.4400000000e-01 0.0000000000e+00
   endloop
 endfacet
 facet normal  -0.0000000000e+00 -9.8018184110e-01 -1.9809986972e-01
   outer loop
     vertex 4.8500000000e-02 1.4525819119e-01 -6.2254264153e-03
     vertex 4.8500000000e-02 1.4400000000e-01 0.0000000000e+00
     vertex 4.4000000000e-02 1.4400000000e-01 0.0000000000e+00
   endloop
 endfacet
 facet normal  0.0000000000e+00 -9.8018184110e-01 1.9809986972e-01
   outer loop
     vertex 4.4000000000e-02 1.4400000000e-01 0.0000000000e+00
     vertex 4.8500000000e-02 1.4400000000e-01 0.0000000000e+00
     vertex 4.8500000000e-02 1.4525819119e-01 6.2254264153e-03
   endloop
 endfacet
 facet normal  0.0000000000e+00 -9.8018184110e-01 1.9809986972e-01
   outer loop
     vertex 4.4000000000e-02 1.4400000000e-01 0.0000000000e+00
     vertex 4.8500000000e-02 1.4525819119e-01 6.2254264153e-03
     vertex 4.4000000000e-02 1.4525819119e-01 6.2254264153e-03
   endloop
 endfacet
 facet normal  0.0000000000e+00 -8.2905832649e-01 5.5916213326e-01
   outer loop
     vertex 4.4000000000e-02 1.4525819119e-01 6.2254264153e-03
     vertex 4.8500000000e-02 1.4525819119e-01 6.2254264153e-03
     vertex 4.8500000000e-02 1.4868850985e-01 1.1311490147e-02
   endloop
 endfacet
 facet normal  0.0000000000e+00 -8.2905832649e-01 5.5916213326e-01
   outer loop
     vertex 4.4000000000e-02 1.4525819119e-01 6.2254264153e-03
     vertex 4.8500000000e-02 1.4868850985e-01 1.1311490147e-02
     vertex 4.4000000000e-02 1.4868850985e-01 1.1311490147e-02
   endloop
 endfacet
 facet normal  0.0000000000e+00 -5.5916213326e-01 8.2905832649e-01
   outer loop
     vertex 4.4000000000e-02 1.4868850985e-01 1.1311490147e-02
     vertex 4.8500000000e-02 1.4868850985e-01 1.1311490147e-02
     vertex 4.8500000000e-02 1.5377457358e-01 1.4741808805e-02
   endloop
 endfacet
 facet normal  0.0000000000e+00 -5.5916213326e-01 8.2905832649e-01
   outer loop
     vertex 4.4000000000e-02 1.4868850985e-01 1.1311490147e-02
     vertex 4.8500000000e-02 1.5377457358e-01 1.4741808805e-02
     vertex 4.4000000000e-02 1.5377457358e-01 1.4741808805e-02
   endloop
 endfacet
 facet normal  0.0000000000e+00 -1.9809986972e-01 9.8018184110e-01
   outer loop
     vertex 4.4000000000e-02 1.5377457358e-01 1.4741808805e-02
     vertex 4.8500000000e-02 1.5377457358e-01 1.4741808805e-02
     vertex 4.8500000000e-02 1.6000000000e-01 1.6000000000e-02
   endloop
 endfacet
 facet normal  0.0000000000e+00 -1.9809986972e-01 9.8018184110e-01
   outer loop
     vertex 4.4000000000e-02 1.5377457358e-01 1.4741808805e-02
     vertex 4.8500000000e-02 1.6000000000e-01 1.6000000000e-02
     vertex 4.4000000000e-02 1.6000000000e-01 1.6000000000e-02
   endloop
 endfacet
 facet normal  0.0000000000e+00 1.9809986972e-01 9.8018184110e-01
   outer loop
     vertex 4.4000000000e-02 1.6000000000e-01 1.6000000000e-02
     vertex 4.8500000000e-02 1.6000000000e-01 1.6000000000e-02
     vertex 4.4000000000e-02 1.6622542642e-01 1.4741808805e-02
   endloop
 endfacet
 facet normal  0.0000000000e+00 1.9809986972e-01 9.8018184110e-01
   outer loop
     vertex 4.8500000000e-02 1.6000000000e-01 1.6000000000e-02
     vertex 4.8500000000e-02 1.6622542642e-01 1.4741808805e-02
     vertex 4.4000000000e-02 1.6622542642e-01 1.4741808805e-02
   endloop
 endfacet
 facet normal  0.0000000000e+00 5.5916213326e-01 8.2905832649e-01
   outer loop
     vertex 4.4000000000e-02 1.6622542642e-01 1.4741808805e-02
     vertex 4.8500000000e-02 1.6622542642e-01 1.4741808805e-02
     vertex 4.4000000000e-02 1.7131149015e-01 1.1311490147e-02
   endloop
 endfacet
 facet normal  0.0000000000e+00 5.5916213326e-01 8.2905832649e-01
   outer loop
     vertex 4.8500000000e-02 1.6622542642e-01 1.4741808805e-02
     vertex 4.8500000000e-02 1.7131149015e-01 1.1311490147e-02
     vertex 4.4000000000e-02 1.7131149015e-01 1.1311490147e-02
   endloop
 endfacet
 facet normal  0.0000000000e+00 8.2905832649e-01 5.5916213326e-01
   outer loop
     vertex 4.4000000000e-02 1.7131149015e-01 1.1311490147e-02
     vertex 4.8500000000e-02 1.7131149015e-01 1.1311490147e-02
     vertex 4.4000000000e-02 1.7474180881e-01 6.2254264153e-03
   endloop
 endfacet
 facet normal  0.0000000000e+00 8.2905832649e-01 5.5916213326e-01
   outer loop
     vertex 4.8500000000e-02 1.7131149015e-01 1.1311490147e-02
     vertex 4.8500000000e-02 1.7474180881e-01 6.2254264153e-03
     vertex 4.4000000000e-02 1.7474180881e-01 6.2254264153e-03
   endloop
 endfacet
 facet normal  0.0000000000e+00 9.8018184110e-01 1.9809986972e-01
   outer loop
     vertex 4.4000000000e-02 1.7474180881e-01 6.2254264153e-03
     vertex 4.8500000000e-02 1.7474180881e-01 6.2254264153e-03
     vertex 4.4000000000e-02 1.7600000000e-01 0.0000000000e+00
   endloop
 endfacet
 facet normal  0.0000000000e+00 9.8018184110e-01 1.9809986972e-01
   outer loop
     vertex 4.8500000000e-02 1.7474180881e-01 6.2254264153e-03
     vertex 4.8500000000e-02 1.7600000000e-01 0.0000000000e+00
     vertex 4.4000000000e-02 1.7600000000e-01 0.0000000000e+00
   endloop
 endfacet
 facet normal  0.0000000000e+00 9.8018184110e-01 -1.9809986972e-01
   outer loop
     vertex 4.8500000000e-02 1.7600000000e-01 0.0000000000e+00
     vertex 5.3000000000e-02 1.7600000000e-01 0.0000000000e+00
     vertex 5.3000000000e-02 1.7474180881e-01 -6.2254264153e-03
   endloop
 endfacet
 facet normal  0.0000000000e+00 9.8018184110e-01 -1.9809986972e-01
   outer loop
     vertex 4.8500000000e-02 1.7600000000e-01 0.0000000000e+00
     vertex 5.3000000000e-02 1.7474180881e-01 -6.2254264153e-03
     vertex 4.8500000000e-02 1.7474180881e-01 -6.2254264153e-03
   endloop
 endfacet
 facet normal  0.0000000000e+00 8.2905832649e-01 -5.5916213326e-01
   outer loop
     vertex 4.8500000000e-02 1.7474180881e-01 -6.2254264153e-03
     vertex 5.3000000000e-02 1.7474180881e-01 -6.2254264153e-03
     vertex 5.3000000000e-02 1.7131149015e-01 -1.1311490147e-02
   endloop
 endfacet
 facet normal  2.1555370654e-16 8.2905832649e-01 -5.5916213326e-01
   outer loop
     vertex 4.8500000000e-02 1.7474180881e-01 -6.2254264153e-03
     vertex 5.3000000000e-02 1.7131149015e-01 -1.1311490147e-02
     vertex 4.8500000000e-02 1.7131149015e-01 -1.1311490147e-02
   endloop
 endfacet
 facet normal  3.1959709821e-16 5.5916213326e-01 -8.2905832649e-01
   outer loop
     vertex 4.8500000000e-02 1.7131149015e-01 -1.1311490147e-02
     vertex 5.3000000000e-02 1.7131149015e-01 -1.1311490147e-02
     vertex 5.3000000000e-02 1.6622542642e-01 -1.4741808805e-02
   endloop
 endfacet
 facet normal  3.1959709821e-16 5.5916213326e-01 -8.2905832649e-01
   outer loop
     vertex 4.8500000000e-02 1.7131149015e-01 -1.1311490147e-02
     vertex 5.3000000000e-02 1.6622542642e-01 -1.4741808805e-02
     vertex 4.8500000000e-02 1.6622542642e-01 -1.4741808805e-02
   endloop
 endfacet
 facet normal  3.7785432233e-16 1.9809986972e-01 -9.8018184110e-01
   outer loop
     vertex 4.8500000000e-02 1.6622542642e-01 -1.4741808805e-02
     vertex 5.3000000000e-02 1.6622542642e-01 -1.4741808805e-02
     vertex 5.3000000000e-02 1.6000000000e-01 -1.6000000000e-02
   endloop
 endfacet
 facet normal  0.0000000000e+00 1.9809986972e-01 -9.8018184110e-01
   outer loop
     vertex 4.8500000000e-02 1.6622542642e-01 -1.4741808805e-02
     vertex 5.3000000000e-02 1.6000000000e-01 -1.6000000000e-02
     vertex 4.8500000000e-02 1.6000000000e-01 -1.6000000000e-02
   endloop
 endfacet
 facet normal  -0.0000000000e+00 -1.9809986972e-01 -9.8018184110e-01
   outer loop
     vertex 4.8500000000e-02 1.6000000000e-01 -1.6000000000e-02
     vertex 5.3000000000e-02 1.6000000000e-01 -1.6000000000e-02
     vertex 4.8500000000e-02 1.5377457358e-01 -1.4741808805e-02
   endloop
 endfacet
 facet normal  3.7785432233e-16 -1.9809986972e-01 -9.8018184110e-01
   outer loop
     vertex 5.3000000000e-02 1.6000000000e-01 -1.6000000000e-02
     vertex 5.3000000000e-02 1.5377457358e-01 -1.4741808805e-02
     vertex 4.8500000000e-02 1.5377457358e-01 -1.4741808805e-02
   endloop
 endfacet
 facet normal  3.1959709821e-16 -5.5916213326e-01 -8.2905832649e-01
   outer loop
     vertex 4.8500000000e-02 1.5377457358e-01 -1.4741808805e-02
     vertex 5.3000000000e-02 1.5377457358e-01 -1.4741808805e-02
     vertex 4.8500000000e-02 1.4868850985e-01 -1.1311490147e-02
   endloop
 endfacet
 facet normal  3.1959709821e-16 -5.5916213326e-01 -8.2905832649e-01
   outer loop
     vertex 5.3000000000e-02 1.5377457358e-01 -1.4741808805e-02
     vertex 5.3000000000e-02 1.4868850985e-01 -1.1311490147e-02
     vertex 4.8500000000e-02 1.4868850985e-01 -1.1311490147e-02
   endloop
 endfacet
 facet normal  2.1555370654e-16 -8.2905832649e-01 -5.5916213326e-01
   outer loop
     vertex 4.8500000000e-02 1.4868850985e-01 -1.1311490147e-02
     vertex 5.3000000000e-02 1.4868850985e-01 -1.1311490147e-02
     vertex 4.8500000000e-02 1.4525819119e-01 -6.2254264153e-03
   endloop
 endfacet
 facet normal  -0.0000000000e+00 -8.2905832649e-01 -5.5916213326e-01
   outer loop
     vertex 5.3000000000e-02 1.4868850985e-01 -1.1311490147e-02
     vertex 5.3000000000e-02 1.4525819119e-01 -6.2254264153e-03
     vertex 4.8500000000e-02 1.4525819119e-01 -6.2254264153e-03
   endloop
 endfacet
 facet normal  -0.0000000000e+00 -9.8018184110e-01 -1.9809986972e-01
   outer loop
     vertex 4.8500000000e-02 1.4525819119e-01 -6.2254264153e-03
     vertex 5.3000000000e-02 1.4525819119e-01 -6.2254264153e-03
     vertex 4.8500000000e-02 1.4400000000e-01 0.0000000000e+00
   endloop
 endfacet
 facet normal  -0.0000000000e+00 -9.8018184110e-01 -1.9809986972e-01
   outer loop
     vertex 5.3000000000e-02 1.4525819119e-01 -6.2254264153e-03
     vertex 5.3000000000e-02 1.4400000000e-01 0.0000000000e+00
     vertex 4.8500000000e-02 1.4400000000e-01 0.0000000000e+00
   endloop
 endfacet
 facet normal  0.0000000000e+00 -9.8018184110e-01 1.9809986972e-01
   outer loop
     vertex 4.8500000000e-02 1.4400000000e-01 0.0000000000e+00
     vertex 5.3000000000e-02 1.4400000000e-01 0.0000000000e+00
     vertex 5.3000000000e-02 1.4525819119e-01 6.2254264153e-03
   endloop
 endfacet
 facet normal  0.0000000000e+00 -9.8018184110e-01 1.9809986972e-01
   outer loop
     vertex 4.8500000000e-02 1.4400000000e-01 0.0000000000e+00
     vertex 5.3000000000e-02 1.4525819119e-01 6.2254264153e-03
     vertex 4.8500000000e-02 1.4525819119e-01 6.2254264153e-03
   endloop
 endfacet
 facet normal  0.0000000000e+00 -8.2905832649e-01 5.5916213326e-01
   outer loop
     vertex 4.8500000000e-02 1.4525819119e-01 6.2254264153e-03
     vertex 5.3000000000e-02 1.4525819119e-01 6.2254264153e-03
     vertex 5.3000000000e-02 1.4868850985e-01 1.1311490147e-02
   endloop
 endfacet
 facet normal  2.1555370654e-16 -8.2905832649e-01 5.5916213326e-01
   outer loop
     vertex 4.8500000000e-02 1.4525819119e-01 6.2254264153e-03
     vertex 5.3000000000e-02 1.4868850985e-01 1.1311490147e-02
     vertex 4.8500000000e-02 1.4868850985e-01 1.1311490147e-02
   endloop
 endfacet
 facet normal  3.1959709821e-16 -5.5916213326e-01 8.2905832649e-01
   outer loop
     vertex 4.8500000000e-02 1.4868850985e-01 1.1311490147e-02
     vertex 5.3000000000e-02 1.4868850985e-01 1.1311490147e-02
     vertex 5.3000000000e-02 1.5377457358e-01 1.4741808805e-02
   endloop
 endfacet
 facet normal  3.1959709821e-16 -5.5916213326e-01 8.2905832649e-01
   outer loop
     vertex 4.8500000000e-02 1.4868850985e-01 1.1311490147e-02
     vertex 5.3000000000e-02 1.5377457358e-01 1.4741808805e-02
     vertex 4.8500000000e-02 1.5377457358e-01 1.4741808805e-02
   endloop
 endfacet
 facet normal  3.7785432233e-16 -1.9809986972e-01 9.8018184110e-01
   outer loop
     vertex 4.8500000000e-02 1.5377457358e-01 1.4741808805e-02
     vertex 5.3000000000e-02 1.5377457358e-01 1.4741808805e-02
     vertex 5.3000000000e-02 1.6000000000e-01 1.6000000000e-02
   endloop
 endfacet
 facet normal  0.0000000000e+00 -1.9809986972e-01 9.8018184110e-01
   outer loop
     vertex 4.8500000000e-02 1.5377457358e-01 1.4741808805e-02
     vertex 5.3000000000e-02 1.6000000000e-01 1.6000000000e-02
     vertex 4.8500000000e-02 1.6000000000e-01 1.6000000000e-02
   endloop
 endfacet
 facet normal  0.0000000000e+00 1.9809986972e-01 9.8018184110e-01
   outer loop
     vertex 4.8500000000e-02 1.6000000000e-01 1.6000000000e-02
     vertex 5.3000000000e-02 1.6000000000e-01 1.6000000000e-02
     vertex 4.8500000000e-02 1.6622542642e-01 1.4741808805e-02
   endloop
 endfacet
 facet normal  3.7785432233e-16 1.9809986972e-01 9.8018184110e-01
   outer loop
     vertex 5.3000000000e-02 1.6000000000e-01 1.6000000000e-02
     vertex 5.3000000000e-02 1.6622542642e-01 1.4741808805e-02
     vertex 4.8500000000e-02 1.6622542642e-01 1.4741808805e-02
   endloop
 endfacet
 facet normal  3.1959709821e-16 5.5916213326e-01 8.2905832649e-01
   outer loop
     vertex 4.8500000000e-02 1.6622542642e-01 1.4741808805e-02
     vertex 5.3000000000e-02 1.6622542642e-01 1.4741808805e-02
     vertex 4.8500000000e-02 1.7131149015e-01 1.1311490147e-02
   endloop
 endfacet
 facet normal  3.1959709821e-16 5.5916213326e-01 8.2905832649e-01
   outer loop
     vertex 5.3000000000e-02 1.6622542642e-01 1.4741808805e-02
     vertex 5.3000000000e-02 1.7131149015e-01 1.1311490147e-02
     vertex 4.8500000000e-02 1.7131149015e-01 1.1311490147e-02
   endloop
 endfacet
 facet normal  2.1555370654e-16 8.2905832649e-01 5.5916213326e-01
   outer loop
     vertex 4.8500000000e-02 1.7131149015e-01 1.1311490147e-02
     vertex 5.3000000000e-02 1.7131149015e-01 1.1311490147e-02
     vertex 4.8500000000e-02 1.7474180881e-01 6.2254264153e-03
   endloop
 endfacet
 facet normal  0.0000000000e+00 8.2905832649e-01 5.5916213326e-01
   outer loop
     vertex 5.3000000000e-02 1.7131149015e-01 1.1311490147e-02
     vertex 5.3000000000e-02 1.7474180881e-01 6.2254264153e-03
     vertex 4.8500000000e-02 1.7474180881e-01 6.2254264153e-03
   endloop
 endfacet
 facet normal  0.0000000000e+00 9.8018184110e-01 1.9809986972e-01
   outer loop
     vertex 4.8500000000e-02 1.7474180881e-01 6.2254264153e-03
     vertex 5.3000000000e-02 1.7474180881e-01 6.2254264153e-03
     vertex 4.8500000000e-02 1.7600000000e-01 0.0000000000e+00
   endloop
 endfacet
 facet normal  0.0000000000e+00 9.8018184110e-01 1.9809986972e-01
   outer loop
     vertex 5.3000000000e-02 1.7474180881e-01 6.2254264153e-03
     vertex 5.3000000000e-02 1.7600000000e-01 0.0000000000e+00
     vertex 4.8500000000e-02 1.7600000000e-01 0.0000000000e+00
   endloop
 endfacet
 facet normal  0.0000000000e+00 9.8018184110e-01 -1.9809986972e-01
   outer loop
     vertex 5.3000000000e-02 1.7600000000e-01 0.0000000000e+00
     vertex 5.7500000000e-02 1.7600000000e-01 0.0000000000e+00
     vertex 5.7500000000e-02 1.7474180881e-01 -6.2254264153e-03
   endloop
 endfacet
 facet normal  0.0000000000e+00 9.8018184110e-01 -1.9809986972e-01
   outer loop
     vertex 5.3000000000e-02 1.7600000000e-01 0.0000000000e+00
     vertex 5.7500000000e-02 1.7474180881e-01 -6.2254264153e-03
     vertex 5.3000000000e-02 1.7474180881e-01 -6.2254264153e-03
   endloop
 endfacet
 facet normal  0.0000000000e+00 8.2905832649e-01 -5.5916213326e-01
   outer loop
     vertex 5.3000000000e-02 1.7474180881e-01 -6.2254264153e-03
     vertex 5.7500000000e-02 1.7474180881e-01 -6.2254264153e-03
     vertex 5.7500000000e-02 1.7131149015e-01 -1.1311490147e-02
   endloop
 endfacet
 facet normal  -2.1555370654e-16 8.2905832649e-01 -5.5916213326e-01
   outer loop
     vertex 5.3000000000e-02 1.7474180881e-01 -6.2254264153e-03
     vertex 5.7500000000e-02 1.7131149015e-01 -1.1311490147e-02
     vertex 5.3000000000e-02 1.7131149015e-01 -1.1311490147e-02
   endloop
 endfacet
 facet normal  -3.1959709821e-16 5.5916213326e-01 -8.2905832649e-01
   outer loop
     vertex 5.3000000000e-02 1.7131149015e-01 -1.1311490147e-02
     vertex 5.7500000000e-02 1.7131149015e-01 -1.1311490147e-02
     vertex 5.7500000000e-02 1.6622542642e-01 -1.4741808805e-02
   endloop
 endfacet
 facet normal  0.0000000000e+00 5.5916213326e-01 -8.2905832649e-01
   outer loop
     vertex 5.3000000000e-02 1.7131149015e-01 -1.1311490147e-02
     vertex 5.7500000000e-02 1.6622542642e-01 -1.4741808805e-02
     vertex 5.3000000000e-02 1.6622542642e-01 -1.4741808805e-02
   endloop
 endfacet
 facet normal  0.0000000000e+00 1.9809986972e-01 -9.8018184110e-01
   outer loop
     vertex 5.3000000000e-02 1.6622542642e-01 -1.4741808805e-02
     vertex 5.7500000000e-02 1.6622542642e-01 -1.4741808805e-02
     vertex 5.7500000000e-02 1.6000000000e-01 -1.6000000000e-02
   endloop
 endfacet
 facet normal  0.0000000000e+00 1.9809986972e-01 -9.8018184110e-01
   outer loop
     vertex 5.3000000000e-02 1.6622542642e-01 -1.4741808805e-02
     vertex 5.7500000000e-02 1.6000000000e-01 -1.6000000000e-02
     vertex 5.3000000000e-02 1.6000000000e-01 -1.6000000000e-02
   endloop
 endfacet
 facet normal  -0.0000000000e+00 -1.9809986972e-01 -9.8018184110e-01
   outer loop
     vertex 5.3000000000e-02 1.6000000000e-01 -1.6000000000e-02
     vertex 5.7500000000e-02 1.6000000000e-01 -1.6000000000e-02
     vertex 5.3000000000e-02 1.5377457358e-01 -1.4741808805e-02
   endloop
 endfacet
 facet normal  -0.0000000000e+00 -1.9809986972e-01 -9.8018184110e-01
   outer loop
     vertex 5.7500000000e-02 1.6000000000e-01 -1.6000000000e-02
     vertex 5.7500000000e-02 1.5377457358e-01 -1.4741808805e-02
     vertex 5.3000000000e-02 1.5377457358e-01 -1.4741808805e-02
   endloop
 endfacet
 facet normal  -0.0000000000e+00 -5.5916213326e-01 -8.2905832649e-01
   outer loop
     vertex 5.3000000000e-02 1.5377457358e-01 -1.4741808805e-02
     vertex 5.7500000000e-02 1.5377457358e-01 -1.4741808805e-02
     vertex 5.3000000000e-02 1.4868850985e-01 -1.1311490147e-02
   endloop
 endfacet
 facet normal  -3.1959709821e-16 -5.5916213326e-01 -8.2905832649e-01
   outer loop
     vertex 5.7500000000e-02 1.5377457358e-01 -1.4741808805e-02
     vertex 5.7500000000e-02 1.4868850985e-01 -1.1311490147e-02
     vertex 5.3000000000e-02 1.4868850985e-01 -1.1311490147e-02
   endloop
 endfacet
 facet normal  -2.1555370654e-16 -8.2905832649e-01 -5.5916213326e-01
   outer loop
     vertex 5.3000000000e-02 1.4868850985e-01 -1.1311490147e-02
     vertex 5.7500000000e-02 1.4868850985e-01 -1.1311490147e-02
     vertex 5.3000000000e-02 1.4525819119e-01 -6.2254264153e-03
   endloop
 endfacet
 facet normal  -0.0000000000e+00 -8.2905832649e-01 -5.5916213326e-01
   outer loop
     vertex 5.7500000000e-02 1.4868850985e-01 -1.1311490147e-02
     vertex 5.7500000000e-02 1.4525819119e-01 -6.2254264153e-03
     vertex 5.3000000000e-02 1.4525819119e-01 -6.2254264153e-03
   endloop
 endfacet
 facet normal  -0.0000000000e+00 -9.8018184110e-01 -1.9809986972e-01
   outer loop
     vertex 5.3000000000e-02 1.4525819119e-01 -6.2254264153e-03
     vertex 5.7500000000e-02 1.4525819119e-01 -6.2254264153e-03
     vertex 5.3000000000e-02 1.4400000000e-01 0.0000000000e+00
   endloop
 endfacet
 facet normal  -0.0000000000e+00 -9.8018184110e-01 -1.9809986972e-01
   outer loop
     vertex 5.7500000000e-02 1.4525819119e-01 -6.2254264153e-03
     vertex 5.7500000000e-02 1.4400000000e-01 0.0000000000e+00
     vertex 5.3000000000e-02 1.4400000000e-01 0.0000000000e+00
   endloop
 endfacet
 facet normal  0.0000000000e+00 -9.8018184110e-01 1.9809986972e-01
   outer loop
     vertex 5.3000000000e-02 1.4400000000e-01 0.0000000000e+00
     vertex 5.7500000000e-02 1.4400000000e-01 0.0000000000e+00
     vertex 5.7500000000e-02 1.4525819119e-01 6.2254264153e-03
   endloop
 endfacet
 facet normal  0.0000000000e+00 -9.8018184110e-01 1.9809986972e-01
   outer loop
     vertex 5.3000000000e-02 1.4400000000e-01 0.0000000000e+00
     vertex 5.7500000000e-02 1.4525819119e-01 6.2254264153e-03
     vertex 5.3000000000e-02 1.4525819119e-01 6.2254264153e-03
   endloop
 endfacet
 facet normal  0.0000000000e+00 -8.2905832649e-01 5.5916213326e-01
   outer loop
     vertex 5.3000000000e-02 1.4525819119e-01 6.2254264153e-03
     vertex 5.7500000000e-02 1.4525819119e-01 6.2254264153e-03
     vertex 5.7500000000e-02 1.4868850985e-01 1.1311490147e-02
   endloop
 endfacet
 facet normal  -2.1555370654e-16 -8.2905832649e-01 5.5916213326e-01
   outer loop
     vertex 5.3000000000e-02 1.4525819119e-01 6.2254264153e-03
     vertex 5.7500000000e-02 1.4868850985e-01 1.1311490147e-02
     vertex 5.3000000000e-02 1.4868850985e-01 1.1311490147e-02
   endloop
 endfacet
 facet normal  -3.1959709821e-16 -5.5916213326e-01 8.2905832649e-01
   outer loop
     vertex 5.3000000000e-02 1.4868850985e-01 1.1311490147e-02
     vertex 5.7500000000e-02 1.4868850985e-01 1.1311490147e-02
     vertex 5.7500000000e-02 1.5377457358e-01 1.4741808805e-02
   endloop
 endfacet
 facet normal  0.0000000000e+00 -5.5916213326e-01 8.2905832649e-01
   outer loop
     vertex 5.3000000000e-02 1.4868850985e-01 1.1311490147e-02
     vertex 5.7500000000e-02 1.5377457358e-01 1.4741808805e-02
     vertex 5.3000000000e-02 1.5377457358e-01 1.4741808805e-02
   endloop
 endfacet
 facet normal  0.0000000000e+00 -1.9809986972e-01 9.8018184110e-01
   outer loop
     vertex 5.3000000000e-02 1.5377457358e-01 1.4741808805e-02
     vertex 5.7500000000e-02 1.5377457358e-01 1.4741808805e-02
     vertex 5.7500000000e-02 1.6000000000e-01 1.6000000000e-02
   endloop
 endfacet
 facet normal  0.0000000000e+00 -1.9809986972e-01 9.8018184110e-01
   outer loop
     vertex 5.3000000000e-02 1.5377457358e-01 1.4741808805e-02
     vertex 5.7500000000e-02 1.6000000000e-01 1.6000000000e-02
     vertex 5.3000000000e-02 1.6000000000e-01 1.6000000000e-02
   endloop
 endfacet
 facet normal  0.0000000000e+00 1.9809986972e-01 9.8018184110e-01
   outer loop
     vertex 5.3000000000e-02 1.6000000000e-01 1.6000000000e-02
     vertex 5.7500000000e-02 1.6000000000e-01 1.6000000000e-02
     vertex 5.3000000000e-02 1.6622542642e-01 1.4741808805e-02
   endloop
 endfacet
 facet normal  0.0000000000e+00 1.9809986972e-01 9.8018184110e-01
   outer loop
     vertex 5.7500000000e-02 1.6000000000e-01 1.6000000000e-02
     vertex 5.7500000000e-02 1.6622542642e-01 1.4741808805e-02
     vertex 5.3000000000e-02 1.6622542642e-01 1.4741808805e-02
   endloop
 endfacet
 facet normal  0.0000000000e+00 5.5916213326e-01 8.2905832649e-01
   outer loop
     vertex 5.3000000000e-02 1.6622542642e-01 1.4741808805e-02
     vertex 5.7500000000e-02 1.6622542642e-01 1.4741808805e-02
     vertex 5.3000000000e-02 1.7131149015e-01 1.1311490147e-02
   endloop
 endfacet
 facet normal  -3.1959709821e-16 5.5916213326e-01 8.2905832649e-01
   outer loop
     vertex 5.7500000000e-02 1.6622542642e-01 1.4741808805e-02
     vertex 5.7500000000e-02 1.7131149015e-01 1.1311490147e-02
     vertex 5.3000000000e-02 1.7131149015e-01 1.1311490147e-02
   endloop
 endfacet
 facet normal  -2.1555370654e-16 8.2905832649e-01 5.5916213326e-01
   outer loop
     vertex 5.3000000000e-02 1.7131149015e-01 1.1311490147e-02
     vertex 5.7500000000e-02 1.7131149015e-01 1.1311490147e-02
     vertex 5.3000000000e-02 1.7474180881e-01 6.2254264153e-03
   endloop
 endfacet
 facet normal  0.0000000000e+00 8.2905832649e-01 5.5916213326e-01
   outer loop
     vertex 5.7500000000e-02 1.7131149015e-01 1.1311490147e-02
     vertex 5.7500000000e-02 1.7474180881e-01 6.2254264153e-03
     vertex 5.3000000000e-02 1.7474180881e-01 6.2254264153e-03
   endloop
 endfacet
 facet normal  0.0000000000e+00 9.8018184110e-01 1.9809986972e-01
   outer loop
     vertex 5.3000000000e-02 1.7474180881e-01 6.2254264153e-03
     vertex 5.7500000000e-02 1.7474180881e-01 6.2254264153e-03
     vertex 5.3000000000e-02 1.7600000000e-01 0.0000000000e+00
   endloop
 endfacet
 facet normal  0.0000000000e+00 9.8018184110e-01 1.9809986972e-01
   outer loop
     vertex 5.7500000000e-02 1.7474180881e-01 6.2254264153e-03
     vertex 5.7500000000e-02 1.7600000000e-01 0.0000000000e+00
     vertex 5.3000000000e-02 1.7600000000e-01 0.0000000000e+00
   endloop
 endfacet
 facet normal  2.2069993832e-02 9.7994392296e-01 -1.9804752772e-01
   outer loop
     vertex 5.7500000000e-02 1.7600000000e-01 0.0000000000e+00
     vertex 6.2329570083e-02 1.7589122992e-01 0.0000000000e+00
     vertex 6.2329570083e-02 1.7464215916e-01 -6.1804320995e-03
   endloop
 endfacet
 facet normal  2.2064529519e-02 9.7994321449e-01 -1.9805164204e-01
   outer loop
     vertex 5.7500000000e-02 1.7600000000e-01 0.0000000000e+00
     vertex 6.2329570083e-02 1.7464215916e-01 -6.1804320995e-03
     vertex 5.7500000000e-02 1.7474180881e-01 -6.2254264153e-03
   endloop
 endfacet
 facet normal  2.2310677175e-02 8.2895279855e-01 -5.5887341273e-01
   outer loop
     vertex 5.7500000000e-02 1.7474180881e-01 -6.2254264153e-03
     vertex 6.2329570083e-02 1.7464215916e-01 -6.1804320995e-03
     vertex 6.2329570083e-02 1.7123464730e-01 -1.1234647296e-02
   endloop
 endfacet
 facet normal  2.2082463538e-02 8.2885616284e-01 -5.5902578307e-01
   outer loop
     vertex 5.7500000000e-02 1.7474180881e-01 -6.2254264153e-03
     vertex 6.2329570083e-02 1.7123464730e-01 -1.1234647296e-02
     vertex 5.7500000000e-02 1.7131149015e-01 -1.1311490147e-02
   endloop
 endfacet
 facet normal  2.2081689038e-02 5.5887625470e-01 -8.2895701393e-01
   outer loop
     vertex 5.7500000000e-02 1.7131149015e-01 -1.1311490147e-02
     vertex 6.2329570083e-02 1.7123464730e-01 -1.1234647296e-02
     vertex 6.2329570083e-02 1.6618043210e-01 -1.4642159160e-02
   endloop
 endfacet
 facet normal  2.2309990088e-02 5.5902295847e-01 -8.2885197487e-01
   outer loop
     vertex 5.7500000000e-02 1.7131149015e-01 -1.1311490147e-02
     vertex 6.2329570083e-02 1.6618043210e-01 -1.4642159160e-02
     vertex 5.7500000000e-02 1.6622542642e-01 -1.4741808805e-02
   endloop
 endfacet
 facet normal  2.2064508479e-02 1.9804755170e-01 -9.7994404163e-01
   outer loop
     vertex 5.7500000000e-02 1.6622542642e-01 -1.4741808805e-02
     vertex 6.2329570083e-02 1.6618043210e-01 -1.4642159160e-02
     vertex 6.2329570083e-02 1.6000000000e-01 -1.5891229917e-02
   endloop
 endfacet
 facet normal  2.2069975223e-02 1.9805161823e-01 -9.7994309667e-01
   outer loop
     vertex 5.7500000000e-02 1.6622542642e-01 -1.4741808805e-02
     vertex 6.2329570083e-02 1.6000000000e-01 -1.5891229917e-02
     vertex 5.7500000000e-02 1.6000000000e-01 -1.6000000000e-02
   endloop
 endfacet
 facet normal  2.2069975223e-02 -1.9805161823e-01 -9.7994309667e-01
   outer loop
     vertex 5.7500000000e-02 1.6000000000e-01 -1.6000000000e-02
     vertex 6.2329570083e-02 1.6000000000e-01 -1.5891229917e-02
     vertex 5.7500000000e-02 1.5377457358e-01 -1.4741808805e-02
   endloop
 endfacet
 facet normal  2.2064508479e-02 -1.9804755170e-01 -9.7994404163e-01
   outer loop
     vertex 6.2329570083e-02 1.6000000000e-01 -1.5891229917e-02
     vertex 6.2329570083e-02 1.5381956790e-01 -1.4642159160e-02
     vertex 5.7500000000e-02 1.5377457358e-01 -1.4741808805e-02
   endloop
 endfacet
 facet normal  2.2309990088e-02 -5.5902295847e-01 -8.2885197487e-01
   outer loop
     vertex 5.7500000000e-02 1.5377457358e-01 -1.4741808805e-02
     vertex 6.2329570083e-02 1.5381956790e-01 -1.4642159160e-02
     vertex 5.7500000000e-02 1.4868850985e-01 -1.1311490147e-02
   endloop
 endfacet
 facet normal  2.2081689038e-02 -5.5887625470e-01 -8.2895701393e-01
   outer loop
     vertex 6.2329570083e-02 1.5381956790e-01 -1.4642159160e-02
     vertex 6.2329570083e-02 1.4876535270e-01 -1.1234647296e-02
     vertex 5.7500000000e-02 1.4868850985e-01 -1.1311490147e-02
   endloop
 endfacet
 facet normal  2.2082463538e-02 -8.2885616284e-01 -5.5902578307e-01
   outer loop
     vertex 5.7500000000e-02 1.4868850985e-01 -1.1311490147e-02
     vertex 6.2329570083e-02 1.4876535270e-01 -1.1234647296e-02
     vertex 5.7500000000e-02 1.4525819119e-01 -6.2254264153e-03
   endloop
 endfacet
 facet normal  2.2310677175e-02 -8.2895279855e-01 -5.5887341273e-01
   outer loop
     vertex 6.2329570083e-02 1.4876535270e-01 -1.1234647296e-02
     vertex 6.2329570083e-02 1.4535784084e-01 -6.1804320995e-03
     vertex 5.7500000000e-02 1.4525819119e-01 -6.2254264153e-03
   endloop
 endfacet
 facet normal  2.2064529519e-02 -9.7994321449e-01 -1.9805164204e-01
   outer loop
     vertex 5.7500000000e-02 1.4525819119e-01 -6.2254264153e-03
     vertex 6.2329570083e-02 1.4535784084e-01 -6.1804320995e-03
     vertex 5.7500000000e-02 1.4400000000e-01 0.0000000000e+00
   endloop
 endfacet
 facet normal  2.2069993832e-02 -9.7994392296e-01 -1.9804752772e-01
   outer loop
     vertex 6.2329570083e-02 1.4535784084e-01 -6.1804320995e-03
     vertex 6.2329570083e-02 1.4410877008e-01 8.2066249673e-20
     vertex 5.7500000000e-02 1.4400000000e-01 0.0000000000e+00
   endloop
 endfacet
 facet normal  2.2069993832e-02 -9.7994392296e-01 1.9804752772e-01
   outer loop
     vertex 5.7500000000e-02 1.4400000000e-01 0.0000000000e+00
     vertex 6.2329570083e-02 1.4410877008e-01 8.2066249673e-20
     vertex 6.2329570083e-02 1.4535784084e-01 6.1804320995e-03
   endloop
 endfacet
 facet normal  2.2064529519e-02 -9.7994321449e-01 1.9805164204e-01
   outer loop
     vertex 5.7500000000e-02 1.4400000000e-01 0.0000000000e+00
     vertex 6.2329570083e-02 1.4535784084e-01 6.1804320995e-03
     vertex 5.7500000000e-02 1.4525819119e-01 6.2254264153e-03
   endloop
 endfacet
 facet normal  2.2310677175e-02 -8.2895279855e-01 5.5887341273e-01
   outer loop
     vertex 5.7500000000e-02 1.4525819119e-01 6.2254264153e-03
     vertex 6.2329570083e-02 1.4535784084e-01 6.1804320995e-03
     vertex 6.2329570083e-02 1.4876535270e-01 1.1234647296e-02
   endloop
 endfacet
 facet normal  2.2082463538e-02 -8.2885616284e-01 5.5902578307e-01
   outer loop
     vertex 5.7500000000e-02 1.4525819119e-01 6.2254264153e-03
     vertex 6.2329570083e-02 1.4876535270e-01 1.1234647296e-02
     vertex 5.7500000000e-02 1.4868850985e-01 1.1311490147e-02
   endloop
 endfacet
 facet normal  2.2081689038e-02 -5.5887625470e-01 8.2895701393e-01
   outer loop
     vertex 5.7500000000e-02 1.4868850985e-01 1.1311490147e-02
     vertex 6.2329570083e-02 1.4876535270e-01 1.1234647296e-02
     vertex 6.2329570083e-02 1.5381956790e-01 1.4642159160e-02
   endloop
 endfacet
 facet normal  2.2309990088e-02 -5.5902295847e-01 8.2885197487e-01
   outer loop
     vertex 5.7500000000e-02 1.4868850985e-01 1.1311490147e-02
     vertex 6.2329570083e-02 1.5381956790e-01 1.4642159160e-02
     vertex 5.7500000000e-02 1.5377457358e-01 1.4741808805e-02
   endloop
 endfacet
 facet normal  2.2064508479e-02 -1.9804755170e-01 9.7994404163e-01
   outer loop
     vertex 5.7500000000e-02 1.5377457358e-01 1.4741808805e-02
     vertex 6.2329570083e-02 1.5381956790e-01 1.4642159160e-02
     vertex 6.2329570083e-02 1.6000000000e-01 1.5891229917e-02
   endloop
 endfacet
 facet normal  2.2069975223e-02 -1.9805161823e-01 9.7994309667e-01
   outer loop
     vertex 5.7500000000e-02 1.5377457358e-01 1.4741808805e-02
     vertex 6.2329570083e-02 1.6000000000e-01 1.5891229917e-02
     vertex 5.7500000000e-02 1.6000000000e-01 1.6000000000e-02
   endloop
 endfacet
 facet normal  2.2069975223e-02 1.9805161823e-01 9.7994309667e-01
   outer loop
     vertex 5.7500000000e-02 1.6000000000e-01 1.6000000000e-02
     vertex 6.2329570083e-02 1.6000000000e-01 1.5891229917e-02
     vertex 5.7500000000e-02 1.6622542642e-01 1.4741808805e-02
   endloop
 endfacet
 facet normal  2.2064508479e-02 1.9804755170e-01 9.7994404163e-01
   outer loop
     vertex 6.2329570083e-02 1.6000000000e-01 1.5891229917e-02
     vertex 6.2329570083e-02 1.6618043210e-01 1.4642159160e-02
     vertex 5.7500000000e-02 1.6622542642e-01 1.4741808805e-02
   endloop
 endfacet
 facet normal  2.2309990088e-02 5.5902295847e-01 8.2885197487e-01
   outer loop
     vertex 5.7500000000e-02 1.6622542642e-01 1.4741808805e-02
     vertex 6.2329570083e-02 1.6618043210e-01 1.4642159160e-02
     vertex 5.7500000000e-02 1.7131149015e-01 1.1311490147e-02
   endloop
 endfacet
 facet normal  2.2081689038e-02 5.5887625470e-01 8.2895701393e-01
   outer loop
     vertex 6.2329570083e-02 1.6618043210e-01 1.4642159160e-02
     vertex 6.2329570083e-02 1.7123464730e-01 1.1234647296e-02
     vertex 5.7500000000e-02 1.7131149015e-01 1.1311490147e-02
   endloop
 endfacet
 facet normal  2.2082463538e-02 8.2885616284e-01 5.5902578307e-01
   outer loop
     vertex 5.7500000000e-02 1.7131149015e-01 1.1311490147e-02
     vertex 6.2329570083e-02 1.7123464730e-01 1.1234647296e-02
     vertex 5.7500000000e-02 1.7474180881e-01 6.2254264153e-03
   endloop
 endfacet
 facet normal  2.2310677175e-02 8.2895279855e-01 5.5887341273e-01
   outer loop
     vertex 6.2329570083e-02 1.7123464730e-01 1.1234647296e-02
     vertex 6.2329570083e-02 1.7464215916e-01 6.1804320995e-03
     vertex 5.7500000000e-02 1.7474180881e-01 6.2254264153e-03
   endloop
 endfacet
 facet normal  2.2064529519e-02 9.7994321449e-01 1.9805164204e-01
   outer loop
     vertex 5.7500000000e-02 1.7474180881e-01 6.2254264153e-03
     vertex 6.2329570083e-02 1.7464215916e-01 6.1804320995e-03
     vertex 5.7500000000e-02 1.7600000000e-01 0.0000000000e+00
   endloop
 endfacet
 facet normal  2.2069993832e-02 9.7994392296e-01 1.9804752772e-01
   outer loop
     vertex 6.2329570083e-02 1.7464215916e-01 6.1804320995e-03
     vertex 6.2329570083e-02 1.7589122992e-01 0.0000000000e+00
     vertex 5.7500000000e-02 1.7600000000e-01 0.0000000000e+00
   endloop
 endfacet
 facet normal  7.7574016118e-02 9.7723069778e-01 -1.9749034238e-01
   outer loop
     vertex 6.2329570083e-02 1.7589122992e-01 0.0000000000e+00
     vertex 6.7488710249e-02 1.7548168975e-01 0.0000000000e+00
     vertex 6.7488710249e-02 1.7426595816e-01 -6.0157383508e-03
   endloop
 endfacet
 facet normal  7.7563634797e-02 9.7722977302e-01 -1.9749899563e-01
   outer loop
     vertex 6.2329570083e-02 1.7589122992e-01 0.0000000000e+00
     vertex 6.7488710249e-02 1.7426595816e-01 -6.0157383508e-03
     vertex 6.2329570083e-02 1.7464215916e-01 -6.1804320995e-03
   endloop
 endfacet
 facet normal  7.8073233179e-02 8.2683701689e-01 -5.5699651504e-01
   outer loop
     vertex 6.2329570083e-02 1.7464215916e-01 -6.1804320995e-03
     vertex 6.7488710249e-02 1.7426595816e-01 -6.0157383508e-03
     vertex 6.7488710249e-02 1.7094522371e-01 -1.0945223713e-02
   endloop
 endfacet
 facet normal  7.7640239047e-02 8.2665632189e-01 -5.5732514635e-01
   outer loop
     vertex 6.2329570083e-02 1.7464215916e-01 -6.1804320995e-03
     vertex 6.7488710249e-02 1.7094522371e-01 -1.0945223713e-02
     vertex 6.2329570083e-02 1.7123464730e-01 -1.1234647296e-02
   endloop
 endfacet
 facet normal  7.7634607186e-02 5.5701565210e-01 -8.2686542501e-01
   outer loop
     vertex 6.2329570083e-02 1.7123464730e-01 -1.1234647296e-02
     vertex 6.7488710249e-02 1.7094522371e-01 -1.0945223713e-02
     vertex 6.7488710249e-02 1.6601573835e-01 -1.4265958164e-02
   endloop
 endfacet
 facet normal  7.8067932449e-02 5.5730647586e-01 -8.2662862876e-01
   outer loop
     vertex 6.2329570083e-02 1.7123464730e-01 -1.1234647296e-02
     vertex 6.7488710249e-02 1.6601573835e-01 -1.4265958164e-02
     vertex 6.2329570083e-02 1.6618043210e-01 -1.4642159160e-02
   endloop
 endfacet
 facet normal  7.7563489710e-02 1.9749050461e-01 -9.7723150054e-01
   outer loop
     vertex 6.2329570083e-02 1.6618043210e-01 -1.4642159160e-02
     vertex 6.7488710249e-02 1.6601573835e-01 -1.4265958164e-02
     vertex 6.7488710249e-02 1.6000000000e-01 -1.5481689751e-02
   endloop
 endfacet
 facet normal  7.7573880684e-02 1.9749883772e-01 -9.7722899166e-01
   outer loop
     vertex 6.2329570083e-02 1.6618043210e-01 -1.4642159160e-02
     vertex 6.7488710249e-02 1.6000000000e-01 -1.5481689751e-02
     vertex 6.2329570083e-02 1.6000000000e-01 -1.5891229917e-02
   endloop
 endfacet
 facet normal  7.7573880684e-02 -1.9749883772e-01 -9.7722899166e-01
   outer loop
     vertex 6.2329570083e-02 1.6000000000e-01 -1.5891229917e-02
     vertex 6.7488710249e-02 1.6000000000e-01 -1.5481689751e-02
     vertex 6.2329570083e-02 1.5381956790e-01 -1.4642159160e-02
   endloop
 endfacet
 facet normal  7.7563489710e-02 -1.9749050461e-01 -9.7723150054e-01
   outer loop
     vertex 6.7488710249e-02 1.6000000000e-01 -1.5481689751e-02
     vertex 6.7488710249e-02 1.5398426165e-01 -1.4265958164e-02
     vertex 6.2329570083e-02 1.5381956790e-01 -1.4642159160e-02
   endloop
 endfacet
 facet normal  7.8067932449e-02 -5.5730647586e-01 -8.2662862876e-01
   outer loop
     vertex 6.2329570083e-02 1.5381956790e-01 -1.4642159160e-02
     vertex 6.7488710249e-02 1.5398426165e-01 -1.4265958164e-02
     vertex 6.2329570083e-02 1.4876535270e-01 -1.1234647296e-02
   endloop
 endfacet
 facet normal  7.7634607186e-02 -5.5701565210e-01 -8.2686542501e-01
   outer loop
     vertex 6.7488710249e-02 1.5398426165e-01 -1.4265958164e-02
     vertex 6.7488710249e-02 1.4905477629e-01 -1.0945223713e-02
     vertex 6.2329570083e-02 1.4876535270e-01 -1.1234647296e-02
   endloop
 endfacet
 facet normal  7.7640239047e-02 -8.2665632189e-01 -5.5732514635e-01
   outer loop
     vertex 6.2329570083e-02 1.4876535270e-01 -1.1234647296e-02
     vertex 6.7488710249e-02 1.4905477629e-01 -1.0945223713e-02
     vertex 6.2329570083e-02 1.4535784084e-01 -6.1804320995e-03
   endloop
 endfacet
 facet normal  7.8073233180e-02 -8.2683701689e-01 -5.5699651504e-01
   outer loop
     vertex 6.7488710249e-02 1.4905477629e-01 -1.0945223713e-02
     vertex 6.7488710249e-02 1.4573404184e-01 -6.0157383508e-03
     vertex 6.2329570083e-02 1.4535784084e-01 -6.1804320995e-03
   endloop
 endfacet
 facet normal  7.7563634797e-02 -9.7722977302e-01 -1.9749899563e-01
   outer loop
     vertex 6.2329570083e-02 1.4535784084e-01 -6.1804320995e-03
     vertex 6.7488710249e-02 1.4573404184e-01 -6.0157383508e-03
     vertex 6.2329570083e-02 1.4410877008e-01 8.2066249673e-20
   endloop
 endfacet
 facet normal  7.7574016118e-02 -9.7723069778e-01 -1.9749034238e-01
   outer loop
     vertex 6.7488710249e-02 1.4573404184e-01 -6.0157383508e-03
     vertex 6.7488710249e-02 1.4451831025e-01 2.4619874902e-19
     vertex 6.2329570083e-02 1.4410877008e-01 8.2066249673e-20
   endloop
 endfacet
 facet normal  7.7574016118e-02 -9.7723069778e-01 1.9749034238e-01
   outer loop
     vertex 6.2329570083e-02 1.4410877008e-01 8.2066249673e-20
     vertex 6.7488710249e-02 1.4451831025e-01 2.4619874902e-19
     vertex 6.7488710249e-02 1.4573404184e-01 6.0157383508e-03
   endloop
 endfacet
 facet normal  7.7563634797e-02 -9.7722977302e-01 1.9749899563e-01
   outer loop
     vertex 6.2329570083e-02 1.4410877008e-01 8.2066249673e-20
     vertex 6.7488710249e-02 1.4573404184e-01 6.0157383508e-03
     vertex 6.2329570083e-02 1.4535784084e-01 6.1804320995e-03
   endloop
 endfacet
 facet normal  7.8073233180e-02 -8.2683701689e-01 5.5699651504e-01
   outer loop
     vertex 6.2329570083e-02 1.4535784084e-01 6.1804320995e-03
     vertex 6.7488710249e-02 1.4573404184e-01 6.0157383508e-03
     vertex 6.7488710249e-02 1.4905477629e-01 1.0945223713e-02
   endloop
 endfacet
 facet normal  7.7640239047e-02 -8.2665632189e-01 5.5732514635e-01
   outer loop
     vertex 6.2329570083e-02 1.4535784084e-01 6.1804320995e-03
     vertex 6.7488710249e-02 1.4905477629e-01 1.0945223713e-02
     vertex 6.2329570083e-02 1.4876535270e-01 1.1234647296e-02
   endloop
 endfacet
 facet normal  7.7634607186e-02 -5.5701565210e-01 8.2686542501e-01
   outer loop
     vertex 6.2329570083e-02 1.4876535270e-01 1.1234647296e-02
     vertex 6.7488710249e-02 1.4905477629e-01 1.0945223713e-02
     vertex 6.7488710249e-02 1.5398426165e-01 1.4265958164e-02
   endloop
 endfacet
 facet normal  7.8067932449e-02 -5.5730647586e-01 8.2662862876e-01
   outer loop
     vertex 6.2329570083e-02 1.4876535270e-01 1.1234647296e-02
     vertex 6.7488710249e-02 1.5398426165e-01 1.4265958164e-02
     vertex 6.2329570083e-02 1.5381956790e-01 1.4642159160e-02
   endloop
 endfacet
 facet normal  7.7563489710e-02 -1.9749050461e-01 9.7723150054e-01
   outer loop
     vertex 6.2329570083e-02 1.5381956790e-01 1.4642159160e-02
     vertex 6.7488710249e-02 1.5398426165e-01 1.4265958164e-02
     vertex 6.7488710249e-02 1.6000000000e-01 1.5481689751e-02
   endloop
 endfacet
 facet normal  7.7573880684e-02 -1.9749883772e-01 9.7722899166e-01
   outer loop
     vertex 6.2329570083e-02 1.5381956790e-01 1.4642159160e-02
     vertex 6.7488710249e-02 1.6000000000e-01 1.5481689751e-02
     vertex 6.2329570083e-02 1.6000000000e-01 1.5891229917e-02
   endloop
 endfacet
 facet normal  7.7573880684e-02 1.9749883772e-01 9.7722899166e-01
   outer loop
     vertex 6.2329570083e-02 1.6000000000e-01 1.5891229917e-02
     vertex 6.7488710249e-02 1.6000000000e-01 1.5481689751e-02
     vertex 6.2329570083e-02 1.6618043210e-01 1.4642159160e-02
   endloop
 endfacet
 facet normal  7.7563489710e-02 1.9749050461e-01 9.7723150054e-01
   outer loop
     vertex 6.7488710249e-02 1.6000000000e-01 1.5481689751e-02
     vertex 6.7488710249e-02 1.6601573835e-01 1.4265958164e-02
     vertex 6.2329570083e-02 1.6618043210e-01 1.4642159160e-02
   endloop
 endfacet
 facet normal  7.8067932449e-02 5.5730647586e-01 8.2662862876e-01
   outer loop
     vertex 6.2329570083e-02 1.6618043210e-01 1.4642159160e-02
     vertex 6.7488710249e-02 1.6601573835e-01 1.4265958164e-02
     vertex 6.2329570083e-02 1.7123464730e-01 1.1234647296e-02
   endloop
 endfacet
 facet normal  7.7634607186e-02 5.5701565210e-01 8.2686542501e-01
   outer loop
     vertex 6.7488710249e-02 1.6601573835e-01 1.4265958164e-02
     vertex 6.7488710249e-02 1.7094522371e-01 1.0945223713e-02
     vertex 6.2329570083e-02 1.7123464730e-01 1.1234647296e-02
   endloop
 endfacet
 facet normal  7.7640239047e-02 8.2665632189e-01 5.5732514635e-01
   outer loop
     vertex 6.2329570083e-02 1.7123464730e-01 1.1234647296e-02
     vertex 6.7488710249e-02 1.7094522371e-01 1.0945223713e-02
     vertex 6.2329570083e-02 1.7464215916e-01 6.1804320995e-03
   endloop
 endfacet
 facet normal  7.8073233179e-02 8.2683701689e-01 5.5699651504e-01
   outer loop
     vertex 6.7488710249e-02 1.7094522371e-01 1.0945223713e-02
     vertex 6.7488710249e-02 1.7426595816e-01 6.0157383508e-03
     vertex 6.2329570083e-02 1.7464215916e-01 6.1804320995e-03
   endloop
 endfacet
 facet normal  7.7563634797e-02 9.7722977302e-01 1.9749899563e-01
   outer loop
     vertex 6.2329570083e-02 1.7464215916e-01 6.1804320995e-03
     vertex 6.7488710249e-02 1.7426595816e-01 6.0157383508e-03
     vertex 6.2329570083e-02 1.7589122992e-01 0.0000000000e+00
   endloop
 endfacet
 facet normal  7.7574016118e-02 9.7723069778e-01 1.9749034238e-01
   outer loop
     vertex 6.7488710249e-02 1.7426595816e-01 6.0157383508e-03
     vertex 6.7488710249e-02 1.7548168975e-01 0.0000000000e+00
     vertex 6.2329570083e-02 1.7589122992e-01 0.0000000000e+00
   endloop
 endfacet
 facet normal  1.6174818911e-01 9.6727886035e-01 -1.9547155712e-01
   outer loop
     vertex 6.7488710249e-02 1.7548168975e-01 0.0000000000e+00
     vertex 7.2483065374e-02 1.7464653463e-01 0.0000000000e+00
     vertex 7.2483065374e-02 1.7349732773e-01 -5.6867789676e-03
   endloop
 endfacet
 facet normal  1.6173952132e-01 9.6727877722e-01 -1.9547914052e-01
   outer loop
     vertex 6.7488710249e-02 1.7548168975e-01 0.0000000000e+00
     vertex 7.2483065374e-02 1.7349732773e-01 -5.6867789676e-03
     vertex 6.7488710249e-02 1.7426595816e-01 -6.0157383508e-03
   endloop
 endfacet
 facet normal  1.6226989318e-01 8.1855521174e-01 -5.5103162078e-01
   outer loop
     vertex 6.7488710249e-02 1.7426595816e-01 -6.0157383508e-03
     vertex 7.2483065374e-02 1.7349732773e-01 -5.6867789676e-03
     vertex 7.2483065374e-02 1.7035487685e-01 -1.0354876851e-02
   endloop
 endfacet
 facet normal  1.6190900056e-01 8.1842561591e-01 -5.5133019758e-01
   outer loop
     vertex 6.7488710249e-02 1.7426595816e-01 -6.0157383508e-03
     vertex 7.2483065374e-02 1.7035487685e-01 -1.0354876851e-02
     vertex 6.7488710249e-02 1.7094522371e-01 -1.0945223713e-02
   endloop
 endfacet
 facet normal  1.6189902097e-01 5.5106563947e-01 -8.1860574638e-01
   outer loop
     vertex 6.7488710249e-02 1.7094522371e-01 -1.0945223713e-02
     vertex 7.2483065374e-02 1.7035487685e-01 -1.0354876851e-02
     vertex 7.2483065374e-02 1.6568677897e-01 -1.3497327727e-02
   endloop
 endfacet
 facet normal  1.6226013043e-01 5.5129797423e-01 -8.1837778176e-01
   outer loop
     vertex 6.7488710249e-02 1.7094522371e-01 -1.0945223713e-02
     vertex 7.2483065374e-02 1.6568677897e-01 -1.3497327727e-02
     vertex 6.7488710249e-02 1.6601573835e-01 -1.4265958164e-02
   endloop
 endfacet
 facet normal  1.6173927411e-01 1.9547184655e-01 -9.6728029258e-01
   outer loop
     vertex 6.7488710249e-02 1.6601573835e-01 -1.4265958164e-02
     vertex 7.2483065374e-02 1.6568677897e-01 -1.3497327727e-02
     vertex 7.2483065374e-02 1.6000000000e-01 -1.4646534626e-02
   endloop
 endfacet
 facet normal  1.6174794881e-01 1.9547886690e-01 -9.6727742331e-01
   outer loop
     vertex 6.7488710249e-02 1.6601573835e-01 -1.4265958164e-02
     vertex 7.2483065374e-02 1.6000000000e-01 -1.4646534626e-02
     vertex 6.7488710249e-02 1.6000000000e-01 -1.5481689751e-02
   endloop
 endfacet
 facet normal  1.6174794881e-01 -1.9547886690e-01 -9.6727742331e-01
   outer loop
     vertex 6.7488710249e-02 1.6000000000e-01 -1.5481689751e-02
     vertex 7.2483065374e-02 1.6000000000e-01 -1.4646534626e-02
     vertex 6.7488710249e-02 1.5398426165e-01 -1.4265958164e-02
   endloop
 endfacet
 facet normal  1.6173927411e-01 -1.9547184655e-01 -9.6728029258e-01
   outer loop
     vertex 7.2483065374e-02 1.6000000000e-01 -1.4646534626e-02
     vertex 7.2483065374e-02 1.5431322103e-01 -1.3497327727e-02
     vertex 6.7488710249e-02 1.5398426165e-01 -1.4265958164e-02
   endloop
 endfacet
 facet normal  1.6226013043e-01 -5.5129797423e-01 -8.1837778176e-01
   outer loop
     vertex 6.7488710249e-02 1.5398426165e-01 -1.4265958164e-02
     vertex 7.2483065374e-02 1.5431322103e-01 -1.3497327727e-02
     vertex 6.7488710249e-02 1.4905477629e-01 -1.0945223713e-02
   endloop
 endfacet
 facet normal  1.6189902097e-01 -5.5106563947e-01 -8.1860574638e-01
   outer loop
     vertex 7.2483065374e-02 1.5431322103e-01 -1.3497327727e-02
     vertex 7.2483065374e-02 1.4964512315e-01 -1.0354876851e-02
     vertex 6.7488710249e-02 1.4905477629e-01 -1.0945223713e-02
   endloop
 endfacet
 facet normal  1.6190900056e-01 -8.1842561591e-01 -5.5133019758e-01
   outer loop
     vertex 6.7488710249e-02 1.4905477629e-01 -1.0945223713e-02
     vertex 7.2483065374e-02 1.4964512315e-01 -1.0354876851e-02
     vertex 6.7488710249e-02 1.4573404184e-01 -6.0157383508e-03
   endloop
 endfacet
 facet normal  1.6226989318e-01 -8.1855521174e-01 -5.5103162078e-01
   outer loop
     vertex 7.2483065374e-02 1.4964512315e-01 -1.0354876851e-02
     vertex 7.2483065374e-02 1.4650267227e-01 -5.6867789676e-03
     vertex 6.7488710249e-02 1.4573404184e-01 -6.0157383508e-03
   endloop
 endfacet
 facet normal  1.6173952132e-01 -9.6727877722e-01 -1.9547914052e-01
   outer loop
     vertex 6.7488710249e-02 1.4573404184e-01 -6.0157383508e-03
     vertex 7.2483065374e-02 1.4650267227e-01 -5.6867789676e-03
     vertex 6.7488710249e-02 1.4451831025e-01 2.4619874902e-19
   endloop
 endfacet
 facet normal  1.6174818911e-01 -9.6727886035e-01 -1.9547155712e-01
   outer loop
     vertex 7.2483065374e-02 1.4650267227e-01 -5.6867789676e-03
     vertex 7.2483065374e-02 1.4535346537e-01 3.6929812353e-19
     vertex 6.7488710249e-02 1.4451831025e-01 2.4619874902e-19
   endloop
 endfacet
 facet normal  1.6174818911e-01 -9.6727886035e-01 1.9547155712e-01
   outer loop
     vertex 6.7488710249e-02 1.4451831025e-01 2.4619874902e-19
     vertex 7.2483065374e-02 1.4535346537e-01 3.6929812353e-19
     vertex 7.2483065374e-02 1.4650267227e-01 5.6867789676e-03
   endloop
 endfacet
 facet normal  1.6173952132e-01 -9.6727877722e-01 1.9547914052e-01
   outer loop
     vertex 6.7488710249e-02 1.4451831025e-01 2.4619874902e-19
     vertex 7.2483065374e-02 1.4650267227e-01 5.6867789676e-03
     vertex 6.7488710249e-02 1.4573404184e-01 6.0157383508e-03
   endloop
 endfacet
 facet normal  1.6226989318e-01 -8.1855521174e-01 5.5103162078e-01
   outer loop
     vertex 6.7488710249e-02 1.4573404184e-01 6.0157383508e-03
     vertex 7.2483065374e-02 1.4650267227e-01 5.6867789676e-03
     vertex 7.2483065374e-02 1.4964512315e-01 1.0354876851e-02
   endloop
 endfacet
 facet normal  1.6190900056e-01 -8.1842561591e-01 5.5133019758e-01
   outer loop
     vertex 6.7488710249e-02 1.4573404184e-01 6.0157383508e-03
     vertex 7.2483065374e-02 1.4964512315e-01 1.0354876851e-02
     vertex 6.7488710249e-02 1.4905477629e-01 1.0945223713e-02
   endloop
 endfacet
 facet normal  1.6189902097e-01 -5.5106563947e-01 8.1860574638e-01
   outer loop
     vertex 6.7488710249e-02 1.4905477629e-01 1.0945223713e-02
     vertex 7.2483065374e-02 1.4964512315e-01 1.0354876851e-02
     vertex 7.2483065374e-02 1.5431322103e-01 1.3497327727e-02
   endloop
 endfacet
 facet normal  1.6226013043e-01 -5.5129797423e-01 8.1837778176e-01
   outer loop
     vertex 6.7488710249e-02 1.4905477629e-01 1.0945223713e-02
     vertex 7.2483065374e-02 1.5431322103e-01 1.3497327727e-02
     vertex 6.7488710249e-02 1.5398426165e-01 1.4265958164e-02
   endloop
 endfacet
 facet normal  1.6173927411e-01 -1.9547184655e-01 9.6728029258e-01
   outer loop
     vertex 6.7488710249e-02 1.5398426165e-01 1.4265958164e-02
     vertex 7.2483065374e-02 1.5431322103e-01 1.3497327727e-02
     vertex 7.2483065374e-02 1.6000000000e-01 1.4646534626e-02
   endloop
 endfacet
 facet normal  1.6174794881e-01 -1.9547886690e-01 9.6727742331e-01
   outer loop
     vertex 6.7488710249e-02 1.5398426165e-01 1.4265958164e-02
     vertex 7.2483065374e-02 1.6000000000e-01 1.4646534626e-02
     vertex 6.7488710249e-02 1.6000000000e-01 1.5481689751e-02
   endloop
 endfacet
 facet normal  1.6174794881e-01 1.9547886690e-01 9.6727742331e-01
   outer loop
     vertex 6.7488710249e-02 1.6000000000e-01 1.5481689751e-02
     vertex 7.2483065374e-02 1.6000000000e-01 1.4646534626e-02
     vertex 6.7488710249e-02 1.6601573835e-01 1.4265958164e-02
   endloop
 endfacet
 facet normal  1.6173927411e-01 1.9547184655e-01 9.6728029258e-01
   outer loop
     vertex 7.2483065374e-02 1.6000000000e-01 1.4646534626e-02
     vertex 7.2483065374e-02 1.6568677897e-01 1.3497327727e-02
     vertex 6.7488710249e-02 1.6601573835e-01 1.4265958164e-02
   endloop
 endfacet
 facet normal  1.6226013043e-01 5.5129797423e-01 8.1837778176e-01
   outer loop
     vertex 6.7488710249e-02 1.6601573835e-01 1.4265958164e-02
     vertex 7.2483065374e-02 1.6568677897e-01 1.3497327727e-02
     vertex 6.7488710249e-02 1.7094522371e-01 1.0945223713e-02
   endloop
 endfacet
 facet normal  1.6189902097e-01 5.5106563947e-01 8.1860574638e-01
   outer loop
     vertex 7.2483065374e-02 1.6568677897e-01 1.3497327727e-02
     vertex 7.2483065374e-02 1.7035487685e-01 1.0354876851e-02
     vertex 6.7488710249e-02 1.7094522371e-01 1.0945223713e-02
   endloop
 endfacet
 facet normal  1.6190900056e-01 8.1842561591e-01 5.5133019758e-01
   outer loop
     vertex 6.7488710249e-02 1.7094522371e-01 1.0945223713e-02
     vertex 7.2483065374e-02 1.7035487685e-01 1.0354876851e-02
     vertex 6.7488710249e-02 1.7426595816e-01 6.0157383508e-03
   endloop
 endfacet
 facet normal  1.6226989318e-01 8.1855521174e-01 5.5103162078e-01
   outer loop
     vertex 7.2483065374e-02 1.7035487685e-01 1.0354876851e-02
     vertex 7.2483065374e-02 1.7349732773e-01 5.6867789676e-03
     vertex 6.7488710249e-02 1.7426595816e-01 6.0157383508e-03
   endloop
 endfacet
 facet normal  1.6173952132e-01 9.6727877722e-01 1.9547914052e-01
   outer loop
     vertex 6.7488710249e-02 1.7426595816e-01 6.0157383508e-03
     vertex 7.2483065374e-02 1.7349732773e-01 5.6867789676e-03
     vertex 6.7488710249e-02 1.7548168975e-01 0.0000000000e+00
   endloop
 endfacet
 facet normal  1.6174818911e-01 9.6727886035e-01 1.9547155712e-01
   outer loop
     vertex 7.2483065374e-02 1.7349732773e-01 5.6867789676e-03
     vertex 7.2483065374e-02 1.7464653463e-01 0.0000000000e+00
     vertex 6.7488710249e-02 1.7548168975e-01 0.0000000000e+00
   endloop
 endfacet
 facet normal  2.9895783199e-01 9.3535830953e-01 -1.8902128844e-01
   outer loop
     vertex 7.2483065374e-02 1.7464653463e-01 0.0000000000e+00
     vertex 7.6818280332e-02 1.7326091967e-01 0.0000000000e+00
     vertex 7.6818280332e-02 1.7222038976e-01 -5.1489877482e-03
   endloop
 endfacet
 facet normal  2.9895824524e-01 9.3535825313e-01 -1.8902091393e-01
   outer loop
     vertex 7.2483065374e-02 1.7464653463e-01 0.0000000000e+00
     vertex 7.6818280332e-02 1.7222038976e-01 -5.1489877482e-03
     vertex 7.2483065374e-02 1.7349732773e-01 -5.6867789676e-03
   endloop
 endfacet
 facet normal  2.9924632004e-01 7.9152782276e-01 -5.3285583954e-01
   outer loop
     vertex 7.2483065374e-02 1.7349732773e-01 -5.6867789676e-03
     vertex 7.6818280332e-02 1.7222038976e-01 -5.1489877482e-03
     vertex 7.6818280332e-02 1.6937526416e-01 -9.3752641627e-03
   endloop
 endfacet
 facet normal  2.9926351187e-01 7.9153187614e-01 -5.3284016319e-01
   outer loop
     vertex 7.2483065374e-02 1.7349732773e-01 -5.6867789676e-03
     vertex 7.6818280332e-02 1.6937526416e-01 -9.3752641627e-03
     vertex 7.2483065374e-02 1.7035487685e-01 -1.0354876851e-02
   endloop
 endfacet
 facet normal  2.9926436341e-01 5.3285267935e-01 -7.9152312847e-01
   outer loop
     vertex 7.2483065374e-02 1.7035487685e-01 -1.0354876851e-02
     vertex 7.6818280332e-02 1.6937526416e-01 -9.3752641627e-03
     vertex 7.6818280332e-02 1.6514898775e-01 -1.2220389757e-02
   endloop
 endfacet
 facet normal  2.9924717606e-01 5.3284302425e-01 -7.9153612623e-01
   outer loop
     vertex 7.2483065374e-02 1.7035487685e-01 -1.0354876851e-02
     vertex 7.6818280332e-02 1.6514898775e-01 -1.2220389757e-02
     vertex 7.2483065374e-02 1.6568677897e-01 -1.3497327727e-02
   endloop
 endfacet
 facet normal  2.9895826574e-01 1.8902126152e-01 -9.3535817634e-01
   outer loop
     vertex 7.2483065374e-02 1.6568677897e-01 -1.3497327727e-02
     vertex 7.6818280332e-02 1.6514898775e-01 -1.2220389757e-02
     vertex 7.6818280332e-02 1.6000000000e-01 -1.3260919668e-02
   endloop
 endfacet
 facet normal  2.9895785251e-01 1.8902093830e-01 -9.3535837373e-01
   outer loop
     vertex 7.2483065374e-02 1.6568677897e-01 -1.3497327727e-02
     vertex 7.6818280332e-02 1.6000000000e-01 -1.3260919668e-02
     vertex 7.2483065374e-02 1.6000000000e-01 -1.4646534626e-02
   endloop
 endfacet
 facet normal  2.9895785251e-01 -1.8902093830e-01 -9.3535837373e-01
   outer loop
     vertex 7.2483065374e-02 1.6000000000e-01 -1.4646534626e-02
     vertex 7.6818280332e-02 1.6000000000e-01 -1.3260919668e-02
     vertex 7.2483065374e-02 1.5431322103e-01 -1.3497327727e-02
   endloop
 endfacet
 facet normal  2.9895826574e-01 -1.8902126152e-01 -9.3535817634e-01
   outer loop
     vertex 7.6818280332e-02 1.6000000000e-01 -1.3260919668e-02
     vertex 7.6818280332e-02 1.5485101225e-01 -1.2220389757e-02
     vertex 7.2483065374e-02 1.5431322103e-01 -1.3497327727e-02
   endloop
 endfacet
 facet normal  2.9924717606e-01 -5.3284302425e-01 -7.9153612623e-01
   outer loop
     vertex 7.2483065374e-02 1.5431322103e-01 -1.3497327727e-02
     vertex 7.6818280332e-02 1.5485101225e-01 -1.2220389757e-02
     vertex 7.2483065374e-02 1.4964512315e-01 -1.0354876851e-02
   endloop
 endfacet
 facet normal  2.9926436341e-01 -5.3285267935e-01 -7.9152312847e-01
   outer loop
     vertex 7.6818280332e-02 1.5485101225e-01 -1.2220389757e-02
     vertex 7.6818280332e-02 1.5062473584e-01 -9.3752641627e-03
     vertex 7.2483065374e-02 1.4964512315e-01 -1.0354876851e-02
   endloop
 endfacet
 facet normal  2.9926351187e-01 -7.9153187614e-01 -5.3284016319e-01
   outer loop
     vertex 7.2483065374e-02 1.4964512315e-01 -1.0354876851e-02
     vertex 7.6818280332e-02 1.5062473584e-01 -9.3752641627e-03
     vertex 7.2483065374e-02 1.4650267227e-01 -5.6867789676e-03
   endloop
 endfacet
 facet normal  2.9924632004e-01 -7.9152782276e-01 -5.3285583954e-01
   outer loop
     vertex 7.6818280332e-02 1.5062473584e-01 -9.3752641627e-03
     vertex 7.6818280332e-02 1.4777961024e-01 -5.1489877482e-03
     vertex 7.2483065374e-02 1.4650267227e-01 -5.6867789676e-03
   endloop
 endfacet
 facet normal  2.9895824524e-01 -9.3535825313e-01 -1.8902091393e-01
   outer loop
     vertex 7.2483065374e-02 1.4650267227e-01 -5.6867789676e-03
     vertex 7.6818280332e-02 1.4777961024e-01 -5.1489877482e-03
     vertex 7.2483065374e-02 1.4535346537e-01 3.6929812353e-19
   endloop
 endfacet
 facet normal  2.9895783199e-01 -9.3535830953e-01 -1.8902128844e-01
   outer loop
     vertex 7.6818280332e-02 1.4777961024e-01 -5.1489877482e-03
     vertex 7.6818280332e-02 1.4673908033e-01 3.2826499869e-19
     vertex 7.2483065374e-02 1.4535346537e-01 3.6929812353e-19
   endloop
 endfacet
 facet normal  2.9895783199e-01 -9.3535830953e-01 1.8902128844e-01
   outer loop
     vertex 7.2483065374e-02 1.4535346537e-01 3.6929812353e-19
     vertex 7.6818280332e-02 1.4673908033e-01 3.2826499869e-19
     vertex 7.6818280332e-02 1.4777961024e-01 5.1489877482e-03
   endloop
 endfacet
 facet normal  2.9895824524e-01 -9.3535825313e-01 1.8902091393e-01
   outer loop
     vertex 7.2483065374e-02 1.4535346537e-01 3.6929812353e-19
     vertex 7.6818280332e-02 1.4777961024e-01 5.1489877482e-03
     vertex 7.2483065374e-02 1.4650267227e-01 5.6867789676e-03
   endloop
 endfacet
 facet normal  2.9924632004e-01 -7.9152782276e-01 5.3285583954e-01
   outer loop
     vertex 7.2483065374e-02 1.4650267227e-01 5.6867789676e-03
     vertex 7.6818280332e-02 1.4777961024e-01 5.1489877482e-03
     vertex 7.6818280332e-02 1.5062473584e-01 9.3752641627e-03
   endloop
 endfacet
 facet normal  2.9926351187e-01 -7.9153187614e-01 5.3284016319e-01
   outer loop
     vertex 7.2483065374e-02 1.4650267227e-01 5.6867789676e-03
     vertex 7.6818280332e-02 1.5062473584e-01 9.3752641627e-03
     vertex 7.2483065374e-02 1.4964512315e-01 1.0354876851e-02
   endloop
 endfacet
 facet normal  2.9926436341e-01 -5.3285267935e-01 7.9152312847e-01
   outer loop
     vertex 7.2483065374e-02 1.4964512315e-01 1.0354876851e-02
     vertex 7.6818280332e-02 1.5062473584e-01 9.3752641627e-03
     vertex 7.6818280332e-02 1.5485101225e-01 1.2220389757e-02
   endloop
 endfacet
 facet normal  2.9924717606e-01 -5.3284302425e-01 7.9153612623e-01
   outer loop
     vertex 7.2483065374e-02 1.4964512315e-01 1.0354876851e-02
     vertex 7.6818280332e-02 1.5485101225e-01 1.2220389757e-02
     vertex 7.2483065374e-02 1.5431322103e-01 1.3497327727e-02
   endloop
 endfacet
 facet normal  2.9895826574e-01 -1.8902126152e-01 9.3535817634e-01
   outer loop
     vertex 7.2483065374e-02 1.5431322103e-01 1.3497327727e-02
     vertex 7.6818280332e-02 1.5485101225e-01 1.2220389757e-02
     vertex 7.6818280332e-02 1.6000000000e-01 1.3260919668e-02
   endloop
 endfacet
 facet normal  2.9895785251e-01 -1.8902093830e-01 9.3535837373e-01
   outer loop
     vertex 7.2483065374e-02 1.5431322103e-01 1.3497327727e-02
     vertex 7.6818280332e-02 1.6000000000e-01 1.3260919668e-02
     vertex 7.2483065374e-02 1.6000000000e-01 1.4646534626e-02
   endloop
 endfacet
 facet normal  2.9895785251e-01 1.8902093830e-01 9.3535837373e-01
   outer loop
     vertex 7.2483065374e-02 1.6000000000e-01 1.4646534626e-02
     vertex 7.6818280332e-02 1.6000000000e-01 1.3260919668e-02
     vertex 7.2483065374e-02 1.6568677897e-01 1.3497327727e-02
   endloop
 endfacet
 facet normal  2.9895826574e-01 1.8902126152e-01 9.3535817634e-01
   outer loop
     vertex 7.6818280332e-02 1.6000000000e-01 1.3260919668e-02
     vertex 7.6818280332e-02 1.6514898775e-01 1.2220389757e-02
     vertex 7.2483065374e-02 1.6568677897e-01 1.3497327727e-02
   endloop
 endfacet
 facet normal  2.9924717606e-01 5.3284302425e-01 7.9153612623e-01
   outer loop
     vertex 7.2483065374e-02 1.6568677897e-01 1.3497327727e-02
     vertex 7.6818280332e-02 1.6514898775e-01 1.2220389757e-02
     vertex 7.2483065374e-02 1.7035487685e-01 1.0354876851e-02
   endloop
 endfacet
 facet normal  2.9926436341e-01 5.3285267935e-01 7.9152312847e-01
   outer loop
     vertex 7.6818280332e-02 1.6514898775e-01 1.2220389757e-02
     vertex 7.6818280332e-02 1.6937526416e-01 9.3752641627e-03
     vertex 7.2483065374e-02 1.7035487685e-01 1.0354876851e-02
   endloop
 endfacet
 facet normal  2.9926351187e-01 7.9153187614e-01 5.3284016319e-01
   outer loop
     vertex 7.2483065374e-02 1.7035487685e-01 1.0354876851e-02
     vertex 7.6818280332e-02 1.6937526416e-01 9.3752641627e-03
     vertex 7.2483065374e-02 1.7349732773e-01 5.6867789676e-03
   endloop
 endfacet
 facet normal  2.9924632004e-01 7.9152782276e-01 5.3285583954e-01
   outer loop
     vertex 7.6818280332e-02 1.6937526416e-01 9.3752641627e-03
     vertex 7.6818280332e-02 1.7222038976e-01 5.1489877482e-03
     vertex 7.2483065374e-02 1.7349732773e-01 5.6867789676e-03
   endloop
 endfacet
 facet normal  2.9895824524e-01 9.3535825313e-01 1.8902091393e-01
   outer loop
     vertex 7.2483065374e-02 1.7349732773e-01 5.6867789676e-03
     vertex 7.6818280332e-02 1.7222038976e-01 5.1489877482e-03
     vertex 7.2483065374e-02 1.7464653463e-01 0.0000000000e+00
   endloop
 endfacet
 facet normal  2.9895783199e-01 9.3535830953e-01 1.8902128844e-01
   outer loop
     vertex 7.6818280332e-02 1.7222038976e-01 5.1489877482e-03
     vertex 7.6818280332e-02 1.7326091967e-01 0.0000000000e+00
     vertex 7.2483065374e-02 1.7464653463e-01 0.0000000000e+00
   endloop
 endfacet
 facet normal  5.3599614043e-01 8.2748953712e-01 -1.6723995756e-01
   outer loop
     vertex 7.6818280332e-02 1.7326091967e-01 0.0000000000e+00
     vertex 8.0000000000e-02 1.7120000000e-01 0.0000000000e+00
     vertex 8.0000000000e-02 1.7031926616e-01 -4.3577984907e-03
   endloop
 endfacet
 facet normal  5.3601453699e-01 8.2748143983e-01 -1.6722105991e-01
   outer loop
     vertex 7.6818280332e-02 1.7326091967e-01 0.0000000000e+00
     vertex 8.0000000000e-02 1.7031926616e-01 -4.3577984907e-03
     vertex 7.6818280332e-02 1.7222038976e-01 -5.1489877482e-03
   endloop
 endfacet
 facet normal  5.3570659692e-01 7.0006032755e-01 -4.7215885017e-01
   outer loop
     vertex 7.6818280332e-02 1.7222038976e-01 -5.1489877482e-03
     vertex 8.0000000000e-02 1.7031926616e-01 -4.3577984907e-03
     vertex 8.0000000000e-02 1.6791804310e-01 -7.9180431029e-03
   endloop
 endfacet
 facet normal  5.3647389316e-01 7.0006350246e-01 -4.7128213894e-01
   outer loop
     vertex 7.6818280332e-02 1.7222038976e-01 -5.1489877482e-03
     vertex 8.0000000000e-02 1.6791804310e-01 -7.9180431029e-03
     vertex 7.6818280332e-02 1.6937526416e-01 -9.3752641627e-03
   endloop
 endfacet
 facet normal  5.3653817561e-01 4.7186353178e-01 -6.9962246497e-01
   outer loop
     vertex 7.6818280332e-02 1.6937526416e-01 -9.3752641627e-03
     vertex 8.0000000000e-02 1.6791804310e-01 -7.9180431029e-03
     vertex 8.0000000000e-02 1.6435779849e-01 -1.0319266164e-02
   endloop
 endfacet
 facet normal  5.3577295940e-01 4.7153074334e-01 -7.0043279054e-01
   outer loop
     vertex 7.6818280332e-02 1.6937526416e-01 -9.3752641627e-03
     vertex 8.0000000000e-02 1.6435779849e-01 -1.0319266164e-02
     vertex 7.6818280332e-02 1.6514898775e-01 -1.2220389757e-02
   endloop
 endfacet
 facet normal  5.3601604880e-01 1.6723745354e-01 -8.2747714746e-01
   outer loop
     vertex 7.6818280332e-02 1.6514898775e-01 -1.2220389757e-02
     vertex 8.0000000000e-02 1.6435779849e-01 -1.0319266164e-02
     vertex 8.0000000000e-02 1.6000000000e-01 -1.1200000000e-02
   endloop
 endfacet
 facet normal  5.3599768766e-01 1.6722317896e-01 -8.2749192579e-01
   outer loop
     vertex 7.6818280332e-02 1.6514898775e-01 -1.2220389757e-02
     vertex 8.0000000000e-02 1.6000000000e-01 -1.1200000000e-02
     vertex 7.6818280332e-02 1.6000000000e-01 -1.3260919668e-02
   endloop
 endfacet
 facet normal  5.3599768766e-01 -1.6722317896e-01 -8.2749192579e-01
   outer loop
     vertex 7.6818280332e-02 1.6000000000e-01 -1.3260919668e-02
     vertex 8.0000000000e-02 1.6000000000e-01 -1.1200000000e-02
     vertex 7.6818280332e-02 1.5485101225e-01 -1.2220389757e-02
   endloop
 endfacet
 facet normal  5.3601604880e-01 -1.6723745354e-01 -8.2747714746e-01
   outer loop
     vertex 8.0000000000e-02 1.6000000000e-01 -1.1200000000e-02
     vertex 8.0000000000e-02 1.5564220151e-01 -1.0319266164e-02
     vertex 7.6818280332e-02 1.5485101225e-01 -1.2220389757e-02
   endloop
 endfacet
 facet normal  5.3577295940e-01 -4.7153074334e-01 -7.0043279054e-01
   outer loop
     vertex 7.6818280332e-02 1.5485101225e-01 -1.2220389757e-02
     vertex 8.0000000000e-02 1.5564220151e-01 -1.0319266164e-02
     vertex 7.6818280332e-02 1.5062473584e-01 -9.3752641627e-03
   endloop
 endfacet
 facet normal  5.3653817561e-01 -4.7186353178e-01 -6.9962246497e-01
   outer loop
     vertex 8.0000000000e-02 1.5564220151e-01 -1.0319266164e-02
     vertex 8.0000000000e-02 1.5208195690e-01 -7.9180431029e-03
     vertex 7.6818280332e-02 1.5062473584e-01 -9.3752641627e-03
   endloop
 endfacet
 facet normal  5.3647389316e-01 -7.0006350246e-01 -4.7128213894e-01
   outer loop
     vertex 7.6818280332e-02 1.5062473584e-01 -9.3752641627e-03
     vertex 8.0000000000e-02 1.5208195690e-01 -7.9180431029e-03
     vertex 7.6818280332e-02 1.4777961024e-01 -5.1489877482e-03
   endloop
 endfacet
 facet normal  5.3570659692e-01 -7.0006032755e-01 -4.7215885017e-01
   outer loop
     vertex 8.0000000000e-02 1.5208195690e-01 -7.9180431029e-03
     vertex 8.0000000000e-02 1.4968073384e-01 -4.3577984907e-03
     vertex 7.6818280332e-02 1.4777961024e-01 -5.1489877482e-03
   endloop
 endfacet
 facet normal  5.3601453699e-01 -8.2748143983e-01 -1.6722105991e-01
   outer loop
     vertex 7.6818280332e-02 1.4777961024e-01 -5.1489877482e-03
     vertex 8.0000000000e-02 1.4968073384e-01 -4.3577984907e-03
     vertex 7.6818280332e-02 1.4673908033e-01 3.2826499869e-19
   endloop
 endfacet
 facet normal  5.3599614043e-01 -8.2748953712e-01 -1.6723995756e-01
   outer loop
     vertex 8.0000000000e-02 1.4968073384e-01 -4.3577984907e-03
     vertex 8.0000000000e-02 1.4880000000e-01 0.0000000000e+00
     vertex 7.6818280332e-02 1.4673908033e-01 3.2826499869e-19
   endloop
 endfacet
 facet normal  5.3599614043e-01 -8.2748953712e-01 1.6723995756e-01
   outer loop
     vertex 7.6818280332e-02 1.4673908033e-01 3.2826499869e-19
     vertex 8.0000000000e-02 1.4880000000e-01 0.0000000000e+00
     vertex 8.0000000000e-02 1.4968073384e-01 4.3577984907e-03
   endloop
 endfacet
 facet normal  5.3601453699e-01 -8.2748143983e-01 1.6722105991e-01
   outer loop
     vertex 7.6818280332e-02 1.4673908033e-01 3.2826499869e-19
     vertex 8.0000000000e-02 1.4968073384e-01 4.3577984907e-03
     vertex 7.6818280332e-02 1.4777961024e-01 5.1489877482e-03
   endloop
 endfacet
 facet normal  5.3570659692e-01 -7.0006032755e-01 4.7215885017e-01
   outer loop
     vertex 7.6818280332e-02 1.4777961024e-01 5.1489877482e-03
     vertex 8.0000000000e-02 1.4968073384e-01 4.3577984907e-03
     vertex 8.0000000000e-02 1.5208195690e-01 7.9180431029e-03
   endloop
 endfacet
 facet normal  5.3647389316e-01 -7.0006350246e-01 4.7128213894e-01
   outer loop
     vertex 7.6818280332e-02 1.4777961024e-01 5.1489877482e-03
     vertex 8.0000000000e-02 1.5208195690e-01 7.9180431029e-03
     vertex 7.6818280332e-02 1.5062473584e-01 9.3752641627e-03
   endloop
 endfacet
 facet normal  5.3653817561e-01 -4.7186353178e-01 6.9962246497e-01
   outer loop
     vertex 7.6818280332e-02 1.5062473584e-01 9.3752641627e-03
     vertex 8.0000000000e-02 1.5208195690e-01 7.9180431029e-03
     vertex 8.0000000000e-02 1.5564220151e-01 1.0319266164e-02
   endloop
 endfacet
 facet normal  5.3577295940e-01 -4.7153074334e-01 7.0043279054e-01
   outer loop
     vertex 7.6818280332e-02 1.5062473584e-01 9.3752641627e-03
     vertex 8.0000000000e-02 1.5564220151e-01 1.0319266164e-02
     vertex 7.6818280332e-02 1.5485101225e-01 1.2220389757e-02
   endloop
 endfacet
 facet normal  5.3601604880e-01 -1.6723745354e-01 8.2747714746e-01
   outer loop
     vertex 7.6818280332e-02 1.5485101225e-01 1.2220389757e-02
     vertex 8.0000000000e-02 1.5564220151e-01 1.0319266164e-02
     vertex 8.0000000000e-02 1.6000000000e-01 1.1200000000e-02
   endloop
 endfacet
 facet normal  5.3599768766e-01 -1.6722317896e-01 8.2749192579e-01
   outer loop
     vertex 7.6818280332e-02 1.5485101225e-01 1.2220389757e-02
     vertex 8.0000000000e-02 1.6000000000e-01 1.1200000000e-02
     vertex 7.6818280332e-02 1.6000000000e-01 1.3260919668e-02
   endloop
 endfacet
 facet normal  5.3599768766e-01 1.6722317896e-01 8.2749192579e-01
   outer loop
     vertex 7.6818280332e-02 1.6000000000e-01 1.3260919668e-02
     vertex 8.0000000000e-02 1.6000000000e-01 1.1200000000e-02
     vertex 7.6818280332e-02 1.6514898775e-01 1.2220389757e-02
   endloop
 endfacet
 facet normal  5.3601604880e-01 1.6723745354e-01 8.2747714746e-01
   outer loop
     vertex 8.0000000000e-02 1.6000000000e-01 1.1200000000e-02
     vertex 8.0000000000e-02 1.6435779849e-01 1.0319266164e-02
     vertex 7.6818280332e-02 1.6514898775e-01 1.2220389757e-02
   endloop
 endfacet
 facet normal  5.3577295940e-01 4.7153074334e-01 7.0043279054e-01
   outer loop
     vertex 7.6818280332e-02 1.6514898775e-01 1.2220389757e-02
     vertex 8.0000000000e-02 1.6435779849e-01 1.0319266164e-02
     vertex 7.6818280332e-02 1.6937526416e-01 9.3752641627e-03
   endloop
 endfacet
 facet normal  5.3653817561e-01 4.7186353178e-01 6.9962246497e-01
   outer loop
     vertex 8.0000000000e-02 1.6435779849e-01 1.0319266164e-02
     vertex 8.0000000000e-02 1.6791804310e-01 7.9180431029e-03
     vertex 7.6818280332e-02 1.6937526416e-01 9.3752641627e-03
   endloop
 endfacet
 facet normal  5.3647389316e-01 7.0006350246e-01 4.7128213894e-01
   outer loop
     vertex 7.6818280332e-02 1.6937526416e-01 9.3752641627e-03
     vertex 8.0000000000e-02 1.6791804310e-01 7.9180431029e-03
     vertex 7.6818280332e-02 1.7222038976e-01 5.1489877482e-03
   endloop
 endfacet
 facet normal  5.3570659692e-01 7.0006032755e-01 4.7215885017e-01
   outer loop
     vertex 8.0000000000e-02 1.6791804310e-01 7.9180431029e-03
     vertex 8.0000000000e-02 1.7031926616e-01 4.3577984907e-03
     vertex 7.6818280332e-02 1.7222038976e-01 5.1489877482e-03
   endloop
 endfacet
 facet normal  5.3601453699e-01 8.2748143983e-01 1.6722105991e-01
   outer loop
     vertex 7.6818280332e-02 1.7222038976e-01 5.1489877482e-03
     vertex 8.0000000000e-02 1.7031926616e-01 4.3577984907e-03
     vertex 7.6818280332e-02 1.7326091967e-01 0.0000000000e+00
   endloop
 endfacet
 facet normal  5.3599614043e-01 8.2748953712e-01 1.6723995756e-01
   outer loop
     vertex 8.0000000000e-02 1.7031926616e-01 4.3577984907e-03
     vertex 8.0000000000e-02 1.7120000000e-01 0.0000000000e+00
     vertex 7.6818280332e-02 1.7326091967e-01 0.0000000000e+00
   endloop
 endfacet
endsolid
