solid
 facet normal  -4.3530537905e-01 8.8244091065e-01 -1.7834591717e-01
   outer loop
     vertex  0.000000e+00 1.500000e+01 0.000000e+00
     vertex  8.043349e+00 1.896776e+01 -4.440892e-16
     vertex  -5.782412e-16 1.382045e+01 -5.836337e+00
   endloop
 endfacet
 facet normal  -4.3532682656e-01 8.8243700054e-01 -1.7831291079e-01
   outer loop
     vertex  8.043349e+00 1.896776e+01 -4.440892e-16
     vertex  8.043349e+00 1.748186e+01 -7.353425e+00
     vertex  -5.782412e-16 1.382045e+01 -5.836337e+00
   endloop
 endfacet
 facet normal  -4.3482437914e-01 7.4657968632e-01 -5.0353404183e-01
   outer loop
     vertex  -5.782412e-16 1.382045e+01 -5.836337e+00
     vertex  8.043349e+00 1.748186e+01 -7.353425e+00
     vertex  -1.156482e-15 1.060452e+01 -1.060452e+01
   endloop
 endfacet
 facet normal  -4.3571793746e-01 7.4697886347e-01 -5.0216775733e-01
   outer loop
     vertex  8.043349e+00 1.748186e+01 -7.353425e+00
     vertex  8.043349e+00 1.341014e+01 -1.341014e+01
     vertex  -1.156482e-15 1.060452e+01 -1.060452e+01
   endloop
 endfacet
 facet normal  -4.3582174663e-01 5.0326437355e-01 -7.4617985464e-01
   outer loop
     vertex  -1.156482e-15 1.060452e+01 -1.060452e+01
     vertex  8.043349e+00 1.341014e+01 -1.341014e+01
     vertex  -7.228014e-16 5.836337e+00 -1.382045e+01
   endloop
 endfacet
 facet normal  -4.3493195979e-01 5.0237979623e-01 -7.4729427316e-01
   outer loop
     vertex  8.043349e+00 1.341014e+01 -1.341014e+01
     vertex  8.043349e+00 7.353425e+00 -1.748186e+01
     vertex  -7.228014e-16 5.836337e+00 -1.382045e+01
   endloop
 endfacet
 facet normal  -4.3532925044e-01 1.7834363056e-01 -8.8242959671e-01
   outer loop
     vertex  -7.228014e-16 5.836337e+00 -1.382045e+01
     vertex  8.043349e+00 7.353425e+00 -1.748186e+01
     vertex  -1.156482e-15 1.283953e-31 -1.500000e+01
   endloop
 endfacet
 facet normal  -4.3530787996e-01 1.7831472534e-01 -8.8244598043e-01
   outer loop
     vertex  8.043349e+00 7.353425e+00 -1.748186e+01
     vertex  8.043349e+00 -3.671733e-16 -1.896776e+01
     vertex  -1.156482e-15 1.283953e-31 -1.500000e+01
   endloop
 endfacet
 facet normal  -4.3530787996e-01 -1.7831472534e-01 -8.8244598043e-01
   outer loop
     vertex  -1.156482e-15 1.283953e-31 -1.500000e+01
     vertex  8.043349e+00 -3.671733e-16 -1.896776e+01
     vertex  8.043349e+00 -7.353425e+00 -1.748186e+01
   endloop
 endfacet
 facet normal  -4.3532925044e-01 -1.7834363056e-01 -8.8242959671e-01
   outer loop
     vertex  -1.156482e-15 1.283953e-31 -1.500000e+01
     vertex  8.043349e+00 -7.353425e+00 -1.748186e+01
     vertex  -1.011922e-15 -5.836337e+00 -1.382045e+01
   endloop
 endfacet
 facet normal  -4.3493195979e-01 -5.0237979623e-01 -7.4729427316e-01
   outer loop
     vertex  -1.011922e-15 -5.836337e+00 -1.382045e+01
     vertex  8.043349e+00 -7.353425e+00 -1.748186e+01
     vertex  8.043349e+00 -1.341014e+01 -1.341014e+01
   endloop
 endfacet
 facet normal  -4.3582174663e-01 -5.0326437355e-01 -7.4617985464e-01
   outer loop
     vertex  -1.011922e-15 -5.836337e+00 -1.382045e+01
     vertex  8.043349e+00 -1.341014e+01 -1.341014e+01
     vertex  0.000000e+00 -1.060452e+01 -1.060452e+01
   endloop
 endfacet
 facet normal  -4.3571793746e-01 -7.4697886347e-01 -5.0216775733e-01
   outer loop
     vertex  0.000000e+00 -1.060452e+01 -1.060452e+01
     vertex  8.043349e+00 -1.341014e+01 -1.341014e+01
     vertex  8.043349e+00 -1.748186e+01 -7.353425e+00
   endloop
 endfacet
 facet normal  -4.3482437914e-01 -7.4657968632e-01 -5.0353404183e-01
   outer loop
     vertex  0.000000e+00 -1.060452e+01 -1.060452e+01
     vertex  8.043349e+00 -1.748186e+01 -7.353425e+00
     vertex  -1.445603e-16 -1.382045e+01 -5.836337e+00
   endloop
 endfacet
 facet normal  -4.3532682656e-01 -8.8243700054e-01 -1.7831291079e-01
   outer loop
     vertex  -1.445603e-16 -1.382045e+01 -5.836337e+00
     vertex  8.043349e+00 -1.748186e+01 -7.353425e+00
     vertex  8.043349e+00 -1.896776e+01 -1.316795e-16
   endloop
 endfacet
 facet normal  -4.3530537905e-01 -8.8244091065e-01 -1.7834591717e-01
   outer loop
     vertex  -1.445603e-16 -1.382045e+01 -5.836337e+00
     vertex  8.043349e+00 -1.896776e+01 -1.316795e-16
     vertex  -1.156482e-15 -1.500000e+01 0.000000e+00
   endloop
 endfacet
 facet normal  -4.3530537905e-01 -8.8244091065e-01 1.7834591717e-01
   outer loop
     vertex  -1.156482e-15 -1.500000e+01 0.000000e+00
     vertex  8.043349e+00 -1.896776e+01 -1.316795e-16
     vertex  -7.228014e-16 -1.382045e+01 5.836337e+00
   endloop
 endfacet
 facet normal  -4.3532682656e-01 -8.8243700054e-01 1.7831291079e-01
   outer loop
     vertex  8.043349e+00 -1.896776e+01 -1.316795e-16
     vertex  8.043349e+00 -1.748186e+01 7.353425e+00
     vertex  -7.228014e-16 -1.382045e+01 5.836337e+00
   endloop
 endfacet
 facet normal  -4.3482437914e-01 -7.4657968632e-01 5.0353404183e-01
   outer loop
     vertex  -7.228014e-16 -1.382045e+01 5.836337e+00
     vertex  8.043349e+00 -1.748186e+01 7.353425e+00
     vertex  -1.156482e-15 -1.060452e+01 1.060452e+01
   endloop
 endfacet
 facet normal  -4.3571793746e-01 -7.4697886347e-01 5.0216775733e-01
   outer loop
     vertex  8.043349e+00 -1.748186e+01 7.353425e+00
     vertex  8.043349e+00 -1.341014e+01 1.341014e+01
     vertex  -1.156482e-15 -1.060452e+01 1.060452e+01
   endloop
 endfacet
 facet normal  -4.3582174663e-01 -5.0326437355e-01 7.4617985464e-01
   outer loop
     vertex  -1.156482e-15 -1.060452e+01 1.060452e+01
     vertex  8.043349e+00 -1.341014e+01 1.341014e+01
     vertex  -1.011922e-15 -5.836337e+00 1.382045e+01
   endloop
 endfacet
 facet normal  -4.3493195979e-01 -5.0237979623e-01 7.4729427316e-01
   outer loop
     vertex  8.043349e+00 -1.341014e+01 1.341014e+01
     vertex  8.043349e+00 -7.353425e+00 1.748186e+01
     vertex  -1.011922e-15 -5.836337e+00 1.382045e+01
   endloop
 endfacet
 facet normal  -4.3532925044e-01 -1.7834363056e-01 8.8242959671e-01
   outer loop
     vertex  -1.011922e-15 -5.836337e+00 1.382045e+01
     vertex  8.043349e+00 -7.353425e+00 1.748186e+01
     vertex  0.000000e+00 0.000000e+00 1.500000e+01
   endloop
 endfacet
 facet normal  -4.3530787996e-01 -1.7831472534e-01 8.8244598043e-01
   outer loop
     vertex  8.043349e+00 -7.353425e+00 1.748186e+01
     vertex  8.043349e+00 -3.067616e-16 1.896776e+01
     vertex  0.000000e+00 0.000000e+00 1.500000e+01
   endloop
 endfacet
 facet normal  -4.3530787996e-01 1.7831472534e-01 8.8244598043e-01
   outer loop
     vertex  0.000000e+00 0.000000e+00 1.500000e+01
     vertex  8.043349e+00 -3.067616e-16 1.896776e+01
     vertex  8.043349e+00 7.353425e+00 1.748186e+01
   endloop
 endfacet
 facet normal  -4.3532925044e-01 1.7834363056e-01 8.8242959671e-01
   outer loop
     vertex  0.000000e+00 0.000000e+00 1.500000e+01
     vertex  8.043349e+00 7.353425e+00 1.748186e+01
     vertex  -5.782412e-16 5.836337e+00 1.382045e+01
   endloop
 endfacet
 facet normal  -4.3493195979e-01 5.0237979623e-01 7.4729427316e-01
   outer loop
     vertex  -5.782412e-16 5.836337e+00 1.382045e+01
     vertex  8.043349e+00 7.353425e+00 1.748186e+01
     vertex  8.043349e+00 1.341014e+01 1.341014e+01
   endloop
 endfacet
 facet normal  -4.3582174663e-01 5.0326437355e-01 7.4617985464e-01
   outer loop
     vertex  -5.782412e-16 5.836337e+00 1.382045e+01
     vertex  8.043349e+00 1.341014e+01 1.341014e+01
     vertex  -1.156482e-15 1.060452e+01 1.060452e+01
   endloop
 endfacet
 facet normal  -4.3571793746e-01 7.4697886347e-01 5.0216775733e-01
   outer loop
     vertex  -1.156482e-15 1.060452e+01 1.060452e+01
     vertex  8.043349e+00 1.341014e+01 1.341014e+01
     vertex  8.043349e+00 1.748186e+01 7.353425e+00
   endloop
 endfacet
 facet normal  -4.3482437914e-01 7.4657968632e-01 5.0353404183e-01
   outer loop
     vertex  -1.156482e-15 1.060452e+01 1.060452e+01
     vertex  8.043349e+00 1.748186e+01 7.353425e+00
     vertex  -1.445603e-16 1.382045e+01 5.836337e+00
   endloop
 endfacet
 facet normal  -4.3532682656e-01 8.8243700054e-01 1.7831291079e-01
   outer loop
     vertex  -1.445603e-16 1.382045e+01 5.836337e+00
     vertex  8.043349e+00 1.748186e+01 7.353425e+00
     vertex  8.043349e+00 1.896776e+01 0.000000e+00
   endloop
 endfacet
 facet normal  -4.3530537905e-01 8.8244091065e-01 1.7834591717e-01
   outer loop
     vertex  -1.445603e-16 1.382045e+01 5.836337e+00
     vertex  8.043349e+00 1.896776e+01 0.000000e+00
     vertex  0.000000e+00 1.500000e+01 0.000000e+00
   endloop
 endfacet
 facet normal  -5.6701529024e-02 9.7861183591e-01 -1.9774683619e-01
   outer loop
     vertex  8.043349e+00 1.896776e+01 -4.440892e-16
     vertex  1.911107e+01 1.960903e+01 -4.996004e-16
     vertex  8.043349e+00 1.748186e+01 -7.353425e+00
   endloop
 endfacet
 facet normal  -5.6703659876e-02 9.7861233154e-01 -1.9774377239e-01
   outer loop
     vertex  1.911107e+01 1.960903e+01 -4.996004e-16
     vertex  1.911107e+01 1.807342e+01 -7.599596e+00
     vertex  8.043349e+00 1.748186e+01 -7.353425e+00
   endloop
 endfacet
 facet normal  -5.6674930425e-02 8.2856582716e-01 -5.5701581874e-01
   outer loop
     vertex  8.043349e+00 1.748186e+01 -7.353425e+00
     vertex  1.911107e+01 1.807342e+01 -7.599596e+00
     vertex  8.043349e+00 1.341014e+01 -1.341014e+01
   endloop
 endfacet
 facet normal  -5.6763296981e-02 8.2863539019e-01 -5.5690332935e-01
   outer loop
     vertex  1.911107e+01 1.807342e+01 -7.599596e+00
     vertex  1.911107e+01 1.386357e+01 -1.386357e+01
     vertex  8.043349e+00 1.341014e+01 -1.341014e+01
   endloop
 endfacet
 facet normal  -5.6764765430e-02 5.5701297135e-01 -8.2856159164e-01
   outer loop
     vertex  8.043349e+00 1.341014e+01 -1.341014e+01
     vertex  1.911107e+01 1.386357e+01 -1.386357e+01
     vertex  8.043349e+00 7.353425e+00 -1.748186e+01
   endloop
 endfacet
 facet normal  -5.6676426605e-02 5.5690608223e-01 -8.2863948629e-01
   outer loop
     vertex  1.911107e+01 1.386357e+01 -1.386357e+01
     vertex  1.911107e+01 7.599596e+00 -1.807342e+01
     vertex  8.043349e+00 7.353425e+00 -1.748186e+01
   endloop
 endfacet
 facet normal  -5.6703694546e-02 1.9774681183e-01 -9.7861171536e-01
   outer loop
     vertex  8.043349e+00 7.353425e+00 -1.748186e+01
     vertex  1.911107e+01 7.599596e+00 -1.807342e+01
     vertex  8.043349e+00 -3.671733e-16 -1.896776e+01
   endloop
 endfacet
 facet normal  -5.6701564500e-02 1.9774379596e-01 -9.7861244818e-01
   outer loop
     vertex  1.911107e+01 7.599596e+00 -1.807342e+01
     vertex  1.911107e+01 -4.130700e-16 -1.960903e+01
     vertex  8.043349e+00 -3.671733e-16 -1.896776e+01
   endloop
 endfacet
 facet normal  -5.6701564500e-02 -1.9774379596e-01 -9.7861244818e-01
   outer loop
     vertex  8.043349e+00 -3.671733e-16 -1.896776e+01
     vertex  1.911107e+01 -4.130700e-16 -1.960903e+01
     vertex  1.911107e+01 -7.599596e+00 -1.807342e+01
   endloop
 endfacet
 facet normal  -5.6703694546e-02 -1.9774681183e-01 -9.7861171536e-01
   outer loop
     vertex  8.043349e+00 -3.671733e-16 -1.896776e+01
     vertex  1.911107e+01 -7.599596e+00 -1.807342e+01
     vertex  8.043349e+00 -7.353425e+00 -1.748186e+01
   endloop
 endfacet
 facet normal  -5.6676426605e-02 -5.5690608223e-01 -8.2863948629e-01
   outer loop
     vertex  8.043349e+00 -7.353425e+00 -1.748186e+01
     vertex  1.911107e+01 -7.599596e+00 -1.807342e+01
     vertex  1.911107e+01 -1.386357e+01 -1.386357e+01
   endloop
 endfacet
 facet normal  -5.6764765430e-02 -5.5701297135e-01 -8.2856159164e-01
   outer loop
     vertex  8.043349e+00 -7.353425e+00 -1.748186e+01
     vertex  1.911107e+01 -1.386357e+01 -1.386357e+01
     vertex  8.043349e+00 -1.341014e+01 -1.341014e+01
   endloop
 endfacet
 facet normal  -5.6763296981e-02 -8.2863539019e-01 -5.5690332935e-01
   outer loop
     vertex  8.043349e+00 -1.341014e+01 -1.341014e+01
     vertex  1.911107e+01 -1.386357e+01 -1.386357e+01
     vertex  1.911107e+01 -1.807342e+01 -7.599596e+00
   endloop
 endfacet
 facet normal  -5.6674930425e-02 -8.2856582716e-01 -5.5701581874e-01
   outer loop
     vertex  8.043349e+00 -1.341014e+01 -1.341014e+01
     vertex  1.911107e+01 -1.807342e+01 -7.599596e+00
     vertex  8.043349e+00 -1.748186e+01 -7.353425e+00
   endloop
 endfacet
 facet normal  -5.6703659876e-02 -9.7861233154e-01 -1.9774377239e-01
   outer loop
     vertex  8.043349e+00 -1.748186e+01 -7.353425e+00
     vertex  1.911107e+01 -1.807342e+01 -7.599596e+00
     vertex  1.911107e+01 -1.960903e+01 -1.481395e-16
   endloop
 endfacet
 facet normal  -5.6701529024e-02 -9.7861183591e-01 -1.9774683619e-01
   outer loop
     vertex  8.043349e+00 -1.748186e+01 -7.353425e+00
     vertex  1.911107e+01 -1.960903e+01 -1.481395e-16
     vertex  8.043349e+00 -1.896776e+01 -1.316795e-16
   endloop
 endfacet
 facet normal  -5.6701529024e-02 -9.7861183591e-01 1.9774683619e-01
   outer loop
     vertex  8.043349e+00 -1.896776e+01 -1.316795e-16
     vertex  1.911107e+01 -1.960903e+01 -1.481395e-16
     vertex  8.043349e+00 -1.748186e+01 7.353425e+00
   endloop
 endfacet
 facet normal  -5.6703659876e-02 -9.7861233154e-01 1.9774377239e-01
   outer loop
     vertex  1.911107e+01 -1.960903e+01 -1.481395e-16
     vertex  1.911107e+01 -1.807342e+01 7.599596e+00
     vertex  8.043349e+00 -1.748186e+01 7.353425e+00
   endloop
 endfacet
 facet normal  -5.6674930425e-02 -8.2856582716e-01 5.5701581874e-01
   outer loop
     vertex  8.043349e+00 -1.748186e+01 7.353425e+00
     vertex  1.911107e+01 -1.807342e+01 7.599596e+00
     vertex  8.043349e+00 -1.341014e+01 1.341014e+01
   endloop
 endfacet
 facet normal  -5.6763296981e-02 -8.2863539019e-01 5.5690332935e-01
   outer loop
     vertex  1.911107e+01 -1.807342e+01 7.599596e+00
     vertex  1.911107e+01 -1.386357e+01 1.386357e+01
     vertex  8.043349e+00 -1.341014e+01 1.341014e+01
   endloop
 endfacet
 facet normal  -5.6764765430e-02 -5.5701297135e-01 8.2856159164e-01
   outer loop
     vertex  8.043349e+00 -1.341014e+01 1.341014e+01
     vertex  1.911107e+01 -1.386357e+01 1.386357e+01
     vertex  8.043349e+00 -7.353425e+00 1.748186e+01
   endloop
 endfacet
 facet normal  -5.6676426605e-02 -5.5690608223e-01 8.2863948629e-01
   outer loop
     vertex  1.911107e+01 -1.386357e+01 1.386357e+01
     vertex  1.911107e+01 -7.599596e+00 1.807342e+01
     vertex  8.043349e+00 -7.353425e+00 1.748186e+01
   endloop
 endfacet
 facet normal  -5.6703694546e-02 -1.9774681183e-01 9.7861171536e-01
   outer loop
     vertex  8.043349e+00 -7.353425e+00 1.748186e+01
     vertex  1.911107e+01 -7.599596e+00 1.807342e+01
     vertex  8.043349e+00 -3.067616e-16 1.896776e+01
   endloop
 endfacet
 facet normal  -5.6701564500e-02 -1.9774379596e-01 9.7861244818e-01
   outer loop
     vertex  1.911107e+01 -7.599596e+00 1.807342e+01
     vertex  1.911107e+01 -3.451068e-16 1.960903e+01
     vertex  8.043349e+00 -3.067616e-16 1.896776e+01
   endloop
 endfacet
 facet normal  -5.6701564500e-02 1.9774379596e-01 9.7861244818e-01
   outer loop
     vertex  8.043349e+00 -3.067616e-16 1.896776e+01
     vertex  1.911107e+01 -3.451068e-16 1.960903e+01
     vertex  1.911107e+01 7.599596e+00 1.807342e+01
   endloop
 endfacet
 facet normal  -5.6703694546e-02 1.9774681183e-01 9.7861171536e-01
   outer loop
     vertex  8.043349e+00 -3.067616e-16 1.896776e+01
     vertex  1.911107e+01 7.599596e+00 1.807342e+01
     vertex  8.043349e+00 7.353425e+00 1.748186e+01
   endloop
 endfacet
 facet normal  -5.6676426605e-02 5.5690608223e-01 8.2863948629e-01
   outer loop
     vertex  8.043349e+00 7.353425e+00 1.748186e+01
     vertex  1.911107e+01 7.599596e+00 1.807342e+01
     vertex  1.911107e+01 1.386357e+01 1.386357e+01
   endloop
 endfacet
 facet normal  -5.6764765430e-02 5.5701297135e-01 8.2856159164e-01
   outer loop
     vertex  8.043349e+00 7.353425e+00 1.748186e+01
     vertex  1.911107e+01 1.386357e+01 1.386357e+01
     vertex  8.043349e+00 1.341014e+01 1.341014e+01
   endloop
 endfacet
 facet normal  -5.6763296981e-02 8.2863539019e-01 5.5690332935e-01
   outer loop
     vertex  8.043349e+00 1.341014e+01 1.341014e+01
     vertex  1.911107e+01 1.386357e+01 1.386357e+01
     vertex  1.911107e+01 1.807342e+01 7.599596e+00
   endloop
 endfacet
 facet normal  -5.6674930425e-02 8.2856582716e-01 5.5701581874e-01
   outer loop
     vertex  8.043349e+00 1.341014e+01 1.341014e+01
     vertex  1.911107e+01 1.807342e+01 7.599596e+00
     vertex  8.043349e+00 1.748186e+01 7.353425e+00
   endloop
 endfacet
 facet normal  -5.6703659876e-02 9.7861233154e-01 1.9774377239e-01
   outer loop
     vertex  8.043349e+00 1.748186e+01 7.353425e+00
     vertex  1.911107e+01 1.807342e+01 7.599596e+00
     vertex  1.911107e+01 1.960903e+01 0.000000e+00
   endloop
 endfacet
 facet normal  -5.6701529024e-02 9.7861183591e-01 1.9774683619e-01
   outer loop
     vertex  8.043349e+00 1.748186e+01 7.353425e+00
     vertex  1.911107e+01 1.960903e+01 0.000000e+00
     vertex  8.043349e+00 1.896776e+01 0.000000e+00
   endloop
 endfacet
 facet normal  9.7639938712e-02 9.7550586871e-01 -1.9711606349e-01
   outer loop
     vertex  1.911107e+01 1.960903e+01 -4.996004e-16
     vertex  3.190711e+01 1.832825e+01 -3.330669e-16
     vertex  1.911107e+01 1.807342e+01 -7.599596e+00
   endloop
 endfacet
 facet normal  9.7646281753e-02 9.7550309442e-01 -1.9712665074e-01
   outer loop
     vertex  3.190711e+01 1.832825e+01 -3.330669e-16
     vertex  3.190711e+01 1.689123e+01 -7.111282e+00
     vertex  1.911107e+01 1.807342e+01 -7.599596e+00
   endloop
 endfacet
 facet normal  9.7498419158e-02 8.2601932632e-01 -5.5514514391e-01
   outer loop
     vertex  1.911107e+01 1.807342e+01 -7.599596e+00
     vertex  3.190711e+01 1.689123e+01 -7.111282e+00
     vertex  1.911107e+01 1.386357e+01 -1.386357e+01
   endloop
 endfacet
 facet normal  9.7761707123e-02 8.2573763381e-01 -5.5551778436e-01
   outer loop
     vertex  3.190711e+01 1.689123e+01 -7.111282e+00
     vertex  3.190711e+01 1.295790e+01 -1.295790e+01
     vertex  1.911107e+01 1.386357e+01 -1.386357e+01
   endloop
 endfacet
 facet normal  9.7752818888e-02 5.5513122387e-01 -8.2599861421e-01
   outer loop
     vertex  1.911107e+01 1.386357e+01 -1.386357e+01
     vertex  3.190711e+01 1.295790e+01 -1.295790e+01
     vertex  1.911107e+01 7.599596e+00 -1.807342e+01
   endloop
 endfacet
 facet normal  9.7489233110e-02 5.5553270375e-01 -8.2575981041e-01
   outer loop
     vertex  3.190711e+01 1.295790e+01 -1.295790e+01
     vertex  3.190711e+01 7.111282e+00 -1.689123e+01
     vertex  1.911107e+01 7.599596e+00 -1.807342e+01
   endloop
 endfacet
 facet normal  9.7646074967e-02 1.9711594424e-01 -9.7550527860e-01
   outer loop
     vertex  1.911107e+01 7.599596e+00 -1.807342e+01
     vertex  3.190711e+01 7.111282e+00 -1.689123e+01
     vertex  1.911107e+01 -4.130700e-16 -1.960903e+01
   endloop
 endfacet
 facet normal  9.7639724150e-02 1.9712677817e-01 -9.7550372505e-01
   outer loop
     vertex  3.190711e+01 7.111282e+00 -1.689123e+01
     vertex  3.190711e+01 -2.753800e-16 -1.832825e+01
     vertex  1.911107e+01 -4.130700e-16 -1.960903e+01
   endloop
 endfacet
 facet normal  9.7639724150e-02 -1.9712677817e-01 -9.7550372505e-01
   outer loop
     vertex  1.911107e+01 -4.130700e-16 -1.960903e+01
     vertex  3.190711e+01 -2.753800e-16 -1.832825e+01
     vertex  3.190711e+01 -7.111282e+00 -1.689123e+01
   endloop
 endfacet
 facet normal  9.7646074967e-02 -1.9711594424e-01 -9.7550527860e-01
   outer loop
     vertex  1.911107e+01 -4.130700e-16 -1.960903e+01
     vertex  3.190711e+01 -7.111282e+00 -1.689123e+01
     vertex  1.911107e+01 -7.599596e+00 -1.807342e+01
   endloop
 endfacet
 facet normal  9.7489233110e-02 -5.5553270375e-01 -8.2575981041e-01
   outer loop
     vertex  1.911107e+01 -7.599596e+00 -1.807342e+01
     vertex  3.190711e+01 -7.111282e+00 -1.689123e+01
     vertex  3.190711e+01 -1.295790e+01 -1.295790e+01
   endloop
 endfacet
 facet normal  9.7752818888e-02 -5.5513122387e-01 -8.2599861421e-01
   outer loop
     vertex  1.911107e+01 -7.599596e+00 -1.807342e+01
     vertex  3.190711e+01 -1.295790e+01 -1.295790e+01
     vertex  1.911107e+01 -1.386357e+01 -1.386357e+01
   endloop
 endfacet
 facet normal  9.7761707123e-02 -8.2573763381e-01 -5.5551778436e-01
   outer loop
     vertex  1.911107e+01 -1.386357e+01 -1.386357e+01
     vertex  3.190711e+01 -1.295790e+01 -1.295790e+01
     vertex  3.190711e+01 -1.689123e+01 -7.111282e+00
   endloop
 endfacet
 facet normal  9.7498419158e-02 -8.2601932632e-01 -5.5514514391e-01
   outer loop
     vertex  1.911107e+01 -1.386357e+01 -1.386357e+01
     vertex  3.190711e+01 -1.689123e+01 -7.111282e+00
     vertex  1.911107e+01 -1.807342e+01 -7.599596e+00
   endloop
 endfacet
 facet normal  9.7646281753e-02 -9.7550309442e-01 -1.9712665074e-01
   outer loop
     vertex  1.911107e+01 -1.807342e+01 -7.599596e+00
     vertex  3.190711e+01 -1.689123e+01 -7.111282e+00
     vertex  3.190711e+01 -1.832825e+01 -9.875966e-17
   endloop
 endfacet
 facet normal  9.7639938712e-02 -9.7550586871e-01 -1.9711606349e-01
   outer loop
     vertex  1.911107e+01 -1.807342e+01 -7.599596e+00
     vertex  3.190711e+01 -1.832825e+01 -9.875966e-17
     vertex  1.911107e+01 -1.960903e+01 -1.481395e-16
   endloop
 endfacet
 facet normal  9.7639938712e-02 -9.7550586871e-01 1.9711606349e-01
   outer loop
     vertex  1.911107e+01 -1.960903e+01 -1.481395e-16
     vertex  3.190711e+01 -1.832825e+01 -9.875966e-17
     vertex  1.911107e+01 -1.807342e+01 7.599596e+00
   endloop
 endfacet
 facet normal  9.7646281753e-02 -9.7550309442e-01 1.9712665074e-01
   outer loop
     vertex  3.190711e+01 -1.832825e+01 -9.875966e-17
     vertex  3.190711e+01 -1.689123e+01 7.111282e+00
     vertex  1.911107e+01 -1.807342e+01 7.599596e+00
   endloop
 endfacet
 facet normal  9.7498419158e-02 -8.2601932632e-01 5.5514514391e-01
   outer loop
     vertex  1.911107e+01 -1.807342e+01 7.599596e+00
     vertex  3.190711e+01 -1.689123e+01 7.111282e+00
     vertex  1.911107e+01 -1.386357e+01 1.386357e+01
   endloop
 endfacet
 facet normal  9.7761707123e-02 -8.2573763381e-01 5.5551778436e-01
   outer loop
     vertex  3.190711e+01 -1.689123e+01 7.111282e+00
     vertex  3.190711e+01 -1.295790e+01 1.295790e+01
     vertex  1.911107e+01 -1.386357e+01 1.386357e+01
   endloop
 endfacet
 facet normal  9.7752818888e-02 -5.5513122387e-01 8.2599861421e-01
   outer loop
     vertex  1.911107e+01 -1.386357e+01 1.386357e+01
     vertex  3.190711e+01 -1.295790e+01 1.295790e+01
     vertex  1.911107e+01 -7.599596e+00 1.807342e+01
   endloop
 endfacet
 facet normal  9.7489233110e-02 -5.5553270375e-01 8.2575981041e-01
   outer loop
     vertex  3.190711e+01 -1.295790e+01 1.295790e+01
     vertex  3.190711e+01 -7.111282e+00 1.689123e+01
     vertex  1.911107e+01 -7.599596e+00 1.807342e+01
   endloop
 endfacet
 facet normal  9.7646074967e-02 -1.9711594424e-01 9.7550527860e-01
   outer loop
     vertex  1.911107e+01 -7.599596e+00 1.807342e+01
     vertex  3.190711e+01 -7.111282e+00 1.689123e+01
     vertex  1.911107e+01 -3.451068e-16 1.960903e+01
   endloop
 endfacet
 facet normal  9.7639724150e-02 -1.9712677817e-01 9.7550372505e-01
   outer loop
     vertex  3.190711e+01 -7.111282e+00 1.689123e+01
     vertex  3.190711e+01 -2.300712e-16 1.832825e+01
     vertex  1.911107e+01 -3.451068e-16 1.960903e+01
   endloop
 endfacet
 facet normal  9.7639724150e-02 1.9712677817e-01 9.7550372505e-01
   outer loop
     vertex  1.911107e+01 -3.451068e-16 1.960903e+01
     vertex  3.190711e+01 -2.300712e-16 1.832825e+01
     vertex  3.190711e+01 7.111282e+00 1.689123e+01
   endloop
 endfacet
 facet normal  9.7646074967e-02 1.9711594424e-01 9.7550527860e-01
   outer loop
     vertex  1.911107e+01 -3.451068e-16 1.960903e+01
     vertex  3.190711e+01 7.111282e+00 1.689123e+01
     vertex  1.911107e+01 7.599596e+00 1.807342e+01
   endloop
 endfacet
 facet normal  9.7489233110e-02 5.5553270375e-01 8.2575981041e-01
   outer loop
     vertex  1.911107e+01 7.599596e+00 1.807342e+01
     vertex  3.190711e+01 7.111282e+00 1.689123e+01
     vertex  3.190711e+01 1.295790e+01 1.295790e+01
   endloop
 endfacet
 facet normal  9.7752818888e-02 5.5513122387e-01 8.2599861421e-01
   outer loop
     vertex  1.911107e+01 7.599596e+00 1.807342e+01
     vertex  3.190711e+01 1.295790e+01 1.295790e+01
     vertex  1.911107e+01 1.386357e+01 1.386357e+01
   endloop
 endfacet
 facet normal  9.7761707123e-02 8.2573763381e-01 5.5551778436e-01
   outer loop
     vertex  1.911107e+01 1.386357e+01 1.386357e+01
     vertex  3.190711e+01 1.295790e+01 1.295790e+01
     vertex  3.190711e+01 1.689123e+01 7.111282e+00
   endloop
 endfacet
 facet normal  9.7498419158e-02 8.2601932632e-01 5.5514514391e-01
   outer loop
     vertex  1.911107e+01 1.386357e+01 1.386357e+01
     vertex  3.190711e+01 1.689123e+01 7.111282e+00
     vertex  1.911107e+01 1.807342e+01 7.599596e+00
   endloop
 endfacet
 facet normal  9.7646281753e-02 9.7550309442e-01 1.9712665074e-01
   outer loop
     vertex  1.911107e+01 1.807342e+01 7.599596e+00
     vertex  3.190711e+01 1.689123e+01 7.111282e+00
     vertex  3.190711e+01 1.832825e+01 0.000000e+00
   endloop
 endfacet
 facet normal  9.7639938712e-02 9.7550586871e-01 1.9711606349e-01
   outer loop
     vertex  1.911107e+01 1.807342e+01 7.599596e+00
     vertex  3.190711e+01 1.832825e+01 0.000000e+00
     vertex  1.911107e+01 1.960903e+01 0.000000e+00
   endloop
 endfacet
 facet normal  1.3208858000e-01 9.7159874715e-01 -1.9633767231e-01
   outer loop
     vertex  3.190711e+01 1.832825e+01 -3.330669e-16
     vertex  4.513544e+01 1.652987e+01 -1.110223e-16
     vertex  3.190711e+01 1.689123e+01 -7.111282e+00
   endloop
 endfacet
 facet normal  1.3209729925e-01 9.7159423770e-01 -1.9635412090e-01
   outer loop
     vertex  4.513544e+01 1.652987e+01 -1.110223e-16
     vertex  4.513544e+01 1.523143e+01 -6.424911e+00
     vertex  3.190711e+01 1.689123e+01 -7.111282e+00
   endloop
 endfacet
 facet normal  1.3190658381e-01 8.2246217946e-01 -5.5331421137e-01
   outer loop
     vertex  3.190711e+01 1.689123e+01 -7.111282e+00
     vertex  4.513544e+01 1.523143e+01 -6.424911e+00
     vertex  3.190711e+01 1.295790e+01 -1.295790e+01
   endloop
 endfacet
 facet normal  1.3226950906e-01 8.2201408979e-01 -5.5389314237e-01
   outer loop
     vertex  4.513544e+01 1.523143e+01 -6.424911e+00
     vertex  4.513544e+01 1.168622e+01 -1.168622e+01
     vertex  3.190711e+01 1.295790e+01 -1.295790e+01
   endloop
 endfacet
 facet normal  1.3225081125e-01 5.5328860883e-01 -8.2242412310e-01
   outer loop
     vertex  3.190711e+01 1.295790e+01 -1.295790e+01
     vertex  4.513544e+01 1.168622e+01 -1.168622e+01
     vertex  3.190711e+01 7.111282e+00 -1.689123e+01
   endloop
 endfacet
 facet normal  1.3188717723e-01 5.5392161006e-01 -8.2205633772e-01
   outer loop
     vertex  4.513544e+01 1.168622e+01 -1.168622e+01
     vertex  4.513544e+01 6.424911e+00 -1.523143e+01
     vertex  3.190711e+01 7.111282e+00 -1.689123e+01
   endloop
 endfacet
 facet normal  1.3209686449e-01 1.9633745364e-01 -9.7159766503e-01
   outer loop
     vertex  3.190711e+01 7.111282e+00 -1.689123e+01
     vertex  4.513544e+01 6.424911e+00 -1.523143e+01
     vertex  3.190711e+01 -2.753800e-16 -1.832825e+01
   endloop
 endfacet
 facet normal  1.3208812977e-01 1.9635436295e-01 -9.7159543542e-01
   outer loop
     vertex  4.513544e+01 6.424911e+00 -1.523143e+01
     vertex  4.513544e+01 -9.179333e-17 -1.652987e+01
     vertex  3.190711e+01 -2.753800e-16 -1.832825e+01
   endloop
 endfacet
 facet normal  1.3208812977e-01 -1.9635436295e-01 -9.7159543542e-01
   outer loop
     vertex  3.190711e+01 -2.753800e-16 -1.832825e+01
     vertex  4.513544e+01 -9.179333e-17 -1.652987e+01
     vertex  4.513544e+01 -6.424911e+00 -1.523143e+01
   endloop
 endfacet
 facet normal  1.3209686449e-01 -1.9633745364e-01 -9.7159766503e-01
   outer loop
     vertex  3.190711e+01 -2.753800e-16 -1.832825e+01
     vertex  4.513544e+01 -6.424911e+00 -1.523143e+01
     vertex  3.190711e+01 -7.111282e+00 -1.689123e+01
   endloop
 endfacet
 facet normal  1.3188717723e-01 -5.5392161006e-01 -8.2205633772e-01
   outer loop
     vertex  3.190711e+01 -7.111282e+00 -1.689123e+01
     vertex  4.513544e+01 -6.424911e+00 -1.523143e+01
     vertex  4.513544e+01 -1.168622e+01 -1.168622e+01
   endloop
 endfacet
 facet normal  1.3225081125e-01 -5.5328860883e-01 -8.2242412310e-01
   outer loop
     vertex  3.190711e+01 -7.111282e+00 -1.689123e+01
     vertex  4.513544e+01 -1.168622e+01 -1.168622e+01
     vertex  3.190711e+01 -1.295790e+01 -1.295790e+01
   endloop
 endfacet
 facet normal  1.3226950906e-01 -8.2201408979e-01 -5.5389314237e-01
   outer loop
     vertex  3.190711e+01 -1.295790e+01 -1.295790e+01
     vertex  4.513544e+01 -1.168622e+01 -1.168622e+01
     vertex  4.513544e+01 -1.523143e+01 -6.424911e+00
   endloop
 endfacet
 facet normal  1.3190658381e-01 -8.2246217946e-01 -5.5331421137e-01
   outer loop
     vertex  3.190711e+01 -1.295790e+01 -1.295790e+01
     vertex  4.513544e+01 -1.523143e+01 -6.424911e+00
     vertex  3.190711e+01 -1.689123e+01 -7.111282e+00
   endloop
 endfacet
 facet normal  1.3209729925e-01 -9.7159423770e-01 -1.9635412090e-01
   outer loop
     vertex  3.190711e+01 -1.689123e+01 -7.111282e+00
     vertex  4.513544e+01 -1.523143e+01 -6.424911e+00
     vertex  4.513544e+01 -1.652987e+01 -3.291989e-17
   endloop
 endfacet
 facet normal  1.3208858000e-01 -9.7159874715e-01 -1.9633767231e-01
   outer loop
     vertex  3.190711e+01 -1.689123e+01 -7.111282e+00
     vertex  4.513544e+01 -1.652987e+01 -3.291989e-17
     vertex  3.190711e+01 -1.832825e+01 -9.875966e-17
   endloop
 endfacet
 facet normal  1.3208858000e-01 -9.7159874715e-01 1.9633767231e-01
   outer loop
     vertex  3.190711e+01 -1.832825e+01 -9.875966e-17
     vertex  4.513544e+01 -1.652987e+01 -3.291989e-17
     vertex  3.190711e+01 -1.689123e+01 7.111282e+00
   endloop
 endfacet
 facet normal  1.3209729925e-01 -9.7159423770e-01 1.9635412090e-01
   outer loop
     vertex  4.513544e+01 -1.652987e+01 -3.291989e-17
     vertex  4.513544e+01 -1.523143e+01 6.424911e+00
     vertex  3.190711e+01 -1.689123e+01 7.111282e+00
   endloop
 endfacet
 facet normal  1.3190658381e-01 -8.2246217946e-01 5.5331421137e-01
   outer loop
     vertex  3.190711e+01 -1.689123e+01 7.111282e+00
     vertex  4.513544e+01 -1.523143e+01 6.424911e+00
     vertex  3.190711e+01 -1.295790e+01 1.295790e+01
   endloop
 endfacet
 facet normal  1.3226950906e-01 -8.2201408979e-01 5.5389314237e-01
   outer loop
     vertex  4.513544e+01 -1.523143e+01 6.424911e+00
     vertex  4.513544e+01 -1.168622e+01 1.168622e+01
     vertex  3.190711e+01 -1.295790e+01 1.295790e+01
   endloop
 endfacet
 facet normal  1.3225081125e-01 -5.5328860883e-01 8.2242412310e-01
   outer loop
     vertex  3.190711e+01 -1.295790e+01 1.295790e+01
     vertex  4.513544e+01 -1.168622e+01 1.168622e+01
     vertex  3.190711e+01 -7.111282e+00 1.689123e+01
   endloop
 endfacet
 facet normal  1.3188717723e-01 -5.5392161006e-01 8.2205633772e-01
   outer loop
     vertex  4.513544e+01 -1.168622e+01 1.168622e+01
     vertex  4.513544e+01 -6.424911e+00 1.523143e+01
     vertex  3.190711e+01 -7.111282e+00 1.689123e+01
   endloop
 endfacet
 facet normal  1.3209686449e-01 -1.9633745364e-01 9.7159766503e-01
   outer loop
     vertex  3.190711e+01 -7.111282e+00 1.689123e+01
     vertex  4.513544e+01 -6.424911e+00 1.523143e+01
     vertex  3.190711e+01 -2.300712e-16 1.832825e+01
   endloop
 endfacet
 facet normal  1.3208812977e-01 -1.9635436295e-01 9.7159543542e-01
   outer loop
     vertex  4.513544e+01 -6.424911e+00 1.523143e+01
     vertex  4.513544e+01 -7.669041e-17 1.652987e+01
     vertex  3.190711e+01 -2.300712e-16 1.832825e+01
   endloop
 endfacet
 facet normal  1.3208812977e-01 1.9635436295e-01 9.7159543542e-01
   outer loop
     vertex  3.190711e+01 -2.300712e-16 1.832825e+01
     vertex  4.513544e+01 -7.669041e-17 1.652987e+01
     vertex  4.513544e+01 6.424911e+00 1.523143e+01
   endloop
 endfacet
 facet normal  1.3209686449e-01 1.9633745364e-01 9.7159766503e-01
   outer loop
     vertex  3.190711e+01 -2.300712e-16 1.832825e+01
     vertex  4.513544e+01 6.424911e+00 1.523143e+01
     vertex  3.190711e+01 7.111282e+00 1.689123e+01
   endloop
 endfacet
 facet normal  1.3188717723e-01 5.5392161006e-01 8.2205633772e-01
   outer loop
     vertex  3.190711e+01 7.111282e+00 1.689123e+01
     vertex  4.513544e+01 6.424911e+00 1.523143e+01
     vertex  4.513544e+01 1.168622e+01 1.168622e+01
   endloop
 endfacet
 facet normal  1.3225081125e-01 5.5328860883e-01 8.2242412310e-01
   outer loop
     vertex  3.190711e+01 7.111282e+00 1.689123e+01
     vertex  4.513544e+01 1.168622e+01 1.168622e+01
     vertex  3.190711e+01 1.295790e+01 1.295790e+01
   endloop
 endfacet
 facet normal  1.3226950906e-01 8.2201408979e-01 5.5389314237e-01
   outer loop
     vertex  3.190711e+01 1.295790e+01 1.295790e+01
     vertex  4.513544e+01 1.168622e+01 1.168622e+01
     vertex  4.513544e+01 1.523143e+01 6.424911e+00
   endloop
 endfacet
 facet normal  1.3190658381e-01 8.2246217946e-01 5.5331421137e-01
   outer loop
     vertex  3.190711e+01 1.295790e+01 1.295790e+01
     vertex  4.513544e+01 1.523143e+01 6.424911e+00
     vertex  3.190711e+01 1.689123e+01 7.111282e+00
   endloop
 endfacet
 facet normal  1.3209729925e-01 9.7159423770e-01 1.9635412090e-01
   outer loop
     vertex  3.190711e+01 1.689123e+01 7.111282e+00
     vertex  4.513544e+01 1.523143e+01 6.424911e+00
     vertex  4.513544e+01 1.652987e+01 0.000000e+00
   endloop
 endfacet
 facet normal  1.3208858000e-01 9.7159874715e-01 1.9633767231e-01
   outer loop
     vertex  3.190711e+01 1.689123e+01 7.111282e+00
     vertex  4.513544e+01 1.652987e+01 0.000000e+00
     vertex  3.190711e+01 1.832825e+01 0.000000e+00
   endloop
 endfacet
 facet normal  7.2074722794e-02 9.7763460158e-01 -1.9757484689e-01
   outer loop
     vertex  4.513544e+01 1.652987e+01 -1.110223e-16
     vertex  5.750000e+01 1.561831e+01 0.000000e+00
     vertex  4.513544e+01 1.523143e+01 -6.424911e+00
   endloop
 endfacet
 facet normal  7.2079856393e-02 9.7763225502e-01 -1.9758458506e-01
   outer loop
     vertex  5.750000e+01 1.561831e+01 0.000000e+00
     vertex  5.750000e+01 1.439013e+01 -6.076914e+00
     vertex  4.513544e+01 1.523143e+01 -6.424911e+00
   endloop
 endfacet
 facet normal  7.1966530641e-02 8.2715016156e-01 -5.5735395280e-01
   outer loop
     vertex  4.513544e+01 1.523143e+01 -6.424911e+00
     vertex  5.750000e+01 1.439013e+01 -6.076914e+00
     vertex  4.513544e+01 1.168622e+01 -1.168622e+01
   endloop
 endfacet
 facet normal  7.2180777842e-02 8.2689578231e-01 -5.5770359557e-01
   outer loop
     vertex  5.750000e+01 1.439013e+01 -6.076914e+00
     vertex  5.750000e+01 1.104165e+01 -1.104165e+01
     vertex  4.513544e+01 1.168622e+01 -1.168622e+01
   endloop
 endfacet
 facet normal  7.2174723032e-02 5.5734554635e-01 -8.2713768583e-01
   outer loop
     vertex  4.513544e+01 1.168622e+01 -1.168622e+01
     vertex  5.750000e+01 1.104165e+01 -1.104165e+01
     vertex  4.513544e+01 6.424911e+00 -1.523143e+01
   endloop
 endfacet
 facet normal  7.1960212916e-02 5.5771250731e-01 -8.2690899557e-01
   outer loop
     vertex  5.750000e+01 1.104165e+01 -1.104165e+01
     vertex  5.750000e+01 6.076914e+00 -1.439013e+01
     vertex  4.513544e+01 6.424911e+00 -1.523143e+01
   endloop
 endfacet
 facet normal  7.2079715901e-02 1.9757477542e-01 -9.7763424790e-01
   outer loop
     vertex  4.513544e+01 6.424911e+00 -1.523143e+01
     vertex  5.750000e+01 6.076914e+00 -1.439013e+01
     vertex  4.513544e+01 -9.179333e-17 -1.652987e+01
   endloop
 endfacet
 facet normal  7.2074577365e-02 1.9758466063e-01 -9.7763262895e-01
   outer loop
     vertex  5.750000e+01 6.076914e+00 -1.439013e+01
     vertex  5.750000e+01 0.000000e+00 -1.561831e+01
     vertex  4.513544e+01 -9.179333e-17 -1.652987e+01
   endloop
 endfacet
 facet normal  7.2074577365e-02 -1.9758466063e-01 -9.7763262895e-01
   outer loop
     vertex  4.513544e+01 -9.179333e-17 -1.652987e+01
     vertex  5.750000e+01 0.000000e+00 -1.561831e+01
     vertex  5.750000e+01 -6.076914e+00 -1.439013e+01
   endloop
 endfacet
 facet normal  7.2079715901e-02 -1.9757477542e-01 -9.7763424790e-01
   outer loop
     vertex  4.513544e+01 -9.179333e-17 -1.652987e+01
     vertex  5.750000e+01 -6.076914e+00 -1.439013e+01
     vertex  4.513544e+01 -6.424911e+00 -1.523143e+01
   endloop
 endfacet
 facet normal  7.1960212916e-02 -5.5771250731e-01 -8.2690899557e-01
   outer loop
     vertex  4.513544e+01 -6.424911e+00 -1.523143e+01
     vertex  5.750000e+01 -6.076914e+00 -1.439013e+01
     vertex  5.750000e+01 -1.104165e+01 -1.104165e+01
   endloop
 endfacet
 facet normal  7.2174723032e-02 -5.5734554635e-01 -8.2713768583e-01
   outer loop
     vertex  4.513544e+01 -6.424911e+00 -1.523143e+01
     vertex  5.750000e+01 -1.104165e+01 -1.104165e+01
     vertex  4.513544e+01 -1.168622e+01 -1.168622e+01
   endloop
 endfacet
 facet normal  7.2180777842e-02 -8.2689578231e-01 -5.5770359557e-01
   outer loop
     vertex  4.513544e+01 -1.168622e+01 -1.168622e+01
     vertex  5.750000e+01 -1.104165e+01 -1.104165e+01
     vertex  5.750000e+01 -1.439013e+01 -6.076914e+00
   endloop
 endfacet
 facet normal  7.1966530641e-02 -8.2715016156e-01 -5.5735395280e-01
   outer loop
     vertex  4.513544e+01 -1.168622e+01 -1.168622e+01
     vertex  5.750000e+01 -1.439013e+01 -6.076914e+00
     vertex  4.513544e+01 -1.523143e+01 -6.424911e+00
   endloop
 endfacet
 facet normal  7.2079856393e-02 -9.7763225502e-01 -1.9758458506e-01
   outer loop
     vertex  4.513544e+01 -1.523143e+01 -6.424911e+00
     vertex  5.750000e+01 -1.439013e+01 -6.076914e+00
     vertex  5.750000e+01 -1.561831e+01 0.000000e+00
   endloop
 endfacet
 facet normal  7.2074722794e-02 -9.7763460158e-01 -1.9757484689e-01
   outer loop
     vertex  4.513544e+01 -1.523143e+01 -6.424911e+00
     vertex  5.750000e+01 -1.561831e+01 0.000000e+00
     vertex  4.513544e+01 -1.652987e+01 -3.291989e-17
   endloop
 endfacet
 facet normal  7.2074722794e-02 -9.7763460158e-01 1.9757484689e-01
   outer loop
     vertex  4.513544e+01 -1.652987e+01 -3.291989e-17
     vertex  5.750000e+01 -1.561831e+01 0.000000e+00
     vertex  4.513544e+01 -1.523143e+01 6.424911e+00
   endloop
 endfacet
 facet normal  7.2079856393e-02 -9.7763225502e-01 1.9758458506e-01
   outer loop
     vertex  5.750000e+01 -1.561831e+01 0.000000e+00
     vertex  5.750000e+01 -1.439013e+01 6.076914e+00
     vertex  4.513544e+01 -1.523143e+01 6.424911e+00
   endloop
 endfacet
 facet normal  7.1966530641e-02 -8.2715016156e-01 5.5735395280e-01
   outer loop
     vertex  4.513544e+01 -1.523143e+01 6.424911e+00
     vertex  5.750000e+01 -1.439013e+01 6.076914e+00
     vertex  4.513544e+01 -1.168622e+01 1.168622e+01
   endloop
 endfacet
 facet normal  7.2180777842e-02 -8.2689578231e-01 5.5770359557e-01
   outer loop
     vertex  5.750000e+01 -1.439013e+01 6.076914e+00
     vertex  5.750000e+01 -1.104165e+01 1.104165e+01
     vertex  4.513544e+01 -1.168622e+01 1.168622e+01
   endloop
 endfacet
 facet normal  7.2174723032e-02 -5.5734554635e-01 8.2713768583e-01
   outer loop
     vertex  4.513544e+01 -1.168622e+01 1.168622e+01
     vertex  5.750000e+01 -1.104165e+01 1.104165e+01
     vertex  4.513544e+01 -6.424911e+00 1.523143e+01
   endloop
 endfacet
 facet normal  7.1960212916e-02 -5.5771250731e-01 8.2690899557e-01
   outer loop
     vertex  5.750000e+01 -1.104165e+01 1.104165e+01
     vertex  5.750000e+01 -6.076914e+00 1.439013e+01
     vertex  4.513544e+01 -6.424911e+00 1.523143e+01
   endloop
 endfacet
 facet normal  7.2079715901e-02 -1.9757477542e-01 9.7763424790e-01
   outer loop
     vertex  4.513544e+01 -6.424911e+00 1.523143e+01
     vertex  5.750000e+01 -6.076914e+00 1.439013e+01
     vertex  4.513544e+01 -7.669041e-17 1.652987e+01
   endloop
 endfacet
 facet normal  7.2074577365e-02 -1.9758466063e-01 9.7763262895e-01
   outer loop
     vertex  5.750000e+01 -6.076914e+00 1.439013e+01
     vertex  5.750000e+01 0.000000e+00 1.561831e+01
     vertex  4.513544e+01 -7.669041e-17 1.652987e+01
   endloop
 endfacet
 facet normal  7.2074577365e-02 1.9758466063e-01 9.7763262895e-01
   outer loop
     vertex  4.513544e+01 -7.669041e-17 1.652987e+01
     vertex  5.750000e+01 0.000000e+00 1.561831e+01
     vertex  5.750000e+01 6.076914e+00 1.439013e+01
   endloop
 endfacet
 facet normal  7.2079715901e-02 1.9757477542e-01 9.7763424790e-01
   outer loop
     vertex  4.513544e+01 -7.669041e-17 1.652987e+01
     vertex  5.750000e+01 6.076914e+00 1.439013e+01
     vertex  4.513544e+01 6.424911e+00 1.523143e+01
   endloop
 endfacet
 facet normal  7.1960212916e-02 5.5771250731e-01 8.2690899557e-01
   outer loop
     vertex  4.513544e+01 6.424911e+00 1.523143e+01
     vertex  5.750000e+01 6.076914e+00 1.439013e+01
     vertex  5.750000e+01 1.104165e+01 1.104165e+01
   endloop
 endfacet
 facet normal  7.2174723032e-02 5.5734554635e-01 8.2713768583e-01
   outer loop
     vertex  4.513544e+01 6.424911e+00 1.523143e+01
     vertex  5.750000e+01 1.104165e+01 1.104165e+01
     vertex  4.513544e+01 1.168622e+01 1.168622e+01
   endloop
 endfacet
 facet normal  7.2180777842e-02 8.2689578231e-01 5.5770359557e-01
   outer loop
     vertex  4.513544e+01 1.168622e+01 1.168622e+01
     vertex  5.750000e+01 1.104165e+01 1.104165e+01
     vertex  5.750000e+01 1.439013e+01 6.076914e+00
   endloop
 endfacet
 facet normal  7.1966530641e-02 8.2715016156e-01 5.5735395280e-01
   outer loop
     vertex  4.513544e+01 1.168622e+01 1.168622e+01
     vertex  5.750000e+01 1.439013e+01 6.076914e+00
     vertex  4.513544e+01 1.523143e+01 6.424911e+00
   endloop
 endfacet
 facet normal  7.2079856393e-02 9.7763225502e-01 1.9758458506e-01
   outer loop
     vertex  4.513544e+01 1.523143e+01 6.424911e+00
     vertex  5.750000e+01 1.439013e+01 6.076914e+00
     vertex  5.750000e+01 1.561831e+01 0.000000e+00
   endloop
 endfacet
 facet normal  7.2074722794e-02 9.7763460158e-01 1.9757484689e-01
   outer loop
     vertex  4.513544e+01 1.523143e+01 6.424911e+00
     vertex  5.750000e+01 1.561831e+01 0.000000e+00
     vertex  4.513544e+01 1.652987e+01 0.000000e+00
   endloop
 endfacet
 facet normal  -7.9031781410e-02 9.7711592725e-01 -1.9748023252e-01
   outer loop
     vertex  5.750000e+01 1.561831e+01 0.000000e+00
     vertex  7.038733e+01 1.666067e+01 0.000000e+00
     vertex  5.750000e+01 1.439013e+01 -6.076914e+00
   endloop
 endfacet
 facet normal  -7.9031781410e-02 9.7711592725e-01 -1.9748023252e-01
   outer loop
     vertex  7.038733e+01 1.666067e+01 0.000000e+00
     vertex  7.038733e+01 1.535053e+01 -6.482486e+00
     vertex  5.750000e+01 1.439013e+01 -6.076914e+00
   endloop
 endfacet
 facet normal  -7.9131600287e-02 8.2645854734e-01 -5.5740870047e-01
   outer loop
     vertex  5.750000e+01 1.439013e+01 -6.076914e+00
     vertex  7.038733e+01 1.535053e+01 -6.482486e+00
     vertex  5.750000e+01 1.104165e+01 -1.104165e+01
   endloop
 endfacet
 facet normal  -7.9131600287e-02 8.2645854734e-01 -5.5740870047e-01
   outer loop
     vertex  7.038733e+01 1.535053e+01 -6.482486e+00
     vertex  7.038733e+01 1.177856e+01 -1.177856e+01
     vertex  5.750000e+01 1.104165e+01 -1.104165e+01
   endloop
 endfacet
 facet normal  -7.9131600287e-02 5.5740870047e-01 -8.2645854734e-01
   outer loop
     vertex  5.750000e+01 1.104165e+01 -1.104165e+01
     vertex  7.038733e+01 1.177856e+01 -1.177856e+01
     vertex  5.750000e+01 6.076914e+00 -1.439013e+01
   endloop
 endfacet
 facet normal  -7.9131600287e-02 5.5740870047e-01 -8.2645854734e-01
   outer loop
     vertex  7.038733e+01 1.177856e+01 -1.177856e+01
     vertex  7.038733e+01 6.482486e+00 -1.535053e+01
     vertex  5.750000e+01 6.076914e+00 -1.439013e+01
   endloop
 endfacet
 facet normal  -7.9031781410e-02 1.9748023252e-01 -9.7711592725e-01
   outer loop
     vertex  5.750000e+01 6.076914e+00 -1.439013e+01
     vertex  7.038733e+01 6.482486e+00 -1.535053e+01
     vertex  5.750000e+01 0.000000e+00 -1.561831e+01
   endloop
 endfacet
 facet normal  -7.9031781410e-02 1.9748023252e-01 -9.7711592725e-01
   outer loop
     vertex  7.038733e+01 6.482486e+00 -1.535053e+01
     vertex  7.038733e+01 0.000000e+00 -1.666067e+01
     vertex  5.750000e+01 0.000000e+00 -1.561831e+01
   endloop
 endfacet
 facet normal  -7.9031781410e-02 -1.9748023252e-01 -9.7711592725e-01
   outer loop
     vertex  5.750000e+01 0.000000e+00 -1.561831e+01
     vertex  7.038733e+01 0.000000e+00 -1.666067e+01
     vertex  7.038733e+01 -6.482486e+00 -1.535053e+01
   endloop
 endfacet
 facet normal  -7.9031781410e-02 -1.9748023252e-01 -9.7711592725e-01
   outer loop
     vertex  5.750000e+01 0.000000e+00 -1.561831e+01
     vertex  7.038733e+01 -6.482486e+00 -1.535053e+01
     vertex  5.750000e+01 -6.076914e+00 -1.439013e+01
   endloop
 endfacet
 facet normal  -7.9131600287e-02 -5.5740870047e-01 -8.2645854734e-01
   outer loop
     vertex  5.750000e+01 -6.076914e+00 -1.439013e+01
     vertex  7.038733e+01 -6.482486e+00 -1.535053e+01
     vertex  7.038733e+01 -1.177856e+01 -1.177856e+01
   endloop
 endfacet
 facet normal  -7.9131600287e-02 -5.5740870047e-01 -8.2645854734e-01
   outer loop
     vertex  5.750000e+01 -6.076914e+00 -1.439013e+01
     vertex  7.038733e+01 -1.177856e+01 -1.177856e+01
     vertex  5.750000e+01 -1.104165e+01 -1.104165e+01
   endloop
 endfacet
 facet normal  -7.9131600287e-02 -8.2645854734e-01 -5.5740870047e-01
   outer loop
     vertex  5.750000e+01 -1.104165e+01 -1.104165e+01
     vertex  7.038733e+01 -1.177856e+01 -1.177856e+01
     vertex  7.038733e+01 -1.535053e+01 -6.482486e+00
   endloop
 endfacet
 facet normal  -7.9131600287e-02 -8.2645854734e-01 -5.5740870047e-01
   outer loop
     vertex  5.750000e+01 -1.104165e+01 -1.104165e+01
     vertex  7.038733e+01 -1.535053e+01 -6.482486e+00
     vertex  5.750000e+01 -1.439013e+01 -6.076914e+00
   endloop
 endfacet
 facet normal  -7.9031781410e-02 -9.7711592725e-01 -1.9748023252e-01
   outer loop
     vertex  5.750000e+01 -1.439013e+01 -6.076914e+00
     vertex  7.038733e+01 -1.535053e+01 -6.482486e+00
     vertex  7.038733e+01 -1.666067e+01 0.000000e+00
   endloop
 endfacet
 facet normal  -7.9031781410e-02 -9.7711592725e-01 -1.9748023252e-01
   outer loop
     vertex  5.750000e+01 -1.439013e+01 -6.076914e+00
     vertex  7.038733e+01 -1.666067e+01 0.000000e+00
     vertex  5.750000e+01 -1.561831e+01 0.000000e+00
   endloop
 endfacet
 facet normal  -7.9031781410e-02 -9.7711592725e-01 1.9748023252e-01
   outer loop
     vertex  5.750000e+01 -1.561831e+01 0.000000e+00
     vertex  7.038733e+01 -1.666067e+01 0.000000e+00
     vertex  5.750000e+01 -1.439013e+01 6.076914e+00
   endloop
 endfacet
 facet normal  -7.9031781410e-02 -9.7711592725e-01 1.9748023252e-01
   outer loop
     vertex  7.038733e+01 -1.666067e+01 0.000000e+00
     vertex  7.038733e+01 -1.535053e+01 6.482486e+00
     vertex  5.750000e+01 -1.439013e+01 6.076914e+00
   endloop
 endfacet
 facet normal  -7.9131600287e-02 -8.2645854734e-01 5.5740870047e-01
   outer loop
     vertex  5.750000e+01 -1.439013e+01 6.076914e+00
     vertex  7.038733e+01 -1.535053e+01 6.482486e+00
     vertex  5.750000e+01 -1.104165e+01 1.104165e+01
   endloop
 endfacet
 facet normal  -7.9131600287e-02 -8.2645854734e-01 5.5740870047e-01
   outer loop
     vertex  7.038733e+01 -1.535053e+01 6.482486e+00
     vertex  7.038733e+01 -1.177856e+01 1.177856e+01
     vertex  5.750000e+01 -1.104165e+01 1.104165e+01
   endloop
 endfacet
 facet normal  -7.9131600287e-02 -5.5740870047e-01 8.2645854734e-01
   outer loop
     vertex  5.750000e+01 -1.104165e+01 1.104165e+01
     vertex  7.038733e+01 -1.177856e+01 1.177856e+01
     vertex  5.750000e+01 -6.076914e+00 1.439013e+01
   endloop
 endfacet
 facet normal  -7.9131600287e-02 -5.5740870047e-01 8.2645854734e-01
   outer loop
     vertex  7.038733e+01 -1.177856e+01 1.177856e+01
     vertex  7.038733e+01 -6.482486e+00 1.535053e+01
     vertex  5.750000e+01 -6.076914e+00 1.439013e+01
   endloop
 endfacet
 facet normal  -7.9031781410e-02 -1.9748023252e-01 9.7711592725e-01
   outer loop
     vertex  5.750000e+01 -6.076914e+00 1.439013e+01
     vertex  7.038733e+01 -6.482486e+00 1.535053e+01
     vertex  5.750000e+01 0.000000e+00 1.561831e+01
   endloop
 endfacet
 facet normal  -7.9031781410e-02 -1.9748023252e-01 9.7711592725e-01
   outer loop
     vertex  7.038733e+01 -6.482486e+00 1.535053e+01
     vertex  7.038733e+01 0.000000e+00 1.666067e+01
     vertex  5.750000e+01 0.000000e+00 1.561831e+01
   endloop
 endfacet
 facet normal  -7.9031781410e-02 1.9748023252e-01 9.7711592725e-01
   outer loop
     vertex  5.750000e+01 0.000000e+00 1.561831e+01
     vertex  7.038733e+01 0.000000e+00 1.666067e+01
     vertex  7.038733e+01 6.482486e+00 1.535053e+01
   endloop
 endfacet
 facet normal  -7.9031781410e-02 1.9748023252e-01 9.7711592725e-01
   outer loop
     vertex  5.750000e+01 0.000000e+00 1.561831e+01
     vertex  7.038733e+01 6.482486e+00 1.535053e+01
     vertex  5.750000e+01 6.076914e+00 1.439013e+01
   endloop
 endfacet
 facet normal  -7.9131600287e-02 5.5740870047e-01 8.2645854734e-01
   outer loop
     vertex  5.750000e+01 6.076914e+00 1.439013e+01
     vertex  7.038733e+01 6.482486e+00 1.535053e+01
     vertex  7.038733e+01 1.177856e+01 1.177856e+01
   endloop
 endfacet
 facet normal  -7.9131600287e-02 5.5740870047e-01 8.2645854734e-01
   outer loop
     vertex  5.750000e+01 6.076914e+00 1.439013e+01
     vertex  7.038733e+01 1.177856e+01 1.177856e+01
     vertex  5.750000e+01 1.104165e+01 1.104165e+01
   endloop
 endfacet
 facet normal  -7.9131600287e-02 8.2645854734e-01 5.5740870047e-01
   outer loop
     vertex  5.750000e+01 1.104165e+01 1.104165e+01
     vertex  7.038733e+01 1.177856e+01 1.177856e+01
     vertex  7.038733e+01 1.535053e+01 6.482486e+00
   endloop
 endfacet
 facet normal  -7.9131600287e-02 8.2645854734e-01 5.5740870047e-01
   outer loop
     vertex  5.750000e+01 1.104165e+01 1.104165e+01
     vertex  7.038733e+01 1.535053e+01 6.482486e+00
     vertex  5.750000e+01 1.439013e+01 6.076914e+00
   endloop
 endfacet
 facet normal  -7.9031781410e-02 9.7711592725e-01 1.9748023252e-01
   outer loop
     vertex  5.750000e+01 1.439013e+01 6.076914e+00
     vertex  7.038733e+01 1.535053e+01 6.482486e+00
     vertex  7.038733e+01 1.666067e+01 0.000000e+00
   endloop
 endfacet
 facet normal  -7.9031781410e-02 9.7711592725e-01 1.9748023252e-01
   outer loop
     vertex  5.750000e+01 1.439013e+01 6.076914e+00
     vertex  7.038733e+01 1.666067e+01 0.000000e+00
     vertex  5.750000e+01 1.561831e+01 0.000000e+00
   endloop
 endfacet
 facet normal  -1.6825429841e-01 9.6620799963e-01 -1.9527568338e-01
   outer loop
     vertex  7.038733e+01 1.666067e+01 0.000000e+00
     vertex  8.466118e+01 1.914630e+01 0.000000e+00
     vertex  7.038733e+01 1.535053e+01 -6.482486e+00
   endloop
 endfacet
 facet normal  -1.6825429841e-01 9.6620799963e-01 -1.9527568338e-01
   outer loop
     vertex  8.466118e+01 1.914630e+01 0.000000e+00
     vertex  8.466118e+01 1.764070e+01 -7.449618e+00
     vertex  7.038733e+01 1.535053e+01 -6.482486e+00
   endloop
 endfacet
 facet normal  -1.6846208038e-01 8.1720953684e-01 -5.5117066356e-01
   outer loop
     vertex  7.038733e+01 1.535053e+01 -6.482486e+00
     vertex  8.466118e+01 1.764070e+01 -7.449618e+00
     vertex  7.038733e+01 1.177856e+01 -1.177856e+01
   endloop
 endfacet
 facet normal  -1.6846208038e-01 8.1720953684e-01 -5.5117066356e-01
   outer loop
     vertex  8.466118e+01 1.764070e+01 -7.449618e+00
     vertex  8.466118e+01 1.353583e+01 -1.353583e+01
     vertex  7.038733e+01 1.177856e+01 -1.177856e+01
   endloop
 endfacet
 facet normal  -1.6846208038e-01 5.5117066356e-01 -8.1720953684e-01
   outer loop
     vertex  7.038733e+01 1.177856e+01 -1.177856e+01
     vertex  8.466118e+01 1.353583e+01 -1.353583e+01
     vertex  7.038733e+01 6.482486e+00 -1.535053e+01
   endloop
 endfacet
 facet normal  -1.6846208038e-01 5.5117066356e-01 -8.1720953684e-01
   outer loop
     vertex  8.466118e+01 1.353583e+01 -1.353583e+01
     vertex  8.466118e+01 7.449618e+00 -1.764070e+01
     vertex  7.038733e+01 6.482486e+00 -1.535053e+01
   endloop
 endfacet
 facet normal  -1.6825429841e-01 1.9527568338e-01 -9.6620799963e-01
   outer loop
     vertex  7.038733e+01 6.482486e+00 -1.535053e+01
     vertex  8.466118e+01 7.449618e+00 -1.764070e+01
     vertex  7.038733e+01 0.000000e+00 -1.666067e+01
   endloop
 endfacet
 facet normal  -1.6825429841e-01 1.9527568338e-01 -9.6620799963e-01
   outer loop
     vertex  8.466118e+01 7.449618e+00 -1.764070e+01
     vertex  8.466118e+01 0.000000e+00 -1.914630e+01
     vertex  7.038733e+01 0.000000e+00 -1.666067e+01
   endloop
 endfacet
 facet normal  -1.6825429841e-01 -1.9527568338e-01 -9.6620799963e-01
   outer loop
     vertex  7.038733e+01 0.000000e+00 -1.666067e+01
     vertex  8.466118e+01 0.000000e+00 -1.914630e+01
     vertex  8.466118e+01 -7.449618e+00 -1.764070e+01
   endloop
 endfacet
 facet normal  -1.6825429841e-01 -1.9527568338e-01 -9.6620799963e-01
   outer loop
     vertex  7.038733e+01 0.000000e+00 -1.666067e+01
     vertex  8.466118e+01 -7.449618e+00 -1.764070e+01
     vertex  7.038733e+01 -6.482486e+00 -1.535053e+01
   endloop
 endfacet
 facet normal  -1.6846208038e-01 -5.5117066356e-01 -8.1720953684e-01
   outer loop
     vertex  7.038733e+01 -6.482486e+00 -1.535053e+01
     vertex  8.466118e+01 -7.449618e+00 -1.764070e+01
     vertex  8.466118e+01 -1.353583e+01 -1.353583e+01
   endloop
 endfacet
 facet normal  -1.6846208038e-01 -5.5117066356e-01 -8.1720953684e-01
   outer loop
     vertex  7.038733e+01 -6.482486e+00 -1.535053e+01
     vertex  8.466118e+01 -1.353583e+01 -1.353583e+01
     vertex  7.038733e+01 -1.177856e+01 -1.177856e+01
   endloop
 endfacet
 facet normal  -1.6846208038e-01 -8.1720953684e-01 -5.5117066356e-01
   outer loop
     vertex  7.038733e+01 -1.177856e+01 -1.177856e+01
     vertex  8.466118e+01 -1.353583e+01 -1.353583e+01
     vertex  8.466118e+01 -1.764070e+01 -7.449618e+00
   endloop
 endfacet
 facet normal  -1.6846208038e-01 -8.1720953684e-01 -5.5117066356e-01
   outer loop
     vertex  7.038733e+01 -1.177856e+01 -1.177856e+01
     vertex  8.466118e+01 -1.764070e+01 -7.449618e+00
     vertex  7.038733e+01 -1.535053e+01 -6.482486e+00
   endloop
 endfacet
 facet normal  -1.6825429841e-01 -9.6620799963e-01 -1.9527568338e-01
   outer loop
     vertex  7.038733e+01 -1.535053e+01 -6.482486e+00
     vertex  8.466118e+01 -1.764070e+01 -7.449618e+00
     vertex  8.466118e+01 -1.914630e+01 0.000000e+00
   endloop
 endfacet
 facet normal  -1.6825429841e-01 -9.6620799963e-01 -1.9527568338e-01
   outer loop
     vertex  7.038733e+01 -1.535053e+01 -6.482486e+00
     vertex  8.466118e+01 -1.914630e+01 0.000000e+00
     vertex  7.038733e+01 -1.666067e+01 0.000000e+00
   endloop
 endfacet
 facet normal  -1.6825429841e-01 -9.6620799963e-01 1.9527568338e-01
   outer loop
     vertex  7.038733e+01 -1.666067e+01 0.000000e+00
     vertex  8.466118e+01 -1.914630e+01 0.000000e+00
     vertex  7.038733e+01 -1.535053e+01 6.482486e+00
   endloop
 endfacet
 facet normal  -1.6825429841e-01 -9.6620799963e-01 1.9527568338e-01
   outer loop
     vertex  8.466118e+01 -1.914630e+01 0.000000e+00
     vertex  8.466118e+01 -1.764070e+01 7.449618e+00
     vertex  7.038733e+01 -1.535053e+01 6.482486e+00
   endloop
 endfacet
 facet normal  -1.6846208038e-01 -8.1720953684e-01 5.5117066356e-01
   outer loop
     vertex  7.038733e+01 -1.535053e+01 6.482486e+00
     vertex  8.466118e+01 -1.764070e+01 7.449618e+00
     vertex  7.038733e+01 -1.177856e+01 1.177856e+01
   endloop
 endfacet
 facet normal  -1.6846208038e-01 -8.1720953684e-01 5.5117066356e-01
   outer loop
     vertex  8.466118e+01 -1.764070e+01 7.449618e+00
     vertex  8.466118e+01 -1.353583e+01 1.353583e+01
     vertex  7.038733e+01 -1.177856e+01 1.177856e+01
   endloop
 endfacet
 facet normal  -1.6846208038e-01 -5.5117066356e-01 8.1720953684e-01
   outer loop
     vertex  7.038733e+01 -1.177856e+01 1.177856e+01
     vertex  8.466118e+01 -1.353583e+01 1.353583e+01
     vertex  7.038733e+01 -6.482486e+00 1.535053e+01
   endloop
 endfacet
 facet normal  -1.6846208038e-01 -5.5117066356e-01 8.1720953684e-01
   outer loop
     vertex  8.466118e+01 -1.353583e+01 1.353583e+01
     vertex  8.466118e+01 -7.449618e+00 1.764070e+01
     vertex  7.038733e+01 -6.482486e+00 1.535053e+01
   endloop
 endfacet
 facet normal  -1.6825429841e-01 -1.9527568338e-01 9.6620799963e-01
   outer loop
     vertex  7.038733e+01 -6.482486e+00 1.535053e+01
     vertex  8.466118e+01 -7.449618e+00 1.764070e+01
     vertex  7.038733e+01 0.000000e+00 1.666067e+01
   endloop
 endfacet
 facet normal  -1.6825429841e-01 -1.9527568338e-01 9.6620799963e-01
   outer loop
     vertex  8.466118e+01 -7.449618e+00 1.764070e+01
     vertex  8.466118e+01 0.000000e+00 1.914630e+01
     vertex  7.038733e+01 0.000000e+00 1.666067e+01
   endloop
 endfacet
 facet normal  -1.6825429841e-01 1.9527568338e-01 9.6620799963e-01
   outer loop
     vertex  7.038733e+01 0.000000e+00 1.666067e+01
     vertex  8.466118e+01 0.000000e+00 1.914630e+01
     vertex  8.466118e+01 7.449618e+00 1.764070e+01
   endloop
 endfacet
 facet normal  -1.6825429841e-01 1.9527568338e-01 9.6620799963e-01
   outer loop
     vertex  7.038733e+01 0.000000e+00 1.666067e+01
     vertex  8.466118e+01 7.449618e+00 1.764070e+01
     vertex  7.038733e+01 6.482486e+00 1.535053e+01
   endloop
 endfacet
 facet normal  -1.6846208038e-01 5.5117066356e-01 8.1720953684e-01
   outer loop
     vertex  7.038733e+01 6.482486e+00 1.535053e+01
     vertex  8.466118e+01 7.449618e+00 1.764070e+01
     vertex  8.466118e+01 1.353583e+01 1.353583e+01
   endloop
 endfacet
 facet normal  -1.6846208038e-01 5.5117066356e-01 8.1720953684e-01
   outer loop
     vertex  7.038733e+01 6.482486e+00 1.535053e+01
     vertex  8.466118e+01 1.353583e+01 1.353583e+01
     vertex  7.038733e+01 1.177856e+01 1.177856e+01
   endloop
 endfacet
 facet normal  -1.6846208038e-01 8.1720953684e-01 5.5117066356e-01
   outer loop
     vertex  7.038733e+01 1.177856e+01 1.177856e+01
     vertex  8.466118e+01 1.353583e+01 1.353583e+01
     vertex  8.466118e+01 1.764070e+01 7.449618e+00
   endloop
 endfacet
 facet normal  -1.6846208038e-01 8.1720953684e-01 5.5117066356e-01
   outer loop
     vertex  7.038733e+01 1.177856e+01 1.177856e+01
     vertex  8.466118e+01 1.764070e+01 7.449618e+00
     vertex  7.038733e+01 1.535053e+01 6.482486e+00
   endloop
 endfacet
 facet normal  -1.6825429841e-01 9.6620799963e-01 1.9527568338e-01
   outer loop
     vertex  7.038733e+01 1.535053e+01 6.482486e+00
     vertex  8.466118e+01 1.764070e+01 7.449618e+00
     vertex  8.466118e+01 1.914630e+01 0.000000e+00
   endloop
 endfacet
 facet normal  -1.6825429841e-01 9.6620799963e-01 1.9527568338e-01
   outer loop
     vertex  7.038733e+01 1.535053e+01 6.482486e+00
     vertex  8.466118e+01 1.914630e+01 0.000000e+00
     vertex  7.038733e+01 1.666067e+01 0.000000e+00
   endloop
 endfacet
 facet normal  -2.0938355263e-01 9.5845472761e-01 -1.9370870660e-01
   outer loop
     vertex  8.466118e+01 1.914630e+01 0.000000e+00
     vertex  9.824138e+01 2.211302e+01 0.000000e+00
     vertex  8.466118e+01 1.764070e+01 -7.449618e+00
   endloop
 endfacet
 facet normal  -2.0938355263e-01 9.5845472761e-01 -1.9370870660e-01
   outer loop
     vertex  9.824138e+01 2.211302e+01 0.000000e+00
     vertex  9.824138e+01 2.037412e+01 -8.603938e+00
     vertex  8.466118e+01 1.764070e+01 -7.449618e+00
   endloop
 endfacet
 facet normal  -2.0963798558e-01 8.1063588169e-01 -5.4673703214e-01
   outer loop
     vertex  8.466118e+01 1.764070e+01 -7.449618e+00
     vertex  9.824138e+01 2.037412e+01 -8.603938e+00
     vertex  8.466118e+01 1.353583e+01 -1.353583e+01
   endloop
 endfacet
 facet normal  -2.0963798558e-01 8.1063588169e-01 -5.4673703214e-01
   outer loop
     vertex  9.824138e+01 2.037412e+01 -8.603938e+00
     vertex  9.824138e+01 1.563320e+01 -1.563320e+01
     vertex  8.466118e+01 1.353583e+01 -1.353583e+01
   endloop
 endfacet
 facet normal  -2.0963798558e-01 5.4673703214e-01 -8.1063588169e-01
   outer loop
     vertex  8.466118e+01 1.353583e+01 -1.353583e+01
     vertex  9.824138e+01 1.563320e+01 -1.563320e+01
     vertex  8.466118e+01 7.449618e+00 -1.764070e+01
   endloop
 endfacet
 facet normal  -2.0963798558e-01 5.4673703214e-01 -8.1063588169e-01
   outer loop
     vertex  9.824138e+01 1.563320e+01 -1.563320e+01
     vertex  9.824138e+01 8.603938e+00 -2.037412e+01
     vertex  8.466118e+01 7.449618e+00 -1.764070e+01
   endloop
 endfacet
 facet normal  -2.0938355263e-01 1.9370870660e-01 -9.5845472761e-01
   outer loop
     vertex  8.466118e+01 7.449618e+00 -1.764070e+01
     vertex  9.824138e+01 8.603938e+00 -2.037412e+01
     vertex  8.466118e+01 0.000000e+00 -1.914630e+01
   endloop
 endfacet
 facet normal  -2.0938355263e-01 1.9370870660e-01 -9.5845472761e-01
   outer loop
     vertex  9.824138e+01 8.603938e+00 -2.037412e+01
     vertex  9.824138e+01 0.000000e+00 -2.211302e+01
     vertex  8.466118e+01 0.000000e+00 -1.914630e+01
   endloop
 endfacet
 facet normal  -2.0938355263e-01 -1.9370870660e-01 -9.5845472761e-01
   outer loop
     vertex  8.466118e+01 0.000000e+00 -1.914630e+01
     vertex  9.824138e+01 0.000000e+00 -2.211302e+01
     vertex  9.824138e+01 -8.603938e+00 -2.037412e+01
   endloop
 endfacet
 facet normal  -2.0938355263e-01 -1.9370870660e-01 -9.5845472761e-01
   outer loop
     vertex  8.466118e+01 0.000000e+00 -1.914630e+01
     vertex  9.824138e+01 -8.603938e+00 -2.037412e+01
     vertex  8.466118e+01 -7.449618e+00 -1.764070e+01
   endloop
 endfacet
 facet normal  -2.0963798558e-01 -5.4673703214e-01 -8.1063588169e-01
   outer loop
     vertex  8.466118e+01 -7.449618e+00 -1.764070e+01
     vertex  9.824138e+01 -8.603938e+00 -2.037412e+01
     vertex  9.824138e+01 -1.563320e+01 -1.563320e+01
   endloop
 endfacet
 facet normal  -2.0963798558e-01 -5.4673703214e-01 -8.1063588169e-01
   outer loop
     vertex  8.466118e+01 -7.449618e+00 -1.764070e+01
     vertex  9.824138e+01 -1.563320e+01 -1.563320e+01
     vertex  8.466118e+01 -1.353583e+01 -1.353583e+01
   endloop
 endfacet
 facet normal  -2.0963798558e-01 -8.1063588169e-01 -5.4673703214e-01
   outer loop
     vertex  8.466118e+01 -1.353583e+01 -1.353583e+01
     vertex  9.824138e+01 -1.563320e+01 -1.563320e+01
     vertex  9.824138e+01 -2.037412e+01 -8.603938e+00
   endloop
 endfacet
 facet normal  -2.0963798558e-01 -8.1063588169e-01 -5.4673703214e-01
   outer loop
     vertex  8.466118e+01 -1.353583e+01 -1.353583e+01
     vertex  9.824138e+01 -2.037412e+01 -8.603938e+00
     vertex  8.466118e+01 -1.764070e+01 -7.449618e+00
   endloop
 endfacet
 facet normal  -2.0938355263e-01 -9.5845472761e-01 -1.9370870660e-01
   outer loop
     vertex  8.466118e+01 -1.764070e+01 -7.449618e+00
     vertex  9.824138e+01 -2.037412e+01 -8.603938e+00
     vertex  9.824138e+01 -2.211302e+01 0.000000e+00
   endloop
 endfacet
 facet normal  -2.0938355263e-01 -9.5845472761e-01 -1.9370870660e-01
   outer loop
     vertex  8.466118e+01 -1.764070e+01 -7.449618e+00
     vertex  9.824138e+01 -2.211302e+01 0.000000e+00
     vertex  8.466118e+01 -1.914630e+01 0.000000e+00
   endloop
 endfacet
 facet normal  -2.0938355263e-01 -9.5845472761e-01 1.9370870660e-01
   outer loop
     vertex  8.466118e+01 -1.914630e+01 0.000000e+00
     vertex  9.824138e+01 -2.211302e+01 0.000000e+00
     vertex  8.466118e+01 -1.764070e+01 7.449618e+00
   endloop
 endfacet
 facet normal  -2.0938355263e-01 -9.5845472761e-01 1.9370870660e-01
   outer loop
     vertex  9.824138e+01 -2.211302e+01 0.000000e+00
     vertex  9.824138e+01 -2.037412e+01 8.603938e+00
     vertex  8.466118e+01 -1.764070e+01 7.449618e+00
   endloop
 endfacet
 facet normal  -2.0963798558e-01 -8.1063588169e-01 5.4673703214e-01
   outer loop
     vertex  8.466118e+01 -1.764070e+01 7.449618e+00
     vertex  9.824138e+01 -2.037412e+01 8.603938e+00
     vertex  8.466118e+01 -1.353583e+01 1.353583e+01
   endloop
 endfacet
 facet normal  -2.0963798558e-01 -8.1063588169e-01 5.4673703214e-01
   outer loop
     vertex  9.824138e+01 -2.037412e+01 8.603938e+00
     vertex  9.824138e+01 -1.563320e+01 1.563320e+01
     vertex  8.466118e+01 -1.353583e+01 1.353583e+01
   endloop
 endfacet
 facet normal  -2.0963798558e-01 -5.4673703214e-01 8.1063588169e-01
   outer loop
     vertex  8.466118e+01 -1.353583e+01 1.353583e+01
     vertex  9.824138e+01 -1.563320e+01 1.563320e+01
     vertex  8.466118e+01 -7.449618e+00 1.764070e+01
   endloop
 endfacet
 facet normal  -2.0963798558e-01 -5.4673703214e-01 8.1063588169e-01
   outer loop
     vertex  9.824138e+01 -1.563320e+01 1.563320e+01
     vertex  9.824138e+01 -8.603938e+00 2.037412e+01
     vertex  8.466118e+01 -7.449618e+00 1.764070e+01
   endloop
 endfacet
 facet normal  -2.0938355263e-01 -1.9370870660e-01 9.5845472761e-01
   outer loop
     vertex  8.466118e+01 -7.449618e+00 1.764070e+01
     vertex  9.824138e+01 -8.603938e+00 2.037412e+01
     vertex  8.466118e+01 0.000000e+00 1.914630e+01
   endloop
 endfacet
 facet normal  -2.0938355263e-01 -1.9370870660e-01 9.5845472761e-01
   outer loop
     vertex  9.824138e+01 -8.603938e+00 2.037412e+01
     vertex  9.824138e+01 0.000000e+00 2.211302e+01
     vertex  8.466118e+01 0.000000e+00 1.914630e+01
   endloop
 endfacet
 facet normal  -2.0938355263e-01 1.9370870660e-01 9.5845472761e-01
   outer loop
     vertex  8.466118e+01 0.000000e+00 1.914630e+01
     vertex  9.824138e+01 0.000000e+00 2.211302e+01
     vertex  9.824138e+01 8.603938e+00 2.037412e+01
   endloop
 endfacet
 facet normal  -2.0938355263e-01 1.9370870660e-01 9.5845472761e-01
   outer loop
     vertex  8.466118e+01 0.000000e+00 1.914630e+01
     vertex  9.824138e+01 8.603938e+00 2.037412e+01
     vertex  8.466118e+01 7.449618e+00 1.764070e+01
   endloop
 endfacet
 facet normal  -2.0963798558e-01 5.4673703214e-01 8.1063588169e-01
   outer loop
     vertex  8.466118e+01 7.449618e+00 1.764070e+01
     vertex  9.824138e+01 8.603938e+00 2.037412e+01
     vertex  9.824138e+01 1.563320e+01 1.563320e+01
   endloop
 endfacet
 facet normal  -2.0963798558e-01 5.4673703214e-01 8.1063588169e-01
   outer loop
     vertex  8.466118e+01 7.449618e+00 1.764070e+01
     vertex  9.824138e+01 1.563320e+01 1.563320e+01
     vertex  8.466118e+01 1.353583e+01 1.353583e+01
   endloop
 endfacet
 facet normal  -2.0963798558e-01 8.1063588169e-01 5.4673703214e-01
   outer loop
     vertex  8.466118e+01 1.353583e+01 1.353583e+01
     vertex  9.824138e+01 1.563320e+01 1.563320e+01
     vertex  9.824138e+01 2.037412e+01 8.603938e+00
   endloop
 endfacet
 facet normal  -2.0963798558e-01 8.1063588169e-01 5.4673703214e-01
   outer loop
     vertex  8.466118e+01 1.353583e+01 1.353583e+01
     vertex  9.824138e+01 2.037412e+01 8.603938e+00
     vertex  8.466118e+01 1.764070e+01 7.449618e+00
   endloop
 endfacet
 facet normal  -2.0938355263e-01 9.5845472761e-01 1.9370870660e-01
   outer loop
     vertex  8.466118e+01 1.764070e+01 7.449618e+00
     vertex  9.824138e+01 2.037412e+01 8.603938e+00
     vertex  9.824138e+01 2.211302e+01 0.000000e+00
   endloop
 endfacet
 facet normal  -2.0938355263e-01 9.5845472761e-01 1.9370870660e-01
   outer loop
     vertex  8.466118e+01 1.764070e+01 7.449618e+00
     vertex  9.824138e+01 2.211302e+01 0.000000e+00
     vertex  8.466118e+01 1.914630e+01 0.000000e+00
   endloop
 endfacet
 facet normal  -2.1993714682e-01 9.5618115237e-01 -1.9324920517e-01
   outer loop
     vertex  9.824138e+01 2.211302e+01 0.000000e+00
     vertex  1.090477e+02 2.459866e+01 0.000000e+00
     vertex  9.824138e+01 2.037412e+01 -8.603938e+00
   endloop
 endfacet
 facet normal  -2.1993714682e-01 9.5618115237e-01 -1.9324920517e-01
   outer loop
     vertex  1.090477e+02 2.459866e+01 0.000000e+00
     vertex  1.090477e+02 2.266429e+01 -9.571071e+00
     vertex  9.824138e+01 2.037412e+01 -8.603938e+00
   endloop
 endfacet
 facet normal  -2.2020313527e-01 8.0870829188e-01 -5.4543696049e-01
   outer loop
     vertex  9.824138e+01 2.037412e+01 -8.603938e+00
     vertex  1.090477e+02 2.266429e+01 -9.571071e+00
     vertex  9.824138e+01 1.563320e+01 -1.563320e+01
   endloop
 endfacet
 facet normal  -2.2020313527e-01 8.0870829188e-01 -5.4543696049e-01
   outer loop
     vertex  1.090477e+02 2.266429e+01 -9.571071e+00
     vertex  1.090477e+02 1.739047e+01 -1.739047e+01
     vertex  9.824138e+01 1.563320e+01 -1.563320e+01
   endloop
 endfacet
 facet normal  -2.2020313527e-01 5.4543696049e-01 -8.0870829188e-01
   outer loop
     vertex  9.824138e+01 1.563320e+01 -1.563320e+01
     vertex  1.090477e+02 1.739047e+01 -1.739047e+01
     vertex  9.824138e+01 8.603938e+00 -2.037412e+01
   endloop
 endfacet
 facet normal  -2.2020313527e-01 5.4543696049e-01 -8.0870829188e-01
   outer loop
     vertex  1.090477e+02 1.739047e+01 -1.739047e+01
     vertex  1.090477e+02 9.571071e+00 -2.266429e+01
     vertex  9.824138e+01 8.603938e+00 -2.037412e+01
   endloop
 endfacet
 facet normal  -2.1993714682e-01 1.9324920517e-01 -9.5618115237e-01
   outer loop
     vertex  9.824138e+01 8.603938e+00 -2.037412e+01
     vertex  1.090477e+02 9.571071e+00 -2.266429e+01
     vertex  9.824138e+01 0.000000e+00 -2.211302e+01
   endloop
 endfacet
 facet normal  -2.1993714682e-01 1.9324920517e-01 -9.5618115237e-01
   outer loop
     vertex  1.090477e+02 9.571071e+00 -2.266429e+01
     vertex  1.090477e+02 0.000000e+00 -2.459866e+01
     vertex  9.824138e+01 0.000000e+00 -2.211302e+01
   endloop
 endfacet
 facet normal  -2.1993714682e-01 -1.9324920517e-01 -9.5618115237e-01
   outer loop
     vertex  9.824138e+01 0.000000e+00 -2.211302e+01
     vertex  1.090477e+02 0.000000e+00 -2.459866e+01
     vertex  1.090477e+02 -9.571071e+00 -2.266429e+01
   endloop
 endfacet
 facet normal  -2.1993714682e-01 -1.9324920517e-01 -9.5618115237e-01
   outer loop
     vertex  9.824138e+01 0.000000e+00 -2.211302e+01
     vertex  1.090477e+02 -9.571071e+00 -2.266429e+01
     vertex  9.824138e+01 -8.603938e+00 -2.037412e+01
   endloop
 endfacet
 facet normal  -2.2020313527e-01 -5.4543696049e-01 -8.0870829188e-01
   outer loop
     vertex  9.824138e+01 -8.603938e+00 -2.037412e+01
     vertex  1.090477e+02 -9.571071e+00 -2.266429e+01
     vertex  1.090477e+02 -1.739047e+01 -1.739047e+01
   endloop
 endfacet
 facet normal  -2.2020313527e-01 -5.4543696049e-01 -8.0870829188e-01
   outer loop
     vertex  9.824138e+01 -8.603938e+00 -2.037412e+01
     vertex  1.090477e+02 -1.739047e+01 -1.739047e+01
     vertex  9.824138e+01 -1.563320e+01 -1.563320e+01
   endloop
 endfacet
 facet normal  -2.2020313527e-01 -8.0870829188e-01 -5.4543696049e-01
   outer loop
     vertex  9.824138e+01 -1.563320e+01 -1.563320e+01
     vertex  1.090477e+02 -1.739047e+01 -1.739047e+01
     vertex  1.090477e+02 -2.266429e+01 -9.571071e+00
   endloop
 endfacet
 facet normal  -2.2020313527e-01 -8.0870829188e-01 -5.4543696049e-01
   outer loop
     vertex  9.824138e+01 -1.563320e+01 -1.563320e+01
     vertex  1.090477e+02 -2.266429e+01 -9.571071e+00
     vertex  9.824138e+01 -2.037412e+01 -8.603938e+00
   endloop
 endfacet
 facet normal  -2.1993714682e-01 -9.5618115237e-01 -1.9324920517e-01
   outer loop
     vertex  9.824138e+01 -2.037412e+01 -8.603938e+00
     vertex  1.090477e+02 -2.266429e+01 -9.571071e+00
     vertex  1.090477e+02 -2.459866e+01 0.000000e+00
   endloop
 endfacet
 facet normal  -2.1993714682e-01 -9.5618115237e-01 -1.9324920517e-01
   outer loop
     vertex  9.824138e+01 -2.037412e+01 -8.603938e+00
     vertex  1.090477e+02 -2.459866e+01 0.000000e+00
     vertex  9.824138e+01 -2.211302e+01 0.000000e+00
   endloop
 endfacet
 facet normal  -2.1993714682e-01 -9.5618115237e-01 1.9324920517e-01
   outer loop
     vertex  9.824138e+01 -2.211302e+01 0.000000e+00
     vertex  1.090477e+02 -2.459866e+01 0.000000e+00
     vertex  9.824138e+01 -2.037412e+01 8.603938e+00
   endloop
 endfacet
 facet normal  -2.1993714682e-01 -9.5618115237e-01 1.9324920517e-01
   outer loop
     vertex  1.090477e+02 -2.459866e+01 0.000000e+00
     vertex  1.090477e+02 -2.266429e+01 9.571071e+00
     vertex  9.824138e+01 -2.037412e+01 8.603938e+00
   endloop
 endfacet
 facet normal  -2.2020313527e-01 -8.0870829188e-01 5.4543696049e-01
   outer loop
     vertex  9.824138e+01 -2.037412e+01 8.603938e+00
     vertex  1.090477e+02 -2.266429e+01 9.571071e+00
     vertex  9.824138e+01 -1.563320e+01 1.563320e+01
   endloop
 endfacet
 facet normal  -2.2020313527e-01 -8.0870829188e-01 5.4543696049e-01
   outer loop
     vertex  1.090477e+02 -2.266429e+01 9.571071e+00
     vertex  1.090477e+02 -1.739047e+01 1.739047e+01
     vertex  9.824138e+01 -1.563320e+01 1.563320e+01
   endloop
 endfacet
 facet normal  -2.2020313527e-01 -5.4543696049e-01 8.0870829188e-01
   outer loop
     vertex  9.824138e+01 -1.563320e+01 1.563320e+01
     vertex  1.090477e+02 -1.739047e+01 1.739047e+01
     vertex  9.824138e+01 -8.603938e+00 2.037412e+01
   endloop
 endfacet
 facet normal  -2.2020313527e-01 -5.4543696049e-01 8.0870829188e-01
   outer loop
     vertex  1.090477e+02 -1.739047e+01 1.739047e+01
     vertex  1.090477e+02 -9.571071e+00 2.266429e+01
     vertex  9.824138e+01 -8.603938e+00 2.037412e+01
   endloop
 endfacet
 facet normal  -2.1993714682e-01 -1.9324920517e-01 9.5618115237e-01
   outer loop
     vertex  9.824138e+01 -8.603938e+00 2.037412e+01
     vertex  1.090477e+02 -9.571071e+00 2.266429e+01
     vertex  9.824138e+01 0.000000e+00 2.211302e+01
   endloop
 endfacet
 facet normal  -2.1993714682e-01 -1.9324920517e-01 9.5618115237e-01
   outer loop
     vertex  1.090477e+02 -9.571071e+00 2.266429e+01
     vertex  1.090477e+02 0.000000e+00 2.459866e+01
     vertex  9.824138e+01 0.000000e+00 2.211302e+01
   endloop
 endfacet
 facet normal  -2.1993714682e-01 1.9324920517e-01 9.5618115237e-01
   outer loop
     vertex  9.824138e+01 0.000000e+00 2.211302e+01
     vertex  1.090477e+02 0.000000e+00 2.459866e+01
     vertex  1.090477e+02 9.571071e+00 2.266429e+01
   endloop
 endfacet
 facet normal  -2.1993714682e-01 1.9324920517e-01 9.5618115237e-01
   outer loop
     vertex  9.824138e+01 0.000000e+00 2.211302e+01
     vertex  1.090477e+02 9.571071e+00 2.266429e+01
     vertex  9.824138e+01 8.603938e+00 2.037412e+01
   endloop
 endfacet
 facet normal  -2.2020313527e-01 5.4543696049e-01 8.0870829188e-01
   outer loop
     vertex  9.824138e+01 8.603938e+00 2.037412e+01
     vertex  1.090477e+02 9.571071e+00 2.266429e+01
     vertex  1.090477e+02 1.739047e+01 1.739047e+01
   endloop
 endfacet
 facet normal  -2.2020313527e-01 5.4543696049e-01 8.0870829188e-01
   outer loop
     vertex  9.824138e+01 8.603938e+00 2.037412e+01
     vertex  1.090477e+02 1.739047e+01 1.739047e+01
     vertex  9.824138e+01 1.563320e+01 1.563320e+01
   endloop
 endfacet
 facet normal  -2.2020313527e-01 8.0870829188e-01 5.4543696049e-01
   outer loop
     vertex  9.824138e+01 1.563320e+01 1.563320e+01
     vertex  1.090477e+02 1.739047e+01 1.739047e+01
     vertex  1.090477e+02 2.266429e+01 9.571071e+00
   endloop
 endfacet
 facet normal  -2.2020313527e-01 8.0870829188e-01 5.4543696049e-01
   outer loop
     vertex  9.824138e+01 1.563320e+01 1.563320e+01
     vertex  1.090477e+02 2.266429e+01 9.571071e+00
     vertex  9.824138e+01 2.037412e+01 8.603938e+00
   endloop
 endfacet
 facet normal  -2.1993714682e-01 9.5618115237e-01 1.9324920517e-01
   outer loop
     vertex  9.824138e+01 2.037412e+01 8.603938e+00
     vertex  1.090477e+02 2.266429e+01 9.571071e+00
     vertex  1.090477e+02 2.459866e+01 0.000000e+00
   endloop
 endfacet
 facet normal  -2.1993714682e-01 9.5618115237e-01 1.9324920517e-01
   outer loop
     vertex  9.824138e+01 2.037412e+01 8.603938e+00
     vertex  1.090477e+02 2.459866e+01 0.000000e+00
     vertex  9.824138e+01 2.211302e+01 0.000000e+00
   endloop
 endfacet
 facet normal  -1.6917491671e-01 9.6605354189e-01 -1.9524446666e-01
   outer loop
     vertex  1.090477e+02 2.459866e+01 0.000000e+00
     vertex  1.150000e+02 2.564102e+01 0.000000e+00
     vertex  1.090477e+02 2.266429e+01 -9.571071e+00
   endloop
 endfacet
 facet normal  -1.6917491671e-01 9.6605354189e-01 -1.9524446666e-01
   outer loop
     vertex  1.150000e+02 2.564102e+01 0.000000e+00
     vertex  1.150000e+02 2.362469e+01 -9.976642e+00
     vertex  1.090477e+02 2.266429e+01 -9.571071e+00
   endloop
 endfacet
 facet normal  -1.6938376867e-01 8.1707857517e-01 -5.5108233587e-01
   outer loop
     vertex  1.090477e+02 2.266429e+01 -9.571071e+00
     vertex  1.150000e+02 2.362469e+01 -9.976642e+00
     vertex  1.090477e+02 1.739047e+01 -1.739047e+01
   endloop
 endfacet
 facet normal  -1.6938376867e-01 8.1707857517e-01 -5.5108233587e-01
   outer loop
     vertex  1.150000e+02 2.362469e+01 -9.976642e+00
     vertex  1.150000e+02 1.812738e+01 -1.812738e+01
     vertex  1.090477e+02 1.739047e+01 -1.739047e+01
   endloop
 endfacet
 facet normal  -1.6938376867e-01 5.5108233587e-01 -8.1707857517e-01
   outer loop
     vertex  1.090477e+02 1.739047e+01 -1.739047e+01
     vertex  1.150000e+02 1.812738e+01 -1.812738e+01
     vertex  1.090477e+02 9.571071e+00 -2.266429e+01
   endloop
 endfacet
 facet normal  -1.6938376867e-01 5.5108233587e-01 -8.1707857517e-01
   outer loop
     vertex  1.150000e+02 1.812738e+01 -1.812738e+01
     vertex  1.150000e+02 9.976642e+00 -2.362469e+01
     vertex  1.090477e+02 9.571071e+00 -2.266429e+01
   endloop
 endfacet
 facet normal  -1.6917491671e-01 1.9524446666e-01 -9.6605354189e-01
   outer loop
     vertex  1.090477e+02 9.571071e+00 -2.266429e+01
     vertex  1.150000e+02 9.976642e+00 -2.362469e+01
     vertex  1.090477e+02 0.000000e+00 -2.459866e+01
   endloop
 endfacet
 facet normal  -1.6917491671e-01 1.9524446666e-01 -9.6605354189e-01
   outer loop
     vertex  1.150000e+02 9.976642e+00 -2.362469e+01
     vertex  1.150000e+02 0.000000e+00 -2.564102e+01
     vertex  1.090477e+02 0.000000e+00 -2.459866e+01
   endloop
 endfacet
 facet normal  -1.6917491671e-01 -1.9524446666e-01 -9.6605354189e-01
   outer loop
     vertex  1.090477e+02 0.000000e+00 -2.459866e+01
     vertex  1.150000e+02 0.000000e+00 -2.564102e+01
     vertex  1.150000e+02 -9.976642e+00 -2.362469e+01
   endloop
 endfacet
 facet normal  -1.6917491671e-01 -1.9524446666e-01 -9.6605354189e-01
   outer loop
     vertex  1.090477e+02 0.000000e+00 -2.459866e+01
     vertex  1.150000e+02 -9.976642e+00 -2.362469e+01
     vertex  1.090477e+02 -9.571071e+00 -2.266429e+01
   endloop
 endfacet
 facet normal  -1.6938376867e-01 -5.5108233587e-01 -8.1707857517e-01
   outer loop
     vertex  1.090477e+02 -9.571071e+00 -2.266429e+01
     vertex  1.150000e+02 -9.976642e+00 -2.362469e+01
     vertex  1.150000e+02 -1.812738e+01 -1.812738e+01
   endloop
 endfacet
 facet normal  -1.6938376867e-01 -5.5108233587e-01 -8.1707857517e-01
   outer loop
     vertex  1.090477e+02 -9.571071e+00 -2.266429e+01
     vertex  1.150000e+02 -1.812738e+01 -1.812738e+01
     vertex  1.090477e+02 -1.739047e+01 -1.739047e+01
   endloop
 endfacet
 facet normal  -1.6938376867e-01 -8.1707857517e-01 -5.5108233587e-01
   outer loop
     vertex  1.090477e+02 -1.739047e+01 -1.739047e+01
     vertex  1.150000e+02 -1.812738e+01 -1.812738e+01
     vertex  1.150000e+02 -2.362469e+01 -9.976642e+00
   endloop
 endfacet
 facet normal  -1.6938376867e-01 -8.1707857517e-01 -5.5108233587e-01
   outer loop
     vertex  1.090477e+02 -1.739047e+01 -1.739047e+01
     vertex  1.150000e+02 -2.362469e+01 -9.976642e+00
     vertex  1.090477e+02 -2.266429e+01 -9.571071e+00
   endloop
 endfacet
 facet normal  -1.6917491671e-01 -9.6605354189e-01 -1.9524446666e-01
   outer loop
     vertex  1.090477e+02 -2.266429e+01 -9.571071e+00
     vertex  1.150000e+02 -2.362469e+01 -9.976642e+00
     vertex  1.150000e+02 -2.564102e+01 0.000000e+00
   endloop
 endfacet
 facet normal  -1.6917491671e-01 -9.6605354189e-01 -1.9524446666e-01
   outer loop
     vertex  1.090477e+02 -2.266429e+01 -9.571071e+00
     vertex  1.150000e+02 -2.564102e+01 0.000000e+00
     vertex  1.090477e+02 -2.459866e+01 0.000000e+00
   endloop
 endfacet
 facet normal  -1.6917491671e-01 -9.6605354189e-01 1.9524446666e-01
   outer loop
     vertex  1.090477e+02 -2.459866e+01 0.000000e+00
     vertex  1.150000e+02 -2.564102e+01 0.000000e+00
     vertex  1.090477e+02 -2.266429e+01 9.571071e+00
   endloop
 endfacet
 facet normal  -1.6917491671e-01 -9.6605354189e-01 1.9524446666e-01
   outer loop
     vertex  1.150000e+02 -2.564102e+01 0.000000e+00
     vertex  1.150000e+02 -2.362469e+01 9.976642e+00
     vertex  1.090477e+02 -2.266429e+01 9.571071e+00
   endloop
 endfacet
 facet normal  -1.6938376867e-01 -8.1707857517e-01 5.5108233587e-01
   outer loop
     vertex  1.090477e+02 -2.266429e+01 9.571071e+00
     vertex  1.150000e+02 -2.362469e+01 9.976642e+00
     vertex  1.090477e+02 -1.739047e+01 1.739047e+01
   endloop
 endfacet
 facet normal  -1.6938376867e-01 -8.1707857517e-01 5.5108233587e-01
   outer loop
     vertex  1.150000e+02 -2.362469e+01 9.976642e+00
     vertex  1.150000e+02 -1.812738e+01 1.812738e+01
     vertex  1.090477e+02 -1.739047e+01 1.739047e+01
   endloop
 endfacet
 facet normal  -1.6938376867e-01 -5.5108233587e-01 8.1707857517e-01
   outer loop
     vertex  1.090477e+02 -1.739047e+01 1.739047e+01
     vertex  1.150000e+02 -1.812738e+01 1.812738e+01
     vertex  1.090477e+02 -9.571071e+00 2.266429e+01
   endloop
 endfacet
 facet normal  -1.6938376867e-01 -5.5108233587e-01 8.1707857517e-01
   outer loop
     vertex  1.150000e+02 -1.812738e+01 1.812738e+01
     vertex  1.150000e+02 -9.976642e+00 2.362469e+01
     vertex  1.090477e+02 -9.571071e+00 2.266429e+01
   endloop
 endfacet
 facet normal  -1.6917491671e-01 -1.9524446666e-01 9.6605354189e-01
   outer loop
     vertex  1.090477e+02 -9.571071e+00 2.266429e+01
     vertex  1.150000e+02 -9.976642e+00 2.362469e+01
     vertex  1.090477e+02 0.000000e+00 2.459866e+01
   endloop
 endfacet
 facet normal  -1.6917491671e-01 -1.9524446666e-01 9.6605354189e-01
   outer loop
     vertex  1.150000e+02 -9.976642e+00 2.362469e+01
     vertex  1.150000e+02 0.000000e+00 2.564102e+01
     vertex  1.090477e+02 0.000000e+00 2.459866e+01
   endloop
 endfacet
 facet normal  -1.6917491671e-01 1.9524446666e-01 9.6605354189e-01
   outer loop
     vertex  1.090477e+02 0.000000e+00 2.459866e+01
     vertex  1.150000e+02 0.000000e+00 2.564102e+01
     vertex  1.150000e+02 9.976642e+00 2.362469e+01
   endloop
 endfacet
 facet normal  -1.6917491671e-01 1.9524446666e-01 9.6605354189e-01
   outer loop
     vertex  1.090477e+02 0.000000e+00 2.459866e+01
     vertex  1.150000e+02 9.976642e+00 2.362469e+01
     vertex  1.090477e+02 9.571071e+00 2.266429e+01
   endloop
 endfacet
 facet normal  -1.6938376867e-01 5.5108233587e-01 8.1707857517e-01
   outer loop
     vertex  1.090477e+02 9.571071e+00 2.266429e+01
     vertex  1.150000e+02 9.976642e+00 2.362469e+01
     vertex  1.150000e+02 1.812738e+01 1.812738e+01
   endloop
 endfacet
 facet normal  -1.6938376867e-01 5.5108233587e-01 8.1707857517e-01
   outer loop
     vertex  1.090477e+02 9.571071e+00 2.266429e+01
     vertex  1.150000e+02 1.812738e+01 1.812738e+01
     vertex  1.090477e+02 1.739047e+01 1.739047e+01
   endloop
 endfacet
 facet normal  -1.6938376867e-01 8.1707857517e-01 5.5108233587e-01
   outer loop
     vertex  1.090477e+02 1.739047e+01 1.739047e+01
     vertex  1.150000e+02 1.812738e+01 1.812738e+01
     vertex  1.150000e+02 2.362469e+01 9.976642e+00
   endloop
 endfacet
 facet normal  -1.6938376867e-01 8.1707857517e-01 5.5108233587e-01
   outer loop
     vertex  1.090477e+02 1.739047e+01 1.739047e+01
     vertex  1.150000e+02 2.362469e+01 9.976642e+00
     vertex  1.090477e+02 2.266429e+01 9.571071e+00
   endloop
 endfacet
 facet normal  -1.6917491671e-01 9.6605354189e-01 1.9524446666e-01
   outer loop
     vertex  1.090477e+02 2.266429e+01 9.571071e+00
     vertex  1.150000e+02 2.362469e+01 9.976642e+00
     vertex  1.150000e+02 2.564102e+01 0.000000e+00
   endloop
 endfacet
 facet normal  -1.6917491671e-01 9.6605354189e-01 1.9524446666e-01
   outer loop
     vertex  1.090477e+02 2.266429e+01 9.571071e+00
     vertex  1.150000e+02 2.564102e+01 0.000000e+00
     vertex  1.090477e+02 2.459866e+01 0.000000e+00
   endloop
 endfacet
 facet normal  -7.2315260920e-01 6.7700011253e-01 -1.3682525882e-01
   outer loop
     vertex  1.150000e+02 2.564102e+01 0.000000e+00
     vertex  1.163786e+02 2.711358e+01 0.000000e+00
     vertex  1.150000e+02 2.362469e+01 -9.976642e+00
   endloop
 endfacet
 facet normal  -7.2315260920e-01 6.7700011253e-01 -1.3682525882e-01
   outer loop
     vertex  1.163786e+02 2.711358e+01 0.000000e+00
     vertex  1.163786e+02 2.498145e+01 -1.054960e+01
     vertex  1.150000e+02 2.362469e+01 -9.976642e+00
   endloop
 endfacet
 facet normal  -7.2359063373e-01 5.7224041334e-01 -3.8595013165e-01
   outer loop
     vertex  1.150000e+02 2.362469e+01 -9.976642e+00
     vertex  1.163786e+02 2.498145e+01 -1.054960e+01
     vertex  1.150000e+02 1.812738e+01 -1.812738e+01
   endloop
 endfacet
 facet normal  -7.2359063373e-01 5.7224041334e-01 -3.8595013165e-01
   outer loop
     vertex  1.163786e+02 2.498145e+01 -1.054960e+01
     vertex  1.163786e+02 1.916843e+01 -1.916843e+01
     vertex  1.150000e+02 1.812738e+01 -1.812738e+01
   endloop
 endfacet
 facet normal  -7.2359063373e-01 3.8595013165e-01 -5.7224041334e-01
   outer loop
     vertex  1.150000e+02 1.812738e+01 -1.812738e+01
     vertex  1.163786e+02 1.916843e+01 -1.916843e+01
     vertex  1.150000e+02 9.976642e+00 -2.362469e+01
   endloop
 endfacet
 facet normal  -7.2359063373e-01 3.8595013165e-01 -5.7224041334e-01
   outer loop
     vertex  1.163786e+02 1.916843e+01 -1.916843e+01
     vertex  1.163786e+02 1.054960e+01 -2.498145e+01
     vertex  1.150000e+02 9.976642e+00 -2.362469e+01
   endloop
 endfacet
 facet normal  -7.2315260920e-01 1.3682525882e-01 -6.7700011253e-01
   outer loop
     vertex  1.150000e+02 9.976642e+00 -2.362469e+01
     vertex  1.163786e+02 1.054960e+01 -2.498145e+01
     vertex  1.150000e+02 0.000000e+00 -2.564102e+01
   endloop
 endfacet
 facet normal  -7.2315260920e-01 1.3682525882e-01 -6.7700011253e-01
   outer loop
     vertex  1.163786e+02 1.054960e+01 -2.498145e+01
     vertex  1.163786e+02 0.000000e+00 -2.711358e+01
     vertex  1.150000e+02 0.000000e+00 -2.564102e+01
   endloop
 endfacet
 facet normal  -7.2315260920e-01 -1.3682525882e-01 -6.7700011253e-01
   outer loop
     vertex  1.150000e+02 0.000000e+00 -2.564102e+01
     vertex  1.163786e+02 0.000000e+00 -2.711358e+01
     vertex  1.163786e+02 -1.054960e+01 -2.498145e+01
   endloop
 endfacet
 facet normal  -7.2315260920e-01 -1.3682525882e-01 -6.7700011253e-01
   outer loop
     vertex  1.150000e+02 0.000000e+00 -2.564102e+01
     vertex  1.163786e+02 -1.054960e+01 -2.498145e+01
     vertex  1.150000e+02 -9.976642e+00 -2.362469e+01
   endloop
 endfacet
 facet normal  -7.2359063373e-01 -3.8595013165e-01 -5.7224041334e-01
   outer loop
     vertex  1.150000e+02 -9.976642e+00 -2.362469e+01
     vertex  1.163786e+02 -1.054960e+01 -2.498145e+01
     vertex  1.163786e+02 -1.916843e+01 -1.916843e+01
   endloop
 endfacet
 facet normal  -7.2359063373e-01 -3.8595013165e-01 -5.7224041334e-01
   outer loop
     vertex  1.150000e+02 -9.976642e+00 -2.362469e+01
     vertex  1.163786e+02 -1.916843e+01 -1.916843e+01
     vertex  1.150000e+02 -1.812738e+01 -1.812738e+01
   endloop
 endfacet
 facet normal  -7.2359063373e-01 -5.7224041334e-01 -3.8595013165e-01
   outer loop
     vertex  1.150000e+02 -1.812738e+01 -1.812738e+01
     vertex  1.163786e+02 -1.916843e+01 -1.916843e+01
     vertex  1.163786e+02 -2.498145e+01 -1.054960e+01
   endloop
 endfacet
 facet normal  -7.2359063373e-01 -5.7224041334e-01 -3.8595013165e-01
   outer loop
     vertex  1.150000e+02 -1.812738e+01 -1.812738e+01
     vertex  1.163786e+02 -2.498145e+01 -1.054960e+01
     vertex  1.150000e+02 -2.362469e+01 -9.976642e+00
   endloop
 endfacet
 facet normal  -7.2315260920e-01 -6.7700011253e-01 -1.3682525882e-01
   outer loop
     vertex  1.150000e+02 -2.362469e+01 -9.976642e+00
     vertex  1.163786e+02 -2.498145e+01 -1.054960e+01
     vertex  1.163786e+02 -2.711358e+01 0.000000e+00
   endloop
 endfacet
 facet normal  -7.2315260920e-01 -6.7700011253e-01 -1.3682525882e-01
   outer loop
     vertex  1.150000e+02 -2.362469e+01 -9.976642e+00
     vertex  1.163786e+02 -2.711358e+01 0.000000e+00
     vertex  1.150000e+02 -2.564102e+01 0.000000e+00
   endloop
 endfacet
 facet normal  -7.2315260920e-01 -6.7700011253e-01 1.3682525882e-01
   outer loop
     vertex  1.150000e+02 -2.564102e+01 0.000000e+00
     vertex  1.163786e+02 -2.711358e+01 0.000000e+00
     vertex  1.150000e+02 -2.362469e+01 9.976642e+00
   endloop
 endfacet
 facet normal  -7.2315260920e-01 -6.7700011253e-01 1.3682525882e-01
   outer loop
     vertex  1.163786e+02 -2.711358e+01 0.000000e+00
     vertex  1.163786e+02 -2.498145e+01 1.054960e+01
     vertex  1.150000e+02 -2.362469e+01 9.976642e+00
   endloop
 endfacet
 facet normal  -7.2359063373e-01 -5.7224041334e-01 3.8595013165e-01
   outer loop
     vertex  1.150000e+02 -2.362469e+01 9.976642e+00
     vertex  1.163786e+02 -2.498145e+01 1.054960e+01
     vertex  1.150000e+02 -1.812738e+01 1.812738e+01
   endloop
 endfacet
 facet normal  -7.2359063373e-01 -5.7224041334e-01 3.8595013165e-01
   outer loop
     vertex  1.163786e+02 -2.498145e+01 1.054960e+01
     vertex  1.163786e+02 -1.916843e+01 1.916843e+01
     vertex  1.150000e+02 -1.812738e+01 1.812738e+01
   endloop
 endfacet
 facet normal  -7.2359063373e-01 -3.8595013165e-01 5.7224041334e-01
   outer loop
     vertex  1.150000e+02 -1.812738e+01 1.812738e+01
     vertex  1.163786e+02 -1.916843e+01 1.916843e+01
     vertex  1.150000e+02 -9.976642e+00 2.362469e+01
   endloop
 endfacet
 facet normal  -7.2359063373e-01 -3.8595013165e-01 5.7224041334e-01
   outer loop
     vertex  1.163786e+02 -1.916843e+01 1.916843e+01
     vertex  1.163786e+02 -1.054960e+01 2.498145e+01
     vertex  1.150000e+02 -9.976642e+00 2.362469e+01
   endloop
 endfacet
 facet normal  -7.2315260920e-01 -1.3682525882e-01 6.7700011253e-01
   outer loop
     vertex  1.150000e+02 -9.976642e+00 2.362469e+01
     vertex  1.163786e+02 -1.054960e+01 2.498145e+01
     vertex  1.150000e+02 0.000000e+00 2.564102e+01
   endloop
 endfacet
 facet normal  -7.2315260920e-01 -1.3682525882e-01 6.7700011253e-01
   outer loop
     vertex  1.163786e+02 -1.054960e+01 2.498145e+01
     vertex  1.163786e+02 0.000000e+00 2.711358e+01
     vertex  1.150000e+02 0.000000e+00 2.564102e+01
   endloop
 endfacet
 facet normal  -7.2315260920e-01 1.3682525882e-01 6.7700011253e-01
   outer loop
     vertex  1.150000e+02 0.000000e+00 2.564102e+01
     vertex  1.163786e+02 0.000000e+00 2.711358e+01
     vertex  1.163786e+02 1.054960e+01 2.498145e+01
   endloop
 endfacet
 facet normal  -7.2315260920e-01 1.3682525882e-01 6.7700011253e-01
   outer loop
     vertex  1.150000e+02 0.000000e+00 2.564102e+01
     vertex  1.163786e+02 1.054960e+01 2.498145e+01
     vertex  1.150000e+02 9.976642e+00 2.362469e+01
   endloop
 endfacet
 facet normal  -7.2359063373e-01 3.8595013165e-01 5.7224041334e-01
   outer loop
     vertex  1.150000e+02 9.976642e+00 2.362469e+01
     vertex  1.163786e+02 1.054960e+01 2.498145e+01
     vertex  1.163786e+02 1.916843e+01 1.916843e+01
   endloop
 endfacet
 facet normal  -7.2359063373e-01 3.8595013165e-01 5.7224041334e-01
   outer loop
     vertex  1.150000e+02 9.976642e+00 2.362469e+01
     vertex  1.163786e+02 1.916843e+01 1.916843e+01
     vertex  1.150000e+02 1.812738e+01 1.812738e+01
   endloop
 endfacet
 facet normal  -7.2359063373e-01 5.7224041334e-01 3.8595013165e-01
   outer loop
     vertex  1.150000e+02 1.812738e+01 1.812738e+01
     vertex  1.163786e+02 1.916843e+01 1.916843e+01
     vertex  1.163786e+02 2.498145e+01 1.054960e+01
   endloop
 endfacet
 facet normal  -7.2359063373e-01 5.7224041334e-01 3.8595013165e-01
   outer loop
     vertex  1.150000e+02 1.812738e+01 1.812738e+01
     vertex  1.163786e+02 2.498145e+01 1.054960e+01
     vertex  1.150000e+02 2.362469e+01 9.976642e+00
   endloop
 endfacet
 facet normal  -7.2315260920e-01 6.7700011253e-01 1.3682525882e-01
   outer loop
     vertex  1.150000e+02 2.362469e+01 9.976642e+00
     vertex  1.163786e+02 2.498145e+01 1.054960e+01
     vertex  1.163786e+02 2.711358e+01 0.000000e+00
   endloop
 endfacet
 facet normal  -7.2315260920e-01 6.7700011253e-01 1.3682525882e-01
   outer loop
     vertex  1.150000e+02 2.362469e+01 9.976642e+00
     vertex  1.163786e+02 2.711358e+01 0.000000e+00
     vertex  1.150000e+02 2.564102e+01 0.000000e+00
   endloop
 endfacet
 facet normal  -9.8320782837e-01 -1.7887275609e-01 3.6151118286e-02
   outer loop
     vertex  1.163786e+02 2.711358e+01 0.000000e+00
     vertex  1.157397e+02 3.062506e+01 0.000000e+00
     vertex  1.163786e+02 2.498145e+01 -1.054960e+01
   endloop
 endfacet
 facet normal  -9.8320782837e-01 -1.7887275609e-01 3.6151118286e-02
   outer loop
     vertex  1.157397e+02 3.062506e+01 0.000000e+00
     vertex  1.157397e+02 2.821680e+01 -1.191588e+01
     vertex  1.163786e+02 2.498145e+01 -1.054960e+01
   endloop
 endfacet
 facet normal  -9.8324936754e-01 -1.5110865931e-01 1.0191591785e-01
   outer loop
     vertex  1.163786e+02 2.498145e+01 -1.054960e+01
     vertex  1.157397e+02 2.821680e+01 -1.191588e+01
     vertex  1.163786e+02 1.916843e+01 -1.916843e+01
   endloop
 endfacet
 facet normal  -9.8324936754e-01 -1.5110865931e-01 1.0191591785e-01
   outer loop
     vertex  1.157397e+02 2.821680e+01 -1.191588e+01
     vertex  1.157397e+02 2.165094e+01 -2.165094e+01
     vertex  1.163786e+02 1.916843e+01 -1.916843e+01
   endloop
 endfacet
 facet normal  -9.8324936754e-01 -1.0191591785e-01 1.5110865931e-01
   outer loop
     vertex  1.163786e+02 1.916843e+01 -1.916843e+01
     vertex  1.157397e+02 2.165094e+01 -2.165094e+01
     vertex  1.163786e+02 1.054960e+01 -2.498145e+01
   endloop
 endfacet
 facet normal  -9.8324936754e-01 -1.0191591785e-01 1.5110865931e-01
   outer loop
     vertex  1.157397e+02 2.165094e+01 -2.165094e+01
     vertex  1.157397e+02 1.191588e+01 -2.821680e+01
     vertex  1.163786e+02 1.054960e+01 -2.498145e+01
   endloop
 endfacet
 facet normal  -9.8320782837e-01 -3.6151118286e-02 1.7887275609e-01
   outer loop
     vertex  1.163786e+02 1.054960e+01 -2.498145e+01
     vertex  1.157397e+02 1.191588e+01 -2.821680e+01
     vertex  1.163786e+02 0.000000e+00 -2.711358e+01
   endloop
 endfacet
 facet normal  -9.8320782837e-01 -3.6151118286e-02 1.7887275609e-01
   outer loop
     vertex  1.157397e+02 1.191588e+01 -2.821680e+01
     vertex  1.157397e+02 0.000000e+00 -3.062506e+01
     vertex  1.163786e+02 0.000000e+00 -2.711358e+01
   endloop
 endfacet
 facet normal  -9.8320782837e-01 3.6151118286e-02 1.7887275609e-01
   outer loop
     vertex  1.163786e+02 0.000000e+00 -2.711358e+01
     vertex  1.157397e+02 0.000000e+00 -3.062506e+01
     vertex  1.157397e+02 -1.191588e+01 -2.821680e+01
   endloop
 endfacet
 facet normal  -9.8320782837e-01 3.6151118286e-02 1.7887275609e-01
   outer loop
     vertex  1.163786e+02 0.000000e+00 -2.711358e+01
     vertex  1.157397e+02 -1.191588e+01 -2.821680e+01
     vertex  1.163786e+02 -1.054960e+01 -2.498145e+01
   endloop
 endfacet
 facet normal  -9.8324936754e-01 1.0191591785e-01 1.5110865931e-01
   outer loop
     vertex  1.163786e+02 -1.054960e+01 -2.498145e+01
     vertex  1.157397e+02 -1.191588e+01 -2.821680e+01
     vertex  1.157397e+02 -2.165094e+01 -2.165094e+01
   endloop
 endfacet
 facet normal  -9.8324936754e-01 1.0191591785e-01 1.5110865931e-01
   outer loop
     vertex  1.163786e+02 -1.054960e+01 -2.498145e+01
     vertex  1.157397e+02 -2.165094e+01 -2.165094e+01
     vertex  1.163786e+02 -1.916843e+01 -1.916843e+01
   endloop
 endfacet
 facet normal  -9.8324936754e-01 1.5110865931e-01 1.0191591785e-01
   outer loop
     vertex  1.163786e+02 -1.916843e+01 -1.916843e+01
     vertex  1.157397e+02 -2.165094e+01 -2.165094e+01
     vertex  1.157397e+02 -2.821680e+01 -1.191588e+01
   endloop
 endfacet
 facet normal  -9.8324936754e-01 1.5110865931e-01 1.0191591785e-01
   outer loop
     vertex  1.163786e+02 -1.916843e+01 -1.916843e+01
     vertex  1.157397e+02 -2.821680e+01 -1.191588e+01
     vertex  1.163786e+02 -2.498145e+01 -1.054960e+01
   endloop
 endfacet
 facet normal  -9.8320782837e-01 1.7887275609e-01 3.6151118286e-02
   outer loop
     vertex  1.163786e+02 -2.498145e+01 -1.054960e+01
     vertex  1.157397e+02 -2.821680e+01 -1.191588e+01
     vertex  1.157397e+02 -3.062506e+01 0.000000e+00
   endloop
 endfacet
 facet normal  -9.8320782837e-01 1.7887275609e-01 3.6151118286e-02
   outer loop
     vertex  1.163786e+02 -2.498145e+01 -1.054960e+01
     vertex  1.157397e+02 -3.062506e+01 0.000000e+00
     vertex  1.163786e+02 -2.711358e+01 0.000000e+00
   endloop
 endfacet
 facet normal  -9.8320782837e-01 1.7887275609e-01 -3.6151118286e-02
   outer loop
     vertex  1.163786e+02 -2.711358e+01 0.000000e+00
     vertex  1.157397e+02 -3.062506e+01 0.000000e+00
     vertex  1.163786e+02 -2.498145e+01 1.054960e+01
   endloop
 endfacet
 facet normal  -9.8320782837e-01 1.7887275609e-01 -3.6151118286e-02
   outer loop
     vertex  1.157397e+02 -3.062506e+01 0.000000e+00
     vertex  1.157397e+02 -2.821680e+01 1.191588e+01
     vertex  1.163786e+02 -2.498145e+01 1.054960e+01
   endloop
 endfacet
 facet normal  -9.8324936754e-01 1.5110865931e-01 -1.0191591785e-01
   outer loop
     vertex  1.163786e+02 -2.498145e+01 1.054960e+01
     vertex  1.157397e+02 -2.821680e+01 1.191588e+01
     vertex  1.163786e+02 -1.916843e+01 1.916843e+01
   endloop
 endfacet
 facet normal  -9.8324936754e-01 1.5110865931e-01 -1.0191591785e-01
   outer loop
     vertex  1.157397e+02 -2.821680e+01 1.191588e+01
     vertex  1.157397e+02 -2.165094e+01 2.165094e+01
     vertex  1.163786e+02 -1.916843e+01 1.916843e+01
   endloop
 endfacet
 facet normal  -9.8324936754e-01 1.0191591785e-01 -1.5110865931e-01
   outer loop
     vertex  1.163786e+02 -1.916843e+01 1.916843e+01
     vertex  1.157397e+02 -2.165094e+01 2.165094e+01
     vertex  1.163786e+02 -1.054960e+01 2.498145e+01
   endloop
 endfacet
 facet normal  -9.8324936754e-01 1.0191591785e-01 -1.5110865931e-01
   outer loop
     vertex  1.157397e+02 -2.165094e+01 2.165094e+01
     vertex  1.157397e+02 -1.191588e+01 2.821680e+01
     vertex  1.163786e+02 -1.054960e+01 2.498145e+01
   endloop
 endfacet
 facet normal  -9.8320782837e-01 3.6151118286e-02 -1.7887275609e-01
   outer loop
     vertex  1.163786e+02 -1.054960e+01 2.498145e+01
     vertex  1.157397e+02 -1.191588e+01 2.821680e+01
     vertex  1.163786e+02 0.000000e+00 2.711358e+01
   endloop
 endfacet
 facet normal  -9.8320782837e-01 3.6151118286e-02 -1.7887275609e-01
   outer loop
     vertex  1.157397e+02 -1.191588e+01 2.821680e+01
     vertex  1.157397e+02 0.000000e+00 3.062506e+01
     vertex  1.163786e+02 0.000000e+00 2.711358e+01
   endloop
 endfacet
 facet normal  -9.8320782837e-01 -3.6151118286e-02 -1.7887275609e-01
   outer loop
     vertex  1.163786e+02 0.000000e+00 2.711358e+01
     vertex  1.157397e+02 0.000000e+00 3.062506e+01
     vertex  1.157397e+02 1.191588e+01 2.821680e+01
   endloop
 endfacet
 facet normal  -9.8320782837e-01 -3.6151118286e-02 -1.7887275609e-01
   outer loop
     vertex  1.163786e+02 0.000000e+00 2.711358e+01
     vertex  1.157397e+02 1.191588e+01 2.821680e+01
     vertex  1.163786e+02 1.054960e+01 2.498145e+01
   endloop
 endfacet
 facet normal  -9.8324936754e-01 -1.0191591785e-01 -1.5110865931e-01
   outer loop
     vertex  1.163786e+02 1.054960e+01 2.498145e+01
     vertex  1.157397e+02 1.191588e+01 2.821680e+01
     vertex  1.157397e+02 2.165094e+01 2.165094e+01
   endloop
 endfacet
 facet normal  -9.8324936754e-01 -1.0191591785e-01 -1.5110865931e-01
   outer loop
     vertex  1.163786e+02 1.054960e+01 2.498145e+01
     vertex  1.157397e+02 2.165094e+01 2.165094e+01
     vertex  1.163786e+02 1.916843e+01 1.916843e+01
   endloop
 endfacet
 facet normal  -9.8324936754e-01 -1.5110865931e-01 -1.0191591785e-01
   outer loop
     vertex  1.163786e+02 1.916843e+01 1.916843e+01
     vertex  1.157397e+02 2.165094e+01 2.165094e+01
     vertex  1.157397e+02 2.821680e+01 1.191588e+01
   endloop
 endfacet
 facet normal  -9.8324936754e-01 -1.5110865931e-01 -1.0191591785e-01
   outer loop
     vertex  1.163786e+02 1.916843e+01 1.916843e+01
     vertex  1.157397e+02 2.821680e+01 1.191588e+01
     vertex  1.163786e+02 2.498145e+01 1.054960e+01
   endloop
 endfacet
 facet normal  -9.8320782837e-01 -1.7887275609e-01 -3.6151118286e-02
   outer loop
     vertex  1.163786e+02 2.498145e+01 1.054960e+01
     vertex  1.157397e+02 2.821680e+01 1.191588e+01
     vertex  1.157397e+02 3.062506e+01 0.000000e+00
   endloop
 endfacet
 facet normal  -9.8320782837e-01 -1.7887275609e-01 -3.6151118286e-02
   outer loop
     vertex  1.163786e+02 2.498145e+01 1.054960e+01
     vertex  1.157397e+02 3.062506e+01 0.000000e+00
     vertex  1.163786e+02 2.711358e+01 0.000000e+00
   endloop
 endfacet
 facet normal  -9.5188940177e-01 -3.0036867174e-01 6.0706077430e-02
   outer loop
     vertex  1.157397e+02 3.062506e+01 0.000000e+00
     vertex  1.144172e+02 3.481618e+01 0.000000e+00
     vertex  1.157397e+02 2.821680e+01 -1.191588e+01
   endloop
 endfacet
 facet normal  -9.5188940177e-01 -3.0036867174e-01 6.0706077430e-02
   outer loop
     vertex  1.144172e+02 3.481618e+01 0.000000e+00
     vertex  1.144172e+02 3.207834e+01 -1.354660e+01
     vertex  1.157397e+02 2.821680e+01 -1.191588e+01
   endloop
 endfacet
 facet normal  -9.5200281662e-01 -2.5376585245e-01 1.7115352548e-01
   outer loop
     vertex  1.157397e+02 2.821680e+01 -1.191588e+01
     vertex  1.144172e+02 3.207834e+01 -1.354660e+01
     vertex  1.157397e+02 2.165094e+01 -2.165094e+01
   endloop
 endfacet
 facet normal  -9.5200281662e-01 -2.5376585245e-01 1.7115352548e-01
   outer loop
     vertex  1.144172e+02 3.207834e+01 -1.354660e+01
     vertex  1.144172e+02 2.461393e+01 -2.461393e+01
     vertex  1.157397e+02 2.165094e+01 -2.165094e+01
   endloop
 endfacet
 facet normal  -9.5200281662e-01 -1.7115352548e-01 2.5376585245e-01
   outer loop
     vertex  1.157397e+02 2.165094e+01 -2.165094e+01
     vertex  1.144172e+02 2.461393e+01 -2.461393e+01
     vertex  1.157397e+02 1.191588e+01 -2.821680e+01
   endloop
 endfacet
 facet normal  -9.5200281662e-01 -1.7115352548e-01 2.5376585245e-01
   outer loop
     vertex  1.144172e+02 2.461393e+01 -2.461393e+01
     vertex  1.144172e+02 1.354660e+01 -3.207834e+01
     vertex  1.157397e+02 1.191588e+01 -2.821680e+01
   endloop
 endfacet
 facet normal  -9.5188940177e-01 -6.0706077430e-02 3.0036867174e-01
   outer loop
     vertex  1.157397e+02 1.191588e+01 -2.821680e+01
     vertex  1.144172e+02 1.354660e+01 -3.207834e+01
     vertex  1.157397e+02 0.000000e+00 -3.062506e+01
   endloop
 endfacet
 facet normal  -9.5188940177e-01 -6.0706077430e-02 3.0036867174e-01
   outer loop
     vertex  1.144172e+02 1.354660e+01 -3.207834e+01
     vertex  1.144172e+02 0.000000e+00 -3.481618e+01
     vertex  1.157397e+02 0.000000e+00 -3.062506e+01
   endloop
 endfacet
 facet normal  -9.5188940177e-01 6.0706077430e-02 3.0036867174e-01
   outer loop
     vertex  1.157397e+02 0.000000e+00 -3.062506e+01
     vertex  1.144172e+02 0.000000e+00 -3.481618e+01
     vertex  1.144172e+02 -1.354660e+01 -3.207834e+01
   endloop
 endfacet
 facet normal  -9.5188940177e-01 6.0706077430e-02 3.0036867174e-01
   outer loop
     vertex  1.157397e+02 0.000000e+00 -3.062506e+01
     vertex  1.144172e+02 -1.354660e+01 -3.207834e+01
     vertex  1.157397e+02 -1.191588e+01 -2.821680e+01
   endloop
 endfacet
 facet normal  -9.5200281662e-01 1.7115352548e-01 2.5376585245e-01
   outer loop
     vertex  1.157397e+02 -1.191588e+01 -2.821680e+01
     vertex  1.144172e+02 -1.354660e+01 -3.207834e+01
     vertex  1.144172e+02 -2.461393e+01 -2.461393e+01
   endloop
 endfacet
 facet normal  -9.5200281662e-01 1.7115352548e-01 2.5376585245e-01
   outer loop
     vertex  1.157397e+02 -1.191588e+01 -2.821680e+01
     vertex  1.144172e+02 -2.461393e+01 -2.461393e+01
     vertex  1.157397e+02 -2.165094e+01 -2.165094e+01
   endloop
 endfacet
 facet normal  -9.5200281662e-01 2.5376585245e-01 1.7115352548e-01
   outer loop
     vertex  1.157397e+02 -2.165094e+01 -2.165094e+01
     vertex  1.144172e+02 -2.461393e+01 -2.461393e+01
     vertex  1.144172e+02 -3.207834e+01 -1.354660e+01
   endloop
 endfacet
 facet normal  -9.5200281662e-01 2.5376585245e-01 1.7115352548e-01
   outer loop
     vertex  1.157397e+02 -2.165094e+01 -2.165094e+01
     vertex  1.144172e+02 -3.207834e+01 -1.354660e+01
     vertex  1.157397e+02 -2.821680e+01 -1.191588e+01
   endloop
 endfacet
 facet normal  -9.5188940177e-01 3.0036867174e-01 6.0706077430e-02
   outer loop
     vertex  1.157397e+02 -2.821680e+01 -1.191588e+01
     vertex  1.144172e+02 -3.207834e+01 -1.354660e+01
     vertex  1.144172e+02 -3.481618e+01 0.000000e+00
   endloop
 endfacet
 facet normal  -9.5188940177e-01 3.0036867174e-01 6.0706077430e-02
   outer loop
     vertex  1.157397e+02 -2.821680e+01 -1.191588e+01
     vertex  1.144172e+02 -3.481618e+01 0.000000e+00
     vertex  1.157397e+02 -3.062506e+01 0.000000e+00
   endloop
 endfacet
 facet normal  -9.5188940177e-01 3.0036867174e-01 -6.0706077430e-02
   outer loop
     vertex  1.157397e+02 -3.062506e+01 0.000000e+00
     vertex  1.144172e+02 -3.481618e+01 0.000000e+00
     vertex  1.157397e+02 -2.821680e+01 1.191588e+01
   endloop
 endfacet
 facet normal  -9.5188940177e-01 3.0036867174e-01 -6.0706077430e-02
   outer loop
     vertex  1.144172e+02 -3.481618e+01 0.000000e+00
     vertex  1.144172e+02 -3.207834e+01 1.354660e+01
     vertex  1.157397e+02 -2.821680e+01 1.191588e+01
   endloop
 endfacet
 facet normal  -9.5200281662e-01 2.5376585245e-01 -1.7115352548e-01
   outer loop
     vertex  1.157397e+02 -2.821680e+01 1.191588e+01
     vertex  1.144172e+02 -3.207834e+01 1.354660e+01
     vertex  1.157397e+02 -2.165094e+01 2.165094e+01
   endloop
 endfacet
 facet normal  -9.5200281662e-01 2.5376585245e-01 -1.7115352548e-01
   outer loop
     vertex  1.144172e+02 -3.207834e+01 1.354660e+01
     vertex  1.144172e+02 -2.461393e+01 2.461393e+01
     vertex  1.157397e+02 -2.165094e+01 2.165094e+01
   endloop
 endfacet
 facet normal  -9.5200281662e-01 1.7115352548e-01 -2.5376585245e-01
   outer loop
     vertex  1.157397e+02 -2.165094e+01 2.165094e+01
     vertex  1.144172e+02 -2.461393e+01 2.461393e+01
     vertex  1.157397e+02 -1.191588e+01 2.821680e+01
   endloop
 endfacet
 facet normal  -9.5200281662e-01 1.7115352548e-01 -2.5376585245e-01
   outer loop
     vertex  1.144172e+02 -2.461393e+01 2.461393e+01
     vertex  1.144172e+02 -1.354660e+01 3.207834e+01
     vertex  1.157397e+02 -1.191588e+01 2.821680e+01
   endloop
 endfacet
 facet normal  -9.5188940177e-01 6.0706077430e-02 -3.0036867174e-01
   outer loop
     vertex  1.157397e+02 -1.191588e+01 2.821680e+01
     vertex  1.144172e+02 -1.354660e+01 3.207834e+01
     vertex  1.157397e+02 0.000000e+00 3.062506e+01
   endloop
 endfacet
 facet normal  -9.5188940177e-01 6.0706077430e-02 -3.0036867174e-01
   outer loop
     vertex  1.144172e+02 -1.354660e+01 3.207834e+01
     vertex  1.144172e+02 0.000000e+00 3.481618e+01
     vertex  1.157397e+02 0.000000e+00 3.062506e+01
   endloop
 endfacet
 facet normal  -9.5188940177e-01 -6.0706077430e-02 -3.0036867174e-01
   outer loop
     vertex  1.157397e+02 0.000000e+00 3.062506e+01
     vertex  1.144172e+02 0.000000e+00 3.481618e+01
     vertex  1.144172e+02 1.354660e+01 3.207834e+01
   endloop
 endfacet
 facet normal  -9.5188940177e-01 -6.0706077430e-02 -3.0036867174e-01
   outer loop
     vertex  1.157397e+02 0.000000e+00 3.062506e+01
     vertex  1.144172e+02 1.354660e+01 3.207834e+01
     vertex  1.157397e+02 1.191588e+01 2.821680e+01
   endloop
 endfacet
 facet normal  -9.5200281662e-01 -1.7115352548e-01 -2.5376585245e-01
   outer loop
     vertex  1.157397e+02 1.191588e+01 2.821680e+01
     vertex  1.144172e+02 1.354660e+01 3.207834e+01
     vertex  1.144172e+02 2.461393e+01 2.461393e+01
   endloop
 endfacet
 facet normal  -9.5200281662e-01 -1.7115352548e-01 -2.5376585245e-01
   outer loop
     vertex  1.157397e+02 1.191588e+01 2.821680e+01
     vertex  1.144172e+02 2.461393e+01 2.461393e+01
     vertex  1.157397e+02 2.165094e+01 2.165094e+01
   endloop
 endfacet
 facet normal  -9.5200281662e-01 -2.5376585245e-01 -1.7115352548e-01
   outer loop
     vertex  1.157397e+02 2.165094e+01 2.165094e+01
     vertex  1.144172e+02 2.461393e+01 2.461393e+01
     vertex  1.144172e+02 3.207834e+01 1.354660e+01
   endloop
 endfacet
 facet normal  -9.5200281662e-01 -2.5376585245e-01 -1.7115352548e-01
   outer loop
     vertex  1.157397e+02 2.165094e+01 2.165094e+01
     vertex  1.144172e+02 3.207834e+01 1.354660e+01
     vertex  1.157397e+02 2.821680e+01 1.191588e+01
   endloop
 endfacet
 facet normal  -9.5188940177e-01 -3.0036867174e-01 -6.0706077430e-02
   outer loop
     vertex  1.157397e+02 2.821680e+01 1.191588e+01
     vertex  1.144172e+02 3.207834e+01 1.354660e+01
     vertex  1.144172e+02 3.481618e+01 0.000000e+00
   endloop
 endfacet
 facet normal  -9.5188940177e-01 -3.0036867174e-01 -6.0706077430e-02
   outer loop
     vertex  1.157397e+02 2.821680e+01 1.191588e+01
     vertex  1.144172e+02 3.481618e+01 0.000000e+00
     vertex  1.157397e+02 3.062506e+01 0.000000e+00
   endloop
 endfacet
 facet normal  -9.8144478565e-01 -1.8794493568e-01 3.7984653167e-02
   outer loop
     vertex  1.144172e+02 3.481618e+01 0.000000e+00
     vertex  1.137448e+02 3.832766e+01 0.000000e+00
     vertex  1.144172e+02 3.207834e+01 -1.354660e+01
   endloop
 endfacet
 facet normal  -9.8144478565e-01 -1.8794493568e-01 3.7984653167e-02
   outer loop
     vertex  1.137448e+02 3.832766e+01 0.000000e+00
     vertex  1.137448e+02 3.531369e+01 -1.491288e+01
     vertex  1.144172e+02 3.207834e+01 -1.354660e+01
   endloop
 endfacet
 facet normal  -9.8149056336e-01 -1.5877337990e-01 1.0708542327e-01
   outer loop
     vertex  1.144172e+02 3.207834e+01 -1.354660e+01
     vertex  1.137448e+02 3.531369e+01 -1.491288e+01
     vertex  1.144172e+02 2.461393e+01 -2.461393e+01
   endloop
 endfacet
 facet normal  -9.8149056336e-01 -1.5877337990e-01 1.0708542327e-01
   outer loop
     vertex  1.137448e+02 3.531369e+01 -1.491288e+01
     vertex  1.137448e+02 2.709644e+01 -2.709644e+01
     vertex  1.144172e+02 2.461393e+01 -2.461393e+01
   endloop
 endfacet
 facet normal  -9.8149056336e-01 -1.0708542327e-01 1.5877337990e-01
   outer loop
     vertex  1.144172e+02 2.461393e+01 -2.461393e+01
     vertex  1.137448e+02 2.709644e+01 -2.709644e+01
     vertex  1.144172e+02 1.354660e+01 -3.207834e+01
   endloop
 endfacet
 facet normal  -9.8149056336e-01 -1.0708542327e-01 1.5877337990e-01
   outer loop
     vertex  1.137448e+02 2.709644e+01 -2.709644e+01
     vertex  1.137448e+02 1.491288e+01 -3.531369e+01
     vertex  1.144172e+02 1.354660e+01 -3.207834e+01
   endloop
 endfacet
 facet normal  -9.8144478565e-01 -3.7984653167e-02 1.8794493568e-01
   outer loop
     vertex  1.144172e+02 1.354660e+01 -3.207834e+01
     vertex  1.137448e+02 1.491288e+01 -3.531369e+01
     vertex  1.144172e+02 0.000000e+00 -3.481618e+01
   endloop
 endfacet
 facet normal  -9.8144478565e-01 -3.7984653167e-02 1.8794493568e-01
   outer loop
     vertex  1.137448e+02 1.491288e+01 -3.531369e+01
     vertex  1.137448e+02 0.000000e+00 -3.832766e+01
     vertex  1.144172e+02 0.000000e+00 -3.481618e+01
   endloop
 endfacet
 facet normal  -9.8144478565e-01 3.7984653167e-02 1.8794493568e-01
   outer loop
     vertex  1.144172e+02 0.000000e+00 -3.481618e+01
     vertex  1.137448e+02 0.000000e+00 -3.832766e+01
     vertex  1.137448e+02 -1.491288e+01 -3.531369e+01
   endloop
 endfacet
 facet normal  -9.8144478565e-01 3.7984653167e-02 1.8794493568e-01
   outer loop
     vertex  1.144172e+02 0.000000e+00 -3.481618e+01
     vertex  1.137448e+02 -1.491288e+01 -3.531369e+01
     vertex  1.144172e+02 -1.354660e+01 -3.207834e+01
   endloop
 endfacet
 facet normal  -9.8149056336e-01 1.0708542327e-01 1.5877337990e-01
   outer loop
     vertex  1.144172e+02 -1.354660e+01 -3.207834e+01
     vertex  1.137448e+02 -1.491288e+01 -3.531369e+01
     vertex  1.137448e+02 -2.709644e+01 -2.709644e+01
   endloop
 endfacet
 facet normal  -9.8149056336e-01 1.0708542327e-01 1.5877337990e-01
   outer loop
     vertex  1.144172e+02 -1.354660e+01 -3.207834e+01
     vertex  1.137448e+02 -2.709644e+01 -2.709644e+01
     vertex  1.144172e+02 -2.461393e+01 -2.461393e+01
   endloop
 endfacet
 facet normal  -9.8149056336e-01 1.5877337990e-01 1.0708542327e-01
   outer loop
     vertex  1.144172e+02 -2.461393e+01 -2.461393e+01
     vertex  1.137448e+02 -2.709644e+01 -2.709644e+01
     vertex  1.137448e+02 -3.531369e+01 -1.491288e+01
   endloop
 endfacet
 facet normal  -9.8149056336e-01 1.5877337990e-01 1.0708542327e-01
   outer loop
     vertex  1.144172e+02 -2.461393e+01 -2.461393e+01
     vertex  1.137448e+02 -3.531369e+01 -1.491288e+01
     vertex  1.144172e+02 -3.207834e+01 -1.354660e+01
   endloop
 endfacet
 facet normal  -9.8144478565e-01 1.8794493568e-01 3.7984653167e-02
   outer loop
     vertex  1.144172e+02 -3.207834e+01 -1.354660e+01
     vertex  1.137448e+02 -3.531369e+01 -1.491288e+01
     vertex  1.137448e+02 -3.832766e+01 0.000000e+00
   endloop
 endfacet
 facet normal  -9.8144478565e-01 1.8794493568e-01 3.7984653167e-02
   outer loop
     vertex  1.144172e+02 -3.207834e+01 -1.354660e+01
     vertex  1.137448e+02 -3.832766e+01 0.000000e+00
     vertex  1.144172e+02 -3.481618e+01 0.000000e+00
   endloop
 endfacet
 facet normal  -9.8144478565e-01 1.8794493568e-01 -3.7984653167e-02
   outer loop
     vertex  1.144172e+02 -3.481618e+01 0.000000e+00
     vertex  1.137448e+02 -3.832766e+01 0.000000e+00
     vertex  1.144172e+02 -3.207834e+01 1.354660e+01
   endloop
 endfacet
 facet normal  -9.8144478565e-01 1.8794493568e-01 -3.7984653167e-02
   outer loop
     vertex  1.137448e+02 -3.832766e+01 0.000000e+00
     vertex  1.137448e+02 -3.531369e+01 1.491288e+01
     vertex  1.144172e+02 -3.207834e+01 1.354660e+01
   endloop
 endfacet
 facet normal  -9.8149056336e-01 1.5877337990e-01 -1.0708542327e-01
   outer loop
     vertex  1.144172e+02 -3.207834e+01 1.354660e+01
     vertex  1.137448e+02 -3.531369e+01 1.491288e+01
     vertex  1.144172e+02 -2.461393e+01 2.461393e+01
   endloop
 endfacet
 facet normal  -9.8149056336e-01 1.5877337990e-01 -1.0708542327e-01
   outer loop
     vertex  1.137448e+02 -3.531369e+01 1.491288e+01
     vertex  1.137448e+02 -2.709644e+01 2.709644e+01
     vertex  1.144172e+02 -2.461393e+01 2.461393e+01
   endloop
 endfacet
 facet normal  -9.8149056336e-01 1.0708542327e-01 -1.5877337990e-01
   outer loop
     vertex  1.144172e+02 -2.461393e+01 2.461393e+01
     vertex  1.137448e+02 -2.709644e+01 2.709644e+01
     vertex  1.144172e+02 -1.354660e+01 3.207834e+01
   endloop
 endfacet
 facet normal  -9.8149056336e-01 1.0708542327e-01 -1.5877337990e-01
   outer loop
     vertex  1.137448e+02 -2.709644e+01 2.709644e+01
     vertex  1.137448e+02 -1.491288e+01 3.531369e+01
     vertex  1.144172e+02 -1.354660e+01 3.207834e+01
   endloop
 endfacet
 facet normal  -9.8144478565e-01 3.7984653167e-02 -1.8794493568e-01
   outer loop
     vertex  1.144172e+02 -1.354660e+01 3.207834e+01
     vertex  1.137448e+02 -1.491288e+01 3.531369e+01
     vertex  1.144172e+02 0.000000e+00 3.481618e+01
   endloop
 endfacet
 facet normal  -9.8144478565e-01 3.7984653167e-02 -1.8794493568e-01
   outer loop
     vertex  1.137448e+02 -1.491288e+01 3.531369e+01
     vertex  1.137448e+02 0.000000e+00 3.832766e+01
     vertex  1.144172e+02 0.000000e+00 3.481618e+01
   endloop
 endfacet
 facet normal  -9.8144478565e-01 -3.7984653167e-02 -1.8794493568e-01
   outer loop
     vertex  1.144172e+02 0.000000e+00 3.481618e+01
     vertex  1.137448e+02 0.000000e+00 3.832766e+01
     vertex  1.137448e+02 1.491288e+01 3.531369e+01
   endloop
 endfacet
 facet normal  -9.8144478565e-01 -3.7984653167e-02 -1.8794493568e-01
   outer loop
     vertex  1.144172e+02 0.000000e+00 3.481618e+01
     vertex  1.137448e+02 1.491288e+01 3.531369e+01
     vertex  1.144172e+02 1.354660e+01 3.207834e+01
   endloop
 endfacet
 facet normal  -9.8149056336e-01 -1.0708542327e-01 -1.5877337990e-01
   outer loop
     vertex  1.144172e+02 1.354660e+01 3.207834e+01
     vertex  1.137448e+02 1.491288e+01 3.531369e+01
     vertex  1.137448e+02 2.709644e+01 2.709644e+01
   endloop
 endfacet
 facet normal  -9.8149056336e-01 -1.0708542327e-01 -1.5877337990e-01
   outer loop
     vertex  1.144172e+02 1.354660e+01 3.207834e+01
     vertex  1.137448e+02 2.709644e+01 2.709644e+01
     vertex  1.144172e+02 2.461393e+01 2.461393e+01
   endloop
 endfacet
 facet normal  -9.8149056336e-01 -1.5877337990e-01 -1.0708542327e-01
   outer loop
     vertex  1.144172e+02 2.461393e+01 2.461393e+01
     vertex  1.137448e+02 2.709644e+01 2.709644e+01
     vertex  1.137448e+02 3.531369e+01 1.491288e+01
   endloop
 endfacet
 facet normal  -9.8149056336e-01 -1.5877337990e-01 -1.0708542327e-01
   outer loop
     vertex  1.144172e+02 2.461393e+01 2.461393e+01
     vertex  1.137448e+02 3.531369e+01 1.491288e+01
     vertex  1.144172e+02 3.207834e+01 1.354660e+01
   endloop
 endfacet
 facet normal  -9.8144478565e-01 -1.8794493568e-01 -3.7984653167e-02
   outer loop
     vertex  1.144172e+02 3.207834e+01 1.354660e+01
     vertex  1.137448e+02 3.531369e+01 1.491288e+01
     vertex  1.137448e+02 3.832766e+01 0.000000e+00
   endloop
 endfacet
 facet normal  -9.8144478565e-01 -1.8794493568e-01 -3.7984653167e-02
   outer loop
     vertex  1.144172e+02 3.207834e+01 1.354660e+01
     vertex  1.137448e+02 3.832766e+01 0.000000e+00
     vertex  1.144172e+02 3.481618e+01 0.000000e+00
   endloop
 endfacet
 facet normal  -7.4014284843e-01 6.5912295941e-01 -1.3321219280e-01
   outer loop
     vertex  1.137448e+02 3.832766e+01 0.000000e+00
     vertex  1.150562e+02 3.980022e+01 0.000000e+00
     vertex  1.137448e+02 3.531369e+01 -1.491288e+01
   endloop
 endfacet
 facet normal  -7.4014284843e-01 6.5912295941e-01 -1.3321219280e-01
   outer loop
     vertex  1.150562e+02 3.980022e+01 0.000000e+00
     vertex  1.150562e+02 3.667045e+01 -1.548583e+01
     vertex  1.137448e+02 3.531369e+01 -1.491288e+01
   endloop
 endfacet
 facet normal  -7.4056777985e-01 5.5711199792e-01 -3.7574670354e-01
   outer loop
     vertex  1.137448e+02 3.531369e+01 -1.491288e+01
     vertex  1.150562e+02 3.667045e+01 -1.548583e+01
     vertex  1.137448e+02 2.709644e+01 -2.709644e+01
   endloop
 endfacet
 facet normal  -7.4056777985e-01 5.5711199792e-01 -3.7574670354e-01
   outer loop
     vertex  1.150562e+02 3.667045e+01 -1.548583e+01
     vertex  1.150562e+02 2.813749e+01 -2.813749e+01
     vertex  1.137448e+02 2.709644e+01 -2.709644e+01
   endloop
 endfacet
 facet normal  -7.4056777985e-01 3.7574670354e-01 -5.5711199792e-01
   outer loop
     vertex  1.137448e+02 2.709644e+01 -2.709644e+01
     vertex  1.150562e+02 2.813749e+01 -2.813749e+01
     vertex  1.137448e+02 1.491288e+01 -3.531369e+01
   endloop
 endfacet
 facet normal  -7.4056777985e-01 3.7574670354e-01 -5.5711199792e-01
   outer loop
     vertex  1.150562e+02 2.813749e+01 -2.813749e+01
     vertex  1.150562e+02 1.548583e+01 -3.667045e+01
     vertex  1.137448e+02 1.491288e+01 -3.531369e+01
   endloop
 endfacet
 facet normal  -7.4014284843e-01 1.3321219280e-01 -6.5912295941e-01
   outer loop
     vertex  1.137448e+02 1.491288e+01 -3.531369e+01
     vertex  1.150562e+02 1.548583e+01 -3.667045e+01
     vertex  1.137448e+02 0.000000e+00 -3.832766e+01
   endloop
 endfacet
 facet normal  -7.4014284843e-01 1.3321219280e-01 -6.5912295941e-01
   outer loop
     vertex  1.150562e+02 1.548583e+01 -3.667045e+01
     vertex  1.150562e+02 0.000000e+00 -3.980022e+01
     vertex  1.137448e+02 0.000000e+00 -3.832766e+01
   endloop
 endfacet
 facet normal  -7.4014284843e-01 -1.3321219280e-01 -6.5912295941e-01
   outer loop
     vertex  1.137448e+02 0.000000e+00 -3.832766e+01
     vertex  1.150562e+02 0.000000e+00 -3.980022e+01
     vertex  1.150562e+02 -1.548583e+01 -3.667045e+01
   endloop
 endfacet
 facet normal  -7.4014284843e-01 -1.3321219280e-01 -6.5912295941e-01
   outer loop
     vertex  1.137448e+02 0.000000e+00 -3.832766e+01
     vertex  1.150562e+02 -1.548583e+01 -3.667045e+01
     vertex  1.137448e+02 -1.491288e+01 -3.531369e+01
   endloop
 endfacet
 facet normal  -7.4056777985e-01 -3.7574670354e-01 -5.5711199792e-01
   outer loop
     vertex  1.137448e+02 -1.491288e+01 -3.531369e+01
     vertex  1.150562e+02 -1.548583e+01 -3.667045e+01
     vertex  1.150562e+02 -2.813749e+01 -2.813749e+01
   endloop
 endfacet
 facet normal  -7.4056777985e-01 -3.7574670354e-01 -5.5711199792e-01
   outer loop
     vertex  1.137448e+02 -1.491288e+01 -3.531369e+01
     vertex  1.150562e+02 -2.813749e+01 -2.813749e+01
     vertex  1.137448e+02 -2.709644e+01 -2.709644e+01
   endloop
 endfacet
 facet normal  -7.4056777985e-01 -5.5711199792e-01 -3.7574670354e-01
   outer loop
     vertex  1.137448e+02 -2.709644e+01 -2.709644e+01
     vertex  1.150562e+02 -2.813749e+01 -2.813749e+01
     vertex  1.150562e+02 -3.667045e+01 -1.548583e+01
   endloop
 endfacet
 facet normal  -7.4056777985e-01 -5.5711199792e-01 -3.7574670354e-01
   outer loop
     vertex  1.137448e+02 -2.709644e+01 -2.709644e+01
     vertex  1.150562e+02 -3.667045e+01 -1.548583e+01
     vertex  1.137448e+02 -3.531369e+01 -1.491288e+01
   endloop
 endfacet
 facet normal  -7.4014284843e-01 -6.5912295941e-01 -1.3321219280e-01
   outer loop
     vertex  1.137448e+02 -3.531369e+01 -1.491288e+01
     vertex  1.150562e+02 -3.667045e+01 -1.548583e+01
     vertex  1.150562e+02 -3.980022e+01 0.000000e+00
   endloop
 endfacet
 facet normal  -7.4014284843e-01 -6.5912295941e-01 -1.3321219280e-01
   outer loop
     vertex  1.137448e+02 -3.531369e+01 -1.491288e+01
     vertex  1.150562e+02 -3.980022e+01 0.000000e+00
     vertex  1.137448e+02 -3.832766e+01 0.000000e+00
   endloop
 endfacet
 facet normal  -7.4014284843e-01 -6.5912295941e-01 1.3321219280e-01
   outer loop
     vertex  1.137448e+02 -3.832766e+01 0.000000e+00
     vertex  1.150562e+02 -3.980022e+01 0.000000e+00
     vertex  1.137448e+02 -3.531369e+01 1.491288e+01
   endloop
 endfacet
 facet normal  -7.4014284843e-01 -6.5912295941e-01 1.3321219280e-01
   outer loop
     vertex  1.150562e+02 -3.980022e+01 0.000000e+00
     vertex  1.150562e+02 -3.667045e+01 1.548583e+01
     vertex  1.137448e+02 -3.531369e+01 1.491288e+01
   endloop
 endfacet
 facet normal  -7.4056777985e-01 -5.5711199792e-01 3.7574670354e-01
   outer loop
     vertex  1.137448e+02 -3.531369e+01 1.491288e+01
     vertex  1.150562e+02 -3.667045e+01 1.548583e+01
     vertex  1.137448e+02 -2.709644e+01 2.709644e+01
   endloop
 endfacet
 facet normal  -7.4056777985e-01 -5.5711199792e-01 3.7574670354e-01
   outer loop
     vertex  1.150562e+02 -3.667045e+01 1.548583e+01
     vertex  1.150562e+02 -2.813749e+01 2.813749e+01
     vertex  1.137448e+02 -2.709644e+01 2.709644e+01
   endloop
 endfacet
 facet normal  -7.4056777985e-01 -3.7574670354e-01 5.5711199792e-01
   outer loop
     vertex  1.137448e+02 -2.709644e+01 2.709644e+01
     vertex  1.150562e+02 -2.813749e+01 2.813749e+01
     vertex  1.137448e+02 -1.491288e+01 3.531369e+01
   endloop
 endfacet
 facet normal  -7.4056777985e-01 -3.7574670354e-01 5.5711199792e-01
   outer loop
     vertex  1.150562e+02 -2.813749e+01 2.813749e+01
     vertex  1.150562e+02 -1.548583e+01 3.667045e+01
     vertex  1.137448e+02 -1.491288e+01 3.531369e+01
   endloop
 endfacet
 facet normal  -7.4014284843e-01 -1.3321219280e-01 6.5912295941e-01
   outer loop
     vertex  1.137448e+02 -1.491288e+01 3.531369e+01
     vertex  1.150562e+02 -1.548583e+01 3.667045e+01
     vertex  1.137448e+02 0.000000e+00 3.832766e+01
   endloop
 endfacet
 facet normal  -7.4014284843e-01 -1.3321219280e-01 6.5912295941e-01
   outer loop
     vertex  1.150562e+02 -1.548583e+01 3.667045e+01
     vertex  1.150562e+02 0.000000e+00 3.980022e+01
     vertex  1.137448e+02 0.000000e+00 3.832766e+01
   endloop
 endfacet
 facet normal  -7.4014284843e-01 1.3321219280e-01 6.5912295941e-01
   outer loop
     vertex  1.137448e+02 0.000000e+00 3.832766e+01
     vertex  1.150562e+02 0.000000e+00 3.980022e+01
     vertex  1.150562e+02 1.548583e+01 3.667045e+01
   endloop
 endfacet
 facet normal  -7.4014284843e-01 1.3321219280e-01 6.5912295941e-01
   outer loop
     vertex  1.137448e+02 0.000000e+00 3.832766e+01
     vertex  1.150562e+02 1.548583e+01 3.667045e+01
     vertex  1.137448e+02 1.491288e+01 3.531369e+01
   endloop
 endfacet
 facet normal  -7.4056777985e-01 3.7574670354e-01 5.5711199792e-01
   outer loop
     vertex  1.137448e+02 1.491288e+01 3.531369e+01
     vertex  1.150562e+02 1.548583e+01 3.667045e+01
     vertex  1.150562e+02 2.813749e+01 2.813749e+01
   endloop
 endfacet
 facet normal  -7.4056777985e-01 3.7574670354e-01 5.5711199792e-01
   outer loop
     vertex  1.137448e+02 1.491288e+01 3.531369e+01
     vertex  1.150562e+02 2.813749e+01 2.813749e+01
     vertex  1.137448e+02 2.709644e+01 2.709644e+01
   endloop
 endfacet
 facet normal  -7.4056777985e-01 5.5711199792e-01 3.7574670354e-01
   outer loop
     vertex  1.137448e+02 2.709644e+01 2.709644e+01
     vertex  1.150562e+02 2.813749e+01 2.813749e+01
     vertex  1.150562e+02 3.667045e+01 1.548583e+01
   endloop
 endfacet
 facet normal  -7.4056777985e-01 5.5711199792e-01 3.7574670354e-01
   outer loop
     vertex  1.137448e+02 2.709644e+01 2.709644e+01
     vertex  1.150562e+02 3.667045e+01 1.548583e+01
     vertex  1.137448e+02 3.531369e+01 1.491288e+01
   endloop
 endfacet
 facet normal  -7.4014284843e-01 6.5912295941e-01 1.3321219280e-01
   outer loop
     vertex  1.137448e+02 3.531369e+01 1.491288e+01
     vertex  1.150562e+02 3.667045e+01 1.548583e+01
     vertex  1.150562e+02 3.980022e+01 0.000000e+00
   endloop
 endfacet
 facet normal  -7.4014284843e-01 6.5912295941e-01 1.3321219280e-01
   outer loop
     vertex  1.137448e+02 3.531369e+01 1.491288e+01
     vertex  1.150562e+02 3.980022e+01 0.000000e+00
     vertex  1.137448e+02 3.832766e+01 0.000000e+00
   endloop
 endfacet
 facet normal  -6.9831546306e-01 7.0160449010e-01 -1.4179793204e-01
   outer loop
     vertex  1.150562e+02 3.980022e+01 0.000000e+00
     vertex  1.164918e+02 4.122909e+01 0.000000e+00
     vertex  1.150562e+02 3.667045e+01 -1.548583e+01
   endloop
 endfacet
 facet normal  -6.9831546306e-01 7.0160449010e-01 -1.4179793204e-01
   outer loop
     vertex  1.164918e+02 4.122909e+01 0.000000e+00
     vertex  1.164918e+02 3.798696e+01 -1.604179e+01
     vertex  1.150562e+02 3.667045e+01 -1.548583e+01
   endloop
 endfacet
 facet normal  -6.9876977754e-01 5.9306407816e-01 -3.9999474646e-01
   outer loop
     vertex  1.150562e+02 3.667045e+01 -1.548583e+01
     vertex  1.164918e+02 3.798696e+01 -1.604179e+01
     vertex  1.150562e+02 2.813749e+01 -2.813749e+01
   endloop
 endfacet
 facet normal  -6.9876977754e-01 5.9306407816e-01 -3.9999474646e-01
   outer loop
     vertex  1.164918e+02 3.798696e+01 -1.604179e+01
     vertex  1.164918e+02 2.914765e+01 -2.914765e+01
     vertex  1.150562e+02 2.813749e+01 -2.813749e+01
   endloop
 endfacet
 facet normal  -6.9876977754e-01 3.9999474646e-01 -5.9306407816e-01
   outer loop
     vertex  1.150562e+02 2.813749e+01 -2.813749e+01
     vertex  1.164918e+02 2.914765e+01 -2.914765e+01
     vertex  1.150562e+02 1.548583e+01 -3.667045e+01
   endloop
 endfacet
 facet normal  -6.9876977754e-01 3.9999474646e-01 -5.9306407816e-01
   outer loop
     vertex  1.164918e+02 2.914765e+01 -2.914765e+01
     vertex  1.164918e+02 1.604179e+01 -3.798696e+01
     vertex  1.150562e+02 1.548583e+01 -3.667045e+01
   endloop
 endfacet
 facet normal  -6.9831546306e-01 1.4179793204e-01 -7.0160449010e-01
   outer loop
     vertex  1.150562e+02 1.548583e+01 -3.667045e+01
     vertex  1.164918e+02 1.604179e+01 -3.798696e+01
     vertex  1.150562e+02 0.000000e+00 -3.980022e+01
   endloop
 endfacet
 facet normal  -6.9831546306e-01 1.4179793204e-01 -7.0160449010e-01
   outer loop
     vertex  1.164918e+02 1.604179e+01 -3.798696e+01
     vertex  1.164918e+02 0.000000e+00 -4.122909e+01
     vertex  1.150562e+02 0.000000e+00 -3.980022e+01
   endloop
 endfacet
 facet normal  -6.9831546306e-01 -1.4179793204e-01 -7.0160449010e-01
   outer loop
     vertex  1.150562e+02 0.000000e+00 -3.980022e+01
     vertex  1.164918e+02 0.000000e+00 -4.122909e+01
     vertex  1.164918e+02 -1.604179e+01 -3.798696e+01
   endloop
 endfacet
 facet normal  -6.9831546306e-01 -1.4179793204e-01 -7.0160449010e-01
   outer loop
     vertex  1.150562e+02 0.000000e+00 -3.980022e+01
     vertex  1.164918e+02 -1.604179e+01 -3.798696e+01
     vertex  1.150562e+02 -1.548583e+01 -3.667045e+01
   endloop
 endfacet
 facet normal  -6.9876977754e-01 -3.9999474646e-01 -5.9306407816e-01
   outer loop
     vertex  1.150562e+02 -1.548583e+01 -3.667045e+01
     vertex  1.164918e+02 -1.604179e+01 -3.798696e+01
     vertex  1.164918e+02 -2.914765e+01 -2.914765e+01
   endloop
 endfacet
 facet normal  -6.9876977754e-01 -3.9999474646e-01 -5.9306407816e-01
   outer loop
     vertex  1.150562e+02 -1.548583e+01 -3.667045e+01
     vertex  1.164918e+02 -2.914765e+01 -2.914765e+01
     vertex  1.150562e+02 -2.813749e+01 -2.813749e+01
   endloop
 endfacet
 facet normal  -6.9876977754e-01 -5.9306407816e-01 -3.9999474646e-01
   outer loop
     vertex  1.150562e+02 -2.813749e+01 -2.813749e+01
     vertex  1.164918e+02 -2.914765e+01 -2.914765e+01
     vertex  1.164918e+02 -3.798696e+01 -1.604179e+01
   endloop
 endfacet
 facet normal  -6.9876977754e-01 -5.9306407816e-01 -3.9999474646e-01
   outer loop
     vertex  1.150562e+02 -2.813749e+01 -2.813749e+01
     vertex  1.164918e+02 -3.798696e+01 -1.604179e+01
     vertex  1.150562e+02 -3.667045e+01 -1.548583e+01
   endloop
 endfacet
 facet normal  -6.9831546306e-01 -7.0160449010e-01 -1.4179793204e-01
   outer loop
     vertex  1.150562e+02 -3.667045e+01 -1.548583e+01
     vertex  1.164918e+02 -3.798696e+01 -1.604179e+01
     vertex  1.164918e+02 -4.122909e+01 0.000000e+00
   endloop
 endfacet
 facet normal  -6.9831546306e-01 -7.0160449010e-01 -1.4179793204e-01
   outer loop
     vertex  1.150562e+02 -3.667045e+01 -1.548583e+01
     vertex  1.164918e+02 -4.122909e+01 0.000000e+00
     vertex  1.150562e+02 -3.980022e+01 0.000000e+00
   endloop
 endfacet
 facet normal  -6.9831546306e-01 -7.0160449010e-01 1.4179793204e-01
   outer loop
     vertex  1.150562e+02 -3.980022e+01 0.000000e+00
     vertex  1.164918e+02 -4.122909e+01 0.000000e+00
     vertex  1.150562e+02 -3.667045e+01 1.548583e+01
   endloop
 endfacet
 facet normal  -6.9831546306e-01 -7.0160449010e-01 1.4179793204e-01
   outer loop
     vertex  1.164918e+02 -4.122909e+01 0.000000e+00
     vertex  1.164918e+02 -3.798696e+01 1.604179e+01
     vertex  1.150562e+02 -3.667045e+01 1.548583e+01
   endloop
 endfacet
 facet normal  -6.9876977754e-01 -5.9306407816e-01 3.9999474646e-01
   outer loop
     vertex  1.150562e+02 -3.667045e+01 1.548583e+01
     vertex  1.164918e+02 -3.798696e+01 1.604179e+01
     vertex  1.150562e+02 -2.813749e+01 2.813749e+01
   endloop
 endfacet
 facet normal  -6.9876977754e-01 -5.9306407816e-01 3.9999474646e-01
   outer loop
     vertex  1.164918e+02 -3.798696e+01 1.604179e+01
     vertex  1.164918e+02 -2.914765e+01 2.914765e+01
     vertex  1.150562e+02 -2.813749e+01 2.813749e+01
   endloop
 endfacet
 facet normal  -6.9876977754e-01 -3.9999474646e-01 5.9306407816e-01
   outer loop
     vertex  1.150562e+02 -2.813749e+01 2.813749e+01
     vertex  1.164918e+02 -2.914765e+01 2.914765e+01
     vertex  1.150562e+02 -1.548583e+01 3.667045e+01
   endloop
 endfacet
 facet normal  -6.9876977754e-01 -3.9999474646e-01 5.9306407816e-01
   outer loop
     vertex  1.164918e+02 -2.914765e+01 2.914765e+01
     vertex  1.164918e+02 -1.604179e+01 3.798696e+01
     vertex  1.150562e+02 -1.548583e+01 3.667045e+01
   endloop
 endfacet
 facet normal  -6.9831546306e-01 -1.4179793204e-01 7.0160449010e-01
   outer loop
     vertex  1.150562e+02 -1.548583e+01 3.667045e+01
     vertex  1.164918e+02 -1.604179e+01 3.798696e+01
     vertex  1.150562e+02 0.000000e+00 3.980022e+01
   endloop
 endfacet
 facet normal  -6.9831546306e-01 -1.4179793204e-01 7.0160449010e-01
   outer loop
     vertex  1.164918e+02 -1.604179e+01 3.798696e+01
     vertex  1.164918e+02 0.000000e+00 4.122909e+01
     vertex  1.150562e+02 0.000000e+00 3.980022e+01
   endloop
 endfacet
 facet normal  -6.9831546306e-01 1.4179793204e-01 7.0160449010e-01
   outer loop
     vertex  1.150562e+02 0.000000e+00 3.980022e+01
     vertex  1.164918e+02 0.000000e+00 4.122909e+01
     vertex  1.164918e+02 1.604179e+01 3.798696e+01
   endloop
 endfacet
 facet normal  -6.9831546306e-01 1.4179793204e-01 7.0160449010e-01
   outer loop
     vertex  1.150562e+02 0.000000e+00 3.980022e+01
     vertex  1.164918e+02 1.604179e+01 3.798696e+01
     vertex  1.150562e+02 1.548583e+01 3.667045e+01
   endloop
 endfacet
 facet normal  -6.9876977754e-01 3.9999474646e-01 5.9306407816e-01
   outer loop
     vertex  1.150562e+02 1.548583e+01 3.667045e+01
     vertex  1.164918e+02 1.604179e+01 3.798696e+01
     vertex  1.164918e+02 2.914765e+01 2.914765e+01
   endloop
 endfacet
 facet normal  -6.9876977754e-01 3.9999474646e-01 5.9306407816e-01
   outer loop
     vertex  1.150562e+02 1.548583e+01 3.667045e+01
     vertex  1.164918e+02 2.914765e+01 2.914765e+01
     vertex  1.150562e+02 2.813749e+01 2.813749e+01
   endloop
 endfacet
 facet normal  -6.9876977754e-01 5.9306407816e-01 3.9999474646e-01
   outer loop
     vertex  1.150562e+02 2.813749e+01 2.813749e+01
     vertex  1.164918e+02 2.914765e+01 2.914765e+01
     vertex  1.164918e+02 3.798696e+01 1.604179e+01
   endloop
 endfacet
 facet normal  -6.9876977754e-01 5.9306407816e-01 3.9999474646e-01
   outer loop
     vertex  1.150562e+02 2.813749e+01 2.813749e+01
     vertex  1.164918e+02 3.798696e+01 1.604179e+01
     vertex  1.150562e+02 3.667045e+01 1.548583e+01
   endloop
 endfacet
 facet normal  -6.9831546306e-01 7.0160449010e-01 1.4179793204e-01
   outer loop
     vertex  1.150562e+02 3.667045e+01 1.548583e+01
     vertex  1.164918e+02 3.798696e+01 1.604179e+01
     vertex  1.164918e+02 4.122909e+01 0.000000e+00
   endloop
 endfacet
 facet normal  -6.9831546306e-01 7.0160449010e-01 1.4179793204e-01
   outer loop
     vertex  1.150562e+02 3.667045e+01 1.548583e+01
     vertex  1.164918e+02 4.122909e+01 0.000000e+00
     vertex  1.150562e+02 3.980022e+01 0.000000e+00
   endloop
 endfacet
 facet normal  -9.9203836674e-01 -1.2344019131e-01 2.4947907410e-02
   outer loop
     vertex  1.164918e+02 4.122909e+01 0.000000e+00
     vertex  1.160678e+02 4.463639e+01 0.000000e+00
     vertex  1.164918e+02 3.798696e+01 -1.604179e+01
   endloop
 endfacet
 facet normal  -9.9203836674e-01 -1.2344019131e-01 2.4947907410e-02
   outer loop
     vertex  1.160678e+02 4.463639e+01 0.000000e+00
     vertex  1.160678e+02 4.112632e+01 -1.736753e+01
     vertex  1.164918e+02 3.798696e+01 -1.604179e+01
   endloop
 endfacet
 facet normal  -9.9205832632e-01 -1.0427786473e-01 7.0330676904e-02
   outer loop
     vertex  1.164918e+02 3.798696e+01 -1.604179e+01
     vertex  1.160678e+02 4.112632e+01 -1.736753e+01
     vertex  1.164918e+02 2.914765e+01 -2.914765e+01
   endloop
 endfacet
 facet normal  -9.9205832632e-01 -1.0427786473e-01 7.0330676904e-02
   outer loop
     vertex  1.160678e+02 4.112632e+01 -1.736753e+01
     vertex  1.160678e+02 3.155650e+01 -3.155650e+01
     vertex  1.164918e+02 2.914765e+01 -2.914765e+01
   endloop
 endfacet
 facet normal  -9.9205832632e-01 -7.0330676904e-02 1.0427786473e-01
   outer loop
     vertex  1.164918e+02 2.914765e+01 -2.914765e+01
     vertex  1.160678e+02 3.155650e+01 -3.155650e+01
     vertex  1.164918e+02 1.604179e+01 -3.798696e+01
   endloop
 endfacet
 facet normal  -9.9205832632e-01 -7.0330676904e-02 1.0427786473e-01
   outer loop
     vertex  1.160678e+02 3.155650e+01 -3.155650e+01
     vertex  1.160678e+02 1.736753e+01 -4.112632e+01
     vertex  1.164918e+02 1.604179e+01 -3.798696e+01
   endloop
 endfacet
 facet normal  -9.9203836674e-01 -2.4947907410e-02 1.2344019131e-01
   outer loop
     vertex  1.164918e+02 1.604179e+01 -3.798696e+01
     vertex  1.160678e+02 1.736753e+01 -4.112632e+01
     vertex  1.164918e+02 0.000000e+00 -4.122909e+01
   endloop
 endfacet
 facet normal  -9.9203836674e-01 -2.4947907410e-02 1.2344019131e-01
   outer loop
     vertex  1.160678e+02 1.736753e+01 -4.112632e+01
     vertex  1.160678e+02 0.000000e+00 -4.463639e+01
     vertex  1.164918e+02 0.000000e+00 -4.122909e+01
   endloop
 endfacet
 facet normal  -9.9203836674e-01 2.4947907410e-02 1.2344019131e-01
   outer loop
     vertex  1.164918e+02 0.000000e+00 -4.122909e+01
     vertex  1.160678e+02 0.000000e+00 -4.463639e+01
     vertex  1.160678e+02 -1.736753e+01 -4.112632e+01
   endloop
 endfacet
 facet normal  -9.9203836674e-01 2.4947907410e-02 1.2344019131e-01
   outer loop
     vertex  1.164918e+02 0.000000e+00 -4.122909e+01
     vertex  1.160678e+02 -1.736753e+01 -4.112632e+01
     vertex  1.164918e+02 -1.604179e+01 -3.798696e+01
   endloop
 endfacet
 facet normal  -9.9205832632e-01 7.0330676904e-02 1.0427786473e-01
   outer loop
     vertex  1.164918e+02 -1.604179e+01 -3.798696e+01
     vertex  1.160678e+02 -1.736753e+01 -4.112632e+01
     vertex  1.160678e+02 -3.155650e+01 -3.155650e+01
   endloop
 endfacet
 facet normal  -9.9205832632e-01 7.0330676904e-02 1.0427786473e-01
   outer loop
     vertex  1.164918e+02 -1.604179e+01 -3.798696e+01
     vertex  1.160678e+02 -3.155650e+01 -3.155650e+01
     vertex  1.164918e+02 -2.914765e+01 -2.914765e+01
   endloop
 endfacet
 facet normal  -9.9205832632e-01 1.0427786473e-01 7.0330676904e-02
   outer loop
     vertex  1.164918e+02 -2.914765e+01 -2.914765e+01
     vertex  1.160678e+02 -3.155650e+01 -3.155650e+01
     vertex  1.160678e+02 -4.112632e+01 -1.736753e+01
   endloop
 endfacet
 facet normal  -9.9205832632e-01 1.0427786473e-01 7.0330676904e-02
   outer loop
     vertex  1.164918e+02 -2.914765e+01 -2.914765e+01
     vertex  1.160678e+02 -4.112632e+01 -1.736753e+01
     vertex  1.164918e+02 -3.798696e+01 -1.604179e+01
   endloop
 endfacet
 facet normal  -9.9203836674e-01 1.2344019131e-01 2.4947907410e-02
   outer loop
     vertex  1.164918e+02 -3.798696e+01 -1.604179e+01
     vertex  1.160678e+02 -4.112632e+01 -1.736753e+01
     vertex  1.160678e+02 -4.463639e+01 0.000000e+00
   endloop
 endfacet
 facet normal  -9.9203836674e-01 1.2344019131e-01 2.4947907410e-02
   outer loop
     vertex  1.164918e+02 -3.798696e+01 -1.604179e+01
     vertex  1.160678e+02 -4.463639e+01 0.000000e+00
     vertex  1.164918e+02 -4.122909e+01 0.000000e+00
   endloop
 endfacet
 facet normal  -9.9203836674e-01 1.2344019131e-01 -2.4947907410e-02
   outer loop
     vertex  1.164918e+02 -4.122909e+01 0.000000e+00
     vertex  1.160678e+02 -4.463639e+01 0.000000e+00
     vertex  1.164918e+02 -3.798696e+01 1.604179e+01
   endloop
 endfacet
 facet normal  -9.9203836674e-01 1.2344019131e-01 -2.4947907410e-02
   outer loop
     vertex  1.160678e+02 -4.463639e+01 0.000000e+00
     vertex  1.160678e+02 -4.112632e+01 1.736753e+01
     vertex  1.164918e+02 -3.798696e+01 1.604179e+01
   endloop
 endfacet
 facet normal  -9.9205832632e-01 1.0427786473e-01 -7.0330676904e-02
   outer loop
     vertex  1.164918e+02 -3.798696e+01 1.604179e+01
     vertex  1.160678e+02 -4.112632e+01 1.736753e+01
     vertex  1.164918e+02 -2.914765e+01 2.914765e+01
   endloop
 endfacet
 facet normal  -9.9205832632e-01 1.0427786473e-01 -7.0330676904e-02
   outer loop
     vertex  1.160678e+02 -4.112632e+01 1.736753e+01
     vertex  1.160678e+02 -3.155650e+01 3.155650e+01
     vertex  1.164918e+02 -2.914765e+01 2.914765e+01
   endloop
 endfacet
 facet normal  -9.9205832632e-01 7.0330676904e-02 -1.0427786473e-01
   outer loop
     vertex  1.164918e+02 -2.914765e+01 2.914765e+01
     vertex  1.160678e+02 -3.155650e+01 3.155650e+01
     vertex  1.164918e+02 -1.604179e+01 3.798696e+01
   endloop
 endfacet
 facet normal  -9.9205832632e-01 7.0330676904e-02 -1.0427786473e-01
   outer loop
     vertex  1.160678e+02 -3.155650e+01 3.155650e+01
     vertex  1.160678e+02 -1.736753e+01 4.112632e+01
     vertex  1.164918e+02 -1.604179e+01 3.798696e+01
   endloop
 endfacet
 facet normal  -9.9203836674e-01 2.4947907410e-02 -1.2344019131e-01
   outer loop
     vertex  1.164918e+02 -1.604179e+01 3.798696e+01
     vertex  1.160678e+02 -1.736753e+01 4.112632e+01
     vertex  1.164918e+02 0.000000e+00 4.122909e+01
   endloop
 endfacet
 facet normal  -9.9203836674e-01 2.4947907410e-02 -1.2344019131e-01
   outer loop
     vertex  1.160678e+02 -1.736753e+01 4.112632e+01
     vertex  1.160678e+02 0.000000e+00 4.463639e+01
     vertex  1.164918e+02 0.000000e+00 4.122909e+01
   endloop
 endfacet
 facet normal  -9.9203836674e-01 -2.4947907410e-02 -1.2344019131e-01
   outer loop
     vertex  1.164918e+02 0.000000e+00 4.122909e+01
     vertex  1.160678e+02 0.000000e+00 4.463639e+01
     vertex  1.160678e+02 1.736753e+01 4.112632e+01
   endloop
 endfacet
 facet normal  -9.9203836674e-01 -2.4947907410e-02 -1.2344019131e-01
   outer loop
     vertex  1.164918e+02 0.000000e+00 4.122909e+01
     vertex  1.160678e+02 1.736753e+01 4.112632e+01
     vertex  1.164918e+02 1.604179e+01 3.798696e+01
   endloop
 endfacet
 facet normal  -9.9205832632e-01 -7.0330676904e-02 -1.0427786473e-01
   outer loop
     vertex  1.164918e+02 1.604179e+01 3.798696e+01
     vertex  1.160678e+02 1.736753e+01 4.112632e+01
     vertex  1.160678e+02 3.155650e+01 3.155650e+01
   endloop
 endfacet
 facet normal  -9.9205832632e-01 -7.0330676904e-02 -1.0427786473e-01
   outer loop
     vertex  1.164918e+02 1.604179e+01 3.798696e+01
     vertex  1.160678e+02 3.155650e+01 3.155650e+01
     vertex  1.164918e+02 2.914765e+01 2.914765e+01
   endloop
 endfacet
 facet normal  -9.9205832632e-01 -1.0427786473e-01 -7.0330676904e-02
   outer loop
     vertex  1.164918e+02 2.914765e+01 2.914765e+01
     vertex  1.160678e+02 3.155650e+01 3.155650e+01
     vertex  1.160678e+02 4.112632e+01 1.736753e+01
   endloop
 endfacet
 facet normal  -9.9205832632e-01 -1.0427786473e-01 -7.0330676904e-02
   outer loop
     vertex  1.164918e+02 2.914765e+01 2.914765e+01
     vertex  1.160678e+02 4.112632e+01 1.736753e+01
     vertex  1.164918e+02 3.798696e+01 1.604179e+01
   endloop
 endfacet
 facet normal  -9.9203836674e-01 -1.2344019131e-01 -2.4947907410e-02
   outer loop
     vertex  1.164918e+02 3.798696e+01 1.604179e+01
     vertex  1.160678e+02 4.112632e+01 1.736753e+01
     vertex  1.160678e+02 4.463639e+01 0.000000e+00
   endloop
 endfacet
 facet normal  -9.9203836674e-01 -1.2344019131e-01 -2.4947907410e-02
   outer loop
     vertex  1.164918e+02 3.798696e+01 1.604179e+01
     vertex  1.160678e+02 4.463639e+01 0.000000e+00
     vertex  1.164918e+02 4.122909e+01 0.000000e+00
   endloop
 endfacet
 facet normal  -9.6169913917e-01 -2.6867491538e-01 5.4300603728e-02
   outer loop
     vertex  1.160678e+02 4.463639e+01 0.000000e+00
     vertex  1.149316e+02 4.870317e+01 0.000000e+00
     vertex  1.160678e+02 4.112632e+01 -1.736753e+01
   endloop
 endfacet
 facet normal  -9.6169913917e-01 -2.6867491538e-01 5.4300603728e-02
   outer loop
     vertex  1.149316e+02 4.870317e+01 0.000000e+00
     vertex  1.149316e+02 4.487330e+01 -1.894987e+01
     vertex  1.160678e+02 4.112632e+01 -1.736753e+01
   endloop
 endfacet
 facet normal  -9.6179081442e-01 -2.2698404138e-01 1.5309041202e-01
   outer loop
     vertex  1.160678e+02 4.112632e+01 -1.736753e+01
     vertex  1.149316e+02 4.487330e+01 -1.894987e+01
     vertex  1.160678e+02 3.155650e+01 -3.155650e+01
   endloop
 endfacet
 facet normal  -9.6179081442e-01 -2.2698404138e-01 1.5309041202e-01
   outer loop
     vertex  1.149316e+02 4.487330e+01 -1.894987e+01
     vertex  1.149316e+02 3.443159e+01 -3.443159e+01
     vertex  1.160678e+02 3.155650e+01 -3.155650e+01
   endloop
 endfacet
 facet normal  -9.6179081442e-01 -1.5309041202e-01 2.2698404138e-01
   outer loop
     vertex  1.160678e+02 3.155650e+01 -3.155650e+01
     vertex  1.149316e+02 3.443159e+01 -3.443159e+01
     vertex  1.160678e+02 1.736753e+01 -4.112632e+01
   endloop
 endfacet
 facet normal  -9.6179081442e-01 -1.5309041202e-01 2.2698404138e-01
   outer loop
     vertex  1.149316e+02 3.443159e+01 -3.443159e+01
     vertex  1.149316e+02 1.894987e+01 -4.487330e+01
     vertex  1.160678e+02 1.736753e+01 -4.112632e+01
   endloop
 endfacet
 facet normal  -9.6169913917e-01 -5.4300603728e-02 2.6867491538e-01
   outer loop
     vertex  1.160678e+02 1.736753e+01 -4.112632e+01
     vertex  1.149316e+02 1.894987e+01 -4.487330e+01
     vertex  1.160678e+02 0.000000e+00 -4.463639e+01
   endloop
 endfacet
 facet normal  -9.6169913917e-01 -5.4300603728e-02 2.6867491538e-01
   outer loop
     vertex  1.149316e+02 1.894987e+01 -4.487330e+01
     vertex  1.149316e+02 0.000000e+00 -4.870317e+01
     vertex  1.160678e+02 0.000000e+00 -4.463639e+01
   endloop
 endfacet
 facet normal  -9.6169913917e-01 5.4300603728e-02 2.6867491538e-01
   outer loop
     vertex  1.160678e+02 0.000000e+00 -4.463639e+01
     vertex  1.149316e+02 0.000000e+00 -4.870317e+01
     vertex  1.149316e+02 -1.894987e+01 -4.487330e+01
   endloop
 endfacet
 facet normal  -9.6169913917e-01 5.4300603728e-02 2.6867491538e-01
   outer loop
     vertex  1.160678e+02 0.000000e+00 -4.463639e+01
     vertex  1.149316e+02 -1.894987e+01 -4.487330e+01
     vertex  1.160678e+02 -1.736753e+01 -4.112632e+01
   endloop
 endfacet
 facet normal  -9.6179081442e-01 1.5309041202e-01 2.2698404138e-01
   outer loop
     vertex  1.160678e+02 -1.736753e+01 -4.112632e+01
     vertex  1.149316e+02 -1.894987e+01 -4.487330e+01
     vertex  1.149316e+02 -3.443159e+01 -3.443159e+01
   endloop
 endfacet
 facet normal  -9.6179081442e-01 1.5309041202e-01 2.2698404138e-01
   outer loop
     vertex  1.160678e+02 -1.736753e+01 -4.112632e+01
     vertex  1.149316e+02 -3.443159e+01 -3.443159e+01
     vertex  1.160678e+02 -3.155650e+01 -3.155650e+01
   endloop
 endfacet
 facet normal  -9.6179081442e-01 2.2698404138e-01 1.5309041202e-01
   outer loop
     vertex  1.160678e+02 -3.155650e+01 -3.155650e+01
     vertex  1.149316e+02 -3.443159e+01 -3.443159e+01
     vertex  1.149316e+02 -4.487330e+01 -1.894987e+01
   endloop
 endfacet
 facet normal  -9.6179081442e-01 2.2698404138e-01 1.5309041202e-01
   outer loop
     vertex  1.160678e+02 -3.155650e+01 -3.155650e+01
     vertex  1.149316e+02 -4.487330e+01 -1.894987e+01
     vertex  1.160678e+02 -4.112632e+01 -1.736753e+01
   endloop
 endfacet
 facet normal  -9.6169913917e-01 2.6867491538e-01 5.4300603728e-02
   outer loop
     vertex  1.160678e+02 -4.112632e+01 -1.736753e+01
     vertex  1.149316e+02 -4.487330e+01 -1.894987e+01
     vertex  1.149316e+02 -4.870317e+01 0.000000e+00
   endloop
 endfacet
 facet normal  -9.6169913917e-01 2.6867491538e-01 5.4300603728e-02
   outer loop
     vertex  1.160678e+02 -4.112632e+01 -1.736753e+01
     vertex  1.149316e+02 -4.870317e+01 0.000000e+00
     vertex  1.160678e+02 -4.463639e+01 0.000000e+00
   endloop
 endfacet
 facet normal  -9.6169913917e-01 2.6867491538e-01 -5.4300603728e-02
   outer loop
     vertex  1.160678e+02 -4.463639e+01 0.000000e+00
     vertex  1.149316e+02 -4.870317e+01 0.000000e+00
     vertex  1.160678e+02 -4.112632e+01 1.736753e+01
   endloop
 endfacet
 facet normal  -9.6169913917e-01 2.6867491538e-01 -5.4300603728e-02
   outer loop
     vertex  1.149316e+02 -4.870317e+01 0.000000e+00
     vertex  1.149316e+02 -4.487330e+01 1.894987e+01
     vertex  1.160678e+02 -4.112632e+01 1.736753e+01
   endloop
 endfacet
 facet normal  -9.6179081442e-01 2.2698404138e-01 -1.5309041202e-01
   outer loop
     vertex  1.160678e+02 -4.112632e+01 1.736753e+01
     vertex  1.149316e+02 -4.487330e+01 1.894987e+01
     vertex  1.160678e+02 -3.155650e+01 3.155650e+01
   endloop
 endfacet
 facet normal  -9.6179081442e-01 2.2698404138e-01 -1.5309041202e-01
   outer loop
     vertex  1.149316e+02 -4.487330e+01 1.894987e+01
     vertex  1.149316e+02 -3.443159e+01 3.443159e+01
     vertex  1.160678e+02 -3.155650e+01 3.155650e+01
   endloop
 endfacet
 facet normal  -9.6179081442e-01 1.5309041202e-01 -2.2698404138e-01
   outer loop
     vertex  1.160678e+02 -3.155650e+01 3.155650e+01
     vertex  1.149316e+02 -3.443159e+01 3.443159e+01
     vertex  1.160678e+02 -1.736753e+01 4.112632e+01
   endloop
 endfacet
 facet normal  -9.6179081442e-01 1.5309041202e-01 -2.2698404138e-01
   outer loop
     vertex  1.149316e+02 -3.443159e+01 3.443159e+01
     vertex  1.149316e+02 -1.894987e+01 4.487330e+01
     vertex  1.160678e+02 -1.736753e+01 4.112632e+01
   endloop
 endfacet
 facet normal  -9.6169913917e-01 5.4300603728e-02 -2.6867491538e-01
   outer loop
     vertex  1.160678e+02 -1.736753e+01 4.112632e+01
     vertex  1.149316e+02 -1.894987e+01 4.487330e+01
     vertex  1.160678e+02 0.000000e+00 4.463639e+01
   endloop
 endfacet
 facet normal  -9.6169913917e-01 5.4300603728e-02 -2.6867491538e-01
   outer loop
     vertex  1.149316e+02 -1.894987e+01 4.487330e+01
     vertex  1.149316e+02 0.000000e+00 4.870317e+01
     vertex  1.160678e+02 0.000000e+00 4.463639e+01
   endloop
 endfacet
 facet normal  -9.6169913917e-01 -5.4300603728e-02 -2.6867491538e-01
   outer loop
     vertex  1.160678e+02 0.000000e+00 4.463639e+01
     vertex  1.149316e+02 0.000000e+00 4.870317e+01
     vertex  1.149316e+02 1.894987e+01 4.487330e+01
   endloop
 endfacet
 facet normal  -9.6169913917e-01 -5.4300603728e-02 -2.6867491538e-01
   outer loop
     vertex  1.160678e+02 0.000000e+00 4.463639e+01
     vertex  1.149316e+02 1.894987e+01 4.487330e+01
     vertex  1.160678e+02 1.736753e+01 4.112632e+01
   endloop
 endfacet
 facet normal  -9.6179081442e-01 -1.5309041202e-01 -2.2698404138e-01
   outer loop
     vertex  1.160678e+02 1.736753e+01 4.112632e+01
     vertex  1.149316e+02 1.894987e+01 4.487330e+01
     vertex  1.149316e+02 3.443159e+01 3.443159e+01
   endloop
 endfacet
 facet normal  -9.6179081442e-01 -1.5309041202e-01 -2.2698404138e-01
   outer loop
     vertex  1.160678e+02 1.736753e+01 4.112632e+01
     vertex  1.149316e+02 3.443159e+01 3.443159e+01
     vertex  1.160678e+02 3.155650e+01 3.155650e+01
   endloop
 endfacet
 facet normal  -9.6179081442e-01 -2.2698404138e-01 -1.5309041202e-01
   outer loop
     vertex  1.160678e+02 3.155650e+01 3.155650e+01
     vertex  1.149316e+02 3.443159e+01 3.443159e+01
     vertex  1.149316e+02 4.487330e+01 1.894987e+01
   endloop
 endfacet
 facet normal  -9.6179081442e-01 -2.2698404138e-01 -1.5309041202e-01
   outer loop
     vertex  1.160678e+02 3.155650e+01 3.155650e+01
     vertex  1.149316e+02 4.487330e+01 1.894987e+01
     vertex  1.160678e+02 4.112632e+01 1.736753e+01
   endloop
 endfacet
 facet normal  -9.6169913917e-01 -2.6867491538e-01 -5.4300603728e-02
   outer loop
     vertex  1.160678e+02 4.112632e+01 1.736753e+01
     vertex  1.149316e+02 4.487330e+01 1.894987e+01
     vertex  1.149316e+02 4.870317e+01 0.000000e+00
   endloop
 endfacet
 facet normal  -9.6169913917e-01 -2.6867491538e-01 -5.4300603728e-02
   outer loop
     vertex  1.160678e+02 4.112632e+01 1.736753e+01
     vertex  1.149316e+02 4.870317e+01 0.000000e+00
     vertex  1.160678e+02 4.463639e+01 0.000000e+00
   endloop
 endfacet
 facet normal  -9.7867702665e-01 -2.0133440254e-01 4.0690734354e-02
   outer loop
     vertex  1.149316e+02 4.870317e+01 0.000000e+00
     vertex  1.142307e+02 5.211047e+01 0.000000e+00
     vertex  1.149316e+02 4.487330e+01 -1.894987e+01
   endloop
 endfacet
 facet normal  -9.7867702665e-01 -2.0133440254e-01 4.0690734354e-02
   outer loop
     vertex  1.142307e+02 5.211047e+01 0.000000e+00
     vertex  1.142307e+02 4.801266e+01 -2.027562e+01
     vertex  1.149316e+02 4.487330e+01 -1.894987e+01
   endloop
 endfacet
 facet normal  -9.7872941163e-01 -1.7008579393e-01 1.1471513201e-01
   outer loop
     vertex  1.149316e+02 4.487330e+01 -1.894987e+01
     vertex  1.142307e+02 4.801266e+01 -2.027562e+01
     vertex  1.149316e+02 3.443159e+01 -3.443159e+01
   endloop
 endfacet
 facet normal  -9.7872941163e-01 -1.7008579393e-01 1.1471513201e-01
   outer loop
     vertex  1.142307e+02 4.801266e+01 -2.027562e+01
     vertex  1.142307e+02 3.684044e+01 -3.684044e+01
     vertex  1.149316e+02 3.443159e+01 -3.443159e+01
   endloop
 endfacet
 facet normal  -9.7872941163e-01 -1.1471513201e-01 1.7008579393e-01
   outer loop
     vertex  1.149316e+02 3.443159e+01 -3.443159e+01
     vertex  1.142307e+02 3.684044e+01 -3.684044e+01
     vertex  1.149316e+02 1.894987e+01 -4.487330e+01
   endloop
 endfacet
 facet normal  -9.7872941163e-01 -1.1471513201e-01 1.7008579393e-01
   outer loop
     vertex  1.142307e+02 3.684044e+01 -3.684044e+01
     vertex  1.142307e+02 2.027562e+01 -4.801266e+01
     vertex  1.149316e+02 1.894987e+01 -4.487330e+01
   endloop
 endfacet
 facet normal  -9.7867702665e-01 -4.0690734354e-02 2.0133440254e-01
   outer loop
     vertex  1.149316e+02 1.894987e+01 -4.487330e+01
     vertex  1.142307e+02 2.027562e+01 -4.801266e+01
     vertex  1.149316e+02 0.000000e+00 -4.870317e+01
   endloop
 endfacet
 facet normal  -9.7867702665e-01 -4.0690734354e-02 2.0133440254e-01
   outer loop
     vertex  1.142307e+02 2.027562e+01 -4.801266e+01
     vertex  1.142307e+02 0.000000e+00 -5.211047e+01
     vertex  1.149316e+02 0.000000e+00 -4.870317e+01
   endloop
 endfacet
 facet normal  -9.7867702665e-01 4.0690734354e-02 2.0133440254e-01
   outer loop
     vertex  1.149316e+02 0.000000e+00 -4.870317e+01
     vertex  1.142307e+02 0.000000e+00 -5.211047e+01
     vertex  1.142307e+02 -2.027562e+01 -4.801266e+01
   endloop
 endfacet
 facet normal  -9.7867702665e-01 4.0690734354e-02 2.0133440254e-01
   outer loop
     vertex  1.149316e+02 0.000000e+00 -4.870317e+01
     vertex  1.142307e+02 -2.027562e+01 -4.801266e+01
     vertex  1.149316e+02 -1.894987e+01 -4.487330e+01
   endloop
 endfacet
 facet normal  -9.7872941163e-01 1.1471513201e-01 1.7008579393e-01
   outer loop
     vertex  1.149316e+02 -1.894987e+01 -4.487330e+01
     vertex  1.142307e+02 -2.027562e+01 -4.801266e+01
     vertex  1.142307e+02 -3.684044e+01 -3.684044e+01
   endloop
 endfacet
 facet normal  -9.7872941163e-01 1.1471513201e-01 1.7008579393e-01
   outer loop
     vertex  1.149316e+02 -1.894987e+01 -4.487330e+01
     vertex  1.142307e+02 -3.684044e+01 -3.684044e+01
     vertex  1.149316e+02 -3.443159e+01 -3.443159e+01
   endloop
 endfacet
 facet normal  -9.7872941163e-01 1.7008579393e-01 1.1471513201e-01
   outer loop
     vertex  1.149316e+02 -3.443159e+01 -3.443159e+01
     vertex  1.142307e+02 -3.684044e+01 -3.684044e+01
     vertex  1.142307e+02 -4.801266e+01 -2.027562e+01
   endloop
 endfacet
 facet normal  -9.7872941163e-01 1.7008579393e-01 1.1471513201e-01
   outer loop
     vertex  1.149316e+02 -3.443159e+01 -3.443159e+01
     vertex  1.142307e+02 -4.801266e+01 -2.027562e+01
     vertex  1.149316e+02 -4.487330e+01 -1.894987e+01
   endloop
 endfacet
 facet normal  -9.7867702665e-01 2.0133440254e-01 4.0690734354e-02
   outer loop
     vertex  1.149316e+02 -4.487330e+01 -1.894987e+01
     vertex  1.142307e+02 -4.801266e+01 -2.027562e+01
     vertex  1.142307e+02 -5.211047e+01 0.000000e+00
   endloop
 endfacet
 facet normal  -9.7867702665e-01 2.0133440254e-01 4.0690734354e-02
   outer loop
     vertex  1.149316e+02 -4.487330e+01 -1.894987e+01
     vertex  1.142307e+02 -5.211047e+01 0.000000e+00
     vertex  1.149316e+02 -4.870317e+01 0.000000e+00
   endloop
 endfacet
 facet normal  -9.7867702665e-01 2.0133440254e-01 -4.0690734354e-02
   outer loop
     vertex  1.149316e+02 -4.870317e+01 0.000000e+00
     vertex  1.142307e+02 -5.211047e+01 0.000000e+00
     vertex  1.149316e+02 -4.487330e+01 1.894987e+01
   endloop
 endfacet
 facet normal  -9.7867702665e-01 2.0133440254e-01 -4.0690734354e-02
   outer loop
     vertex  1.142307e+02 -5.211047e+01 0.000000e+00
     vertex  1.142307e+02 -4.801266e+01 2.027562e+01
     vertex  1.149316e+02 -4.487330e+01 1.894987e+01
   endloop
 endfacet
 facet normal  -9.7872941163e-01 1.7008579393e-01 -1.1471513201e-01
   outer loop
     vertex  1.149316e+02 -4.487330e+01 1.894987e+01
     vertex  1.142307e+02 -4.801266e+01 2.027562e+01
     vertex  1.149316e+02 -3.443159e+01 3.443159e+01
   endloop
 endfacet
 facet normal  -9.7872941163e-01 1.7008579393e-01 -1.1471513201e-01
   outer loop
     vertex  1.142307e+02 -4.801266e+01 2.027562e+01
     vertex  1.142307e+02 -3.684044e+01 3.684044e+01
     vertex  1.149316e+02 -3.443159e+01 3.443159e+01
   endloop
 endfacet
 facet normal  -9.7872941163e-01 1.1471513201e-01 -1.7008579393e-01
   outer loop
     vertex  1.149316e+02 -3.443159e+01 3.443159e+01
     vertex  1.142307e+02 -3.684044e+01 3.684044e+01
     vertex  1.149316e+02 -1.894987e+01 4.487330e+01
   endloop
 endfacet
 facet normal  -9.7872941163e-01 1.1471513201e-01 -1.7008579393e-01
   outer loop
     vertex  1.142307e+02 -3.684044e+01 3.684044e+01
     vertex  1.142307e+02 -2.027562e+01 4.801266e+01
     vertex  1.149316e+02 -1.894987e+01 4.487330e+01
   endloop
 endfacet
 facet normal  -9.7867702665e-01 4.0690734354e-02 -2.0133440254e-01
   outer loop
     vertex  1.149316e+02 -1.894987e+01 4.487330e+01
     vertex  1.142307e+02 -2.027562e+01 4.801266e+01
     vertex  1.149316e+02 0.000000e+00 4.870317e+01
   endloop
 endfacet
 facet normal  -9.7867702665e-01 4.0690734354e-02 -2.0133440254e-01
   outer loop
     vertex  1.142307e+02 -2.027562e+01 4.801266e+01
     vertex  1.142307e+02 0.000000e+00 5.211047e+01
     vertex  1.149316e+02 0.000000e+00 4.870317e+01
   endloop
 endfacet
 facet normal  -9.7867702665e-01 -4.0690734354e-02 -2.0133440254e-01
   outer loop
     vertex  1.149316e+02 0.000000e+00 4.870317e+01
     vertex  1.142307e+02 0.000000e+00 5.211047e+01
     vertex  1.142307e+02 2.027562e+01 4.801266e+01
   endloop
 endfacet
 facet normal  -9.7867702665e-01 -4.0690734354e-02 -2.0133440254e-01
   outer loop
     vertex  1.149316e+02 0.000000e+00 4.870317e+01
     vertex  1.142307e+02 2.027562e+01 4.801266e+01
     vertex  1.149316e+02 1.894987e+01 4.487330e+01
   endloop
 endfacet
 facet normal  -9.7872941163e-01 -1.1471513201e-01 -1.7008579393e-01
   outer loop
     vertex  1.149316e+02 1.894987e+01 4.487330e+01
     vertex  1.142307e+02 2.027562e+01 4.801266e+01
     vertex  1.142307e+02 3.684044e+01 3.684044e+01
   endloop
 endfacet
 facet normal  -9.7872941163e-01 -1.1471513201e-01 -1.7008579393e-01
   outer loop
     vertex  1.149316e+02 1.894987e+01 4.487330e+01
     vertex  1.142307e+02 3.684044e+01 3.684044e+01
     vertex  1.149316e+02 3.443159e+01 3.443159e+01
   endloop
 endfacet
 facet normal  -9.7872941163e-01 -1.7008579393e-01 -1.1471513201e-01
   outer loop
     vertex  1.149316e+02 3.443159e+01 3.443159e+01
     vertex  1.142307e+02 3.684044e+01 3.684044e+01
     vertex  1.142307e+02 4.801266e+01 2.027562e+01
   endloop
 endfacet
 facet normal  -9.7872941163e-01 -1.7008579393e-01 -1.1471513201e-01
   outer loop
     vertex  1.149316e+02 3.443159e+01 3.443159e+01
     vertex  1.142307e+02 4.801266e+01 2.027562e+01
     vertex  1.149316e+02 4.487330e+01 1.894987e+01
   endloop
 endfacet
 facet normal  -9.7867702665e-01 -2.0133440254e-01 -4.0690734354e-02
   outer loop
     vertex  1.149316e+02 4.487330e+01 1.894987e+01
     vertex  1.142307e+02 4.801266e+01 2.027562e+01
     vertex  1.142307e+02 5.211047e+01 0.000000e+00
   endloop
 endfacet
 facet normal  -9.7867702665e-01 -2.0133440254e-01 -4.0690734354e-02
   outer loop
     vertex  1.149316e+02 4.487330e+01 1.894987e+01
     vertex  1.142307e+02 5.211047e+01 0.000000e+00
     vertex  1.149316e+02 4.870317e+01 0.000000e+00
   endloop
 endfacet
 facet normal  -8.4628458593e-01 5.2217332714e-01 -1.0553395681e-01
   outer loop
     vertex  1.142307e+02 5.211047e+01 0.000000e+00
     vertex  1.151123e+02 5.353934e+01 0.000000e+00
     vertex  1.142307e+02 4.801266e+01 -2.027562e+01
   endloop
 endfacet
 facet normal  -8.4628458593e-01 5.2217332714e-01 -1.0553395681e-01
   outer loop
     vertex  1.151123e+02 5.353934e+01 0.000000e+00
     vertex  1.151123e+02 4.932917e+01 -2.083157e+01
     vertex  1.142307e+02 4.801266e+01 -2.027562e+01
   endloop
 endfacet
 facet normal  -8.4658942944e-01 4.4126339351e-01 -2.9761208899e-01
   outer loop
     vertex  1.142307e+02 4.801266e+01 -2.027562e+01
     vertex  1.151123e+02 4.932917e+01 -2.083157e+01
     vertex  1.142307e+02 3.684044e+01 -3.684044e+01
   endloop
 endfacet
 facet normal  -8.4658942944e-01 4.4126339351e-01 -2.9761208899e-01
   outer loop
     vertex  1.151123e+02 4.932917e+01 -2.083157e+01
     vertex  1.151123e+02 3.785060e+01 -3.785060e+01
     vertex  1.142307e+02 3.684044e+01 -3.684044e+01
   endloop
 endfacet
 facet normal  -8.4658942944e-01 2.9761208899e-01 -4.4126339351e-01
   outer loop
     vertex  1.142307e+02 3.684044e+01 -3.684044e+01
     vertex  1.151123e+02 3.785060e+01 -3.785060e+01
     vertex  1.142307e+02 2.027562e+01 -4.801266e+01
   endloop
 endfacet
 facet normal  -8.4658942944e-01 2.9761208899e-01 -4.4126339351e-01
   outer loop
     vertex  1.151123e+02 3.785060e+01 -3.785060e+01
     vertex  1.151123e+02 2.083157e+01 -4.932917e+01
     vertex  1.142307e+02 2.027562e+01 -4.801266e+01
   endloop
 endfacet
 facet normal  -8.4628458593e-01 1.0553395681e-01 -5.2217332714e-01
   outer loop
     vertex  1.142307e+02 2.027562e+01 -4.801266e+01
     vertex  1.151123e+02 2.083157e+01 -4.932917e+01
     vertex  1.142307e+02 0.000000e+00 -5.211047e+01
   endloop
 endfacet
 facet normal  -8.4628458593e-01 1.0553395681e-01 -5.2217332714e-01
   outer loop
     vertex  1.151123e+02 2.083157e+01 -4.932917e+01
     vertex  1.151123e+02 0.000000e+00 -5.353934e+01
     vertex  1.142307e+02 0.000000e+00 -5.211047e+01
   endloop
 endfacet
 facet normal  -8.4628458593e-01 -1.0553395681e-01 -5.2217332714e-01
   outer loop
     vertex  1.142307e+02 0.000000e+00 -5.211047e+01
     vertex  1.151123e+02 0.000000e+00 -5.353934e+01
     vertex  1.151123e+02 -2.083157e+01 -4.932917e+01
   endloop
 endfacet
 facet normal  -8.4628458593e-01 -1.0553395681e-01 -5.2217332714e-01
   outer loop
     vertex  1.142307e+02 0.000000e+00 -5.211047e+01
     vertex  1.151123e+02 -2.083157e+01 -4.932917e+01
     vertex  1.142307e+02 -2.027562e+01 -4.801266e+01
   endloop
 endfacet
 facet normal  -8.4658942944e-01 -2.9761208899e-01 -4.4126339351e-01
   outer loop
     vertex  1.142307e+02 -2.027562e+01 -4.801266e+01
     vertex  1.151123e+02 -2.083157e+01 -4.932917e+01
     vertex  1.151123e+02 -3.785060e+01 -3.785060e+01
   endloop
 endfacet
 facet normal  -8.4658942944e-01 -2.9761208899e-01 -4.4126339351e-01
   outer loop
     vertex  1.142307e+02 -2.027562e+01 -4.801266e+01
     vertex  1.151123e+02 -3.785060e+01 -3.785060e+01
     vertex  1.142307e+02 -3.684044e+01 -3.684044e+01
   endloop
 endfacet
 facet normal  -8.4658942944e-01 -4.4126339351e-01 -2.9761208899e-01
   outer loop
     vertex  1.142307e+02 -3.684044e+01 -3.684044e+01
     vertex  1.151123e+02 -3.785060e+01 -3.785060e+01
     vertex  1.151123e+02 -4.932917e+01 -2.083157e+01
   endloop
 endfacet
 facet normal  -8.4658942944e-01 -4.4126339351e-01 -2.9761208899e-01
   outer loop
     vertex  1.142307e+02 -3.684044e+01 -3.684044e+01
     vertex  1.151123e+02 -4.932917e+01 -2.083157e+01
     vertex  1.142307e+02 -4.801266e+01 -2.027562e+01
   endloop
 endfacet
 facet normal  -8.4628458593e-01 -5.2217332714e-01 -1.0553395681e-01
   outer loop
     vertex  1.142307e+02 -4.801266e+01 -2.027562e+01
     vertex  1.151123e+02 -4.932917e+01 -2.083157e+01
     vertex  1.151123e+02 -5.353934e+01 0.000000e+00
   endloop
 endfacet
 facet normal  -8.4628458593e-01 -5.2217332714e-01 -1.0553395681e-01
   outer loop
     vertex  1.142307e+02 -4.801266e+01 -2.027562e+01
     vertex  1.151123e+02 -5.353934e+01 0.000000e+00
     vertex  1.142307e+02 -5.211047e+01 0.000000e+00
   endloop
 endfacet
 facet normal  -8.4628458593e-01 -5.2217332714e-01 1.0553395681e-01
   outer loop
     vertex  1.142307e+02 -5.211047e+01 0.000000e+00
     vertex  1.151123e+02 -5.353934e+01 0.000000e+00
     vertex  1.142307e+02 -4.801266e+01 2.027562e+01
   endloop
 endfacet
 facet normal  -8.4628458593e-01 -5.2217332714e-01 1.0553395681e-01
   outer loop
     vertex  1.151123e+02 -5.353934e+01 0.000000e+00
     vertex  1.151123e+02 -4.932917e+01 2.083157e+01
     vertex  1.142307e+02 -4.801266e+01 2.027562e+01
   endloop
 endfacet
 facet normal  -8.4658942944e-01 -4.4126339351e-01 2.9761208899e-01
   outer loop
     vertex  1.142307e+02 -4.801266e+01 2.027562e+01
     vertex  1.151123e+02 -4.932917e+01 2.083157e+01
     vertex  1.142307e+02 -3.684044e+01 3.684044e+01
   endloop
 endfacet
 facet normal  -8.4658942944e-01 -4.4126339351e-01 2.9761208899e-01
   outer loop
     vertex  1.151123e+02 -4.932917e+01 2.083157e+01
     vertex  1.151123e+02 -3.785060e+01 3.785060e+01
     vertex  1.142307e+02 -3.684044e+01 3.684044e+01
   endloop
 endfacet
 facet normal  -8.4658942944e-01 -2.9761208899e-01 4.4126339351e-01
   outer loop
     vertex  1.142307e+02 -3.684044e+01 3.684044e+01
     vertex  1.151123e+02 -3.785060e+01 3.785060e+01
     vertex  1.142307e+02 -2.027562e+01 4.801266e+01
   endloop
 endfacet
 facet normal  -8.4658942944e-01 -2.9761208899e-01 4.4126339351e-01
   outer loop
     vertex  1.151123e+02 -3.785060e+01 3.785060e+01
     vertex  1.151123e+02 -2.083157e+01 4.932917e+01
     vertex  1.142307e+02 -2.027562e+01 4.801266e+01
   endloop
 endfacet
 facet normal  -8.4628458593e-01 -1.0553395681e-01 5.2217332714e-01
   outer loop
     vertex  1.142307e+02 -2.027562e+01 4.801266e+01
     vertex  1.151123e+02 -2.083157e+01 4.932917e+01
     vertex  1.142307e+02 0.000000e+00 5.211047e+01
   endloop
 endfacet
 facet normal  -8.4628458593e-01 -1.0553395681e-01 5.2217332714e-01
   outer loop
     vertex  1.151123e+02 -2.083157e+01 4.932917e+01
     vertex  1.151123e+02 0.000000e+00 5.353934e+01
     vertex  1.142307e+02 0.000000e+00 5.211047e+01
   endloop
 endfacet
 facet normal  -8.4628458593e-01 1.0553395681e-01 5.2217332714e-01
   outer loop
     vertex  1.142307e+02 0.000000e+00 5.211047e+01
     vertex  1.151123e+02 0.000000e+00 5.353934e+01
     vertex  1.151123e+02 2.083157e+01 4.932917e+01
   endloop
 endfacet
 facet normal  -8.4628458593e-01 1.0553395681e-01 5.2217332714e-01
   outer loop
     vertex  1.142307e+02 0.000000e+00 5.211047e+01
     vertex  1.151123e+02 2.083157e+01 4.932917e+01
     vertex  1.142307e+02 2.027562e+01 4.801266e+01
   endloop
 endfacet
 facet normal  -8.4658942944e-01 2.9761208899e-01 4.4126339351e-01
   outer loop
     vertex  1.142307e+02 2.027562e+01 4.801266e+01
     vertex  1.151123e+02 2.083157e+01 4.932917e+01
     vertex  1.151123e+02 3.785060e+01 3.785060e+01
   endloop
 endfacet
 facet normal  -8.4658942944e-01 2.9761208899e-01 4.4126339351e-01
   outer loop
     vertex  1.142307e+02 2.027562e+01 4.801266e+01
     vertex  1.151123e+02 3.785060e+01 3.785060e+01
     vertex  1.142307e+02 3.684044e+01 3.684044e+01
   endloop
 endfacet
 facet normal  -8.4658942944e-01 4.4126339351e-01 2.9761208899e-01
   outer loop
     vertex  1.142307e+02 3.684044e+01 3.684044e+01
     vertex  1.151123e+02 3.785060e+01 3.785060e+01
     vertex  1.151123e+02 4.932917e+01 2.083157e+01
   endloop
 endfacet
 facet normal  -8.4658942944e-01 4.4126339351e-01 2.9761208899e-01
   outer loop
     vertex  1.142307e+02 3.684044e+01 3.684044e+01
     vertex  1.151123e+02 4.932917e+01 2.083157e+01
     vertex  1.142307e+02 4.801266e+01 2.027562e+01
   endloop
 endfacet
 facet normal  -8.4628458593e-01 5.2217332714e-01 1.0553395681e-01
   outer loop
     vertex  1.142307e+02 4.801266e+01 2.027562e+01
     vertex  1.151123e+02 4.932917e+01 2.083157e+01
     vertex  1.151123e+02 5.353934e+01 0.000000e+00
   endloop
 endfacet
 facet normal  -8.4628458593e-01 5.2217332714e-01 1.0553395681e-01
   outer loop
     vertex  1.142307e+02 4.801266e+01 2.027562e+01
     vertex  1.151123e+02 5.353934e+01 0.000000e+00
     vertex  1.142307e+02 5.211047e+01 0.000000e+00
   endloop
 endfacet
 facet normal  -6.7244915631e-01 7.2547504077e-01 -1.4662229501e-01
   outer loop
     vertex  1.151123e+02 5.353934e+01 0.000000e+00
     vertex  1.162653e+02 5.460808e+01 0.000000e+00
     vertex  1.151123e+02 4.932917e+01 -2.083157e+01
   endloop
 endfacet
 facet normal  -6.7244915631e-01 7.2547504077e-01 -1.4662229501e-01
   outer loop
     vertex  1.162653e+02 5.460808e+01 0.000000e+00
     vertex  1.162653e+02 5.031387e+01 -2.124741e+01
     vertex  1.151123e+02 4.932917e+01 -2.083157e+01
   endloop
 endfacet
 facet normal  -6.7291694955e-01 6.1326940049e-01 -4.1362231737e-01
   outer loop
     vertex  1.151123e+02 4.932917e+01 -2.083157e+01
     vertex  1.162653e+02 5.031387e+01 -2.124741e+01
     vertex  1.151123e+02 3.785060e+01 -3.785060e+01
   endloop
 endfacet
 facet normal  -6.7291694955e-01 6.1326940049e-01 -4.1362231737e-01
   outer loop
     vertex  1.162653e+02 5.031387e+01 -2.124741e+01
     vertex  1.162653e+02 3.860617e+01 -3.860617e+01
     vertex  1.151123e+02 3.785060e+01 -3.785060e+01
   endloop
 endfacet
 facet normal  -6.7291694955e-01 4.1362231737e-01 -6.1326940049e-01
   outer loop
     vertex  1.151123e+02 3.785060e+01 -3.785060e+01
     vertex  1.162653e+02 3.860617e+01 -3.860617e+01
     vertex  1.151123e+02 2.083157e+01 -4.932917e+01
   endloop
 endfacet
 facet normal  -6.7291694955e-01 4.1362231737e-01 -6.1326940049e-01
   outer loop
     vertex  1.162653e+02 3.860617e+01 -3.860617e+01
     vertex  1.162653e+02 2.124741e+01 -5.031387e+01
     vertex  1.151123e+02 2.083157e+01 -4.932917e+01
   endloop
 endfacet
 facet normal  -6.7244915631e-01 1.4662229501e-01 -7.2547504077e-01
   outer loop
     vertex  1.151123e+02 2.083157e+01 -4.932917e+01
     vertex  1.162653e+02 2.124741e+01 -5.031387e+01
     vertex  1.151123e+02 0.000000e+00 -5.353934e+01
   endloop
 endfacet
 facet normal  -6.7244915631e-01 1.4662229501e-01 -7.2547504077e-01
   outer loop
     vertex  1.162653e+02 2.124741e+01 -5.031387e+01
     vertex  1.162653e+02 0.000000e+00 -5.460808e+01
     vertex  1.151123e+02 0.000000e+00 -5.353934e+01
   endloop
 endfacet
 facet normal  -6.7244915631e-01 -1.4662229501e-01 -7.2547504077e-01
   outer loop
     vertex  1.151123e+02 0.000000e+00 -5.353934e+01
     vertex  1.162653e+02 0.000000e+00 -5.460808e+01
     vertex  1.162653e+02 -2.124741e+01 -5.031387e+01
   endloop
 endfacet
 facet normal  -6.7244915631e-01 -1.4662229501e-01 -7.2547504077e-01
   outer loop
     vertex  1.151123e+02 0.000000e+00 -5.353934e+01
     vertex  1.162653e+02 -2.124741e+01 -5.031387e+01
     vertex  1.151123e+02 -2.083157e+01 -4.932917e+01
   endloop
 endfacet
 facet normal  -6.7291694955e-01 -4.1362231737e-01 -6.1326940049e-01
   outer loop
     vertex  1.151123e+02 -2.083157e+01 -4.932917e+01
     vertex  1.162653e+02 -2.124741e+01 -5.031387e+01
     vertex  1.162653e+02 -3.860617e+01 -3.860617e+01
   endloop
 endfacet
 facet normal  -6.7291694955e-01 -4.1362231737e-01 -6.1326940049e-01
   outer loop
     vertex  1.151123e+02 -2.083157e+01 -4.932917e+01
     vertex  1.162653e+02 -3.860617e+01 -3.860617e+01
     vertex  1.151123e+02 -3.785060e+01 -3.785060e+01
   endloop
 endfacet
 facet normal  -6.7291694955e-01 -6.1326940049e-01 -4.1362231737e-01
   outer loop
     vertex  1.151123e+02 -3.785060e+01 -3.785060e+01
     vertex  1.162653e+02 -3.860617e+01 -3.860617e+01
     vertex  1.162653e+02 -5.031387e+01 -2.124741e+01
   endloop
 endfacet
 facet normal  -6.7291694955e-01 -6.1326940049e-01 -4.1362231737e-01
   outer loop
     vertex  1.151123e+02 -3.785060e+01 -3.785060e+01
     vertex  1.162653e+02 -5.031387e+01 -2.124741e+01
     vertex  1.151123e+02 -4.932917e+01 -2.083157e+01
   endloop
 endfacet
 facet normal  -6.7244915631e-01 -7.2547504077e-01 -1.4662229501e-01
   outer loop
     vertex  1.151123e+02 -4.932917e+01 -2.083157e+01
     vertex  1.162653e+02 -5.031387e+01 -2.124741e+01
     vertex  1.162653e+02 -5.460808e+01 0.000000e+00
   endloop
 endfacet
 facet normal  -6.7244915631e-01 -7.2547504077e-01 -1.4662229501e-01
   outer loop
     vertex  1.151123e+02 -4.932917e+01 -2.083157e+01
     vertex  1.162653e+02 -5.460808e+01 0.000000e+00
     vertex  1.151123e+02 -5.353934e+01 0.000000e+00
   endloop
 endfacet
 facet normal  -6.7244915631e-01 -7.2547504077e-01 1.4662229501e-01
   outer loop
     vertex  1.151123e+02 -5.353934e+01 0.000000e+00
     vertex  1.162653e+02 -5.460808e+01 0.000000e+00
     vertex  1.151123e+02 -4.932917e+01 2.083157e+01
   endloop
 endfacet
 facet normal  -6.7244915631e-01 -7.2547504077e-01 1.4662229501e-01
   outer loop
     vertex  1.162653e+02 -5.460808e+01 0.000000e+00
     vertex  1.162653e+02 -5.031387e+01 2.124741e+01
     vertex  1.151123e+02 -4.932917e+01 2.083157e+01
   endloop
 endfacet
 facet normal  -6.7291694955e-01 -6.1326940049e-01 4.1362231737e-01
   outer loop
     vertex  1.151123e+02 -4.932917e+01 2.083157e+01
     vertex  1.162653e+02 -5.031387e+01 2.124741e+01
     vertex  1.151123e+02 -3.785060e+01 3.785060e+01
   endloop
 endfacet
 facet normal  -6.7291694955e-01 -6.1326940049e-01 4.1362231737e-01
   outer loop
     vertex  1.162653e+02 -5.031387e+01 2.124741e+01
     vertex  1.162653e+02 -3.860617e+01 3.860617e+01
     vertex  1.151123e+02 -3.785060e+01 3.785060e+01
   endloop
 endfacet
 facet normal  -6.7291694955e-01 -4.1362231737e-01 6.1326940049e-01
   outer loop
     vertex  1.151123e+02 -3.785060e+01 3.785060e+01
     vertex  1.162653e+02 -3.860617e+01 3.860617e+01
     vertex  1.151123e+02 -2.083157e+01 4.932917e+01
   endloop
 endfacet
 facet normal  -6.7291694955e-01 -4.1362231737e-01 6.1326940049e-01
   outer loop
     vertex  1.162653e+02 -3.860617e+01 3.860617e+01
     vertex  1.162653e+02 -2.124741e+01 5.031387e+01
     vertex  1.151123e+02 -2.083157e+01 4.932917e+01
   endloop
 endfacet
 facet normal  -6.7244915631e-01 -1.4662229501e-01 7.2547504077e-01
   outer loop
     vertex  1.151123e+02 -2.083157e+01 4.932917e+01
     vertex  1.162653e+02 -2.124741e+01 5.031387e+01
     vertex  1.151123e+02 0.000000e+00 5.353934e+01
   endloop
 endfacet
 facet normal  -6.7244915631e-01 -1.4662229501e-01 7.2547504077e-01
   outer loop
     vertex  1.162653e+02 -2.124741e+01 5.031387e+01
     vertex  1.162653e+02 0.000000e+00 5.460808e+01
     vertex  1.151123e+02 0.000000e+00 5.353934e+01
   endloop
 endfacet
 facet normal  -6.7244915631e-01 1.4662229501e-01 7.2547504077e-01
   outer loop
     vertex  1.151123e+02 0.000000e+00 5.353934e+01
     vertex  1.162653e+02 0.000000e+00 5.460808e+01
     vertex  1.162653e+02 2.124741e+01 5.031387e+01
   endloop
 endfacet
 facet normal  -6.7244915631e-01 1.4662229501e-01 7.2547504077e-01
   outer loop
     vertex  1.151123e+02 0.000000e+00 5.353934e+01
     vertex  1.162653e+02 2.124741e+01 5.031387e+01
     vertex  1.151123e+02 2.083157e+01 4.932917e+01
   endloop
 endfacet
 facet normal  -6.7291694955e-01 4.1362231737e-01 6.1326940049e-01
   outer loop
     vertex  1.151123e+02 2.083157e+01 4.932917e+01
     vertex  1.162653e+02 2.124741e+01 5.031387e+01
     vertex  1.162653e+02 3.860617e+01 3.860617e+01
   endloop
 endfacet
 facet normal  -6.7291694955e-01 4.1362231737e-01 6.1326940049e-01
   outer loop
     vertex  1.151123e+02 2.083157e+01 4.932917e+01
     vertex  1.162653e+02 3.860617e+01 3.860617e+01
     vertex  1.151123e+02 3.785060e+01 3.785060e+01
   endloop
 endfacet
 facet normal  -6.7291694955e-01 6.1326940049e-01 4.1362231737e-01
   outer loop
     vertex  1.151123e+02 3.785060e+01 3.785060e+01
     vertex  1.162653e+02 3.860617e+01 3.860617e+01
     vertex  1.162653e+02 5.031387e+01 2.124741e+01
   endloop
 endfacet
 facet normal  -6.7291694955e-01 6.1326940049e-01 4.1362231737e-01
   outer loop
     vertex  1.151123e+02 3.785060e+01 3.785060e+01
     vertex  1.162653e+02 5.031387e+01 2.124741e+01
     vertex  1.151123e+02 4.932917e+01 2.083157e+01
   endloop
 endfacet
 facet normal  -6.7244915631e-01 7.2547504077e-01 1.4662229501e-01
   outer loop
     vertex  1.151123e+02 4.932917e+01 2.083157e+01
     vertex  1.162653e+02 5.031387e+01 2.124741e+01
     vertex  1.162653e+02 5.460808e+01 0.000000e+00
   endloop
 endfacet
 facet normal  -6.7244915631e-01 7.2547504077e-01 1.4662229501e-01
   outer loop
     vertex  1.151123e+02 4.932917e+01 2.083157e+01
     vertex  1.162653e+02 5.460808e+01 0.000000e+00
     vertex  1.151123e+02 5.353934e+01 0.000000e+00
   endloop
 endfacet
 facet normal  -9.9805703280e-01 -6.1072166649e-02 1.2343003869e-02
   outer loop
     vertex  1.162653e+02 5.460808e+01 0.000000e+00
     vertex  1.161094e+02 5.715662e+01 0.000000e+00
     vertex  1.162653e+02 5.031387e+01 -2.124741e+01
   endloop
 endfacet
 facet normal  -9.9805703280e-01 -6.1072166649e-02 1.2343003869e-02
   outer loop
     vertex  1.161094e+02 5.715662e+01 0.000000e+00
     vertex  1.161094e+02 5.266200e+01 -2.223902e+01
     vertex  1.162653e+02 5.031387e+01 -2.124741e+01
   endloop
 endfacet
 facet normal  -9.9806194800e-01 -5.1590801167e-02 3.4795648889e-02
   outer loop
     vertex  1.162653e+02 5.031387e+01 -2.124741e+01
     vertex  1.161094e+02 5.266200e+01 -2.223902e+01
     vertex  1.162653e+02 3.860617e+01 -3.860617e+01
   endloop
 endfacet
 facet normal  -9.9806194800e-01 -5.1590801167e-02 3.4795648889e-02
   outer loop
     vertex  1.161094e+02 5.266200e+01 -2.223902e+01
     vertex  1.161094e+02 4.040791e+01 -4.040791e+01
     vertex  1.162653e+02 3.860617e+01 -3.860617e+01
   endloop
 endfacet
 facet normal  -9.9806194800e-01 -3.4795648889e-02 5.1590801167e-02
   outer loop
     vertex  1.162653e+02 3.860617e+01 -3.860617e+01
     vertex  1.161094e+02 4.040791e+01 -4.040791e+01
     vertex  1.162653e+02 2.124741e+01 -5.031387e+01
   endloop
 endfacet
 facet normal  -9.9806194800e-01 -3.4795648889e-02 5.1590801167e-02
   outer loop
     vertex  1.161094e+02 4.040791e+01 -4.040791e+01
     vertex  1.161094e+02 2.223902e+01 -5.266200e+01
     vertex  1.162653e+02 2.124741e+01 -5.031387e+01
   endloop
 endfacet
 facet normal  -9.9805703280e-01 -1.2343003869e-02 6.1072166649e-02
   outer loop
     vertex  1.162653e+02 2.124741e+01 -5.031387e+01
     vertex  1.161094e+02 2.223902e+01 -5.266200e+01
     vertex  1.162653e+02 0.000000e+00 -5.460808e+01
   endloop
 endfacet
 facet normal  -9.9805703280e-01 -1.2343003869e-02 6.1072166649e-02
   outer loop
     vertex  1.161094e+02 2.223902e+01 -5.266200e+01
     vertex  1.161094e+02 0.000000e+00 -5.715662e+01
     vertex  1.162653e+02 0.000000e+00 -5.460808e+01
   endloop
 endfacet
 facet normal  -9.9805703280e-01 1.2343003869e-02 6.1072166649e-02
   outer loop
     vertex  1.162653e+02 0.000000e+00 -5.460808e+01
     vertex  1.161094e+02 0.000000e+00 -5.715662e+01
     vertex  1.161094e+02 -2.223902e+01 -5.266200e+01
   endloop
 endfacet
 facet normal  -9.9805703280e-01 1.2343003869e-02 6.1072166649e-02
   outer loop
     vertex  1.162653e+02 0.000000e+00 -5.460808e+01
     vertex  1.161094e+02 -2.223902e+01 -5.266200e+01
     vertex  1.162653e+02 -2.124741e+01 -5.031387e+01
   endloop
 endfacet
 facet normal  -9.9806194800e-01 3.4795648889e-02 5.1590801167e-02
   outer loop
     vertex  1.162653e+02 -2.124741e+01 -5.031387e+01
     vertex  1.161094e+02 -2.223902e+01 -5.266200e+01
     vertex  1.161094e+02 -4.040791e+01 -4.040791e+01
   endloop
 endfacet
 facet normal  -9.9806194800e-01 3.4795648889e-02 5.1590801167e-02
   outer loop
     vertex  1.162653e+02 -2.124741e+01 -5.031387e+01
     vertex  1.161094e+02 -4.040791e+01 -4.040791e+01
     vertex  1.162653e+02 -3.860617e+01 -3.860617e+01
   endloop
 endfacet
 facet normal  -9.9806194800e-01 5.1590801167e-02 3.4795648889e-02
   outer loop
     vertex  1.162653e+02 -3.860617e+01 -3.860617e+01
     vertex  1.161094e+02 -4.040791e+01 -4.040791e+01
     vertex  1.161094e+02 -5.266200e+01 -2.223902e+01
   endloop
 endfacet
 facet normal  -9.9806194800e-01 5.1590801167e-02 3.4795648889e-02
   outer loop
     vertex  1.162653e+02 -3.860617e+01 -3.860617e+01
     vertex  1.161094e+02 -5.266200e+01 -2.223902e+01
     vertex  1.162653e+02 -5.031387e+01 -2.124741e+01
   endloop
 endfacet
 facet normal  -9.9805703280e-01 6.1072166649e-02 1.2343003869e-02
   outer loop
     vertex  1.162653e+02 -5.031387e+01 -2.124741e+01
     vertex  1.161094e+02 -5.266200e+01 -2.223902e+01
     vertex  1.161094e+02 -5.715662e+01 0.000000e+00
   endloop
 endfacet
 facet normal  -9.9805703280e-01 6.1072166649e-02 1.2343003869e-02
   outer loop
     vertex  1.162653e+02 -5.031387e+01 -2.124741e+01
     vertex  1.161094e+02 -5.715662e+01 0.000000e+00
     vertex  1.162653e+02 -5.460808e+01 0.000000e+00
   endloop
 endfacet
 facet normal  -9.9805703280e-01 6.1072166649e-02 -1.2343003869e-02
   outer loop
     vertex  1.162653e+02 -5.460808e+01 0.000000e+00
     vertex  1.161094e+02 -5.715662e+01 0.000000e+00
     vertex  1.162653e+02 -5.031387e+01 2.124741e+01
   endloop
 endfacet
 facet normal  -9.9805703280e-01 6.1072166649e-02 -1.2343003869e-02
   outer loop
     vertex  1.161094e+02 -5.715662e+01 0.000000e+00
     vertex  1.161094e+02 -5.266200e+01 2.223902e+01
     vertex  1.162653e+02 -5.031387e+01 2.124741e+01
   endloop
 endfacet
 facet normal  -9.9806194800e-01 5.1590801167e-02 -3.4795648889e-02
   outer loop
     vertex  1.162653e+02 -5.031387e+01 2.124741e+01
     vertex  1.161094e+02 -5.266200e+01 2.223902e+01
     vertex  1.162653e+02 -3.860617e+01 3.860617e+01
   endloop
 endfacet
 facet normal  -9.9806194800e-01 5.1590801167e-02 -3.4795648889e-02
   outer loop
     vertex  1.161094e+02 -5.266200e+01 2.223902e+01
     vertex  1.161094e+02 -4.040791e+01 4.040791e+01
     vertex  1.162653e+02 -3.860617e+01 3.860617e+01
   endloop
 endfacet
 facet normal  -9.9806194800e-01 3.4795648889e-02 -5.1590801167e-02
   outer loop
     vertex  1.162653e+02 -3.860617e+01 3.860617e+01
     vertex  1.161094e+02 -4.040791e+01 4.040791e+01
     vertex  1.162653e+02 -2.124741e+01 5.031387e+01
   endloop
 endfacet
 facet normal  -9.9806194800e-01 3.4795648889e-02 -5.1590801167e-02
   outer loop
     vertex  1.161094e+02 -4.040791e+01 4.040791e+01
     vertex  1.161094e+02 -2.223902e+01 5.266200e+01
     vertex  1.162653e+02 -2.124741e+01 5.031387e+01
   endloop
 endfacet
 facet normal  -9.9805703280e-01 1.2343003869e-02 -6.1072166649e-02
   outer loop
     vertex  1.162653e+02 -2.124741e+01 5.031387e+01
     vertex  1.161094e+02 -2.223902e+01 5.266200e+01
     vertex  1.162653e+02 0.000000e+00 5.460808e+01
   endloop
 endfacet
 facet normal  -9.9805703280e-01 1.2343003869e-02 -6.1072166649e-02
   outer loop
     vertex  1.161094e+02 -2.223902e+01 5.266200e+01
     vertex  1.161094e+02 0.000000e+00 5.715662e+01
     vertex  1.162653e+02 0.000000e+00 5.460808e+01
   endloop
 endfacet
 facet normal  -9.9805703280e-01 -1.2343003869e-02 -6.1072166649e-02
   outer loop
     vertex  1.162653e+02 0.000000e+00 5.460808e+01
     vertex  1.161094e+02 0.000000e+00 5.715662e+01
     vertex  1.161094e+02 2.223902e+01 5.266200e+01
   endloop
 endfacet
 facet normal  -9.9805703280e-01 -1.2343003869e-02 -6.1072166649e-02
   outer loop
     vertex  1.162653e+02 0.000000e+00 5.460808e+01
     vertex  1.161094e+02 2.223902e+01 5.266200e+01
     vertex  1.162653e+02 2.124741e+01 5.031387e+01
   endloop
 endfacet
 facet normal  -9.9806194800e-01 -3.4795648889e-02 -5.1590801167e-02
   outer loop
     vertex  1.162653e+02 2.124741e+01 5.031387e+01
     vertex  1.161094e+02 2.223902e+01 5.266200e+01
     vertex  1.161094e+02 4.040791e+01 4.040791e+01
   endloop
 endfacet
 facet normal  -9.9806194800e-01 -3.4795648889e-02 -5.1590801167e-02
   outer loop
     vertex  1.162653e+02 2.124741e+01 5.031387e+01
     vertex  1.161094e+02 4.040791e+01 4.040791e+01
     vertex  1.162653e+02 3.860617e+01 3.860617e+01
   endloop
 endfacet
 facet normal  -9.9806194800e-01 -5.1590801167e-02 -3.4795648889e-02
   outer loop
     vertex  1.162653e+02 3.860617e+01 3.860617e+01
     vertex  1.161094e+02 4.040791e+01 4.040791e+01
     vertex  1.161094e+02 5.266200e+01 2.223902e+01
   endloop
 endfacet
 facet normal  -9.9806194800e-01 -5.1590801167e-02 -3.4795648889e-02
   outer loop
     vertex  1.162653e+02 3.860617e+01 3.860617e+01
     vertex  1.161094e+02 5.266200e+01 2.223902e+01
     vertex  1.162653e+02 5.031387e+01 2.124741e+01
   endloop
 endfacet
 facet normal  -9.9805703280e-01 -6.1072166649e-02 -1.2343003869e-02
   outer loop
     vertex  1.162653e+02 5.031387e+01 2.124741e+01
     vertex  1.161094e+02 5.266200e+01 2.223902e+01
     vertex  1.161094e+02 5.715662e+01 0.000000e+00
   endloop
 endfacet
 facet normal  -9.9805703280e-01 -6.1072166649e-02 -1.2343003869e-02
   outer loop
     vertex  1.162653e+02 5.031387e+01 2.124741e+01
     vertex  1.161094e+02 5.715662e+01 0.000000e+00
     vertex  1.162653e+02 5.460808e+01 0.000000e+00
   endloop
 endfacet
 facet normal  -9.7196694800e-01 -2.3045793150e-01 4.6576751672e-02
   outer loop
     vertex  1.161094e+02 5.715662e+01 0.000000e+00
     vertex  1.153881e+02 6.019842e+01 0.000000e+00
     vertex  1.161094e+02 5.266200e+01 -2.223902e+01
   endloop
 endfacet
 facet normal  -9.7196694800e-01 -2.3045793150e-01 4.6576751672e-02
   outer loop
     vertex  1.153881e+02 6.019842e+01 0.000000e+00
     vertex  1.153881e+02 5.546460e+01 -2.342255e+01
     vertex  1.161094e+02 5.266200e+01 -2.223902e+01
   endloop
 endfacet
 facet normal  -9.7203511545e-01 -1.9469236593e-01 1.3131114565e-01
   outer loop
     vertex  1.161094e+02 5.266200e+01 -2.223902e+01
     vertex  1.153881e+02 5.546460e+01 -2.342255e+01
     vertex  1.161094e+02 4.040791e+01 -4.040791e+01
   endloop
 endfacet
 facet normal  -9.7203511545e-01 -1.9469236593e-01 1.3131114565e-01
   outer loop
     vertex  1.153881e+02 5.546460e+01 -2.342255e+01
     vertex  1.153881e+02 4.255837e+01 -4.255837e+01
     vertex  1.161094e+02 4.040791e+01 -4.040791e+01
   endloop
 endfacet
 facet normal  -9.7203511545e-01 -1.3131114565e-01 1.9469236593e-01
   outer loop
     vertex  1.161094e+02 4.040791e+01 -4.040791e+01
     vertex  1.153881e+02 4.255837e+01 -4.255837e+01
     vertex  1.161094e+02 2.223902e+01 -5.266200e+01
   endloop
 endfacet
 facet normal  -9.7203511545e-01 -1.3131114565e-01 1.9469236593e-01
   outer loop
     vertex  1.153881e+02 4.255837e+01 -4.255837e+01
     vertex  1.153881e+02 2.342255e+01 -5.546460e+01
     vertex  1.161094e+02 2.223902e+01 -5.266200e+01
   endloop
 endfacet
 facet normal  -9.7196694800e-01 -4.6576751672e-02 2.3045793150e-01
   outer loop
     vertex  1.161094e+02 2.223902e+01 -5.266200e+01
     vertex  1.153881e+02 2.342255e+01 -5.546460e+01
     vertex  1.161094e+02 0.000000e+00 -5.715662e+01
   endloop
 endfacet
 facet normal  -9.7196694800e-01 -4.6576751672e-02 2.3045793150e-01
   outer loop
     vertex  1.153881e+02 2.342255e+01 -5.546460e+01
     vertex  1.153881e+02 0.000000e+00 -6.019842e+01
     vertex  1.161094e+02 0.000000e+00 -5.715662e+01
   endloop
 endfacet
 facet normal  -9.7196694800e-01 4.6576751672e-02 2.3045793150e-01
   outer loop
     vertex  1.161094e+02 0.000000e+00 -5.715662e+01
     vertex  1.153881e+02 0.000000e+00 -6.019842e+01
     vertex  1.153881e+02 -2.342255e+01 -5.546460e+01
   endloop
 endfacet
 facet normal  -9.7196694800e-01 4.6576751672e-02 2.3045793150e-01
   outer loop
     vertex  1.161094e+02 0.000000e+00 -5.715662e+01
     vertex  1.153881e+02 -2.342255e+01 -5.546460e+01
     vertex  1.161094e+02 -2.223902e+01 -5.266200e+01
   endloop
 endfacet
 facet normal  -9.7203511545e-01 1.3131114565e-01 1.9469236593e-01
   outer loop
     vertex  1.161094e+02 -2.223902e+01 -5.266200e+01
     vertex  1.153881e+02 -2.342255e+01 -5.546460e+01
     vertex  1.153881e+02 -4.255837e+01 -4.255837e+01
   endloop
 endfacet
 facet normal  -9.7203511545e-01 1.3131114565e-01 1.9469236593e-01
   outer loop
     vertex  1.161094e+02 -2.223902e+01 -5.266200e+01
     vertex  1.153881e+02 -4.255837e+01 -4.255837e+01
     vertex  1.161094e+02 -4.040791e+01 -4.040791e+01
   endloop
 endfacet
 facet normal  -9.7203511545e-01 1.9469236593e-01 1.3131114565e-01
   outer loop
     vertex  1.161094e+02 -4.040791e+01 -4.040791e+01
     vertex  1.153881e+02 -4.255837e+01 -4.255837e+01
     vertex  1.153881e+02 -5.546460e+01 -2.342255e+01
   endloop
 endfacet
 facet normal  -9.7203511545e-01 1.9469236593e-01 1.3131114565e-01
   outer loop
     vertex  1.161094e+02 -4.040791e+01 -4.040791e+01
     vertex  1.153881e+02 -5.546460e+01 -2.342255e+01
     vertex  1.161094e+02 -5.266200e+01 -2.223902e+01
   endloop
 endfacet
 facet normal  -9.7196694800e-01 2.3045793150e-01 4.6576751672e-02
   outer loop
     vertex  1.161094e+02 -5.266200e+01 -2.223902e+01
     vertex  1.153881e+02 -5.546460e+01 -2.342255e+01
     vertex  1.153881e+02 -6.019842e+01 0.000000e+00
   endloop
 endfacet
 facet normal  -9.7196694800e-01 2.3045793150e-01 4.6576751672e-02
   outer loop
     vertex  1.161094e+02 -5.266200e+01 -2.223902e+01
     vertex  1.153881e+02 -6.019842e+01 0.000000e+00
     vertex  1.161094e+02 -5.715662e+01 0.000000e+00
   endloop
 endfacet
 facet normal  -9.7196694800e-01 2.3045793150e-01 -4.6576751672e-02
   outer loop
     vertex  1.161094e+02 -5.715662e+01 0.000000e+00
     vertex  1.153881e+02 -6.019842e+01 0.000000e+00
     vertex  1.161094e+02 -5.266200e+01 2.223902e+01
   endloop
 endfacet
 facet normal  -9.7196694800e-01 2.3045793150e-01 -4.6576751672e-02
   outer loop
     vertex  1.153881e+02 -6.019842e+01 0.000000e+00
     vertex  1.153881e+02 -5.546460e+01 2.342255e+01
     vertex  1.161094e+02 -5.266200e+01 2.223902e+01
   endloop
 endfacet
 facet normal  -9.7203511545e-01 1.9469236593e-01 -1.3131114565e-01
   outer loop
     vertex  1.161094e+02 -5.266200e+01 2.223902e+01
     vertex  1.153881e+02 -5.546460e+01 2.342255e+01
     vertex  1.161094e+02 -4.040791e+01 4.040791e+01
   endloop
 endfacet
 facet normal  -9.7203511545e-01 1.9469236593e-01 -1.3131114565e-01
   outer loop
     vertex  1.153881e+02 -5.546460e+01 2.342255e+01
     vertex  1.153881e+02 -4.255837e+01 4.255837e+01
     vertex  1.161094e+02 -4.040791e+01 4.040791e+01
   endloop
 endfacet
 facet normal  -9.7203511545e-01 1.3131114565e-01 -1.9469236593e-01
   outer loop
     vertex  1.161094e+02 -4.040791e+01 4.040791e+01
     vertex  1.153881e+02 -4.255837e+01 4.255837e+01
     vertex  1.161094e+02 -2.223902e+01 5.266200e+01
   endloop
 endfacet
 facet normal  -9.7203511545e-01 1.3131114565e-01 -1.9469236593e-01
   outer loop
     vertex  1.153881e+02 -4.255837e+01 4.255837e+01
     vertex  1.153881e+02 -2.342255e+01 5.546460e+01
     vertex  1.161094e+02 -2.223902e+01 5.266200e+01
   endloop
 endfacet
 facet normal  -9.7196694800e-01 4.6576751672e-02 -2.3045793150e-01
   outer loop
     vertex  1.161094e+02 -2.223902e+01 5.266200e+01
     vertex  1.153881e+02 -2.342255e+01 5.546460e+01
     vertex  1.161094e+02 0.000000e+00 5.715662e+01
   endloop
 endfacet
 facet normal  -9.7196694800e-01 4.6576751672e-02 -2.3045793150e-01
   outer loop
     vertex  1.153881e+02 -2.342255e+01 5.546460e+01
     vertex  1.153881e+02 0.000000e+00 6.019842e+01
     vertex  1.161094e+02 0.000000e+00 5.715662e+01
   endloop
 endfacet
 facet normal  -9.7196694800e-01 -4.6576751672e-02 -2.3045793150e-01
   outer loop
     vertex  1.161094e+02 0.000000e+00 5.715662e+01
     vertex  1.153881e+02 0.000000e+00 6.019842e+01
     vertex  1.153881e+02 2.342255e+01 5.546460e+01
   endloop
 endfacet
 facet normal  -9.7196694800e-01 -4.6576751672e-02 -2.3045793150e-01
   outer loop
     vertex  1.161094e+02 0.000000e+00 5.715662e+01
     vertex  1.153881e+02 2.342255e+01 5.546460e+01
     vertex  1.161094e+02 2.223902e+01 5.266200e+01
   endloop
 endfacet
 facet normal  -9.7203511545e-01 -1.3131114565e-01 -1.9469236593e-01
   outer loop
     vertex  1.161094e+02 2.223902e+01 5.266200e+01
     vertex  1.153881e+02 2.342255e+01 5.546460e+01
     vertex  1.153881e+02 4.255837e+01 4.255837e+01
   endloop
 endfacet
 facet normal  -9.7203511545e-01 -1.3131114565e-01 -1.9469236593e-01
   outer loop
     vertex  1.161094e+02 2.223902e+01 5.266200e+01
     vertex  1.153881e+02 4.255837e+01 4.255837e+01
     vertex  1.161094e+02 4.040791e+01 4.040791e+01
   endloop
 endfacet
 facet normal  -9.7203511545e-01 -1.9469236593e-01 -1.3131114565e-01
   outer loop
     vertex  1.161094e+02 4.040791e+01 4.040791e+01
     vertex  1.153881e+02 4.255837e+01 4.255837e+01
     vertex  1.153881e+02 5.546460e+01 2.342255e+01
   endloop
 endfacet
 facet normal  -9.7203511545e-01 -1.9469236593e-01 -1.3131114565e-01
   outer loop
     vertex  1.161094e+02 4.040791e+01 4.040791e+01
     vertex  1.153881e+02 5.546460e+01 2.342255e+01
     vertex  1.161094e+02 5.266200e+01 2.223902e+01
   endloop
 endfacet
 facet normal  -9.7196694800e-01 -2.3045793150e-01 -4.6576751672e-02
   outer loop
     vertex  1.161094e+02 5.266200e+01 2.223902e+01
     vertex  1.153881e+02 5.546460e+01 2.342255e+01
     vertex  1.153881e+02 6.019842e+01 0.000000e+00
   endloop
 endfacet
 facet normal  -9.7196694800e-01 -2.3045793150e-01 -4.6576751672e-02
   outer loop
     vertex  1.161094e+02 5.266200e+01 2.223902e+01
     vertex  1.153881e+02 6.019842e+01 0.000000e+00
     vertex  1.161094e+02 5.715662e+01 0.000000e+00
   endloop
 endfacet
 facet normal  -9.7719527418e-01 -2.0813439833e-01 4.2065049020e-02
   outer loop
     vertex  1.153881e+02 6.019842e+01 0.000000e+00
     vertex  1.148453e+02 6.274696e+01 0.000000e+00
     vertex  1.153881e+02 5.546460e+01 -2.342255e+01
   endloop
 endfacet
 facet normal  -9.7719527418e-01 -2.0813439833e-01 4.2065049020e-02
   outer loop
     vertex  1.148453e+02 6.274696e+01 0.000000e+00
     vertex  1.148453e+02 5.781273e+01 -2.441416e+01
     vertex  1.153881e+02 5.546460e+01 -2.342255e+01
   endloop
 endfacet
 facet normal  -9.7725117303e-01 -1.7583102589e-01 1.1859002966e-01
   outer loop
     vertex  1.153881e+02 5.546460e+01 -2.342255e+01
     vertex  1.148453e+02 5.781273e+01 -2.441416e+01
     vertex  1.153881e+02 4.255837e+01 -4.255837e+01
   endloop
 endfacet
 facet normal  -9.7725117303e-01 -1.7583102589e-01 1.1859002966e-01
   outer loop
     vertex  1.148453e+02 5.781273e+01 -2.441416e+01
     vertex  1.148453e+02 4.436010e+01 -4.436010e+01
     vertex  1.153881e+02 4.255837e+01 -4.255837e+01
   endloop
 endfacet
 facet normal  -9.7725117303e-01 -1.1859002966e-01 1.7583102589e-01
   outer loop
     vertex  1.153881e+02 4.255837e+01 -4.255837e+01
     vertex  1.148453e+02 4.436010e+01 -4.436010e+01
     vertex  1.153881e+02 2.342255e+01 -5.546460e+01
   endloop
 endfacet
 facet normal  -9.7725117303e-01 -1.1859002966e-01 1.7583102589e-01
   outer loop
     vertex  1.148453e+02 4.436010e+01 -4.436010e+01
     vertex  1.148453e+02 2.441416e+01 -5.781273e+01
     vertex  1.153881e+02 2.342255e+01 -5.546460e+01
   endloop
 endfacet
 facet normal  -9.7719527418e-01 -4.2065049020e-02 2.0813439833e-01
   outer loop
     vertex  1.153881e+02 2.342255e+01 -5.546460e+01
     vertex  1.148453e+02 2.441416e+01 -5.781273e+01
     vertex  1.153881e+02 0.000000e+00 -6.019842e+01
   endloop
 endfacet
 facet normal  -9.7719527418e-01 -4.2065049020e-02 2.0813439833e-01
   outer loop
     vertex  1.148453e+02 2.441416e+01 -5.781273e+01
     vertex  1.148453e+02 0.000000e+00 -6.274696e+01
     vertex  1.153881e+02 0.000000e+00 -6.019842e+01
   endloop
 endfacet
 facet normal  -9.7719527418e-01 4.2065049020e-02 2.0813439833e-01
   outer loop
     vertex  1.153881e+02 0.000000e+00 -6.019842e+01
     vertex  1.148453e+02 0.000000e+00 -6.274696e+01
     vertex  1.148453e+02 -2.441416e+01 -5.781273e+01
   endloop
 endfacet
 facet normal  -9.7719527418e-01 4.2065049020e-02 2.0813439833e-01
   outer loop
     vertex  1.153881e+02 0.000000e+00 -6.019842e+01
     vertex  1.148453e+02 -2.441416e+01 -5.781273e+01
     vertex  1.153881e+02 -2.342255e+01 -5.546460e+01
   endloop
 endfacet
 facet normal  -9.7725117303e-01 1.1859002966e-01 1.7583102589e-01
   outer loop
     vertex  1.153881e+02 -2.342255e+01 -5.546460e+01
     vertex  1.148453e+02 -2.441416e+01 -5.781273e+01
     vertex  1.148453e+02 -4.436010e+01 -4.436010e+01
   endloop
 endfacet
 facet normal  -9.7725117303e-01 1.1859002966e-01 1.7583102589e-01
   outer loop
     vertex  1.153881e+02 -2.342255e+01 -5.546460e+01
     vertex  1.148453e+02 -4.436010e+01 -4.436010e+01
     vertex  1.153881e+02 -4.255837e+01 -4.255837e+01
   endloop
 endfacet
 facet normal  -9.7725117303e-01 1.7583102589e-01 1.1859002966e-01
   outer loop
     vertex  1.153881e+02 -4.255837e+01 -4.255837e+01
     vertex  1.148453e+02 -4.436010e+01 -4.436010e+01
     vertex  1.148453e+02 -5.781273e+01 -2.441416e+01
   endloop
 endfacet
 facet normal  -9.7725117303e-01 1.7583102589e-01 1.1859002966e-01
   outer loop
     vertex  1.153881e+02 -4.255837e+01 -4.255837e+01
     vertex  1.148453e+02 -5.781273e+01 -2.441416e+01
     vertex  1.153881e+02 -5.546460e+01 -2.342255e+01
   endloop
 endfacet
 facet normal  -9.7719527418e-01 2.0813439833e-01 4.2065049020e-02
   outer loop
     vertex  1.153881e+02 -5.546460e+01 -2.342255e+01
     vertex  1.148453e+02 -5.781273e+01 -2.441416e+01
     vertex  1.148453e+02 -6.274696e+01 0.000000e+00
   endloop
 endfacet
 facet normal  -9.7719527418e-01 2.0813439833e-01 4.2065049020e-02
   outer loop
     vertex  1.153881e+02 -5.546460e+01 -2.342255e+01
     vertex  1.148453e+02 -6.274696e+01 0.000000e+00
     vertex  1.153881e+02 -6.019842e+01 0.000000e+00
   endloop
 endfacet
 facet normal  -9.7719527418e-01 2.0813439833e-01 -4.2065049020e-02
   outer loop
     vertex  1.153881e+02 -6.019842e+01 0.000000e+00
     vertex  1.148453e+02 -6.274696e+01 0.000000e+00
     vertex  1.153881e+02 -5.546460e+01 2.342255e+01
   endloop
 endfacet
 facet normal  -9.7719527418e-01 2.0813439833e-01 -4.2065049020e-02
   outer loop
     vertex  1.148453e+02 -6.274696e+01 0.000000e+00
     vertex  1.148453e+02 -5.781273e+01 2.441416e+01
     vertex  1.153881e+02 -5.546460e+01 2.342255e+01
   endloop
 endfacet
 facet normal  -9.7725117303e-01 1.7583102589e-01 -1.1859002966e-01
   outer loop
     vertex  1.153881e+02 -5.546460e+01 2.342255e+01
     vertex  1.148453e+02 -5.781273e+01 2.441416e+01
     vertex  1.153881e+02 -4.255837e+01 4.255837e+01
   endloop
 endfacet
 facet normal  -9.7725117303e-01 1.7583102589e-01 -1.1859002966e-01
   outer loop
     vertex  1.148453e+02 -5.781273e+01 2.441416e+01
     vertex  1.148453e+02 -4.436010e+01 4.436010e+01
     vertex  1.153881e+02 -4.255837e+01 4.255837e+01
   endloop
 endfacet
 facet normal  -9.7725117303e-01 1.1859002966e-01 -1.7583102589e-01
   outer loop
     vertex  1.153881e+02 -4.255837e+01 4.255837e+01
     vertex  1.148453e+02 -4.436010e+01 4.436010e+01
     vertex  1.153881e+02 -2.342255e+01 5.546460e+01
   endloop
 endfacet
 facet normal  -9.7725117303e-01 1.1859002966e-01 -1.7583102589e-01
   outer loop
     vertex  1.148453e+02 -4.436010e+01 4.436010e+01
     vertex  1.148453e+02 -2.441416e+01 5.781273e+01
     vertex  1.153881e+02 -2.342255e+01 5.546460e+01
   endloop
 endfacet
 facet normal  -9.7719527418e-01 4.2065049020e-02 -2.0813439833e-01
   outer loop
     vertex  1.153881e+02 -2.342255e+01 5.546460e+01
     vertex  1.148453e+02 -2.441416e+01 5.781273e+01
     vertex  1.153881e+02 0.000000e+00 6.019842e+01
   endloop
 endfacet
 facet normal  -9.7719527418e-01 4.2065049020e-02 -2.0813439833e-01
   outer loop
     vertex  1.148453e+02 -2.441416e+01 5.781273e+01
     vertex  1.148453e+02 0.000000e+00 6.274696e+01
     vertex  1.153881e+02 0.000000e+00 6.019842e+01
   endloop
 endfacet
 facet normal  -9.7719527418e-01 -4.2065049020e-02 -2.0813439833e-01
   outer loop
     vertex  1.153881e+02 0.000000e+00 6.019842e+01
     vertex  1.148453e+02 0.000000e+00 6.274696e+01
     vertex  1.148453e+02 2.441416e+01 5.781273e+01
   endloop
 endfacet
 facet normal  -9.7719527418e-01 -4.2065049020e-02 -2.0813439833e-01
   outer loop
     vertex  1.153881e+02 0.000000e+00 6.019842e+01
     vertex  1.148453e+02 2.441416e+01 5.781273e+01
     vertex  1.153881e+02 2.342255e+01 5.546460e+01
   endloop
 endfacet
 facet normal  -9.7725117303e-01 -1.1859002966e-01 -1.7583102589e-01
   outer loop
     vertex  1.153881e+02 2.342255e+01 5.546460e+01
     vertex  1.148453e+02 2.441416e+01 5.781273e+01
     vertex  1.148453e+02 4.436010e+01 4.436010e+01
   endloop
 endfacet
 facet normal  -9.7725117303e-01 -1.1859002966e-01 -1.7583102589e-01
   outer loop
     vertex  1.153881e+02 2.342255e+01 5.546460e+01
     vertex  1.148453e+02 4.436010e+01 4.436010e+01
     vertex  1.153881e+02 4.255837e+01 4.255837e+01
   endloop
 endfacet
 facet normal  -9.7725117303e-01 -1.7583102589e-01 -1.1859002966e-01
   outer loop
     vertex  1.153881e+02 4.255837e+01 4.255837e+01
     vertex  1.148453e+02 4.436010e+01 4.436010e+01
     vertex  1.148453e+02 5.781273e+01 2.441416e+01
   endloop
 endfacet
 facet normal  -9.7725117303e-01 -1.7583102589e-01 -1.1859002966e-01
   outer loop
     vertex  1.153881e+02 4.255837e+01 4.255837e+01
     vertex  1.148453e+02 5.781273e+01 2.441416e+01
     vertex  1.153881e+02 5.546460e+01 2.342255e+01
   endloop
 endfacet
 facet normal  -9.7719527418e-01 -2.0813439833e-01 -4.2065049020e-02
   outer loop
     vertex  1.153881e+02 5.546460e+01 2.342255e+01
     vertex  1.148453e+02 5.781273e+01 2.441416e+01
     vertex  1.148453e+02 6.274696e+01 0.000000e+00
   endloop
 endfacet
 facet normal  -9.7719527418e-01 -2.0813439833e-01 -4.2065049020e-02
   outer loop
     vertex  1.153881e+02 5.546460e+01 2.342255e+01
     vertex  1.148453e+02 6.274696e+01 0.000000e+00
     vertex  1.153881e+02 6.019842e+01 0.000000e+00
   endloop
 endfacet
 facet normal  -9.4026905617e-01 3.3368548822e-01 -6.7439580059e-02
   outer loop
     vertex  1.148453e+02 6.274696e+01 0.000000e+00
     vertex  1.152246e+02 6.381570e+01 0.000000e+00
     vertex  1.148453e+02 5.781273e+01 -2.441416e+01
   endloop
 endfacet
 facet normal  -9.4026905617e-01 3.3368548822e-01 -6.7439580059e-02
   outer loop
     vertex  1.152246e+02 6.381570e+01 0.000000e+00
     vertex  1.152246e+02 5.879743e+01 -2.483000e+01
     vertex  1.148453e+02 5.781273e+01 -2.441416e+01
   endloop
 endfacet
 facet normal  -9.4040732335e-01 2.8192136155e-01 -1.9014313577e-01
   outer loop
     vertex  1.148453e+02 5.781273e+01 -2.441416e+01
     vertex  1.152246e+02 5.879743e+01 -2.483000e+01
     vertex  1.148453e+02 4.436010e+01 -4.436010e+01
   endloop
 endfacet
 facet normal  -9.4040732335e-01 2.8192136155e-01 -1.9014313577e-01
   outer loop
     vertex  1.152246e+02 5.879743e+01 -2.483000e+01
     vertex  1.152246e+02 4.511567e+01 -4.511567e+01
     vertex  1.148453e+02 4.436010e+01 -4.436010e+01
   endloop
 endfacet
 facet normal  -9.4040732335e-01 1.9014313577e-01 -2.8192136155e-01
   outer loop
     vertex  1.148453e+02 4.436010e+01 -4.436010e+01
     vertex  1.152246e+02 4.511567e+01 -4.511567e+01
     vertex  1.148453e+02 2.441416e+01 -5.781273e+01
   endloop
 endfacet
 facet normal  -9.4040732335e-01 1.9014313577e-01 -2.8192136155e-01
   outer loop
     vertex  1.152246e+02 4.511567e+01 -4.511567e+01
     vertex  1.152246e+02 2.483000e+01 -5.879743e+01
     vertex  1.148453e+02 2.441416e+01 -5.781273e+01
   endloop
 endfacet
 facet normal  -9.4026905617e-01 6.7439580059e-02 -3.3368548822e-01
   outer loop
     vertex  1.148453e+02 2.441416e+01 -5.781273e+01
     vertex  1.152246e+02 2.483000e+01 -5.879743e+01
     vertex  1.148453e+02 0.000000e+00 -6.274696e+01
   endloop
 endfacet
 facet normal  -9.4026905617e-01 6.7439580059e-02 -3.3368548822e-01
   outer loop
     vertex  1.152246e+02 2.483000e+01 -5.879743e+01
     vertex  1.152246e+02 0.000000e+00 -6.381570e+01
     vertex  1.148453e+02 0.000000e+00 -6.274696e+01
   endloop
 endfacet
 facet normal  -9.4026905617e-01 -6.7439580059e-02 -3.3368548822e-01
   outer loop
     vertex  1.148453e+02 0.000000e+00 -6.274696e+01
     vertex  1.152246e+02 0.000000e+00 -6.381570e+01
     vertex  1.152246e+02 -2.483000e+01 -5.879743e+01
   endloop
 endfacet
 facet normal  -9.4026905617e-01 -6.7439580059e-02 -3.3368548822e-01
   outer loop
     vertex  1.148453e+02 0.000000e+00 -6.274696e+01
     vertex  1.152246e+02 -2.483000e+01 -5.879743e+01
     vertex  1.148453e+02 -2.441416e+01 -5.781273e+01
   endloop
 endfacet
 facet normal  -9.4040732335e-01 -1.9014313577e-01 -2.8192136155e-01
   outer loop
     vertex  1.148453e+02 -2.441416e+01 -5.781273e+01
     vertex  1.152246e+02 -2.483000e+01 -5.879743e+01
     vertex  1.152246e+02 -4.511567e+01 -4.511567e+01
   endloop
 endfacet
 facet normal  -9.4040732335e-01 -1.9014313577e-01 -2.8192136155e-01
   outer loop
     vertex  1.148453e+02 -2.441416e+01 -5.781273e+01
     vertex  1.152246e+02 -4.511567e+01 -4.511567e+01
     vertex  1.148453e+02 -4.436010e+01 -4.436010e+01
   endloop
 endfacet
 facet normal  -9.4040732335e-01 -2.8192136155e-01 -1.9014313577e-01
   outer loop
     vertex  1.148453e+02 -4.436010e+01 -4.436010e+01
     vertex  1.152246e+02 -4.511567e+01 -4.511567e+01
     vertex  1.152246e+02 -5.879743e+01 -2.483000e+01
   endloop
 endfacet
 facet normal  -9.4040732335e-01 -2.8192136155e-01 -1.9014313577e-01
   outer loop
     vertex  1.148453e+02 -4.436010e+01 -4.436010e+01
     vertex  1.152246e+02 -5.879743e+01 -2.483000e+01
     vertex  1.148453e+02 -5.781273e+01 -2.441416e+01
   endloop
 endfacet
 facet normal  -9.4026905617e-01 -3.3368548822e-01 -6.7439580059e-02
   outer loop
     vertex  1.148453e+02 -5.781273e+01 -2.441416e+01
     vertex  1.152246e+02 -5.879743e+01 -2.483000e+01
     vertex  1.152246e+02 -6.381570e+01 0.000000e+00
   endloop
 endfacet
 facet normal  -9.4026905617e-01 -3.3368548822e-01 -6.7439580059e-02
   outer loop
     vertex  1.148453e+02 -5.781273e+01 -2.441416e+01
     vertex  1.152246e+02 -6.381570e+01 0.000000e+00
     vertex  1.148453e+02 -6.274696e+01 0.000000e+00
   endloop
 endfacet
 facet normal  -9.4026905617e-01 -3.3368548822e-01 6.7439580059e-02
   outer loop
     vertex  1.148453e+02 -6.274696e+01 0.000000e+00
     vertex  1.152246e+02 -6.381570e+01 0.000000e+00
     vertex  1.148453e+02 -5.781273e+01 2.441416e+01
   endloop
 endfacet
 facet normal  -9.4026905617e-01 -3.3368548822e-01 6.7439580059e-02
   outer loop
     vertex  1.152246e+02 -6.381570e+01 0.000000e+00
     vertex  1.152246e+02 -5.879743e+01 2.483000e+01
     vertex  1.148453e+02 -5.781273e+01 2.441416e+01
   endloop
 endfacet
 facet normal  -9.4040732335e-01 -2.8192136155e-01 1.9014313577e-01
   outer loop
     vertex  1.148453e+02 -5.781273e+01 2.441416e+01
     vertex  1.152246e+02 -5.879743e+01 2.483000e+01
     vertex  1.148453e+02 -4.436010e+01 4.436010e+01
   endloop
 endfacet
 facet normal  -9.4040732335e-01 -2.8192136155e-01 1.9014313577e-01
   outer loop
     vertex  1.152246e+02 -5.879743e+01 2.483000e+01
     vertex  1.152246e+02 -4.511567e+01 4.511567e+01
     vertex  1.148453e+02 -4.436010e+01 4.436010e+01
   endloop
 endfacet
 facet normal  -9.4040732335e-01 -1.9014313577e-01 2.8192136155e-01
   outer loop
     vertex  1.148453e+02 -4.436010e+01 4.436010e+01
     vertex  1.152246e+02 -4.511567e+01 4.511567e+01
     vertex  1.148453e+02 -2.441416e+01 5.781273e+01
   endloop
 endfacet
 facet normal  -9.4040732335e-01 -1.9014313577e-01 2.8192136155e-01
   outer loop
     vertex  1.152246e+02 -4.511567e+01 4.511567e+01
     vertex  1.152246e+02 -2.483000e+01 5.879743e+01
     vertex  1.148453e+02 -2.441416e+01 5.781273e+01
   endloop
 endfacet
 facet normal  -9.4026905617e-01 -6.7439580059e-02 3.3368548822e-01
   outer loop
     vertex  1.148453e+02 -2.441416e+01 5.781273e+01
     vertex  1.152246e+02 -2.483000e+01 5.879743e+01
     vertex  1.148453e+02 0.000000e+00 6.274696e+01
   endloop
 endfacet
 facet normal  -9.4026905617e-01 -6.7439580059e-02 3.3368548822e-01
   outer loop
     vertex  1.152246e+02 -2.483000e+01 5.879743e+01
     vertex  1.152246e+02 0.000000e+00 6.381570e+01
     vertex  1.148453e+02 0.000000e+00 6.274696e+01
   endloop
 endfacet
 facet normal  -9.4026905617e-01 6.7439580059e-02 3.3368548822e-01
   outer loop
     vertex  1.148453e+02 0.000000e+00 6.274696e+01
     vertex  1.152246e+02 0.000000e+00 6.381570e+01
     vertex  1.152246e+02 2.483000e+01 5.879743e+01
   endloop
 endfacet
 facet normal  -9.4026905617e-01 6.7439580059e-02 3.3368548822e-01
   outer loop
     vertex  1.148453e+02 0.000000e+00 6.274696e+01
     vertex  1.152246e+02 2.483000e+01 5.879743e+01
     vertex  1.148453e+02 2.441416e+01 5.781273e+01
   endloop
 endfacet
 facet normal  -9.4040732335e-01 1.9014313577e-01 2.8192136155e-01
   outer loop
     vertex  1.148453e+02 2.441416e+01 5.781273e+01
     vertex  1.152246e+02 2.483000e+01 5.879743e+01
     vertex  1.152246e+02 4.511567e+01 4.511567e+01
   endloop
 endfacet
 facet normal  -9.4040732335e-01 1.9014313577e-01 2.8192136155e-01
   outer loop
     vertex  1.148453e+02 2.441416e+01 5.781273e+01
     vertex  1.152246e+02 4.511567e+01 4.511567e+01
     vertex  1.148453e+02 4.436010e+01 4.436010e+01
   endloop
 endfacet
 facet normal  -9.4040732335e-01 2.8192136155e-01 1.9014313577e-01
   outer loop
     vertex  1.148453e+02 4.436010e+01 4.436010e+01
     vertex  1.152246e+02 4.511567e+01 4.511567e+01
     vertex  1.152246e+02 5.879743e+01 2.483000e+01
   endloop
 endfacet
 facet normal  -9.4040732335e-01 2.8192136155e-01 1.9014313577e-01
   outer loop
     vertex  1.148453e+02 4.436010e+01 4.436010e+01
     vertex  1.152246e+02 5.879743e+01 2.483000e+01
     vertex  1.148453e+02 5.781273e+01 2.441416e+01
   endloop
 endfacet
 facet normal  -9.4026905617e-01 3.3368548822e-01 6.7439580059e-02
   outer loop
     vertex  1.148453e+02 5.781273e+01 2.441416e+01
     vertex  1.152246e+02 5.879743e+01 2.483000e+01
     vertex  1.152246e+02 6.381570e+01 0.000000e+00
   endloop
 endfacet
 facet normal  -9.4026905617e-01 3.3368548822e-01 6.7439580059e-02
   outer loop
     vertex  1.148453e+02 5.781273e+01 2.441416e+01
     vertex  1.152246e+02 6.381570e+01 0.000000e+00
     vertex  1.148453e+02 6.274696e+01 0.000000e+00
   endloop
 endfacet
 facet normal  -6.3544198154e-01 7.5684605387e-01 -1.5296254061e-01
   outer loop
     vertex  1.152246e+02 6.381570e+01 0.000000e+00
     vertex  1.158980e+02 6.438110e+01 0.000000e+00
     vertex  1.152246e+02 5.879743e+01 -2.483000e+01
   endloop
 endfacet
 facet normal  -6.3544198154e-01 7.5684605387e-01 -1.5296254061e-01
   outer loop
     vertex  1.158980e+02 6.438110e+01 0.000000e+00
     vertex  1.158980e+02 5.931836e+01 -2.504999e+01
     vertex  1.152246e+02 5.879743e+01 -2.483000e+01
   endloop
 endfacet
 facet normal  -6.3592313166e-01 6.3982775520e-01 -4.3153471968e-01
   outer loop
     vertex  1.152246e+02 5.879743e+01 -2.483000e+01
     vertex  1.158980e+02 5.931836e+01 -2.504999e+01
     vertex  1.152246e+02 4.511567e+01 -4.511567e+01
   endloop
 endfacet
 facet normal  -6.3592313166e-01 6.3982775520e-01 -4.3153471968e-01
   outer loop
     vertex  1.158980e+02 5.931836e+01 -2.504999e+01
     vertex  1.158980e+02 4.551538e+01 -4.551538e+01
     vertex  1.152246e+02 4.511567e+01 -4.511567e+01
   endloop
 endfacet
 facet normal  -6.3592313166e-01 4.3153471968e-01 -6.3982775520e-01
   outer loop
     vertex  1.152246e+02 4.511567e+01 -4.511567e+01
     vertex  1.158980e+02 4.551538e+01 -4.551538e+01
     vertex  1.152246e+02 2.483000e+01 -5.879743e+01
   endloop
 endfacet
 facet normal  -6.3592313166e-01 4.3153471968e-01 -6.3982775520e-01
   outer loop
     vertex  1.158980e+02 4.551538e+01 -4.551538e+01
     vertex  1.158980e+02 2.504999e+01 -5.931836e+01
     vertex  1.152246e+02 2.483000e+01 -5.879743e+01
   endloop
 endfacet
 facet normal  -6.3544198154e-01 1.5296254061e-01 -7.5684605387e-01
   outer loop
     vertex  1.152246e+02 2.483000e+01 -5.879743e+01
     vertex  1.158980e+02 2.504999e+01 -5.931836e+01
     vertex  1.152246e+02 0.000000e+00 -6.381570e+01
   endloop
 endfacet
 facet normal  -6.3544198154e-01 1.5296254061e-01 -7.5684605387e-01
   outer loop
     vertex  1.158980e+02 2.504999e+01 -5.931836e+01
     vertex  1.158980e+02 0.000000e+00 -6.438110e+01
     vertex  1.152246e+02 0.000000e+00 -6.381570e+01
   endloop
 endfacet
 facet normal  -6.3544198154e-01 -1.5296254061e-01 -7.5684605387e-01
   outer loop
     vertex  1.152246e+02 0.000000e+00 -6.381570e+01
     vertex  1.158980e+02 0.000000e+00 -6.438110e+01
     vertex  1.158980e+02 -2.504999e+01 -5.931836e+01
   endloop
 endfacet
 facet normal  -6.3544198154e-01 -1.5296254061e-01 -7.5684605387e-01
   outer loop
     vertex  1.152246e+02 0.000000e+00 -6.381570e+01
     vertex  1.158980e+02 -2.504999e+01 -5.931836e+01
     vertex  1.152246e+02 -2.483000e+01 -5.879743e+01
   endloop
 endfacet
 facet normal  -6.3592313166e-01 -4.3153471968e-01 -6.3982775520e-01
   outer loop
     vertex  1.152246e+02 -2.483000e+01 -5.879743e+01
     vertex  1.158980e+02 -2.504999e+01 -5.931836e+01
     vertex  1.158980e+02 -4.551538e+01 -4.551538e+01
   endloop
 endfacet
 facet normal  -6.3592313166e-01 -4.3153471968e-01 -6.3982775520e-01
   outer loop
     vertex  1.152246e+02 -2.483000e+01 -5.879743e+01
     vertex  1.158980e+02 -4.551538e+01 -4.551538e+01
     vertex  1.152246e+02 -4.511567e+01 -4.511567e+01
   endloop
 endfacet
 facet normal  -6.3592313166e-01 -6.3982775520e-01 -4.3153471968e-01
   outer loop
     vertex  1.152246e+02 -4.511567e+01 -4.511567e+01
     vertex  1.158980e+02 -4.551538e+01 -4.551538e+01
     vertex  1.158980e+02 -5.931836e+01 -2.504999e+01
   endloop
 endfacet
 facet normal  -6.3592313166e-01 -6.3982775520e-01 -4.3153471968e-01
   outer loop
     vertex  1.152246e+02 -4.511567e+01 -4.511567e+01
     vertex  1.158980e+02 -5.931836e+01 -2.504999e+01
     vertex  1.152246e+02 -5.879743e+01 -2.483000e+01
   endloop
 endfacet
 facet normal  -6.3544198154e-01 -7.5684605387e-01 -1.5296254061e-01
   outer loop
     vertex  1.152246e+02 -5.879743e+01 -2.483000e+01
     vertex  1.158980e+02 -5.931836e+01 -2.504999e+01
     vertex  1.158980e+02 -6.438110e+01 0.000000e+00
   endloop
 endfacet
 facet normal  -6.3544198154e-01 -7.5684605387e-01 -1.5296254061e-01
   outer loop
     vertex  1.152246e+02 -5.879743e+01 -2.483000e+01
     vertex  1.158980e+02 -6.438110e+01 0.000000e+00
     vertex  1.152246e+02 -6.381570e+01 0.000000e+00
   endloop
 endfacet
 facet normal  -6.3544198154e-01 -7.5684605387e-01 1.5296254061e-01
   outer loop
     vertex  1.152246e+02 -6.381570e+01 0.000000e+00
     vertex  1.158980e+02 -6.438110e+01 0.000000e+00
     vertex  1.152246e+02 -5.879743e+01 2.483000e+01
   endloop
 endfacet
 facet normal  -6.3544198154e-01 -7.5684605387e-01 1.5296254061e-01
   outer loop
     vertex  1.158980e+02 -6.438110e+01 0.000000e+00
     vertex  1.158980e+02 -5.931836e+01 2.504999e+01
     vertex  1.152246e+02 -5.879743e+01 2.483000e+01
   endloop
 endfacet
 facet normal  -6.3592313166e-01 -6.3982775520e-01 4.3153471968e-01
   outer loop
     vertex  1.152246e+02 -5.879743e+01 2.483000e+01
     vertex  1.158980e+02 -5.931836e+01 2.504999e+01
     vertex  1.152246e+02 -4.511567e+01 4.511567e+01
   endloop
 endfacet
 facet normal  -6.3592313166e-01 -6.3982775520e-01 4.3153471968e-01
   outer loop
     vertex  1.158980e+02 -5.931836e+01 2.504999e+01
     vertex  1.158980e+02 -4.551538e+01 4.551538e+01
     vertex  1.152246e+02 -4.511567e+01 4.511567e+01
   endloop
 endfacet
 facet normal  -6.3592313166e-01 -4.3153471968e-01 6.3982775520e-01
   outer loop
     vertex  1.152246e+02 -4.511567e+01 4.511567e+01
     vertex  1.158980e+02 -4.551538e+01 4.551538e+01
     vertex  1.152246e+02 -2.483000e+01 5.879743e+01
   endloop
 endfacet
 facet normal  -6.3592313166e-01 -4.3153471968e-01 6.3982775520e-01
   outer loop
     vertex  1.158980e+02 -4.551538e+01 4.551538e+01
     vertex  1.158980e+02 -2.504999e+01 5.931836e+01
     vertex  1.152246e+02 -2.483000e+01 5.879743e+01
   endloop
 endfacet
 facet normal  -6.3544198154e-01 -1.5296254061e-01 7.5684605387e-01
   outer loop
     vertex  1.152246e+02 -2.483000e+01 5.879743e+01
     vertex  1.158980e+02 -2.504999e+01 5.931836e+01
     vertex  1.152246e+02 0.000000e+00 6.381570e+01
   endloop
 endfacet
 facet normal  -6.3544198154e-01 -1.5296254061e-01 7.5684605387e-01
   outer loop
     vertex  1.158980e+02 -2.504999e+01 5.931836e+01
     vertex  1.158980e+02 0.000000e+00 6.438110e+01
     vertex  1.152246e+02 0.000000e+00 6.381570e+01
   endloop
 endfacet
 facet normal  -6.3544198154e-01 1.5296254061e-01 7.5684605387e-01
   outer loop
     vertex  1.152246e+02 0.000000e+00 6.381570e+01
     vertex  1.158980e+02 0.000000e+00 6.438110e+01
     vertex  1.158980e+02 2.504999e+01 5.931836e+01
   endloop
 endfacet
 facet normal  -6.3544198154e-01 1.5296254061e-01 7.5684605387e-01
   outer loop
     vertex  1.152246e+02 0.000000e+00 6.381570e+01
     vertex  1.158980e+02 2.504999e+01 5.931836e+01
     vertex  1.152246e+02 2.483000e+01 5.879743e+01
   endloop
 endfacet
 facet normal  -6.3592313166e-01 4.3153471968e-01 6.3982775520e-01
   outer loop
     vertex  1.152246e+02 2.483000e+01 5.879743e+01
     vertex  1.158980e+02 2.504999e+01 5.931836e+01
     vertex  1.158980e+02 4.551538e+01 4.551538e+01
   endloop
 endfacet
 facet normal  -6.3592313166e-01 4.3153471968e-01 6.3982775520e-01
   outer loop
     vertex  1.152246e+02 2.483000e+01 5.879743e+01
     vertex  1.158980e+02 4.551538e+01 4.551538e+01
     vertex  1.152246e+02 4.511567e+01 4.511567e+01
   endloop
 endfacet
 facet normal  -6.3592313166e-01 6.3982775520e-01 4.3153471968e-01
   outer loop
     vertex  1.152246e+02 4.511567e+01 4.511567e+01
     vertex  1.158980e+02 4.551538e+01 4.551538e+01
     vertex  1.158980e+02 5.931836e+01 2.504999e+01
   endloop
 endfacet
 facet normal  -6.3592313166e-01 6.3982775520e-01 4.3153471968e-01
   outer loop
     vertex  1.152246e+02 4.511567e+01 4.511567e+01
     vertex  1.158980e+02 5.931836e+01 2.504999e+01
     vertex  1.152246e+02 5.879743e+01 2.483000e+01
   endloop
 endfacet
 facet normal  -6.3544198154e-01 7.5684605387e-01 1.5296254061e-01
   outer loop
     vertex  1.152246e+02 5.879743e+01 2.483000e+01
     vertex  1.158980e+02 5.931836e+01 2.504999e+01
     vertex  1.158980e+02 6.438110e+01 0.000000e+00
   endloop
 endfacet
 facet normal  -6.3544198154e-01 7.5684605387e-01 1.5296254061e-01
   outer loop
     vertex  1.152246e+02 5.879743e+01 2.483000e+01
     vertex  1.158980e+02 6.438110e+01 0.000000e+00
     vertex  1.152246e+02 6.381570e+01 0.000000e+00
   endloop
 endfacet
 facet normal  -9.9928656333e-01 3.7018761959e-02 -7.4816851465e-03
   outer loop
     vertex  1.158980e+02 6.438110e+01 0.000000e+00
     vertex  1.159480e+02 6.572934e+01 0.000000e+00
     vertex  1.158980e+02 5.931836e+01 -2.504999e+01
   endloop
 endfacet
 facet normal  -9.9928656333e-01 3.7018761959e-02 -7.4816851465e-03
   outer loop
     vertex  1.159480e+02 6.572934e+01 0.000000e+00
     vertex  1.159480e+02 6.056059e+01 -2.557457e+01
     vertex  1.158980e+02 5.931836e+01 -2.504999e+01
   endloop
 endfacet
 facet normal  -9.9928837147e-01 3.1271555321e-02 -2.1091241744e-02
   outer loop
     vertex  1.158980e+02 5.931836e+01 -2.504999e+01
     vertex  1.159480e+02 6.056059e+01 -2.557457e+01
     vertex  1.158980e+02 4.551538e+01 -4.551538e+01
   endloop
 endfacet
 facet normal  -9.9928837147e-01 3.1271555321e-02 -2.1091241744e-02
   outer loop
     vertex  1.159480e+02 6.056059e+01 -2.557457e+01
     vertex  1.159480e+02 4.646855e+01 -4.646855e+01
     vertex  1.158980e+02 4.551538e+01 -4.551538e+01
   endloop
 endfacet
 facet normal  -9.9928837147e-01 2.1091241744e-02 -3.1271555321e-02
   outer loop
     vertex  1.158980e+02 4.551538e+01 -4.551538e+01
     vertex  1.159480e+02 4.646855e+01 -4.646855e+01
     vertex  1.158980e+02 2.504999e+01 -5.931836e+01
   endloop
 endfacet
 facet normal  -9.9928837147e-01 2.1091241744e-02 -3.1271555321e-02
   outer loop
     vertex  1.159480e+02 4.646855e+01 -4.646855e+01
     vertex  1.159480e+02 2.557457e+01 -6.056059e+01
     vertex  1.158980e+02 2.504999e+01 -5.931836e+01
   endloop
 endfacet
 facet normal  -9.9928656333e-01 7.4816851465e-03 -3.7018761959e-02
   outer loop
     vertex  1.158980e+02 2.504999e+01 -5.931836e+01
     vertex  1.159480e+02 2.557457e+01 -6.056059e+01
     vertex  1.158980e+02 0.000000e+00 -6.438110e+01
   endloop
 endfacet
 facet normal  -9.9928656333e-01 7.4816851465e-03 -3.7018761959e-02
   outer loop
     vertex  1.159480e+02 2.557457e+01 -6.056059e+01
     vertex  1.159480e+02 0.000000e+00 -6.572934e+01
     vertex  1.158980e+02 0.000000e+00 -6.438110e+01
   endloop
 endfacet
 facet normal  -9.9928656333e-01 -7.4816851465e-03 -3.7018761959e-02
   outer loop
     vertex  1.158980e+02 0.000000e+00 -6.438110e+01
     vertex  1.159480e+02 0.000000e+00 -6.572934e+01
     vertex  1.159480e+02 -2.557457e+01 -6.056059e+01
   endloop
 endfacet
 facet normal  -9.9928656333e-01 -7.4816851465e-03 -3.7018761959e-02
   outer loop
     vertex  1.158980e+02 0.000000e+00 -6.438110e+01
     vertex  1.159480e+02 -2.557457e+01 -6.056059e+01
     vertex  1.158980e+02 -2.504999e+01 -5.931836e+01
   endloop
 endfacet
 facet normal  -9.9928837147e-01 -2.1091241744e-02 -3.1271555321e-02
   outer loop
     vertex  1.158980e+02 -2.504999e+01 -5.931836e+01
     vertex  1.159480e+02 -2.557457e+01 -6.056059e+01
     vertex  1.159480e+02 -4.646855e+01 -4.646855e+01
   endloop
 endfacet
 facet normal  -9.9928837147e-01 -2.1091241744e-02 -3.1271555321e-02
   outer loop
     vertex  1.158980e+02 -2.504999e+01 -5.931836e+01
     vertex  1.159480e+02 -4.646855e+01 -4.646855e+01
     vertex  1.158980e+02 -4.551538e+01 -4.551538e+01
   endloop
 endfacet
 facet normal  -9.9928837147e-01 -3.1271555321e-02 -2.1091241744e-02
   outer loop
     vertex  1.158980e+02 -4.551538e+01 -4.551538e+01
     vertex  1.159480e+02 -4.646855e+01 -4.646855e+01
     vertex  1.159480e+02 -6.056059e+01 -2.557457e+01
   endloop
 endfacet
 facet normal  -9.9928837147e-01 -3.1271555321e-02 -2.1091241744e-02
   outer loop
     vertex  1.158980e+02 -4.551538e+01 -4.551538e+01
     vertex  1.159480e+02 -6.056059e+01 -2.557457e+01
     vertex  1.158980e+02 -5.931836e+01 -2.504999e+01
   endloop
 endfacet
 facet normal  -9.9928656333e-01 -3.7018761959e-02 -7.4816851465e-03
   outer loop
     vertex  1.158980e+02 -5.931836e+01 -2.504999e+01
     vertex  1.159480e+02 -6.056059e+01 -2.557457e+01
     vertex  1.159480e+02 -6.572934e+01 0.000000e+00
   endloop
 endfacet
 facet normal  -9.9928656333e-01 -3.7018761959e-02 -7.4816851465e-03
   outer loop
     vertex  1.158980e+02 -5.931836e+01 -2.504999e+01
     vertex  1.159480e+02 -6.572934e+01 0.000000e+00
     vertex  1.158980e+02 -6.438110e+01 0.000000e+00
   endloop
 endfacet
 facet normal  -9.9928656333e-01 -3.7018761959e-02 7.4816851465e-03
   outer loop
     vertex  1.158980e+02 -6.438110e+01 0.000000e+00
     vertex  1.159480e+02 -6.572934e+01 0.000000e+00
     vertex  1.158980e+02 -5.931836e+01 2.504999e+01
   endloop
 endfacet
 facet normal  -9.9928656333e-01 -3.7018761959e-02 7.4816851465e-03
   outer loop
     vertex  1.159480e+02 -6.572934e+01 0.000000e+00
     vertex  1.159480e+02 -6.056059e+01 2.557457e+01
     vertex  1.158980e+02 -5.931836e+01 2.504999e+01
   endloop
 endfacet
 facet normal  -9.9928837147e-01 -3.1271555321e-02 2.1091241744e-02
   outer loop
     vertex  1.158980e+02 -5.931836e+01 2.504999e+01
     vertex  1.159480e+02 -6.056059e+01 2.557457e+01
     vertex  1.158980e+02 -4.551538e+01 4.551538e+01
   endloop
 endfacet
 facet normal  -9.9928837147e-01 -3.1271555321e-02 2.1091241744e-02
   outer loop
     vertex  1.159480e+02 -6.056059e+01 2.557457e+01
     vertex  1.159480e+02 -4.646855e+01 4.646855e+01
     vertex  1.158980e+02 -4.551538e+01 4.551538e+01
   endloop
 endfacet
 facet normal  -9.9928837147e-01 -2.1091241744e-02 3.1271555321e-02
   outer loop
     vertex  1.158980e+02 -4.551538e+01 4.551538e+01
     vertex  1.159480e+02 -4.646855e+01 4.646855e+01
     vertex  1.158980e+02 -2.504999e+01 5.931836e+01
   endloop
 endfacet
 facet normal  -9.9928837147e-01 -2.1091241744e-02 3.1271555321e-02
   outer loop
     vertex  1.159480e+02 -4.646855e+01 4.646855e+01
     vertex  1.159480e+02 -2.557457e+01 6.056059e+01
     vertex  1.158980e+02 -2.504999e+01 5.931836e+01
   endloop
 endfacet
 facet normal  -9.9928656333e-01 -7.4816851465e-03 3.7018761959e-02
   outer loop
     vertex  1.158980e+02 -2.504999e+01 5.931836e+01
     vertex  1.159480e+02 -2.557457e+01 6.056059e+01
     vertex  1.158980e+02 0.000000e+00 6.438110e+01
   endloop
 endfacet
 facet normal  -9.9928656333e-01 -7.4816851465e-03 3.7018761959e-02
   outer loop
     vertex  1.159480e+02 -2.557457e+01 6.056059e+01
     vertex  1.159480e+02 0.000000e+00 6.572934e+01
     vertex  1.158980e+02 0.000000e+00 6.438110e+01
   endloop
 endfacet
 facet normal  -9.9928656333e-01 7.4816851465e-03 3.7018761959e-02
   outer loop
     vertex  1.158980e+02 0.000000e+00 6.438110e+01
     vertex  1.159480e+02 0.000000e+00 6.572934e+01
     vertex  1.159480e+02 2.557457e+01 6.056059e+01
   endloop
 endfacet
 facet normal  -9.9928656333e-01 7.4816851465e-03 3.7018761959e-02
   outer loop
     vertex  1.158980e+02 0.000000e+00 6.438110e+01
     vertex  1.159480e+02 2.557457e+01 6.056059e+01
     vertex  1.158980e+02 2.504999e+01 5.931836e+01
   endloop
 endfacet
 facet normal  -9.9928837147e-01 2.1091241744e-02 3.1271555321e-02
   outer loop
     vertex  1.158980e+02 2.504999e+01 5.931836e+01
     vertex  1.159480e+02 2.557457e+01 6.056059e+01
     vertex  1.159480e+02 4.646855e+01 4.646855e+01
   endloop
 endfacet
 facet normal  -9.9928837147e-01 2.1091241744e-02 3.1271555321e-02
   outer loop
     vertex  1.158980e+02 2.504999e+01 5.931836e+01
     vertex  1.159480e+02 4.646855e+01 4.646855e+01
     vertex  1.158980e+02 4.551538e+01 4.551538e+01
   endloop
 endfacet
 facet normal  -9.9928837147e-01 3.1271555321e-02 2.1091241744e-02
   outer loop
     vertex  1.158980e+02 4.551538e+01 4.551538e+01
     vertex  1.159480e+02 4.646855e+01 4.646855e+01
     vertex  1.159480e+02 6.056059e+01 2.557457e+01
   endloop
 endfacet
 facet normal  -9.9928837147e-01 3.1271555321e-02 2.1091241744e-02
   outer loop
     vertex  1.158980e+02 4.551538e+01 4.551538e+01
     vertex  1.159480e+02 6.056059e+01 2.557457e+01
     vertex  1.158980e+02 5.931836e+01 2.504999e+01
   endloop
 endfacet
 facet normal  -9.9928656333e-01 3.7018761959e-02 7.4816851465e-03
   outer loop
     vertex  1.158980e+02 5.931836e+01 2.504999e+01
     vertex  1.159480e+02 6.056059e+01 2.557457e+01
     vertex  1.159480e+02 6.572934e+01 0.000000e+00
   endloop
 endfacet
 facet normal  -9.9928656333e-01 3.7018761959e-02 7.4816851465e-03
   outer loop
     vertex  1.158980e+02 5.931836e+01 2.504999e+01
     vertex  1.159480e+02 6.572934e+01 0.000000e+00
     vertex  1.158980e+02 6.438110e+01 0.000000e+00
   endloop
 endfacet
 facet normal  -9.8624997080e-01 -1.6198522919e-01 3.2738060893e-02
   outer loop
     vertex  1.159480e+02 6.572934e+01 0.000000e+00
     vertex  1.156837e+02 6.733854e+01 0.000000e+00
     vertex  1.159480e+02 6.056059e+01 -2.557457e+01
   endloop
 endfacet
 facet normal  -9.8624997080e-01 -1.6198522919e-01 3.2738060893e-02
   outer loop
     vertex  1.156837e+02 6.733854e+01 0.000000e+00
     vertex  1.156837e+02 6.204324e+01 -2.620069e+01
     vertex  1.159480e+02 6.056059e+01 -2.557457e+01
   endloop
 endfacet
 facet normal  -9.8628414174e-01 -1.3684132394e-01 9.2293249058e-02
   outer loop
     vertex  1.159480e+02 6.056059e+01 -2.557457e+01
     vertex  1.156837e+02 6.204324e+01 -2.620069e+01
     vertex  1.159480e+02 4.646855e+01 -4.646855e+01
   endloop
 endfacet
 facet normal  -9.8628414174e-01 -1.3684132394e-01 9.2293249058e-02
   outer loop
     vertex  1.156837e+02 6.204324e+01 -2.620069e+01
     vertex  1.156837e+02 4.760620e+01 -4.760620e+01
     vertex  1.159480e+02 4.646855e+01 -4.646855e+01
   endloop
 endfacet
 facet normal  -9.8628414174e-01 -9.2293249058e-02 1.3684132394e-01
   outer loop
     vertex  1.159480e+02 4.646855e+01 -4.646855e+01
     vertex  1.156837e+02 4.760620e+01 -4.760620e+01
     vertex  1.159480e+02 2.557457e+01 -6.056059e+01
   endloop
 endfacet
 facet normal  -9.8628414174e-01 -9.2293249058e-02 1.3684132394e-01
   outer loop
     vertex  1.156837e+02 4.760620e+01 -4.760620e+01
     vertex  1.156837e+02 2.620069e+01 -6.204324e+01
     vertex  1.159480e+02 2.557457e+01 -6.056059e+01
   endloop
 endfacet
 facet normal  -9.8624997080e-01 -3.2738060893e-02 1.6198522919e-01
   outer loop
     vertex  1.159480e+02 2.557457e+01 -6.056059e+01
     vertex  1.156837e+02 2.620069e+01 -6.204324e+01
     vertex  1.159480e+02 0.000000e+00 -6.572934e+01
   endloop
 endfacet
 facet normal  -9.8624997080e-01 -3.2738060893e-02 1.6198522919e-01
   outer loop
     vertex  1.156837e+02 2.620069e+01 -6.204324e+01
     vertex  1.156837e+02 0.000000e+00 -6.733854e+01
     vertex  1.159480e+02 0.000000e+00 -6.572934e+01
   endloop
 endfacet
 facet normal  -9.8624997080e-01 3.2738060893e-02 1.6198522919e-01
   outer loop
     vertex  1.159480e+02 0.000000e+00 -6.572934e+01
     vertex  1.156837e+02 0.000000e+00 -6.733854e+01
     vertex  1.156837e+02 -2.620069e+01 -6.204324e+01
   endloop
 endfacet
 facet normal  -9.8624997080e-01 3.2738060893e-02 1.6198522919e-01
   outer loop
     vertex  1.159480e+02 0.000000e+00 -6.572934e+01
     vertex  1.156837e+02 -2.620069e+01 -6.204324e+01
     vertex  1.159480e+02 -2.557457e+01 -6.056059e+01
   endloop
 endfacet
 facet normal  -9.8628414174e-01 9.2293249058e-02 1.3684132394e-01
   outer loop
     vertex  1.159480e+02 -2.557457e+01 -6.056059e+01
     vertex  1.156837e+02 -2.620069e+01 -6.204324e+01
     vertex  1.156837e+02 -4.760620e+01 -4.760620e+01
   endloop
 endfacet
 facet normal  -9.8628414174e-01 9.2293249058e-02 1.3684132394e-01
   outer loop
     vertex  1.159480e+02 -2.557457e+01 -6.056059e+01
     vertex  1.156837e+02 -4.760620e+01 -4.760620e+01
     vertex  1.159480e+02 -4.646855e+01 -4.646855e+01
   endloop
 endfacet
 facet normal  -9.8628414174e-01 1.3684132394e-01 9.2293249058e-02
   outer loop
     vertex  1.159480e+02 -4.646855e+01 -4.646855e+01
     vertex  1.156837e+02 -4.760620e+01 -4.760620e+01
     vertex  1.156837e+02 -6.204324e+01 -2.620069e+01
   endloop
 endfacet
 facet normal  -9.8628414174e-01 1.3684132394e-01 9.2293249058e-02
   outer loop
     vertex  1.159480e+02 -4.646855e+01 -4.646855e+01
     vertex  1.156837e+02 -6.204324e+01 -2.620069e+01
     vertex  1.159480e+02 -6.056059e+01 -2.557457e+01
   endloop
 endfacet
 facet normal  -9.8624997080e-01 1.6198522919e-01 3.2738060893e-02
   outer loop
     vertex  1.159480e+02 -6.056059e+01 -2.557457e+01
     vertex  1.156837e+02 -6.204324e+01 -2.620069e+01
     vertex  1.156837e+02 -6.733854e+01 0.000000e+00
   endloop
 endfacet
 facet normal  -9.8624997080e-01 1.6198522919e-01 3.2738060893e-02
   outer loop
     vertex  1.159480e+02 -6.056059e+01 -2.557457e+01
     vertex  1.156837e+02 -6.733854e+01 0.000000e+00
     vertex  1.159480e+02 -6.572934e+01 0.000000e+00
   endloop
 endfacet
 facet normal  -9.8624997080e-01 1.6198522919e-01 -3.2738060893e-02
   outer loop
     vertex  1.159480e+02 -6.572934e+01 0.000000e+00
     vertex  1.156837e+02 -6.733854e+01 0.000000e+00
     vertex  1.159480e+02 -6.056059e+01 2.557457e+01
   endloop
 endfacet
 facet normal  -9.8624997080e-01 1.6198522919e-01 -3.2738060893e-02
   outer loop
     vertex  1.156837e+02 -6.733854e+01 0.000000e+00
     vertex  1.156837e+02 -6.204324e+01 2.620069e+01
     vertex  1.159480e+02 -6.056059e+01 2.557457e+01
   endloop
 endfacet
 facet normal  -9.8628414174e-01 1.3684132394e-01 -9.2293249058e-02
   outer loop
     vertex  1.159480e+02 -6.056059e+01 2.557457e+01
     vertex  1.156837e+02 -6.204324e+01 2.620069e+01
     vertex  1.159480e+02 -4.646855e+01 4.646855e+01
   endloop
 endfacet
 facet normal  -9.8628414174e-01 1.3684132394e-01 -9.2293249058e-02
   outer loop
     vertex  1.156837e+02 -6.204324e+01 2.620069e+01
     vertex  1.156837e+02 -4.760620e+01 4.760620e+01
     vertex  1.159480e+02 -4.646855e+01 4.646855e+01
   endloop
 endfacet
 facet normal  -9.8628414174e-01 9.2293249058e-02 -1.3684132394e-01
   outer loop
     vertex  1.159480e+02 -4.646855e+01 4.646855e+01
     vertex  1.156837e+02 -4.760620e+01 4.760620e+01
     vertex  1.159480e+02 -2.557457e+01 6.056059e+01
   endloop
 endfacet
 facet normal  -9.8628414174e-01 9.2293249058e-02 -1.3684132394e-01
   outer loop
     vertex  1.156837e+02 -4.760620e+01 4.760620e+01
     vertex  1.156837e+02 -2.620069e+01 6.204324e+01
     vertex  1.159480e+02 -2.557457e+01 6.056059e+01
   endloop
 endfacet
 facet normal  -9.8624997080e-01 3.2738060893e-02 -1.6198522919e-01
   outer loop
     vertex  1.159480e+02 -2.557457e+01 6.056059e+01
     vertex  1.156837e+02 -2.620069e+01 6.204324e+01
     vertex  1.159480e+02 0.000000e+00 6.572934e+01
   endloop
 endfacet
 facet normal  -9.8624997080e-01 3.2738060893e-02 -1.6198522919e-01
   outer loop
     vertex  1.156837e+02 -2.620069e+01 6.204324e+01
     vertex  1.156837e+02 0.000000e+00 6.733854e+01
     vertex  1.159480e+02 0.000000e+00 6.572934e+01
   endloop
 endfacet
 facet normal  -9.8624997080e-01 -3.2738060893e-02 -1.6198522919e-01
   outer loop
     vertex  1.159480e+02 0.000000e+00 6.572934e+01
     vertex  1.156837e+02 0.000000e+00 6.733854e+01
     vertex  1.156837e+02 2.620069e+01 6.204324e+01
   endloop
 endfacet
 facet normal  -9.8624997080e-01 -3.2738060893e-02 -1.6198522919e-01
   outer loop
     vertex  1.159480e+02 0.000000e+00 6.572934e+01
     vertex  1.156837e+02 2.620069e+01 6.204324e+01
     vertex  1.159480e+02 2.557457e+01 6.056059e+01
   endloop
 endfacet
 facet normal  -9.8628414174e-01 -9.2293249058e-02 -1.3684132394e-01
   outer loop
     vertex  1.159480e+02 2.557457e+01 6.056059e+01
     vertex  1.156837e+02 2.620069e+01 6.204324e+01
     vertex  1.156837e+02 4.760620e+01 4.760620e+01
   endloop
 endfacet
 facet normal  -9.8628414174e-01 -9.2293249058e-02 -1.3684132394e-01
   outer loop
     vertex  1.159480e+02 2.557457e+01 6.056059e+01
     vertex  1.156837e+02 4.760620e+01 4.760620e+01
     vertex  1.159480e+02 4.646855e+01 4.646855e+01
   endloop
 endfacet
 facet normal  -9.8628414174e-01 -1.3684132394e-01 -9.2293249058e-02
   outer loop
     vertex  1.159480e+02 4.646855e+01 4.646855e+01
     vertex  1.156837e+02 4.760620e+01 4.760620e+01
     vertex  1.156837e+02 6.204324e+01 2.620069e+01
   endloop
 endfacet
 facet normal  -9.8628414174e-01 -1.3684132394e-01 -9.2293249058e-02
   outer loop
     vertex  1.159480e+02 4.646855e+01 4.646855e+01
     vertex  1.156837e+02 6.204324e+01 2.620069e+01
     vertex  1.159480e+02 6.056059e+01 2.557457e+01
   endloop
 endfacet
 facet normal  -9.8624997080e-01 -1.6198522919e-01 -3.2738060893e-02
   outer loop
     vertex  1.159480e+02 6.056059e+01 2.557457e+01
     vertex  1.156837e+02 6.204324e+01 2.620069e+01
     vertex  1.156837e+02 6.733854e+01 0.000000e+00
   endloop
 endfacet
 facet normal  -9.8624997080e-01 -1.6198522919e-01 -3.2738060893e-02
   outer loop
     vertex  1.159480e+02 6.056059e+01 2.557457e+01
     vertex  1.156837e+02 6.733854e+01 0.000000e+00
     vertex  1.159480e+02 6.572934e+01 0.000000e+00
   endloop
 endfacet
 facet normal  -9.7985847601e-01 -1.9573563093e-01 3.9559193367e-02
   outer loop
     vertex  1.156837e+02 6.733854e+01 0.000000e+00
     vertex  1.154143e+02 6.868678e+01 0.000000e+00
     vertex  1.156837e+02 6.204324e+01 -2.620069e+01
   endloop
 endfacet
 facet normal  -9.7985847601e-01 -1.9573563093e-01 3.9559193367e-02
   outer loop
     vertex  1.154143e+02 6.868678e+01 0.000000e+00
     vertex  1.154143e+02 6.328546e+01 -2.672528e+01
     vertex  1.156837e+02 6.204324e+01 -2.620069e+01
   endloop
 endfacet
 facet normal  -9.7990804757e-01 -1.6535550822e-01 1.1152476945e-01
   outer loop
     vertex  1.156837e+02 6.204324e+01 -2.620069e+01
     vertex  1.154143e+02 6.328546e+01 -2.672528e+01
     vertex  1.156837e+02 4.760620e+01 -4.760620e+01
   endloop
 endfacet
 facet normal  -9.7990804757e-01 -1.6535550822e-01 1.1152476945e-01
   outer loop
     vertex  1.154143e+02 6.328546e+01 -2.672528e+01
     vertex  1.154143e+02 4.855937e+01 -4.855937e+01
     vertex  1.156837e+02 4.760620e+01 -4.760620e+01
   endloop
 endfacet
 facet normal  -9.7990804757e-01 -1.1152476945e-01 1.6535550822e-01
   outer loop
     vertex  1.156837e+02 4.760620e+01 -4.760620e+01
     vertex  1.154143e+02 4.855937e+01 -4.855937e+01
     vertex  1.156837e+02 2.620069e+01 -6.204324e+01
   endloop
 endfacet
 facet normal  -9.7990804757e-01 -1.1152476945e-01 1.6535550822e-01
   outer loop
     vertex  1.154143e+02 4.855937e+01 -4.855937e+01
     vertex  1.154143e+02 2.672528e+01 -6.328546e+01
     vertex  1.156837e+02 2.620069e+01 -6.204324e+01
   endloop
 endfacet
 facet normal  -9.7985847601e-01 -3.9559193367e-02 1.9573563093e-01
   outer loop
     vertex  1.156837e+02 2.620069e+01 -6.204324e+01
     vertex  1.154143e+02 2.672528e+01 -6.328546e+01
     vertex  1.156837e+02 0.000000e+00 -6.733854e+01
   endloop
 endfacet
 facet normal  -9.7985847601e-01 -3.9559193367e-02 1.9573563093e-01
   outer loop
     vertex  1.154143e+02 2.672528e+01 -6.328546e+01
     vertex  1.154143e+02 0.000000e+00 -6.868678e+01
     vertex  1.156837e+02 0.000000e+00 -6.733854e+01
   endloop
 endfacet
 facet normal  -9.7985847601e-01 3.9559193367e-02 1.9573563093e-01
   outer loop
     vertex  1.156837e+02 0.000000e+00 -6.733854e+01
     vertex  1.154143e+02 0.000000e+00 -6.868678e+01
     vertex  1.154143e+02 -2.672528e+01 -6.328546e+01
   endloop
 endfacet
 facet normal  -9.7985847601e-01 3.9559193367e-02 1.9573563093e-01
   outer loop
     vertex  1.156837e+02 0.000000e+00 -6.733854e+01
     vertex  1.154143e+02 -2.672528e+01 -6.328546e+01
     vertex  1.156837e+02 -2.620069e+01 -6.204324e+01
   endloop
 endfacet
 facet normal  -9.7990804757e-01 1.1152476945e-01 1.6535550822e-01
   outer loop
     vertex  1.156837e+02 -2.620069e+01 -6.204324e+01
     vertex  1.154143e+02 -2.672528e+01 -6.328546e+01
     vertex  1.154143e+02 -4.855937e+01 -4.855937e+01
   endloop
 endfacet
 facet normal  -9.7990804757e-01 1.1152476945e-01 1.6535550822e-01
   outer loop
     vertex  1.156837e+02 -2.620069e+01 -6.204324e+01
     vertex  1.154143e+02 -4.855937e+01 -4.855937e+01
     vertex  1.156837e+02 -4.760620e+01 -4.760620e+01
   endloop
 endfacet
 facet normal  -9.7990804757e-01 1.6535550822e-01 1.1152476945e-01
   outer loop
     vertex  1.156837e+02 -4.760620e+01 -4.760620e+01
     vertex  1.154143e+02 -4.855937e+01 -4.855937e+01
     vertex  1.154143e+02 -6.328546e+01 -2.672528e+01
   endloop
 endfacet
 facet normal  -9.7990804757e-01 1.6535550822e-01 1.1152476945e-01
   outer loop
     vertex  1.156837e+02 -4.760620e+01 -4.760620e+01
     vertex  1.154143e+02 -6.328546e+01 -2.672528e+01
     vertex  1.156837e+02 -6.204324e+01 -2.620069e+01
   endloop
 endfacet
 facet normal  -9.7985847601e-01 1.9573563093e-01 3.9559193367e-02
   outer loop
     vertex  1.156837e+02 -6.204324e+01 -2.620069e+01
     vertex  1.154143e+02 -6.328546e+01 -2.672528e+01
     vertex  1.154143e+02 -6.868678e+01 0.000000e+00
   endloop
 endfacet
 facet normal  -9.7985847601e-01 1.9573563093e-01 3.9559193367e-02
   outer loop
     vertex  1.156837e+02 -6.204324e+01 -2.620069e+01
     vertex  1.154143e+02 -6.868678e+01 0.000000e+00
     vertex  1.156837e+02 -6.733854e+01 0.000000e+00
   endloop
 endfacet
 facet normal  -9.7985847601e-01 1.9573563093e-01 -3.9559193367e-02
   outer loop
     vertex  1.156837e+02 -6.733854e+01 0.000000e+00
     vertex  1.154143e+02 -6.868678e+01 0.000000e+00
     vertex  1.156837e+02 -6.204324e+01 2.620069e+01
   endloop
 endfacet
 facet normal  -9.7985847601e-01 1.9573563093e-01 -3.9559193367e-02
   outer loop
     vertex  1.154143e+02 -6.868678e+01 0.000000e+00
     vertex  1.154143e+02 -6.328546e+01 2.672528e+01
     vertex  1.156837e+02 -6.204324e+01 2.620069e+01
   endloop
 endfacet
 facet normal  -9.7990804757e-01 1.6535550822e-01 -1.1152476945e-01
   outer loop
     vertex  1.156837e+02 -6.204324e+01 2.620069e+01
     vertex  1.154143e+02 -6.328546e+01 2.672528e+01
     vertex  1.156837e+02 -4.760620e+01 4.760620e+01
   endloop
 endfacet
 facet normal  -9.7990804757e-01 1.6535550822e-01 -1.1152476945e-01
   outer loop
     vertex  1.154143e+02 -6.328546e+01 2.672528e+01
     vertex  1.154143e+02 -4.855937e+01 4.855937e+01
     vertex  1.156837e+02 -4.760620e+01 4.760620e+01
   endloop
 endfacet
 facet normal  -9.7990804757e-01 1.1152476945e-01 -1.6535550822e-01
   outer loop
     vertex  1.156837e+02 -4.760620e+01 4.760620e+01
     vertex  1.154143e+02 -4.855937e+01 4.855937e+01
     vertex  1.156837e+02 -2.620069e+01 6.204324e+01
   endloop
 endfacet
 facet normal  -9.7990804757e-01 1.1152476945e-01 -1.6535550822e-01
   outer loop
     vertex  1.154143e+02 -4.855937e+01 4.855937e+01
     vertex  1.154143e+02 -2.672528e+01 6.328546e+01
     vertex  1.156837e+02 -2.620069e+01 6.204324e+01
   endloop
 endfacet
 facet normal  -9.7985847601e-01 3.9559193367e-02 -1.9573563093e-01
   outer loop
     vertex  1.156837e+02 -2.620069e+01 6.204324e+01
     vertex  1.154143e+02 -2.672528e+01 6.328546e+01
     vertex  1.156837e+02 0.000000e+00 6.733854e+01
   endloop
 endfacet
 facet normal  -9.7985847601e-01 3.9559193367e-02 -1.9573563093e-01
   outer loop
     vertex  1.154143e+02 -2.672528e+01 6.328546e+01
     vertex  1.154143e+02 0.000000e+00 6.868678e+01
     vertex  1.156837e+02 0.000000e+00 6.733854e+01
   endloop
 endfacet
 facet normal  -9.7985847601e-01 -3.9559193367e-02 -1.9573563093e-01
   outer loop
     vertex  1.156837e+02 0.000000e+00 6.733854e+01
     vertex  1.154143e+02 0.000000e+00 6.868678e+01
     vertex  1.154143e+02 2.672528e+01 6.328546e+01
   endloop
 endfacet
 facet normal  -9.7985847601e-01 -3.9559193367e-02 -1.9573563093e-01
   outer loop
     vertex  1.156837e+02 0.000000e+00 6.733854e+01
     vertex  1.154143e+02 2.672528e+01 6.328546e+01
     vertex  1.156837e+02 2.620069e+01 6.204324e+01
   endloop
 endfacet
 facet normal  -9.7990804757e-01 -1.1152476945e-01 -1.6535550822e-01
   outer loop
     vertex  1.156837e+02 2.620069e+01 6.204324e+01
     vertex  1.154143e+02 2.672528e+01 6.328546e+01
     vertex  1.154143e+02 4.855937e+01 4.855937e+01
   endloop
 endfacet
 facet normal  -9.7990804757e-01 -1.1152476945e-01 -1.6535550822e-01
   outer loop
     vertex  1.156837e+02 2.620069e+01 6.204324e+01
     vertex  1.154143e+02 4.855937e+01 4.855937e+01
     vertex  1.156837e+02 4.760620e+01 4.760620e+01
   endloop
 endfacet
 facet normal  -9.7990804757e-01 -1.6535550822e-01 -1.1152476945e-01
   outer loop
     vertex  1.156837e+02 4.760620e+01 4.760620e+01
     vertex  1.154143e+02 4.855937e+01 4.855937e+01
     vertex  1.154143e+02 6.328546e+01 2.672528e+01
   endloop
 endfacet
 facet normal  -9.7990804757e-01 -1.6535550822e-01 -1.1152476945e-01
   outer loop
     vertex  1.156837e+02 4.760620e+01 4.760620e+01
     vertex  1.154143e+02 6.328546e+01 2.672528e+01
     vertex  1.156837e+02 6.204324e+01 2.620069e+01
   endloop
 endfacet
 facet normal  -9.7985847601e-01 -1.9573563093e-01 -3.9559193367e-02
   outer loop
     vertex  1.156837e+02 6.204324e+01 2.620069e+01
     vertex  1.154143e+02 6.328546e+01 2.672528e+01
     vertex  1.154143e+02 6.868678e+01 0.000000e+00
   endloop
 endfacet
 facet normal  -9.7985847601e-01 -1.9573563093e-01 -3.9559193367e-02
   outer loop
     vertex  1.156837e+02 6.204324e+01 2.620069e+01
     vertex  1.154143e+02 6.868678e+01 0.000000e+00
     vertex  1.156837e+02 6.733854e+01 0.000000e+00
   endloop
 endfacet
 facet normal  -9.9802593154e-01 6.1558540943e-02 -1.2441302654e-02
   outer loop
     vertex  1.154143e+02 6.868678e+01 0.000000e+00
     vertex  1.154492e+02 6.925218e+01 0.000000e+00
     vertex  1.154143e+02 6.328546e+01 -2.672528e+01
   endloop
 endfacet
 facet normal  -9.9802593154e-01 6.1558540943e-02 -1.2441302654e-02
   outer loop
     vertex  1.154492e+02 6.925218e+01 0.000000e+00
     vertex  1.154492e+02 6.380640e+01 -2.694527e+01
     vertex  1.154143e+02 6.328546e+01 -2.672528e+01
   endloop
 endfacet
 facet normal  -9.9803092519e-01 5.2001670652e-02 -3.5072761669e-02
   outer loop
     vertex  1.154143e+02 6.328546e+01 -2.672528e+01
     vertex  1.154492e+02 6.380640e+01 -2.694527e+01
     vertex  1.154143e+02 4.855937e+01 -4.855937e+01
   endloop
 endfacet
 facet normal  -9.9803092519e-01 5.2001670652e-02 -3.5072761669e-02
   outer loop
     vertex  1.154492e+02 6.380640e+01 -2.694527e+01
     vertex  1.154492e+02 4.895908e+01 -4.895908e+01
     vertex  1.154143e+02 4.855937e+01 -4.855937e+01
   endloop
 endfacet
 facet normal  -9.9803092519e-01 3.5072761669e-02 -5.2001670652e-02
   outer loop
     vertex  1.154143e+02 4.855937e+01 -4.855937e+01
     vertex  1.154492e+02 4.895908e+01 -4.895908e+01
     vertex  1.154143e+02 2.672528e+01 -6.328546e+01
   endloop
 endfacet
 facet normal  -9.9803092519e-01 3.5072761669e-02 -5.2001670652e-02
   outer loop
     vertex  1.154492e+02 4.895908e+01 -4.895908e+01
     vertex  1.154492e+02 2.694527e+01 -6.380640e+01
     vertex  1.154143e+02 2.672528e+01 -6.328546e+01
   endloop
 endfacet
 facet normal  -9.9802593154e-01 1.2441302654e-02 -6.1558540943e-02
   outer loop
     vertex  1.154143e+02 2.672528e+01 -6.328546e+01
     vertex  1.154492e+02 2.694527e+01 -6.380640e+01
     vertex  1.154143e+02 0.000000e+00 -6.868678e+01
   endloop
 endfacet
 facet normal  -9.9802593154e-01 1.2441302654e-02 -6.1558540943e-02
   outer loop
     vertex  1.154492e+02 2.694527e+01 -6.380640e+01
     vertex  1.154492e+02 0.000000e+00 -6.925218e+01
     vertex  1.154143e+02 0.000000e+00 -6.868678e+01
   endloop
 endfacet
 facet normal  -9.9802593154e-01 -1.2441302654e-02 -6.1558540943e-02
   outer loop
     vertex  1.154143e+02 0.000000e+00 -6.868678e+01
     vertex  1.154492e+02 0.000000e+00 -6.925218e+01
     vertex  1.154492e+02 -2.694527e+01 -6.380640e+01
   endloop
 endfacet
 facet normal  -9.9802593154e-01 -1.2441302654e-02 -6.1558540943e-02
   outer loop
     vertex  1.154143e+02 0.000000e+00 -6.868678e+01
     vertex  1.154492e+02 -2.694527e+01 -6.380640e+01
     vertex  1.154143e+02 -2.672528e+01 -6.328546e+01
   endloop
 endfacet
 facet normal  -9.9803092519e-01 -3.5072761669e-02 -5.2001670652e-02
   outer loop
     vertex  1.154143e+02 -2.672528e+01 -6.328546e+01
     vertex  1.154492e+02 -2.694527e+01 -6.380640e+01
     vertex  1.154492e+02 -4.895908e+01 -4.895908e+01
   endloop
 endfacet
 facet normal  -9.9803092519e-01 -3.5072761669e-02 -5.2001670652e-02
   outer loop
     vertex  1.154143e+02 -2.672528e+01 -6.328546e+01
     vertex  1.154492e+02 -4.895908e+01 -4.895908e+01
     vertex  1.154143e+02 -4.855937e+01 -4.855937e+01
   endloop
 endfacet
 facet normal  -9.9803092519e-01 -5.2001670652e-02 -3.5072761669e-02
   outer loop
     vertex  1.154143e+02 -4.855937e+01 -4.855937e+01
     vertex  1.154492e+02 -4.895908e+01 -4.895908e+01
     vertex  1.154492e+02 -6.380640e+01 -2.694527e+01
   endloop
 endfacet
 facet normal  -9.9803092519e-01 -5.2001670652e-02 -3.5072761669e-02
   outer loop
     vertex  1.154143e+02 -4.855937e+01 -4.855937e+01
     vertex  1.154492e+02 -6.380640e+01 -2.694527e+01
     vertex  1.154143e+02 -6.328546e+01 -2.672528e+01
   endloop
 endfacet
 facet normal  -9.9802593154e-01 -6.1558540943e-02 -1.2441302654e-02
   outer loop
     vertex  1.154143e+02 -6.328546e+01 -2.672528e+01
     vertex  1.154492e+02 -6.380640e+01 -2.694527e+01
     vertex  1.154492e+02 -6.925218e+01 0.000000e+00
   endloop
 endfacet
 facet normal  -9.9802593154e-01 -6.1558540943e-02 -1.2441302654e-02
   outer loop
     vertex  1.154143e+02 -6.328546e+01 -2.672528e+01
     vertex  1.154492e+02 -6.925218e+01 0.000000e+00
     vertex  1.154143e+02 -6.868678e+01 0.000000e+00
   endloop
 endfacet
 facet normal  -9.9802593154e-01 -6.1558540943e-02 1.2441302654e-02
   outer loop
     vertex  1.154143e+02 -6.868678e+01 0.000000e+00
     vertex  1.154492e+02 -6.925218e+01 0.000000e+00
     vertex  1.154143e+02 -6.328546e+01 2.672528e+01
   endloop
 endfacet
 facet normal  -9.9802593154e-01 -6.1558540943e-02 1.2441302654e-02
   outer loop
     vertex  1.154492e+02 -6.925218e+01 0.000000e+00
     vertex  1.154492e+02 -6.380640e+01 2.694527e+01
     vertex  1.154143e+02 -6.328546e+01 2.672528e+01
   endloop
 endfacet
 facet normal  -9.9803092519e-01 -5.2001670652e-02 3.5072761669e-02
   outer loop
     vertex  1.154143e+02 -6.328546e+01 2.672528e+01
     vertex  1.154492e+02 -6.380640e+01 2.694527e+01
     vertex  1.154143e+02 -4.855937e+01 4.855937e+01
   endloop
 endfacet
 facet normal  -9.9803092519e-01 -5.2001670652e-02 3.5072761669e-02
   outer loop
     vertex  1.154492e+02 -6.380640e+01 2.694527e+01
     vertex  1.154492e+02 -4.895908e+01 4.895908e+01
     vertex  1.154143e+02 -4.855937e+01 4.855937e+01
   endloop
 endfacet
 facet normal  -9.9803092519e-01 -3.5072761669e-02 5.2001670652e-02
   outer loop
     vertex  1.154143e+02 -4.855937e+01 4.855937e+01
     vertex  1.154492e+02 -4.895908e+01 4.895908e+01
     vertex  1.154143e+02 -2.672528e+01 6.328546e+01
   endloop
 endfacet
 facet normal  -9.9803092519e-01 -3.5072761669e-02 5.2001670652e-02
   outer loop
     vertex  1.154492e+02 -4.895908e+01 4.895908e+01
     vertex  1.154492e+02 -2.694527e+01 6.380640e+01
     vertex  1.154143e+02 -2.672528e+01 6.328546e+01
   endloop
 endfacet
 facet normal  -9.9802593154e-01 -1.2441302654e-02 6.1558540943e-02
   outer loop
     vertex  1.154143e+02 -2.672528e+01 6.328546e+01
     vertex  1.154492e+02 -2.694527e+01 6.380640e+01
     vertex  1.154143e+02 0.000000e+00 6.868678e+01
   endloop
 endfacet
 facet normal  -9.9802593154e-01 -1.2441302654e-02 6.1558540943e-02
   outer loop
     vertex  1.154492e+02 -2.694527e+01 6.380640e+01
     vertex  1.154492e+02 0.000000e+00 6.925218e+01
     vertex  1.154143e+02 0.000000e+00 6.868678e+01
   endloop
 endfacet
 facet normal  -9.9802593154e-01 1.2441302654e-02 6.1558540943e-02
   outer loop
     vertex  1.154143e+02 0.000000e+00 6.868678e+01
     vertex  1.154492e+02 0.000000e+00 6.925218e+01
     vertex  1.154492e+02 2.694527e+01 6.380640e+01
   endloop
 endfacet
 facet normal  -9.9802593154e-01 1.2441302654e-02 6.1558540943e-02
   outer loop
     vertex  1.154143e+02 0.000000e+00 6.868678e+01
     vertex  1.154492e+02 2.694527e+01 6.380640e+01
     vertex  1.154143e+02 2.672528e+01 6.328546e+01
   endloop
 endfacet
 facet normal  -9.9803092519e-01 3.5072761669e-02 5.2001670652e-02
   outer loop
     vertex  1.154143e+02 2.672528e+01 6.328546e+01
     vertex  1.154492e+02 2.694527e+01 6.380640e+01
     vertex  1.154492e+02 4.895908e+01 4.895908e+01
   endloop
 endfacet
 facet normal  -9.9803092519e-01 3.5072761669e-02 5.2001670652e-02
   outer loop
     vertex  1.154143e+02 2.672528e+01 6.328546e+01
     vertex  1.154492e+02 4.895908e+01 4.895908e+01
     vertex  1.154143e+02 4.855937e+01 4.855937e+01
   endloop
 endfacet
 facet normal  -9.9803092519e-01 5.2001670652e-02 3.5072761669e-02
   outer loop
     vertex  1.154143e+02 4.855937e+01 4.855937e+01
     vertex  1.154492e+02 4.895908e+01 4.895908e+01
     vertex  1.154492e+02 6.380640e+01 2.694527e+01
   endloop
 endfacet
 facet normal  -9.9803092519e-01 5.2001670652e-02 3.5072761669e-02
   outer loop
     vertex  1.154143e+02 4.855937e+01 4.855937e+01
     vertex  1.154492e+02 6.380640e+01 2.694527e+01
     vertex  1.154143e+02 6.328546e+01 2.672528e+01
   endloop
 endfacet
 facet normal  -9.9802593154e-01 6.1558540943e-02 1.2441302654e-02
   outer loop
     vertex  1.154143e+02 6.328546e+01 2.672528e+01
     vertex  1.154492e+02 6.380640e+01 2.694527e+01
     vertex  1.154492e+02 6.925218e+01 0.000000e+00
   endloop
 endfacet
 facet normal  -9.9802593154e-01 6.1558540943e-02 1.2441302654e-02
   outer loop
     vertex  1.154143e+02 6.328546e+01 2.672528e+01
     vertex  1.154492e+02 6.925218e+01 0.000000e+00
     vertex  1.154143e+02 6.868678e+01 0.000000e+00
   endloop
 endfacet
 facet normal  -5.6815917223e-01 8.0660994750e-01 -1.6302008344e-01
   outer loop
     vertex  1.154492e+02 6.925218e+01 0.000000e+00
     vertex  1.156528e+02 6.939558e+01 0.000000e+00
     vertex  1.154492e+02 6.380640e+01 -2.694527e+01
   endloop
 endfacet
 facet normal  -5.6815917223e-01 8.0660994750e-01 -1.6302008344e-01
   outer loop
     vertex  1.156528e+02 6.939558e+01 0.000000e+00
     vertex  1.156528e+02 6.393853e+01 -2.700107e+01
     vertex  1.154492e+02 6.380640e+01 -2.694527e+01
   endloop
 endfacet
 facet normal  -5.6864788511e-01 6.8196766818e-01 -4.5995617434e-01
   outer loop
     vertex  1.154492e+02 6.380640e+01 -2.694527e+01
     vertex  1.156528e+02 6.393853e+01 -2.700107e+01
     vertex  1.154492e+02 4.895908e+01 -4.895908e+01
   endloop
 endfacet
 facet normal  -5.6864788511e-01 6.8196766818e-01 -4.5995617434e-01
   outer loop
     vertex  1.156528e+02 6.393853e+01 -2.700107e+01
     vertex  1.156528e+02 4.906047e+01 -4.906047e+01
     vertex  1.154492e+02 4.895908e+01 -4.895908e+01
   endloop
 endfacet
 facet normal  -5.6864788511e-01 4.5995617434e-01 -6.8196766818e-01
   outer loop
     vertex  1.154492e+02 4.895908e+01 -4.895908e+01
     vertex  1.156528e+02 4.906047e+01 -4.906047e+01
     vertex  1.154492e+02 2.694527e+01 -6.380640e+01
   endloop
 endfacet
 facet normal  -5.6864788511e-01 4.5995617434e-01 -6.8196766818e-01
   outer loop
     vertex  1.156528e+02 4.906047e+01 -4.906047e+01
     vertex  1.156528e+02 2.700107e+01 -6.393853e+01
     vertex  1.154492e+02 2.694527e+01 -6.380640e+01
   endloop
 endfacet
 facet normal  -5.6815917223e-01 1.6302008344e-01 -8.0660994750e-01
   outer loop
     vertex  1.154492e+02 2.694527e+01 -6.380640e+01
     vertex  1.156528e+02 2.700107e+01 -6.393853e+01
     vertex  1.154492e+02 0.000000e+00 -6.925218e+01
   endloop
 endfacet
 facet normal  -5.6815917223e-01 1.6302008344e-01 -8.0660994750e-01
   outer loop
     vertex  1.156528e+02 2.700107e+01 -6.393853e+01
     vertex  1.156528e+02 0.000000e+00 -6.939558e+01
     vertex  1.154492e+02 0.000000e+00 -6.925218e+01
   endloop
 endfacet
 facet normal  -5.6815917223e-01 -1.6302008344e-01 -8.0660994750e-01
   outer loop
     vertex  1.154492e+02 0.000000e+00 -6.925218e+01
     vertex  1.156528e+02 0.000000e+00 -6.939558e+01
     vertex  1.156528e+02 -2.700107e+01 -6.393853e+01
   endloop
 endfacet
 facet normal  -5.6815917223e-01 -1.6302008344e-01 -8.0660994750e-01
   outer loop
     vertex  1.154492e+02 0.000000e+00 -6.925218e+01
     vertex  1.156528e+02 -2.700107e+01 -6.393853e+01
     vertex  1.154492e+02 -2.694527e+01 -6.380640e+01
   endloop
 endfacet
 facet normal  -5.6864788511e-01 -4.5995617434e-01 -6.8196766818e-01
   outer loop
     vertex  1.154492e+02 -2.694527e+01 -6.380640e+01
     vertex  1.156528e+02 -2.700107e+01 -6.393853e+01
     vertex  1.156528e+02 -4.906047e+01 -4.906047e+01
   endloop
 endfacet
 facet normal  -5.6864788511e-01 -4.5995617434e-01 -6.8196766818e-01
   outer loop
     vertex  1.154492e+02 -2.694527e+01 -6.380640e+01
     vertex  1.156528e+02 -4.906047e+01 -4.906047e+01
     vertex  1.154492e+02 -4.895908e+01 -4.895908e+01
   endloop
 endfacet
 facet normal  -5.6864788511e-01 -6.8196766818e-01 -4.5995617434e-01
   outer loop
     vertex  1.154492e+02 -4.895908e+01 -4.895908e+01
     vertex  1.156528e+02 -4.906047e+01 -4.906047e+01
     vertex  1.156528e+02 -6.393853e+01 -2.700107e+01
   endloop
 endfacet
 facet normal  -5.6864788511e-01 -6.8196766818e-01 -4.5995617434e-01
   outer loop
     vertex  1.154492e+02 -4.895908e+01 -4.895908e+01
     vertex  1.156528e+02 -6.393853e+01 -2.700107e+01
     vertex  1.154492e+02 -6.380640e+01 -2.694527e+01
   endloop
 endfacet
 facet normal  -5.6815917223e-01 -8.0660994750e-01 -1.6302008344e-01
   outer loop
     vertex  1.154492e+02 -6.380640e+01 -2.694527e+01
     vertex  1.156528e+02 -6.393853e+01 -2.700107e+01
     vertex  1.156528e+02 -6.939558e+01 0.000000e+00
   endloop
 endfacet
 facet normal  -5.6815917223e-01 -8.0660994750e-01 -1.6302008344e-01
   outer loop
     vertex  1.154492e+02 -6.380640e+01 -2.694527e+01
     vertex  1.156528e+02 -6.939558e+01 0.000000e+00
     vertex  1.154492e+02 -6.925218e+01 0.000000e+00
   endloop
 endfacet
 facet normal  -5.6815917223e-01 -8.0660994750e-01 1.6302008344e-01
   outer loop
     vertex  1.154492e+02 -6.925218e+01 0.000000e+00
     vertex  1.156528e+02 -6.939558e+01 0.000000e+00
     vertex  1.154492e+02 -6.380640e+01 2.694527e+01
   endloop
 endfacet
 facet normal  -5.6815917223e-01 -8.0660994750e-01 1.6302008344e-01
   outer loop
     vertex  1.156528e+02 -6.939558e+01 0.000000e+00
     vertex  1.156528e+02 -6.393853e+01 2.700107e+01
     vertex  1.154492e+02 -6.380640e+01 2.694527e+01
   endloop
 endfacet
 facet normal  -5.6864788511e-01 -6.8196766818e-01 4.5995617434e-01
   outer loop
     vertex  1.154492e+02 -6.380640e+01 2.694527e+01
     vertex  1.156528e+02 -6.393853e+01 2.700107e+01
     vertex  1.154492e+02 -4.895908e+01 4.895908e+01
   endloop
 endfacet
 facet normal  -5.6864788511e-01 -6.8196766818e-01 4.5995617434e-01
   outer loop
     vertex  1.156528e+02 -6.393853e+01 2.700107e+01
     vertex  1.156528e+02 -4.906047e+01 4.906047e+01
     vertex  1.154492e+02 -4.895908e+01 4.895908e+01
   endloop
 endfacet
 facet normal  -5.6864788511e-01 -4.5995617434e-01 6.8196766818e-01
   outer loop
     vertex  1.154492e+02 -4.895908e+01 4.895908e+01
     vertex  1.156528e+02 -4.906047e+01 4.906047e+01
     vertex  1.154492e+02 -2.694527e+01 6.380640e+01
   endloop
 endfacet
 facet normal  -5.6864788511e-01 -4.5995617434e-01 6.8196766818e-01
   outer loop
     vertex  1.156528e+02 -4.906047e+01 4.906047e+01
     vertex  1.156528e+02 -2.700107e+01 6.393853e+01
     vertex  1.154492e+02 -2.694527e+01 6.380640e+01
   endloop
 endfacet
 facet normal  -5.6815917223e-01 -1.6302008344e-01 8.0660994750e-01
   outer loop
     vertex  1.154492e+02 -2.694527e+01 6.380640e+01
     vertex  1.156528e+02 -2.700107e+01 6.393853e+01
     vertex  1.154492e+02 0.000000e+00 6.925218e+01
   endloop
 endfacet
 facet normal  -5.6815917223e-01 -1.6302008344e-01 8.0660994750e-01
   outer loop
     vertex  1.156528e+02 -2.700107e+01 6.393853e+01
     vertex  1.156528e+02 0.000000e+00 6.939558e+01
     vertex  1.154492e+02 0.000000e+00 6.925218e+01
   endloop
 endfacet
 facet normal  -5.6815917223e-01 1.6302008344e-01 8.0660994750e-01
   outer loop
     vertex  1.154492e+02 0.000000e+00 6.925218e+01
     vertex  1.156528e+02 0.000000e+00 6.939558e+01
     vertex  1.156528e+02 2.700107e+01 6.393853e+01
   endloop
 endfacet
 facet normal  -5.6815917223e-01 1.6302008344e-01 8.0660994750e-01
   outer loop
     vertex  1.154492e+02 0.000000e+00 6.925218e+01
     vertex  1.156528e+02 2.700107e+01 6.393853e+01
     vertex  1.154492e+02 2.694527e+01 6.380640e+01
   endloop
 endfacet
 facet normal  -5.6864788511e-01 4.5995617434e-01 6.8196766818e-01
   outer loop
     vertex  1.154492e+02 2.694527e+01 6.380640e+01
     vertex  1.156528e+02 2.700107e+01 6.393853e+01
     vertex  1.156528e+02 4.906047e+01 4.906047e+01
   endloop
 endfacet
 facet normal  -5.6864788511e-01 4.5995617434e-01 6.8196766818e-01
   outer loop
     vertex  1.154492e+02 2.694527e+01 6.380640e+01
     vertex  1.156528e+02 4.906047e+01 4.906047e+01
     vertex  1.154492e+02 4.895908e+01 4.895908e+01
   endloop
 endfacet
 facet normal  -5.6864788511e-01 6.8196766818e-01 4.5995617434e-01
   outer loop
     vertex  1.154492e+02 4.895908e+01 4.895908e+01
     vertex  1.156528e+02 4.906047e+01 4.906047e+01
     vertex  1.156528e+02 6.393853e+01 2.700107e+01
   endloop
 endfacet
 facet normal  -5.6864788511e-01 6.8196766818e-01 4.5995617434e-01
   outer loop
     vertex  1.154492e+02 4.895908e+01 4.895908e+01
     vertex  1.156528e+02 6.393853e+01 2.700107e+01
     vertex  1.154492e+02 6.380640e+01 2.694527e+01
   endloop
 endfacet
 facet normal  -5.6815917223e-01 8.0660994750e-01 1.6302008344e-01
   outer loop
     vertex  1.154492e+02 6.380640e+01 2.694527e+01
     vertex  1.156528e+02 6.393853e+01 2.700107e+01
     vertex  1.156528e+02 6.939558e+01 0.000000e+00
   endloop
 endfacet
 facet normal  -5.6815917223e-01 8.0660994750e-01 1.6302008344e-01
   outer loop
     vertex  1.154492e+02 6.380640e+01 2.694527e+01
     vertex  1.156528e+02 6.939558e+01 0.000000e+00
     vertex  1.154492e+02 6.925218e+01 0.000000e+00
   endloop
 endfacet
 facet normal  -9.7455310994e-01 2.1971434823e-01 -4.4405417378e-02
   outer loop
     vertex  1.156528e+02 6.939558e+01 0.000000e+00
     vertex  1.157299e+02 6.973755e+01 0.000000e+00
     vertex  1.156528e+02 6.393853e+01 -2.700107e+01
   endloop
 endfacet
 facet normal  -9.7455310994e-01 2.1971434823e-01 -4.4405417378e-02
   outer loop
     vertex  1.157299e+02 6.973755e+01 0.000000e+00
     vertex  1.157299e+02 6.425360e+01 -2.713412e+01
     vertex  1.156528e+02 6.393853e+01 -2.700107e+01
   endloop
 endfacet
 facet normal  -9.7461523408e-01 1.8561493112e-01 -1.2518882874e-01
   outer loop
     vertex  1.156528e+02 6.393853e+01 -2.700107e+01
     vertex  1.157299e+02 6.425360e+01 -2.713412e+01
     vertex  1.156528e+02 4.906047e+01 -4.906047e+01
   endloop
 endfacet
 facet normal  -9.7461523408e-01 1.8561493112e-01 -1.2518882874e-01
   outer loop
     vertex  1.157299e+02 6.425360e+01 -2.713412e+01
     vertex  1.157299e+02 4.930223e+01 -4.930223e+01
     vertex  1.156528e+02 4.906047e+01 -4.906047e+01
   endloop
 endfacet
 facet normal  -9.7461523408e-01 1.2518882874e-01 -1.8561493112e-01
   outer loop
     vertex  1.156528e+02 4.906047e+01 -4.906047e+01
     vertex  1.157299e+02 4.930223e+01 -4.930223e+01
     vertex  1.156528e+02 2.700107e+01 -6.393853e+01
   endloop
 endfacet
 facet normal  -9.7461523408e-01 1.2518882874e-01 -1.8561493112e-01
   outer loop
     vertex  1.157299e+02 4.930223e+01 -4.930223e+01
     vertex  1.157299e+02 2.713412e+01 -6.425360e+01
     vertex  1.156528e+02 2.700107e+01 -6.393853e+01
   endloop
 endfacet
 facet normal  -9.7455310994e-01 4.4405417378e-02 -2.1971434823e-01
   outer loop
     vertex  1.156528e+02 2.700107e+01 -6.393853e+01
     vertex  1.157299e+02 2.713412e+01 -6.425360e+01
     vertex  1.156528e+02 0.000000e+00 -6.939558e+01
   endloop
 endfacet
 facet normal  -9.7455310994e-01 4.4405417378e-02 -2.1971434823e-01
   outer loop
     vertex  1.157299e+02 2.713412e+01 -6.425360e+01
     vertex  1.157299e+02 0.000000e+00 -6.973755e+01
     vertex  1.156528e+02 0.000000e+00 -6.939558e+01
   endloop
 endfacet
 facet normal  -9.7455310994e-01 -4.4405417378e-02 -2.1971434823e-01
   outer loop
     vertex  1.156528e+02 0.000000e+00 -6.939558e+01
     vertex  1.157299e+02 0.000000e+00 -6.973755e+01
     vertex  1.157299e+02 -2.713412e+01 -6.425360e+01
   endloop
 endfacet
 facet normal  -9.7455310994e-01 -4.4405417378e-02 -2.1971434823e-01
   outer loop
     vertex  1.156528e+02 0.000000e+00 -6.939558e+01
     vertex  1.157299e+02 -2.713412e+01 -6.425360e+01
     vertex  1.156528e+02 -2.700107e+01 -6.393853e+01
   endloop
 endfacet
 facet normal  -9.7461523408e-01 -1.2518882874e-01 -1.8561493112e-01
   outer loop
     vertex  1.156528e+02 -2.700107e+01 -6.393853e+01
     vertex  1.157299e+02 -2.713412e+01 -6.425360e+01
     vertex  1.157299e+02 -4.930223e+01 -4.930223e+01
   endloop
 endfacet
 facet normal  -9.7461523408e-01 -1.2518882874e-01 -1.8561493112e-01
   outer loop
     vertex  1.156528e+02 -2.700107e+01 -6.393853e+01
     vertex  1.157299e+02 -4.930223e+01 -4.930223e+01
     vertex  1.156528e+02 -4.906047e+01 -4.906047e+01
   endloop
 endfacet
 facet normal  -9.7461523408e-01 -1.8561493112e-01 -1.2518882874e-01
   outer loop
     vertex  1.156528e+02 -4.906047e+01 -4.906047e+01
     vertex  1.157299e+02 -4.930223e+01 -4.930223e+01
     vertex  1.157299e+02 -6.425360e+01 -2.713412e+01
   endloop
 endfacet
 facet normal  -9.7461523408e-01 -1.8561493112e-01 -1.2518882874e-01
   outer loop
     vertex  1.156528e+02 -4.906047e+01 -4.906047e+01
     vertex  1.157299e+02 -6.425360e+01 -2.713412e+01
     vertex  1.156528e+02 -6.393853e+01 -2.700107e+01
   endloop
 endfacet
 facet normal  -9.7455310994e-01 -2.1971434823e-01 -4.4405417378e-02
   outer loop
     vertex  1.156528e+02 -6.393853e+01 -2.700107e+01
     vertex  1.157299e+02 -6.425360e+01 -2.713412e+01
     vertex  1.157299e+02 -6.973755e+01 0.000000e+00
   endloop
 endfacet
 facet normal  -9.7455310994e-01 -2.1971434823e-01 -4.4405417378e-02
   outer loop
     vertex  1.156528e+02 -6.393853e+01 -2.700107e+01
     vertex  1.157299e+02 -6.973755e+01 0.000000e+00
     vertex  1.156528e+02 -6.939558e+01 0.000000e+00
   endloop
 endfacet
 facet normal  -9.7455310994e-01 -2.1971434823e-01 4.4405417378e-02
   outer loop
     vertex  1.156528e+02 -6.939558e+01 0.000000e+00
     vertex  1.157299e+02 -6.973755e+01 0.000000e+00
     vertex  1.156528e+02 -6.393853e+01 2.700107e+01
   endloop
 endfacet
 facet normal  -9.7455310994e-01 -2.1971434823e-01 4.4405417378e-02
   outer loop
     vertex  1.157299e+02 -6.973755e+01 0.000000e+00
     vertex  1.157299e+02 -6.425360e+01 2.713412e+01
     vertex  1.156528e+02 -6.393853e+01 2.700107e+01
   endloop
 endfacet
 facet normal  -9.7461523408e-01 -1.8561493112e-01 1.2518882874e-01
   outer loop
     vertex  1.156528e+02 -6.393853e+01 2.700107e+01
     vertex  1.157299e+02 -6.425360e+01 2.713412e+01
     vertex  1.156528e+02 -4.906047e+01 4.906047e+01
   endloop
 endfacet
 facet normal  -9.7461523408e-01 -1.8561493112e-01 1.2518882874e-01
   outer loop
     vertex  1.157299e+02 -6.425360e+01 2.713412e+01
     vertex  1.157299e+02 -4.930223e+01 4.930223e+01
     vertex  1.156528e+02 -4.906047e+01 4.906047e+01
   endloop
 endfacet
 facet normal  -9.7461523408e-01 -1.2518882874e-01 1.8561493112e-01
   outer loop
     vertex  1.156528e+02 -4.906047e+01 4.906047e+01
     vertex  1.157299e+02 -4.930223e+01 4.930223e+01
     vertex  1.156528e+02 -2.700107e+01 6.393853e+01
   endloop
 endfacet
 facet normal  -9.7461523408e-01 -1.2518882874e-01 1.8561493112e-01
   outer loop
     vertex  1.157299e+02 -4.930223e+01 4.930223e+01
     vertex  1.157299e+02 -2.713412e+01 6.425360e+01
     vertex  1.156528e+02 -2.700107e+01 6.393853e+01
   endloop
 endfacet
 facet normal  -9.7455310994e-01 -4.4405417378e-02 2.1971434823e-01
   outer loop
     vertex  1.156528e+02 -2.700107e+01 6.393853e+01
     vertex  1.157299e+02 -2.713412e+01 6.425360e+01
     vertex  1.156528e+02 0.000000e+00 6.939558e+01
   endloop
 endfacet
 facet normal  -9.7455310994e-01 -4.4405417378e-02 2.1971434823e-01
   outer loop
     vertex  1.157299e+02 -2.713412e+01 6.425360e+01
     vertex  1.157299e+02 0.000000e+00 6.973755e+01
     vertex  1.156528e+02 0.000000e+00 6.939558e+01
   endloop
 endfacet
 facet normal  -9.7455310994e-01 4.4405417378e-02 2.1971434823e-01
   outer loop
     vertex  1.156528e+02 0.000000e+00 6.939558e+01
     vertex  1.157299e+02 0.000000e+00 6.973755e+01
     vertex  1.157299e+02 2.713412e+01 6.425360e+01
   endloop
 endfacet
 facet normal  -9.7455310994e-01 4.4405417378e-02 2.1971434823e-01
   outer loop
     vertex  1.156528e+02 0.000000e+00 6.939558e+01
     vertex  1.157299e+02 2.713412e+01 6.425360e+01
     vertex  1.156528e+02 2.700107e+01 6.393853e+01
   endloop
 endfacet
 facet normal  -9.7461523408e-01 1.2518882874e-01 1.8561493112e-01
   outer loop
     vertex  1.156528e+02 2.700107e+01 6.393853e+01
     vertex  1.157299e+02 2.713412e+01 6.425360e+01
     vertex  1.157299e+02 4.930223e+01 4.930223e+01
   endloop
 endfacet
 facet normal  -9.7461523408e-01 1.2518882874e-01 1.8561493112e-01
   outer loop
     vertex  1.156528e+02 2.700107e+01 6.393853e+01
     vertex  1.157299e+02 4.930223e+01 4.930223e+01
     vertex  1.156528e+02 4.906047e+01 4.906047e+01
   endloop
 endfacet
 facet normal  -9.7461523408e-01 1.8561493112e-01 1.2518882874e-01
   outer loop
     vertex  1.156528e+02 4.906047e+01 4.906047e+01
     vertex  1.157299e+02 4.930223e+01 4.930223e+01
     vertex  1.157299e+02 6.425360e+01 2.713412e+01
   endloop
 endfacet
 facet normal  -9.7461523408e-01 1.8561493112e-01 1.2518882874e-01
   outer loop
     vertex  1.156528e+02 4.906047e+01 4.906047e+01
     vertex  1.157299e+02 6.425360e+01 2.713412e+01
     vertex  1.156528e+02 6.393853e+01 2.700107e+01
   endloop
 endfacet
 facet normal  -9.7455310994e-01 2.1971434823e-01 4.4405417378e-02
   outer loop
     vertex  1.156528e+02 6.393853e+01 2.700107e+01
     vertex  1.157299e+02 6.425360e+01 2.713412e+01
     vertex  1.157299e+02 6.973755e+01 0.000000e+00
   endloop
 endfacet
 facet normal  -9.7455310994e-01 2.1971434823e-01 4.4405417378e-02
   outer loop
     vertex  1.156528e+02 6.393853e+01 2.700107e+01
     vertex  1.157299e+02 6.973755e+01 0.000000e+00
     vertex  1.156528e+02 6.939558e+01 0.000000e+00
   endloop
 endfacet
 facet normal  -9.9872483709e-01 4.9484136117e-02 -1.0001002372e-02
   outer loop
     vertex  1.157299e+02 6.973755e+01 0.000000e+00
     vertex  1.157501e+02 7.014571e+01 0.000000e+00
     vertex  1.157299e+02 6.425360e+01 -2.713412e+01
   endloop
 endfacet
 facet normal  -9.9872483709e-01 4.9484136117e-02 -1.0001002372e-02
   outer loop
     vertex  1.157501e+02 7.014571e+01 0.000000e+00
     vertex  1.157501e+02 6.462966e+01 -2.729293e+01
     vertex  1.157299e+02 6.425360e+01 -2.713412e+01
   endloop
 endfacet
 facet normal  -9.9872806615e-01 4.1801724893e-02 -2.8193362177e-02
   outer loop
     vertex  1.157299e+02 6.425360e+01 -2.713412e+01
     vertex  1.157501e+02 6.462966e+01 -2.729293e+01
     vertex  1.157299e+02 4.930223e+01 -4.930223e+01
   endloop
 endfacet
 facet normal  -9.9872806615e-01 4.1801724893e-02 -2.8193362177e-02
   outer loop
     vertex  1.157501e+02 6.462966e+01 -2.729293e+01
     vertex  1.157501e+02 4.959078e+01 -4.959078e+01
     vertex  1.157299e+02 4.930223e+01 -4.930223e+01
   endloop
 endfacet
 facet normal  -9.9872806615e-01 2.8193362177e-02 -4.1801724893e-02
   outer loop
     vertex  1.157299e+02 4.930223e+01 -4.930223e+01
     vertex  1.157501e+02 4.959078e+01 -4.959078e+01
     vertex  1.157299e+02 2.713412e+01 -6.425360e+01
   endloop
 endfacet
 facet normal  -9.9872806615e-01 2.8193362177e-02 -4.1801724893e-02
   outer loop
     vertex  1.157501e+02 4.959078e+01 -4.959078e+01
     vertex  1.157501e+02 2.729293e+01 -6.462966e+01
     vertex  1.157299e+02 2.713412e+01 -6.425360e+01
   endloop
 endfacet
 facet normal  -9.9872483709e-01 1.0001002372e-02 -4.9484136117e-02
   outer loop
     vertex  1.157299e+02 2.713412e+01 -6.425360e+01
     vertex  1.157501e+02 2.729293e+01 -6.462966e+01
     vertex  1.157299e+02 0.000000e+00 -6.973755e+01
   endloop
 endfacet
 facet normal  -9.9872483709e-01 1.0001002372e-02 -4.9484136117e-02
   outer loop
     vertex  1.157501e+02 2.729293e+01 -6.462966e+01
     vertex  1.157501e+02 0.000000e+00 -7.014571e+01
     vertex  1.157299e+02 0.000000e+00 -6.973755e+01
   endloop
 endfacet
 facet normal  -9.9872483709e-01 -1.0001002372e-02 -4.9484136117e-02
   outer loop
     vertex  1.157299e+02 0.000000e+00 -6.973755e+01
     vertex  1.157501e+02 0.000000e+00 -7.014571e+01
     vertex  1.157501e+02 -2.729293e+01 -6.462966e+01
   endloop
 endfacet
 facet normal  -9.9872483709e-01 -1.0001002372e-02 -4.9484136117e-02
   outer loop
     vertex  1.157299e+02 0.000000e+00 -6.973755e+01
     vertex  1.157501e+02 -2.729293e+01 -6.462966e+01
     vertex  1.157299e+02 -2.713412e+01 -6.425360e+01
   endloop
 endfacet
 facet normal  -9.9872806615e-01 -2.8193362177e-02 -4.1801724893e-02
   outer loop
     vertex  1.157299e+02 -2.713412e+01 -6.425360e+01
     vertex  1.157501e+02 -2.729293e+01 -6.462966e+01
     vertex  1.157501e+02 -4.959078e+01 -4.959078e+01
   endloop
 endfacet
 facet normal  -9.9872806615e-01 -2.8193362177e-02 -4.1801724893e-02
   outer loop
     vertex  1.157299e+02 -2.713412e+01 -6.425360e+01
     vertex  1.157501e+02 -4.959078e+01 -4.959078e+01
     vertex  1.157299e+02 -4.930223e+01 -4.930223e+01
   endloop
 endfacet
 facet normal  -9.9872806615e-01 -4.1801724893e-02 -2.8193362177e-02
   outer loop
     vertex  1.157299e+02 -4.930223e+01 -4.930223e+01
     vertex  1.157501e+02 -4.959078e+01 -4.959078e+01
     vertex  1.157501e+02 -6.462966e+01 -2.729293e+01
   endloop
 endfacet
 facet normal  -9.9872806615e-01 -4.1801724893e-02 -2.8193362177e-02
   outer loop
     vertex  1.157299e+02 -4.930223e+01 -4.930223e+01
     vertex  1.157501e+02 -6.462966e+01 -2.729293e+01
     vertex  1.157299e+02 -6.425360e+01 -2.713412e+01
   endloop
 endfacet
 facet normal  -9.9872483709e-01 -4.9484136117e-02 -1.0001002372e-02
   outer loop
     vertex  1.157299e+02 -6.425360e+01 -2.713412e+01
     vertex  1.157501e+02 -6.462966e+01 -2.729293e+01
     vertex  1.157501e+02 -7.014571e+01 0.000000e+00
   endloop
 endfacet
 facet normal  -9.9872483709e-01 -4.9484136117e-02 -1.0001002372e-02
   outer loop
     vertex  1.157299e+02 -6.425360e+01 -2.713412e+01
     vertex  1.157501e+02 -7.014571e+01 0.000000e+00
     vertex  1.157299e+02 -6.973755e+01 0.000000e+00
   endloop
 endfacet
 facet normal  -9.9872483709e-01 -4.9484136117e-02 1.0001002372e-02
   outer loop
     vertex  1.157299e+02 -6.973755e+01 0.000000e+00
     vertex  1.157501e+02 -7.014571e+01 0.000000e+00
     vertex  1.157299e+02 -6.425360e+01 2.713412e+01
   endloop
 endfacet
 facet normal  -9.9872483709e-01 -4.9484136117e-02 1.0001002372e-02
   outer loop
     vertex  1.157501e+02 -7.014571e+01 0.000000e+00
     vertex  1.157501e+02 -6.462966e+01 2.729293e+01
     vertex  1.157299e+02 -6.425360e+01 2.713412e+01
   endloop
 endfacet
 facet normal  -9.9872806615e-01 -4.1801724893e-02 2.8193362177e-02
   outer loop
     vertex  1.157299e+02 -6.425360e+01 2.713412e+01
     vertex  1.157501e+02 -6.462966e+01 2.729293e+01
     vertex  1.157299e+02 -4.930223e+01 4.930223e+01
   endloop
 endfacet
 facet normal  -9.9872806615e-01 -4.1801724893e-02 2.8193362177e-02
   outer loop
     vertex  1.157501e+02 -6.462966e+01 2.729293e+01
     vertex  1.157501e+02 -4.959078e+01 4.959078e+01
     vertex  1.157299e+02 -4.930223e+01 4.930223e+01
   endloop
 endfacet
 facet normal  -9.9872806615e-01 -2.8193362177e-02 4.1801724893e-02
   outer loop
     vertex  1.157299e+02 -4.930223e+01 4.930223e+01
     vertex  1.157501e+02 -4.959078e+01 4.959078e+01
     vertex  1.157299e+02 -2.713412e+01 6.425360e+01
   endloop
 endfacet
 facet normal  -9.9872806615e-01 -2.8193362177e-02 4.1801724893e-02
   outer loop
     vertex  1.157501e+02 -4.959078e+01 4.959078e+01
     vertex  1.157501e+02 -2.729293e+01 6.462966e+01
     vertex  1.157299e+02 -2.713412e+01 6.425360e+01
   endloop
 endfacet
 facet normal  -9.9872483709e-01 -1.0001002372e-02 4.9484136117e-02
   outer loop
     vertex  1.157299e+02 -2.713412e+01 6.425360e+01
     vertex  1.157501e+02 -2.729293e+01 6.462966e+01
     vertex  1.157299e+02 0.000000e+00 6.973755e+01
   endloop
 endfacet
 facet normal  -9.9872483709e-01 -1.0001002372e-02 4.9484136117e-02
   outer loop
     vertex  1.157501e+02 -2.729293e+01 6.462966e+01
     vertex  1.157501e+02 0.000000e+00 7.014571e+01
     vertex  1.157299e+02 0.000000e+00 6.973755e+01
   endloop
 endfacet
 facet normal  -9.9872483709e-01 1.0001002372e-02 4.9484136117e-02
   outer loop
     vertex  1.157299e+02 0.000000e+00 6.973755e+01
     vertex  1.157501e+02 0.000000e+00 7.014571e+01
     vertex  1.157501e+02 2.729293e+01 6.462966e+01
   endloop
 endfacet
 facet normal  -9.9872483709e-01 1.0001002372e-02 4.9484136117e-02
   outer loop
     vertex  1.157299e+02 0.000000e+00 6.973755e+01
     vertex  1.157501e+02 2.729293e+01 6.462966e+01
     vertex  1.157299e+02 2.713412e+01 6.425360e+01
   endloop
 endfacet
 facet normal  -9.9872806615e-01 2.8193362177e-02 4.1801724893e-02
   outer loop
     vertex  1.157299e+02 2.713412e+01 6.425360e+01
     vertex  1.157501e+02 2.729293e+01 6.462966e+01
     vertex  1.157501e+02 4.959078e+01 4.959078e+01
   endloop
 endfacet
 facet normal  -9.9872806615e-01 2.8193362177e-02 4.1801724893e-02
   outer loop
     vertex  1.157299e+02 2.713412e+01 6.425360e+01
     vertex  1.157501e+02 4.959078e+01 4.959078e+01
     vertex  1.157299e+02 4.930223e+01 4.930223e+01
   endloop
 endfacet
 facet normal  -9.9872806615e-01 4.1801724893e-02 2.8193362177e-02
   outer loop
     vertex  1.157299e+02 4.930223e+01 4.930223e+01
     vertex  1.157501e+02 4.959078e+01 4.959078e+01
     vertex  1.157501e+02 6.462966e+01 2.729293e+01
   endloop
 endfacet
 facet normal  -9.9872806615e-01 4.1801724893e-02 2.8193362177e-02
   outer loop
     vertex  1.157299e+02 4.930223e+01 4.930223e+01
     vertex  1.157501e+02 6.462966e+01 2.729293e+01
     vertex  1.157299e+02 6.425360e+01 2.713412e+01
   endloop
 endfacet
 facet normal  -9.9872483709e-01 4.9484136117e-02 1.0001002372e-02
   outer loop
     vertex  1.157299e+02 6.425360e+01 2.713412e+01
     vertex  1.157501e+02 6.462966e+01 2.729293e+01
     vertex  1.157501e+02 7.014571e+01 0.000000e+00
   endloop
 endfacet
 facet normal  -9.9872483709e-01 4.9484136117e-02 1.0001002372e-02
   outer loop
     vertex  1.157299e+02 6.425360e+01 2.713412e+01
     vertex  1.157501e+02 7.014571e+01 0.000000e+00
     vertex  1.157299e+02 6.973755e+01 0.000000e+00
   endloop
 endfacet
 facet normal  -9.9519743191e-01 9.5948095043e-02 -1.9391611160e-02
   outer loop
     vertex  1.157501e+02 7.014571e+01 0.000000e+00
     vertex  1.157831e+02 7.048767e+01 0.000000e+00
     vertex  1.157501e+02 6.462966e+01 -2.729293e+01
   endloop
 endfacet
 facet normal  -9.9519743191e-01 9.5948095043e-02 -1.9391611160e-02
   outer loop
     vertex  1.157831e+02 7.048767e+01 0.000000e+00
     vertex  1.157831e+02 6.494474e+01 -2.742599e+01
     vertex  1.157501e+02 6.462966e+01 -2.729293e+01
   endloop
 endfacet
 facet normal  -9.9520952915e-01 8.1052878229e-02 -5.4666479847e-02
   outer loop
     vertex  1.157501e+02 6.462966e+01 -2.729293e+01
     vertex  1.157831e+02 6.494474e+01 -2.742599e+01
     vertex  1.157501e+02 4.959078e+01 -4.959078e+01
   endloop
 endfacet
 facet normal  -9.9520952915e-01 8.1052878229e-02 -5.4666479847e-02
   outer loop
     vertex  1.157831e+02 6.494474e+01 -2.742599e+01
     vertex  1.157831e+02 4.983254e+01 -4.983254e+01
     vertex  1.157501e+02 4.959078e+01 -4.959078e+01
   endloop
 endfacet
 facet normal  -9.9520952915e-01 5.4666479847e-02 -8.1052878229e-02
   outer loop
     vertex  1.157501e+02 4.959078e+01 -4.959078e+01
     vertex  1.157831e+02 4.983254e+01 -4.983254e+01
     vertex  1.157501e+02 2.729293e+01 -6.462966e+01
   endloop
 endfacet
 facet normal  -9.9520952915e-01 5.4666479847e-02 -8.1052878229e-02
   outer loop
     vertex  1.157831e+02 4.983254e+01 -4.983254e+01
     vertex  1.157831e+02 2.742599e+01 -6.494474e+01
     vertex  1.157501e+02 2.729293e+01 -6.462966e+01
   endloop
 endfacet
 facet normal  -9.9519743191e-01 1.9391611160e-02 -9.5948095043e-02
   outer loop
     vertex  1.157501e+02 2.729293e+01 -6.462966e+01
     vertex  1.157831e+02 2.742599e+01 -6.494474e+01
     vertex  1.157501e+02 0.000000e+00 -7.014571e+01
   endloop
 endfacet
 facet normal  -9.9519743191e-01 1.9391611160e-02 -9.5948095043e-02
   outer loop
     vertex  1.157831e+02 2.742599e+01 -6.494474e+01
     vertex  1.157831e+02 0.000000e+00 -7.048767e+01
     vertex  1.157501e+02 0.000000e+00 -7.014571e+01
   endloop
 endfacet
 facet normal  -9.9519743191e-01 -1.9391611160e-02 -9.5948095043e-02
   outer loop
     vertex  1.157501e+02 0.000000e+00 -7.014571e+01
     vertex  1.157831e+02 0.000000e+00 -7.048767e+01
     vertex  1.157831e+02 -2.742599e+01 -6.494474e+01
   endloop
 endfacet
 facet normal  -9.9519743191e-01 -1.9391611160e-02 -9.5948095043e-02
   outer loop
     vertex  1.157501e+02 0.000000e+00 -7.014571e+01
     vertex  1.157831e+02 -2.742599e+01 -6.494474e+01
     vertex  1.157501e+02 -2.729293e+01 -6.462966e+01
   endloop
 endfacet
 facet normal  -9.9520952915e-01 -5.4666479847e-02 -8.1052878229e-02
   outer loop
     vertex  1.157501e+02 -2.729293e+01 -6.462966e+01
     vertex  1.157831e+02 -2.742599e+01 -6.494474e+01
     vertex  1.157831e+02 -4.983254e+01 -4.983254e+01
   endloop
 endfacet
 facet normal  -9.9520952915e-01 -5.4666479847e-02 -8.1052878229e-02
   outer loop
     vertex  1.157501e+02 -2.729293e+01 -6.462966e+01
     vertex  1.157831e+02 -4.983254e+01 -4.983254e+01
     vertex  1.157501e+02 -4.959078e+01 -4.959078e+01
   endloop
 endfacet
 facet normal  -9.9520952915e-01 -8.1052878229e-02 -5.4666479847e-02
   outer loop
     vertex  1.157501e+02 -4.959078e+01 -4.959078e+01
     vertex  1.157831e+02 -4.983254e+01 -4.983254e+01
     vertex  1.157831e+02 -6.494474e+01 -2.742599e+01
   endloop
 endfacet
 facet normal  -9.9520952915e-01 -8.1052878229e-02 -5.4666479847e-02
   outer loop
     vertex  1.157501e+02 -4.959078e+01 -4.959078e+01
     vertex  1.157831e+02 -6.494474e+01 -2.742599e+01
     vertex  1.157501e+02 -6.462966e+01 -2.729293e+01
   endloop
 endfacet
 facet normal  -9.9519743191e-01 -9.5948095043e-02 -1.9391611160e-02
   outer loop
     vertex  1.157501e+02 -6.462966e+01 -2.729293e+01
     vertex  1.157831e+02 -6.494474e+01 -2.742599e+01
     vertex  1.157831e+02 -7.048767e+01 0.000000e+00
   endloop
 endfacet
 facet normal  -9.9519743191e-01 -9.5948095043e-02 -1.9391611160e-02
   outer loop
     vertex  1.157501e+02 -6.462966e+01 -2.729293e+01
     vertex  1.157831e+02 -7.048767e+01 0.000000e+00
     vertex  1.157501e+02 -7.014571e+01 0.000000e+00
   endloop
 endfacet
 facet normal  -9.9519743191e-01 -9.5948095043e-02 1.9391611160e-02
   outer loop
     vertex  1.157501e+02 -7.014571e+01 0.000000e+00
     vertex  1.157831e+02 -7.048767e+01 0.000000e+00
     vertex  1.157501e+02 -6.462966e+01 2.729293e+01
   endloop
 endfacet
 facet normal  -9.9519743191e-01 -9.5948095043e-02 1.9391611160e-02
   outer loop
     vertex  1.157831e+02 -7.048767e+01 0.000000e+00
     vertex  1.157831e+02 -6.494474e+01 2.742599e+01
     vertex  1.157501e+02 -6.462966e+01 2.729293e+01
   endloop
 endfacet
 facet normal  -9.9520952915e-01 -8.1052878229e-02 5.4666479847e-02
   outer loop
     vertex  1.157501e+02 -6.462966e+01 2.729293e+01
     vertex  1.157831e+02 -6.494474e+01 2.742599e+01
     vertex  1.157501e+02 -4.959078e+01 4.959078e+01
   endloop
 endfacet
 facet normal  -9.9520952915e-01 -8.1052878229e-02 5.4666479847e-02
   outer loop
     vertex  1.157831e+02 -6.494474e+01 2.742599e+01
     vertex  1.157831e+02 -4.983254e+01 4.983254e+01
     vertex  1.157501e+02 -4.959078e+01 4.959078e+01
   endloop
 endfacet
 facet normal  -9.9520952915e-01 -5.4666479847e-02 8.1052878229e-02
   outer loop
     vertex  1.157501e+02 -4.959078e+01 4.959078e+01
     vertex  1.157831e+02 -4.983254e+01 4.983254e+01
     vertex  1.157501e+02 -2.729293e+01 6.462966e+01
   endloop
 endfacet
 facet normal  -9.9520952915e-01 -5.4666479847e-02 8.1052878229e-02
   outer loop
     vertex  1.157831e+02 -4.983254e+01 4.983254e+01
     vertex  1.157831e+02 -2.742599e+01 6.494474e+01
     vertex  1.157501e+02 -2.729293e+01 6.462966e+01
   endloop
 endfacet
 facet normal  -9.9519743191e-01 -1.9391611160e-02 9.5948095043e-02
   outer loop
     vertex  1.157501e+02 -2.729293e+01 6.462966e+01
     vertex  1.157831e+02 -2.742599e+01 6.494474e+01
     vertex  1.157501e+02 0.000000e+00 7.014571e+01
   endloop
 endfacet
 facet normal  -9.9519743191e-01 -1.9391611160e-02 9.5948095043e-02
   outer loop
     vertex  1.157831e+02 -2.742599e+01 6.494474e+01
     vertex  1.157831e+02 0.000000e+00 7.048767e+01
     vertex  1.157501e+02 0.000000e+00 7.014571e+01
   endloop
 endfacet
 facet normal  -9.9519743191e-01 1.9391611160e-02 9.5948095043e-02
   outer loop
     vertex  1.157501e+02 0.000000e+00 7.014571e+01
     vertex  1.157831e+02 0.000000e+00 7.048767e+01
     vertex  1.157831e+02 2.742599e+01 6.494474e+01
   endloop
 endfacet
 facet normal  -9.9519743191e-01 1.9391611160e-02 9.5948095043e-02
   outer loop
     vertex  1.157501e+02 0.000000e+00 7.014571e+01
     vertex  1.157831e+02 2.742599e+01 6.494474e+01
     vertex  1.157501e+02 2.729293e+01 6.462966e+01
   endloop
 endfacet
 facet normal  -9.9520952915e-01 5.4666479847e-02 8.1052878229e-02
   outer loop
     vertex  1.157501e+02 2.729293e+01 6.462966e+01
     vertex  1.157831e+02 2.742599e+01 6.494474e+01
     vertex  1.157831e+02 4.983254e+01 4.983254e+01
   endloop
 endfacet
 facet normal  -9.9520952915e-01 5.4666479847e-02 8.1052878229e-02
   outer loop
     vertex  1.157501e+02 2.729293e+01 6.462966e+01
     vertex  1.157831e+02 4.983254e+01 4.983254e+01
     vertex  1.157501e+02 4.959078e+01 4.959078e+01
   endloop
 endfacet
 facet normal  -9.9520952915e-01 8.1052878229e-02 5.4666479847e-02
   outer loop
     vertex  1.157501e+02 4.959078e+01 4.959078e+01
     vertex  1.157831e+02 4.983254e+01 4.983254e+01
     vertex  1.157831e+02 6.494474e+01 2.742599e+01
   endloop
 endfacet
 facet normal  -9.9520952915e-01 8.1052878229e-02 5.4666479847e-02
   outer loop
     vertex  1.157501e+02 4.959078e+01 4.959078e+01
     vertex  1.157831e+02 6.494474e+01 2.742599e+01
     vertex  1.157501e+02 6.462966e+01 2.729293e+01
   endloop
 endfacet
 facet normal  -9.9519743191e-01 9.5948095043e-02 1.9391611160e-02
   outer loop
     vertex  1.157501e+02 6.462966e+01 2.729293e+01
     vertex  1.157831e+02 6.494474e+01 2.742599e+01
     vertex  1.157831e+02 7.048767e+01 0.000000e+00
   endloop
 endfacet
 facet normal  -9.9519743191e-01 9.5948095043e-02 1.9391611160e-02
   outer loop
     vertex  1.157501e+02 6.462966e+01 2.729293e+01
     vertex  1.157831e+02 7.048767e+01 0.000000e+00
     vertex  1.157501e+02 7.014571e+01 0.000000e+00
   endloop
 endfacet
 facet normal  -7.7306737405e-01 6.2175278753e-01 -1.2565948587e-01
   outer loop
     vertex  1.157831e+02 7.048767e+01 0.000000e+00
     vertex  1.158984e+02 7.063108e+01 0.000000e+00
     vertex  1.157831e+02 6.494474e+01 -2.742599e+01
   endloop
 endfacet
 facet normal  -7.7306737405e-01 6.2175278753e-01 -1.2565948587e-01
   outer loop
     vertex  1.158984e+02 7.063108e+01 0.000000e+00
     vertex  1.158984e+02 6.507687e+01 -2.748179e+01
     vertex  1.157831e+02 6.494474e+01 -2.742599e+01
   endloop
 endfacet
 facet normal  -7.7346226941e-01 5.2549227347e-01 -3.5442063755e-01
   outer loop
     vertex  1.157831e+02 6.494474e+01 -2.742599e+01
     vertex  1.158984e+02 6.507687e+01 -2.748179e+01
     vertex  1.157831e+02 4.983254e+01 -4.983254e+01
   endloop
 endfacet
 facet normal  -7.7346226941e-01 5.2549227347e-01 -3.5442063755e-01
   outer loop
     vertex  1.158984e+02 6.507687e+01 -2.748179e+01
     vertex  1.158984e+02 4.993392e+01 -4.993392e+01
     vertex  1.157831e+02 4.983254e+01 -4.983254e+01
   endloop
 endfacet
 facet normal  -7.7346226941e-01 3.5442063755e-01 -5.2549227347e-01
   outer loop
     vertex  1.157831e+02 4.983254e+01 -4.983254e+01
     vertex  1.158984e+02 4.993392e+01 -4.993392e+01
     vertex  1.157831e+02 2.742599e+01 -6.494474e+01
   endloop
 endfacet
 facet normal  -7.7346226941e-01 3.5442063755e-01 -5.2549227347e-01
   outer loop
     vertex  1.158984e+02 4.993392e+01 -4.993392e+01
     vertex  1.158984e+02 2.748179e+01 -6.507687e+01
     vertex  1.157831e+02 2.742599e+01 -6.494474e+01
   endloop
 endfacet
 facet normal  -7.7306737405e-01 1.2565948587e-01 -6.2175278753e-01
   outer loop
     vertex  1.157831e+02 2.742599e+01 -6.494474e+01
     vertex  1.158984e+02 2.748179e+01 -6.507687e+01
     vertex  1.157831e+02 0.000000e+00 -7.048767e+01
   endloop
 endfacet
 facet normal  -7.7306737405e-01 1.2565948587e-01 -6.2175278753e-01
   outer loop
     vertex  1.158984e+02 2.748179e+01 -6.507687e+01
     vertex  1.158984e+02 0.000000e+00 -7.063108e+01
     vertex  1.157831e+02 0.000000e+00 -7.048767e+01
   endloop
 endfacet
 facet normal  -7.7306737405e-01 -1.2565948587e-01 -6.2175278753e-01
   outer loop
     vertex  1.157831e+02 0.000000e+00 -7.048767e+01
     vertex  1.158984e+02 0.000000e+00 -7.063108e+01
     vertex  1.158984e+02 -2.748179e+01 -6.507687e+01
   endloop
 endfacet
 facet normal  -7.7306737405e-01 -1.2565948587e-01 -6.2175278753e-01
   outer loop
     vertex  1.157831e+02 0.000000e+00 -7.048767e+01
     vertex  1.158984e+02 -2.748179e+01 -6.507687e+01
     vertex  1.157831e+02 -2.742599e+01 -6.494474e+01
   endloop
 endfacet
 facet normal  -7.7346226941e-01 -3.5442063755e-01 -5.2549227347e-01
   outer loop
     vertex  1.157831e+02 -2.742599e+01 -6.494474e+01
     vertex  1.158984e+02 -2.748179e+01 -6.507687e+01
     vertex  1.158984e+02 -4.993392e+01 -4.993392e+01
   endloop
 endfacet
 facet normal  -7.7346226941e-01 -3.5442063755e-01 -5.2549227347e-01
   outer loop
     vertex  1.157831e+02 -2.742599e+01 -6.494474e+01
     vertex  1.158984e+02 -4.993392e+01 -4.993392e+01
     vertex  1.157831e+02 -4.983254e+01 -4.983254e+01
   endloop
 endfacet
 facet normal  -7.7346226941e-01 -5.2549227347e-01 -3.5442063755e-01
   outer loop
     vertex  1.157831e+02 -4.983254e+01 -4.983254e+01
     vertex  1.158984e+02 -4.993392e+01 -4.993392e+01
     vertex  1.158984e+02 -6.507687e+01 -2.748179e+01
   endloop
 endfacet
 facet normal  -7.7346226941e-01 -5.2549227347e-01 -3.5442063755e-01
   outer loop
     vertex  1.157831e+02 -4.983254e+01 -4.983254e+01
     vertex  1.158984e+02 -6.507687e+01 -2.748179e+01
     vertex  1.157831e+02 -6.494474e+01 -2.742599e+01
   endloop
 endfacet
 facet normal  -7.7306737405e-01 -6.2175278753e-01 -1.2565948587e-01
   outer loop
     vertex  1.157831e+02 -6.494474e+01 -2.742599e+01
     vertex  1.158984e+02 -6.507687e+01 -2.748179e+01
     vertex  1.158984e+02 -7.063108e+01 0.000000e+00
   endloop
 endfacet
 facet normal  -7.7306737405e-01 -6.2175278753e-01 -1.2565948587e-01
   outer loop
     vertex  1.157831e+02 -6.494474e+01 -2.742599e+01
     vertex  1.158984e+02 -7.063108e+01 0.000000e+00
     vertex  1.157831e+02 -7.048767e+01 0.000000e+00
   endloop
 endfacet
 facet normal  -7.7306737405e-01 -6.2175278753e-01 1.2565948587e-01
   outer loop
     vertex  1.157831e+02 -7.048767e+01 0.000000e+00
     vertex  1.158984e+02 -7.063108e+01 0.000000e+00
     vertex  1.157831e+02 -6.494474e+01 2.742599e+01
   endloop
 endfacet
 facet normal  -7.7306737405e-01 -6.2175278753e-01 1.2565948587e-01
   outer loop
     vertex  1.158984e+02 -7.063108e+01 0.000000e+00
     vertex  1.158984e+02 -6.507687e+01 2.748179e+01
     vertex  1.157831e+02 -6.494474e+01 2.742599e+01
   endloop
 endfacet
 facet normal  -7.7346226941e-01 -5.2549227347e-01 3.5442063755e-01
   outer loop
     vertex  1.157831e+02 -6.494474e+01 2.742599e+01
     vertex  1.158984e+02 -6.507687e+01 2.748179e+01
     vertex  1.157831e+02 -4.983254e+01 4.983254e+01
   endloop
 endfacet
 facet normal  -7.7346226941e-01 -5.2549227347e-01 3.5442063755e-01
   outer loop
     vertex  1.158984e+02 -6.507687e+01 2.748179e+01
     vertex  1.158984e+02 -4.993392e+01 4.993392e+01
     vertex  1.157831e+02 -4.983254e+01 4.983254e+01
   endloop
 endfacet
 facet normal  -7.7346226941e-01 -3.5442063755e-01 5.2549227347e-01
   outer loop
     vertex  1.157831e+02 -4.983254e+01 4.983254e+01
     vertex  1.158984e+02 -4.993392e+01 4.993392e+01
     vertex  1.157831e+02 -2.742599e+01 6.494474e+01
   endloop
 endfacet
 facet normal  -7.7346226941e-01 -3.5442063755e-01 5.2549227347e-01
   outer loop
     vertex  1.158984e+02 -4.993392e+01 4.993392e+01
     vertex  1.158984e+02 -2.748179e+01 6.507687e+01
     vertex  1.157831e+02 -2.742599e+01 6.494474e+01
   endloop
 endfacet
 facet normal  -7.7306737405e-01 -1.2565948587e-01 6.2175278753e-01
   outer loop
     vertex  1.157831e+02 -2.742599e+01 6.494474e+01
     vertex  1.158984e+02 -2.748179e+01 6.507687e+01
     vertex  1.157831e+02 0.000000e+00 7.048767e+01
   endloop
 endfacet
 facet normal  -7.7306737405e-01 -1.2565948587e-01 6.2175278753e-01
   outer loop
     vertex  1.158984e+02 -2.748179e+01 6.507687e+01
     vertex  1.158984e+02 0.000000e+00 7.063108e+01
     vertex  1.157831e+02 0.000000e+00 7.048767e+01
   endloop
 endfacet
 facet normal  -7.7306737405e-01 1.2565948587e-01 6.2175278753e-01
   outer loop
     vertex  1.157831e+02 0.000000e+00 7.048767e+01
     vertex  1.158984e+02 0.000000e+00 7.063108e+01
     vertex  1.158984e+02 2.748179e+01 6.507687e+01
   endloop
 endfacet
 facet normal  -7.7306737405e-01 1.2565948587e-01 6.2175278753e-01
   outer loop
     vertex  1.157831e+02 0.000000e+00 7.048767e+01
     vertex  1.158984e+02 2.748179e+01 6.507687e+01
     vertex  1.157831e+02 2.742599e+01 6.494474e+01
   endloop
 endfacet
 facet normal  -7.7346226941e-01 3.5442063755e-01 5.2549227347e-01
   outer loop
     vertex  1.157831e+02 2.742599e+01 6.494474e+01
     vertex  1.158984e+02 2.748179e+01 6.507687e+01
     vertex  1.158984e+02 4.993392e+01 4.993392e+01
   endloop
 endfacet
 facet normal  -7.7346226941e-01 3.5442063755e-01 5.2549227347e-01
   outer loop
     vertex  1.157831e+02 2.742599e+01 6.494474e+01
     vertex  1.158984e+02 4.993392e+01 4.993392e+01
     vertex  1.157831e+02 4.983254e+01 4.983254e+01
   endloop
 endfacet
 facet normal  -7.7346226941e-01 5.2549227347e-01 3.5442063755e-01
   outer loop
     vertex  1.157831e+02 4.983254e+01 4.983254e+01
     vertex  1.158984e+02 4.993392e+01 4.993392e+01
     vertex  1.158984e+02 6.507687e+01 2.748179e+01
   endloop
 endfacet
 facet normal  -7.7346226941e-01 5.2549227347e-01 3.5442063755e-01
   outer loop
     vertex  1.157831e+02 4.983254e+01 4.983254e+01
     vertex  1.158984e+02 6.507687e+01 2.748179e+01
     vertex  1.157831e+02 6.494474e+01 2.742599e+01
   endloop
 endfacet
 facet normal  -7.7306737405e-01 6.2175278753e-01 1.2565948587e-01
   outer loop
     vertex  1.157831e+02 6.494474e+01 2.742599e+01
     vertex  1.158984e+02 6.507687e+01 2.748179e+01
     vertex  1.158984e+02 7.063108e+01 0.000000e+00
   endloop
 endfacet
 facet normal  -7.7306737405e-01 6.2175278753e-01 1.2565948587e-01
   outer loop
     vertex  1.157831e+02 6.494474e+01 2.742599e+01
     vertex  1.158984e+02 7.063108e+01 0.000000e+00
     vertex  1.157831e+02 7.048767e+01 0.000000e+00
   endloop
 endfacet
 facet normal  -1.0731495250e-02 9.8012539816e-01 -1.9808846231e-01
   outer loop
     vertex  1.158984e+02 7.063108e+01 0.000000e+00
     vertex  1.160781e+02 7.063305e+01 0.000000e+00
     vertex  1.160781e+02 6.507868e+01 -2.748255e+01
   endloop
 endfacet
 facet normal  -1.0731495250e-02 9.8012539816e-01 -1.9808846231e-01
   outer loop
     vertex  1.158984e+02 7.063108e+01 0.000000e+00
     vertex  1.160781e+02 6.507868e+01 -2.748255e+01
     vertex  1.158984e+02 6.507687e+01 -2.748179e+01
   endloop
 endfacet
 facet normal  -1.0745133145e-02 8.2901046445e-01 -5.5912985249e-01
   outer loop
     vertex  1.158984e+02 6.507687e+01 -2.748179e+01
     vertex  1.160781e+02 6.507868e+01 -2.748255e+01
     vertex  1.160781e+02 4.993531e+01 -4.993531e+01
   endloop
 endfacet
 facet normal  -1.0745133145e-02 8.2901046445e-01 -5.5912985249e-01
   outer loop
     vertex  1.158984e+02 6.507687e+01 -2.748179e+01
     vertex  1.160781e+02 4.993531e+01 -4.993531e+01
     vertex  1.158984e+02 4.993392e+01 -4.993392e+01
   endloop
 endfacet
 facet normal  -1.0745133145e-02 5.5912985249e-01 -8.2901046445e-01
   outer loop
     vertex  1.158984e+02 4.993392e+01 -4.993392e+01
     vertex  1.160781e+02 4.993531e+01 -4.993531e+01
     vertex  1.160781e+02 2.748255e+01 -6.507868e+01
   endloop
 endfacet
 facet normal  -1.0745133145e-02 5.5912985249e-01 -8.2901046445e-01
   outer loop
     vertex  1.158984e+02 4.993392e+01 -4.993392e+01
     vertex  1.160781e+02 2.748255e+01 -6.507868e+01
     vertex  1.158984e+02 2.748179e+01 -6.507687e+01
   endloop
 endfacet
 facet normal  -1.0731495250e-02 1.9808846231e-01 -9.8012539816e-01
   outer loop
     vertex  1.158984e+02 2.748179e+01 -6.507687e+01
     vertex  1.160781e+02 2.748255e+01 -6.507868e+01
     vertex  1.160781e+02 0.000000e+00 -7.063305e+01
   endloop
 endfacet
 facet normal  -1.0731495250e-02 1.9808846231e-01 -9.8012539816e-01
   outer loop
     vertex  1.158984e+02 2.748179e+01 -6.507687e+01
     vertex  1.160781e+02 0.000000e+00 -7.063305e+01
     vertex  1.158984e+02 0.000000e+00 -7.063108e+01
   endloop
 endfacet
 facet normal  -1.0731495250e-02 -1.9808846231e-01 -9.8012539816e-01
   outer loop
     vertex  1.158984e+02 0.000000e+00 -7.063108e+01
     vertex  1.160781e+02 0.000000e+00 -7.063305e+01
     vertex  1.158984e+02 -2.748179e+01 -6.507687e+01
   endloop
 endfacet
 facet normal  -1.0731495250e-02 -1.9808846231e-01 -9.8012539816e-01
   outer loop
     vertex  1.160781e+02 0.000000e+00 -7.063305e+01
     vertex  1.160781e+02 -2.748255e+01 -6.507868e+01
     vertex  1.158984e+02 -2.748179e+01 -6.507687e+01
   endloop
 endfacet
 facet normal  -1.0745133145e-02 -5.5912985249e-01 -8.2901046445e-01
   outer loop
     vertex  1.158984e+02 -2.748179e+01 -6.507687e+01
     vertex  1.160781e+02 -2.748255e+01 -6.507868e+01
     vertex  1.158984e+02 -4.993392e+01 -4.993392e+01
   endloop
 endfacet
 facet normal  -1.0745133145e-02 -5.5912985249e-01 -8.2901046445e-01
   outer loop
     vertex  1.160781e+02 -2.748255e+01 -6.507868e+01
     vertex  1.160781e+02 -4.993531e+01 -4.993531e+01
     vertex  1.158984e+02 -4.993392e+01 -4.993392e+01
   endloop
 endfacet
 facet normal  -1.0745133145e-02 -8.2901046445e-01 -5.5912985249e-01
   outer loop
     vertex  1.158984e+02 -4.993392e+01 -4.993392e+01
     vertex  1.160781e+02 -4.993531e+01 -4.993531e+01
     vertex  1.158984e+02 -6.507687e+01 -2.748179e+01
   endloop
 endfacet
 facet normal  -1.0745133145e-02 -8.2901046445e-01 -5.5912985249e-01
   outer loop
     vertex  1.160781e+02 -4.993531e+01 -4.993531e+01
     vertex  1.160781e+02 -6.507868e+01 -2.748255e+01
     vertex  1.158984e+02 -6.507687e+01 -2.748179e+01
   endloop
 endfacet
 facet normal  -1.0731495250e-02 -9.8012539816e-01 -1.9808846231e-01
   outer loop
     vertex  1.158984e+02 -6.507687e+01 -2.748179e+01
     vertex  1.160781e+02 -6.507868e+01 -2.748255e+01
     vertex  1.158984e+02 -7.063108e+01 0.000000e+00
   endloop
 endfacet
 facet normal  -1.0731495250e-02 -9.8012539816e-01 -1.9808846231e-01
   outer loop
     vertex  1.160781e+02 -6.507868e+01 -2.748255e+01
     vertex  1.160781e+02 -7.063305e+01 0.000000e+00
     vertex  1.158984e+02 -7.063108e+01 0.000000e+00
   endloop
 endfacet
 facet normal  -1.0731495250e-02 -9.8012539816e-01 1.9808846231e-01
   outer loop
     vertex  1.158984e+02 -7.063108e+01 0.000000e+00
     vertex  1.160781e+02 -7.063305e+01 0.000000e+00
     vertex  1.160781e+02 -6.507868e+01 2.748255e+01
   endloop
 endfacet
 facet normal  -1.0731495250e-02 -9.8012539816e-01 1.9808846231e-01
   outer loop
     vertex  1.158984e+02 -7.063108e+01 0.000000e+00
     vertex  1.160781e+02 -6.507868e+01 2.748255e+01
     vertex  1.158984e+02 -6.507687e+01 2.748179e+01
   endloop
 endfacet
 facet normal  -1.0745133145e-02 -8.2901046445e-01 5.5912985249e-01
   outer loop
     vertex  1.158984e+02 -6.507687e+01 2.748179e+01
     vertex  1.160781e+02 -6.507868e+01 2.748255e+01
     vertex  1.160781e+02 -4.993531e+01 4.993531e+01
   endloop
 endfacet
 facet normal  -1.0745133145e-02 -8.2901046445e-01 5.5912985249e-01
   outer loop
     vertex  1.158984e+02 -6.507687e+01 2.748179e+01
     vertex  1.160781e+02 -4.993531e+01 4.993531e+01
     vertex  1.158984e+02 -4.993392e+01 4.993392e+01
   endloop
 endfacet
 facet normal  -1.0745133145e-02 -5.5912985249e-01 8.2901046445e-01
   outer loop
     vertex  1.158984e+02 -4.993392e+01 4.993392e+01
     vertex  1.160781e+02 -4.993531e+01 4.993531e+01
     vertex  1.160781e+02 -2.748255e+01 6.507868e+01
   endloop
 endfacet
 facet normal  -1.0745133145e-02 -5.5912985249e-01 8.2901046445e-01
   outer loop
     vertex  1.158984e+02 -4.993392e+01 4.993392e+01
     vertex  1.160781e+02 -2.748255e+01 6.507868e+01
     vertex  1.158984e+02 -2.748179e+01 6.507687e+01
   endloop
 endfacet
 facet normal  -1.0731495250e-02 -1.9808846231e-01 9.8012539816e-01
   outer loop
     vertex  1.158984e+02 -2.748179e+01 6.507687e+01
     vertex  1.160781e+02 -2.748255e+01 6.507868e+01
     vertex  1.160781e+02 0.000000e+00 7.063305e+01
   endloop
 endfacet
 facet normal  -1.0731495250e-02 -1.9808846231e-01 9.8012539816e-01
   outer loop
     vertex  1.158984e+02 -2.748179e+01 6.507687e+01
     vertex  1.160781e+02 0.000000e+00 7.063305e+01
     vertex  1.158984e+02 0.000000e+00 7.063108e+01
   endloop
 endfacet
 facet normal  -1.0731495250e-02 1.9808846231e-01 9.8012539816e-01
   outer loop
     vertex  1.158984e+02 0.000000e+00 7.063108e+01
     vertex  1.160781e+02 0.000000e+00 7.063305e+01
     vertex  1.158984e+02 2.748179e+01 6.507687e+01
   endloop
 endfacet
 facet normal  -1.0731495250e-02 1.9808846231e-01 9.8012539816e-01
   outer loop
     vertex  1.160781e+02 0.000000e+00 7.063305e+01
     vertex  1.160781e+02 2.748255e+01 6.507868e+01
     vertex  1.158984e+02 2.748179e+01 6.507687e+01
   endloop
 endfacet
 facet normal  -1.0745133145e-02 5.5912985249e-01 8.2901046445e-01
   outer loop
     vertex  1.158984e+02 2.748179e+01 6.507687e+01
     vertex  1.160781e+02 2.748255e+01 6.507868e+01
     vertex  1.158984e+02 4.993392e+01 4.993392e+01
   endloop
 endfacet
 facet normal  -1.0745133145e-02 5.5912985249e-01 8.2901046445e-01
   outer loop
     vertex  1.160781e+02 2.748255e+01 6.507868e+01
     vertex  1.160781e+02 4.993531e+01 4.993531e+01
     vertex  1.158984e+02 4.993392e+01 4.993392e+01
   endloop
 endfacet
 facet normal  -1.0745133145e-02 8.2901046445e-01 5.5912985249e-01
   outer loop
     vertex  1.158984e+02 4.993392e+01 4.993392e+01
     vertex  1.160781e+02 4.993531e+01 4.993531e+01
     vertex  1.158984e+02 6.507687e+01 2.748179e+01
   endloop
 endfacet
 facet normal  -1.0745133145e-02 8.2901046445e-01 5.5912985249e-01
   outer loop
     vertex  1.160781e+02 4.993531e+01 4.993531e+01
     vertex  1.160781e+02 6.507868e+01 2.748255e+01
     vertex  1.158984e+02 6.507687e+01 2.748179e+01
   endloop
 endfacet
 facet normal  -1.0731495250e-02 9.8012539816e-01 1.9808846231e-01
   outer loop
     vertex  1.158984e+02 6.507687e+01 2.748179e+01
     vertex  1.160781e+02 6.507868e+01 2.748255e+01
     vertex  1.158984e+02 7.063108e+01 0.000000e+00
   endloop
 endfacet
 facet normal  -1.0731495250e-02 9.8012539816e-01 1.9808846231e-01
   outer loop
     vertex  1.160781e+02 6.507868e+01 2.748255e+01
     vertex  1.160781e+02 7.063305e+01 0.000000e+00
     vertex  1.158984e+02 7.063108e+01 0.000000e+00
   endloop
 endfacet
 facet normal  -2.5587667060e-02 9.7986091196e-01 -1.9803500827e-01
   outer loop
     vertex  1.160781e+02 7.063305e+01 0.000000e+00
     vertex  1.162578e+02 7.063774e+01 0.000000e+00
     vertex  1.162578e+02 6.508300e+01 -2.748438e+01
   endloop
 endfacet
 facet normal  -2.5587667060e-02 9.7986091196e-01 -1.9803500827e-01
   outer loop
     vertex  1.160781e+02 7.063305e+01 0.000000e+00
     vertex  1.162578e+02 6.508300e+01 -2.748438e+01
     vertex  1.160781e+02 6.507868e+01 -2.748255e+01
   endloop
 endfacet
 facet normal  -2.5620167026e-02 8.2878618781e-01 -5.5897858809e-01
   outer loop
     vertex  1.160781e+02 6.507868e+01 -2.748255e+01
     vertex  1.162578e+02 6.508300e+01 -2.748438e+01
     vertex  1.162578e+02 4.993863e+01 -4.993863e+01
   endloop
 endfacet
 facet normal  -2.5620167026e-02 8.2878618781e-01 -5.5897858809e-01
   outer loop
     vertex  1.160781e+02 6.507868e+01 -2.748255e+01
     vertex  1.162578e+02 4.993863e+01 -4.993863e+01
     vertex  1.160781e+02 4.993531e+01 -4.993531e+01
   endloop
 endfacet
 facet normal  -2.5620167026e-02 5.5897858809e-01 -8.2878618781e-01
   outer loop
     vertex  1.160781e+02 4.993531e+01 -4.993531e+01
     vertex  1.162578e+02 4.993863e+01 -4.993863e+01
     vertex  1.162578e+02 2.748438e+01 -6.508300e+01
   endloop
 endfacet
 facet normal  -2.5620167026e-02 5.5897858809e-01 -8.2878618781e-01
   outer loop
     vertex  1.160781e+02 4.993531e+01 -4.993531e+01
     vertex  1.162578e+02 2.748438e+01 -6.508300e+01
     vertex  1.160781e+02 2.748255e+01 -6.507868e+01
   endloop
 endfacet
 facet normal  -2.5587667060e-02 1.9803500827e-01 -9.7986091196e-01
   outer loop
     vertex  1.160781e+02 2.748255e+01 -6.507868e+01
     vertex  1.162578e+02 2.748438e+01 -6.508300e+01
     vertex  1.162578e+02 0.000000e+00 -7.063774e+01
   endloop
 endfacet
 facet normal  -2.5587667060e-02 1.9803500827e-01 -9.7986091196e-01
   outer loop
     vertex  1.160781e+02 2.748255e+01 -6.507868e+01
     vertex  1.162578e+02 0.000000e+00 -7.063774e+01
     vertex  1.160781e+02 0.000000e+00 -7.063305e+01
   endloop
 endfacet
 facet normal  -2.5587667060e-02 -1.9803500827e-01 -9.7986091196e-01
   outer loop
     vertex  1.160781e+02 0.000000e+00 -7.063305e+01
     vertex  1.162578e+02 0.000000e+00 -7.063774e+01
     vertex  1.160781e+02 -2.748255e+01 -6.507868e+01
   endloop
 endfacet
 facet normal  -2.5587667060e-02 -1.9803500827e-01 -9.7986091196e-01
   outer loop
     vertex  1.162578e+02 0.000000e+00 -7.063774e+01
     vertex  1.162578e+02 -2.748438e+01 -6.508300e+01
     vertex  1.160781e+02 -2.748255e+01 -6.507868e+01
   endloop
 endfacet
 facet normal  -2.5620167026e-02 -5.5897858809e-01 -8.2878618781e-01
   outer loop
     vertex  1.160781e+02 -2.748255e+01 -6.507868e+01
     vertex  1.162578e+02 -2.748438e+01 -6.508300e+01
     vertex  1.160781e+02 -4.993531e+01 -4.993531e+01
   endloop
 endfacet
 facet normal  -2.5620167026e-02 -5.5897858809e-01 -8.2878618781e-01
   outer loop
     vertex  1.162578e+02 -2.748438e+01 -6.508300e+01
     vertex  1.162578e+02 -4.993863e+01 -4.993863e+01
     vertex  1.160781e+02 -4.993531e+01 -4.993531e+01
   endloop
 endfacet
 facet normal  -2.5620167026e-02 -8.2878618781e-01 -5.5897858809e-01
   outer loop
     vertex  1.160781e+02 -4.993531e+01 -4.993531e+01
     vertex  1.162578e+02 -4.993863e+01 -4.993863e+01
     vertex  1.160781e+02 -6.507868e+01 -2.748255e+01
   endloop
 endfacet
 facet normal  -2.5620167026e-02 -8.2878618781e-01 -5.5897858809e-01
   outer loop
     vertex  1.162578e+02 -4.993863e+01 -4.993863e+01
     vertex  1.162578e+02 -6.508300e+01 -2.748438e+01
     vertex  1.160781e+02 -6.507868e+01 -2.748255e+01
   endloop
 endfacet
 facet normal  -2.5587667060e-02 -9.7986091196e-01 -1.9803500827e-01
   outer loop
     vertex  1.160781e+02 -6.507868e+01 -2.748255e+01
     vertex  1.162578e+02 -6.508300e+01 -2.748438e+01
     vertex  1.160781e+02 -7.063305e+01 0.000000e+00
   endloop
 endfacet
 facet normal  -2.5587667060e-02 -9.7986091196e-01 -1.9803500827e-01
   outer loop
     vertex  1.162578e+02 -6.508300e+01 -2.748438e+01
     vertex  1.162578e+02 -7.063774e+01 0.000000e+00
     vertex  1.160781e+02 -7.063305e+01 0.000000e+00
   endloop
 endfacet
 facet normal  -2.5587667060e-02 -9.7986091196e-01 1.9803500827e-01
   outer loop
     vertex  1.160781e+02 -7.063305e+01 0.000000e+00
     vertex  1.162578e+02 -7.063774e+01 0.000000e+00
     vertex  1.162578e+02 -6.508300e+01 2.748438e+01
   endloop
 endfacet
 facet normal  -2.5587667060e-02 -9.7986091196e-01 1.9803500827e-01
   outer loop
     vertex  1.160781e+02 -7.063305e+01 0.000000e+00
     vertex  1.162578e+02 -6.508300e+01 2.748438e+01
     vertex  1.160781e+02 -6.507868e+01 2.748255e+01
   endloop
 endfacet
 facet normal  -2.5620167026e-02 -8.2878618781e-01 5.5897858809e-01
   outer loop
     vertex  1.160781e+02 -6.507868e+01 2.748255e+01
     vertex  1.162578e+02 -6.508300e+01 2.748438e+01
     vertex  1.162578e+02 -4.993863e+01 4.993863e+01
   endloop
 endfacet
 facet normal  -2.5620167026e-02 -8.2878618781e-01 5.5897858809e-01
   outer loop
     vertex  1.160781e+02 -6.507868e+01 2.748255e+01
     vertex  1.162578e+02 -4.993863e+01 4.993863e+01
     vertex  1.160781e+02 -4.993531e+01 4.993531e+01
   endloop
 endfacet
 facet normal  -2.5620167026e-02 -5.5897858809e-01 8.2878618781e-01
   outer loop
     vertex  1.160781e+02 -4.993531e+01 4.993531e+01
     vertex  1.162578e+02 -4.993863e+01 4.993863e+01
     vertex  1.162578e+02 -2.748438e+01 6.508300e+01
   endloop
 endfacet
 facet normal  -2.5620167026e-02 -5.5897858809e-01 8.2878618781e-01
   outer loop
     vertex  1.160781e+02 -4.993531e+01 4.993531e+01
     vertex  1.162578e+02 -2.748438e+01 6.508300e+01
     vertex  1.160781e+02 -2.748255e+01 6.507868e+01
   endloop
 endfacet
 facet normal  -2.5587667060e-02 -1.9803500827e-01 9.7986091196e-01
   outer loop
     vertex  1.160781e+02 -2.748255e+01 6.507868e+01
     vertex  1.162578e+02 -2.748438e+01 6.508300e+01
     vertex  1.162578e+02 0.000000e+00 7.063774e+01
   endloop
 endfacet
 facet normal  -2.5587667060e-02 -1.9803500827e-01 9.7986091196e-01
   outer loop
     vertex  1.160781e+02 -2.748255e+01 6.507868e+01
     vertex  1.162578e+02 0.000000e+00 7.063774e+01
     vertex  1.160781e+02 0.000000e+00 7.063305e+01
   endloop
 endfacet
 facet normal  -2.5587667060e-02 1.9803500827e-01 9.7986091196e-01
   outer loop
     vertex  1.160781e+02 0.000000e+00 7.063305e+01
     vertex  1.162578e+02 0.000000e+00 7.063774e+01
     vertex  1.160781e+02 2.748255e+01 6.507868e+01
   endloop
 endfacet
 facet normal  -2.5587667060e-02 1.9803500827e-01 9.7986091196e-01
   outer loop
     vertex  1.162578e+02 0.000000e+00 7.063774e+01
     vertex  1.162578e+02 2.748438e+01 6.508300e+01
     vertex  1.160781e+02 2.748255e+01 6.507868e+01
   endloop
 endfacet
 facet normal  -2.5620167026e-02 5.5897858809e-01 8.2878618781e-01
   outer loop
     vertex  1.160781e+02 2.748255e+01 6.507868e+01
     vertex  1.162578e+02 2.748438e+01 6.508300e+01
     vertex  1.160781e+02 4.993531e+01 4.993531e+01
   endloop
 endfacet
 facet normal  -2.5620167026e-02 5.5897858809e-01 8.2878618781e-01
   outer loop
     vertex  1.162578e+02 2.748438e+01 6.508300e+01
     vertex  1.162578e+02 4.993863e+01 4.993863e+01
     vertex  1.160781e+02 4.993531e+01 4.993531e+01
   endloop
 endfacet
 facet normal  -2.5620167026e-02 8.2878618781e-01 5.5897858809e-01
   outer loop
     vertex  1.160781e+02 4.993531e+01 4.993531e+01
     vertex  1.162578e+02 4.993863e+01 4.993863e+01
     vertex  1.160781e+02 6.507868e+01 2.748255e+01
   endloop
 endfacet
 facet normal  -2.5620167026e-02 8.2878618781e-01 5.5897858809e-01
   outer loop
     vertex  1.162578e+02 4.993863e+01 4.993863e+01
     vertex  1.162578e+02 6.508300e+01 2.748438e+01
     vertex  1.160781e+02 6.507868e+01 2.748255e+01
   endloop
 endfacet
 facet normal  -2.5587667060e-02 9.7986091196e-01 1.9803500827e-01
   outer loop
     vertex  1.160781e+02 6.507868e+01 2.748255e+01
     vertex  1.162578e+02 6.508300e+01 2.748438e+01
     vertex  1.160781e+02 7.063305e+01 0.000000e+00
   endloop
 endfacet
 facet normal  -2.5587667060e-02 9.7986091196e-01 1.9803500827e-01
   outer loop
     vertex  1.162578e+02 6.508300e+01 2.748438e+01
     vertex  1.162578e+02 7.063774e+01 0.000000e+00
     vertex  1.160781e+02 7.063305e+01 0.000000e+00
   endloop
 endfacet
 facet normal  -3.0537498420e-02 9.7972470569e-01 -1.9800748027e-01
   outer loop
     vertex  1.162578e+02 7.063774e+01 0.000000e+00
     vertex  1.164375e+02 7.064334e+01 0.000000e+00
     vertex  1.164375e+02 6.508816e+01 -2.748656e+01
   endloop
 endfacet
 facet normal  -3.0537498420e-02 9.7972470569e-01 -1.9800748027e-01
   outer loop
     vertex  1.162578e+02 7.063774e+01 0.000000e+00
     vertex  1.164375e+02 6.508816e+01 -2.748656e+01
     vertex  1.162578e+02 6.508300e+01 -2.748438e+01
   endloop
 endfacet
 facet normal  -3.0576274571e-02 8.2867068901e-01 -5.5890068940e-01
   outer loop
     vertex  1.162578e+02 6.508300e+01 -2.748438e+01
     vertex  1.164375e+02 6.508816e+01 -2.748656e+01
     vertex  1.164375e+02 4.994259e+01 -4.994259e+01
   endloop
 endfacet
 facet normal  -3.0576274571e-02 8.2867068901e-01 -5.5890068940e-01
   outer loop
     vertex  1.162578e+02 6.508300e+01 -2.748438e+01
     vertex  1.164375e+02 4.994259e+01 -4.994259e+01
     vertex  1.162578e+02 4.993863e+01 -4.993863e+01
   endloop
 endfacet
 facet normal  -3.0576274571e-02 5.5890068940e-01 -8.2867068901e-01
   outer loop
     vertex  1.162578e+02 4.993863e+01 -4.993863e+01
     vertex  1.164375e+02 4.994259e+01 -4.994259e+01
     vertex  1.164375e+02 2.748656e+01 -6.508816e+01
   endloop
 endfacet
 facet normal  -3.0576274571e-02 5.5890068940e-01 -8.2867068901e-01
   outer loop
     vertex  1.162578e+02 4.993863e+01 -4.993863e+01
     vertex  1.164375e+02 2.748656e+01 -6.508816e+01
     vertex  1.162578e+02 2.748438e+01 -6.508300e+01
   endloop
 endfacet
 facet normal  -3.0537498420e-02 1.9800748027e-01 -9.7972470569e-01
   outer loop
     vertex  1.162578e+02 2.748438e+01 -6.508300e+01
     vertex  1.164375e+02 2.748656e+01 -6.508816e+01
     vertex  1.164375e+02 0.000000e+00 -7.064334e+01
   endloop
 endfacet
 facet normal  -3.0537498420e-02 1.9800748027e-01 -9.7972470569e-01
   outer loop
     vertex  1.162578e+02 2.748438e+01 -6.508300e+01
     vertex  1.164375e+02 0.000000e+00 -7.064334e+01
     vertex  1.162578e+02 0.000000e+00 -7.063774e+01
   endloop
 endfacet
 facet normal  -3.0537498420e-02 -1.9800748027e-01 -9.7972470569e-01
   outer loop
     vertex  1.162578e+02 0.000000e+00 -7.063774e+01
     vertex  1.164375e+02 0.000000e+00 -7.064334e+01
     vertex  1.162578e+02 -2.748438e+01 -6.508300e+01
   endloop
 endfacet
 facet normal  -3.0537498420e-02 -1.9800748027e-01 -9.7972470569e-01
   outer loop
     vertex  1.164375e+02 0.000000e+00 -7.064334e+01
     vertex  1.164375e+02 -2.748656e+01 -6.508816e+01
     vertex  1.162578e+02 -2.748438e+01 -6.508300e+01
   endloop
 endfacet
 facet normal  -3.0576274571e-02 -5.5890068940e-01 -8.2867068901e-01
   outer loop
     vertex  1.162578e+02 -2.748438e+01 -6.508300e+01
     vertex  1.164375e+02 -2.748656e+01 -6.508816e+01
     vertex  1.162578e+02 -4.993863e+01 -4.993863e+01
   endloop
 endfacet
 facet normal  -3.0576274571e-02 -5.5890068940e-01 -8.2867068901e-01
   outer loop
     vertex  1.164375e+02 -2.748656e+01 -6.508816e+01
     vertex  1.164375e+02 -4.994259e+01 -4.994259e+01
     vertex  1.162578e+02 -4.993863e+01 -4.993863e+01
   endloop
 endfacet
 facet normal  -3.0576274571e-02 -8.2867068901e-01 -5.5890068940e-01
   outer loop
     vertex  1.162578e+02 -4.993863e+01 -4.993863e+01
     vertex  1.164375e+02 -4.994259e+01 -4.994259e+01
     vertex  1.162578e+02 -6.508300e+01 -2.748438e+01
   endloop
 endfacet
 facet normal  -3.0576274571e-02 -8.2867068901e-01 -5.5890068940e-01
   outer loop
     vertex  1.164375e+02 -4.994259e+01 -4.994259e+01
     vertex  1.164375e+02 -6.508816e+01 -2.748656e+01
     vertex  1.162578e+02 -6.508300e+01 -2.748438e+01
   endloop
 endfacet
 facet normal  -3.0537498420e-02 -9.7972470569e-01 -1.9800748027e-01
   outer loop
     vertex  1.162578e+02 -6.508300e+01 -2.748438e+01
     vertex  1.164375e+02 -6.508816e+01 -2.748656e+01
     vertex  1.162578e+02 -7.063774e+01 0.000000e+00
   endloop
 endfacet
 facet normal  -3.0537498420e-02 -9.7972470569e-01 -1.9800748027e-01
   outer loop
     vertex  1.164375e+02 -6.508816e+01 -2.748656e+01
     vertex  1.164375e+02 -7.064334e+01 0.000000e+00
     vertex  1.162578e+02 -7.063774e+01 0.000000e+00
   endloop
 endfacet
 facet normal  -3.0537498420e-02 -9.7972470569e-01 1.9800748027e-01
   outer loop
     vertex  1.162578e+02 -7.063774e+01 0.000000e+00
     vertex  1.164375e+02 -7.064334e+01 0.000000e+00
     vertex  1.164375e+02 -6.508816e+01 2.748656e+01
   endloop
 endfacet
 facet normal  -3.0537498420e-02 -9.7972470569e-01 1.9800748027e-01
   outer loop
     vertex  1.162578e+02 -7.063774e+01 0.000000e+00
     vertex  1.164375e+02 -6.508816e+01 2.748656e+01
     vertex  1.162578e+02 -6.508300e+01 2.748438e+01
   endloop
 endfacet
 facet normal  -3.0576274571e-02 -8.2867068901e-01 5.5890068940e-01
   outer loop
     vertex  1.162578e+02 -6.508300e+01 2.748438e+01
     vertex  1.164375e+02 -6.508816e+01 2.748656e+01
     vertex  1.164375e+02 -4.994259e+01 4.994259e+01
   endloop
 endfacet
 facet normal  -3.0576274571e-02 -8.2867068901e-01 5.5890068940e-01
   outer loop
     vertex  1.162578e+02 -6.508300e+01 2.748438e+01
     vertex  1.164375e+02 -4.994259e+01 4.994259e+01
     vertex  1.162578e+02 -4.993863e+01 4.993863e+01
   endloop
 endfacet
 facet normal  -3.0576274571e-02 -5.5890068940e-01 8.2867068901e-01
   outer loop
     vertex  1.162578e+02 -4.993863e+01 4.993863e+01
     vertex  1.164375e+02 -4.994259e+01 4.994259e+01
     vertex  1.164375e+02 -2.748656e+01 6.508816e+01
   endloop
 endfacet
 facet normal  -3.0576274571e-02 -5.5890068940e-01 8.2867068901e-01
   outer loop
     vertex  1.162578e+02 -4.993863e+01 4.993863e+01
     vertex  1.164375e+02 -2.748656e+01 6.508816e+01
     vertex  1.162578e+02 -2.748438e+01 6.508300e+01
   endloop
 endfacet
 facet normal  -3.0537498420e-02 -1.9800748027e-01 9.7972470569e-01
   outer loop
     vertex  1.162578e+02 -2.748438e+01 6.508300e+01
     vertex  1.164375e+02 -2.748656e+01 6.508816e+01
     vertex  1.164375e+02 0.000000e+00 7.064334e+01
   endloop
 endfacet
 facet normal  -3.0537498420e-02 -1.9800748027e-01 9.7972470569e-01
   outer loop
     vertex  1.162578e+02 -2.748438e+01 6.508300e+01
     vertex  1.164375e+02 0.000000e+00 7.064334e+01
     vertex  1.162578e+02 0.000000e+00 7.063774e+01
   endloop
 endfacet
 facet normal  -3.0537498420e-02 1.9800748027e-01 9.7972470569e-01
   outer loop
     vertex  1.162578e+02 0.000000e+00 7.063774e+01
     vertex  1.164375e+02 0.000000e+00 7.064334e+01
     vertex  1.162578e+02 2.748438e+01 6.508300e+01
   endloop
 endfacet
 facet normal  -3.0537498420e-02 1.9800748027e-01 9.7972470569e-01
   outer loop
     vertex  1.164375e+02 0.000000e+00 7.064334e+01
     vertex  1.164375e+02 2.748656e+01 6.508816e+01
     vertex  1.162578e+02 2.748438e+01 6.508300e+01
   endloop
 endfacet
 facet normal  -3.0576274571e-02 5.5890068940e-01 8.2867068901e-01
   outer loop
     vertex  1.162578e+02 2.748438e+01 6.508300e+01
     vertex  1.164375e+02 2.748656e+01 6.508816e+01
     vertex  1.162578e+02 4.993863e+01 4.993863e+01
   endloop
 endfacet
 facet normal  -3.0576274571e-02 5.5890068940e-01 8.2867068901e-01
   outer loop
     vertex  1.164375e+02 2.748656e+01 6.508816e+01
     vertex  1.164375e+02 4.994259e+01 4.994259e+01
     vertex  1.162578e+02 4.993863e+01 4.993863e+01
   endloop
 endfacet
 facet normal  -3.0576274571e-02 8.2867068901e-01 5.5890068940e-01
   outer loop
     vertex  1.162578e+02 4.993863e+01 4.993863e+01
     vertex  1.164375e+02 4.994259e+01 4.994259e+01
     vertex  1.162578e+02 6.508300e+01 2.748438e+01
   endloop
 endfacet
 facet normal  -3.0576274571e-02 8.2867068901e-01 5.5890068940e-01
   outer loop
     vertex  1.164375e+02 4.994259e+01 4.994259e+01
     vertex  1.164375e+02 6.508816e+01 2.748656e+01
     vertex  1.162578e+02 6.508300e+01 2.748438e+01
   endloop
 endfacet
 facet normal  -3.0537498420e-02 9.7972470569e-01 1.9800748027e-01
   outer loop
     vertex  1.162578e+02 6.508300e+01 2.748438e+01
     vertex  1.164375e+02 6.508816e+01 2.748656e+01
     vertex  1.162578e+02 7.063774e+01 0.000000e+00
   endloop
 endfacet
 facet normal  -3.0537498420e-02 9.7972470569e-01 1.9800748027e-01
   outer loop
     vertex  1.164375e+02 6.508816e+01 2.748656e+01
     vertex  1.164375e+02 7.064334e+01 0.000000e+00
     vertex  1.162578e+02 7.063774e+01 0.000000e+00
   endloop
 endfacet
 facet normal  -2.5587667060e-02 9.7986091196e-01 -1.9803500827e-01
   outer loop
     vertex  1.164375e+02 7.064334e+01 0.000000e+00
     vertex  1.166172e+02 7.064803e+01 0.000000e+00
     vertex  1.166172e+02 6.509249e+01 -2.748838e+01
   endloop
 endfacet
 facet normal  -2.5587667060e-02 9.7986091196e-01 -1.9803500827e-01
   outer loop
     vertex  1.164375e+02 7.064334e+01 0.000000e+00
     vertex  1.166172e+02 6.509249e+01 -2.748838e+01
     vertex  1.164375e+02 6.508816e+01 -2.748656e+01
   endloop
 endfacet
 facet normal  -2.5620167026e-02 8.2878618781e-01 -5.5897858809e-01
   outer loop
     vertex  1.164375e+02 6.508816e+01 -2.748656e+01
     vertex  1.166172e+02 6.509249e+01 -2.748838e+01
     vertex  1.166172e+02 4.994591e+01 -4.994591e+01
   endloop
 endfacet
 facet normal  -2.5620167026e-02 8.2878618781e-01 -5.5897858809e-01
   outer loop
     vertex  1.164375e+02 6.508816e+01 -2.748656e+01
     vertex  1.166172e+02 4.994591e+01 -4.994591e+01
     vertex  1.164375e+02 4.994259e+01 -4.994259e+01
   endloop
 endfacet
 facet normal  -2.5620167026e-02 5.5897858809e-01 -8.2878618781e-01
   outer loop
     vertex  1.164375e+02 4.994259e+01 -4.994259e+01
     vertex  1.166172e+02 4.994591e+01 -4.994591e+01
     vertex  1.166172e+02 2.748838e+01 -6.509249e+01
   endloop
 endfacet
 facet normal  -2.5620167026e-02 5.5897858809e-01 -8.2878618781e-01
   outer loop
     vertex  1.164375e+02 4.994259e+01 -4.994259e+01
     vertex  1.166172e+02 2.748838e+01 -6.509249e+01
     vertex  1.164375e+02 2.748656e+01 -6.508816e+01
   endloop
 endfacet
 facet normal  -2.5587667060e-02 1.9803500827e-01 -9.7986091196e-01
   outer loop
     vertex  1.164375e+02 2.748656e+01 -6.508816e+01
     vertex  1.166172e+02 2.748838e+01 -6.509249e+01
     vertex  1.166172e+02 0.000000e+00 -7.064803e+01
   endloop
 endfacet
 facet normal  -2.5587667060e-02 1.9803500827e-01 -9.7986091196e-01
   outer loop
     vertex  1.164375e+02 2.748656e+01 -6.508816e+01
     vertex  1.166172e+02 0.000000e+00 -7.064803e+01
     vertex  1.164375e+02 0.000000e+00 -7.064334e+01
   endloop
 endfacet
 facet normal  -2.5587667060e-02 -1.9803500827e-01 -9.7986091196e-01
   outer loop
     vertex  1.164375e+02 0.000000e+00 -7.064334e+01
     vertex  1.166172e+02 0.000000e+00 -7.064803e+01
     vertex  1.164375e+02 -2.748656e+01 -6.508816e+01
   endloop
 endfacet
 facet normal  -2.5587667060e-02 -1.9803500827e-01 -9.7986091196e-01
   outer loop
     vertex  1.166172e+02 0.000000e+00 -7.064803e+01
     vertex  1.166172e+02 -2.748838e+01 -6.509249e+01
     vertex  1.164375e+02 -2.748656e+01 -6.508816e+01
   endloop
 endfacet
 facet normal  -2.5620167026e-02 -5.5897858809e-01 -8.2878618781e-01
   outer loop
     vertex  1.164375e+02 -2.748656e+01 -6.508816e+01
     vertex  1.166172e+02 -2.748838e+01 -6.509249e+01
     vertex  1.164375e+02 -4.994259e+01 -4.994259e+01
   endloop
 endfacet
 facet normal  -2.5620167026e-02 -5.5897858809e-01 -8.2878618781e-01
   outer loop
     vertex  1.166172e+02 -2.748838e+01 -6.509249e+01
     vertex  1.166172e+02 -4.994591e+01 -4.994591e+01
     vertex  1.164375e+02 -4.994259e+01 -4.994259e+01
   endloop
 endfacet
 facet normal  -2.5620167026e-02 -8.2878618781e-01 -5.5897858809e-01
   outer loop
     vertex  1.164375e+02 -4.994259e+01 -4.994259e+01
     vertex  1.166172e+02 -4.994591e+01 -4.994591e+01
     vertex  1.164375e+02 -6.508816e+01 -2.748656e+01
   endloop
 endfacet
 facet normal  -2.5620167026e-02 -8.2878618781e-01 -5.5897858809e-01
   outer loop
     vertex  1.166172e+02 -4.994591e+01 -4.994591e+01
     vertex  1.166172e+02 -6.509249e+01 -2.748838e+01
     vertex  1.164375e+02 -6.508816e+01 -2.748656e+01
   endloop
 endfacet
 facet normal  -2.5587667060e-02 -9.7986091196e-01 -1.9803500827e-01
   outer loop
     vertex  1.164375e+02 -6.508816e+01 -2.748656e+01
     vertex  1.166172e+02 -6.509249e+01 -2.748838e+01
     vertex  1.164375e+02 -7.064334e+01 0.000000e+00
   endloop
 endfacet
 facet normal  -2.5587667060e-02 -9.7986091196e-01 -1.9803500827e-01
   outer loop
     vertex  1.166172e+02 -6.509249e+01 -2.748838e+01
     vertex  1.166172e+02 -7.064803e+01 0.000000e+00
     vertex  1.164375e+02 -7.064334e+01 0.000000e+00
   endloop
 endfacet
 facet normal  -2.5587667060e-02 -9.7986091196e-01 1.9803500827e-01
   outer loop
     vertex  1.164375e+02 -7.064334e+01 0.000000e+00
     vertex  1.166172e+02 -7.064803e+01 0.000000e+00
     vertex  1.166172e+02 -6.509249e+01 2.748838e+01
   endloop
 endfacet
 facet normal  -2.5587667060e-02 -9.7986091196e-01 1.9803500827e-01
   outer loop
     vertex  1.164375e+02 -7.064334e+01 0.000000e+00
     vertex  1.166172e+02 -6.509249e+01 2.748838e+01
     vertex  1.164375e+02 -6.508816e+01 2.748656e+01
   endloop
 endfacet
 facet normal  -2.5620167026e-02 -8.2878618781e-01 5.5897858809e-01
   outer loop
     vertex  1.164375e+02 -6.508816e+01 2.748656e+01
     vertex  1.166172e+02 -6.509249e+01 2.748838e+01
     vertex  1.166172e+02 -4.994591e+01 4.994591e+01
   endloop
 endfacet
 facet normal  -2.5620167026e-02 -8.2878618781e-01 5.5897858809e-01
   outer loop
     vertex  1.164375e+02 -6.508816e+01 2.748656e+01
     vertex  1.166172e+02 -4.994591e+01 4.994591e+01
     vertex  1.164375e+02 -4.994259e+01 4.994259e+01
   endloop
 endfacet
 facet normal  -2.5620167026e-02 -5.5897858809e-01 8.2878618781e-01
   outer loop
     vertex  1.164375e+02 -4.994259e+01 4.994259e+01
     vertex  1.166172e+02 -4.994591e+01 4.994591e+01
     vertex  1.166172e+02 -2.748838e+01 6.509249e+01
   endloop
 endfacet
 facet normal  -2.5620167026e-02 -5.5897858809e-01 8.2878618781e-01
   outer loop
     vertex  1.164375e+02 -4.994259e+01 4.994259e+01
     vertex  1.166172e+02 -2.748838e+01 6.509249e+01
     vertex  1.164375e+02 -2.748656e+01 6.508816e+01
   endloop
 endfacet
 facet normal  -2.5587667060e-02 -1.9803500827e-01 9.7986091196e-01
   outer loop
     vertex  1.164375e+02 -2.748656e+01 6.508816e+01
     vertex  1.166172e+02 -2.748838e+01 6.509249e+01
     vertex  1.166172e+02 0.000000e+00 7.064803e+01
   endloop
 endfacet
 facet normal  -2.5587667060e-02 -1.9803500827e-01 9.7986091196e-01
   outer loop
     vertex  1.164375e+02 -2.748656e+01 6.508816e+01
     vertex  1.166172e+02 0.000000e+00 7.064803e+01
     vertex  1.164375e+02 0.000000e+00 7.064334e+01
   endloop
 endfacet
 facet normal  -2.5587667060e-02 1.9803500827e-01 9.7986091196e-01
   outer loop
     vertex  1.164375e+02 0.000000e+00 7.064334e+01
     vertex  1.166172e+02 0.000000e+00 7.064803e+01
     vertex  1.164375e+02 2.748656e+01 6.508816e+01
   endloop
 endfacet
 facet normal  -2.5587667060e-02 1.9803500827e-01 9.7986091196e-01
   outer loop
     vertex  1.166172e+02 0.000000e+00 7.064803e+01
     vertex  1.166172e+02 2.748838e+01 6.509249e+01
     vertex  1.164375e+02 2.748656e+01 6.508816e+01
   endloop
 endfacet
 facet normal  -2.5620167026e-02 5.5897858809e-01 8.2878618781e-01
   outer loop
     vertex  1.164375e+02 2.748656e+01 6.508816e+01
     vertex  1.166172e+02 2.748838e+01 6.509249e+01
     vertex  1.164375e+02 4.994259e+01 4.994259e+01
   endloop
 endfacet
 facet normal  -2.5620167026e-02 5.5897858809e-01 8.2878618781e-01
   outer loop
     vertex  1.166172e+02 2.748838e+01 6.509249e+01
     vertex  1.166172e+02 4.994591e+01 4.994591e+01
     vertex  1.164375e+02 4.994259e+01 4.994259e+01
   endloop
 endfacet
 facet normal  -2.5620167026e-02 8.2878618781e-01 5.5897858809e-01
   outer loop
     vertex  1.164375e+02 4.994259e+01 4.994259e+01
     vertex  1.166172e+02 4.994591e+01 4.994591e+01
     vertex  1.164375e+02 6.508816e+01 2.748656e+01
   endloop
 endfacet
 facet normal  -2.5620167026e-02 8.2878618781e-01 5.5897858809e-01
   outer loop
     vertex  1.166172e+02 4.994591e+01 4.994591e+01
     vertex  1.166172e+02 6.509249e+01 2.748838e+01
     vertex  1.164375e+02 6.508816e+01 2.748656e+01
   endloop
 endfacet
 facet normal  -2.5587667060e-02 9.7986091196e-01 1.9803500827e-01
   outer loop
     vertex  1.164375e+02 6.508816e+01 2.748656e+01
     vertex  1.166172e+02 6.509249e+01 2.748838e+01
     vertex  1.164375e+02 7.064334e+01 0.000000e+00
   endloop
 endfacet
 facet normal  -2.5587667060e-02 9.7986091196e-01 1.9803500827e-01
   outer loop
     vertex  1.166172e+02 6.509249e+01 2.748838e+01
     vertex  1.166172e+02 7.064803e+01 0.000000e+00
     vertex  1.164375e+02 7.064334e+01 0.000000e+00
   endloop
 endfacet
 facet normal  -1.0731495250e-02 9.8012539816e-01 -1.9808846231e-01
   outer loop
     vertex  1.166172e+02 7.064803e+01 0.000000e+00
     vertex  1.167969e+02 7.065000e+01 0.000000e+00
     vertex  1.167969e+02 6.509430e+01 -2.748915e+01
   endloop
 endfacet
 facet normal  -1.0731495250e-02 9.8012539816e-01 -1.9808846231e-01
   outer loop
     vertex  1.166172e+02 7.064803e+01 0.000000e+00
     vertex  1.167969e+02 6.509430e+01 -2.748915e+01
     vertex  1.166172e+02 6.509249e+01 -2.748838e+01
   endloop
 endfacet
 facet normal  -1.0745133145e-02 8.2901046445e-01 -5.5912985249e-01
   outer loop
     vertex  1.166172e+02 6.509249e+01 -2.748838e+01
     vertex  1.167969e+02 6.509430e+01 -2.748915e+01
     vertex  1.167969e+02 4.994730e+01 -4.994730e+01
   endloop
 endfacet
 facet normal  -1.0745133145e-02 8.2901046445e-01 -5.5912985249e-01
   outer loop
     vertex  1.166172e+02 6.509249e+01 -2.748838e+01
     vertex  1.167969e+02 4.994730e+01 -4.994730e+01
     vertex  1.166172e+02 4.994591e+01 -4.994591e+01
   endloop
 endfacet
 facet normal  -1.0745133145e-02 5.5912985249e-01 -8.2901046445e-01
   outer loop
     vertex  1.166172e+02 4.994591e+01 -4.994591e+01
     vertex  1.167969e+02 4.994730e+01 -4.994730e+01
     vertex  1.167969e+02 2.748915e+01 -6.509430e+01
   endloop
 endfacet
 facet normal  -1.0745133145e-02 5.5912985249e-01 -8.2901046445e-01
   outer loop
     vertex  1.166172e+02 4.994591e+01 -4.994591e+01
     vertex  1.167969e+02 2.748915e+01 -6.509430e+01
     vertex  1.166172e+02 2.748838e+01 -6.509249e+01
   endloop
 endfacet
 facet normal  -1.0731495250e-02 1.9808846231e-01 -9.8012539816e-01
   outer loop
     vertex  1.166172e+02 2.748838e+01 -6.509249e+01
     vertex  1.167969e+02 2.748915e+01 -6.509430e+01
     vertex  1.167969e+02 0.000000e+00 -7.065000e+01
   endloop
 endfacet
 facet normal  -1.0731495250e-02 1.9808846231e-01 -9.8012539816e-01
   outer loop
     vertex  1.166172e+02 2.748838e+01 -6.509249e+01
     vertex  1.167969e+02 0.000000e+00 -7.065000e+01
     vertex  1.166172e+02 0.000000e+00 -7.064803e+01
   endloop
 endfacet
 facet normal  -1.0731495250e-02 -1.9808846231e-01 -9.8012539816e-01
   outer loop
     vertex  1.166172e+02 0.000000e+00 -7.064803e+01
     vertex  1.167969e+02 0.000000e+00 -7.065000e+01
     vertex  1.166172e+02 -2.748838e+01 -6.509249e+01
   endloop
 endfacet
 facet normal  -1.0731495250e-02 -1.9808846231e-01 -9.8012539816e-01
   outer loop
     vertex  1.167969e+02 0.000000e+00 -7.065000e+01
     vertex  1.167969e+02 -2.748915e+01 -6.509430e+01
     vertex  1.166172e+02 -2.748838e+01 -6.509249e+01
   endloop
 endfacet
 facet normal  -1.0745133145e-02 -5.5912985249e-01 -8.2901046445e-01
   outer loop
     vertex  1.166172e+02 -2.748838e+01 -6.509249e+01
     vertex  1.167969e+02 -2.748915e+01 -6.509430e+01
     vertex  1.166172e+02 -4.994591e+01 -4.994591e+01
   endloop
 endfacet
 facet normal  -1.0745133145e-02 -5.5912985249e-01 -8.2901046445e-01
   outer loop
     vertex  1.167969e+02 -2.748915e+01 -6.509430e+01
     vertex  1.167969e+02 -4.994730e+01 -4.994730e+01
     vertex  1.166172e+02 -4.994591e+01 -4.994591e+01
   endloop
 endfacet
 facet normal  -1.0745133145e-02 -8.2901046445e-01 -5.5912985249e-01
   outer loop
     vertex  1.166172e+02 -4.994591e+01 -4.994591e+01
     vertex  1.167969e+02 -4.994730e+01 -4.994730e+01
     vertex  1.166172e+02 -6.509249e+01 -2.748838e+01
   endloop
 endfacet
 facet normal  -1.0745133145e-02 -8.2901046445e-01 -5.5912985249e-01
   outer loop
     vertex  1.167969e+02 -4.994730e+01 -4.994730e+01
     vertex  1.167969e+02 -6.509430e+01 -2.748915e+01
     vertex  1.166172e+02 -6.509249e+01 -2.748838e+01
   endloop
 endfacet
 facet normal  -1.0731495250e-02 -9.8012539816e-01 -1.9808846231e-01
   outer loop
     vertex  1.166172e+02 -6.509249e+01 -2.748838e+01
     vertex  1.167969e+02 -6.509430e+01 -2.748915e+01
     vertex  1.166172e+02 -7.064803e+01 0.000000e+00
   endloop
 endfacet
 facet normal  -1.0731495250e-02 -9.8012539816e-01 -1.9808846231e-01
   outer loop
     vertex  1.167969e+02 -6.509430e+01 -2.748915e+01
     vertex  1.167969e+02 -7.065000e+01 0.000000e+00
     vertex  1.166172e+02 -7.064803e+01 0.000000e+00
   endloop
 endfacet
 facet normal  -1.0731495250e-02 -9.8012539816e-01 1.9808846231e-01
   outer loop
     vertex  1.166172e+02 -7.064803e+01 0.000000e+00
     vertex  1.167969e+02 -7.065000e+01 0.000000e+00
     vertex  1.167969e+02 -6.509430e+01 2.748915e+01
   endloop
 endfacet
 facet normal  -1.0731495250e-02 -9.8012539816e-01 1.9808846231e-01
   outer loop
     vertex  1.166172e+02 -7.064803e+01 0.000000e+00
     vertex  1.167969e+02 -6.509430e+01 2.748915e+01
     vertex  1.166172e+02 -6.509249e+01 2.748838e+01
   endloop
 endfacet
 facet normal  -1.0745133145e-02 -8.2901046445e-01 5.5912985249e-01
   outer loop
     vertex  1.166172e+02 -6.509249e+01 2.748838e+01
     vertex  1.167969e+02 -6.509430e+01 2.748915e+01
     vertex  1.167969e+02 -4.994730e+01 4.994730e+01
   endloop
 endfacet
 facet normal  -1.0745133145e-02 -8.2901046445e-01 5.5912985249e-01
   outer loop
     vertex  1.166172e+02 -6.509249e+01 2.748838e+01
     vertex  1.167969e+02 -4.994730e+01 4.994730e+01
     vertex  1.166172e+02 -4.994591e+01 4.994591e+01
   endloop
 endfacet
 facet normal  -1.0745133145e-02 -5.5912985249e-01 8.2901046445e-01
   outer loop
     vertex  1.166172e+02 -4.994591e+01 4.994591e+01
     vertex  1.167969e+02 -4.994730e+01 4.994730e+01
     vertex  1.167969e+02 -2.748915e+01 6.509430e+01
   endloop
 endfacet
 facet normal  -1.0745133145e-02 -5.5912985249e-01 8.2901046445e-01
   outer loop
     vertex  1.166172e+02 -4.994591e+01 4.994591e+01
     vertex  1.167969e+02 -2.748915e+01 6.509430e+01
     vertex  1.166172e+02 -2.748838e+01 6.509249e+01
   endloop
 endfacet
 facet normal  -1.0731495250e-02 -1.9808846231e-01 9.8012539816e-01
   outer loop
     vertex  1.166172e+02 -2.748838e+01 6.509249e+01
     vertex  1.167969e+02 -2.748915e+01 6.509430e+01
     vertex  1.167969e+02 0.000000e+00 7.065000e+01
   endloop
 endfacet
 facet normal  -1.0731495250e-02 -1.9808846231e-01 9.8012539816e-01
   outer loop
     vertex  1.166172e+02 -2.748838e+01 6.509249e+01
     vertex  1.167969e+02 0.000000e+00 7.065000e+01
     vertex  1.166172e+02 0.000000e+00 7.064803e+01
   endloop
 endfacet
 facet normal  -1.0731495250e-02 1.9808846231e-01 9.8012539816e-01
   outer loop
     vertex  1.166172e+02 0.000000e+00 7.064803e+01
     vertex  1.167969e+02 0.000000e+00 7.065000e+01
     vertex  1.166172e+02 2.748838e+01 6.509249e+01
   endloop
 endfacet
 facet normal  -1.0731495250e-02 1.9808846231e-01 9.8012539816e-01
   outer loop
     vertex  1.167969e+02 0.000000e+00 7.065000e+01
     vertex  1.167969e+02 2.748915e+01 6.509430e+01
     vertex  1.166172e+02 2.748838e+01 6.509249e+01
   endloop
 endfacet
 facet normal  -1.0745133145e-02 5.5912985249e-01 8.2901046445e-01
   outer loop
     vertex  1.166172e+02 2.748838e+01 6.509249e+01
     vertex  1.167969e+02 2.748915e+01 6.509430e+01
     vertex  1.166172e+02 4.994591e+01 4.994591e+01
   endloop
 endfacet
 facet normal  -1.0745133145e-02 5.5912985249e-01 8.2901046445e-01
   outer loop
     vertex  1.167969e+02 2.748915e+01 6.509430e+01
     vertex  1.167969e+02 4.994730e+01 4.994730e+01
     vertex  1.166172e+02 4.994591e+01 4.994591e+01
   endloop
 endfacet
 facet normal  -1.0745133145e-02 8.2901046445e-01 5.5912985249e-01
   outer loop
     vertex  1.166172e+02 4.994591e+01 4.994591e+01
     vertex  1.167969e+02 4.994730e+01 4.994730e+01
     vertex  1.166172e+02 6.509249e+01 2.748838e+01
   endloop
 endfacet
 facet normal  -1.0745133145e-02 8.2901046445e-01 5.5912985249e-01
   outer loop
     vertex  1.167969e+02 4.994730e+01 4.994730e+01
     vertex  1.167969e+02 6.509430e+01 2.748915e+01
     vertex  1.166172e+02 6.509249e+01 2.748838e+01
   endloop
 endfacet
 facet normal  -1.0731495250e-02 9.8012539816e-01 1.9808846231e-01
   outer loop
     vertex  1.166172e+02 6.509249e+01 2.748838e+01
     vertex  1.167969e+02 6.509430e+01 2.748915e+01
     vertex  1.166172e+02 7.064803e+01 0.000000e+00
   endloop
 endfacet
 facet normal  -1.0731495250e-02 9.8012539816e-01 1.9808846231e-01
   outer loop
     vertex  1.167969e+02 6.509430e+01 2.748915e+01
     vertex  1.167969e+02 7.065000e+01 0.000000e+00
     vertex  1.166172e+02 7.064803e+01 0.000000e+00
   endloop
 endfacet
 facet normal  0.0000000000e+00 9.8018184110e-01 -1.9809986972e-01
   outer loop
     vertex  1.167969e+02 7.065000e+01 0.000000e+00
     vertex  1.170413e+02 7.065000e+01 0.000000e+00
     vertex  1.170413e+02 6.509430e+01 -2.748915e+01
   endloop
 endfacet
 facet normal  0.0000000000e+00 9.8018184110e-01 -1.9809986972e-01
   outer loop
     vertex  1.167969e+02 7.065000e+01 0.000000e+00
     vertex  1.170413e+02 6.509430e+01 -2.748915e+01
     vertex  1.167969e+02 6.509430e+01 -2.748915e+01
   endloop
 endfacet
 facet normal  0.0000000000e+00 8.2905832649e-01 -5.5916213326e-01
   outer loop
     vertex  1.167969e+02 6.509430e+01 -2.748915e+01
     vertex  1.170413e+02 6.509430e+01 -2.748915e+01
     vertex  1.170413e+02 4.994730e+01 -4.994730e+01
   endloop
 endfacet
 facet normal  0.0000000000e+00 8.2905832649e-01 -5.5916213326e-01
   outer loop
     vertex  1.167969e+02 6.509430e+01 -2.748915e+01
     vertex  1.170413e+02 4.994730e+01 -4.994730e+01
     vertex  1.167969e+02 4.994730e+01 -4.994730e+01
   endloop
 endfacet
 facet normal  0.0000000000e+00 5.5916213326e-01 -8.2905832649e-01
   outer loop
     vertex  1.167969e+02 4.994730e+01 -4.994730e+01
     vertex  1.170413e+02 4.994730e+01 -4.994730e+01
     vertex  1.170413e+02 2.748915e+01 -6.509430e+01
   endloop
 endfacet
 facet normal  0.0000000000e+00 5.5916213326e-01 -8.2905832649e-01
   outer loop
     vertex  1.167969e+02 4.994730e+01 -4.994730e+01
     vertex  1.170413e+02 2.748915e+01 -6.509430e+01
     vertex  1.167969e+02 2.748915e+01 -6.509430e+01
   endloop
 endfacet
 facet normal  0.0000000000e+00 1.9809986972e-01 -9.8018184110e-01
   outer loop
     vertex  1.167969e+02 2.748915e+01 -6.509430e+01
     vertex  1.170413e+02 2.748915e+01 -6.509430e+01
     vertex  1.170413e+02 0.000000e+00 -7.065000e+01
   endloop
 endfacet
 facet normal  0.0000000000e+00 1.9809986972e-01 -9.8018184110e-01
   outer loop
     vertex  1.167969e+02 2.748915e+01 -6.509430e+01
     vertex  1.170413e+02 0.000000e+00 -7.065000e+01
     vertex  1.167969e+02 0.000000e+00 -7.065000e+01
   endloop
 endfacet
 facet normal  -0.0000000000e+00 -1.9809986972e-01 -9.8018184110e-01
   outer loop
     vertex  1.167969e+02 0.000000e+00 -7.065000e+01
     vertex  1.170413e+02 0.000000e+00 -7.065000e+01
     vertex  1.167969e+02 -2.748915e+01 -6.509430e+01
   endloop
 endfacet
 facet normal  -0.0000000000e+00 -1.9809986972e-01 -9.8018184110e-01
   outer loop
     vertex  1.170413e+02 0.000000e+00 -7.065000e+01
     vertex  1.170413e+02 -2.748915e+01 -6.509430e+01
     vertex  1.167969e+02 -2.748915e+01 -6.509430e+01
   endloop
 endfacet
 facet normal  -0.0000000000e+00 -5.5916213326e-01 -8.2905832649e-01
   outer loop
     vertex  1.167969e+02 -2.748915e+01 -6.509430e+01
     vertex  1.170413e+02 -2.748915e+01 -6.509430e+01
     vertex  1.167969e+02 -4.994730e+01 -4.994730e+01
   endloop
 endfacet
 facet normal  -0.0000000000e+00 -5.5916213326e-01 -8.2905832649e-01
   outer loop
     vertex  1.170413e+02 -2.748915e+01 -6.509430e+01
     vertex  1.170413e+02 -4.994730e+01 -4.994730e+01
     vertex  1.167969e+02 -4.994730e+01 -4.994730e+01
   endloop
 endfacet
 facet normal  -0.0000000000e+00 -8.2905832649e-01 -5.5916213326e-01
   outer loop
     vertex  1.167969e+02 -4.994730e+01 -4.994730e+01
     vertex  1.170413e+02 -4.994730e+01 -4.994730e+01
     vertex  1.167969e+02 -6.509430e+01 -2.748915e+01
   endloop
 endfacet
 facet normal  -0.0000000000e+00 -8.2905832649e-01 -5.5916213326e-01
   outer loop
     vertex  1.170413e+02 -4.994730e+01 -4.994730e+01
     vertex  1.170413e+02 -6.509430e+01 -2.748915e+01
     vertex  1.167969e+02 -6.509430e+01 -2.748915e+01
   endloop
 endfacet
 facet normal  -0.0000000000e+00 -9.8018184110e-01 -1.9809986972e-01
   outer loop
     vertex  1.167969e+02 -6.509430e+01 -2.748915e+01
     vertex  1.170413e+02 -6.509430e+01 -2.748915e+01
     vertex  1.167969e+02 -7.065000e+01 0.000000e+00
   endloop
 endfacet
 facet normal  -0.0000000000e+00 -9.8018184110e-01 -1.9809986972e-01
   outer loop
     vertex  1.170413e+02 -6.509430e+01 -2.748915e+01
     vertex  1.170413e+02 -7.065000e+01 0.000000e+00
     vertex  1.167969e+02 -7.065000e+01 0.000000e+00
   endloop
 endfacet
 facet normal  0.0000000000e+00 -9.8018184110e-01 1.9809986972e-01
   outer loop
     vertex  1.167969e+02 -7.065000e+01 0.000000e+00
     vertex  1.170413e+02 -7.065000e+01 0.000000e+00
     vertex  1.170413e+02 -6.509430e+01 2.748915e+01
   endloop
 endfacet
 facet normal  0.0000000000e+00 -9.8018184110e-01 1.9809986972e-01
   outer loop
     vertex  1.167969e+02 -7.065000e+01 0.000000e+00
     vertex  1.170413e+02 -6.509430e+01 2.748915e+01
     vertex  1.167969e+02 -6.509430e+01 2.748915e+01
   endloop
 endfacet
 facet normal  0.0000000000e+00 -8.2905832649e-01 5.5916213326e-01
   outer loop
     vertex  1.167969e+02 -6.509430e+01 2.748915e+01
     vertex  1.170413e+02 -6.509430e+01 2.748915e+01
     vertex  1.170413e+02 -4.994730e+01 4.994730e+01
   endloop
 endfacet
 facet normal  0.0000000000e+00 -8.2905832649e-01 5.5916213326e-01
   outer loop
     vertex  1.167969e+02 -6.509430e+01 2.748915e+01
     vertex  1.170413e+02 -4.994730e+01 4.994730e+01
     vertex  1.167969e+02 -4.994730e+01 4.994730e+01
   endloop
 endfacet
 facet normal  0.0000000000e+00 -5.5916213326e-01 8.2905832649e-01
   outer loop
     vertex  1.167969e+02 -4.994730e+01 4.994730e+01
     vertex  1.170413e+02 -4.994730e+01 4.994730e+01
     vertex  1.170413e+02 -2.748915e+01 6.509430e+01
   endloop
 endfacet
 facet normal  0.0000000000e+00 -5.5916213326e-01 8.2905832649e-01
   outer loop
     vertex  1.167969e+02 -4.994730e+01 4.994730e+01
     vertex  1.170413e+02 -2.748915e+01 6.509430e+01
     vertex  1.167969e+02 -2.748915e+01 6.509430e+01
   endloop
 endfacet
 facet normal  0.0000000000e+00 -1.9809986972e-01 9.8018184110e-01
   outer loop
     vertex  1.167969e+02 -2.748915e+01 6.509430e+01
     vertex  1.170413e+02 -2.748915e+01 6.509430e+01
     vertex  1.170413e+02 0.000000e+00 7.065000e+01
   endloop
 endfacet
 facet normal  0.0000000000e+00 -1.9809986972e-01 9.8018184110e-01
   outer loop
     vertex  1.167969e+02 -2.748915e+01 6.509430e+01
     vertex  1.170413e+02 0.000000e+00 7.065000e+01
     vertex  1.167969e+02 0.000000e+00 7.065000e+01
   endloop
 endfacet
 facet normal  0.0000000000e+00 1.9809986972e-01 9.8018184110e-01
   outer loop
     vertex  1.167969e+02 0.000000e+00 7.065000e+01
     vertex  1.170413e+02 0.000000e+00 7.065000e+01
     vertex  1.167969e+02 2.748915e+01 6.509430e+01
   endloop
 endfacet
 facet normal  0.0000000000e+00 1.9809986972e-01 9.8018184110e-01
   outer loop
     vertex  1.170413e+02 0.000000e+00 7.065000e+01
     vertex  1.170413e+02 2.748915e+01 6.509430e+01
     vertex  1.167969e+02 2.748915e+01 6.509430e+01
   endloop
 endfacet
 facet normal  0.0000000000e+00 5.5916213326e-01 8.2905832649e-01
   outer loop
     vertex  1.167969e+02 2.748915e+01 6.509430e+01
     vertex  1.170413e+02 2.748915e+01 6.509430e+01
     vertex  1.167969e+02 4.994730e+01 4.994730e+01
   endloop
 endfacet
 facet normal  0.0000000000e+00 5.5916213326e-01 8.2905832649e-01
   outer loop
     vertex  1.170413e+02 2.748915e+01 6.509430e+01
     vertex  1.170413e+02 4.994730e+01 4.994730e+01
     vertex  1.167969e+02 4.994730e+01 4.994730e+01
   endloop
 endfacet
 facet normal  0.0000000000e+00 8.2905832649e-01 5.5916213326e-01
   outer loop
     vertex  1.167969e+02 4.994730e+01 4.994730e+01
     vertex  1.170413e+02 4.994730e+01 4.994730e+01
     vertex  1.167969e+02 6.509430e+01 2.748915e+01
   endloop
 endfacet
 facet normal  0.0000000000e+00 8.2905832649e-01 5.5916213326e-01
   outer loop
     vertex  1.170413e+02 4.994730e+01 4.994730e+01
     vertex  1.170413e+02 6.509430e+01 2.748915e+01
     vertex  1.167969e+02 6.509430e+01 2.748915e+01
   endloop
 endfacet
 facet normal  0.0000000000e+00 9.8018184110e-01 1.9809986972e-01
   outer loop
     vertex  1.167969e+02 6.509430e+01 2.748915e+01
     vertex  1.170413e+02 6.509430e+01 2.748915e+01
     vertex  1.167969e+02 7.065000e+01 0.000000e+00
   endloop
 endfacet
 facet normal  0.0000000000e+00 9.8018184110e-01 1.9809986972e-01
   outer loop
     vertex  1.170413e+02 6.509430e+01 2.748915e+01
     vertex  1.170413e+02 7.065000e+01 0.000000e+00
     vertex  1.167969e+02 7.065000e+01 0.000000e+00
   endloop
 endfacet
 facet normal  0.0000000000e+00 9.8018184110e-01 -1.9809986972e-01
   outer loop
     vertex  1.170413e+02 7.065000e+01 0.000000e+00
     vertex  1.173863e+02 7.065000e+01 0.000000e+00
     vertex  1.173863e+02 6.509430e+01 -2.748915e+01
   endloop
 endfacet
 facet normal  0.0000000000e+00 9.8018184110e-01 -1.9809986972e-01
   outer loop
     vertex  1.170413e+02 7.065000e+01 0.000000e+00
     vertex  1.173863e+02 6.509430e+01 -2.748915e+01
     vertex  1.170413e+02 6.509430e+01 -2.748915e+01
   endloop
 endfacet
 facet normal  0.0000000000e+00 8.2905832649e-01 -5.5916213326e-01
   outer loop
     vertex  1.170413e+02 6.509430e+01 -2.748915e+01
     vertex  1.173863e+02 6.509430e+01 -2.748915e+01
     vertex  1.173863e+02 4.994730e+01 -4.994730e+01
   endloop
 endfacet
 facet normal  2.7920653636e-14 8.2905832649e-01 -5.5916213326e-01
   outer loop
     vertex  1.170413e+02 6.509430e+01 -2.748915e+01
     vertex  1.173863e+02 4.994730e+01 -4.994730e+01
     vertex  1.170413e+02 4.994730e+01 -4.994730e+01
   endloop
 endfacet
 facet normal  2.7920653636e-14 5.5916213326e-01 -8.2905832649e-01
   outer loop
     vertex  1.170413e+02 4.994730e+01 -4.994730e+01
     vertex  1.173863e+02 4.994730e+01 -4.994730e+01
     vertex  1.173863e+02 2.748915e+01 -6.509430e+01
   endloop
 endfacet
 facet normal  0.0000000000e+00 5.5916213326e-01 -8.2905832649e-01
   outer loop
     vertex  1.170413e+02 4.994730e+01 -4.994730e+01
     vertex  1.173863e+02 2.748915e+01 -6.509430e+01
     vertex  1.170413e+02 2.748915e+01 -6.509430e+01
   endloop
 endfacet
 facet normal  0.0000000000e+00 1.9809986972e-01 -9.8018184110e-01
   outer loop
     vertex  1.170413e+02 2.748915e+01 -6.509430e+01
     vertex  1.173863e+02 2.748915e+01 -6.509430e+01
     vertex  1.173863e+02 0.000000e+00 -7.065000e+01
   endloop
 endfacet
 facet normal  0.0000000000e+00 1.9809986972e-01 -9.8018184110e-01
   outer loop
     vertex  1.170413e+02 2.748915e+01 -6.509430e+01
     vertex  1.173863e+02 0.000000e+00 -7.065000e+01
     vertex  1.170413e+02 0.000000e+00 -7.065000e+01
   endloop
 endfacet
 facet normal  -0.0000000000e+00 -1.9809986972e-01 -9.8018184110e-01
   outer loop
     vertex  1.170413e+02 0.000000e+00 -7.065000e+01
     vertex  1.173863e+02 0.000000e+00 -7.065000e+01
     vertex  1.170413e+02 -2.748915e+01 -6.509430e+01
   endloop
 endfacet
 facet normal  1.9921467837e-15 -1.9809986972e-01 -9.8018184110e-01
   outer loop
     vertex  1.173863e+02 0.000000e+00 -7.065000e+01
     vertex  1.173863e+02 -2.748915e+01 -6.509430e+01
     vertex  1.170413e+02 -2.748915e+01 -6.509430e+01
   endloop
 endfacet
 facet normal  5.6230882275e-15 -5.5916213326e-01 -8.2905832649e-01
   outer loop
     vertex  1.170413e+02 -2.748915e+01 -6.509430e+01
     vertex  1.173863e+02 -2.748915e+01 -6.509430e+01
     vertex  1.170413e+02 -4.994730e+01 -4.994730e+01
   endloop
 endfacet
 facet normal  1.6674477181e-14 -5.5916213326e-01 -8.2905832649e-01
   outer loop
     vertex  1.173863e+02 -2.748915e+01 -6.509430e+01
     vertex  1.173863e+02 -4.994730e+01 -4.994730e+01
     vertex  1.170413e+02 -4.994730e+01 -4.994730e+01
   endloop
 endfacet
 facet normal  1.1246176455e-14 -8.2905832649e-01 -5.5916213326e-01
   outer loop
     vertex  1.170413e+02 -4.994730e+01 -4.994730e+01
     vertex  1.173863e+02 -4.994730e+01 -4.994730e+01
     vertex  1.170413e+02 -6.509430e+01 -2.748915e+01
   endloop
 endfacet
 facet normal  -0.0000000000e+00 -8.2905832649e-01 -5.5916213326e-01
   outer loop
     vertex  1.173863e+02 -4.994730e+01 -4.994730e+01
     vertex  1.173863e+02 -6.509430e+01 -2.748915e+01
     vertex  1.170413e+02 -6.509430e+01 -2.748915e+01
   endloop
 endfacet
 facet normal  -0.0000000000e+00 -9.8018184110e-01 -1.9809986972e-01
   outer loop
     vertex  1.170413e+02 -6.509430e+01 -2.748915e+01
     vertex  1.173863e+02 -6.509430e+01 -2.748915e+01
     vertex  1.170413e+02 -7.065000e+01 0.000000e+00
   endloop
 endfacet
 facet normal  -0.0000000000e+00 -9.8018184110e-01 -1.9809986972e-01
   outer loop
     vertex  1.173863e+02 -6.509430e+01 -2.748915e+01
     vertex  1.173863e+02 -7.065000e+01 0.000000e+00
     vertex  1.170413e+02 -7.065000e+01 0.000000e+00
   endloop
 endfacet
 facet normal  0.0000000000e+00 -9.8018184110e-01 1.9809986972e-01
   outer loop
     vertex  1.170413e+02 -7.065000e+01 0.000000e+00
     vertex  1.173863e+02 -7.065000e+01 0.000000e+00
     vertex  1.173863e+02 -6.509430e+01 2.748915e+01
   endloop
 endfacet
 facet normal  0.0000000000e+00 -9.8018184110e-01 1.9809986972e-01
   outer loop
     vertex  1.170413e+02 -7.065000e+01 0.000000e+00
     vertex  1.173863e+02 -6.509430e+01 2.748915e+01
     vertex  1.170413e+02 -6.509430e+01 2.748915e+01
   endloop
 endfacet
 facet normal  0.0000000000e+00 -8.2905832649e-01 5.5916213326e-01
   outer loop
     vertex  1.170413e+02 -6.509430e+01 2.748915e+01
     vertex  1.173863e+02 -6.509430e+01 2.748915e+01
     vertex  1.173863e+02 -4.994730e+01 4.994730e+01
   endloop
 endfacet
 facet normal  1.1246176455e-14 -8.2905832649e-01 5.5916213326e-01
   outer loop
     vertex  1.170413e+02 -6.509430e+01 2.748915e+01
     vertex  1.173863e+02 -4.994730e+01 4.994730e+01
     vertex  1.170413e+02 -4.994730e+01 4.994730e+01
   endloop
 endfacet
 facet normal  1.6674477181e-14 -5.5916213326e-01 8.2905832649e-01
   outer loop
     vertex  1.170413e+02 -4.994730e+01 4.994730e+01
     vertex  1.173863e+02 -4.994730e+01 4.994730e+01
     vertex  1.173863e+02 -2.748915e+01 6.509430e+01
   endloop
 endfacet
 facet normal  5.6230882275e-15 -5.5916213326e-01 8.2905832649e-01
   outer loop
     vertex  1.170413e+02 -4.994730e+01 4.994730e+01
     vertex  1.173863e+02 -2.748915e+01 6.509430e+01
     vertex  1.170413e+02 -2.748915e+01 6.509430e+01
   endloop
 endfacet
 facet normal  1.9921467837e-15 -1.9809986972e-01 9.8018184110e-01
   outer loop
     vertex  1.170413e+02 -2.748915e+01 6.509430e+01
     vertex  1.173863e+02 -2.748915e+01 6.509430e+01
     vertex  1.173863e+02 0.000000e+00 7.065000e+01
   endloop
 endfacet
 facet normal  0.0000000000e+00 -1.9809986972e-01 9.8018184110e-01
   outer loop
     vertex  1.170413e+02 -2.748915e+01 6.509430e+01
     vertex  1.173863e+02 0.000000e+00 7.065000e+01
     vertex  1.170413e+02 0.000000e+00 7.065000e+01
   endloop
 endfacet
 facet normal  0.0000000000e+00 1.9809986972e-01 9.8018184110e-01
   outer loop
     vertex  1.170413e+02 0.000000e+00 7.065000e+01
     vertex  1.173863e+02 0.000000e+00 7.065000e+01
     vertex  1.170413e+02 2.748915e+01 6.509430e+01
   endloop
 endfacet
 facet normal  0.0000000000e+00 1.9809986972e-01 9.8018184110e-01
   outer loop
     vertex  1.173863e+02 0.000000e+00 7.065000e+01
     vertex  1.173863e+02 2.748915e+01 6.509430e+01
     vertex  1.170413e+02 2.748915e+01 6.509430e+01
   endloop
 endfacet
 facet normal  0.0000000000e+00 5.5916213326e-01 8.2905832649e-01
   outer loop
     vertex  1.170413e+02 2.748915e+01 6.509430e+01
     vertex  1.173863e+02 2.748915e+01 6.509430e+01
     vertex  1.170413e+02 4.994730e+01 4.994730e+01
   endloop
 endfacet
 facet normal  2.7920653636e-14 5.5916213326e-01 8.2905832649e-01
   outer loop
     vertex  1.173863e+02 2.748915e+01 6.509430e+01
     vertex  1.173863e+02 4.994730e+01 4.994730e+01
     vertex  1.170413e+02 4.994730e+01 4.994730e+01
   endloop
 endfacet
 facet normal  2.7920653636e-14 8.2905832649e-01 5.5916213326e-01
   outer loop
     vertex  1.170413e+02 4.994730e+01 4.994730e+01
     vertex  1.173863e+02 4.994730e+01 4.994730e+01
     vertex  1.170413e+02 6.509430e+01 2.748915e+01
   endloop
 endfacet
 facet normal  0.0000000000e+00 8.2905832649e-01 5.5916213326e-01
   outer loop
     vertex  1.173863e+02 4.994730e+01 4.994730e+01
     vertex  1.173863e+02 6.509430e+01 2.748915e+01
     vertex  1.170413e+02 6.509430e+01 2.748915e+01
   endloop
 endfacet
 facet normal  0.0000000000e+00 9.8018184110e-01 1.9809986972e-01
   outer loop
     vertex  1.170413e+02 6.509430e+01 2.748915e+01
     vertex  1.173863e+02 6.509430e+01 2.748915e+01
     vertex  1.170413e+02 7.065000e+01 0.000000e+00
   endloop
 endfacet
 facet normal  0.0000000000e+00 9.8018184110e-01 1.9809986972e-01
   outer loop
     vertex  1.173863e+02 6.509430e+01 2.748915e+01
     vertex  1.173863e+02 7.065000e+01 0.000000e+00
     vertex  1.170413e+02 7.065000e+01 0.000000e+00
   endloop
 endfacet
 facet normal  0.0000000000e+00 9.8018184110e-01 -1.9809986972e-01
   outer loop
     vertex  1.173863e+02 7.065000e+01 0.000000e+00
     vertex  1.177888e+02 7.065000e+01 0.000000e+00
     vertex  1.177888e+02 6.509430e+01 -2.748915e+01
   endloop
 endfacet
 facet normal  1.7076107213e-15 9.8018184110e-01 -1.9809986972e-01
   outer loop
     vertex  1.173863e+02 7.065000e+01 0.000000e+00
     vertex  1.177888e+02 6.509430e+01 -2.748915e+01
     vertex  1.173863e+02 6.509430e+01 -2.748915e+01
   endloop
 endfacet
 facet normal  4.8199489228e-15 8.2905832649e-01 -5.5916213326e-01
   outer loop
     vertex  1.173863e+02 6.509430e+01 -2.748915e+01
     vertex  1.177888e+02 6.509430e+01 -2.748915e+01
     vertex  1.177888e+02 4.994730e+01 -4.994730e+01
   endloop
 endfacet
 facet normal  0.0000000000e+00 8.2905832649e-01 -5.5916213326e-01
   outer loop
     vertex  1.173863e+02 6.509430e+01 -2.748915e+01
     vertex  1.177888e+02 4.994730e+01 -4.994730e+01
     vertex  1.173863e+02 4.994730e+01 -4.994730e+01
   endloop
 endfacet
 facet normal  0.0000000000e+00 5.5916213326e-01 -8.2905832649e-01
   outer loop
     vertex  1.173863e+02 4.994730e+01 -4.994730e+01
     vertex  1.177888e+02 4.994730e+01 -4.994730e+01
     vertex  1.177888e+02 2.748915e+01 -6.509430e+01
   endloop
 endfacet
 facet normal  4.8199489228e-15 5.5916213326e-01 -8.2905832649e-01
   outer loop
     vertex  1.173863e+02 4.994730e+01 -4.994730e+01
     vertex  1.177888e+02 2.748915e+01 -6.509430e+01
     vertex  1.173863e+02 2.748915e+01 -6.509430e+01
   endloop
 endfacet
 facet normal  1.7076107213e-15 1.9809986972e-01 -9.8018184110e-01
   outer loop
     vertex  1.173863e+02 2.748915e+01 -6.509430e+01
     vertex  1.177888e+02 2.748915e+01 -6.509430e+01
     vertex  1.177888e+02 0.000000e+00 -7.065000e+01
   endloop
 endfacet
 facet normal  0.0000000000e+00 1.9809986972e-01 -9.8018184110e-01
   outer loop
     vertex  1.173863e+02 2.748915e+01 -6.509430e+01
     vertex  1.177888e+02 0.000000e+00 -7.065000e+01
     vertex  1.173863e+02 0.000000e+00 -7.065000e+01
   endloop
 endfacet
 facet normal  -0.0000000000e+00 -1.9809986972e-01 -9.8018184110e-01
   outer loop
     vertex  1.173863e+02 0.000000e+00 -7.065000e+01
     vertex  1.177888e+02 0.000000e+00 -7.065000e+01
     vertex  1.173863e+02 -2.748915e+01 -6.509430e+01
   endloop
 endfacet
 facet normal  -0.0000000000e+00 -1.9809986972e-01 -9.8018184110e-01
   outer loop
     vertex  1.177888e+02 0.000000e+00 -7.065000e+01
     vertex  1.177888e+02 -2.748915e+01 -6.509430e+01
     vertex  1.173863e+02 -2.748915e+01 -6.509430e+01
   endloop
 endfacet
 facet normal  -0.0000000000e+00 -5.5916213326e-01 -8.2905832649e-01
   outer loop
     vertex  1.173863e+02 -2.748915e+01 -6.509430e+01
     vertex  1.177888e+02 -2.748915e+01 -6.509430e+01
     vertex  1.173863e+02 -4.994730e+01 -4.994730e+01
   endloop
 endfacet
 facet normal  -0.0000000000e+00 -5.5916213326e-01 -8.2905832649e-01
   outer loop
     vertex  1.177888e+02 -2.748915e+01 -6.509430e+01
     vertex  1.177888e+02 -4.994730e+01 -4.994730e+01
     vertex  1.173863e+02 -4.994730e+01 -4.994730e+01
   endloop
 endfacet
 facet normal  -0.0000000000e+00 -8.2905832649e-01 -5.5916213326e-01
   outer loop
     vertex  1.173863e+02 -4.994730e+01 -4.994730e+01
     vertex  1.177888e+02 -4.994730e+01 -4.994730e+01
     vertex  1.173863e+02 -6.509430e+01 -2.748915e+01
   endloop
 endfacet
 facet normal  4.8199489228e-15 -8.2905832649e-01 -5.5916213326e-01
   outer loop
     vertex  1.177888e+02 -4.994730e+01 -4.994730e+01
     vertex  1.177888e+02 -6.509430e+01 -2.748915e+01
     vertex  1.173863e+02 -6.509430e+01 -2.748915e+01
   endloop
 endfacet
 facet normal  1.7076107213e-15 -9.8018184110e-01 -1.9809986972e-01
   outer loop
     vertex  1.173863e+02 -6.509430e+01 -2.748915e+01
     vertex  1.177888e+02 -6.509430e+01 -2.748915e+01
     vertex  1.173863e+02 -7.065000e+01 0.000000e+00
   endloop
 endfacet
 facet normal  -0.0000000000e+00 -9.8018184110e-01 -1.9809986972e-01
   outer loop
     vertex  1.177888e+02 -6.509430e+01 -2.748915e+01
     vertex  1.177888e+02 -7.065000e+01 0.000000e+00
     vertex  1.173863e+02 -7.065000e+01 0.000000e+00
   endloop
 endfacet
 facet normal  0.0000000000e+00 -9.8018184110e-01 1.9809986972e-01
   outer loop
     vertex  1.173863e+02 -7.065000e+01 0.000000e+00
     vertex  1.177888e+02 -7.065000e+01 0.000000e+00
     vertex  1.177888e+02 -6.509430e+01 2.748915e+01
   endloop
 endfacet
 facet normal  1.7076107213e-15 -9.8018184110e-01 1.9809986972e-01
   outer loop
     vertex  1.173863e+02 -7.065000e+01 0.000000e+00
     vertex  1.177888e+02 -6.509430e+01 2.748915e+01
     vertex  1.173863e+02 -6.509430e+01 2.748915e+01
   endloop
 endfacet
 facet normal  4.8199489228e-15 -8.2905832649e-01 5.5916213326e-01
   outer loop
     vertex  1.173863e+02 -6.509430e+01 2.748915e+01
     vertex  1.177888e+02 -6.509430e+01 2.748915e+01
     vertex  1.177888e+02 -4.994730e+01 4.994730e+01
   endloop
 endfacet
 facet normal  0.0000000000e+00 -8.2905832649e-01 5.5916213326e-01
   outer loop
     vertex  1.173863e+02 -6.509430e+01 2.748915e+01
     vertex  1.177888e+02 -4.994730e+01 4.994730e+01
     vertex  1.173863e+02 -4.994730e+01 4.994730e+01
   endloop
 endfacet
 facet normal  0.0000000000e+00 -5.5916213326e-01 8.2905832649e-01
   outer loop
     vertex  1.173863e+02 -4.994730e+01 4.994730e+01
     vertex  1.177888e+02 -4.994730e+01 4.994730e+01
     vertex  1.177888e+02 -2.748915e+01 6.509430e+01
   endloop
 endfacet
 facet normal  0.0000000000e+00 -5.5916213326e-01 8.2905832649e-01
   outer loop
     vertex  1.173863e+02 -4.994730e+01 4.994730e+01
     vertex  1.177888e+02 -2.748915e+01 6.509430e+01
     vertex  1.173863e+02 -2.748915e+01 6.509430e+01
   endloop
 endfacet
 facet normal  0.0000000000e+00 -1.9809986972e-01 9.8018184110e-01
   outer loop
     vertex  1.173863e+02 -2.748915e+01 6.509430e+01
     vertex  1.177888e+02 -2.748915e+01 6.509430e+01
     vertex  1.177888e+02 0.000000e+00 7.065000e+01
   endloop
 endfacet
 facet normal  0.0000000000e+00 -1.9809986972e-01 9.8018184110e-01
   outer loop
     vertex  1.173863e+02 -2.748915e+01 6.509430e+01
     vertex  1.177888e+02 0.000000e+00 7.065000e+01
     vertex  1.173863e+02 0.000000e+00 7.065000e+01
   endloop
 endfacet
 facet normal  0.0000000000e+00 1.9809986972e-01 9.8018184110e-01
   outer loop
     vertex  1.173863e+02 0.000000e+00 7.065000e+01
     vertex  1.177888e+02 0.000000e+00 7.065000e+01
     vertex  1.173863e+02 2.748915e+01 6.509430e+01
   endloop
 endfacet
 facet normal  1.7076107213e-15 1.9809986972e-01 9.8018184110e-01
   outer loop
     vertex  1.177888e+02 0.000000e+00 7.065000e+01
     vertex  1.177888e+02 2.748915e+01 6.509430e+01
     vertex  1.173863e+02 2.748915e+01 6.509430e+01
   endloop
 endfacet
 facet normal  4.8199489228e-15 5.5916213326e-01 8.2905832649e-01
   outer loop
     vertex  1.173863e+02 2.748915e+01 6.509430e+01
     vertex  1.177888e+02 2.748915e+01 6.509430e+01
     vertex  1.173863e+02 4.994730e+01 4.994730e+01
   endloop
 endfacet
 facet normal  0.0000000000e+00 5.5916213326e-01 8.2905832649e-01
   outer loop
     vertex  1.177888e+02 2.748915e+01 6.509430e+01
     vertex  1.177888e+02 4.994730e+01 4.994730e+01
     vertex  1.173863e+02 4.994730e+01 4.994730e+01
   endloop
 endfacet
 facet normal  0.0000000000e+00 8.2905832649e-01 5.5916213326e-01
   outer loop
     vertex  1.173863e+02 4.994730e+01 4.994730e+01
     vertex  1.177888e+02 4.994730e+01 4.994730e+01
     vertex  1.173863e+02 6.509430e+01 2.748915e+01
   endloop
 endfacet
 facet normal  4.8199489228e-15 8.2905832649e-01 5.5916213326e-01
   outer loop
     vertex  1.177888e+02 4.994730e+01 4.994730e+01
     vertex  1.177888e+02 6.509430e+01 2.748915e+01
     vertex  1.173863e+02 6.509430e+01 2.748915e+01
   endloop
 endfacet
 facet normal  1.7076107213e-15 9.8018184110e-01 1.9809986972e-01
   outer loop
     vertex  1.173863e+02 6.509430e+01 2.748915e+01
     vertex  1.177888e+02 6.509430e+01 2.748915e+01
     vertex  1.173863e+02 7.065000e+01 0.000000e+00
   endloop
 endfacet
 facet normal  0.0000000000e+00 9.8018184110e-01 1.9809986972e-01
   outer loop
     vertex  1.177888e+02 6.509430e+01 2.748915e+01
     vertex  1.177888e+02 7.065000e+01 0.000000e+00
     vertex  1.173863e+02 7.065000e+01 0.000000e+00
   endloop
 endfacet
 facet normal  0.0000000000e+00 9.8018184110e-01 -1.9809986972e-01
   outer loop
     vertex  1.177888e+02 7.065000e+01 0.000000e+00
     vertex  1.182056e+02 7.065000e+01 0.000000e+00
     vertex  1.182056e+02 6.509430e+01 -2.748915e+01
   endloop
 endfacet
 facet normal  0.0000000000e+00 9.8018184110e-01 -1.9809986972e-01
   outer loop
     vertex  1.177888e+02 7.065000e+01 0.000000e+00
     vertex  1.182056e+02 6.509430e+01 -2.748915e+01
     vertex  1.177888e+02 6.509430e+01 -2.748915e+01
   endloop
 endfacet
 facet normal  0.0000000000e+00 8.2905832649e-01 -5.5916213326e-01
   outer loop
     vertex  1.177888e+02 6.509430e+01 -2.748915e+01
     vertex  1.182056e+02 6.509430e+01 -2.748915e+01
     vertex  1.182056e+02 4.994730e+01 -4.994730e+01
   endloop
 endfacet
 facet normal  0.0000000000e+00 8.2905832649e-01 -5.5916213326e-01
   outer loop
     vertex  1.177888e+02 6.509430e+01 -2.748915e+01
     vertex  1.182056e+02 4.994730e+01 -4.994730e+01
     vertex  1.177888e+02 4.994730e+01 -4.994730e+01
   endloop
 endfacet
 facet normal  0.0000000000e+00 5.5916213326e-01 -8.2905832649e-01
   outer loop
     vertex  1.177888e+02 4.994730e+01 -4.994730e+01
     vertex  1.182056e+02 4.994730e+01 -4.994730e+01
     vertex  1.182056e+02 2.748915e+01 -6.509430e+01
   endloop
 endfacet
 facet normal  0.0000000000e+00 5.5916213326e-01 -8.2905832649e-01
   outer loop
     vertex  1.177888e+02 4.994730e+01 -4.994730e+01
     vertex  1.182056e+02 2.748915e+01 -6.509430e+01
     vertex  1.177888e+02 2.748915e+01 -6.509430e+01
   endloop
 endfacet
 facet normal  0.0000000000e+00 1.9809986972e-01 -9.8018184110e-01
   outer loop
     vertex  1.177888e+02 2.748915e+01 -6.509430e+01
     vertex  1.182056e+02 2.748915e+01 -6.509430e+01
     vertex  1.182056e+02 0.000000e+00 -7.065000e+01
   endloop
 endfacet
 facet normal  0.0000000000e+00 1.9809986972e-01 -9.8018184110e-01
   outer loop
     vertex  1.177888e+02 2.748915e+01 -6.509430e+01
     vertex  1.182056e+02 0.000000e+00 -7.065000e+01
     vertex  1.177888e+02 0.000000e+00 -7.065000e+01
   endloop
 endfacet
 facet normal  -0.0000000000e+00 -1.9809986972e-01 -9.8018184110e-01
   outer loop
     vertex  1.177888e+02 0.000000e+00 -7.065000e+01
     vertex  1.182056e+02 0.000000e+00 -7.065000e+01
     vertex  1.177888e+02 -2.748915e+01 -6.509430e+01
   endloop
 endfacet
 facet normal  -1.6487388471e-15 -1.9809986972e-01 -9.8018184110e-01
   outer loop
     vertex  1.182056e+02 0.000000e+00 -7.065000e+01
     vertex  1.182056e+02 -2.748915e+01 -6.509430e+01
     vertex  1.177888e+02 -2.748915e+01 -6.509430e+01
   endloop
 endfacet
 facet normal  -4.6537755536e-15 -5.5916213326e-01 -8.2905832649e-01
   outer loop
     vertex  1.177888e+02 -2.748915e+01 -6.509430e+01
     vertex  1.182056e+02 -2.748915e+01 -6.509430e+01
     vertex  1.177888e+02 -4.994730e+01 -4.994730e+01
   endloop
 endfacet
 facet normal  -0.0000000000e+00 -5.5916213326e-01 -8.2905832649e-01
   outer loop
     vertex  1.182056e+02 -2.748915e+01 -6.509430e+01
     vertex  1.182056e+02 -4.994730e+01 -4.994730e+01
     vertex  1.177888e+02 -4.994730e+01 -4.994730e+01
   endloop
 endfacet
 facet normal  -0.0000000000e+00 -8.2905832649e-01 -5.5916213326e-01
   outer loop
     vertex  1.177888e+02 -4.994730e+01 -4.994730e+01
     vertex  1.182056e+02 -4.994730e+01 -4.994730e+01
     vertex  1.177888e+02 -6.509430e+01 -2.748915e+01
   endloop
 endfacet
 facet normal  -0.0000000000e+00 -8.2905832649e-01 -5.5916213326e-01
   outer loop
     vertex  1.182056e+02 -4.994730e+01 -4.994730e+01
     vertex  1.182056e+02 -6.509430e+01 -2.748915e+01
     vertex  1.177888e+02 -6.509430e+01 -2.748915e+01
   endloop
 endfacet
 facet normal  -0.0000000000e+00 -9.8018184110e-01 -1.9809986972e-01
   outer loop
     vertex  1.177888e+02 -6.509430e+01 -2.748915e+01
     vertex  1.182056e+02 -6.509430e+01 -2.748915e+01
     vertex  1.177888e+02 -7.065000e+01 0.000000e+00
   endloop
 endfacet
 facet normal  -0.0000000000e+00 -9.8018184110e-01 -1.9809986972e-01
   outer loop
     vertex  1.182056e+02 -6.509430e+01 -2.748915e+01
     vertex  1.182056e+02 -7.065000e+01 0.000000e+00
     vertex  1.177888e+02 -7.065000e+01 0.000000e+00
   endloop
 endfacet
 facet normal  0.0000000000e+00 -9.8018184110e-01 1.9809986972e-01
   outer loop
     vertex  1.177888e+02 -7.065000e+01 0.000000e+00
     vertex  1.182056e+02 -7.065000e+01 0.000000e+00
     vertex  1.182056e+02 -6.509430e+01 2.748915e+01
   endloop
 endfacet
 facet normal  0.0000000000e+00 -9.8018184110e-01 1.9809986972e-01
   outer loop
     vertex  1.177888e+02 -7.065000e+01 0.000000e+00
     vertex  1.182056e+02 -6.509430e+01 2.748915e+01
     vertex  1.177888e+02 -6.509430e+01 2.748915e+01
   endloop
 endfacet
 facet normal  0.0000000000e+00 -8.2905832649e-01 5.5916213326e-01
   outer loop
     vertex  1.177888e+02 -6.509430e+01 2.748915e+01
     vertex  1.182056e+02 -6.509430e+01 2.748915e+01
     vertex  1.182056e+02 -4.994730e+01 4.994730e+01
   endloop
 endfacet
 facet normal  0.0000000000e+00 -8.2905832649e-01 5.5916213326e-01
   outer loop
     vertex  1.177888e+02 -6.509430e+01 2.748915e+01
     vertex  1.182056e+02 -4.994730e+01 4.994730e+01
     vertex  1.177888e+02 -4.994730e+01 4.994730e+01
   endloop
 endfacet
 facet normal  0.0000000000e+00 -5.5916213326e-01 8.2905832649e-01
   outer loop
     vertex  1.177888e+02 -4.994730e+01 4.994730e+01
     vertex  1.182056e+02 -4.994730e+01 4.994730e+01
     vertex  1.182056e+02 -2.748915e+01 6.509430e+01
   endloop
 endfacet
 facet normal  -4.6537755536e-15 -5.5916213326e-01 8.2905832649e-01
   outer loop
     vertex  1.177888e+02 -4.994730e+01 4.994730e+01
     vertex  1.182056e+02 -2.748915e+01 6.509430e+01
     vertex  1.177888e+02 -2.748915e+01 6.509430e+01
   endloop
 endfacet
 facet normal  -1.6487388471e-15 -1.9809986972e-01 9.8018184110e-01
   outer loop
     vertex  1.177888e+02 -2.748915e+01 6.509430e+01
     vertex  1.182056e+02 -2.748915e+01 6.509430e+01
     vertex  1.182056e+02 0.000000e+00 7.065000e+01
   endloop
 endfacet
 facet normal  0.0000000000e+00 -1.9809986972e-01 9.8018184110e-01
   outer loop
     vertex  1.177888e+02 -2.748915e+01 6.509430e+01
     vertex  1.182056e+02 0.000000e+00 7.065000e+01
     vertex  1.177888e+02 0.000000e+00 7.065000e+01
   endloop
 endfacet
 facet normal  0.0000000000e+00 1.9809986972e-01 9.8018184110e-01
   outer loop
     vertex  1.177888e+02 0.000000e+00 7.065000e+01
     vertex  1.182056e+02 0.000000e+00 7.065000e+01
     vertex  1.177888e+02 2.748915e+01 6.509430e+01
   endloop
 endfacet
 facet normal  0.0000000000e+00 1.9809986972e-01 9.8018184110e-01
   outer loop
     vertex  1.182056e+02 0.000000e+00 7.065000e+01
     vertex  1.182056e+02 2.748915e+01 6.509430e+01
     vertex  1.177888e+02 2.748915e+01 6.509430e+01
   endloop
 endfacet
 facet normal  0.0000000000e+00 5.5916213326e-01 8.2905832649e-01
   outer loop
     vertex  1.177888e+02 2.748915e+01 6.509430e+01
     vertex  1.182056e+02 2.748915e+01 6.509430e+01
     vertex  1.177888e+02 4.994730e+01 4.994730e+01
   endloop
 endfacet
 facet normal  0.0000000000e+00 5.5916213326e-01 8.2905832649e-01
   outer loop
     vertex  1.182056e+02 2.748915e+01 6.509430e+01
     vertex  1.182056e+02 4.994730e+01 4.994730e+01
     vertex  1.177888e+02 4.994730e+01 4.994730e+01
   endloop
 endfacet
 facet normal  0.0000000000e+00 8.2905832649e-01 5.5916213326e-01
   outer loop
     vertex  1.177888e+02 4.994730e+01 4.994730e+01
     vertex  1.182056e+02 4.994730e+01 4.994730e+01
     vertex  1.177888e+02 6.509430e+01 2.748915e+01
   endloop
 endfacet
 facet normal  0.0000000000e+00 8.2905832649e-01 5.5916213326e-01
   outer loop
     vertex  1.182056e+02 4.994730e+01 4.994730e+01
     vertex  1.182056e+02 6.509430e+01 2.748915e+01
     vertex  1.177888e+02 6.509430e+01 2.748915e+01
   endloop
 endfacet
 facet normal  0.0000000000e+00 9.8018184110e-01 1.9809986972e-01
   outer loop
     vertex  1.177888e+02 6.509430e+01 2.748915e+01
     vertex  1.182056e+02 6.509430e+01 2.748915e+01
     vertex  1.177888e+02 7.065000e+01 0.000000e+00
   endloop
 endfacet
 facet normal  0.0000000000e+00 9.8018184110e-01 1.9809986972e-01
   outer loop
     vertex  1.182056e+02 6.509430e+01 2.748915e+01
     vertex  1.182056e+02 7.065000e+01 0.000000e+00
     vertex  1.177888e+02 7.065000e+01 0.000000e+00
   endloop
 endfacet
 facet normal  0.0000000000e+00 9.8018184110e-01 -1.9809986972e-01
   outer loop
     vertex  1.182056e+02 7.065000e+01 0.000000e+00
     vertex  1.185938e+02 7.065000e+01 0.000000e+00
     vertex  1.185938e+02 6.509430e+01 -2.748915e+01
   endloop
 endfacet
 facet normal  -1.7708425799e-15 9.8018184110e-01 -1.9809986972e-01
   outer loop
     vertex  1.182056e+02 7.065000e+01 0.000000e+00
     vertex  1.185938e+02 6.509430e+01 -2.748915e+01
     vertex  1.182056e+02 6.509430e+01 -2.748915e+01
   endloop
 endfacet
 facet normal  -4.9984289035e-15 8.2905832649e-01 -5.5916213326e-01
   outer loop
     vertex  1.182056e+02 6.509430e+01 -2.748915e+01
     vertex  1.185938e+02 6.509430e+01 -2.748915e+01
     vertex  1.185938e+02 4.994730e+01 -4.994730e+01
   endloop
 endfacet
 facet normal  -2.4818995628e-14 8.2905832649e-01 -5.5916213326e-01
   outer loop
     vertex  1.182056e+02 6.509430e+01 -2.748915e+01
     vertex  1.185938e+02 4.994730e+01 -4.994730e+01
     vertex  1.182056e+02 4.994730e+01 -4.994730e+01
   endloop
 endfacet
 facet normal  -2.4818995628e-14 5.5916213326e-01 -8.2905832649e-01
   outer loop
     vertex  1.182056e+02 4.994730e+01 -4.994730e+01
     vertex  1.185938e+02 4.994730e+01 -4.994730e+01
     vertex  1.185938e+02 2.748915e+01 -6.509430e+01
   endloop
 endfacet
 facet normal  -4.9984289035e-15 5.5916213326e-01 -8.2905832649e-01
   outer loop
     vertex  1.182056e+02 4.994730e+01 -4.994730e+01
     vertex  1.185938e+02 2.748915e+01 -6.509430e+01
     vertex  1.182056e+02 2.748915e+01 -6.509430e+01
   endloop
 endfacet
 facet normal  -1.7708425799e-15 1.9809986972e-01 -9.8018184110e-01
   outer loop
     vertex  1.182056e+02 2.748915e+01 -6.509430e+01
     vertex  1.185938e+02 2.748915e+01 -6.509430e+01
     vertex  1.185938e+02 0.000000e+00 -7.065000e+01
   endloop
 endfacet
 facet normal  0.0000000000e+00 1.9809986972e-01 -9.8018184110e-01
   outer loop
     vertex  1.182056e+02 2.748915e+01 -6.509430e+01
     vertex  1.185938e+02 0.000000e+00 -7.065000e+01
     vertex  1.182056e+02 0.000000e+00 -7.065000e+01
   endloop
 endfacet
 facet normal  -0.0000000000e+00 -1.9809986972e-01 -9.8018184110e-01
   outer loop
     vertex  1.182056e+02 0.000000e+00 -7.065000e+01
     vertex  1.185938e+02 0.000000e+00 -7.065000e+01
     vertex  1.182056e+02 -2.748915e+01 -6.509430e+01
   endloop
 endfacet
 facet normal  -0.0000000000e+00 -1.9809986972e-01 -9.8018184110e-01
   outer loop
     vertex  1.185938e+02 0.000000e+00 -7.065000e+01
     vertex  1.185938e+02 -2.748915e+01 -6.509430e+01
     vertex  1.182056e+02 -2.748915e+01 -6.509430e+01
   endloop
 endfacet
 facet normal  -0.0000000000e+00 -5.5916213326e-01 -8.2905832649e-01
   outer loop
     vertex  1.182056e+02 -2.748915e+01 -6.509430e+01
     vertex  1.185938e+02 -2.748915e+01 -6.509430e+01
     vertex  1.182056e+02 -4.994730e+01 -4.994730e+01
   endloop
 endfacet
 facet normal  -1.4822137821e-14 -5.5916213326e-01 -8.2905832649e-01
   outer loop
     vertex  1.185938e+02 -2.748915e+01 -6.509430e+01
     vertex  1.185938e+02 -4.994730e+01 -4.994730e+01
     vertex  1.182056e+02 -4.994730e+01 -4.994730e+01
   endloop
 endfacet
 facet normal  -9.9968578070e-15 -8.2905832649e-01 -5.5916213326e-01
   outer loop
     vertex  1.182056e+02 -4.994730e+01 -4.994730e+01
     vertex  1.185938e+02 -4.994730e+01 -4.994730e+01
     vertex  1.182056e+02 -6.509430e+01 -2.748915e+01
   endloop
 endfacet
 facet normal  -4.9984289035e-15 -8.2905832649e-01 -5.5916213326e-01
   outer loop
     vertex  1.185938e+02 -4.994730e+01 -4.994730e+01
     vertex  1.185938e+02 -6.509430e+01 -2.748915e+01
     vertex  1.182056e+02 -6.509430e+01 -2.748915e+01
   endloop
 endfacet
 facet normal  -1.7708425799e-15 -9.8018184110e-01 -1.9809986972e-01
   outer loop
     vertex  1.182056e+02 -6.509430e+01 -2.748915e+01
     vertex  1.185938e+02 -6.509430e+01 -2.748915e+01
     vertex  1.182056e+02 -7.065000e+01 0.000000e+00
   endloop
 endfacet
 facet normal  -0.0000000000e+00 -9.8018184110e-01 -1.9809986972e-01
   outer loop
     vertex  1.185938e+02 -6.509430e+01 -2.748915e+01
     vertex  1.185938e+02 -7.065000e+01 0.000000e+00
     vertex  1.182056e+02 -7.065000e+01 0.000000e+00
   endloop
 endfacet
 facet normal  0.0000000000e+00 -9.8018184110e-01 1.9809986972e-01
   outer loop
     vertex  1.182056e+02 -7.065000e+01 0.000000e+00
     vertex  1.185938e+02 -7.065000e+01 0.000000e+00
     vertex  1.185938e+02 -6.509430e+01 2.748915e+01
   endloop
 endfacet
 facet normal  -1.7708425799e-15 -9.8018184110e-01 1.9809986972e-01
   outer loop
     vertex  1.182056e+02 -7.065000e+01 0.000000e+00
     vertex  1.185938e+02 -6.509430e+01 2.748915e+01
     vertex  1.182056e+02 -6.509430e+01 2.748915e+01
   endloop
 endfacet
 facet normal  -4.9984289035e-15 -8.2905832649e-01 5.5916213326e-01
   outer loop
     vertex  1.182056e+02 -6.509430e+01 2.748915e+01
     vertex  1.185938e+02 -6.509430e+01 2.748915e+01
     vertex  1.185938e+02 -4.994730e+01 4.994730e+01
   endloop
 endfacet
 facet normal  -9.9968578070e-15 -8.2905832649e-01 5.5916213326e-01
   outer loop
     vertex  1.182056e+02 -6.509430e+01 2.748915e+01
     vertex  1.185938e+02 -4.994730e+01 4.994730e+01
     vertex  1.182056e+02 -4.994730e+01 4.994730e+01
   endloop
 endfacet
 facet normal  -1.4822137821e-14 -5.5916213326e-01 8.2905832649e-01
   outer loop
     vertex  1.182056e+02 -4.994730e+01 4.994730e+01
     vertex  1.185938e+02 -4.994730e+01 4.994730e+01
     vertex  1.185938e+02 -2.748915e+01 6.509430e+01
   endloop
 endfacet
 facet normal  0.0000000000e+00 -5.5916213326e-01 8.2905832649e-01
   outer loop
     vertex  1.182056e+02 -4.994730e+01 4.994730e+01
     vertex  1.185938e+02 -2.748915e+01 6.509430e+01
     vertex  1.182056e+02 -2.748915e+01 6.509430e+01
   endloop
 endfacet
 facet normal  0.0000000000e+00 -1.9809986972e-01 9.8018184110e-01
   outer loop
     vertex  1.182056e+02 -2.748915e+01 6.509430e+01
     vertex  1.185938e+02 -2.748915e+01 6.509430e+01
     vertex  1.185938e+02 0.000000e+00 7.065000e+01
   endloop
 endfacet
 facet normal  0.0000000000e+00 -1.9809986972e-01 9.8018184110e-01
   outer loop
     vertex  1.182056e+02 -2.748915e+01 6.509430e+01
     vertex  1.185938e+02 0.000000e+00 7.065000e+01
     vertex  1.182056e+02 0.000000e+00 7.065000e+01
   endloop
 endfacet
 facet normal  0.0000000000e+00 1.9809986972e-01 9.8018184110e-01
   outer loop
     vertex  1.182056e+02 0.000000e+00 7.065000e+01
     vertex  1.185938e+02 0.000000e+00 7.065000e+01
     vertex  1.182056e+02 2.748915e+01 6.509430e+01
   endloop
 endfacet
 facet normal  -1.7708425799e-15 1.9809986972e-01 9.8018184110e-01
   outer loop
     vertex  1.185938e+02 0.000000e+00 7.065000e+01
     vertex  1.185938e+02 2.748915e+01 6.509430e+01
     vertex  1.182056e+02 2.748915e+01 6.509430e+01
   endloop
 endfacet
 facet normal  -4.9984289035e-15 5.5916213326e-01 8.2905832649e-01
   outer loop
     vertex  1.182056e+02 2.748915e+01 6.509430e+01
     vertex  1.185938e+02 2.748915e+01 6.509430e+01
     vertex  1.182056e+02 4.994730e+01 4.994730e+01
   endloop
 endfacet
 facet normal  -2.4818995628e-14 5.5916213326e-01 8.2905832649e-01
   outer loop
     vertex  1.185938e+02 2.748915e+01 6.509430e+01
     vertex  1.185938e+02 4.994730e+01 4.994730e+01
     vertex  1.182056e+02 4.994730e+01 4.994730e+01
   endloop
 endfacet
 facet normal  -2.4818995628e-14 8.2905832649e-01 5.5916213326e-01
   outer loop
     vertex  1.182056e+02 4.994730e+01 4.994730e+01
     vertex  1.185938e+02 4.994730e+01 4.994730e+01
     vertex  1.182056e+02 6.509430e+01 2.748915e+01
   endloop
 endfacet
 facet normal  -4.9984289035e-15 8.2905832649e-01 5.5916213326e-01
   outer loop
     vertex  1.185938e+02 4.994730e+01 4.994730e+01
     vertex  1.185938e+02 6.509430e+01 2.748915e+01
     vertex  1.182056e+02 6.509430e+01 2.748915e+01
   endloop
 endfacet
 facet normal  -1.7708425799e-15 9.8018184110e-01 1.9809986972e-01
   outer loop
     vertex  1.182056e+02 6.509430e+01 2.748915e+01
     vertex  1.185938e+02 6.509430e+01 2.748915e+01
     vertex  1.182056e+02 7.065000e+01 0.000000e+00
   endloop
 endfacet
 facet normal  0.0000000000e+00 9.8018184110e-01 1.9809986972e-01
   outer loop
     vertex  1.185938e+02 6.509430e+01 2.748915e+01
     vertex  1.185938e+02 7.065000e+01 0.000000e+00
     vertex  1.182056e+02 7.065000e+01 0.000000e+00
   endloop
 endfacet
 facet normal  0.0000000000e+00 9.8018184110e-01 -1.9809986972e-01
   outer loop
     vertex  1.185938e+02 7.065000e+01 0.000000e+00
     vertex  1.190825e+02 7.065000e+01 0.000000e+00
     vertex  1.190825e+02 6.509430e+01 -2.748915e+01
   endloop
 endfacet
 facet normal  0.0000000000e+00 9.8018184110e-01 -1.9809986972e-01
   outer loop
     vertex  1.185938e+02 7.065000e+01 0.000000e+00
     vertex  1.190825e+02 6.509430e+01 -2.748915e+01
     vertex  1.185938e+02 6.509430e+01 -2.748915e+01
   endloop
 endfacet
 facet normal  0.0000000000e+00 8.2905832649e-01 -5.5916213326e-01
   outer loop
     vertex  1.185938e+02 6.509430e+01 -2.748915e+01
     vertex  1.190825e+02 6.509430e+01 -2.748915e+01
     vertex  1.190825e+02 4.994730e+01 -4.994730e+01
   endloop
 endfacet
 facet normal  0.0000000000e+00 8.2905832649e-01 -5.5916213326e-01
   outer loop
     vertex  1.185938e+02 6.509430e+01 -2.748915e+01
     vertex  1.190825e+02 4.994730e+01 -4.994730e+01
     vertex  1.185938e+02 4.994730e+01 -4.994730e+01
   endloop
 endfacet
 facet normal  0.0000000000e+00 5.5916213326e-01 -8.2905832649e-01
   outer loop
     vertex  1.185938e+02 4.994730e+01 -4.994730e+01
     vertex  1.190825e+02 4.994730e+01 -4.994730e+01
     vertex  1.190825e+02 2.748915e+01 -6.509430e+01
   endloop
 endfacet
 facet normal  0.0000000000e+00 5.5916213326e-01 -8.2905832649e-01
   outer loop
     vertex  1.185938e+02 4.994730e+01 -4.994730e+01
     vertex  1.190825e+02 2.748915e+01 -6.509430e+01
     vertex  1.185938e+02 2.748915e+01 -6.509430e+01
   endloop
 endfacet
 facet normal  0.0000000000e+00 1.9809986972e-01 -9.8018184110e-01
   outer loop
     vertex  1.185938e+02 2.748915e+01 -6.509430e+01
     vertex  1.190825e+02 2.748915e+01 -6.509430e+01
     vertex  1.190825e+02 0.000000e+00 -7.065000e+01
   endloop
 endfacet
 facet normal  0.0000000000e+00 1.9809986972e-01 -9.8018184110e-01
   outer loop
     vertex  1.185938e+02 2.748915e+01 -6.509430e+01
     vertex  1.190825e+02 0.000000e+00 -7.065000e+01
     vertex  1.185938e+02 0.000000e+00 -7.065000e+01
   endloop
 endfacet
 facet normal  -0.0000000000e+00 -1.9809986972e-01 -9.8018184110e-01
   outer loop
     vertex  1.185938e+02 0.000000e+00 -7.065000e+01
     vertex  1.190825e+02 0.000000e+00 -7.065000e+01
     vertex  1.185938e+02 -2.748915e+01 -6.509430e+01
   endloop
 endfacet
 facet normal  -0.0000000000e+00 -1.9809986972e-01 -9.8018184110e-01
   outer loop
     vertex  1.190825e+02 0.000000e+00 -7.065000e+01
     vertex  1.190825e+02 -2.748915e+01 -6.509430e+01
     vertex  1.185938e+02 -2.748915e+01 -6.509430e+01
   endloop
 endfacet
 facet normal  -0.0000000000e+00 -5.5916213326e-01 -8.2905832649e-01
   outer loop
     vertex  1.185938e+02 -2.748915e+01 -6.509430e+01
     vertex  1.190825e+02 -2.748915e+01 -6.509430e+01
     vertex  1.185938e+02 -4.994730e+01 -4.994730e+01
   endloop
 endfacet
 facet normal  -0.0000000000e+00 -5.5916213326e-01 -8.2905832649e-01
   outer loop
     vertex  1.190825e+02 -2.748915e+01 -6.509430e+01
     vertex  1.190825e+02 -4.994730e+01 -4.994730e+01
     vertex  1.185938e+02 -4.994730e+01 -4.994730e+01
   endloop
 endfacet
 facet normal  -0.0000000000e+00 -8.2905832649e-01 -5.5916213326e-01
   outer loop
     vertex  1.185938e+02 -4.994730e+01 -4.994730e+01
     vertex  1.190825e+02 -4.994730e+01 -4.994730e+01
     vertex  1.185938e+02 -6.509430e+01 -2.748915e+01
   endloop
 endfacet
 facet normal  -0.0000000000e+00 -8.2905832649e-01 -5.5916213326e-01
   outer loop
     vertex  1.190825e+02 -4.994730e+01 -4.994730e+01
     vertex  1.190825e+02 -6.509430e+01 -2.748915e+01
     vertex  1.185938e+02 -6.509430e+01 -2.748915e+01
   endloop
 endfacet
 facet normal  -0.0000000000e+00 -9.8018184110e-01 -1.9809986972e-01
   outer loop
     vertex  1.185938e+02 -6.509430e+01 -2.748915e+01
     vertex  1.190825e+02 -6.509430e+01 -2.748915e+01
     vertex  1.185938e+02 -7.065000e+01 0.000000e+00
   endloop
 endfacet
 facet normal  -0.0000000000e+00 -9.8018184110e-01 -1.9809986972e-01
   outer loop
     vertex  1.190825e+02 -6.509430e+01 -2.748915e+01
     vertex  1.190825e+02 -7.065000e+01 0.000000e+00
     vertex  1.185938e+02 -7.065000e+01 0.000000e+00
   endloop
 endfacet
 facet normal  0.0000000000e+00 -9.8018184110e-01 1.9809986972e-01
   outer loop
     vertex  1.185938e+02 -7.065000e+01 0.000000e+00
     vertex  1.190825e+02 -7.065000e+01 0.000000e+00
     vertex  1.190825e+02 -6.509430e+01 2.748915e+01
   endloop
 endfacet
 facet normal  0.0000000000e+00 -9.8018184110e-01 1.9809986972e-01
   outer loop
     vertex  1.185938e+02 -7.065000e+01 0.000000e+00
     vertex  1.190825e+02 -6.509430e+01 2.748915e+01
     vertex  1.185938e+02 -6.509430e+01 2.748915e+01
   endloop
 endfacet
 facet normal  0.0000000000e+00 -8.2905832649e-01 5.5916213326e-01
   outer loop
     vertex  1.185938e+02 -6.509430e+01 2.748915e+01
     vertex  1.190825e+02 -6.509430e+01 2.748915e+01
     vertex  1.190825e+02 -4.994730e+01 4.994730e+01
   endloop
 endfacet
 facet normal  0.0000000000e+00 -8.2905832649e-01 5.5916213326e-01
   outer loop
     vertex  1.185938e+02 -6.509430e+01 2.748915e+01
     vertex  1.190825e+02 -4.994730e+01 4.994730e+01
     vertex  1.185938e+02 -4.994730e+01 4.994730e+01
   endloop
 endfacet
 facet normal  0.0000000000e+00 -5.5916213326e-01 8.2905832649e-01
   outer loop
     vertex  1.185938e+02 -4.994730e+01 4.994730e+01
     vertex  1.190825e+02 -4.994730e+01 4.994730e+01
     vertex  1.190825e+02 -2.748915e+01 6.509430e+01
   endloop
 endfacet
 facet normal  0.0000000000e+00 -5.5916213326e-01 8.2905832649e-01
   outer loop
     vertex  1.185938e+02 -4.994730e+01 4.994730e+01
     vertex  1.190825e+02 -2.748915e+01 6.509430e+01
     vertex  1.185938e+02 -2.748915e+01 6.509430e+01
   endloop
 endfacet
 facet normal  0.0000000000e+00 -1.9809986972e-01 9.8018184110e-01
   outer loop
     vertex  1.185938e+02 -2.748915e+01 6.509430e+01
     vertex  1.190825e+02 -2.748915e+01 6.509430e+01
     vertex  1.190825e+02 0.000000e+00 7.065000e+01
   endloop
 endfacet
 facet normal  0.0000000000e+00 -1.9809986972e-01 9.8018184110e-01
   outer loop
     vertex  1.185938e+02 -2.748915e+01 6.509430e+01
     vertex  1.190825e+02 0.000000e+00 7.065000e+01
     vertex  1.185938e+02 0.000000e+00 7.065000e+01
   endloop
 endfacet
 facet normal  0.0000000000e+00 1.9809986972e-01 9.8018184110e-01
   outer loop
     vertex  1.185938e+02 0.000000e+00 7.065000e+01
     vertex  1.190825e+02 0.000000e+00 7.065000e+01
     vertex  1.185938e+02 2.748915e+01 6.509430e+01
   endloop
 endfacet
 facet normal  0.0000000000e+00 1.9809986972e-01 9.8018184110e-01
   outer loop
     vertex  1.190825e+02 0.000000e+00 7.065000e+01
     vertex  1.190825e+02 2.748915e+01 6.509430e+01
     vertex  1.185938e+02 2.748915e+01 6.509430e+01
   endloop
 endfacet
 facet normal  0.0000000000e+00 5.5916213326e-01 8.2905832649e-01
   outer loop
     vertex  1.185938e+02 2.748915e+01 6.509430e+01
     vertex  1.190825e+02 2.748915e+01 6.509430e+01
     vertex  1.185938e+02 4.994730e+01 4.994730e+01
   endloop
 endfacet
 facet normal  0.0000000000e+00 5.5916213326e-01 8.2905832649e-01
   outer loop
     vertex  1.190825e+02 2.748915e+01 6.509430e+01
     vertex  1.190825e+02 4.994730e+01 4.994730e+01
     vertex  1.185938e+02 4.994730e+01 4.994730e+01
   endloop
 endfacet
 facet normal  0.0000000000e+00 8.2905832649e-01 5.5916213326e-01
   outer loop
     vertex  1.185938e+02 4.994730e+01 4.994730e+01
     vertex  1.190825e+02 4.994730e+01 4.994730e+01
     vertex  1.185938e+02 6.509430e+01 2.748915e+01
   endloop
 endfacet
 facet normal  0.0000000000e+00 8.2905832649e-01 5.5916213326e-01
   outer loop
     vertex  1.190825e+02 4.994730e+01 4.994730e+01
     vertex  1.190825e+02 6.509430e+01 2.748915e+01
     vertex  1.185938e+02 6.509430e+01 2.748915e+01
   endloop
 endfacet
 facet normal  0.0000000000e+00 9.8018184110e-01 1.9809986972e-01
   outer loop
     vertex  1.185938e+02 6.509430e+01 2.748915e+01
     vertex  1.190825e+02 6.509430e+01 2.748915e+01
     vertex  1.185938e+02 7.065000e+01 0.000000e+00
   endloop
 endfacet
 facet normal  0.0000000000e+00 9.8018184110e-01 1.9809986972e-01
   outer loop
     vertex  1.190825e+02 6.509430e+01 2.748915e+01
     vertex  1.190825e+02 7.065000e+01 0.000000e+00
     vertex  1.185938e+02 7.065000e+01 0.000000e+00
   endloop
 endfacet
 facet normal  0.0000000000e+00 9.8018184110e-01 -1.9809986972e-01
   outer loop
     vertex  1.190825e+02 7.065000e+01 0.000000e+00
     vertex  1.197725e+02 7.065000e+01 0.000000e+00
     vertex  1.197725e+02 6.509430e+01 -2.748915e+01
   endloop
 endfacet
 facet normal  0.0000000000e+00 9.8018184110e-01 -1.9809986972e-01
   outer loop
     vertex  1.190825e+02 7.065000e+01 0.000000e+00
     vertex  1.197725e+02 6.509430e+01 -2.748915e+01
     vertex  1.190825e+02 6.509430e+01 -2.748915e+01
   endloop
 endfacet
 facet normal  0.0000000000e+00 8.2905832649e-01 -5.5916213326e-01
   outer loop
     vertex  1.190825e+02 6.509430e+01 -2.748915e+01
     vertex  1.197725e+02 6.509430e+01 -2.748915e+01
     vertex  1.197725e+02 4.994730e+01 -4.994730e+01
   endloop
 endfacet
 facet normal  1.3960455776e-14 8.2905832649e-01 -5.5916213326e-01
   outer loop
     vertex  1.190825e+02 6.509430e+01 -2.748915e+01
     vertex  1.197725e+02 4.994730e+01 -4.994730e+01
     vertex  1.190825e+02 4.994730e+01 -4.994730e+01
   endloop
 endfacet
 facet normal  1.3960455776e-14 5.5916213326e-01 -8.2905832649e-01
   outer loop
     vertex  1.190825e+02 4.994730e+01 -4.994730e+01
     vertex  1.197725e+02 4.994730e+01 -4.994730e+01
     vertex  1.197725e+02 2.748915e+01 -6.509430e+01
   endloop
 endfacet
 facet normal  0.0000000000e+00 5.5916213326e-01 -8.2905832649e-01
   outer loop
     vertex  1.190825e+02 4.994730e+01 -4.994730e+01
     vertex  1.197725e+02 2.748915e+01 -6.509430e+01
     vertex  1.190825e+02 2.748915e+01 -6.509430e+01
   endloop
 endfacet
 facet normal  0.0000000000e+00 1.9809986972e-01 -9.8018184110e-01
   outer loop
     vertex  1.190825e+02 2.748915e+01 -6.509430e+01
     vertex  1.197725e+02 2.748915e+01 -6.509430e+01
     vertex  1.197725e+02 0.000000e+00 -7.065000e+01
   endloop
 endfacet
 facet normal  0.0000000000e+00 1.9809986972e-01 -9.8018184110e-01
   outer loop
     vertex  1.190825e+02 2.748915e+01 -6.509430e+01
     vertex  1.197725e+02 0.000000e+00 -7.065000e+01
     vertex  1.190825e+02 0.000000e+00 -7.065000e+01
   endloop
 endfacet
 facet normal  -0.0000000000e+00 -1.9809986972e-01 -9.8018184110e-01
   outer loop
     vertex  1.190825e+02 0.000000e+00 -7.065000e+01
     vertex  1.197725e+02 0.000000e+00 -7.065000e+01
     vertex  1.190825e+02 -2.748915e+01 -6.509430e+01
   endloop
 endfacet
 facet normal  9.9608259304e-16 -1.9809986972e-01 -9.8018184110e-01
   outer loop
     vertex  1.197725e+02 0.000000e+00 -7.065000e+01
     vertex  1.197725e+02 -2.748915e+01 -6.509430e+01
     vertex  1.190825e+02 -2.748915e+01 -6.509430e+01
   endloop
 endfacet
 facet normal  2.8115700853e-15 -5.5916213326e-01 -8.2905832649e-01
   outer loop
     vertex  1.190825e+02 -2.748915e+01 -6.509430e+01
     vertex  1.197725e+02 -2.748915e+01 -6.509430e+01
     vertex  1.190825e+02 -4.994730e+01 -4.994730e+01
   endloop
 endfacet
 facet normal  8.3373156054e-15 -5.5916213326e-01 -8.2905832649e-01
   outer loop
     vertex  1.197725e+02 -2.748915e+01 -6.509430e+01
     vertex  1.197725e+02 -4.994730e+01 -4.994730e+01
     vertex  1.190825e+02 -4.994730e+01 -4.994730e+01
   endloop
 endfacet
 facet normal  5.6231401707e-15 -8.2905832649e-01 -5.5916213326e-01
   outer loop
     vertex  1.190825e+02 -4.994730e+01 -4.994730e+01
     vertex  1.197725e+02 -4.994730e+01 -4.994730e+01
     vertex  1.190825e+02 -6.509430e+01 -2.748915e+01
   endloop
 endfacet
 facet normal  -0.0000000000e+00 -8.2905832649e-01 -5.5916213326e-01
   outer loop
     vertex  1.197725e+02 -4.994730e+01 -4.994730e+01
     vertex  1.197725e+02 -6.509430e+01 -2.748915e+01
     vertex  1.190825e+02 -6.509430e+01 -2.748915e+01
   endloop
 endfacet
 facet normal  -0.0000000000e+00 -9.8018184110e-01 -1.9809986972e-01
   outer loop
     vertex  1.190825e+02 -6.509430e+01 -2.748915e+01
     vertex  1.197725e+02 -6.509430e+01 -2.748915e+01
     vertex  1.190825e+02 -7.065000e+01 0.000000e+00
   endloop
 endfacet
 facet normal  -0.0000000000e+00 -9.8018184110e-01 -1.9809986972e-01
   outer loop
     vertex  1.197725e+02 -6.509430e+01 -2.748915e+01
     vertex  1.197725e+02 -7.065000e+01 0.000000e+00
     vertex  1.190825e+02 -7.065000e+01 0.000000e+00
   endloop
 endfacet
 facet normal  0.0000000000e+00 -9.8018184110e-01 1.9809986972e-01
   outer loop
     vertex  1.190825e+02 -7.065000e+01 0.000000e+00
     vertex  1.197725e+02 -7.065000e+01 0.000000e+00
     vertex  1.197725e+02 -6.509430e+01 2.748915e+01
   endloop
 endfacet
 facet normal  0.0000000000e+00 -9.8018184110e-01 1.9809986972e-01
   outer loop
     vertex  1.190825e+02 -7.065000e+01 0.000000e+00
     vertex  1.197725e+02 -6.509430e+01 2.748915e+01
     vertex  1.190825e+02 -6.509430e+01 2.748915e+01
   endloop
 endfacet
 facet normal  0.0000000000e+00 -8.2905832649e-01 5.5916213326e-01
   outer loop
     vertex  1.190825e+02 -6.509430e+01 2.748915e+01
     vertex  1.197725e+02 -6.509430e+01 2.748915e+01
     vertex  1.197725e+02 -4.994730e+01 4.994730e+01
   endloop
 endfacet
 facet normal  5.6231401707e-15 -8.2905832649e-01 5.5916213326e-01
   outer loop
     vertex  1.190825e+02 -6.509430e+01 2.748915e+01
     vertex  1.197725e+02 -4.994730e+01 4.994730e+01
     vertex  1.190825e+02 -4.994730e+01 4.994730e+01
   endloop
 endfacet
 facet normal  8.3373156054e-15 -5.5916213326e-01 8.2905832649e-01
   outer loop
     vertex  1.190825e+02 -4.994730e+01 4.994730e+01
     vertex  1.197725e+02 -4.994730e+01 4.994730e+01
     vertex  1.197725e+02 -2.748915e+01 6.509430e+01
   endloop
 endfacet
 facet normal  2.8115700853e-15 -5.5916213326e-01 8.2905832649e-01
   outer loop
     vertex  1.190825e+02 -4.994730e+01 4.994730e+01
     vertex  1.197725e+02 -2.748915e+01 6.509430e+01
     vertex  1.190825e+02 -2.748915e+01 6.509430e+01
   endloop
 endfacet
 facet normal  9.9608259304e-16 -1.9809986972e-01 9.8018184110e-01
   outer loop
     vertex  1.190825e+02 -2.748915e+01 6.509430e+01
     vertex  1.197725e+02 -2.748915e+01 6.509430e+01
     vertex  1.197725e+02 0.000000e+00 7.065000e+01
   endloop
 endfacet
 facet normal  0.0000000000e+00 -1.9809986972e-01 9.8018184110e-01
   outer loop
     vertex  1.190825e+02 -2.748915e+01 6.509430e+01
     vertex  1.197725e+02 0.000000e+00 7.065000e+01
     vertex  1.190825e+02 0.000000e+00 7.065000e+01
   endloop
 endfacet
 facet normal  0.0000000000e+00 1.9809986972e-01 9.8018184110e-01
   outer loop
     vertex  1.190825e+02 0.000000e+00 7.065000e+01
     vertex  1.197725e+02 0.000000e+00 7.065000e+01
     vertex  1.190825e+02 2.748915e+01 6.509430e+01
   endloop
 endfacet
 facet normal  0.0000000000e+00 1.9809986972e-01 9.8018184110e-01
   outer loop
     vertex  1.197725e+02 0.000000e+00 7.065000e+01
     vertex  1.197725e+02 2.748915e+01 6.509430e+01
     vertex  1.190825e+02 2.748915e+01 6.509430e+01
   endloop
 endfacet
 facet normal  0.0000000000e+00 5.5916213326e-01 8.2905832649e-01
   outer loop
     vertex  1.190825e+02 2.748915e+01 6.509430e+01
     vertex  1.197725e+02 2.748915e+01 6.509430e+01
     vertex  1.190825e+02 4.994730e+01 4.994730e+01
   endloop
 endfacet
 facet normal  1.3960455776e-14 5.5916213326e-01 8.2905832649e-01
   outer loop
     vertex  1.197725e+02 2.748915e+01 6.509430e+01
     vertex  1.197725e+02 4.994730e+01 4.994730e+01
     vertex  1.190825e+02 4.994730e+01 4.994730e+01
   endloop
 endfacet
 facet normal  1.3960455776e-14 8.2905832649e-01 5.5916213326e-01
   outer loop
     vertex  1.190825e+02 4.994730e+01 4.994730e+01
     vertex  1.197725e+02 4.994730e+01 4.994730e+01
     vertex  1.190825e+02 6.509430e+01 2.748915e+01
   endloop
 endfacet
 facet normal  0.0000000000e+00 8.2905832649e-01 5.5916213326e-01
   outer loop
     vertex  1.197725e+02 4.994730e+01 4.994730e+01
     vertex  1.197725e+02 6.509430e+01 2.748915e+01
     vertex  1.190825e+02 6.509430e+01 2.748915e+01
   endloop
 endfacet
 facet normal  0.0000000000e+00 9.8018184110e-01 1.9809986972e-01
   outer loop
     vertex  1.190825e+02 6.509430e+01 2.748915e+01
     vertex  1.197725e+02 6.509430e+01 2.748915e+01
     vertex  1.190825e+02 7.065000e+01 0.000000e+00
   endloop
 endfacet
 facet normal  0.0000000000e+00 9.8018184110e-01 1.9809986972e-01
   outer loop
     vertex  1.197725e+02 6.509430e+01 2.748915e+01
     vertex  1.197725e+02 7.065000e+01 0.000000e+00
     vertex  1.190825e+02 7.065000e+01 0.000000e+00
   endloop
 endfacet
 facet normal  0.0000000000e+00 9.8018184110e-01 -1.9809986972e-01
   outer loop
     vertex  1.197725e+02 7.065000e+01 0.000000e+00
     vertex  1.205775e+02 7.065000e+01 0.000000e+00
     vertex  1.205775e+02 6.509430e+01 -2.748915e+01
   endloop
 endfacet
 facet normal  8.5378507975e-16 9.8018184110e-01 -1.9809986972e-01
   outer loop
     vertex  1.197725e+02 7.065000e+01 0.000000e+00
     vertex  1.205775e+02 6.509430e+01 -2.748915e+01
     vertex  1.197725e+02 6.509430e+01 -2.748915e+01
   endloop
 endfacet
 facet normal  2.4099172160e-15 8.2905832649e-01 -5.5916213326e-01
   outer loop
     vertex  1.197725e+02 6.509430e+01 -2.748915e+01
     vertex  1.205775e+02 6.509430e+01 -2.748915e+01
     vertex  1.205775e+02 4.994730e+01 -4.994730e+01
   endloop
 endfacet
 facet normal  0.0000000000e+00 8.2905832649e-01 -5.5916213326e-01
   outer loop
     vertex  1.197725e+02 6.509430e+01 -2.748915e+01
     vertex  1.205775e+02 4.994730e+01 -4.994730e+01
     vertex  1.197725e+02 4.994730e+01 -4.994730e+01
   endloop
 endfacet
 facet normal  0.0000000000e+00 5.5916213326e-01 -8.2905832649e-01
   outer loop
     vertex  1.197725e+02 4.994730e+01 -4.994730e+01
     vertex  1.205775e+02 4.994730e+01 -4.994730e+01
     vertex  1.205775e+02 2.748915e+01 -6.509430e+01
   endloop
 endfacet
 facet normal  2.4099172160e-15 5.5916213326e-01 -8.2905832649e-01
   outer loop
     vertex  1.197725e+02 4.994730e+01 -4.994730e+01
     vertex  1.205775e+02 2.748915e+01 -6.509430e+01
     vertex  1.197725e+02 2.748915e+01 -6.509430e+01
   endloop
 endfacet
 facet normal  8.5378507975e-16 1.9809986972e-01 -9.8018184110e-01
   outer loop
     vertex  1.197725e+02 2.748915e+01 -6.509430e+01
     vertex  1.205775e+02 2.748915e+01 -6.509430e+01
     vertex  1.205775e+02 0.000000e+00 -7.065000e+01
   endloop
 endfacet
 facet normal  0.0000000000e+00 1.9809986972e-01 -9.8018184110e-01
   outer loop
     vertex  1.197725e+02 2.748915e+01 -6.509430e+01
     vertex  1.205775e+02 0.000000e+00 -7.065000e+01
     vertex  1.197725e+02 0.000000e+00 -7.065000e+01
   endloop
 endfacet
 facet normal  -0.0000000000e+00 -1.9809986972e-01 -9.8018184110e-01
   outer loop
     vertex  1.197725e+02 0.000000e+00 -7.065000e+01
     vertex  1.205775e+02 0.000000e+00 -7.065000e+01
     vertex  1.197725e+02 -2.748915e+01 -6.509430e+01
   endloop
 endfacet
 facet normal  -0.0000000000e+00 -1.9809986972e-01 -9.8018184110e-01
   outer loop
     vertex  1.205775e+02 0.000000e+00 -7.065000e+01
     vertex  1.205775e+02 -2.748915e+01 -6.509430e+01
     vertex  1.197725e+02 -2.748915e+01 -6.509430e+01
   endloop
 endfacet
 facet normal  -0.0000000000e+00 -5.5916213326e-01 -8.2905832649e-01
   outer loop
     vertex  1.197725e+02 -2.748915e+01 -6.509430e+01
     vertex  1.205775e+02 -2.748915e+01 -6.509430e+01
     vertex  1.197725e+02 -4.994730e+01 -4.994730e+01
   endloop
 endfacet
 facet normal  -0.0000000000e+00 -5.5916213326e-01 -8.2905832649e-01
   outer loop
     vertex  1.205775e+02 -2.748915e+01 -6.509430e+01
     vertex  1.205775e+02 -4.994730e+01 -4.994730e+01
     vertex  1.197725e+02 -4.994730e+01 -4.994730e+01
   endloop
 endfacet
 facet normal  -0.0000000000e+00 -8.2905832649e-01 -5.5916213326e-01
   outer loop
     vertex  1.197725e+02 -4.994730e+01 -4.994730e+01
     vertex  1.205775e+02 -4.994730e+01 -4.994730e+01
     vertex  1.197725e+02 -6.509430e+01 -2.748915e+01
   endloop
 endfacet
 facet normal  2.4099172160e-15 -8.2905832649e-01 -5.5916213326e-01
   outer loop
     vertex  1.205775e+02 -4.994730e+01 -4.994730e+01
     vertex  1.205775e+02 -6.509430e+01 -2.748915e+01
     vertex  1.197725e+02 -6.509430e+01 -2.748915e+01
   endloop
 endfacet
 facet normal  8.5378507975e-16 -9.8018184110e-01 -1.9809986972e-01
   outer loop
     vertex  1.197725e+02 -6.509430e+01 -2.748915e+01
     vertex  1.205775e+02 -6.509430e+01 -2.748915e+01
     vertex  1.197725e+02 -7.065000e+01 0.000000e+00
   endloop
 endfacet
 facet normal  -0.0000000000e+00 -9.8018184110e-01 -1.9809986972e-01
   outer loop
     vertex  1.205775e+02 -6.509430e+01 -2.748915e+01
     vertex  1.205775e+02 -7.065000e+01 0.000000e+00
     vertex  1.197725e+02 -7.065000e+01 0.000000e+00
   endloop
 endfacet
 facet normal  0.0000000000e+00 -9.8018184110e-01 1.9809986972e-01
   outer loop
     vertex  1.197725e+02 -7.065000e+01 0.000000e+00
     vertex  1.205775e+02 -7.065000e+01 0.000000e+00
     vertex  1.205775e+02 -6.509430e+01 2.748915e+01
   endloop
 endfacet
 facet normal  8.5378507975e-16 -9.8018184110e-01 1.9809986972e-01
   outer loop
     vertex  1.197725e+02 -7.065000e+01 0.000000e+00
     vertex  1.205775e+02 -6.509430e+01 2.748915e+01
     vertex  1.197725e+02 -6.509430e+01 2.748915e+01
   endloop
 endfacet
 facet normal  2.4099172160e-15 -8.2905832649e-01 5.5916213326e-01
   outer loop
     vertex  1.197725e+02 -6.509430e+01 2.748915e+01
     vertex  1.205775e+02 -6.509430e+01 2.748915e+01
     vertex  1.205775e+02 -4.994730e+01 4.994730e+01
   endloop
 endfacet
 facet normal  0.0000000000e+00 -8.2905832649e-01 5.5916213326e-01
   outer loop
     vertex  1.197725e+02 -6.509430e+01 2.748915e+01
     vertex  1.205775e+02 -4.994730e+01 4.994730e+01
     vertex  1.197725e+02 -4.994730e+01 4.994730e+01
   endloop
 endfacet
 facet normal  0.0000000000e+00 -5.5916213326e-01 8.2905832649e-01
   outer loop
     vertex  1.197725e+02 -4.994730e+01 4.994730e+01
     vertex  1.205775e+02 -4.994730e+01 4.994730e+01
     vertex  1.205775e+02 -2.748915e+01 6.509430e+01
   endloop
 endfacet
 facet normal  0.0000000000e+00 -5.5916213326e-01 8.2905832649e-01
   outer loop
     vertex  1.197725e+02 -4.994730e+01 4.994730e+01
     vertex  1.205775e+02 -2.748915e+01 6.509430e+01
     vertex  1.197725e+02 -2.748915e+01 6.509430e+01
   endloop
 endfacet
 facet normal  0.0000000000e+00 -1.9809986972e-01 9.8018184110e-01
   outer loop
     vertex  1.197725e+02 -2.748915e+01 6.509430e+01
     vertex  1.205775e+02 -2.748915e+01 6.509430e+01
     vertex  1.205775e+02 0.000000e+00 7.065000e+01
   endloop
 endfacet
 facet normal  0.0000000000e+00 -1.9809986972e-01 9.8018184110e-01
   outer loop
     vertex  1.197725e+02 -2.748915e+01 6.509430e+01
     vertex  1.205775e+02 0.000000e+00 7.065000e+01
     vertex  1.197725e+02 0.000000e+00 7.065000e+01
   endloop
 endfacet
 facet normal  0.0000000000e+00 1.9809986972e-01 9.8018184110e-01
   outer loop
     vertex  1.197725e+02 0.000000e+00 7.065000e+01
     vertex  1.205775e+02 0.000000e+00 7.065000e+01
     vertex  1.197725e+02 2.748915e+01 6.509430e+01
   endloop
 endfacet
 facet normal  8.5378507975e-16 1.9809986972e-01 9.8018184110e-01
   outer loop
     vertex  1.205775e+02 0.000000e+00 7.065000e+01
     vertex  1.205775e+02 2.748915e+01 6.509430e+01
     vertex  1.197725e+02 2.748915e+01 6.509430e+01
   endloop
 endfacet
 facet normal  2.4099172160e-15 5.5916213326e-01 8.2905832649e-01
   outer loop
     vertex  1.197725e+02 2.748915e+01 6.509430e+01
     vertex  1.205775e+02 2.748915e+01 6.509430e+01
     vertex  1.197725e+02 4.994730e+01 4.994730e+01
   endloop
 endfacet
 facet normal  0.0000000000e+00 5.5916213326e-01 8.2905832649e-01
   outer loop
     vertex  1.205775e+02 2.748915e+01 6.509430e+01
     vertex  1.205775e+02 4.994730e+01 4.994730e+01
     vertex  1.197725e+02 4.994730e+01 4.994730e+01
   endloop
 endfacet
 facet normal  0.0000000000e+00 8.2905832649e-01 5.5916213326e-01
   outer loop
     vertex  1.197725e+02 4.994730e+01 4.994730e+01
     vertex  1.205775e+02 4.994730e+01 4.994730e+01
     vertex  1.197725e+02 6.509430e+01 2.748915e+01
   endloop
 endfacet
 facet normal  2.4099172160e-15 8.2905832649e-01 5.5916213326e-01
   outer loop
     vertex  1.205775e+02 4.994730e+01 4.994730e+01
     vertex  1.205775e+02 6.509430e+01 2.748915e+01
     vertex  1.197725e+02 6.509430e+01 2.748915e+01
   endloop
 endfacet
 facet normal  8.5378507975e-16 9.8018184110e-01 1.9809986972e-01
   outer loop
     vertex  1.197725e+02 6.509430e+01 2.748915e+01
     vertex  1.205775e+02 6.509430e+01 2.748915e+01
     vertex  1.197725e+02 7.065000e+01 0.000000e+00
   endloop
 endfacet
 facet normal  0.0000000000e+00 9.8018184110e-01 1.9809986972e-01
   outer loop
     vertex  1.205775e+02 6.509430e+01 2.748915e+01
     vertex  1.205775e+02 7.065000e+01 0.000000e+00
     vertex  1.197725e+02 7.065000e+01 0.000000e+00
   endloop
 endfacet
 facet normal  0.0000000000e+00 9.8018184110e-01 -1.9809986972e-01
   outer loop
     vertex  1.205775e+02 7.065000e+01 0.000000e+00
     vertex  1.214112e+02 7.065000e+01 0.000000e+00
     vertex  1.214112e+02 6.509430e+01 -2.748915e+01
   endloop
 endfacet
 facet normal  0.0000000000e+00 9.8018184110e-01 -1.9809986972e-01
   outer loop
     vertex  1.205775e+02 7.065000e+01 0.000000e+00
     vertex  1.214112e+02 6.509430e+01 -2.748915e+01
     vertex  1.205775e+02 6.509430e+01 -2.748915e+01
   endloop
 endfacet
 facet normal  0.0000000000e+00 8.2905832649e-01 -5.5916213326e-01
   outer loop
     vertex  1.205775e+02 6.509430e+01 -2.748915e+01
     vertex  1.214112e+02 6.509430e+01 -2.748915e+01
     vertex  1.214112e+02 4.994730e+01 -4.994730e+01
   endloop
 endfacet
 facet normal  0.0000000000e+00 8.2905832649e-01 -5.5916213326e-01
   outer loop
     vertex  1.205775e+02 6.509430e+01 -2.748915e+01
     vertex  1.214112e+02 4.994730e+01 -4.994730e+01
     vertex  1.205775e+02 4.994730e+01 -4.994730e+01
   endloop
 endfacet
 facet normal  0.0000000000e+00 5.5916213326e-01 -8.2905832649e-01
   outer loop
     vertex  1.205775e+02 4.994730e+01 -4.994730e+01
     vertex  1.214112e+02 4.994730e+01 -4.994730e+01
     vertex  1.214112e+02 2.748915e+01 -6.509430e+01
   endloop
 endfacet
 facet normal  0.0000000000e+00 5.5916213326e-01 -8.2905832649e-01
   outer loop
     vertex  1.205775e+02 4.994730e+01 -4.994730e+01
     vertex  1.214112e+02 2.748915e+01 -6.509430e+01
     vertex  1.205775e+02 2.748915e+01 -6.509430e+01
   endloop
 endfacet
 facet normal  0.0000000000e+00 1.9809986972e-01 -9.8018184110e-01
   outer loop
     vertex  1.205775e+02 2.748915e+01 -6.509430e+01
     vertex  1.214112e+02 2.748915e+01 -6.509430e+01
     vertex  1.214112e+02 0.000000e+00 -7.065000e+01
   endloop
 endfacet
 facet normal  0.0000000000e+00 1.9809986972e-01 -9.8018184110e-01
   outer loop
     vertex  1.205775e+02 2.748915e+01 -6.509430e+01
     vertex  1.214112e+02 0.000000e+00 -7.065000e+01
     vertex  1.205775e+02 0.000000e+00 -7.065000e+01
   endloop
 endfacet
 facet normal  -0.0000000000e+00 -1.9809986972e-01 -9.8018184110e-01
   outer loop
     vertex  1.205775e+02 0.000000e+00 -7.065000e+01
     vertex  1.214112e+02 0.000000e+00 -7.065000e+01
     vertex  1.205775e+02 -2.748915e+01 -6.509430e+01
   endloop
 endfacet
 facet normal  -8.2434421493e-16 -1.9809986972e-01 -9.8018184110e-01
   outer loop
     vertex  1.214112e+02 0.000000e+00 -7.065000e+01
     vertex  1.214112e+02 -2.748915e+01 -6.509430e+01
     vertex  1.205775e+02 -2.748915e+01 -6.509430e+01
   endloop
 endfacet
 facet normal  -2.3268166223e-15 -5.5916213326e-01 -8.2905832649e-01
   outer loop
     vertex  1.205775e+02 -2.748915e+01 -6.509430e+01
     vertex  1.214112e+02 -2.748915e+01 -6.509430e+01
     vertex  1.205775e+02 -4.994730e+01 -4.994730e+01
   endloop
 endfacet
 facet normal  -0.0000000000e+00 -5.5916213326e-01 -8.2905832649e-01
   outer loop
     vertex  1.214112e+02 -2.748915e+01 -6.509430e+01
     vertex  1.214112e+02 -4.994730e+01 -4.994730e+01
     vertex  1.205775e+02 -4.994730e+01 -4.994730e+01
   endloop
 endfacet
 facet normal  -0.0000000000e+00 -8.2905832649e-01 -5.5916213326e-01
   outer loop
     vertex  1.205775e+02 -4.994730e+01 -4.994730e+01
     vertex  1.214112e+02 -4.994730e+01 -4.994730e+01
     vertex  1.205775e+02 -6.509430e+01 -2.748915e+01
   endloop
 endfacet
 facet normal  -0.0000000000e+00 -8.2905832649e-01 -5.5916213326e-01
   outer loop
     vertex  1.214112e+02 -4.994730e+01 -4.994730e+01
     vertex  1.214112e+02 -6.509430e+01 -2.748915e+01
     vertex  1.205775e+02 -6.509430e+01 -2.748915e+01
   endloop
 endfacet
 facet normal  -0.0000000000e+00 -9.8018184110e-01 -1.9809986972e-01
   outer loop
     vertex  1.205775e+02 -6.509430e+01 -2.748915e+01
     vertex  1.214112e+02 -6.509430e+01 -2.748915e+01
     vertex  1.205775e+02 -7.065000e+01 0.000000e+00
   endloop
 endfacet
 facet normal  -0.0000000000e+00 -9.8018184110e-01 -1.9809986972e-01
   outer loop
     vertex  1.214112e+02 -6.509430e+01 -2.748915e+01
     vertex  1.214112e+02 -7.065000e+01 0.000000e+00
     vertex  1.205775e+02 -7.065000e+01 0.000000e+00
   endloop
 endfacet
 facet normal  0.0000000000e+00 -9.8018184110e-01 1.9809986972e-01
   outer loop
     vertex  1.205775e+02 -7.065000e+01 0.000000e+00
     vertex  1.214112e+02 -7.065000e+01 0.000000e+00
     vertex  1.214112e+02 -6.509430e+01 2.748915e+01
   endloop
 endfacet
 facet normal  0.0000000000e+00 -9.8018184110e-01 1.9809986972e-01
   outer loop
     vertex  1.205775e+02 -7.065000e+01 0.000000e+00
     vertex  1.214112e+02 -6.509430e+01 2.748915e+01
     vertex  1.205775e+02 -6.509430e+01 2.748915e+01
   endloop
 endfacet
 facet normal  0.0000000000e+00 -8.2905832649e-01 5.5916213326e-01
   outer loop
     vertex  1.205775e+02 -6.509430e+01 2.748915e+01
     vertex  1.214112e+02 -6.509430e+01 2.748915e+01
     vertex  1.214112e+02 -4.994730e+01 4.994730e+01
   endloop
 endfacet
 facet normal  0.0000000000e+00 -8.2905832649e-01 5.5916213326e-01
   outer loop
     vertex  1.205775e+02 -6.509430e+01 2.748915e+01
     vertex  1.214112e+02 -4.994730e+01 4.994730e+01
     vertex  1.205775e+02 -4.994730e+01 4.994730e+01
   endloop
 endfacet
 facet normal  0.0000000000e+00 -5.5916213326e-01 8.2905832649e-01
   outer loop
     vertex  1.205775e+02 -4.994730e+01 4.994730e+01
     vertex  1.214112e+02 -4.994730e+01 4.994730e+01
     vertex  1.214112e+02 -2.748915e+01 6.509430e+01
   endloop
 endfacet
 facet normal  -2.3268166223e-15 -5.5916213326e-01 8.2905832649e-01
   outer loop
     vertex  1.205775e+02 -4.994730e+01 4.994730e+01
     vertex  1.214112e+02 -2.748915e+01 6.509430e+01
     vertex  1.205775e+02 -2.748915e+01 6.509430e+01
   endloop
 endfacet
 facet normal  -8.2434421493e-16 -1.9809986972e-01 9.8018184110e-01
   outer loop
     vertex  1.205775e+02 -2.748915e+01 6.509430e+01
     vertex  1.214112e+02 -2.748915e+01 6.509430e+01
     vertex  1.214112e+02 0.000000e+00 7.065000e+01
   endloop
 endfacet
 facet normal  0.0000000000e+00 -1.9809986972e-01 9.8018184110e-01
   outer loop
     vertex  1.205775e+02 -2.748915e+01 6.509430e+01
     vertex  1.214112e+02 0.000000e+00 7.065000e+01
     vertex  1.205775e+02 0.000000e+00 7.065000e+01
   endloop
 endfacet
 facet normal  0.0000000000e+00 1.9809986972e-01 9.8018184110e-01
   outer loop
     vertex  1.205775e+02 0.000000e+00 7.065000e+01
     vertex  1.214112e+02 0.000000e+00 7.065000e+01
     vertex  1.205775e+02 2.748915e+01 6.509430e+01
   endloop
 endfacet
 facet normal  0.0000000000e+00 1.9809986972e-01 9.8018184110e-01
   outer loop
     vertex  1.214112e+02 0.000000e+00 7.065000e+01
     vertex  1.214112e+02 2.748915e+01 6.509430e+01
     vertex  1.205775e+02 2.748915e+01 6.509430e+01
   endloop
 endfacet
 facet normal  0.0000000000e+00 5.5916213326e-01 8.2905832649e-01
   outer loop
     vertex  1.205775e+02 2.748915e+01 6.509430e+01
     vertex  1.214112e+02 2.748915e+01 6.509430e+01
     vertex  1.205775e+02 4.994730e+01 4.994730e+01
   endloop
 endfacet
 facet normal  0.0000000000e+00 5.5916213326e-01 8.2905832649e-01
   outer loop
     vertex  1.214112e+02 2.748915e+01 6.509430e+01
     vertex  1.214112e+02 4.994730e+01 4.994730e+01
     vertex  1.205775e+02 4.994730e+01 4.994730e+01
   endloop
 endfacet
 facet normal  0.0000000000e+00 8.2905832649e-01 5.5916213326e-01
   outer loop
     vertex  1.205775e+02 4.994730e+01 4.994730e+01
     vertex  1.214112e+02 4.994730e+01 4.994730e+01
     vertex  1.205775e+02 6.509430e+01 2.748915e+01
   endloop
 endfacet
 facet normal  0.0000000000e+00 8.2905832649e-01 5.5916213326e-01
   outer loop
     vertex  1.214112e+02 4.994730e+01 4.994730e+01
     vertex  1.214112e+02 6.509430e+01 2.748915e+01
     vertex  1.205775e+02 6.509430e+01 2.748915e+01
   endloop
 endfacet
 facet normal  0.0000000000e+00 9.8018184110e-01 1.9809986972e-01
   outer loop
     vertex  1.205775e+02 6.509430e+01 2.748915e+01
     vertex  1.214112e+02 6.509430e+01 2.748915e+01
     vertex  1.205775e+02 7.065000e+01 0.000000e+00
   endloop
 endfacet
 facet normal  0.0000000000e+00 9.8018184110e-01 1.9809986972e-01
   outer loop
     vertex  1.214112e+02 6.509430e+01 2.748915e+01
     vertex  1.214112e+02 7.065000e+01 0.000000e+00
     vertex  1.205775e+02 7.065000e+01 0.000000e+00
   endloop
 endfacet
 facet normal  0.0000000000e+00 9.8018184110e-01 -1.9809986972e-01
   outer loop
     vertex  1.214112e+02 7.065000e+01 0.000000e+00
     vertex  1.221875e+02 7.065000e+01 0.000000e+00
     vertex  1.221875e+02 6.509430e+01 -2.748915e+01
   endloop
 endfacet
 facet normal  -8.8540674937e-16 9.8018184110e-01 -1.9809986972e-01
   outer loop
     vertex  1.214112e+02 7.065000e+01 0.000000e+00
     vertex  1.221875e+02 6.509430e+01 -2.748915e+01
     vertex  1.214112e+02 6.509430e+01 -2.748915e+01
   endloop
 endfacet
 facet normal  -2.4991734092e-15 8.2905832649e-01 -5.5916213326e-01
   outer loop
     vertex  1.214112e+02 6.509430e+01 -2.748915e+01
     vertex  1.221875e+02 6.509430e+01 -2.748915e+01
     vertex  1.221875e+02 4.994730e+01 -4.994730e+01
   endloop
 endfacet
 facet normal  -1.2409294023e-14 8.2905832649e-01 -5.5916213326e-01
   outer loop
     vertex  1.214112e+02 6.509430e+01 -2.748915e+01
     vertex  1.221875e+02 4.994730e+01 -4.994730e+01
     vertex  1.214112e+02 4.994730e+01 -4.994730e+01
   endloop
 endfacet
 facet normal  -1.2409294023e-14 5.5916213326e-01 -8.2905832649e-01
   outer loop
     vertex  1.214112e+02 4.994730e+01 -4.994730e+01
     vertex  1.221875e+02 4.994730e+01 -4.994730e+01
     vertex  1.221875e+02 2.748915e+01 -6.509430e+01
   endloop
 endfacet
 facet normal  -2.4991734092e-15 5.5916213326e-01 -8.2905832649e-01
   outer loop
     vertex  1.214112e+02 4.994730e+01 -4.994730e+01
     vertex  1.221875e+02 2.748915e+01 -6.509430e+01
     vertex  1.214112e+02 2.748915e+01 -6.509430e+01
   endloop
 endfacet
 facet normal  -8.8540674937e-16 1.9809986972e-01 -9.8018184110e-01
   outer loop
     vertex  1.214112e+02 2.748915e+01 -6.509430e+01
     vertex  1.221875e+02 2.748915e+01 -6.509430e+01
     vertex  1.221875e+02 0.000000e+00 -7.065000e+01
   endloop
 endfacet
 facet normal  0.0000000000e+00 1.9809986972e-01 -9.8018184110e-01
   outer loop
     vertex  1.214112e+02 2.748915e+01 -6.509430e+01
     vertex  1.221875e+02 0.000000e+00 -7.065000e+01
     vertex  1.214112e+02 0.000000e+00 -7.065000e+01
   endloop
 endfacet
 facet normal  -0.0000000000e+00 -1.9809986972e-01 -9.8018184110e-01
   outer loop
     vertex  1.214112e+02 0.000000e+00 -7.065000e+01
     vertex  1.221875e+02 0.000000e+00 -7.065000e+01
     vertex  1.214112e+02 -2.748915e+01 -6.509430e+01
   endloop
 endfacet
 facet normal  -0.0000000000e+00 -1.9809986972e-01 -9.8018184110e-01
   outer loop
     vertex  1.221875e+02 0.000000e+00 -7.065000e+01
     vertex  1.221875e+02 -2.748915e+01 -6.509430e+01
     vertex  1.214112e+02 -2.748915e+01 -6.509430e+01
   endloop
 endfacet
 facet normal  -0.0000000000e+00 -5.5916213326e-01 -8.2905832649e-01
   outer loop
     vertex  1.214112e+02 -2.748915e+01 -6.509430e+01
     vertex  1.221875e+02 -2.748915e+01 -6.509430e+01
     vertex  1.214112e+02 -4.994730e+01 -4.994730e+01
   endloop
 endfacet
 facet normal  -7.4109472048e-15 -5.5916213326e-01 -8.2905832649e-01
   outer loop
     vertex  1.221875e+02 -2.748915e+01 -6.509430e+01
     vertex  1.221875e+02 -4.994730e+01 -4.994730e+01
     vertex  1.214112e+02 -4.994730e+01 -4.994730e+01
   endloop
 endfacet
 facet normal  -4.9983468184e-15 -8.2905832649e-01 -5.5916213326e-01
   outer loop
     vertex  1.214112e+02 -4.994730e+01 -4.994730e+01
     vertex  1.221875e+02 -4.994730e+01 -4.994730e+01
     vertex  1.214112e+02 -6.509430e+01 -2.748915e+01
   endloop
 endfacet
 facet normal  -2.4991734092e-15 -8.2905832649e-01 -5.5916213326e-01
   outer loop
     vertex  1.221875e+02 -4.994730e+01 -4.994730e+01
     vertex  1.221875e+02 -6.509430e+01 -2.748915e+01
     vertex  1.214112e+02 -6.509430e+01 -2.748915e+01
   endloop
 endfacet
 facet normal  -8.8540674937e-16 -9.8018184110e-01 -1.9809986972e-01
   outer loop
     vertex  1.214112e+02 -6.509430e+01 -2.748915e+01
     vertex  1.221875e+02 -6.509430e+01 -2.748915e+01
     vertex  1.214112e+02 -7.065000e+01 0.000000e+00
   endloop
 endfacet
 facet normal  -0.0000000000e+00 -9.8018184110e-01 -1.9809986972e-01
   outer loop
     vertex  1.221875e+02 -6.509430e+01 -2.748915e+01
     vertex  1.221875e+02 -7.065000e+01 0.000000e+00
     vertex  1.214112e+02 -7.065000e+01 0.000000e+00
   endloop
 endfacet
 facet normal  0.0000000000e+00 -9.8018184110e-01 1.9809986972e-01
   outer loop
     vertex  1.214112e+02 -7.065000e+01 0.000000e+00
     vertex  1.221875e+02 -7.065000e+01 0.000000e+00
     vertex  1.221875e+02 -6.509430e+01 2.748915e+01
   endloop
 endfacet
 facet normal  -8.8540674937e-16 -9.8018184110e-01 1.9809986972e-01
   outer loop
     vertex  1.214112e+02 -7.065000e+01 0.000000e+00
     vertex  1.221875e+02 -6.509430e+01 2.748915e+01
     vertex  1.214112e+02 -6.509430e+01 2.748915e+01
   endloop
 endfacet
 facet normal  -2.4991734092e-15 -8.2905832649e-01 5.5916213326e-01
   outer loop
     vertex  1.214112e+02 -6.509430e+01 2.748915e+01
     vertex  1.221875e+02 -6.509430e+01 2.748915e+01
     vertex  1.221875e+02 -4.994730e+01 4.994730e+01
   endloop
 endfacet
 facet normal  -4.9983468184e-15 -8.2905832649e-01 5.5916213326e-01
   outer loop
     vertex  1.214112e+02 -6.509430e+01 2.748915e+01
     vertex  1.221875e+02 -4.994730e+01 4.994730e+01
     vertex  1.214112e+02 -4.994730e+01 4.994730e+01
   endloop
 endfacet
 facet normal  -7.4109472048e-15 -5.5916213326e-01 8.2905832649e-01
   outer loop
     vertex  1.214112e+02 -4.994730e+01 4.994730e+01
     vertex  1.221875e+02 -4.994730e+01 4.994730e+01
     vertex  1.221875e+02 -2.748915e+01 6.509430e+01
   endloop
 endfacet
 facet normal  0.0000000000e+00 -5.5916213326e-01 8.2905832649e-01
   outer loop
     vertex  1.214112e+02 -4.994730e+01 4.994730e+01
     vertex  1.221875e+02 -2.748915e+01 6.509430e+01
     vertex  1.214112e+02 -2.748915e+01 6.509430e+01
   endloop
 endfacet
 facet normal  0.0000000000e+00 -1.9809986972e-01 9.8018184110e-01
   outer loop
     vertex  1.214112e+02 -2.748915e+01 6.509430e+01
     vertex  1.221875e+02 -2.748915e+01 6.509430e+01
     vertex  1.221875e+02 0.000000e+00 7.065000e+01
   endloop
 endfacet
 facet normal  0.0000000000e+00 -1.9809986972e-01 9.8018184110e-01
   outer loop
     vertex  1.214112e+02 -2.748915e+01 6.509430e+01
     vertex  1.221875e+02 0.000000e+00 7.065000e+01
     vertex  1.214112e+02 0.000000e+00 7.065000e+01
   endloop
 endfacet
 facet normal  0.0000000000e+00 1.9809986972e-01 9.8018184110e-01
   outer loop
     vertex  1.214112e+02 0.000000e+00 7.065000e+01
     vertex  1.221875e+02 0.000000e+00 7.065000e+01
     vertex  1.214112e+02 2.748915e+01 6.509430e+01
   endloop
 endfacet
 facet normal  -8.8540674937e-16 1.9809986972e-01 9.8018184110e-01
   outer loop
     vertex  1.221875e+02 0.000000e+00 7.065000e+01
     vertex  1.221875e+02 2.748915e+01 6.509430e+01
     vertex  1.214112e+02 2.748915e+01 6.509430e+01
   endloop
 endfacet
 facet normal  -2.4991734092e-15 5.5916213326e-01 8.2905832649e-01
   outer loop
     vertex  1.214112e+02 2.748915e+01 6.509430e+01
     vertex  1.221875e+02 2.748915e+01 6.509430e+01
     vertex  1.214112e+02 4.994730e+01 4.994730e+01
   endloop
 endfacet
 facet normal  -1.2409294023e-14 5.5916213326e-01 8.2905832649e-01
   outer loop
     vertex  1.221875e+02 2.748915e+01 6.509430e+01
     vertex  1.221875e+02 4.994730e+01 4.994730e+01
     vertex  1.214112e+02 4.994730e+01 4.994730e+01
   endloop
 endfacet
 facet normal  -1.2409294023e-14 8.2905832649e-01 5.5916213326e-01
   outer loop
     vertex  1.214112e+02 4.994730e+01 4.994730e+01
     vertex  1.221875e+02 4.994730e+01 4.994730e+01
     vertex  1.214112e+02 6.509430e+01 2.748915e+01
   endloop
 endfacet
 facet normal  -2.4991734092e-15 8.2905832649e-01 5.5916213326e-01
   outer loop
     vertex  1.221875e+02 4.994730e+01 4.994730e+01
     vertex  1.221875e+02 6.509430e+01 2.748915e+01
     vertex  1.214112e+02 6.509430e+01 2.748915e+01
   endloop
 endfacet
 facet normal  -8.8540674937e-16 9.8018184110e-01 1.9809986972e-01
   outer loop
     vertex  1.214112e+02 6.509430e+01 2.748915e+01
     vertex  1.221875e+02 6.509430e+01 2.748915e+01
     vertex  1.214112e+02 7.065000e+01 0.000000e+00
   endloop
 endfacet
 facet normal  0.0000000000e+00 9.8018184110e-01 1.9809986972e-01
   outer loop
     vertex  1.221875e+02 6.509430e+01 2.748915e+01
     vertex  1.221875e+02 7.065000e+01 0.000000e+00
     vertex  1.214112e+02 7.065000e+01 0.000000e+00
   endloop
 endfacet
 facet normal  0.0000000000e+00 9.8018184110e-01 -1.9809986972e-01
   outer loop
     vertex  1.221875e+02 7.065000e+01 0.000000e+00
     vertex  1.231650e+02 7.065000e+01 0.000000e+00
     vertex  1.231650e+02 6.509430e+01 -2.748915e+01
   endloop
 endfacet
 facet normal  0.0000000000e+00 9.8018184110e-01 -1.9809986972e-01
   outer loop
     vertex  1.221875e+02 7.065000e+01 0.000000e+00
     vertex  1.231650e+02 6.509430e+01 -2.748915e+01
     vertex  1.221875e+02 6.509430e+01 -2.748915e+01
   endloop
 endfacet
 facet normal  0.0000000000e+00 8.2905832649e-01 -5.5916213326e-01
   outer loop
     vertex  1.221875e+02 6.509430e+01 -2.748915e+01
     vertex  1.231650e+02 6.509430e+01 -2.748915e+01
     vertex  1.231650e+02 4.994730e+01 -4.994730e+01
   endloop
 endfacet
 facet normal  0.0000000000e+00 8.2905832649e-01 -5.5916213326e-01
   outer loop
     vertex  1.221875e+02 6.509430e+01 -2.748915e+01
     vertex  1.231650e+02 4.994730e+01 -4.994730e+01
     vertex  1.221875e+02 4.994730e+01 -4.994730e+01
   endloop
 endfacet
 facet normal  0.0000000000e+00 5.5916213326e-01 -8.2905832649e-01
   outer loop
     vertex  1.221875e+02 4.994730e+01 -4.994730e+01
     vertex  1.231650e+02 4.994730e+01 -4.994730e+01
     vertex  1.231650e+02 2.748915e+01 -6.509430e+01
   endloop
 endfacet
 facet normal  0.0000000000e+00 5.5916213326e-01 -8.2905832649e-01
   outer loop
     vertex  1.221875e+02 4.994730e+01 -4.994730e+01
     vertex  1.231650e+02 2.748915e+01 -6.509430e+01
     vertex  1.221875e+02 2.748915e+01 -6.509430e+01
   endloop
 endfacet
 facet normal  0.0000000000e+00 1.9809986972e-01 -9.8018184110e-01
   outer loop
     vertex  1.221875e+02 2.748915e+01 -6.509430e+01
     vertex  1.231650e+02 2.748915e+01 -6.509430e+01
     vertex  1.231650e+02 0.000000e+00 -7.065000e+01
   endloop
 endfacet
 facet normal  0.0000000000e+00 1.9809986972e-01 -9.8018184110e-01
   outer loop
     vertex  1.221875e+02 2.748915e+01 -6.509430e+01
     vertex  1.231650e+02 0.000000e+00 -7.065000e+01
     vertex  1.221875e+02 0.000000e+00 -7.065000e+01
   endloop
 endfacet
 facet normal  -0.0000000000e+00 -1.9809986972e-01 -9.8018184110e-01
   outer loop
     vertex  1.221875e+02 0.000000e+00 -7.065000e+01
     vertex  1.231650e+02 0.000000e+00 -7.065000e+01
     vertex  1.221875e+02 -2.748915e+01 -6.509430e+01
   endloop
 endfacet
 facet normal  -0.0000000000e+00 -1.9809986972e-01 -9.8018184110e-01
   outer loop
     vertex  1.231650e+02 0.000000e+00 -7.065000e+01
     vertex  1.231650e+02 -2.748915e+01 -6.509430e+01
     vertex  1.221875e+02 -2.748915e+01 -6.509430e+01
   endloop
 endfacet
 facet normal  -0.0000000000e+00 -5.5916213326e-01 -8.2905832649e-01
   outer loop
     vertex  1.221875e+02 -2.748915e+01 -6.509430e+01
     vertex  1.231650e+02 -2.748915e+01 -6.509430e+01
     vertex  1.221875e+02 -4.994730e+01 -4.994730e+01
   endloop
 endfacet
 facet normal  -0.0000000000e+00 -5.5916213326e-01 -8.2905832649e-01
   outer loop
     vertex  1.231650e+02 -2.748915e+01 -6.509430e+01
     vertex  1.231650e+02 -4.994730e+01 -4.994730e+01
     vertex  1.221875e+02 -4.994730e+01 -4.994730e+01
   endloop
 endfacet
 facet normal  -0.0000000000e+00 -8.2905832649e-01 -5.5916213326e-01
   outer loop
     vertex  1.221875e+02 -4.994730e+01 -4.994730e+01
     vertex  1.231650e+02 -4.994730e+01 -4.994730e+01
     vertex  1.221875e+02 -6.509430e+01 -2.748915e+01
   endloop
 endfacet
 facet normal  -0.0000000000e+00 -8.2905832649e-01 -5.5916213326e-01
   outer loop
     vertex  1.231650e+02 -4.994730e+01 -4.994730e+01
     vertex  1.231650e+02 -6.509430e+01 -2.748915e+01
     vertex  1.221875e+02 -6.509430e+01 -2.748915e+01
   endloop
 endfacet
 facet normal  -0.0000000000e+00 -9.8018184110e-01 -1.9809986972e-01
   outer loop
     vertex  1.221875e+02 -6.509430e+01 -2.748915e+01
     vertex  1.231650e+02 -6.509430e+01 -2.748915e+01
     vertex  1.221875e+02 -7.065000e+01 0.000000e+00
   endloop
 endfacet
 facet normal  -0.0000000000e+00 -9.8018184110e-01 -1.9809986972e-01
   outer loop
     vertex  1.231650e+02 -6.509430e+01 -2.748915e+01
     vertex  1.231650e+02 -7.065000e+01 0.000000e+00
     vertex  1.221875e+02 -7.065000e+01 0.000000e+00
   endloop
 endfacet
 facet normal  0.0000000000e+00 -9.8018184110e-01 1.9809986972e-01
   outer loop
     vertex  1.221875e+02 -7.065000e+01 0.000000e+00
     vertex  1.231650e+02 -7.065000e+01 0.000000e+00
     vertex  1.231650e+02 -6.509430e+01 2.748915e+01
   endloop
 endfacet
 facet normal  0.0000000000e+00 -9.8018184110e-01 1.9809986972e-01
   outer loop
     vertex  1.221875e+02 -7.065000e+01 0.000000e+00
     vertex  1.231650e+02 -6.509430e+01 2.748915e+01
     vertex  1.221875e+02 -6.509430e+01 2.748915e+01
   endloop
 endfacet
 facet normal  0.0000000000e+00 -8.2905832649e-01 5.5916213326e-01
   outer loop
     vertex  1.221875e+02 -6.509430e+01 2.748915e+01
     vertex  1.231650e+02 -6.509430e+01 2.748915e+01
     vertex  1.231650e+02 -4.994730e+01 4.994730e+01
   endloop
 endfacet
 facet normal  0.0000000000e+00 -8.2905832649e-01 5.5916213326e-01
   outer loop
     vertex  1.221875e+02 -6.509430e+01 2.748915e+01
     vertex  1.231650e+02 -4.994730e+01 4.994730e+01
     vertex  1.221875e+02 -4.994730e+01 4.994730e+01
   endloop
 endfacet
 facet normal  0.0000000000e+00 -5.5916213326e-01 8.2905832649e-01
   outer loop
     vertex  1.221875e+02 -4.994730e+01 4.994730e+01
     vertex  1.231650e+02 -4.994730e+01 4.994730e+01
     vertex  1.231650e+02 -2.748915e+01 6.509430e+01
   endloop
 endfacet
 facet normal  0.0000000000e+00 -5.5916213326e-01 8.2905832649e-01
   outer loop
     vertex  1.221875e+02 -4.994730e+01 4.994730e+01
     vertex  1.231650e+02 -2.748915e+01 6.509430e+01
     vertex  1.221875e+02 -2.748915e+01 6.509430e+01
   endloop
 endfacet
 facet normal  0.0000000000e+00 -1.9809986972e-01 9.8018184110e-01
   outer loop
     vertex  1.221875e+02 -2.748915e+01 6.509430e+01
     vertex  1.231650e+02 -2.748915e+01 6.509430e+01
     vertex  1.231650e+02 0.000000e+00 7.065000e+01
   endloop
 endfacet
 facet normal  0.0000000000e+00 -1.9809986972e-01 9.8018184110e-01
   outer loop
     vertex  1.221875e+02 -2.748915e+01 6.509430e+01
     vertex  1.231650e+02 0.000000e+00 7.065000e+01
     vertex  1.221875e+02 0.000000e+00 7.065000e+01
   endloop
 endfacet
 facet normal  0.0000000000e+00 1.9809986972e-01 9.8018184110e-01
   outer loop
     vertex  1.221875e+02 0.000000e+00 7.065000e+01
     vertex  1.231650e+02 0.000000e+00 7.065000e+01
     vertex  1.221875e+02 2.748915e+01 6.509430e+01
   endloop
 endfacet
 facet normal  0.0000000000e+00 1.9809986972e-01 9.8018184110e-01
   outer loop
     vertex  1.231650e+02 0.000000e+00 7.065000e+01
     vertex  1.231650e+02 2.748915e+01 6.509430e+01
     vertex  1.221875e+02 2.748915e+01 6.509430e+01
   endloop
 endfacet
 facet normal  0.0000000000e+00 5.5916213326e-01 8.2905832649e-01
   outer loop
     vertex  1.221875e+02 2.748915e+01 6.509430e+01
     vertex  1.231650e+02 2.748915e+01 6.509430e+01
     vertex  1.221875e+02 4.994730e+01 4.994730e+01
   endloop
 endfacet
 facet normal  0.0000000000e+00 5.5916213326e-01 8.2905832649e-01
   outer loop
     vertex  1.231650e+02 2.748915e+01 6.509430e+01
     vertex  1.231650e+02 4.994730e+01 4.994730e+01
     vertex  1.221875e+02 4.994730e+01 4.994730e+01
   endloop
 endfacet
 facet normal  0.0000000000e+00 8.2905832649e-01 5.5916213326e-01
   outer loop
     vertex  1.221875e+02 4.994730e+01 4.994730e+01
     vertex  1.231650e+02 4.994730e+01 4.994730e+01
     vertex  1.221875e+02 6.509430e+01 2.748915e+01
   endloop
 endfacet
 facet normal  0.0000000000e+00 8.2905832649e-01 5.5916213326e-01
   outer loop
     vertex  1.231650e+02 4.994730e+01 4.994730e+01
     vertex  1.231650e+02 6.509430e+01 2.748915e+01
     vertex  1.221875e+02 6.509430e+01 2.748915e+01
   endloop
 endfacet
 facet normal  0.0000000000e+00 9.8018184110e-01 1.9809986972e-01
   outer loop
     vertex  1.221875e+02 6.509430e+01 2.748915e+01
     vertex  1.231650e+02 6.509430e+01 2.748915e+01
     vertex  1.221875e+02 7.065000e+01 0.000000e+00
   endloop
 endfacet
 facet normal  0.0000000000e+00 9.8018184110e-01 1.9809986972e-01
   outer loop
     vertex  1.231650e+02 6.509430e+01 2.748915e+01
     vertex  1.231650e+02 7.065000e+01 0.000000e+00
     vertex  1.221875e+02 7.065000e+01 0.000000e+00
   endloop
 endfacet
 facet normal  0.0000000000e+00 9.8018184110e-01 -1.9809986972e-01
   outer loop
     vertex  1.231650e+02 7.065000e+01 0.000000e+00
     vertex  1.245450e+02 7.065000e+01 0.000000e+00
     vertex  1.245450e+02 6.509430e+01 -2.748915e+01
   endloop
 endfacet
 facet normal  0.0000000000e+00 9.8018184110e-01 -1.9809986972e-01
   outer loop
     vertex  1.231650e+02 7.065000e+01 0.000000e+00
     vertex  1.245450e+02 6.509430e+01 -2.748915e+01
     vertex  1.231650e+02 6.509430e+01 -2.748915e+01
   endloop
 endfacet
 facet normal  0.0000000000e+00 8.2905832649e-01 -5.5916213326e-01
   outer loop
     vertex  1.231650e+02 6.509430e+01 -2.748915e+01
     vertex  1.245450e+02 6.509430e+01 -2.748915e+01
     vertex  1.245450e+02 4.994730e+01 -4.994730e+01
   endloop
 endfacet
 facet normal  6.9802278880e-15 8.2905832649e-01 -5.5916213326e-01
   outer loop
     vertex  1.231650e+02 6.509430e+01 -2.748915e+01
     vertex  1.245450e+02 4.994730e+01 -4.994730e+01
     vertex  1.231650e+02 4.994730e+01 -4.994730e+01
   endloop
 endfacet
 facet normal  6.9802278880e-15 5.5916213326e-01 -8.2905832649e-01
   outer loop
     vertex  1.231650e+02 4.994730e+01 -4.994730e+01
     vertex  1.245450e+02 4.994730e+01 -4.994730e+01
     vertex  1.245450e+02 2.748915e+01 -6.509430e+01
   endloop
 endfacet
 facet normal  0.0000000000e+00 5.5916213326e-01 -8.2905832649e-01
   outer loop
     vertex  1.231650e+02 4.994730e+01 -4.994730e+01
     vertex  1.245450e+02 2.748915e+01 -6.509430e+01
     vertex  1.231650e+02 2.748915e+01 -6.509430e+01
   endloop
 endfacet
 facet normal  0.0000000000e+00 1.9809986972e-01 -9.8018184110e-01
   outer loop
     vertex  1.231650e+02 2.748915e+01 -6.509430e+01
     vertex  1.245450e+02 2.748915e+01 -6.509430e+01
     vertex  1.245450e+02 0.000000e+00 -7.065000e+01
   endloop
 endfacet
 facet normal  0.0000000000e+00 1.9809986972e-01 -9.8018184110e-01
   outer loop
     vertex  1.231650e+02 2.748915e+01 -6.509430e+01
     vertex  1.245450e+02 0.000000e+00 -7.065000e+01
     vertex  1.231650e+02 0.000000e+00 -7.065000e+01
   endloop
 endfacet
 facet normal  -0.0000000000e+00 -1.9809986972e-01 -9.8018184110e-01
   outer loop
     vertex  1.231650e+02 0.000000e+00 -7.065000e+01
     vertex  1.245450e+02 0.000000e+00 -7.065000e+01
     vertex  1.231650e+02 -2.748915e+01 -6.509430e+01
   endloop
 endfacet
 facet normal  4.9804129652e-16 -1.9809986972e-01 -9.8018184110e-01
   outer loop
     vertex  1.245450e+02 0.000000e+00 -7.065000e+01
     vertex  1.245450e+02 -2.748915e+01 -6.509430e+01
     vertex  1.231650e+02 -2.748915e+01 -6.509430e+01
   endloop
 endfacet
 facet normal  1.4057850427e-15 -5.5916213326e-01 -8.2905832649e-01
   outer loop
     vertex  1.231650e+02 -2.748915e+01 -6.509430e+01
     vertex  1.245450e+02 -2.748915e+01 -6.509430e+01
     vertex  1.231650e+02 -4.994730e+01 -4.994730e+01
   endloop
 endfacet
 facet normal  4.1686578027e-15 -5.5916213326e-01 -8.2905832649e-01
   outer loop
     vertex  1.245450e+02 -2.748915e+01 -6.509430e+01
     vertex  1.245450e+02 -4.994730e+01 -4.994730e+01
     vertex  1.231650e+02 -4.994730e+01 -4.994730e+01
   endloop
 endfacet
 facet normal  2.8115700853e-15 -8.2905832649e-01 -5.5916213326e-01
   outer loop
     vertex  1.231650e+02 -4.994730e+01 -4.994730e+01
     vertex  1.245450e+02 -4.994730e+01 -4.994730e+01
     vertex  1.231650e+02 -6.509430e+01 -2.748915e+01
   endloop
 endfacet
 facet normal  -0.0000000000e+00 -8.2905832649e-01 -5.5916213326e-01
   outer loop
     vertex  1.245450e+02 -4.994730e+01 -4.994730e+01
     vertex  1.245450e+02 -6.509430e+01 -2.748915e+01
     vertex  1.231650e+02 -6.509430e+01 -2.748915e+01
   endloop
 endfacet
 facet normal  -0.0000000000e+00 -9.8018184110e-01 -1.9809986972e-01
   outer loop
     vertex  1.231650e+02 -6.509430e+01 -2.748915e+01
     vertex  1.245450e+02 -6.509430e+01 -2.748915e+01
     vertex  1.231650e+02 -7.065000e+01 0.000000e+00
   endloop
 endfacet
 facet normal  -0.0000000000e+00 -9.8018184110e-01 -1.9809986972e-01
   outer loop
     vertex  1.245450e+02 -6.509430e+01 -2.748915e+01
     vertex  1.245450e+02 -7.065000e+01 0.000000e+00
     vertex  1.231650e+02 -7.065000e+01 0.000000e+00
   endloop
 endfacet
 facet normal  0.0000000000e+00 -9.8018184110e-01 1.9809986972e-01
   outer loop
     vertex  1.231650e+02 -7.065000e+01 0.000000e+00
     vertex  1.245450e+02 -7.065000e+01 0.000000e+00
     vertex  1.245450e+02 -6.509430e+01 2.748915e+01
   endloop
 endfacet
 facet normal  0.0000000000e+00 -9.8018184110e-01 1.9809986972e-01
   outer loop
     vertex  1.231650e+02 -7.065000e+01 0.000000e+00
     vertex  1.245450e+02 -6.509430e+01 2.748915e+01
     vertex  1.231650e+02 -6.509430e+01 2.748915e+01
   endloop
 endfacet
 facet normal  0.0000000000e+00 -8.2905832649e-01 5.5916213326e-01
   outer loop
     vertex  1.231650e+02 -6.509430e+01 2.748915e+01
     vertex  1.245450e+02 -6.509430e+01 2.748915e+01
     vertex  1.245450e+02 -4.994730e+01 4.994730e+01
   endloop
 endfacet
 facet normal  2.8115700853e-15 -8.2905832649e-01 5.5916213326e-01
   outer loop
     vertex  1.231650e+02 -6.509430e+01 2.748915e+01
     vertex  1.245450e+02 -4.994730e+01 4.994730e+01
     vertex  1.231650e+02 -4.994730e+01 4.994730e+01
   endloop
 endfacet
 facet normal  4.1686578027e-15 -5.5916213326e-01 8.2905832649e-01
   outer loop
     vertex  1.231650e+02 -4.994730e+01 4.994730e+01
     vertex  1.245450e+02 -4.994730e+01 4.994730e+01
     vertex  1.245450e+02 -2.748915e+01 6.509430e+01
   endloop
 endfacet
 facet normal  1.4057850427e-15 -5.5916213326e-01 8.2905832649e-01
   outer loop
     vertex  1.231650e+02 -4.994730e+01 4.994730e+01
     vertex  1.245450e+02 -2.748915e+01 6.509430e+01
     vertex  1.231650e+02 -2.748915e+01 6.509430e+01
   endloop
 endfacet
 facet normal  4.9804129652e-16 -1.9809986972e-01 9.8018184110e-01
   outer loop
     vertex  1.231650e+02 -2.748915e+01 6.509430e+01
     vertex  1.245450e+02 -2.748915e+01 6.509430e+01
     vertex  1.245450e+02 0.000000e+00 7.065000e+01
   endloop
 endfacet
 facet normal  0.0000000000e+00 -1.9809986972e-01 9.8018184110e-01
   outer loop
     vertex  1.231650e+02 -2.748915e+01 6.509430e+01
     vertex  1.245450e+02 0.000000e+00 7.065000e+01
     vertex  1.231650e+02 0.000000e+00 7.065000e+01
   endloop
 endfacet
 facet normal  0.0000000000e+00 1.9809986972e-01 9.8018184110e-01
   outer loop
     vertex  1.231650e+02 0.000000e+00 7.065000e+01
     vertex  1.245450e+02 0.000000e+00 7.065000e+01
     vertex  1.231650e+02 2.748915e+01 6.509430e+01
   endloop
 endfacet
 facet normal  0.0000000000e+00 1.9809986972e-01 9.8018184110e-01
   outer loop
     vertex  1.245450e+02 0.000000e+00 7.065000e+01
     vertex  1.245450e+02 2.748915e+01 6.509430e+01
     vertex  1.231650e+02 2.748915e+01 6.509430e+01
   endloop
 endfacet
 facet normal  0.0000000000e+00 5.5916213326e-01 8.2905832649e-01
   outer loop
     vertex  1.231650e+02 2.748915e+01 6.509430e+01
     vertex  1.245450e+02 2.748915e+01 6.509430e+01
     vertex  1.231650e+02 4.994730e+01 4.994730e+01
   endloop
 endfacet
 facet normal  6.9802278880e-15 5.5916213326e-01 8.2905832649e-01
   outer loop
     vertex  1.245450e+02 2.748915e+01 6.509430e+01
     vertex  1.245450e+02 4.994730e+01 4.994730e+01
     vertex  1.231650e+02 4.994730e+01 4.994730e+01
   endloop
 endfacet
 facet normal  6.9802278880e-15 8.2905832649e-01 5.5916213326e-01
   outer loop
     vertex  1.231650e+02 4.994730e+01 4.994730e+01
     vertex  1.245450e+02 4.994730e+01 4.994730e+01
     vertex  1.231650e+02 6.509430e+01 2.748915e+01
   endloop
 endfacet
 facet normal  0.0000000000e+00 8.2905832649e-01 5.5916213326e-01
   outer loop
     vertex  1.245450e+02 4.994730e+01 4.994730e+01
     vertex  1.245450e+02 6.509430e+01 2.748915e+01
     vertex  1.231650e+02 6.509430e+01 2.748915e+01
   endloop
 endfacet
 facet normal  0.0000000000e+00 9.8018184110e-01 1.9809986972e-01
   outer loop
     vertex  1.231650e+02 6.509430e+01 2.748915e+01
     vertex  1.245450e+02 6.509430e+01 2.748915e+01
     vertex  1.231650e+02 7.065000e+01 0.000000e+00
   endloop
 endfacet
 facet normal  0.0000000000e+00 9.8018184110e-01 1.9809986972e-01
   outer loop
     vertex  1.245450e+02 6.509430e+01 2.748915e+01
     vertex  1.245450e+02 7.065000e+01 0.000000e+00
     vertex  1.231650e+02 7.065000e+01 0.000000e+00
   endloop
 endfacet
 facet normal  0.0000000000e+00 9.8018184110e-01 -1.9809986972e-01
   outer loop
     vertex  1.245450e+02 7.065000e+01 0.000000e+00
     vertex  1.261550e+02 7.065000e+01 0.000000e+00
     vertex  1.261550e+02 6.509430e+01 -2.748915e+01
   endloop
 endfacet
 facet normal  4.2689253988e-16 9.8018184110e-01 -1.9809986972e-01
   outer loop
     vertex  1.245450e+02 7.065000e+01 0.000000e+00
     vertex  1.261550e+02 6.509430e+01 -2.748915e+01
     vertex  1.245450e+02 6.509430e+01 -2.748915e+01
   endloop
 endfacet
 facet normal  1.2049586080e-15 8.2905832649e-01 -5.5916213326e-01
   outer loop
     vertex  1.245450e+02 6.509430e+01 -2.748915e+01
     vertex  1.261550e+02 6.509430e+01 -2.748915e+01
     vertex  1.261550e+02 4.994730e+01 -4.994730e+01
   endloop
 endfacet
 facet normal  0.0000000000e+00 8.2905832649e-01 -5.5916213326e-01
   outer loop
     vertex  1.245450e+02 6.509430e+01 -2.748915e+01
     vertex  1.261550e+02 4.994730e+01 -4.994730e+01
     vertex  1.245450e+02 4.994730e+01 -4.994730e+01
   endloop
 endfacet
 facet normal  0.0000000000e+00 5.5916213326e-01 -8.2905832649e-01
   outer loop
     vertex  1.245450e+02 4.994730e+01 -4.994730e+01
     vertex  1.261550e+02 4.994730e+01 -4.994730e+01
     vertex  1.261550e+02 2.748915e+01 -6.509430e+01
   endloop
 endfacet
 facet normal  1.2049586080e-15 5.5916213326e-01 -8.2905832649e-01
   outer loop
     vertex  1.245450e+02 4.994730e+01 -4.994730e+01
     vertex  1.261550e+02 2.748915e+01 -6.509430e+01
     vertex  1.245450e+02 2.748915e+01 -6.509430e+01
   endloop
 endfacet
 facet normal  4.2689253988e-16 1.9809986972e-01 -9.8018184110e-01
   outer loop
     vertex  1.245450e+02 2.748915e+01 -6.509430e+01
     vertex  1.261550e+02 2.748915e+01 -6.509430e+01
     vertex  1.261550e+02 0.000000e+00 -7.065000e+01
   endloop
 endfacet
 facet normal  0.0000000000e+00 1.9809986972e-01 -9.8018184110e-01
   outer loop
     vertex  1.245450e+02 2.748915e+01 -6.509430e+01
     vertex  1.261550e+02 0.000000e+00 -7.065000e+01
     vertex  1.245450e+02 0.000000e+00 -7.065000e+01
   endloop
 endfacet
 facet normal  -0.0000000000e+00 -1.9809986972e-01 -9.8018184110e-01
   outer loop
     vertex  1.245450e+02 0.000000e+00 -7.065000e+01
     vertex  1.261550e+02 0.000000e+00 -7.065000e+01
     vertex  1.245450e+02 -2.748915e+01 -6.509430e+01
   endloop
 endfacet
 facet normal  -0.0000000000e+00 -1.9809986972e-01 -9.8018184110e-01
   outer loop
     vertex  1.261550e+02 0.000000e+00 -7.065000e+01
     vertex  1.261550e+02 -2.748915e+01 -6.509430e+01
     vertex  1.245450e+02 -2.748915e+01 -6.509430e+01
   endloop
 endfacet
 facet normal  -0.0000000000e+00 -5.5916213326e-01 -8.2905832649e-01
   outer loop
     vertex  1.245450e+02 -2.748915e+01 -6.509430e+01
     vertex  1.261550e+02 -2.748915e+01 -6.509430e+01
     vertex  1.245450e+02 -4.994730e+01 -4.994730e+01
   endloop
 endfacet
 facet normal  -0.0000000000e+00 -5.5916213326e-01 -8.2905832649e-01
   outer loop
     vertex  1.261550e+02 -2.748915e+01 -6.509430e+01
     vertex  1.261550e+02 -4.994730e+01 -4.994730e+01
     vertex  1.245450e+02 -4.994730e+01 -4.994730e+01
   endloop
 endfacet
 facet normal  -0.0000000000e+00 -8.2905832649e-01 -5.5916213326e-01
   outer loop
     vertex  1.245450e+02 -4.994730e+01 -4.994730e+01
     vertex  1.261550e+02 -4.994730e+01 -4.994730e+01
     vertex  1.245450e+02 -6.509430e+01 -2.748915e+01
   endloop
 endfacet
 facet normal  1.2049586080e-15 -8.2905832649e-01 -5.5916213326e-01
   outer loop
     vertex  1.261550e+02 -4.994730e+01 -4.994730e+01
     vertex  1.261550e+02 -6.509430e+01 -2.748915e+01
     vertex  1.245450e+02 -6.509430e+01 -2.748915e+01
   endloop
 endfacet
 facet normal  4.2689253988e-16 -9.8018184110e-01 -1.9809986972e-01
   outer loop
     vertex  1.245450e+02 -6.509430e+01 -2.748915e+01
     vertex  1.261550e+02 -6.509430e+01 -2.748915e+01
     vertex  1.245450e+02 -7.065000e+01 0.000000e+00
   endloop
 endfacet
 facet normal  -0.0000000000e+00 -9.8018184110e-01 -1.9809986972e-01
   outer loop
     vertex  1.261550e+02 -6.509430e+01 -2.748915e+01
     vertex  1.261550e+02 -7.065000e+01 0.000000e+00
     vertex  1.245450e+02 -7.065000e+01 0.000000e+00
   endloop
 endfacet
 facet normal  0.0000000000e+00 -9.8018184110e-01 1.9809986972e-01
   outer loop
     vertex  1.245450e+02 -7.065000e+01 0.000000e+00
     vertex  1.261550e+02 -7.065000e+01 0.000000e+00
     vertex  1.261550e+02 -6.509430e+01 2.748915e+01
   endloop
 endfacet
 facet normal  4.2689253988e-16 -9.8018184110e-01 1.9809986972e-01
   outer loop
     vertex  1.245450e+02 -7.065000e+01 0.000000e+00
     vertex  1.261550e+02 -6.509430e+01 2.748915e+01
     vertex  1.245450e+02 -6.509430e+01 2.748915e+01
   endloop
 endfacet
 facet normal  1.2049586080e-15 -8.2905832649e-01 5.5916213326e-01
   outer loop
     vertex  1.245450e+02 -6.509430e+01 2.748915e+01
     vertex  1.261550e+02 -6.509430e+01 2.748915e+01
     vertex  1.261550e+02 -4.994730e+01 4.994730e+01
   endloop
 endfacet
 facet normal  0.0000000000e+00 -8.2905832649e-01 5.5916213326e-01
   outer loop
     vertex  1.245450e+02 -6.509430e+01 2.748915e+01
     vertex  1.261550e+02 -4.994730e+01 4.994730e+01
     vertex  1.245450e+02 -4.994730e+01 4.994730e+01
   endloop
 endfacet
 facet normal  0.0000000000e+00 -5.5916213326e-01 8.2905832649e-01
   outer loop
     vertex  1.245450e+02 -4.994730e+01 4.994730e+01
     vertex  1.261550e+02 -4.994730e+01 4.994730e+01
     vertex  1.261550e+02 -2.748915e+01 6.509430e+01
   endloop
 endfacet
 facet normal  0.0000000000e+00 -5.5916213326e-01 8.2905832649e-01
   outer loop
     vertex  1.245450e+02 -4.994730e+01 4.994730e+01
     vertex  1.261550e+02 -2.748915e+01 6.509430e+01
     vertex  1.245450e+02 -2.748915e+01 6.509430e+01
   endloop
 endfacet
 facet normal  0.0000000000e+00 -1.9809986972e-01 9.8018184110e-01
   outer loop
     vertex  1.245450e+02 -2.748915e+01 6.509430e+01
     vertex  1.261550e+02 -2.748915e+01 6.509430e+01
     vertex  1.261550e+02 0.000000e+00 7.065000e+01
   endloop
 endfacet
 facet normal  0.0000000000e+00 -1.9809986972e-01 9.8018184110e-01
   outer loop
     vertex  1.245450e+02 -2.748915e+01 6.509430e+01
     vertex  1.261550e+02 0.000000e+00 7.065000e+01
     vertex  1.245450e+02 0.000000e+00 7.065000e+01
   endloop
 endfacet
 facet normal  0.0000000000e+00 1.9809986972e-01 9.8018184110e-01
   outer loop
     vertex  1.245450e+02 0.000000e+00 7.065000e+01
     vertex  1.261550e+02 0.000000e+00 7.065000e+01
     vertex  1.245450e+02 2.748915e+01 6.509430e+01
   endloop
 endfacet
 facet normal  4.2689253988e-16 1.9809986972e-01 9.8018184110e-01
   outer loop
     vertex  1.261550e+02 0.000000e+00 7.065000e+01
     vertex  1.261550e+02 2.748915e+01 6.509430e+01
     vertex  1.245450e+02 2.748915e+01 6.509430e+01
   endloop
 endfacet
 facet normal  1.2049586080e-15 5.5916213326e-01 8.2905832649e-01
   outer loop
     vertex  1.245450e+02 2.748915e+01 6.509430e+01
     vertex  1.261550e+02 2.748915e+01 6.509430e+01
     vertex  1.245450e+02 4.994730e+01 4.994730e+01
   endloop
 endfacet
 facet normal  0.0000000000e+00 5.5916213326e-01 8.2905832649e-01
   outer loop
     vertex  1.261550e+02 2.748915e+01 6.509430e+01
     vertex  1.261550e+02 4.994730e+01 4.994730e+01
     vertex  1.245450e+02 4.994730e+01 4.994730e+01
   endloop
 endfacet
 facet normal  0.0000000000e+00 8.2905832649e-01 5.5916213326e-01
   outer loop
     vertex  1.245450e+02 4.994730e+01 4.994730e+01
     vertex  1.261550e+02 4.994730e+01 4.994730e+01
     vertex  1.245450e+02 6.509430e+01 2.748915e+01
   endloop
 endfacet
 facet normal  1.2049586080e-15 8.2905832649e-01 5.5916213326e-01
   outer loop
     vertex  1.261550e+02 4.994730e+01 4.994730e+01
     vertex  1.261550e+02 6.509430e+01 2.748915e+01
     vertex  1.245450e+02 6.509430e+01 2.748915e+01
   endloop
 endfacet
 facet normal  4.2689253988e-16 9.8018184110e-01 1.9809986972e-01
   outer loop
     vertex  1.245450e+02 6.509430e+01 2.748915e+01
     vertex  1.261550e+02 6.509430e+01 2.748915e+01
     vertex  1.245450e+02 7.065000e+01 0.000000e+00
   endloop
 endfacet
 facet normal  0.0000000000e+00 9.8018184110e-01 1.9809986972e-01
   outer loop
     vertex  1.261550e+02 6.509430e+01 2.748915e+01
     vertex  1.261550e+02 7.065000e+01 0.000000e+00
     vertex  1.245450e+02 7.065000e+01 0.000000e+00
   endloop
 endfacet
 facet normal  0.0000000000e+00 9.8018184110e-01 -1.9809986972e-01
   outer loop
     vertex  1.261550e+02 7.065000e+01 0.000000e+00
     vertex  1.278225e+02 7.065000e+01 0.000000e+00
     vertex  1.278225e+02 6.509430e+01 -2.748915e+01
   endloop
 endfacet
 facet normal  0.0000000000e+00 9.8018184110e-01 -1.9809986972e-01
   outer loop
     vertex  1.261550e+02 7.065000e+01 0.000000e+00
     vertex  1.278225e+02 6.509430e+01 -2.748915e+01
     vertex  1.261550e+02 6.509430e+01 -2.748915e+01
   endloop
 endfacet
 facet normal  0.0000000000e+00 8.2905832649e-01 -5.5916213326e-01
   outer loop
     vertex  1.261550e+02 6.509430e+01 -2.748915e+01
     vertex  1.278225e+02 6.509430e+01 -2.748915e+01
     vertex  1.278225e+02 4.994730e+01 -4.994730e+01
   endloop
 endfacet
 facet normal  0.0000000000e+00 8.2905832649e-01 -5.5916213326e-01
   outer loop
     vertex  1.261550e+02 6.509430e+01 -2.748915e+01
     vertex  1.278225e+02 4.994730e+01 -4.994730e+01
     vertex  1.261550e+02 4.994730e+01 -4.994730e+01
   endloop
 endfacet
 facet normal  0.0000000000e+00 5.5916213326e-01 -8.2905832649e-01
   outer loop
     vertex  1.261550e+02 4.994730e+01 -4.994730e+01
     vertex  1.278225e+02 4.994730e+01 -4.994730e+01
     vertex  1.278225e+02 2.748915e+01 -6.509430e+01
   endloop
 endfacet
 facet normal  0.0000000000e+00 5.5916213326e-01 -8.2905832649e-01
   outer loop
     vertex  1.261550e+02 4.994730e+01 -4.994730e+01
     vertex  1.278225e+02 2.748915e+01 -6.509430e+01
     vertex  1.261550e+02 2.748915e+01 -6.509430e+01
   endloop
 endfacet
 facet normal  0.0000000000e+00 1.9809986972e-01 -9.8018184110e-01
   outer loop
     vertex  1.261550e+02 2.748915e+01 -6.509430e+01
     vertex  1.278225e+02 2.748915e+01 -6.509430e+01
     vertex  1.278225e+02 0.000000e+00 -7.065000e+01
   endloop
 endfacet
 facet normal  0.0000000000e+00 1.9809986972e-01 -9.8018184110e-01
   outer loop
     vertex  1.261550e+02 2.748915e+01 -6.509430e+01
     vertex  1.278225e+02 0.000000e+00 -7.065000e+01
     vertex  1.261550e+02 0.000000e+00 -7.065000e+01
   endloop
 endfacet
 facet normal  -0.0000000000e+00 -1.9809986972e-01 -9.8018184110e-01
   outer loop
     vertex  1.261550e+02 0.000000e+00 -7.065000e+01
     vertex  1.278225e+02 0.000000e+00 -7.065000e+01
     vertex  1.261550e+02 -2.748915e+01 -6.509430e+01
   endloop
 endfacet
 facet normal  -4.1217210747e-16 -1.9809986972e-01 -9.8018184110e-01
   outer loop
     vertex  1.278225e+02 0.000000e+00 -7.065000e+01
     vertex  1.278225e+02 -2.748915e+01 -6.509430e+01
     vertex  1.261550e+02 -2.748915e+01 -6.509430e+01
   endloop
 endfacet
 facet normal  -1.1634083112e-15 -5.5916213326e-01 -8.2905832649e-01
   outer loop
     vertex  1.261550e+02 -2.748915e+01 -6.509430e+01
     vertex  1.278225e+02 -2.748915e+01 -6.509430e+01
     vertex  1.261550e+02 -4.994730e+01 -4.994730e+01
   endloop
 endfacet
 facet normal  -0.0000000000e+00 -5.5916213326e-01 -8.2905832649e-01
   outer loop
     vertex  1.278225e+02 -2.748915e+01 -6.509430e+01
     vertex  1.278225e+02 -4.994730e+01 -4.994730e+01
     vertex  1.261550e+02 -4.994730e+01 -4.994730e+01
   endloop
 endfacet
 facet normal  -0.0000000000e+00 -8.2905832649e-01 -5.5916213326e-01
   outer loop
     vertex  1.261550e+02 -4.994730e+01 -4.994730e+01
     vertex  1.278225e+02 -4.994730e+01 -4.994730e+01
     vertex  1.261550e+02 -6.509430e+01 -2.748915e+01
   endloop
 endfacet
 facet normal  -0.0000000000e+00 -8.2905832649e-01 -5.5916213326e-01
   outer loop
     vertex  1.278225e+02 -4.994730e+01 -4.994730e+01
     vertex  1.278225e+02 -6.509430e+01 -2.748915e+01
     vertex  1.261550e+02 -6.509430e+01 -2.748915e+01
   endloop
 endfacet
 facet normal  -0.0000000000e+00 -9.8018184110e-01 -1.9809986972e-01
   outer loop
     vertex  1.261550e+02 -6.509430e+01 -2.748915e+01
     vertex  1.278225e+02 -6.509430e+01 -2.748915e+01
     vertex  1.261550e+02 -7.065000e+01 0.000000e+00
   endloop
 endfacet
 facet normal  -0.0000000000e+00 -9.8018184110e-01 -1.9809986972e-01
   outer loop
     vertex  1.278225e+02 -6.509430e+01 -2.748915e+01
     vertex  1.278225e+02 -7.065000e+01 0.000000e+00
     vertex  1.261550e+02 -7.065000e+01 0.000000e+00
   endloop
 endfacet
 facet normal  0.0000000000e+00 -9.8018184110e-01 1.9809986972e-01
   outer loop
     vertex  1.261550e+02 -7.065000e+01 0.000000e+00
     vertex  1.278225e+02 -7.065000e+01 0.000000e+00
     vertex  1.278225e+02 -6.509430e+01 2.748915e+01
   endloop
 endfacet
 facet normal  0.0000000000e+00 -9.8018184110e-01 1.9809986972e-01
   outer loop
     vertex  1.261550e+02 -7.065000e+01 0.000000e+00
     vertex  1.278225e+02 -6.509430e+01 2.748915e+01
     vertex  1.261550e+02 -6.509430e+01 2.748915e+01
   endloop
 endfacet
 facet normal  0.0000000000e+00 -8.2905832649e-01 5.5916213326e-01
   outer loop
     vertex  1.261550e+02 -6.509430e+01 2.748915e+01
     vertex  1.278225e+02 -6.509430e+01 2.748915e+01
     vertex  1.278225e+02 -4.994730e+01 4.994730e+01
   endloop
 endfacet
 facet normal  0.0000000000e+00 -8.2905832649e-01 5.5916213326e-01
   outer loop
     vertex  1.261550e+02 -6.509430e+01 2.748915e+01
     vertex  1.278225e+02 -4.994730e+01 4.994730e+01
     vertex  1.261550e+02 -4.994730e+01 4.994730e+01
   endloop
 endfacet
 facet normal  0.0000000000e+00 -5.5916213326e-01 8.2905832649e-01
   outer loop
     vertex  1.261550e+02 -4.994730e+01 4.994730e+01
     vertex  1.278225e+02 -4.994730e+01 4.994730e+01
     vertex  1.278225e+02 -2.748915e+01 6.509430e+01
   endloop
 endfacet
 facet normal  -1.1634083112e-15 -5.5916213326e-01 8.2905832649e-01
   outer loop
     vertex  1.261550e+02 -4.994730e+01 4.994730e+01
     vertex  1.278225e+02 -2.748915e+01 6.509430e+01
     vertex  1.261550e+02 -2.748915e+01 6.509430e+01
   endloop
 endfacet
 facet normal  -4.1217210747e-16 -1.9809986972e-01 9.8018184110e-01
   outer loop
     vertex  1.261550e+02 -2.748915e+01 6.509430e+01
     vertex  1.278225e+02 -2.748915e+01 6.509430e+01
     vertex  1.278225e+02 0.000000e+00 7.065000e+01
   endloop
 endfacet
 facet normal  0.0000000000e+00 -1.9809986972e-01 9.8018184110e-01
   outer loop
     vertex  1.261550e+02 -2.748915e+01 6.509430e+01
     vertex  1.278225e+02 0.000000e+00 7.065000e+01
     vertex  1.261550e+02 0.000000e+00 7.065000e+01
   endloop
 endfacet
 facet normal  0.0000000000e+00 1.9809986972e-01 9.8018184110e-01
   outer loop
     vertex  1.261550e+02 0.000000e+00 7.065000e+01
     vertex  1.278225e+02 0.000000e+00 7.065000e+01
     vertex  1.261550e+02 2.748915e+01 6.509430e+01
   endloop
 endfacet
 facet normal  0.0000000000e+00 1.9809986972e-01 9.8018184110e-01
   outer loop
     vertex  1.278225e+02 0.000000e+00 7.065000e+01
     vertex  1.278225e+02 2.748915e+01 6.509430e+01
     vertex  1.261550e+02 2.748915e+01 6.509430e+01
   endloop
 endfacet
 facet normal  0.0000000000e+00 5.5916213326e-01 8.2905832649e-01
   outer loop
     vertex  1.261550e+02 2.748915e+01 6.509430e+01
     vertex  1.278225e+02 2.748915e+01 6.509430e+01
     vertex  1.261550e+02 4.994730e+01 4.994730e+01
   endloop
 endfacet
 facet normal  0.0000000000e+00 5.5916213326e-01 8.2905832649e-01
   outer loop
     vertex  1.278225e+02 2.748915e+01 6.509430e+01
     vertex  1.278225e+02 4.994730e+01 4.994730e+01
     vertex  1.261550e+02 4.994730e+01 4.994730e+01
   endloop
 endfacet
 facet normal  0.0000000000e+00 8.2905832649e-01 5.5916213326e-01
   outer loop
     vertex  1.261550e+02 4.994730e+01 4.994730e+01
     vertex  1.278225e+02 4.994730e+01 4.994730e+01
     vertex  1.261550e+02 6.509430e+01 2.748915e+01
   endloop
 endfacet
 facet normal  0.0000000000e+00 8.2905832649e-01 5.5916213326e-01
   outer loop
     vertex  1.278225e+02 4.994730e+01 4.994730e+01
     vertex  1.278225e+02 6.509430e+01 2.748915e+01
     vertex  1.261550e+02 6.509430e+01 2.748915e+01
   endloop
 endfacet
 facet normal  0.0000000000e+00 9.8018184110e-01 1.9809986972e-01
   outer loop
     vertex  1.261550e+02 6.509430e+01 2.748915e+01
     vertex  1.278225e+02 6.509430e+01 2.748915e+01
     vertex  1.261550e+02 7.065000e+01 0.000000e+00
   endloop
 endfacet
 facet normal  0.0000000000e+00 9.8018184110e-01 1.9809986972e-01
   outer loop
     vertex  1.278225e+02 6.509430e+01 2.748915e+01
     vertex  1.278225e+02 7.065000e+01 0.000000e+00
     vertex  1.261550e+02 7.065000e+01 0.000000e+00
   endloop
 endfacet
 facet normal  0.0000000000e+00 9.8018184110e-01 -1.9809986972e-01
   outer loop
     vertex  1.278225e+02 7.065000e+01 0.000000e+00
     vertex  1.293750e+02 7.065000e+01 0.000000e+00
     vertex  1.293750e+02 6.509430e+01 -2.748915e+01
   endloop
 endfacet
 facet normal  -4.4270337469e-16 9.8018184110e-01 -1.9809986972e-01
   outer loop
     vertex  1.278225e+02 7.065000e+01 0.000000e+00
     vertex  1.293750e+02 6.509430e+01 -2.748915e+01
     vertex  1.278225e+02 6.509430e+01 -2.748915e+01
   endloop
 endfacet
 facet normal  -1.2495867046e-15 8.2905832649e-01 -5.5916213326e-01
   outer loop
     vertex  1.278225e+02 6.509430e+01 -2.748915e+01
     vertex  1.293750e+02 6.509430e+01 -2.748915e+01
     vertex  1.293750e+02 4.994730e+01 -4.994730e+01
   endloop
 endfacet
 facet normal  -6.2046470116e-15 8.2905832649e-01 -5.5916213326e-01
   outer loop
     vertex  1.278225e+02 6.509430e+01 -2.748915e+01
     vertex  1.293750e+02 4.994730e+01 -4.994730e+01
     vertex  1.278225e+02 4.994730e+01 -4.994730e+01
   endloop
 endfacet
 facet normal  -6.2046470116e-15 5.5916213326e-01 -8.2905832649e-01
   outer loop
     vertex  1.278225e+02 4.994730e+01 -4.994730e+01
     vertex  1.293750e+02 4.994730e+01 -4.994730e+01
     vertex  1.293750e+02 2.748915e+01 -6.509430e+01
   endloop
 endfacet
 facet normal  -1.2495867046e-15 5.5916213326e-01 -8.2905832649e-01
   outer loop
     vertex  1.278225e+02 4.994730e+01 -4.994730e+01
     vertex  1.293750e+02 2.748915e+01 -6.509430e+01
     vertex  1.278225e+02 2.748915e+01 -6.509430e+01
   endloop
 endfacet
 facet normal  -4.4270337469e-16 1.9809986972e-01 -9.8018184110e-01
   outer loop
     vertex  1.278225e+02 2.748915e+01 -6.509430e+01
     vertex  1.293750e+02 2.748915e+01 -6.509430e+01
     vertex  1.293750e+02 0.000000e+00 -7.065000e+01
   endloop
 endfacet
 facet normal  0.0000000000e+00 1.9809986972e-01 -9.8018184110e-01
   outer loop
     vertex  1.278225e+02 2.748915e+01 -6.509430e+01
     vertex  1.293750e+02 0.000000e+00 -7.065000e+01
     vertex  1.278225e+02 0.000000e+00 -7.065000e+01
   endloop
 endfacet
 facet normal  -0.0000000000e+00 -1.9809986972e-01 -9.8018184110e-01
   outer loop
     vertex  1.278225e+02 0.000000e+00 -7.065000e+01
     vertex  1.293750e+02 0.000000e+00 -7.065000e+01
     vertex  1.278225e+02 -2.748915e+01 -6.509430e+01
   endloop
 endfacet
 facet normal  -0.0000000000e+00 -1.9809986972e-01 -9.8018184110e-01
   outer loop
     vertex  1.293750e+02 0.000000e+00 -7.065000e+01
     vertex  1.293750e+02 -2.748915e+01 -6.509430e+01
     vertex  1.278225e+02 -2.748915e+01 -6.509430e+01
   endloop
 endfacet
 facet normal  -0.0000000000e+00 -5.5916213326e-01 -8.2905832649e-01
   outer loop
     vertex  1.278225e+02 -2.748915e+01 -6.509430e+01
     vertex  1.293750e+02 -2.748915e+01 -6.509430e+01
     vertex  1.278225e+02 -4.994730e+01 -4.994730e+01
   endloop
 endfacet
 facet normal  -3.7054736024e-15 -5.5916213326e-01 -8.2905832649e-01
   outer loop
     vertex  1.293750e+02 -2.748915e+01 -6.509430e+01
     vertex  1.293750e+02 -4.994730e+01 -4.994730e+01
     vertex  1.278225e+02 -4.994730e+01 -4.994730e+01
   endloop
 endfacet
 facet normal  -2.4991734092e-15 -8.2905832649e-01 -5.5916213326e-01
   outer loop
     vertex  1.278225e+02 -4.994730e+01 -4.994730e+01
     vertex  1.293750e+02 -4.994730e+01 -4.994730e+01
     vertex  1.278225e+02 -6.509430e+01 -2.748915e+01
   endloop
 endfacet
 facet normal  -1.2495867046e-15 -8.2905832649e-01 -5.5916213326e-01
   outer loop
     vertex  1.293750e+02 -4.994730e+01 -4.994730e+01
     vertex  1.293750e+02 -6.509430e+01 -2.748915e+01
     vertex  1.278225e+02 -6.509430e+01 -2.748915e+01
   endloop
 endfacet
 facet normal  -4.4270337469e-16 -9.8018184110e-01 -1.9809986972e-01
   outer loop
     vertex  1.278225e+02 -6.509430e+01 -2.748915e+01
     vertex  1.293750e+02 -6.509430e+01 -2.748915e+01
     vertex  1.278225e+02 -7.065000e+01 0.000000e+00
   endloop
 endfacet
 facet normal  -0.0000000000e+00 -9.8018184110e-01 -1.9809986972e-01
   outer loop
     vertex  1.293750e+02 -6.509430e+01 -2.748915e+01
     vertex  1.293750e+02 -7.065000e+01 0.000000e+00
     vertex  1.278225e+02 -7.065000e+01 0.000000e+00
   endloop
 endfacet
 facet normal  0.0000000000e+00 -9.8018184110e-01 1.9809986972e-01
   outer loop
     vertex  1.278225e+02 -7.065000e+01 0.000000e+00
     vertex  1.293750e+02 -7.065000e+01 0.000000e+00
     vertex  1.293750e+02 -6.509430e+01 2.748915e+01
   endloop
 endfacet
 facet normal  -4.4270337469e-16 -9.8018184110e-01 1.9809986972e-01
   outer loop
     vertex  1.278225e+02 -7.065000e+01 0.000000e+00
     vertex  1.293750e+02 -6.509430e+01 2.748915e+01
     vertex  1.278225e+02 -6.509430e+01 2.748915e+01
   endloop
 endfacet
 facet normal  -1.2495867046e-15 -8.2905832649e-01 5.5916213326e-01
   outer loop
     vertex  1.278225e+02 -6.509430e+01 2.748915e+01
     vertex  1.293750e+02 -6.509430e+01 2.748915e+01
     vertex  1.293750e+02 -4.994730e+01 4.994730e+01
   endloop
 endfacet
 facet normal  -2.4991734092e-15 -8.2905832649e-01 5.5916213326e-01
   outer loop
     vertex  1.278225e+02 -6.509430e+01 2.748915e+01
     vertex  1.293750e+02 -4.994730e+01 4.994730e+01
     vertex  1.278225e+02 -4.994730e+01 4.994730e+01
   endloop
 endfacet
 facet normal  -3.7054736024e-15 -5.5916213326e-01 8.2905832649e-01
   outer loop
     vertex  1.278225e+02 -4.994730e+01 4.994730e+01
     vertex  1.293750e+02 -4.994730e+01 4.994730e+01
     vertex  1.293750e+02 -2.748915e+01 6.509430e+01
   endloop
 endfacet
 facet normal  0.0000000000e+00 -5.5916213326e-01 8.2905832649e-01
   outer loop
     vertex  1.278225e+02 -4.994730e+01 4.994730e+01
     vertex  1.293750e+02 -2.748915e+01 6.509430e+01
     vertex  1.278225e+02 -2.748915e+01 6.509430e+01
   endloop
 endfacet
 facet normal  0.0000000000e+00 -1.9809986972e-01 9.8018184110e-01
   outer loop
     vertex  1.278225e+02 -2.748915e+01 6.509430e+01
     vertex  1.293750e+02 -2.748915e+01 6.509430e+01
     vertex  1.293750e+02 0.000000e+00 7.065000e+01
   endloop
 endfacet
 facet normal  0.0000000000e+00 -1.9809986972e-01 9.8018184110e-01
   outer loop
     vertex  1.278225e+02 -2.748915e+01 6.509430e+01
     vertex  1.293750e+02 0.000000e+00 7.065000e+01
     vertex  1.278225e+02 0.000000e+00 7.065000e+01
   endloop
 endfacet
 facet normal  0.0000000000e+00 1.9809986972e-01 9.8018184110e-01
   outer loop
     vertex  1.278225e+02 0.000000e+00 7.065000e+01
     vertex  1.293750e+02 0.000000e+00 7.065000e+01
     vertex  1.278225e+02 2.748915e+01 6.509430e+01
   endloop
 endfacet
 facet normal  -4.4270337469e-16 1.9809986972e-01 9.8018184110e-01
   outer loop
     vertex  1.293750e+02 0.000000e+00 7.065000e+01
     vertex  1.293750e+02 2.748915e+01 6.509430e+01
     vertex  1.278225e+02 2.748915e+01 6.509430e+01
   endloop
 endfacet
 facet normal  -1.2495867046e-15 5.5916213326e-01 8.2905832649e-01
   outer loop
     vertex  1.278225e+02 2.748915e+01 6.509430e+01
     vertex  1.293750e+02 2.748915e+01 6.509430e+01
     vertex  1.278225e+02 4.994730e+01 4.994730e+01
   endloop
 endfacet
 facet normal  -6.2046470116e-15 5.5916213326e-01 8.2905832649e-01
   outer loop
     vertex  1.293750e+02 2.748915e+01 6.509430e+01
     vertex  1.293750e+02 4.994730e+01 4.994730e+01
     vertex  1.278225e+02 4.994730e+01 4.994730e+01
   endloop
 endfacet
 facet normal  -6.2046470116e-15 8.2905832649e-01 5.5916213326e-01
   outer loop
     vertex  1.278225e+02 4.994730e+01 4.994730e+01
     vertex  1.293750e+02 4.994730e+01 4.994730e+01
     vertex  1.278225e+02 6.509430e+01 2.748915e+01
   endloop
 endfacet
 facet normal  -1.2495867046e-15 8.2905832649e-01 5.5916213326e-01
   outer loop
     vertex  1.293750e+02 4.994730e+01 4.994730e+01
     vertex  1.293750e+02 6.509430e+01 2.748915e+01
     vertex  1.278225e+02 6.509430e+01 2.748915e+01
   endloop
 endfacet
 facet normal  -4.4270337469e-16 9.8018184110e-01 1.9809986972e-01
   outer loop
     vertex  1.278225e+02 6.509430e+01 2.748915e+01
     vertex  1.293750e+02 6.509430e+01 2.748915e+01
     vertex  1.278225e+02 7.065000e+01 0.000000e+00
   endloop
 endfacet
 facet normal  0.0000000000e+00 9.8018184110e-01 1.9809986972e-01
   outer loop
     vertex  1.293750e+02 6.509430e+01 2.748915e+01
     vertex  1.293750e+02 7.065000e+01 0.000000e+00
     vertex  1.278225e+02 7.065000e+01 0.000000e+00
   endloop
 endfacet
 facet normal  0.0000000000e+00 9.8018184110e-01 -1.9809986972e-01
   outer loop
     vertex  1.293750e+02 7.065000e+01 0.000000e+00
     vertex  1.313300e+02 7.065000e+01 0.000000e+00
     vertex  1.313300e+02 6.509430e+01 -2.748915e+01
   endloop
 endfacet
 facet normal  0.0000000000e+00 9.8018184110e-01 -1.9809986972e-01
   outer loop
     vertex  1.293750e+02 7.065000e+01 0.000000e+00
     vertex  1.313300e+02 6.509430e+01 -2.748915e+01
     vertex  1.293750e+02 6.509430e+01 -2.748915e+01
   endloop
 endfacet
 facet normal  0.0000000000e+00 8.2905832649e-01 -5.5916213326e-01
   outer loop
     vertex  1.293750e+02 6.509430e+01 -2.748915e+01
     vertex  1.313300e+02 6.509430e+01 -2.748915e+01
     vertex  1.313300e+02 4.994730e+01 -4.994730e+01
   endloop
 endfacet
 facet normal  0.0000000000e+00 8.2905832649e-01 -5.5916213326e-01
   outer loop
     vertex  1.293750e+02 6.509430e+01 -2.748915e+01
     vertex  1.313300e+02 4.994730e+01 -4.994730e+01
     vertex  1.293750e+02 4.994730e+01 -4.994730e+01
   endloop
 endfacet
 facet normal  0.0000000000e+00 5.5916213326e-01 -8.2905832649e-01
   outer loop
     vertex  1.293750e+02 4.994730e+01 -4.994730e+01
     vertex  1.313300e+02 4.994730e+01 -4.994730e+01
     vertex  1.313300e+02 2.748915e+01 -6.509430e+01
   endloop
 endfacet
 facet normal  0.0000000000e+00 5.5916213326e-01 -8.2905832649e-01
   outer loop
     vertex  1.293750e+02 4.994730e+01 -4.994730e+01
     vertex  1.313300e+02 2.748915e+01 -6.509430e+01
     vertex  1.293750e+02 2.748915e+01 -6.509430e+01
   endloop
 endfacet
 facet normal  0.0000000000e+00 1.9809986972e-01 -9.8018184110e-01
   outer loop
     vertex  1.293750e+02 2.748915e+01 -6.509430e+01
     vertex  1.313300e+02 2.748915e+01 -6.509430e+01
     vertex  1.313300e+02 0.000000e+00 -7.065000e+01
   endloop
 endfacet
 facet normal  0.0000000000e+00 1.9809986972e-01 -9.8018184110e-01
   outer loop
     vertex  1.293750e+02 2.748915e+01 -6.509430e+01
     vertex  1.313300e+02 0.000000e+00 -7.065000e+01
     vertex  1.293750e+02 0.000000e+00 -7.065000e+01
   endloop
 endfacet
 facet normal  -0.0000000000e+00 -1.9809986972e-01 -9.8018184110e-01
   outer loop
     vertex  1.293750e+02 0.000000e+00 -7.065000e+01
     vertex  1.313300e+02 0.000000e+00 -7.065000e+01
     vertex  1.293750e+02 -2.748915e+01 -6.509430e+01
   endloop
 endfacet
 facet normal  -0.0000000000e+00 -1.9809986972e-01 -9.8018184110e-01
   outer loop
     vertex  1.313300e+02 0.000000e+00 -7.065000e+01
     vertex  1.313300e+02 -2.748915e+01 -6.509430e+01
     vertex  1.293750e+02 -2.748915e+01 -6.509430e+01
   endloop
 endfacet
 facet normal  -0.0000000000e+00 -5.5916213326e-01 -8.2905832649e-01
   outer loop
     vertex  1.293750e+02 -2.748915e+01 -6.509430e+01
     vertex  1.313300e+02 -2.748915e+01 -6.509430e+01
     vertex  1.293750e+02 -4.994730e+01 -4.994730e+01
   endloop
 endfacet
 facet normal  -0.0000000000e+00 -5.5916213326e-01 -8.2905832649e-01
   outer loop
     vertex  1.313300e+02 -2.748915e+01 -6.509430e+01
     vertex  1.313300e+02 -4.994730e+01 -4.994730e+01
     vertex  1.293750e+02 -4.994730e+01 -4.994730e+01
   endloop
 endfacet
 facet normal  -0.0000000000e+00 -8.2905832649e-01 -5.5916213326e-01
   outer loop
     vertex  1.293750e+02 -4.994730e+01 -4.994730e+01
     vertex  1.313300e+02 -4.994730e+01 -4.994730e+01
     vertex  1.293750e+02 -6.509430e+01 -2.748915e+01
   endloop
 endfacet
 facet normal  -0.0000000000e+00 -8.2905832649e-01 -5.5916213326e-01
   outer loop
     vertex  1.313300e+02 -4.994730e+01 -4.994730e+01
     vertex  1.313300e+02 -6.509430e+01 -2.748915e+01
     vertex  1.293750e+02 -6.509430e+01 -2.748915e+01
   endloop
 endfacet
 facet normal  -0.0000000000e+00 -9.8018184110e-01 -1.9809986972e-01
   outer loop
     vertex  1.293750e+02 -6.509430e+01 -2.748915e+01
     vertex  1.313300e+02 -6.509430e+01 -2.748915e+01
     vertex  1.293750e+02 -7.065000e+01 0.000000e+00
   endloop
 endfacet
 facet normal  -0.0000000000e+00 -9.8018184110e-01 -1.9809986972e-01
   outer loop
     vertex  1.313300e+02 -6.509430e+01 -2.748915e+01
     vertex  1.313300e+02 -7.065000e+01 0.000000e+00
     vertex  1.293750e+02 -7.065000e+01 0.000000e+00
   endloop
 endfacet
 facet normal  0.0000000000e+00 -9.8018184110e-01 1.9809986972e-01
   outer loop
     vertex  1.293750e+02 -7.065000e+01 0.000000e+00
     vertex  1.313300e+02 -7.065000e+01 0.000000e+00
     vertex  1.313300e+02 -6.509430e+01 2.748915e+01
   endloop
 endfacet
 facet normal  0.0000000000e+00 -9.8018184110e-01 1.9809986972e-01
   outer loop
     vertex  1.293750e+02 -7.065000e+01 0.000000e+00
     vertex  1.313300e+02 -6.509430e+01 2.748915e+01
     vertex  1.293750e+02 -6.509430e+01 2.748915e+01
   endloop
 endfacet
 facet normal  0.0000000000e+00 -8.2905832649e-01 5.5916213326e-01
   outer loop
     vertex  1.293750e+02 -6.509430e+01 2.748915e+01
     vertex  1.313300e+02 -6.509430e+01 2.748915e+01
     vertex  1.313300e+02 -4.994730e+01 4.994730e+01
   endloop
 endfacet
 facet normal  0.0000000000e+00 -8.2905832649e-01 5.5916213326e-01
   outer loop
     vertex  1.293750e+02 -6.509430e+01 2.748915e+01
     vertex  1.313300e+02 -4.994730e+01 4.994730e+01
     vertex  1.293750e+02 -4.994730e+01 4.994730e+01
   endloop
 endfacet
 facet normal  0.0000000000e+00 -5.5916213326e-01 8.2905832649e-01
   outer loop
     vertex  1.293750e+02 -4.994730e+01 4.994730e+01
     vertex  1.313300e+02 -4.994730e+01 4.994730e+01
     vertex  1.313300e+02 -2.748915e+01 6.509430e+01
   endloop
 endfacet
 facet normal  0.0000000000e+00 -5.5916213326e-01 8.2905832649e-01
   outer loop
     vertex  1.293750e+02 -4.994730e+01 4.994730e+01
     vertex  1.313300e+02 -2.748915e+01 6.509430e+01
     vertex  1.293750e+02 -2.748915e+01 6.509430e+01
   endloop
 endfacet
 facet normal  0.0000000000e+00 -1.9809986972e-01 9.8018184110e-01
   outer loop
     vertex  1.293750e+02 -2.748915e+01 6.509430e+01
     vertex  1.313300e+02 -2.748915e+01 6.509430e+01
     vertex  1.313300e+02 0.000000e+00 7.065000e+01
   endloop
 endfacet
 facet normal  0.0000000000e+00 -1.9809986972e-01 9.8018184110e-01
   outer loop
     vertex  1.293750e+02 -2.748915e+01 6.509430e+01
     vertex  1.313300e+02 0.000000e+00 7.065000e+01
     vertex  1.293750e+02 0.000000e+00 7.065000e+01
   endloop
 endfacet
 facet normal  0.0000000000e+00 1.9809986972e-01 9.8018184110e-01
   outer loop
     vertex  1.293750e+02 0.000000e+00 7.065000e+01
     vertex  1.313300e+02 0.000000e+00 7.065000e+01
     vertex  1.293750e+02 2.748915e+01 6.509430e+01
   endloop
 endfacet
 facet normal  0.0000000000e+00 1.9809986972e-01 9.8018184110e-01
   outer loop
     vertex  1.313300e+02 0.000000e+00 7.065000e+01
     vertex  1.313300e+02 2.748915e+01 6.509430e+01
     vertex  1.293750e+02 2.748915e+01 6.509430e+01
   endloop
 endfacet
 facet normal  0.0000000000e+00 5.5916213326e-01 8.2905832649e-01
   outer loop
     vertex  1.293750e+02 2.748915e+01 6.509430e+01
     vertex  1.313300e+02 2.748915e+01 6.509430e+01
     vertex  1.293750e+02 4.994730e+01 4.994730e+01
   endloop
 endfacet
 facet normal  0.0000000000e+00 5.5916213326e-01 8.2905832649e-01
   outer loop
     vertex  1.313300e+02 2.748915e+01 6.509430e+01
     vertex  1.313300e+02 4.994730e+01 4.994730e+01
     vertex  1.293750e+02 4.994730e+01 4.994730e+01
   endloop
 endfacet
 facet normal  0.0000000000e+00 8.2905832649e-01 5.5916213326e-01
   outer loop
     vertex  1.293750e+02 4.994730e+01 4.994730e+01
     vertex  1.313300e+02 4.994730e+01 4.994730e+01
     vertex  1.293750e+02 6.509430e+01 2.748915e+01
   endloop
 endfacet
 facet normal  0.0000000000e+00 8.2905832649e-01 5.5916213326e-01
   outer loop
     vertex  1.313300e+02 4.994730e+01 4.994730e+01
     vertex  1.313300e+02 6.509430e+01 2.748915e+01
     vertex  1.293750e+02 6.509430e+01 2.748915e+01
   endloop
 endfacet
 facet normal  0.0000000000e+00 9.8018184110e-01 1.9809986972e-01
   outer loop
     vertex  1.293750e+02 6.509430e+01 2.748915e+01
     vertex  1.313300e+02 6.509430e+01 2.748915e+01
     vertex  1.293750e+02 7.065000e+01 0.000000e+00
   endloop
 endfacet
 facet normal  0.0000000000e+00 9.8018184110e-01 1.9809986972e-01
   outer loop
     vertex  1.313300e+02 6.509430e+01 2.748915e+01
     vertex  1.313300e+02 7.065000e+01 0.000000e+00
     vertex  1.293750e+02 7.065000e+01 0.000000e+00
   endloop
 endfacet
 facet normal  0.0000000000e+00 9.8018184110e-01 -1.9809986972e-01
   outer loop
     vertex  1.313300e+02 7.065000e+01 0.000000e+00
     vertex  1.340900e+02 7.065000e+01 0.000000e+00
     vertex  1.340900e+02 6.509430e+01 -2.748915e+01
   endloop
 endfacet
 facet normal  0.0000000000e+00 9.8018184110e-01 -1.9809986972e-01
   outer loop
     vertex  1.313300e+02 7.065000e+01 0.000000e+00
     vertex  1.340900e+02 6.509430e+01 -2.748915e+01
     vertex  1.313300e+02 6.509430e+01 -2.748915e+01
   endloop
 endfacet
 facet normal  0.0000000000e+00 8.2905832649e-01 -5.5916213326e-01
   outer loop
     vertex  1.313300e+02 6.509430e+01 -2.748915e+01
     vertex  1.340900e+02 6.509430e+01 -2.748915e+01
     vertex  1.340900e+02 4.994730e+01 -4.994730e+01
   endloop
 endfacet
 facet normal  3.4901139440e-15 8.2905832649e-01 -5.5916213326e-01
   outer loop
     vertex  1.313300e+02 6.509430e+01 -2.748915e+01
     vertex  1.340900e+02 4.994730e+01 -4.994730e+01
     vertex  1.313300e+02 4.994730e+01 -4.994730e+01
   endloop
 endfacet
 facet normal  3.4901139440e-15 5.5916213326e-01 -8.2905832649e-01
   outer loop
     vertex  1.313300e+02 4.994730e+01 -4.994730e+01
     vertex  1.340900e+02 4.994730e+01 -4.994730e+01
     vertex  1.340900e+02 2.748915e+01 -6.509430e+01
   endloop
 endfacet
 facet normal  0.0000000000e+00 5.5916213326e-01 -8.2905832649e-01
   outer loop
     vertex  1.313300e+02 4.994730e+01 -4.994730e+01
     vertex  1.340900e+02 2.748915e+01 -6.509430e+01
     vertex  1.313300e+02 2.748915e+01 -6.509430e+01
   endloop
 endfacet
 facet normal  0.0000000000e+00 1.9809986972e-01 -9.8018184110e-01
   outer loop
     vertex  1.313300e+02 2.748915e+01 -6.509430e+01
     vertex  1.340900e+02 2.748915e+01 -6.509430e+01
     vertex  1.340900e+02 0.000000e+00 -7.065000e+01
   endloop
 endfacet
 facet normal  0.0000000000e+00 1.9809986972e-01 -9.8018184110e-01
   outer loop
     vertex  1.313300e+02 2.748915e+01 -6.509430e+01
     vertex  1.340900e+02 0.000000e+00 -7.065000e+01
     vertex  1.313300e+02 0.000000e+00 -7.065000e+01
   endloop
 endfacet
 facet normal  -0.0000000000e+00 -1.9809986972e-01 -9.8018184110e-01
   outer loop
     vertex  1.313300e+02 0.000000e+00 -7.065000e+01
     vertex  1.340900e+02 0.000000e+00 -7.065000e+01
     vertex  1.313300e+02 -2.748915e+01 -6.509430e+01
   endloop
 endfacet
 facet normal  2.4902064826e-16 -1.9809986972e-01 -9.8018184110e-01
   outer loop
     vertex  1.340900e+02 0.000000e+00 -7.065000e+01
     vertex  1.340900e+02 -2.748915e+01 -6.509430e+01
     vertex  1.313300e+02 -2.748915e+01 -6.509430e+01
   endloop
 endfacet
 facet normal  7.0289252133e-16 -5.5916213326e-01 -8.2905832649e-01
   outer loop
     vertex  1.313300e+02 -2.748915e+01 -6.509430e+01
     vertex  1.340900e+02 -2.748915e+01 -6.509430e+01
     vertex  1.313300e+02 -4.994730e+01 -4.994730e+01
   endloop
 endfacet
 facet normal  2.0843289013e-15 -5.5916213326e-01 -8.2905832649e-01
   outer loop
     vertex  1.340900e+02 -2.748915e+01 -6.509430e+01
     vertex  1.340900e+02 -4.994730e+01 -4.994730e+01
     vertex  1.313300e+02 -4.994730e+01 -4.994730e+01
   endloop
 endfacet
 facet normal  1.4057850427e-15 -8.2905832649e-01 -5.5916213326e-01
   outer loop
     vertex  1.313300e+02 -4.994730e+01 -4.994730e+01
     vertex  1.340900e+02 -4.994730e+01 -4.994730e+01
     vertex  1.313300e+02 -6.509430e+01 -2.748915e+01
   endloop
 endfacet
 facet normal  -0.0000000000e+00 -8.2905832649e-01 -5.5916213326e-01
   outer loop
     vertex  1.340900e+02 -4.994730e+01 -4.994730e+01
     vertex  1.340900e+02 -6.509430e+01 -2.748915e+01
     vertex  1.313300e+02 -6.509430e+01 -2.748915e+01
   endloop
 endfacet
 facet normal  -0.0000000000e+00 -9.8018184110e-01 -1.9809986972e-01
   outer loop
     vertex  1.313300e+02 -6.509430e+01 -2.748915e+01
     vertex  1.340900e+02 -6.509430e+01 -2.748915e+01
     vertex  1.313300e+02 -7.065000e+01 0.000000e+00
   endloop
 endfacet
 facet normal  -0.0000000000e+00 -9.8018184110e-01 -1.9809986972e-01
   outer loop
     vertex  1.340900e+02 -6.509430e+01 -2.748915e+01
     vertex  1.340900e+02 -7.065000e+01 0.000000e+00
     vertex  1.313300e+02 -7.065000e+01 0.000000e+00
   endloop
 endfacet
 facet normal  0.0000000000e+00 -9.8018184110e-01 1.9809986972e-01
   outer loop
     vertex  1.313300e+02 -7.065000e+01 0.000000e+00
     vertex  1.340900e+02 -7.065000e+01 0.000000e+00
     vertex  1.340900e+02 -6.509430e+01 2.748915e+01
   endloop
 endfacet
 facet normal  0.0000000000e+00 -9.8018184110e-01 1.9809986972e-01
   outer loop
     vertex  1.313300e+02 -7.065000e+01 0.000000e+00
     vertex  1.340900e+02 -6.509430e+01 2.748915e+01
     vertex  1.313300e+02 -6.509430e+01 2.748915e+01
   endloop
 endfacet
 facet normal  0.0000000000e+00 -8.2905832649e-01 5.5916213326e-01
   outer loop
     vertex  1.313300e+02 -6.509430e+01 2.748915e+01
     vertex  1.340900e+02 -6.509430e+01 2.748915e+01
     vertex  1.340900e+02 -4.994730e+01 4.994730e+01
   endloop
 endfacet
 facet normal  1.4057850427e-15 -8.2905832649e-01 5.5916213326e-01
   outer loop
     vertex  1.313300e+02 -6.509430e+01 2.748915e+01
     vertex  1.340900e+02 -4.994730e+01 4.994730e+01
     vertex  1.313300e+02 -4.994730e+01 4.994730e+01
   endloop
 endfacet
 facet normal  2.0843289013e-15 -5.5916213326e-01 8.2905832649e-01
   outer loop
     vertex  1.313300e+02 -4.994730e+01 4.994730e+01
     vertex  1.340900e+02 -4.994730e+01 4.994730e+01
     vertex  1.340900e+02 -2.748915e+01 6.509430e+01
   endloop
 endfacet
 facet normal  7.0289252133e-16 -5.5916213326e-01 8.2905832649e-01
   outer loop
     vertex  1.313300e+02 -4.994730e+01 4.994730e+01
     vertex  1.340900e+02 -2.748915e+01 6.509430e+01
     vertex  1.313300e+02 -2.748915e+01 6.509430e+01
   endloop
 endfacet
 facet normal  2.4902064826e-16 -1.9809986972e-01 9.8018184110e-01
   outer loop
     vertex  1.313300e+02 -2.748915e+01 6.509430e+01
     vertex  1.340900e+02 -2.748915e+01 6.509430e+01
     vertex  1.340900e+02 0.000000e+00 7.065000e+01
   endloop
 endfacet
 facet normal  0.0000000000e+00 -1.9809986972e-01 9.8018184110e-01
   outer loop
     vertex  1.313300e+02 -2.748915e+01 6.509430e+01
     vertex  1.340900e+02 0.000000e+00 7.065000e+01
     vertex  1.313300e+02 0.000000e+00 7.065000e+01
   endloop
 endfacet
 facet normal  0.0000000000e+00 1.9809986972e-01 9.8018184110e-01
   outer loop
     vertex  1.313300e+02 0.000000e+00 7.065000e+01
     vertex  1.340900e+02 0.000000e+00 7.065000e+01
     vertex  1.313300e+02 2.748915e+01 6.509430e+01
   endloop
 endfacet
 facet normal  0.0000000000e+00 1.9809986972e-01 9.8018184110e-01
   outer loop
     vertex  1.340900e+02 0.000000e+00 7.065000e+01
     vertex  1.340900e+02 2.748915e+01 6.509430e+01
     vertex  1.313300e+02 2.748915e+01 6.509430e+01
   endloop
 endfacet
 facet normal  0.0000000000e+00 5.5916213326e-01 8.2905832649e-01
   outer loop
     vertex  1.313300e+02 2.748915e+01 6.509430e+01
     vertex  1.340900e+02 2.748915e+01 6.509430e+01
     vertex  1.313300e+02 4.994730e+01 4.994730e+01
   endloop
 endfacet
 facet normal  3.4901139440e-15 5.5916213326e-01 8.2905832649e-01
   outer loop
     vertex  1.340900e+02 2.748915e+01 6.509430e+01
     vertex  1.340900e+02 4.994730e+01 4.994730e+01
     vertex  1.313300e+02 4.994730e+01 4.994730e+01
   endloop
 endfacet
 facet normal  3.4901139440e-15 8.2905832649e-01 5.5916213326e-01
   outer loop
     vertex  1.313300e+02 4.994730e+01 4.994730e+01
     vertex  1.340900e+02 4.994730e+01 4.994730e+01
     vertex  1.313300e+02 6.509430e+01 2.748915e+01
   endloop
 endfacet
 facet normal  0.0000000000e+00 8.2905832649e-01 5.5916213326e-01
   outer loop
     vertex  1.340900e+02 4.994730e+01 4.994730e+01
     vertex  1.340900e+02 6.509430e+01 2.748915e+01
     vertex  1.313300e+02 6.509430e+01 2.748915e+01
   endloop
 endfacet
 facet normal  0.0000000000e+00 9.8018184110e-01 1.9809986972e-01
   outer loop
     vertex  1.313300e+02 6.509430e+01 2.748915e+01
     vertex  1.340900e+02 6.509430e+01 2.748915e+01
     vertex  1.313300e+02 7.065000e+01 0.000000e+00
   endloop
 endfacet
 facet normal  0.0000000000e+00 9.8018184110e-01 1.9809986972e-01
   outer loop
     vertex  1.340900e+02 6.509430e+01 2.748915e+01
     vertex  1.340900e+02 7.065000e+01 0.000000e+00
     vertex  1.313300e+02 7.065000e+01 0.000000e+00
   endloop
 endfacet
 facet normal  0.0000000000e+00 9.8018184110e-01 -1.9809986972e-01
   outer loop
     vertex  1.340900e+02 7.065000e+01 0.000000e+00
     vertex  1.373100e+02 7.065000e+01 0.000000e+00
     vertex  1.373100e+02 6.509430e+01 -2.748915e+01
   endloop
 endfacet
 facet normal  2.1344626994e-16 9.8018184110e-01 -1.9809986972e-01
   outer loop
     vertex  1.340900e+02 7.065000e+01 0.000000e+00
     vertex  1.373100e+02 6.509430e+01 -2.748915e+01
     vertex  1.340900e+02 6.509430e+01 -2.748915e+01
   endloop
 endfacet
 facet normal  6.0247930400e-16 8.2905832649e-01 -5.5916213326e-01
   outer loop
     vertex  1.340900e+02 6.509430e+01 -2.748915e+01
     vertex  1.373100e+02 6.509430e+01 -2.748915e+01
     vertex  1.373100e+02 4.994730e+01 -4.994730e+01
   endloop
 endfacet
 facet normal  0.0000000000e+00 8.2905832649e-01 -5.5916213326e-01
   outer loop
     vertex  1.340900e+02 6.509430e+01 -2.748915e+01
     vertex  1.373100e+02 4.994730e+01 -4.994730e+01
     vertex  1.340900e+02 4.994730e+01 -4.994730e+01
   endloop
 endfacet
 facet normal  0.0000000000e+00 5.5916213326e-01 -8.2905832649e-01
   outer loop
     vertex  1.340900e+02 4.994730e+01 -4.994730e+01
     vertex  1.373100e+02 4.994730e+01 -4.994730e+01
     vertex  1.373100e+02 2.748915e+01 -6.509430e+01
   endloop
 endfacet
 facet normal  6.0247930400e-16 5.5916213326e-01 -8.2905832649e-01
   outer loop
     vertex  1.340900e+02 4.994730e+01 -4.994730e+01
     vertex  1.373100e+02 2.748915e+01 -6.509430e+01
     vertex  1.340900e+02 2.748915e+01 -6.509430e+01
   endloop
 endfacet
 facet normal  2.1344626994e-16 1.9809986972e-01 -9.8018184110e-01
   outer loop
     vertex  1.340900e+02 2.748915e+01 -6.509430e+01
     vertex  1.373100e+02 2.748915e+01 -6.509430e+01
     vertex  1.373100e+02 0.000000e+00 -7.065000e+01
   endloop
 endfacet
 facet normal  0.0000000000e+00 1.9809986972e-01 -9.8018184110e-01
   outer loop
     vertex  1.340900e+02 2.748915e+01 -6.509430e+01
     vertex  1.373100e+02 0.000000e+00 -7.065000e+01
     vertex  1.340900e+02 0.000000e+00 -7.065000e+01
   endloop
 endfacet
 facet normal  -0.0000000000e+00 -1.9809986972e-01 -9.8018184110e-01
   outer loop
     vertex  1.340900e+02 0.000000e+00 -7.065000e+01
     vertex  1.373100e+02 0.000000e+00 -7.065000e+01
     vertex  1.340900e+02 -2.748915e+01 -6.509430e+01
   endloop
 endfacet
 facet normal  -0.0000000000e+00 -1.9809986972e-01 -9.8018184110e-01
   outer loop
     vertex  1.373100e+02 0.000000e+00 -7.065000e+01
     vertex  1.373100e+02 -2.748915e+01 -6.509430e+01
     vertex  1.340900e+02 -2.748915e+01 -6.509430e+01
   endloop
 endfacet
 facet normal  -0.0000000000e+00 -5.5916213326e-01 -8.2905832649e-01
   outer loop
     vertex  1.340900e+02 -2.748915e+01 -6.509430e+01
     vertex  1.373100e+02 -2.748915e+01 -6.509430e+01
     vertex  1.340900e+02 -4.994730e+01 -4.994730e+01
   endloop
 endfacet
 facet normal  -0.0000000000e+00 -5.5916213326e-01 -8.2905832649e-01
   outer loop
     vertex  1.373100e+02 -2.748915e+01 -6.509430e+01
     vertex  1.373100e+02 -4.994730e+01 -4.994730e+01
     vertex  1.340900e+02 -4.994730e+01 -4.994730e+01
   endloop
 endfacet
 facet normal  -0.0000000000e+00 -8.2905832649e-01 -5.5916213326e-01
   outer loop
     vertex  1.340900e+02 -4.994730e+01 -4.994730e+01
     vertex  1.373100e+02 -4.994730e+01 -4.994730e+01
     vertex  1.340900e+02 -6.509430e+01 -2.748915e+01
   endloop
 endfacet
 facet normal  6.0247930400e-16 -8.2905832649e-01 -5.5916213326e-01
   outer loop
     vertex  1.373100e+02 -4.994730e+01 -4.994730e+01
     vertex  1.373100e+02 -6.509430e+01 -2.748915e+01
     vertex  1.340900e+02 -6.509430e+01 -2.748915e+01
   endloop
 endfacet
 facet normal  2.1344626994e-16 -9.8018184110e-01 -1.9809986972e-01
   outer loop
     vertex  1.340900e+02 -6.509430e+01 -2.748915e+01
     vertex  1.373100e+02 -6.509430e+01 -2.748915e+01
     vertex  1.340900e+02 -7.065000e+01 0.000000e+00
   endloop
 endfacet
 facet normal  -0.0000000000e+00 -9.8018184110e-01 -1.9809986972e-01
   outer loop
     vertex  1.373100e+02 -6.509430e+01 -2.748915e+01
     vertex  1.373100e+02 -7.065000e+01 0.000000e+00
     vertex  1.340900e+02 -7.065000e+01 0.000000e+00
   endloop
 endfacet
 facet normal  0.0000000000e+00 -9.8018184110e-01 1.9809986972e-01
   outer loop
     vertex  1.340900e+02 -7.065000e+01 0.000000e+00
     vertex  1.373100e+02 -7.065000e+01 0.000000e+00
     vertex  1.373100e+02 -6.509430e+01 2.748915e+01
   endloop
 endfacet
 facet normal  2.1344626994e-16 -9.8018184110e-01 1.9809986972e-01
   outer loop
     vertex  1.340900e+02 -7.065000e+01 0.000000e+00
     vertex  1.373100e+02 -6.509430e+01 2.748915e+01
     vertex  1.340900e+02 -6.509430e+01 2.748915e+01
   endloop
 endfacet
 facet normal  6.0247930400e-16 -8.2905832649e-01 5.5916213326e-01
   outer loop
     vertex  1.340900e+02 -6.509430e+01 2.748915e+01
     vertex  1.373100e+02 -6.509430e+01 2.748915e+01
     vertex  1.373100e+02 -4.994730e+01 4.994730e+01
   endloop
 endfacet
 facet normal  0.0000000000e+00 -8.2905832649e-01 5.5916213326e-01
   outer loop
     vertex  1.340900e+02 -6.509430e+01 2.748915e+01
     vertex  1.373100e+02 -4.994730e+01 4.994730e+01
     vertex  1.340900e+02 -4.994730e+01 4.994730e+01
   endloop
 endfacet
 facet normal  0.0000000000e+00 -5.5916213326e-01 8.2905832649e-01
   outer loop
     vertex  1.340900e+02 -4.994730e+01 4.994730e+01
     vertex  1.373100e+02 -4.994730e+01 4.994730e+01
     vertex  1.373100e+02 -2.748915e+01 6.509430e+01
   endloop
 endfacet
 facet normal  0.0000000000e+00 -5.5916213326e-01 8.2905832649e-01
   outer loop
     vertex  1.340900e+02 -4.994730e+01 4.994730e+01
     vertex  1.373100e+02 -2.748915e+01 6.509430e+01
     vertex  1.340900e+02 -2.748915e+01 6.509430e+01
   endloop
 endfacet
 facet normal  0.0000000000e+00 -1.9809986972e-01 9.8018184110e-01
   outer loop
     vertex  1.340900e+02 -2.748915e+01 6.509430e+01
     vertex  1.373100e+02 -2.748915e+01 6.509430e+01
     vertex  1.373100e+02 0.000000e+00 7.065000e+01
   endloop
 endfacet
 facet normal  0.0000000000e+00 -1.9809986972e-01 9.8018184110e-01
   outer loop
     vertex  1.340900e+02 -2.748915e+01 6.509430e+01
     vertex  1.373100e+02 0.000000e+00 7.065000e+01
     vertex  1.340900e+02 0.000000e+00 7.065000e+01
   endloop
 endfacet
 facet normal  0.0000000000e+00 1.9809986972e-01 9.8018184110e-01
   outer loop
     vertex  1.340900e+02 0.000000e+00 7.065000e+01
     vertex  1.373100e+02 0.000000e+00 7.065000e+01
     vertex  1.340900e+02 2.748915e+01 6.509430e+01
   endloop
 endfacet
 facet normal  2.1344626994e-16 1.9809986972e-01 9.8018184110e-01
   outer loop
     vertex  1.373100e+02 0.000000e+00 7.065000e+01
     vertex  1.373100e+02 2.748915e+01 6.509430e+01
     vertex  1.340900e+02 2.748915e+01 6.509430e+01
   endloop
 endfacet
 facet normal  6.0247930400e-16 5.5916213326e-01 8.2905832649e-01
   outer loop
     vertex  1.340900e+02 2.748915e+01 6.509430e+01
     vertex  1.373100e+02 2.748915e+01 6.509430e+01
     vertex  1.340900e+02 4.994730e+01 4.994730e+01
   endloop
 endfacet
 facet normal  0.0000000000e+00 5.5916213326e-01 8.2905832649e-01
   outer loop
     vertex  1.373100e+02 2.748915e+01 6.509430e+01
     vertex  1.373100e+02 4.994730e+01 4.994730e+01
     vertex  1.340900e+02 4.994730e+01 4.994730e+01
   endloop
 endfacet
 facet normal  0.0000000000e+00 8.2905832649e-01 5.5916213326e-01
   outer loop
     vertex  1.340900e+02 4.994730e+01 4.994730e+01
     vertex  1.373100e+02 4.994730e+01 4.994730e+01
     vertex  1.340900e+02 6.509430e+01 2.748915e+01
   endloop
 endfacet
 facet normal  6.0247930400e-16 8.2905832649e-01 5.5916213326e-01
   outer loop
     vertex  1.373100e+02 4.994730e+01 4.994730e+01
     vertex  1.373100e+02 6.509430e+01 2.748915e+01
     vertex  1.340900e+02 6.509430e+01 2.748915e+01
   endloop
 endfacet
 facet normal  2.1344626994e-16 9.8018184110e-01 1.9809986972e-01
   outer loop
     vertex  1.340900e+02 6.509430e+01 2.748915e+01
     vertex  1.373100e+02 6.509430e+01 2.748915e+01
     vertex  1.340900e+02 7.065000e+01 0.000000e+00
   endloop
 endfacet
 facet normal  0.0000000000e+00 9.8018184110e-01 1.9809986972e-01
   outer loop
     vertex  1.373100e+02 6.509430e+01 2.748915e+01
     vertex  1.373100e+02 7.065000e+01 0.000000e+00
     vertex  1.340900e+02 7.065000e+01 0.000000e+00
   endloop
 endfacet
 facet normal  0.0000000000e+00 9.8018184110e-01 -1.9809986972e-01
   outer loop
     vertex  1.373100e+02 7.065000e+01 0.000000e+00
     vertex  1.406450e+02 7.065000e+01 0.000000e+00
     vertex  1.406450e+02 6.509430e+01 -2.748915e+01
   endloop
 endfacet
 facet normal  0.0000000000e+00 9.8018184110e-01 -1.9809986972e-01
   outer loop
     vertex  1.373100e+02 7.065000e+01 0.000000e+00
     vertex  1.406450e+02 6.509430e+01 -2.748915e+01
     vertex  1.373100e+02 6.509430e+01 -2.748915e+01
   endloop
 endfacet
 facet normal  0.0000000000e+00 8.2905832649e-01 -5.5916213326e-01
   outer loop
     vertex  1.373100e+02 6.509430e+01 -2.748915e+01
     vertex  1.406450e+02 6.509430e+01 -2.748915e+01
     vertex  1.406450e+02 4.994730e+01 -4.994730e+01
   endloop
 endfacet
 facet normal  0.0000000000e+00 8.2905832649e-01 -5.5916213326e-01
   outer loop
     vertex  1.373100e+02 6.509430e+01 -2.748915e+01
     vertex  1.406450e+02 4.994730e+01 -4.994730e+01
     vertex  1.373100e+02 4.994730e+01 -4.994730e+01
   endloop
 endfacet
 facet normal  0.0000000000e+00 5.5916213326e-01 -8.2905832649e-01
   outer loop
     vertex  1.373100e+02 4.994730e+01 -4.994730e+01
     vertex  1.406450e+02 4.994730e+01 -4.994730e+01
     vertex  1.406450e+02 2.748915e+01 -6.509430e+01
   endloop
 endfacet
 facet normal  0.0000000000e+00 5.5916213326e-01 -8.2905832649e-01
   outer loop
     vertex  1.373100e+02 4.994730e+01 -4.994730e+01
     vertex  1.406450e+02 2.748915e+01 -6.509430e+01
     vertex  1.373100e+02 2.748915e+01 -6.509430e+01
   endloop
 endfacet
 facet normal  0.0000000000e+00 1.9809986972e-01 -9.8018184110e-01
   outer loop
     vertex  1.373100e+02 2.748915e+01 -6.509430e+01
     vertex  1.406450e+02 2.748915e+01 -6.509430e+01
     vertex  1.406450e+02 0.000000e+00 -7.065000e+01
   endloop
 endfacet
 facet normal  0.0000000000e+00 1.9809986972e-01 -9.8018184110e-01
   outer loop
     vertex  1.373100e+02 2.748915e+01 -6.509430e+01
     vertex  1.406450e+02 0.000000e+00 -7.065000e+01
     vertex  1.373100e+02 0.000000e+00 -7.065000e+01
   endloop
 endfacet
 facet normal  -0.0000000000e+00 -1.9809986972e-01 -9.8018184110e-01
   outer loop
     vertex  1.373100e+02 0.000000e+00 -7.065000e+01
     vertex  1.406450e+02 0.000000e+00 -7.065000e+01
     vertex  1.373100e+02 -2.748915e+01 -6.509430e+01
   endloop
 endfacet
 facet normal  -2.0608605373e-16 -1.9809986972e-01 -9.8018184110e-01
   outer loop
     vertex  1.406450e+02 0.000000e+00 -7.065000e+01
     vertex  1.406450e+02 -2.748915e+01 -6.509430e+01
     vertex  1.373100e+02 -2.748915e+01 -6.509430e+01
   endloop
 endfacet
 facet normal  -5.8170415559e-16 -5.5916213326e-01 -8.2905832649e-01
   outer loop
     vertex  1.373100e+02 -2.748915e+01 -6.509430e+01
     vertex  1.406450e+02 -2.748915e+01 -6.509430e+01
     vertex  1.373100e+02 -4.994730e+01 -4.994730e+01
   endloop
 endfacet
 facet normal  -0.0000000000e+00 -5.5916213326e-01 -8.2905832649e-01
   outer loop
     vertex  1.406450e+02 -2.748915e+01 -6.509430e+01
     vertex  1.406450e+02 -4.994730e+01 -4.994730e+01
     vertex  1.373100e+02 -4.994730e+01 -4.994730e+01
   endloop
 endfacet
 facet normal  -0.0000000000e+00 -8.2905832649e-01 -5.5916213326e-01
   outer loop
     vertex  1.373100e+02 -4.994730e+01 -4.994730e+01
     vertex  1.406450e+02 -4.994730e+01 -4.994730e+01
     vertex  1.373100e+02 -6.509430e+01 -2.748915e+01
   endloop
 endfacet
 facet normal  -0.0000000000e+00 -8.2905832649e-01 -5.5916213326e-01
   outer loop
     vertex  1.406450e+02 -4.994730e+01 -4.994730e+01
     vertex  1.406450e+02 -6.509430e+01 -2.748915e+01
     vertex  1.373100e+02 -6.509430e+01 -2.748915e+01
   endloop
 endfacet
 facet normal  -0.0000000000e+00 -9.8018184110e-01 -1.9809986972e-01
   outer loop
     vertex  1.373100e+02 -6.509430e+01 -2.748915e+01
     vertex  1.406450e+02 -6.509430e+01 -2.748915e+01
     vertex  1.373100e+02 -7.065000e+01 0.000000e+00
   endloop
 endfacet
 facet normal  -0.0000000000e+00 -9.8018184110e-01 -1.9809986972e-01
   outer loop
     vertex  1.406450e+02 -6.509430e+01 -2.748915e+01
     vertex  1.406450e+02 -7.065000e+01 0.000000e+00
     vertex  1.373100e+02 -7.065000e+01 0.000000e+00
   endloop
 endfacet
 facet normal  0.0000000000e+00 -9.8018184110e-01 1.9809986972e-01
   outer loop
     vertex  1.373100e+02 -7.065000e+01 0.000000e+00
     vertex  1.406450e+02 -7.065000e+01 0.000000e+00
     vertex  1.406450e+02 -6.509430e+01 2.748915e+01
   endloop
 endfacet
 facet normal  0.0000000000e+00 -9.8018184110e-01 1.9809986972e-01
   outer loop
     vertex  1.373100e+02 -7.065000e+01 0.000000e+00
     vertex  1.406450e+02 -6.509430e+01 2.748915e+01
     vertex  1.373100e+02 -6.509430e+01 2.748915e+01
   endloop
 endfacet
 facet normal  0.0000000000e+00 -8.2905832649e-01 5.5916213326e-01
   outer loop
     vertex  1.373100e+02 -6.509430e+01 2.748915e+01
     vertex  1.406450e+02 -6.509430e+01 2.748915e+01
     vertex  1.406450e+02 -4.994730e+01 4.994730e+01
   endloop
 endfacet
 facet normal  0.0000000000e+00 -8.2905832649e-01 5.5916213326e-01
   outer loop
     vertex  1.373100e+02 -6.509430e+01 2.748915e+01
     vertex  1.406450e+02 -4.994730e+01 4.994730e+01
     vertex  1.373100e+02 -4.994730e+01 4.994730e+01
   endloop
 endfacet
 facet normal  0.0000000000e+00 -5.5916213326e-01 8.2905832649e-01
   outer loop
     vertex  1.373100e+02 -4.994730e+01 4.994730e+01
     vertex  1.406450e+02 -4.994730e+01 4.994730e+01
     vertex  1.406450e+02 -2.748915e+01 6.509430e+01
   endloop
 endfacet
 facet normal  -5.8170415559e-16 -5.5916213326e-01 8.2905832649e-01
   outer loop
     vertex  1.373100e+02 -4.994730e+01 4.994730e+01
     vertex  1.406450e+02 -2.748915e+01 6.509430e+01
     vertex  1.373100e+02 -2.748915e+01 6.509430e+01
   endloop
 endfacet
 facet normal  -2.0608605373e-16 -1.9809986972e-01 9.8018184110e-01
   outer loop
     vertex  1.373100e+02 -2.748915e+01 6.509430e+01
     vertex  1.406450e+02 -2.748915e+01 6.509430e+01
     vertex  1.406450e+02 0.000000e+00 7.065000e+01
   endloop
 endfacet
 facet normal  0.0000000000e+00 -1.9809986972e-01 9.8018184110e-01
   outer loop
     vertex  1.373100e+02 -2.748915e+01 6.509430e+01
     vertex  1.406450e+02 0.000000e+00 7.065000e+01
     vertex  1.373100e+02 0.000000e+00 7.065000e+01
   endloop
 endfacet
 facet normal  0.0000000000e+00 1.9809986972e-01 9.8018184110e-01
   outer loop
     vertex  1.373100e+02 0.000000e+00 7.065000e+01
     vertex  1.406450e+02 0.000000e+00 7.065000e+01
     vertex  1.373100e+02 2.748915e+01 6.509430e+01
   endloop
 endfacet
 facet normal  0.0000000000e+00 1.9809986972e-01 9.8018184110e-01
   outer loop
     vertex  1.406450e+02 0.000000e+00 7.065000e+01
     vertex  1.406450e+02 2.748915e+01 6.509430e+01
     vertex  1.373100e+02 2.748915e+01 6.509430e+01
   endloop
 endfacet
 facet normal  0.0000000000e+00 5.5916213326e-01 8.2905832649e-01
   outer loop
     vertex  1.373100e+02 2.748915e+01 6.509430e+01
     vertex  1.406450e+02 2.748915e+01 6.509430e+01
     vertex  1.373100e+02 4.994730e+01 4.994730e+01
   endloop
 endfacet
 facet normal  0.0000000000e+00 5.5916213326e-01 8.2905832649e-01
   outer loop
     vertex  1.406450e+02 2.748915e+01 6.509430e+01
     vertex  1.406450e+02 4.994730e+01 4.994730e+01
     vertex  1.373100e+02 4.994730e+01 4.994730e+01
   endloop
 endfacet
 facet normal  0.0000000000e+00 8.2905832649e-01 5.5916213326e-01
   outer loop
     vertex  1.373100e+02 4.994730e+01 4.994730e+01
     vertex  1.406450e+02 4.994730e+01 4.994730e+01
     vertex  1.373100e+02 6.509430e+01 2.748915e+01
   endloop
 endfacet
 facet normal  0.0000000000e+00 8.2905832649e-01 5.5916213326e-01
   outer loop
     vertex  1.406450e+02 4.994730e+01 4.994730e+01
     vertex  1.406450e+02 6.509430e+01 2.748915e+01
     vertex  1.373100e+02 6.509430e+01 2.748915e+01
   endloop
 endfacet
 facet normal  0.0000000000e+00 9.8018184110e-01 1.9809986972e-01
   outer loop
     vertex  1.373100e+02 6.509430e+01 2.748915e+01
     vertex  1.406450e+02 6.509430e+01 2.748915e+01
     vertex  1.373100e+02 7.065000e+01 0.000000e+00
   endloop
 endfacet
 facet normal  0.0000000000e+00 9.8018184110e-01 1.9809986972e-01
   outer loop
     vertex  1.406450e+02 6.509430e+01 2.748915e+01
     vertex  1.406450e+02 7.065000e+01 0.000000e+00
     vertex  1.373100e+02 7.065000e+01 0.000000e+00
   endloop
 endfacet
 facet normal  0.0000000000e+00 9.8018184110e-01 -1.9809986972e-01
   outer loop
     vertex  1.406450e+02 7.065000e+01 0.000000e+00
     vertex  1.437500e+02 7.065000e+01 0.000000e+00
     vertex  1.437500e+02 6.509430e+01 -2.748915e+01
   endloop
 endfacet
 facet normal  -2.2135168734e-16 9.8018184110e-01 -1.9809986972e-01
   outer loop
     vertex  1.406450e+02 7.065000e+01 0.000000e+00
     vertex  1.437500e+02 6.509430e+01 -2.748915e+01
     vertex  1.406450e+02 6.509430e+01 -2.748915e+01
   endloop
 endfacet
 facet normal  -6.2479335230e-16 8.2905832649e-01 -5.5916213326e-01
   outer loop
     vertex  1.406450e+02 6.509430e+01 -2.748915e+01
     vertex  1.437500e+02 6.509430e+01 -2.748915e+01
     vertex  1.437500e+02 4.994730e+01 -4.994730e+01
   endloop
 endfacet
 facet normal  -3.1023235058e-15 8.2905832649e-01 -5.5916213326e-01
   outer loop
     vertex  1.406450e+02 6.509430e+01 -2.748915e+01
     vertex  1.437500e+02 4.994730e+01 -4.994730e+01
     vertex  1.406450e+02 4.994730e+01 -4.994730e+01
   endloop
 endfacet
 facet normal  -3.1023235058e-15 5.5916213326e-01 -8.2905832649e-01
   outer loop
     vertex  1.406450e+02 4.994730e+01 -4.994730e+01
     vertex  1.437500e+02 4.994730e+01 -4.994730e+01
     vertex  1.437500e+02 2.748915e+01 -6.509430e+01
   endloop
 endfacet
 facet normal  -6.2479335230e-16 5.5916213326e-01 -8.2905832649e-01
   outer loop
     vertex  1.406450e+02 4.994730e+01 -4.994730e+01
     vertex  1.437500e+02 2.748915e+01 -6.509430e+01
     vertex  1.406450e+02 2.748915e+01 -6.509430e+01
   endloop
 endfacet
 facet normal  -2.2135168734e-16 1.9809986972e-01 -9.8018184110e-01
   outer loop
     vertex  1.406450e+02 2.748915e+01 -6.509430e+01
     vertex  1.437500e+02 2.748915e+01 -6.509430e+01
     vertex  1.437500e+02 0.000000e+00 -7.065000e+01
   endloop
 endfacet
 facet normal  0.0000000000e+00 1.9809986972e-01 -9.8018184110e-01
   outer loop
     vertex  1.406450e+02 2.748915e+01 -6.509430e+01
     vertex  1.437500e+02 0.000000e+00 -7.065000e+01
     vertex  1.406450e+02 0.000000e+00 -7.065000e+01
   endloop
 endfacet
 facet normal  -0.0000000000e+00 -1.9809986972e-01 -9.8018184110e-01
   outer loop
     vertex  1.406450e+02 0.000000e+00 -7.065000e+01
     vertex  1.437500e+02 0.000000e+00 -7.065000e+01
     vertex  1.406450e+02 -2.748915e+01 -6.509430e+01
   endloop
 endfacet
 facet normal  -0.0000000000e+00 -1.9809986972e-01 -9.8018184110e-01
   outer loop
     vertex  1.437500e+02 0.000000e+00 -7.065000e+01
     vertex  1.437500e+02 -2.748915e+01 -6.509430e+01
     vertex  1.406450e+02 -2.748915e+01 -6.509430e+01
   endloop
 endfacet
 facet normal  -0.0000000000e+00 -5.5916213326e-01 -8.2905832649e-01
   outer loop
     vertex  1.406450e+02 -2.748915e+01 -6.509430e+01
     vertex  1.437500e+02 -2.748915e+01 -6.509430e+01
     vertex  1.406450e+02 -4.994730e+01 -4.994730e+01
   endloop
 endfacet
 facet normal  -1.8527368012e-15 -5.5916213326e-01 -8.2905832649e-01
   outer loop
     vertex  1.437500e+02 -2.748915e+01 -6.509430e+01
     vertex  1.437500e+02 -4.994730e+01 -4.994730e+01
     vertex  1.406450e+02 -4.994730e+01 -4.994730e+01
   endloop
 endfacet
 facet normal  -1.2495867046e-15 -8.2905832649e-01 -5.5916213326e-01
   outer loop
     vertex  1.406450e+02 -4.994730e+01 -4.994730e+01
     vertex  1.437500e+02 -4.994730e+01 -4.994730e+01
     vertex  1.406450e+02 -6.509430e+01 -2.748915e+01
   endloop
 endfacet
 facet normal  -6.2479335230e-16 -8.2905832649e-01 -5.5916213326e-01
   outer loop
     vertex  1.437500e+02 -4.994730e+01 -4.994730e+01
     vertex  1.437500e+02 -6.509430e+01 -2.748915e+01
     vertex  1.406450e+02 -6.509430e+01 -2.748915e+01
   endloop
 endfacet
 facet normal  -2.2135168734e-16 -9.8018184110e-01 -1.9809986972e-01
   outer loop
     vertex  1.406450e+02 -6.509430e+01 -2.748915e+01
     vertex  1.437500e+02 -6.509430e+01 -2.748915e+01
     vertex  1.406450e+02 -7.065000e+01 0.000000e+00
   endloop
 endfacet
 facet normal  -0.0000000000e+00 -9.8018184110e-01 -1.9809986972e-01
   outer loop
     vertex  1.437500e+02 -6.509430e+01 -2.748915e+01
     vertex  1.437500e+02 -7.065000e+01 0.000000e+00
     vertex  1.406450e+02 -7.065000e+01 0.000000e+00
   endloop
 endfacet
 facet normal  0.0000000000e+00 -9.8018184110e-01 1.9809986972e-01
   outer loop
     vertex  1.406450e+02 -7.065000e+01 0.000000e+00
     vertex  1.437500e+02 -7.065000e+01 0.000000e+00
     vertex  1.437500e+02 -6.509430e+01 2.748915e+01
   endloop
 endfacet
 facet normal  -2.2135168734e-16 -9.8018184110e-01 1.9809986972e-01
   outer loop
     vertex  1.406450e+02 -7.065000e+01 0.000000e+00
     vertex  1.437500e+02 -6.509430e+01 2.748915e+01
     vertex  1.406450e+02 -6.509430e+01 2.748915e+01
   endloop
 endfacet
 facet normal  -6.2479335230e-16 -8.2905832649e-01 5.5916213326e-01
   outer loop
     vertex  1.406450e+02 -6.509430e+01 2.748915e+01
     vertex  1.437500e+02 -6.509430e+01 2.748915e+01
     vertex  1.437500e+02 -4.994730e+01 4.994730e+01
   endloop
 endfacet
 facet normal  -1.2495867046e-15 -8.2905832649e-01 5.5916213326e-01
   outer loop
     vertex  1.406450e+02 -6.509430e+01 2.748915e+01
     vertex  1.437500e+02 -4.994730e+01 4.994730e+01
     vertex  1.406450e+02 -4.994730e+01 4.994730e+01
   endloop
 endfacet
 facet normal  -1.8527368012e-15 -5.5916213326e-01 8.2905832649e-01
   outer loop
     vertex  1.406450e+02 -4.994730e+01 4.994730e+01
     vertex  1.437500e+02 -4.994730e+01 4.994730e+01
     vertex  1.437500e+02 -2.748915e+01 6.509430e+01
   endloop
 endfacet
 facet normal  0.0000000000e+00 -5.5916213326e-01 8.2905832649e-01
   outer loop
     vertex  1.406450e+02 -4.994730e+01 4.994730e+01
     vertex  1.437500e+02 -2.748915e+01 6.509430e+01
     vertex  1.406450e+02 -2.748915e+01 6.509430e+01
   endloop
 endfacet
 facet normal  0.0000000000e+00 -1.9809986972e-01 9.8018184110e-01
   outer loop
     vertex  1.406450e+02 -2.748915e+01 6.509430e+01
     vertex  1.437500e+02 -2.748915e+01 6.509430e+01
     vertex  1.437500e+02 0.000000e+00 7.065000e+01
   endloop
 endfacet
 facet normal  0.0000000000e+00 -1.9809986972e-01 9.8018184110e-01
   outer loop
     vertex  1.406450e+02 -2.748915e+01 6.509430e+01
     vertex  1.437500e+02 0.000000e+00 7.065000e+01
     vertex  1.406450e+02 0.000000e+00 7.065000e+01
   endloop
 endfacet
 facet normal  0.0000000000e+00 1.9809986972e-01 9.8018184110e-01
   outer loop
     vertex  1.406450e+02 0.000000e+00 7.065000e+01
     vertex  1.437500e+02 0.000000e+00 7.065000e+01
     vertex  1.406450e+02 2.748915e+01 6.509430e+01
   endloop
 endfacet
 facet normal  -2.2135168734e-16 1.9809986972e-01 9.8018184110e-01
   outer loop
     vertex  1.437500e+02 0.000000e+00 7.065000e+01
     vertex  1.437500e+02 2.748915e+01 6.509430e+01
     vertex  1.406450e+02 2.748915e+01 6.509430e+01
   endloop
 endfacet
 facet normal  -6.2479335230e-16 5.5916213326e-01 8.2905832649e-01
   outer loop
     vertex  1.406450e+02 2.748915e+01 6.509430e+01
     vertex  1.437500e+02 2.748915e+01 6.509430e+01
     vertex  1.406450e+02 4.994730e+01 4.994730e+01
   endloop
 endfacet
 facet normal  -3.1023235058e-15 5.5916213326e-01 8.2905832649e-01
   outer loop
     vertex  1.437500e+02 2.748915e+01 6.509430e+01
     vertex  1.437500e+02 4.994730e+01 4.994730e+01
     vertex  1.406450e+02 4.994730e+01 4.994730e+01
   endloop
 endfacet
 facet normal  -3.1023235058e-15 8.2905832649e-01 5.5916213326e-01
   outer loop
     vertex  1.406450e+02 4.994730e+01 4.994730e+01
     vertex  1.437500e+02 4.994730e+01 4.994730e+01
     vertex  1.406450e+02 6.509430e+01 2.748915e+01
   endloop
 endfacet
 facet normal  -6.2479335230e-16 8.2905832649e-01 5.5916213326e-01
   outer loop
     vertex  1.437500e+02 4.994730e+01 4.994730e+01
     vertex  1.437500e+02 6.509430e+01 2.748915e+01
     vertex  1.406450e+02 6.509430e+01 2.748915e+01
   endloop
 endfacet
 facet normal  -2.2135168734e-16 9.8018184110e-01 1.9809986972e-01
   outer loop
     vertex  1.406450e+02 6.509430e+01 2.748915e+01
     vertex  1.437500e+02 6.509430e+01 2.748915e+01
     vertex  1.406450e+02 7.065000e+01 0.000000e+00
   endloop
 endfacet
 facet normal  0.0000000000e+00 9.8018184110e-01 1.9809986972e-01
   outer loop
     vertex  1.437500e+02 6.509430e+01 2.748915e+01
     vertex  1.437500e+02 7.065000e+01 0.000000e+00
     vertex  1.406450e+02 7.065000e+01 0.000000e+00
   endloop
 endfacet
 facet normal  0.0000000000e+00 9.8018184110e-01 -1.9809986972e-01
   outer loop
     vertex  1.437500e+02 7.065000e+01 0.000000e+00
     vertex  1.476600e+02 7.065000e+01 0.000000e+00
     vertex  1.476600e+02 6.509430e+01 -2.748915e+01
   endloop
 endfacet
 facet normal  0.0000000000e+00 9.8018184110e-01 -1.9809986972e-01
   outer loop
     vertex  1.437500e+02 7.065000e+01 0.000000e+00
     vertex  1.476600e+02 6.509430e+01 -2.748915e+01
     vertex  1.437500e+02 6.509430e+01 -2.748915e+01
   endloop
 endfacet
 facet normal  0.0000000000e+00 8.2905832649e-01 -5.5916213326e-01
   outer loop
     vertex  1.437500e+02 6.509430e+01 -2.748915e+01
     vertex  1.476600e+02 6.509430e+01 -2.748915e+01
     vertex  1.476600e+02 4.994730e+01 -4.994730e+01
   endloop
 endfacet
 facet normal  0.0000000000e+00 8.2905832649e-01 -5.5916213326e-01
   outer loop
     vertex  1.437500e+02 6.509430e+01 -2.748915e+01
     vertex  1.476600e+02 4.994730e+01 -4.994730e+01
     vertex  1.437500e+02 4.994730e+01 -4.994730e+01
   endloop
 endfacet
 facet normal  0.0000000000e+00 5.5916213326e-01 -8.2905832649e-01
   outer loop
     vertex  1.437500e+02 4.994730e+01 -4.994730e+01
     vertex  1.476600e+02 4.994730e+01 -4.994730e+01
     vertex  1.476600e+02 2.748915e+01 -6.509430e+01
   endloop
 endfacet
 facet normal  0.0000000000e+00 5.5916213326e-01 -8.2905832649e-01
   outer loop
     vertex  1.437500e+02 4.994730e+01 -4.994730e+01
     vertex  1.476600e+02 2.748915e+01 -6.509430e+01
     vertex  1.437500e+02 2.748915e+01 -6.509430e+01
   endloop
 endfacet
 facet normal  0.0000000000e+00 1.9809986972e-01 -9.8018184110e-01
   outer loop
     vertex  1.437500e+02 2.748915e+01 -6.509430e+01
     vertex  1.476600e+02 2.748915e+01 -6.509430e+01
     vertex  1.476600e+02 0.000000e+00 -7.065000e+01
   endloop
 endfacet
 facet normal  0.0000000000e+00 1.9809986972e-01 -9.8018184110e-01
   outer loop
     vertex  1.437500e+02 2.748915e+01 -6.509430e+01
     vertex  1.476600e+02 0.000000e+00 -7.065000e+01
     vertex  1.437500e+02 0.000000e+00 -7.065000e+01
   endloop
 endfacet
 facet normal  -0.0000000000e+00 -1.9809986972e-01 -9.8018184110e-01
   outer loop
     vertex  1.437500e+02 0.000000e+00 -7.065000e+01
     vertex  1.476600e+02 0.000000e+00 -7.065000e+01
     vertex  1.437500e+02 -2.748915e+01 -6.509430e+01
   endloop
 endfacet
 facet normal  -0.0000000000e+00 -1.9809986972e-01 -9.8018184110e-01
   outer loop
     vertex  1.476600e+02 0.000000e+00 -7.065000e+01
     vertex  1.476600e+02 -2.748915e+01 -6.509430e+01
     vertex  1.437500e+02 -2.748915e+01 -6.509430e+01
   endloop
 endfacet
 facet normal  -0.0000000000e+00 -5.5916213326e-01 -8.2905832649e-01
   outer loop
     vertex  1.437500e+02 -2.748915e+01 -6.509430e+01
     vertex  1.476600e+02 -2.748915e+01 -6.509430e+01
     vertex  1.437500e+02 -4.994730e+01 -4.994730e+01
   endloop
 endfacet
 facet normal  -0.0000000000e+00 -5.5916213326e-01 -8.2905832649e-01
   outer loop
     vertex  1.476600e+02 -2.748915e+01 -6.509430e+01
     vertex  1.476600e+02 -4.994730e+01 -4.994730e+01
     vertex  1.437500e+02 -4.994730e+01 -4.994730e+01
   endloop
 endfacet
 facet normal  -0.0000000000e+00 -8.2905832649e-01 -5.5916213326e-01
   outer loop
     vertex  1.437500e+02 -4.994730e+01 -4.994730e+01
     vertex  1.476600e+02 -4.994730e+01 -4.994730e+01
     vertex  1.437500e+02 -6.509430e+01 -2.748915e+01
   endloop
 endfacet
 facet normal  -0.0000000000e+00 -8.2905832649e-01 -5.5916213326e-01
   outer loop
     vertex  1.476600e+02 -4.994730e+01 -4.994730e+01
     vertex  1.476600e+02 -6.509430e+01 -2.748915e+01
     vertex  1.437500e+02 -6.509430e+01 -2.748915e+01
   endloop
 endfacet
 facet normal  -0.0000000000e+00 -9.8018184110e-01 -1.9809986972e-01
   outer loop
     vertex  1.437500e+02 -6.509430e+01 -2.748915e+01
     vertex  1.476600e+02 -6.509430e+01 -2.748915e+01
     vertex  1.437500e+02 -7.065000e+01 0.000000e+00
   endloop
 endfacet
 facet normal  -0.0000000000e+00 -9.8018184110e-01 -1.9809986972e-01
   outer loop
     vertex  1.476600e+02 -6.509430e+01 -2.748915e+01
     vertex  1.476600e+02 -7.065000e+01 0.000000e+00
     vertex  1.437500e+02 -7.065000e+01 0.000000e+00
   endloop
 endfacet
 facet normal  0.0000000000e+00 -9.8018184110e-01 1.9809986972e-01
   outer loop
     vertex  1.437500e+02 -7.065000e+01 0.000000e+00
     vertex  1.476600e+02 -7.065000e+01 0.000000e+00
     vertex  1.476600e+02 -6.509430e+01 2.748915e+01
   endloop
 endfacet
 facet normal  0.0000000000e+00 -9.8018184110e-01 1.9809986972e-01
   outer loop
     vertex  1.437500e+02 -7.065000e+01 0.000000e+00
     vertex  1.476600e+02 -6.509430e+01 2.748915e+01
     vertex  1.437500e+02 -6.509430e+01 2.748915e+01
   endloop
 endfacet
 facet normal  0.0000000000e+00 -8.2905832649e-01 5.5916213326e-01
   outer loop
     vertex  1.437500e+02 -6.509430e+01 2.748915e+01
     vertex  1.476600e+02 -6.509430e+01 2.748915e+01
     vertex  1.476600e+02 -4.994730e+01 4.994730e+01
   endloop
 endfacet
 facet normal  0.0000000000e+00 -8.2905832649e-01 5.5916213326e-01
   outer loop
     vertex  1.437500e+02 -6.509430e+01 2.748915e+01
     vertex  1.476600e+02 -4.994730e+01 4.994730e+01
     vertex  1.437500e+02 -4.994730e+01 4.994730e+01
   endloop
 endfacet
 facet normal  0.0000000000e+00 -5.5916213326e-01 8.2905832649e-01
   outer loop
     vertex  1.437500e+02 -4.994730e+01 4.994730e+01
     vertex  1.476600e+02 -4.994730e+01 4.994730e+01
     vertex  1.476600e+02 -2.748915e+01 6.509430e+01
   endloop
 endfacet
 facet normal  0.0000000000e+00 -5.5916213326e-01 8.2905832649e-01
   outer loop
     vertex  1.437500e+02 -4.994730e+01 4.994730e+01
     vertex  1.476600e+02 -2.748915e+01 6.509430e+01
     vertex  1.437500e+02 -2.748915e+01 6.509430e+01
   endloop
 endfacet
 facet normal  0.0000000000e+00 -1.9809986972e-01 9.8018184110e-01
   outer loop
     vertex  1.437500e+02 -2.748915e+01 6.509430e+01
     vertex  1.476600e+02 -2.748915e+01 6.509430e+01
     vertex  1.476600e+02 0.000000e+00 7.065000e+01
   endloop
 endfacet
 facet normal  0.0000000000e+00 -1.9809986972e-01 9.8018184110e-01
   outer loop
     vertex  1.437500e+02 -2.748915e+01 6.509430e+01
     vertex  1.476600e+02 0.000000e+00 7.065000e+01
     vertex  1.437500e+02 0.000000e+00 7.065000e+01
   endloop
 endfacet
 facet normal  0.0000000000e+00 1.9809986972e-01 9.8018184110e-01
   outer loop
     vertex  1.437500e+02 0.000000e+00 7.065000e+01
     vertex  1.476600e+02 0.000000e+00 7.065000e+01
     vertex  1.437500e+02 2.748915e+01 6.509430e+01
   endloop
 endfacet
 facet normal  0.0000000000e+00 1.9809986972e-01 9.8018184110e-01
   outer loop
     vertex  1.476600e+02 0.000000e+00 7.065000e+01
     vertex  1.476600e+02 2.748915e+01 6.509430e+01
     vertex  1.437500e+02 2.748915e+01 6.509430e+01
   endloop
 endfacet
 facet normal  0.0000000000e+00 5.5916213326e-01 8.2905832649e-01
   outer loop
     vertex  1.437500e+02 2.748915e+01 6.509430e+01
     vertex  1.476600e+02 2.748915e+01 6.509430e+01
     vertex  1.437500e+02 4.994730e+01 4.994730e+01
   endloop
 endfacet
 facet normal  0.0000000000e+00 5.5916213326e-01 8.2905832649e-01
   outer loop
     vertex  1.476600e+02 2.748915e+01 6.509430e+01
     vertex  1.476600e+02 4.994730e+01 4.994730e+01
     vertex  1.437500e+02 4.994730e+01 4.994730e+01
   endloop
 endfacet
 facet normal  0.0000000000e+00 8.2905832649e-01 5.5916213326e-01
   outer loop
     vertex  1.437500e+02 4.994730e+01 4.994730e+01
     vertex  1.476600e+02 4.994730e+01 4.994730e+01
     vertex  1.437500e+02 6.509430e+01 2.748915e+01
   endloop
 endfacet
 facet normal  0.0000000000e+00 8.2905832649e-01 5.5916213326e-01
   outer loop
     vertex  1.476600e+02 4.994730e+01 4.994730e+01
     vertex  1.476600e+02 6.509430e+01 2.748915e+01
     vertex  1.437500e+02 6.509430e+01 2.748915e+01
   endloop
 endfacet
 facet normal  0.0000000000e+00 9.8018184110e-01 1.9809986972e-01
   outer loop
     vertex  1.437500e+02 6.509430e+01 2.748915e+01
     vertex  1.476600e+02 6.509430e+01 2.748915e+01
     vertex  1.437500e+02 7.065000e+01 0.000000e+00
   endloop
 endfacet
 facet normal  0.0000000000e+00 9.8018184110e-01 1.9809986972e-01
   outer loop
     vertex  1.476600e+02 6.509430e+01 2.748915e+01
     vertex  1.476600e+02 7.065000e+01 0.000000e+00
     vertex  1.437500e+02 7.065000e+01 0.000000e+00
   endloop
 endfacet
 facet normal  0.0000000000e+00 9.8018184110e-01 -1.9809986972e-01
   outer loop
     vertex  1.476600e+02 7.065000e+01 0.000000e+00
     vertex  1.531800e+02 7.065000e+01 0.000000e+00
     vertex  1.531800e+02 6.509430e+01 -2.748915e+01
   endloop
 endfacet
 facet normal  0.0000000000e+00 9.8018184110e-01 -1.9809986972e-01
   outer loop
     vertex  1.476600e+02 7.065000e+01 0.000000e+00
     vertex  1.531800e+02 6.509430e+01 -2.748915e+01
     vertex  1.476600e+02 6.509430e+01 -2.748915e+01
   endloop
 endfacet
 facet normal  0.0000000000e+00 8.2905832649e-01 -5.5916213326e-01
   outer loop
     vertex  1.476600e+02 6.509430e+01 -2.748915e+01
     vertex  1.531800e+02 6.509430e+01 -2.748915e+01
     vertex  1.531800e+02 4.994730e+01 -4.994730e+01
   endloop
 endfacet
 facet normal  1.7450569720e-15 8.2905832649e-01 -5.5916213326e-01
   outer loop
     vertex  1.476600e+02 6.509430e+01 -2.748915e+01
     vertex  1.531800e+02 4.994730e+01 -4.994730e+01
     vertex  1.476600e+02 4.994730e+01 -4.994730e+01
   endloop
 endfacet
 facet normal  1.7450569720e-15 5.5916213326e-01 -8.2905832649e-01
   outer loop
     vertex  1.476600e+02 4.994730e+01 -4.994730e+01
     vertex  1.531800e+02 4.994730e+01 -4.994730e+01
     vertex  1.531800e+02 2.748915e+01 -6.509430e+01
   endloop
 endfacet
 facet normal  0.0000000000e+00 5.5916213326e-01 -8.2905832649e-01
   outer loop
     vertex  1.476600e+02 4.994730e+01 -4.994730e+01
     vertex  1.531800e+02 2.748915e+01 -6.509430e+01
     vertex  1.476600e+02 2.748915e+01 -6.509430e+01
   endloop
 endfacet
 facet normal  0.0000000000e+00 1.9809986972e-01 -9.8018184110e-01
   outer loop
     vertex  1.476600e+02 2.748915e+01 -6.509430e+01
     vertex  1.531800e+02 2.748915e+01 -6.509430e+01
     vertex  1.531800e+02 0.000000e+00 -7.065000e+01
   endloop
 endfacet
 facet normal  0.0000000000e+00 1.9809986972e-01 -9.8018184110e-01
   outer loop
     vertex  1.476600e+02 2.748915e+01 -6.509430e+01
     vertex  1.531800e+02 0.000000e+00 -7.065000e+01
     vertex  1.476600e+02 0.000000e+00 -7.065000e+01
   endloop
 endfacet
 facet normal  -0.0000000000e+00 -1.9809986972e-01 -9.8018184110e-01
   outer loop
     vertex  1.476600e+02 0.000000e+00 -7.065000e+01
     vertex  1.531800e+02 0.000000e+00 -7.065000e+01
     vertex  1.476600e+02 -2.748915e+01 -6.509430e+01
   endloop
 endfacet
 facet normal  1.2451032413e-16 -1.9809986972e-01 -9.8018184110e-01
   outer loop
     vertex  1.531800e+02 0.000000e+00 -7.065000e+01
     vertex  1.531800e+02 -2.748915e+01 -6.509430e+01
     vertex  1.476600e+02 -2.748915e+01 -6.509430e+01
   endloop
 endfacet
 facet normal  3.5144626067e-16 -5.5916213326e-01 -8.2905832649e-01
   outer loop
     vertex  1.476600e+02 -2.748915e+01 -6.509430e+01
     vertex  1.531800e+02 -2.748915e+01 -6.509430e+01
     vertex  1.476600e+02 -4.994730e+01 -4.994730e+01
   endloop
 endfacet
 facet normal  1.0421644507e-15 -5.5916213326e-01 -8.2905832649e-01
   outer loop
     vertex  1.531800e+02 -2.748915e+01 -6.509430e+01
     vertex  1.531800e+02 -4.994730e+01 -4.994730e+01
     vertex  1.476600e+02 -4.994730e+01 -4.994730e+01
   endloop
 endfacet
 facet normal  7.0289252133e-16 -8.2905832649e-01 -5.5916213326e-01
   outer loop
     vertex  1.476600e+02 -4.994730e+01 -4.994730e+01
     vertex  1.531800e+02 -4.994730e+01 -4.994730e+01
     vertex  1.476600e+02 -6.509430e+01 -2.748915e+01
   endloop
 endfacet
 facet normal  -0.0000000000e+00 -8.2905832649e-01 -5.5916213326e-01
   outer loop
     vertex  1.531800e+02 -4.994730e+01 -4.994730e+01
     vertex  1.531800e+02 -6.509430e+01 -2.748915e+01
     vertex  1.476600e+02 -6.509430e+01 -2.748915e+01
   endloop
 endfacet
 facet normal  -0.0000000000e+00 -9.8018184110e-01 -1.9809986972e-01
   outer loop
     vertex  1.476600e+02 -6.509430e+01 -2.748915e+01
     vertex  1.531800e+02 -6.509430e+01 -2.748915e+01
     vertex  1.476600e+02 -7.065000e+01 0.000000e+00
   endloop
 endfacet
 facet normal  -0.0000000000e+00 -9.8018184110e-01 -1.9809986972e-01
   outer loop
     vertex  1.531800e+02 -6.509430e+01 -2.748915e+01
     vertex  1.531800e+02 -7.065000e+01 0.000000e+00
     vertex  1.476600e+02 -7.065000e+01 0.000000e+00
   endloop
 endfacet
 facet normal  0.0000000000e+00 -9.8018184110e-01 1.9809986972e-01
   outer loop
     vertex  1.476600e+02 -7.065000e+01 0.000000e+00
     vertex  1.531800e+02 -7.065000e+01 0.000000e+00
     vertex  1.531800e+02 -6.509430e+01 2.748915e+01
   endloop
 endfacet
 facet normal  0.0000000000e+00 -9.8018184110e-01 1.9809986972e-01
   outer loop
     vertex  1.476600e+02 -7.065000e+01 0.000000e+00
     vertex  1.531800e+02 -6.509430e+01 2.748915e+01
     vertex  1.476600e+02 -6.509430e+01 2.748915e+01
   endloop
 endfacet
 facet normal  0.0000000000e+00 -8.2905832649e-01 5.5916213326e-01
   outer loop
     vertex  1.476600e+02 -6.509430e+01 2.748915e+01
     vertex  1.531800e+02 -6.509430e+01 2.748915e+01
     vertex  1.531800e+02 -4.994730e+01 4.994730e+01
   endloop
 endfacet
 facet normal  7.0289252133e-16 -8.2905832649e-01 5.5916213326e-01
   outer loop
     vertex  1.476600e+02 -6.509430e+01 2.748915e+01
     vertex  1.531800e+02 -4.994730e+01 4.994730e+01
     vertex  1.476600e+02 -4.994730e+01 4.994730e+01
   endloop
 endfacet
 facet normal  1.0421644507e-15 -5.5916213326e-01 8.2905832649e-01
   outer loop
     vertex  1.476600e+02 -4.994730e+01 4.994730e+01
     vertex  1.531800e+02 -4.994730e+01 4.994730e+01
     vertex  1.531800e+02 -2.748915e+01 6.509430e+01
   endloop
 endfacet
 facet normal  3.5144626067e-16 -5.5916213326e-01 8.2905832649e-01
   outer loop
     vertex  1.476600e+02 -4.994730e+01 4.994730e+01
     vertex  1.531800e+02 -2.748915e+01 6.509430e+01
     vertex  1.476600e+02 -2.748915e+01 6.509430e+01
   endloop
 endfacet
 facet normal  1.2451032413e-16 -1.9809986972e-01 9.8018184110e-01
   outer loop
     vertex  1.476600e+02 -2.748915e+01 6.509430e+01
     vertex  1.531800e+02 -2.748915e+01 6.509430e+01
     vertex  1.531800e+02 0.000000e+00 7.065000e+01
   endloop
 endfacet
 facet normal  0.0000000000e+00 -1.9809986972e-01 9.8018184110e-01
   outer loop
     vertex  1.476600e+02 -2.748915e+01 6.509430e+01
     vertex  1.531800e+02 0.000000e+00 7.065000e+01
     vertex  1.476600e+02 0.000000e+00 7.065000e+01
   endloop
 endfacet
 facet normal  0.0000000000e+00 1.9809986972e-01 9.8018184110e-01
   outer loop
     vertex  1.476600e+02 0.000000e+00 7.065000e+01
     vertex  1.531800e+02 0.000000e+00 7.065000e+01
     vertex  1.476600e+02 2.748915e+01 6.509430e+01
   endloop
 endfacet
 facet normal  0.0000000000e+00 1.9809986972e-01 9.8018184110e-01
   outer loop
     vertex  1.531800e+02 0.000000e+00 7.065000e+01
     vertex  1.531800e+02 2.748915e+01 6.509430e+01
     vertex  1.476600e+02 2.748915e+01 6.509430e+01
   endloop
 endfacet
 facet normal  0.0000000000e+00 5.5916213326e-01 8.2905832649e-01
   outer loop
     vertex  1.476600e+02 2.748915e+01 6.509430e+01
     vertex  1.531800e+02 2.748915e+01 6.509430e+01
     vertex  1.476600e+02 4.994730e+01 4.994730e+01
   endloop
 endfacet
 facet normal  1.7450569720e-15 5.5916213326e-01 8.2905832649e-01
   outer loop
     vertex  1.531800e+02 2.748915e+01 6.509430e+01
     vertex  1.531800e+02 4.994730e+01 4.994730e+01
     vertex  1.476600e+02 4.994730e+01 4.994730e+01
   endloop
 endfacet
 facet normal  1.7450569720e-15 8.2905832649e-01 5.5916213326e-01
   outer loop
     vertex  1.476600e+02 4.994730e+01 4.994730e+01
     vertex  1.531800e+02 4.994730e+01 4.994730e+01
     vertex  1.476600e+02 6.509430e+01 2.748915e+01
   endloop
 endfacet
 facet normal  0.0000000000e+00 8.2905832649e-01 5.5916213326e-01
   outer loop
     vertex  1.531800e+02 4.994730e+01 4.994730e+01
     vertex  1.531800e+02 6.509430e+01 2.748915e+01
     vertex  1.476600e+02 6.509430e+01 2.748915e+01
   endloop
 endfacet
 facet normal  0.0000000000e+00 9.8018184110e-01 1.9809986972e-01
   outer loop
     vertex  1.476600e+02 6.509430e+01 2.748915e+01
     vertex  1.531800e+02 6.509430e+01 2.748915e+01
     vertex  1.476600e+02 7.065000e+01 0.000000e+00
   endloop
 endfacet
 facet normal  0.0000000000e+00 9.8018184110e-01 1.9809986972e-01
   outer loop
     vertex  1.531800e+02 6.509430e+01 2.748915e+01
     vertex  1.531800e+02 7.065000e+01 0.000000e+00
     vertex  1.476600e+02 7.065000e+01 0.000000e+00
   endloop
 endfacet
 facet normal  0.0000000000e+00 9.8018184110e-01 -1.9809986972e-01
   outer loop
     vertex  1.531800e+02 7.065000e+01 0.000000e+00
     vertex  1.596200e+02 7.065000e+01 0.000000e+00
     vertex  1.596200e+02 6.509430e+01 -2.748915e+01
   endloop
 endfacet
 facet normal  1.0672313497e-16 9.8018184110e-01 -1.9809986972e-01
   outer loop
     vertex  1.531800e+02 7.065000e+01 0.000000e+00
     vertex  1.596200e+02 6.509430e+01 -2.748915e+01
     vertex  1.531800e+02 6.509430e+01 -2.748915e+01
   endloop
 endfacet
 facet normal  3.0123965200e-16 8.2905832649e-01 -5.5916213326e-01
   outer loop
     vertex  1.531800e+02 6.509430e+01 -2.748915e+01
     vertex  1.596200e+02 6.509430e+01 -2.748915e+01
     vertex  1.596200e+02 4.994730e+01 -4.994730e+01
   endloop
 endfacet
 facet normal  0.0000000000e+00 8.2905832649e-01 -5.5916213326e-01
   outer loop
     vertex  1.531800e+02 6.509430e+01 -2.748915e+01
     vertex  1.596200e+02 4.994730e+01 -4.994730e+01
     vertex  1.531800e+02 4.994730e+01 -4.994730e+01
   endloop
 endfacet
 facet normal  0.0000000000e+00 5.5916213326e-01 -8.2905832649e-01
   outer loop
     vertex  1.531800e+02 4.994730e+01 -4.994730e+01
     vertex  1.596200e+02 4.994730e+01 -4.994730e+01
     vertex  1.596200e+02 2.748915e+01 -6.509430e+01
   endloop
 endfacet
 facet normal  3.0123965200e-16 5.5916213326e-01 -8.2905832649e-01
   outer loop
     vertex  1.531800e+02 4.994730e+01 -4.994730e+01
     vertex  1.596200e+02 2.748915e+01 -6.509430e+01
     vertex  1.531800e+02 2.748915e+01 -6.509430e+01
   endloop
 endfacet
 facet normal  1.0672313497e-16 1.9809986972e-01 -9.8018184110e-01
   outer loop
     vertex  1.531800e+02 2.748915e+01 -6.509430e+01
     vertex  1.596200e+02 2.748915e+01 -6.509430e+01
     vertex  1.596200e+02 0.000000e+00 -7.065000e+01
   endloop
 endfacet
 facet normal  0.0000000000e+00 1.9809986972e-01 -9.8018184110e-01
   outer loop
     vertex  1.531800e+02 2.748915e+01 -6.509430e+01
     vertex  1.596200e+02 0.000000e+00 -7.065000e+01
     vertex  1.531800e+02 0.000000e+00 -7.065000e+01
   endloop
 endfacet
 facet normal  -0.0000000000e+00 -1.9809986972e-01 -9.8018184110e-01
   outer loop
     vertex  1.531800e+02 0.000000e+00 -7.065000e+01
     vertex  1.596200e+02 0.000000e+00 -7.065000e+01
     vertex  1.531800e+02 -2.748915e+01 -6.509430e+01
   endloop
 endfacet
 facet normal  -0.0000000000e+00 -1.9809986972e-01 -9.8018184110e-01
   outer loop
     vertex  1.596200e+02 0.000000e+00 -7.065000e+01
     vertex  1.596200e+02 -2.748915e+01 -6.509430e+01
     vertex  1.531800e+02 -2.748915e+01 -6.509430e+01
   endloop
 endfacet
 facet normal  -0.0000000000e+00 -5.5916213326e-01 -8.2905832649e-01
   outer loop
     vertex  1.531800e+02 -2.748915e+01 -6.509430e+01
     vertex  1.596200e+02 -2.748915e+01 -6.509430e+01
     vertex  1.531800e+02 -4.994730e+01 -4.994730e+01
   endloop
 endfacet
 facet normal  -0.0000000000e+00 -5.5916213326e-01 -8.2905832649e-01
   outer loop
     vertex  1.596200e+02 -2.748915e+01 -6.509430e+01
     vertex  1.596200e+02 -4.994730e+01 -4.994730e+01
     vertex  1.531800e+02 -4.994730e+01 -4.994730e+01
   endloop
 endfacet
 facet normal  -0.0000000000e+00 -8.2905832649e-01 -5.5916213326e-01
   outer loop
     vertex  1.531800e+02 -4.994730e+01 -4.994730e+01
     vertex  1.596200e+02 -4.994730e+01 -4.994730e+01
     vertex  1.531800e+02 -6.509430e+01 -2.748915e+01
   endloop
 endfacet
 facet normal  3.0123965200e-16 -8.2905832649e-01 -5.5916213326e-01
   outer loop
     vertex  1.596200e+02 -4.994730e+01 -4.994730e+01
     vertex  1.596200e+02 -6.509430e+01 -2.748915e+01
     vertex  1.531800e+02 -6.509430e+01 -2.748915e+01
   endloop
 endfacet
 facet normal  1.0672313497e-16 -9.8018184110e-01 -1.9809986972e-01
   outer loop
     vertex  1.531800e+02 -6.509430e+01 -2.748915e+01
     vertex  1.596200e+02 -6.509430e+01 -2.748915e+01
     vertex  1.531800e+02 -7.065000e+01 0.000000e+00
   endloop
 endfacet
 facet normal  -0.0000000000e+00 -9.8018184110e-01 -1.9809986972e-01
   outer loop
     vertex  1.596200e+02 -6.509430e+01 -2.748915e+01
     vertex  1.596200e+02 -7.065000e+01 0.000000e+00
     vertex  1.531800e+02 -7.065000e+01 0.000000e+00
   endloop
 endfacet
 facet normal  0.0000000000e+00 -9.8018184110e-01 1.9809986972e-01
   outer loop
     vertex  1.531800e+02 -7.065000e+01 0.000000e+00
     vertex  1.596200e+02 -7.065000e+01 0.000000e+00
     vertex  1.596200e+02 -6.509430e+01 2.748915e+01
   endloop
 endfacet
 facet normal  1.0672313497e-16 -9.8018184110e-01 1.9809986972e-01
   outer loop
     vertex  1.531800e+02 -7.065000e+01 0.000000e+00
     vertex  1.596200e+02 -6.509430e+01 2.748915e+01
     vertex  1.531800e+02 -6.509430e+01 2.748915e+01
   endloop
 endfacet
 facet normal  3.0123965200e-16 -8.2905832649e-01 5.5916213326e-01
   outer loop
     vertex  1.531800e+02 -6.509430e+01 2.748915e+01
     vertex  1.596200e+02 -6.509430e+01 2.748915e+01
     vertex  1.596200e+02 -4.994730e+01 4.994730e+01
   endloop
 endfacet
 facet normal  0.0000000000e+00 -8.2905832649e-01 5.5916213326e-01
   outer loop
     vertex  1.531800e+02 -6.509430e+01 2.748915e+01
     vertex  1.596200e+02 -4.994730e+01 4.994730e+01
     vertex  1.531800e+02 -4.994730e+01 4.994730e+01
   endloop
 endfacet
 facet normal  0.0000000000e+00 -5.5916213326e-01 8.2905832649e-01
   outer loop
     vertex  1.531800e+02 -4.994730e+01 4.994730e+01
     vertex  1.596200e+02 -4.994730e+01 4.994730e+01
     vertex  1.596200e+02 -2.748915e+01 6.509430e+01
   endloop
 endfacet
 facet normal  0.0000000000e+00 -5.5916213326e-01 8.2905832649e-01
   outer loop
     vertex  1.531800e+02 -4.994730e+01 4.994730e+01
     vertex  1.596200e+02 -2.748915e+01 6.509430e+01
     vertex  1.531800e+02 -2.748915e+01 6.509430e+01
   endloop
 endfacet
 facet normal  0.0000000000e+00 -1.9809986972e-01 9.8018184110e-01
   outer loop
     vertex  1.531800e+02 -2.748915e+01 6.509430e+01
     vertex  1.596200e+02 -2.748915e+01 6.509430e+01
     vertex  1.596200e+02 0.000000e+00 7.065000e+01
   endloop
 endfacet
 facet normal  0.0000000000e+00 -1.9809986972e-01 9.8018184110e-01
   outer loop
     vertex  1.531800e+02 -2.748915e+01 6.509430e+01
     vertex  1.596200e+02 0.000000e+00 7.065000e+01
     vertex  1.531800e+02 0.000000e+00 7.065000e+01
   endloop
 endfacet
 facet normal  0.0000000000e+00 1.9809986972e-01 9.8018184110e-01
   outer loop
     vertex  1.531800e+02 0.000000e+00 7.065000e+01
     vertex  1.596200e+02 0.000000e+00 7.065000e+01
     vertex  1.531800e+02 2.748915e+01 6.509430e+01
   endloop
 endfacet
 facet normal  1.0672313497e-16 1.9809986972e-01 9.8018184110e-01
   outer loop
     vertex  1.596200e+02 0.000000e+00 7.065000e+01
     vertex  1.596200e+02 2.748915e+01 6.509430e+01
     vertex  1.531800e+02 2.748915e+01 6.509430e+01
   endloop
 endfacet
 facet normal  3.0123965200e-16 5.5916213326e-01 8.2905832649e-01
   outer loop
     vertex  1.531800e+02 2.748915e+01 6.509430e+01
     vertex  1.596200e+02 2.748915e+01 6.509430e+01
     vertex  1.531800e+02 4.994730e+01 4.994730e+01
   endloop
 endfacet
 facet normal  0.0000000000e+00 5.5916213326e-01 8.2905832649e-01
   outer loop
     vertex  1.596200e+02 2.748915e+01 6.509430e+01
     vertex  1.596200e+02 4.994730e+01 4.994730e+01
     vertex  1.531800e+02 4.994730e+01 4.994730e+01
   endloop
 endfacet
 facet normal  0.0000000000e+00 8.2905832649e-01 5.5916213326e-01
   outer loop
     vertex  1.531800e+02 4.994730e+01 4.994730e+01
     vertex  1.596200e+02 4.994730e+01 4.994730e+01
     vertex  1.531800e+02 6.509430e+01 2.748915e+01
   endloop
 endfacet
 facet normal  3.0123965200e-16 8.2905832649e-01 5.5916213326e-01
   outer loop
     vertex  1.596200e+02 4.994730e+01 4.994730e+01
     vertex  1.596200e+02 6.509430e+01 2.748915e+01
     vertex  1.531800e+02 6.509430e+01 2.748915e+01
   endloop
 endfacet
 facet normal  1.0672313497e-16 9.8018184110e-01 1.9809986972e-01
   outer loop
     vertex  1.531800e+02 6.509430e+01 2.748915e+01
     vertex  1.596200e+02 6.509430e+01 2.748915e+01
     vertex  1.531800e+02 7.065000e+01 0.000000e+00
   endloop
 endfacet
 facet normal  0.0000000000e+00 9.8018184110e-01 1.9809986972e-01
   outer loop
     vertex  1.596200e+02 6.509430e+01 2.748915e+01
     vertex  1.596200e+02 7.065000e+01 0.000000e+00
     vertex  1.531800e+02 7.065000e+01 0.000000e+00
   endloop
 endfacet
 facet normal  0.0000000000e+00 9.8018184110e-01 -1.9809986972e-01
   outer loop
     vertex  1.596200e+02 7.065000e+01 0.000000e+00
     vertex  1.662900e+02 7.065000e+01 0.000000e+00
     vertex  1.662900e+02 6.509430e+01 -2.748915e+01
   endloop
 endfacet
 facet normal  0.0000000000e+00 9.8018184110e-01 -1.9809986972e-01
   outer loop
     vertex  1.596200e+02 7.065000e+01 0.000000e+00
     vertex  1.662900e+02 6.509430e+01 -2.748915e+01
     vertex  1.596200e+02 6.509430e+01 -2.748915e+01
   endloop
 endfacet
 facet normal  0.0000000000e+00 8.2905832649e-01 -5.5916213326e-01
   outer loop
     vertex  1.596200e+02 6.509430e+01 -2.748915e+01
     vertex  1.662900e+02 6.509430e+01 -2.748915e+01
     vertex  1.662900e+02 4.994730e+01 -4.994730e+01
   endloop
 endfacet
 facet normal  0.0000000000e+00 8.2905832649e-01 -5.5916213326e-01
   outer loop
     vertex  1.596200e+02 6.509430e+01 -2.748915e+01
     vertex  1.662900e+02 4.994730e+01 -4.994730e+01
     vertex  1.596200e+02 4.994730e+01 -4.994730e+01
   endloop
 endfacet
 facet normal  0.0000000000e+00 5.5916213326e-01 -8.2905832649e-01
   outer loop
     vertex  1.596200e+02 4.994730e+01 -4.994730e+01
     vertex  1.662900e+02 4.994730e+01 -4.994730e+01
     vertex  1.662900e+02 2.748915e+01 -6.509430e+01
   endloop
 endfacet
 facet normal  0.0000000000e+00 5.5916213326e-01 -8.2905832649e-01
   outer loop
     vertex  1.596200e+02 4.994730e+01 -4.994730e+01
     vertex  1.662900e+02 2.748915e+01 -6.509430e+01
     vertex  1.596200e+02 2.748915e+01 -6.509430e+01
   endloop
 endfacet
 facet normal  0.0000000000e+00 1.9809986972e-01 -9.8018184110e-01
   outer loop
     vertex  1.596200e+02 2.748915e+01 -6.509430e+01
     vertex  1.662900e+02 2.748915e+01 -6.509430e+01
     vertex  1.662900e+02 0.000000e+00 -7.065000e+01
   endloop
 endfacet
 facet normal  0.0000000000e+00 1.9809986972e-01 -9.8018184110e-01
   outer loop
     vertex  1.596200e+02 2.748915e+01 -6.509430e+01
     vertex  1.662900e+02 0.000000e+00 -7.065000e+01
     vertex  1.596200e+02 0.000000e+00 -7.065000e+01
   endloop
 endfacet
 facet normal  -0.0000000000e+00 -1.9809986972e-01 -9.8018184110e-01
   outer loop
     vertex  1.596200e+02 0.000000e+00 -7.065000e+01
     vertex  1.662900e+02 0.000000e+00 -7.065000e+01
     vertex  1.596200e+02 -2.748915e+01 -6.509430e+01
   endloop
 endfacet
 facet normal  -1.0304302687e-16 -1.9809986972e-01 -9.8018184110e-01
   outer loop
     vertex  1.662900e+02 0.000000e+00 -7.065000e+01
     vertex  1.662900e+02 -2.748915e+01 -6.509430e+01
     vertex  1.596200e+02 -2.748915e+01 -6.509430e+01
   endloop
 endfacet
 facet normal  -2.9085207779e-16 -5.5916213326e-01 -8.2905832649e-01
   outer loop
     vertex  1.596200e+02 -2.748915e+01 -6.509430e+01
     vertex  1.662900e+02 -2.748915e+01 -6.509430e+01
     vertex  1.596200e+02 -4.994730e+01 -4.994730e+01
   endloop
 endfacet
 facet normal  -0.0000000000e+00 -5.5916213326e-01 -8.2905832649e-01
   outer loop
     vertex  1.662900e+02 -2.748915e+01 -6.509430e+01
     vertex  1.662900e+02 -4.994730e+01 -4.994730e+01
     vertex  1.596200e+02 -4.994730e+01 -4.994730e+01
   endloop
 endfacet
 facet normal  -0.0000000000e+00 -8.2905832649e-01 -5.5916213326e-01
   outer loop
     vertex  1.596200e+02 -4.994730e+01 -4.994730e+01
     vertex  1.662900e+02 -4.994730e+01 -4.994730e+01
     vertex  1.596200e+02 -6.509430e+01 -2.748915e+01
   endloop
 endfacet
 facet normal  -0.0000000000e+00 -8.2905832649e-01 -5.5916213326e-01
   outer loop
     vertex  1.662900e+02 -4.994730e+01 -4.994730e+01
     vertex  1.662900e+02 -6.509430e+01 -2.748915e+01
     vertex  1.596200e+02 -6.509430e+01 -2.748915e+01
   endloop
 endfacet
 facet normal  -0.0000000000e+00 -9.8018184110e-01 -1.9809986972e-01
   outer loop
     vertex  1.596200e+02 -6.509430e+01 -2.748915e+01
     vertex  1.662900e+02 -6.509430e+01 -2.748915e+01
     vertex  1.596200e+02 -7.065000e+01 0.000000e+00
   endloop
 endfacet
 facet normal  -0.0000000000e+00 -9.8018184110e-01 -1.9809986972e-01
   outer loop
     vertex  1.662900e+02 -6.509430e+01 -2.748915e+01
     vertex  1.662900e+02 -7.065000e+01 0.000000e+00
     vertex  1.596200e+02 -7.065000e+01 0.000000e+00
   endloop
 endfacet
 facet normal  0.0000000000e+00 -9.8018184110e-01 1.9809986972e-01
   outer loop
     vertex  1.596200e+02 -7.065000e+01 0.000000e+00
     vertex  1.662900e+02 -7.065000e+01 0.000000e+00
     vertex  1.662900e+02 -6.509430e+01 2.748915e+01
   endloop
 endfacet
 facet normal  0.0000000000e+00 -9.8018184110e-01 1.9809986972e-01
   outer loop
     vertex  1.596200e+02 -7.065000e+01 0.000000e+00
     vertex  1.662900e+02 -6.509430e+01 2.748915e+01
     vertex  1.596200e+02 -6.509430e+01 2.748915e+01
   endloop
 endfacet
 facet normal  0.0000000000e+00 -8.2905832649e-01 5.5916213326e-01
   outer loop
     vertex  1.596200e+02 -6.509430e+01 2.748915e+01
     vertex  1.662900e+02 -6.509430e+01 2.748915e+01
     vertex  1.662900e+02 -4.994730e+01 4.994730e+01
   endloop
 endfacet
 facet normal  0.0000000000e+00 -8.2905832649e-01 5.5916213326e-01
   outer loop
     vertex  1.596200e+02 -6.509430e+01 2.748915e+01
     vertex  1.662900e+02 -4.994730e+01 4.994730e+01
     vertex  1.596200e+02 -4.994730e+01 4.994730e+01
   endloop
 endfacet
 facet normal  0.0000000000e+00 -5.5916213326e-01 8.2905832649e-01
   outer loop
     vertex  1.596200e+02 -4.994730e+01 4.994730e+01
     vertex  1.662900e+02 -4.994730e+01 4.994730e+01
     vertex  1.662900e+02 -2.748915e+01 6.509430e+01
   endloop
 endfacet
 facet normal  -2.9085207779e-16 -5.5916213326e-01 8.2905832649e-01
   outer loop
     vertex  1.596200e+02 -4.994730e+01 4.994730e+01
     vertex  1.662900e+02 -2.748915e+01 6.509430e+01
     vertex  1.596200e+02 -2.748915e+01 6.509430e+01
   endloop
 endfacet
 facet normal  -1.0304302687e-16 -1.9809986972e-01 9.8018184110e-01
   outer loop
     vertex  1.596200e+02 -2.748915e+01 6.509430e+01
     vertex  1.662900e+02 -2.748915e+01 6.509430e+01
     vertex  1.662900e+02 0.000000e+00 7.065000e+01
   endloop
 endfacet
 facet normal  0.0000000000e+00 -1.9809986972e-01 9.8018184110e-01
   outer loop
     vertex  1.596200e+02 -2.748915e+01 6.509430e+01
     vertex  1.662900e+02 0.000000e+00 7.065000e+01
     vertex  1.596200e+02 0.000000e+00 7.065000e+01
   endloop
 endfacet
 facet normal  0.0000000000e+00 1.9809986972e-01 9.8018184110e-01
   outer loop
     vertex  1.596200e+02 0.000000e+00 7.065000e+01
     vertex  1.662900e+02 0.000000e+00 7.065000e+01
     vertex  1.596200e+02 2.748915e+01 6.509430e+01
   endloop
 endfacet
 facet normal  0.0000000000e+00 1.9809986972e-01 9.8018184110e-01
   outer loop
     vertex  1.662900e+02 0.000000e+00 7.065000e+01
     vertex  1.662900e+02 2.748915e+01 6.509430e+01
     vertex  1.596200e+02 2.748915e+01 6.509430e+01
   endloop
 endfacet
 facet normal  0.0000000000e+00 5.5916213326e-01 8.2905832649e-01
   outer loop
     vertex  1.596200e+02 2.748915e+01 6.509430e+01
     vertex  1.662900e+02 2.748915e+01 6.509430e+01
     vertex  1.596200e+02 4.994730e+01 4.994730e+01
   endloop
 endfacet
 facet normal  0.0000000000e+00 5.5916213326e-01 8.2905832649e-01
   outer loop
     vertex  1.662900e+02 2.748915e+01 6.509430e+01
     vertex  1.662900e+02 4.994730e+01 4.994730e+01
     vertex  1.596200e+02 4.994730e+01 4.994730e+01
   endloop
 endfacet
 facet normal  0.0000000000e+00 8.2905832649e-01 5.5916213326e-01
   outer loop
     vertex  1.596200e+02 4.994730e+01 4.994730e+01
     vertex  1.662900e+02 4.994730e+01 4.994730e+01
     vertex  1.596200e+02 6.509430e+01 2.748915e+01
   endloop
 endfacet
 facet normal  0.0000000000e+00 8.2905832649e-01 5.5916213326e-01
   outer loop
     vertex  1.662900e+02 4.994730e+01 4.994730e+01
     vertex  1.662900e+02 6.509430e+01 2.748915e+01
     vertex  1.596200e+02 6.509430e+01 2.748915e+01
   endloop
 endfacet
 facet normal  0.0000000000e+00 9.8018184110e-01 1.9809986972e-01
   outer loop
     vertex  1.596200e+02 6.509430e+01 2.748915e+01
     vertex  1.662900e+02 6.509430e+01 2.748915e+01
     vertex  1.596200e+02 7.065000e+01 0.000000e+00
   endloop
 endfacet
 facet normal  0.0000000000e+00 9.8018184110e-01 1.9809986972e-01
   outer loop
     vertex  1.662900e+02 6.509430e+01 2.748915e+01
     vertex  1.662900e+02 7.065000e+01 0.000000e+00
     vertex  1.596200e+02 7.065000e+01 0.000000e+00
   endloop
 endfacet
 facet normal  0.0000000000e+00 9.8018184110e-01 -1.9809986972e-01
   outer loop
     vertex  1.662900e+02 7.065000e+01 0.000000e+00
     vertex  1.725000e+02 7.065000e+01 0.000000e+00
     vertex  1.725000e+02 6.509430e+01 -2.748915e+01
   endloop
 endfacet
 facet normal  -1.1067584367e-16 9.8018184110e-01 -1.9809986972e-01
   outer loop
     vertex  1.662900e+02 7.065000e+01 0.000000e+00
     vertex  1.725000e+02 6.509430e+01 -2.748915e+01
     vertex  1.662900e+02 6.509430e+01 -2.748915e+01
   endloop
 endfacet
 facet normal  -3.1239667615e-16 8.2905832649e-01 -5.5916213326e-01
   outer loop
     vertex  1.662900e+02 6.509430e+01 -2.748915e+01
     vertex  1.725000e+02 6.509430e+01 -2.748915e+01
     vertex  1.725000e+02 4.994730e+01 -4.994730e+01
   endloop
 endfacet
 facet normal  -1.5511617529e-15 8.2905832649e-01 -5.5916213326e-01
   outer loop
     vertex  1.662900e+02 6.509430e+01 -2.748915e+01
     vertex  1.725000e+02 4.994730e+01 -4.994730e+01
     vertex  1.662900e+02 4.994730e+01 -4.994730e+01
   endloop
 endfacet
 facet normal  -1.5511617529e-15 5.5916213326e-01 -8.2905832649e-01
   outer loop
     vertex  1.662900e+02 4.994730e+01 -4.994730e+01
     vertex  1.725000e+02 4.994730e+01 -4.994730e+01
     vertex  1.725000e+02 2.748915e+01 -6.509430e+01
   endloop
 endfacet
 facet normal  -3.1239667615e-16 5.5916213326e-01 -8.2905832649e-01
   outer loop
     vertex  1.662900e+02 4.994730e+01 -4.994730e+01
     vertex  1.725000e+02 2.748915e+01 -6.509430e+01
     vertex  1.662900e+02 2.748915e+01 -6.509430e+01
   endloop
 endfacet
 facet normal  -1.1067584367e-16 1.9809986972e-01 -9.8018184110e-01
   outer loop
     vertex  1.662900e+02 2.748915e+01 -6.509430e+01
     vertex  1.725000e+02 2.748915e+01 -6.509430e+01
     vertex  1.725000e+02 0.000000e+00 -7.065000e+01
   endloop
 endfacet
 facet normal  0.0000000000e+00 1.9809986972e-01 -9.8018184110e-01
   outer loop
     vertex  1.662900e+02 2.748915e+01 -6.509430e+01
     vertex  1.725000e+02 0.000000e+00 -7.065000e+01
     vertex  1.662900e+02 0.000000e+00 -7.065000e+01
   endloop
 endfacet
 facet normal  -0.0000000000e+00 -1.9809986972e-01 -9.8018184110e-01
   outer loop
     vertex  1.662900e+02 0.000000e+00 -7.065000e+01
     vertex  1.725000e+02 0.000000e+00 -7.065000e+01
     vertex  1.662900e+02 -2.748915e+01 -6.509430e+01
   endloop
 endfacet
 facet normal  -0.0000000000e+00 -1.9809986972e-01 -9.8018184110e-01
   outer loop
     vertex  1.725000e+02 0.000000e+00 -7.065000e+01
     vertex  1.725000e+02 -2.748915e+01 -6.509430e+01
     vertex  1.662900e+02 -2.748915e+01 -6.509430e+01
   endloop
 endfacet
 facet normal  -0.0000000000e+00 -5.5916213326e-01 -8.2905832649e-01
   outer loop
     vertex  1.662900e+02 -2.748915e+01 -6.509430e+01
     vertex  1.725000e+02 -2.748915e+01 -6.509430e+01
     vertex  1.662900e+02 -4.994730e+01 -4.994730e+01
   endloop
 endfacet
 facet normal  -9.2636840060e-16 -5.5916213326e-01 -8.2905832649e-01
   outer loop
     vertex  1.725000e+02 -2.748915e+01 -6.509430e+01
     vertex  1.725000e+02 -4.994730e+01 -4.994730e+01
     vertex  1.662900e+02 -4.994730e+01 -4.994730e+01
   endloop
 endfacet
 facet normal  -6.2479335230e-16 -8.2905832649e-01 -5.5916213326e-01
   outer loop
     vertex  1.662900e+02 -4.994730e+01 -4.994730e+01
     vertex  1.725000e+02 -4.994730e+01 -4.994730e+01
     vertex  1.662900e+02 -6.509430e+01 -2.748915e+01
   endloop
 endfacet
 facet normal  -3.1239667615e-16 -8.2905832649e-01 -5.5916213326e-01
   outer loop
     vertex  1.725000e+02 -4.994730e+01 -4.994730e+01
     vertex  1.725000e+02 -6.509430e+01 -2.748915e+01
     vertex  1.662900e+02 -6.509430e+01 -2.748915e+01
   endloop
 endfacet
 facet normal  -1.1067584367e-16 -9.8018184110e-01 -1.9809986972e-01
   outer loop
     vertex  1.662900e+02 -6.509430e+01 -2.748915e+01
     vertex  1.725000e+02 -6.509430e+01 -2.748915e+01
     vertex  1.662900e+02 -7.065000e+01 0.000000e+00
   endloop
 endfacet
 facet normal  -0.0000000000e+00 -9.8018184110e-01 -1.9809986972e-01
   outer loop
     vertex  1.725000e+02 -6.509430e+01 -2.748915e+01
     vertex  1.725000e+02 -7.065000e+01 0.000000e+00
     vertex  1.662900e+02 -7.065000e+01 0.000000e+00
   endloop
 endfacet
 facet normal  0.0000000000e+00 -9.8018184110e-01 1.9809986972e-01
   outer loop
     vertex  1.662900e+02 -7.065000e+01 0.000000e+00
     vertex  1.725000e+02 -7.065000e+01 0.000000e+00
     vertex  1.725000e+02 -6.509430e+01 2.748915e+01
   endloop
 endfacet
 facet normal  -1.1067584367e-16 -9.8018184110e-01 1.9809986972e-01
   outer loop
     vertex  1.662900e+02 -7.065000e+01 0.000000e+00
     vertex  1.725000e+02 -6.509430e+01 2.748915e+01
     vertex  1.662900e+02 -6.509430e+01 2.748915e+01
   endloop
 endfacet
 facet normal  -3.1239667615e-16 -8.2905832649e-01 5.5916213326e-01
   outer loop
     vertex  1.662900e+02 -6.509430e+01 2.748915e+01
     vertex  1.725000e+02 -6.509430e+01 2.748915e+01
     vertex  1.725000e+02 -4.994730e+01 4.994730e+01
   endloop
 endfacet
 facet normal  -6.2479335230e-16 -8.2905832649e-01 5.5916213326e-01
   outer loop
     vertex  1.662900e+02 -6.509430e+01 2.748915e+01
     vertex  1.725000e+02 -4.994730e+01 4.994730e+01
     vertex  1.662900e+02 -4.994730e+01 4.994730e+01
   endloop
 endfacet
 facet normal  -9.2636840060e-16 -5.5916213326e-01 8.2905832649e-01
   outer loop
     vertex  1.662900e+02 -4.994730e+01 4.994730e+01
     vertex  1.725000e+02 -4.994730e+01 4.994730e+01
     vertex  1.725000e+02 -2.748915e+01 6.509430e+01
   endloop
 endfacet
 facet normal  0.0000000000e+00 -5.5916213326e-01 8.2905832649e-01
   outer loop
     vertex  1.662900e+02 -4.994730e+01 4.994730e+01
     vertex  1.725000e+02 -2.748915e+01 6.509430e+01
     vertex  1.662900e+02 -2.748915e+01 6.509430e+01
   endloop
 endfacet
 facet normal  0.0000000000e+00 -1.9809986972e-01 9.8018184110e-01
   outer loop
     vertex  1.662900e+02 -2.748915e+01 6.509430e+01
     vertex  1.725000e+02 -2.748915e+01 6.509430e+01
     vertex  1.725000e+02 0.000000e+00 7.065000e+01
   endloop
 endfacet
 facet normal  0.0000000000e+00 -1.9809986972e-01 9.8018184110e-01
   outer loop
     vertex  1.662900e+02 -2.748915e+01 6.509430e+01
     vertex  1.725000e+02 0.000000e+00 7.065000e+01
     vertex  1.662900e+02 0.000000e+00 7.065000e+01
   endloop
 endfacet
 facet normal  0.0000000000e+00 1.9809986972e-01 9.8018184110e-01
   outer loop
     vertex  1.662900e+02 0.000000e+00 7.065000e+01
     vertex  1.725000e+02 0.000000e+00 7.065000e+01
     vertex  1.662900e+02 2.748915e+01 6.509430e+01
   endloop
 endfacet
 facet normal  -1.1067584367e-16 1.9809986972e-01 9.8018184110e-01
   outer loop
     vertex  1.725000e+02 0.000000e+00 7.065000e+01
     vertex  1.725000e+02 2.748915e+01 6.509430e+01
     vertex  1.662900e+02 2.748915e+01 6.509430e+01
   endloop
 endfacet
 facet normal  -3.1239667615e-16 5.5916213326e-01 8.2905832649e-01
   outer loop
     vertex  1.662900e+02 2.748915e+01 6.509430e+01
     vertex  1.725000e+02 2.748915e+01 6.509430e+01
     vertex  1.662900e+02 4.994730e+01 4.994730e+01
   endloop
 endfacet
 facet normal  -1.5511617529e-15 5.5916213326e-01 8.2905832649e-01
   outer loop
     vertex  1.725000e+02 2.748915e+01 6.509430e+01
     vertex  1.725000e+02 4.994730e+01 4.994730e+01
     vertex  1.662900e+02 4.994730e+01 4.994730e+01
   endloop
 endfacet
 facet normal  -1.5511617529e-15 8.2905832649e-01 5.5916213326e-01
   outer loop
     vertex  1.662900e+02 4.994730e+01 4.994730e+01
     vertex  1.725000e+02 4.994730e+01 4.994730e+01
     vertex  1.662900e+02 6.509430e+01 2.748915e+01
   endloop
 endfacet
 facet normal  -3.1239667615e-16 8.2905832649e-01 5.5916213326e-01
   outer loop
     vertex  1.725000e+02 4.994730e+01 4.994730e+01
     vertex  1.725000e+02 6.509430e+01 2.748915e+01
     vertex  1.662900e+02 6.509430e+01 2.748915e+01
   endloop
 endfacet
 facet normal  -1.1067584367e-16 9.8018184110e-01 1.9809986972e-01
   outer loop
     vertex  1.662900e+02 6.509430e+01 2.748915e+01
     vertex  1.725000e+02 6.509430e+01 2.748915e+01
     vertex  1.662900e+02 7.065000e+01 0.000000e+00
   endloop
 endfacet
 facet normal  0.0000000000e+00 9.8018184110e-01 1.9809986972e-01
   outer loop
     vertex  1.725000e+02 6.509430e+01 2.748915e+01
     vertex  1.725000e+02 7.065000e+01 0.000000e+00
     vertex  1.662900e+02 7.065000e+01 0.000000e+00
   endloop
 endfacet
 facet normal  -1.0947708206e-01 9.7429073750e-01 -1.9690690016e-01
   outer loop
     vertex  1.725000e+02 7.065000e+01 0.000000e+00
     vertex  1.811842e+02 7.162581e+01 -5.551115e-17
     vertex  1.811842e+02 6.599479e+01 -2.786214e+01
   endloop
 endfacet
 facet normal  -1.0948447050e-01 9.7428948416e-01 -1.9690899361e-01
   outer loop
     vertex  1.725000e+02 7.065000e+01 0.000000e+00
     vertex  1.811842e+02 6.599479e+01 -2.786214e+01
     vertex  1.725000e+02 6.509430e+01 -2.748915e+01
   endloop
 endfacet
 facet normal  -1.0932712784e-01 8.2414441246e-01 -5.5572796091e-01
   outer loop
     vertex  1.725000e+02 6.509430e+01 -2.748915e+01
     vertex  1.811842e+02 6.599479e+01 -2.786214e+01
     vertex  1.811842e+02 5.063730e+01 -5.063730e+01
   endloop
 endfacet
 facet normal  -1.0963574198e-01 8.2406062415e-01 -5.5579141034e-01
   outer loop
     vertex  1.725000e+02 6.509430e+01 -2.748915e+01
     vertex  1.811842e+02 5.063730e+01 -5.063730e+01
     vertex  1.725000e+02 4.994730e+01 -4.994730e+01
   endloop
 endfacet
 facet normal  -1.0963363439e-01 5.5570908674e-01 -8.2411642207e-01
   outer loop
     vertex  1.725000e+02 4.994730e+01 -4.994730e+01
     vertex  1.811842e+02 5.063730e+01 -5.063730e+01
     vertex  1.811842e+02 2.786214e+01 -6.599479e+01
   endloop
 endfacet
 facet normal  -1.0932492995e-01 5.5581055246e-01 -8.2408900579e-01
   outer loop
     vertex  1.725000e+02 4.994730e+01 -4.994730e+01
     vertex  1.811842e+02 2.786214e+01 -6.599479e+01
     vertex  1.725000e+02 2.748915e+01 -6.509430e+01
   endloop
 endfacet
 facet normal  -1.0948442150e-01 1.9690674002e-01 -9.7428994513e-01
   outer loop
     vertex  1.725000e+02 2.748915e+01 -6.509430e+01
     vertex  1.811842e+02 2.786214e+01 -6.599479e+01
     vertex  1.811842e+02 -1.288029e-16 -7.162581e+01
   endloop
 endfacet
 facet normal  -1.0947703147e-01 1.9690915593e-01 -9.7429028728e-01
   outer loop
     vertex  1.725000e+02 2.748915e+01 -6.509430e+01
     vertex  1.811842e+02 -1.288029e-16 -7.162581e+01
     vertex  1.725000e+02 0.000000e+00 -7.065000e+01
   endloop
 endfacet
 facet normal  -1.0947703147e-01 -1.9690915593e-01 -9.7429028728e-01
   outer loop
     vertex  1.725000e+02 0.000000e+00 -7.065000e+01
     vertex  1.811842e+02 -1.288029e-16 -7.162581e+01
     vertex  1.725000e+02 -2.748915e+01 -6.509430e+01
   endloop
 endfacet
 facet normal  -1.0948442150e-01 -1.9690674002e-01 -9.7428994513e-01
   outer loop
     vertex  1.811842e+02 -1.288029e-16 -7.162581e+01
     vertex  1.811842e+02 -2.786214e+01 -6.599479e+01
     vertex  1.725000e+02 -2.748915e+01 -6.509430e+01
   endloop
 endfacet
 facet normal  -1.0932492995e-01 -5.5581055246e-01 -8.2408900579e-01
   outer loop
     vertex  1.725000e+02 -2.748915e+01 -6.509430e+01
     vertex  1.811842e+02 -2.786214e+01 -6.599479e+01
     vertex  1.725000e+02 -4.994730e+01 -4.994730e+01
   endloop
 endfacet
 facet normal  -1.0963363439e-01 -5.5570908674e-01 -8.2411642207e-01
   outer loop
     vertex  1.811842e+02 -2.786214e+01 -6.599479e+01
     vertex  1.811842e+02 -5.063730e+01 -5.063730e+01
     vertex  1.725000e+02 -4.994730e+01 -4.994730e+01
   endloop
 endfacet
 facet normal  -1.0963574198e-01 -8.2406062415e-01 -5.5579141034e-01
   outer loop
     vertex  1.725000e+02 -4.994730e+01 -4.994730e+01
     vertex  1.811842e+02 -5.063730e+01 -5.063730e+01
     vertex  1.725000e+02 -6.509430e+01 -2.748915e+01
   endloop
 endfacet
 facet normal  -1.0932712784e-01 -8.2414441246e-01 -5.5572796091e-01
   outer loop
     vertex  1.811842e+02 -5.063730e+01 -5.063730e+01
     vertex  1.811842e+02 -6.599479e+01 -2.786214e+01
     vertex  1.725000e+02 -6.509430e+01 -2.748915e+01
   endloop
 endfacet
 facet normal  -1.0948447050e-01 -9.7428948416e-01 -1.9690899361e-01
   outer loop
     vertex  1.725000e+02 -6.509430e+01 -2.748915e+01
     vertex  1.811842e+02 -6.599479e+01 -2.786214e+01
     vertex  1.725000e+02 -7.065000e+01 0.000000e+00
   endloop
 endfacet
 facet normal  -1.0947708206e-01 -9.7429073750e-01 -1.9690690016e-01
   outer loop
     vertex  1.811842e+02 -6.599479e+01 -2.786214e+01
     vertex  1.811842e+02 -7.162581e+01 -1.673814e-16
     vertex  1.725000e+02 -7.065000e+01 0.000000e+00
   endloop
 endfacet
 facet normal  -1.0947708206e-01 -9.7429073750e-01 1.9690690016e-01
   outer loop
     vertex  1.725000e+02 -7.065000e+01 0.000000e+00
     vertex  1.811842e+02 -7.162581e+01 -1.673814e-16
     vertex  1.811842e+02 -6.599479e+01 2.786214e+01
   endloop
 endfacet
 facet normal  -1.0948447050e-01 -9.7428948416e-01 1.9690899361e-01
   outer loop
     vertex  1.725000e+02 -7.065000e+01 0.000000e+00
     vertex  1.811842e+02 -6.599479e+01 2.786214e+01
     vertex  1.725000e+02 -6.509430e+01 2.748915e+01
   endloop
 endfacet
 facet normal  -1.0932712784e-01 -8.2414441246e-01 5.5572796091e-01
   outer loop
     vertex  1.725000e+02 -6.509430e+01 2.748915e+01
     vertex  1.811842e+02 -6.599479e+01 2.786214e+01
     vertex  1.811842e+02 -5.063730e+01 5.063730e+01
   endloop
 endfacet
 facet normal  -1.0963574198e-01 -8.2406062415e-01 5.5579141034e-01
   outer loop
     vertex  1.725000e+02 -6.509430e+01 2.748915e+01
     vertex  1.811842e+02 -5.063730e+01 5.063730e+01
     vertex  1.725000e+02 -4.994730e+01 4.994730e+01
   endloop
 endfacet
 facet normal  -1.0963363439e-01 -5.5570908674e-01 8.2411642207e-01
   outer loop
     vertex  1.725000e+02 -4.994730e+01 4.994730e+01
     vertex  1.811842e+02 -5.063730e+01 5.063730e+01
     vertex  1.811842e+02 -2.786214e+01 6.599479e+01
   endloop
 endfacet
 facet normal  -1.0932492995e-01 -5.5581055246e-01 8.2408900579e-01
   outer loop
     vertex  1.725000e+02 -4.994730e+01 4.994730e+01
     vertex  1.811842e+02 -2.786214e+01 6.599479e+01
     vertex  1.725000e+02 -2.748915e+01 6.509430e+01
   endloop
 endfacet
 facet normal  -1.0948442150e-01 -1.9690674002e-01 9.7428994513e-01
   outer loop
     vertex  1.725000e+02 -2.748915e+01 6.509430e+01
     vertex  1.811842e+02 -2.786214e+01 6.599479e+01
     vertex  1.811842e+02 -4.429601e-16 7.162581e+01
   endloop
 endfacet
 facet normal  -1.0947703147e-01 -1.9690915593e-01 9.7429028728e-01
   outer loop
     vertex  1.725000e+02 -2.748915e+01 6.509430e+01
     vertex  1.811842e+02 -4.429601e-16 7.162581e+01
     vertex  1.725000e+02 0.000000e+00 7.065000e+01
   endloop
 endfacet
 facet normal  -1.0947703147e-01 1.9690915593e-01 9.7429028728e-01
   outer loop
     vertex  1.725000e+02 0.000000e+00 7.065000e+01
     vertex  1.811842e+02 -4.429601e-16 7.162581e+01
     vertex  1.725000e+02 2.748915e+01 6.509430e+01
   endloop
 endfacet
 facet normal  -1.0948442150e-01 1.9690674002e-01 9.7428994513e-01
   outer loop
     vertex  1.811842e+02 -4.429601e-16 7.162581e+01
     vertex  1.811842e+02 2.786214e+01 6.599479e+01
     vertex  1.725000e+02 2.748915e+01 6.509430e+01
   endloop
 endfacet
 facet normal  -1.0932492995e-01 5.5581055246e-01 8.2408900579e-01
   outer loop
     vertex  1.725000e+02 2.748915e+01 6.509430e+01
     vertex  1.811842e+02 2.786214e+01 6.599479e+01
     vertex  1.725000e+02 4.994730e+01 4.994730e+01
   endloop
 endfacet
 facet normal  -1.0963363439e-01 5.5570908674e-01 8.2411642207e-01
   outer loop
     vertex  1.811842e+02 2.786214e+01 6.599479e+01
     vertex  1.811842e+02 5.063730e+01 5.063730e+01
     vertex  1.725000e+02 4.994730e+01 4.994730e+01
   endloop
 endfacet
 facet normal  -1.0963574198e-01 8.2406062415e-01 5.5579141034e-01
   outer loop
     vertex  1.725000e+02 4.994730e+01 4.994730e+01
     vertex  1.811842e+02 5.063730e+01 5.063730e+01
     vertex  1.725000e+02 6.509430e+01 2.748915e+01
   endloop
 endfacet
 facet normal  -1.0932712784e-01 8.2414441246e-01 5.5572796091e-01
   outer loop
     vertex  1.811842e+02 5.063730e+01 5.063730e+01
     vertex  1.811842e+02 6.599479e+01 2.786214e+01
     vertex  1.725000e+02 6.509430e+01 2.748915e+01
   endloop
 endfacet
 facet normal  -1.0948447050e-01 9.7428948416e-01 1.9690899361e-01
   outer loop
     vertex  1.725000e+02 6.509430e+01 2.748915e+01
     vertex  1.811842e+02 6.599479e+01 2.786214e+01
     vertex  1.725000e+02 7.065000e+01 0.000000e+00
   endloop
 endfacet
 facet normal  -1.0947708206e-01 9.7429073750e-01 1.9690690016e-01
   outer loop
     vertex  1.811842e+02 6.599479e+01 2.786214e+01
     vertex  1.811842e+02 7.162581e+01 0.000000e+00
     vertex  1.725000e+02 7.065000e+01 0.000000e+00
   endloop
 endfacet
 facet normal  -1.4816487253e-01 9.6936457920e-01 -1.9590682258e-01
   outer loop
     vertex  1.811842e+02 7.162581e+01 -5.551115e-17
     vertex  1.939526e+02 7.357742e+01 -1.665335e-16
     vertex  1.939526e+02 6.779577e+01 -2.860813e+01
   endloop
 endfacet
 facet normal  -1.4817457516e-01 9.6936228307e-01 -1.9591084565e-01
   outer loop
     vertex  1.811842e+02 7.162581e+01 -5.551115e-17
     vertex  1.939526e+02 6.779577e+01 -2.860813e+01
     vertex  1.811842e+02 6.599479e+01 -2.786214e+01
   endloop
 endfacet
 facet normal  -1.4796948680e-01 8.2009347395e-01 -5.5276733348e-01
   outer loop
     vertex  1.811842e+02 6.599479e+01 -2.786214e+01
     vertex  1.939526e+02 6.779577e+01 -2.860813e+01
     vertex  1.939526e+02 5.201730e+01 -5.201730e+01
   endloop
 endfacet
 facet normal  -1.4837447596e-01 8.1993700936e-01 -5.5289087130e-01
   outer loop
     vertex  1.811842e+02 6.599479e+01 -2.786214e+01
     vertex  1.939526e+02 5.201730e+01 -5.201730e+01
     vertex  1.811842e+02 5.063730e+01 -5.063730e+01
   endloop
 endfacet
 facet normal  -1.4836905326e-01 5.5273387416e-01 -8.2004383322e-01
   outer loop
     vertex  1.811842e+02 5.063730e+01 -5.063730e+01
     vertex  1.939526e+02 5.201730e+01 -5.201730e+01
     vertex  1.939526e+02 2.860813e+01 -6.779577e+01
   endloop
 endfacet
 facet normal  -1.4796383961e-01 5.5292526738e-01 -8.1998801873e-01
   outer loop
     vertex  1.811842e+02 5.063730e+01 -5.063730e+01
     vertex  1.939526e+02 2.860813e+01 -6.779577e+01
     vertex  1.811842e+02 2.786214e+01 -6.599479e+01
   endloop
 endfacet
 facet normal  -1.4817444901e-01 1.9590653836e-01 -9.6936317286e-01
   outer loop
     vertex  1.811842e+02 2.786214e+01 -6.599479e+01
     vertex  1.939526e+02 2.860813e+01 -6.779577e+01
     vertex  1.939526e+02 -3.864088e-16 -7.357742e+01
   endloop
 endfacet
 facet normal  -1.4816474228e-01 1.9591113749e-01 -9.6936372707e-01
   outer loop
     vertex  1.811842e+02 2.786214e+01 -6.599479e+01
     vertex  1.939526e+02 -3.864088e-16 -7.357742e+01
     vertex  1.811842e+02 -1.288029e-16 -7.162581e+01
   endloop
 endfacet
 facet normal  -1.4816474228e-01 -1.9591113749e-01 -9.6936372707e-01
   outer loop
     vertex  1.811842e+02 -1.288029e-16 -7.162581e+01
     vertex  1.939526e+02 -3.864088e-16 -7.357742e+01
     vertex  1.811842e+02 -2.786214e+01 -6.599479e+01
   endloop
 endfacet
 facet normal  -1.4817444901e-01 -1.9590653836e-01 -9.6936317286e-01
   outer loop
     vertex  1.939526e+02 -3.864088e-16 -7.357742e+01
     vertex  1.939526e+02 -2.860813e+01 -6.779577e+01
     vertex  1.811842e+02 -2.786214e+01 -6.599479e+01
   endloop
 endfacet
 facet normal  -1.4796383961e-01 -5.5292526738e-01 -8.1998801873e-01
   outer loop
     vertex  1.811842e+02 -2.786214e+01 -6.599479e+01
     vertex  1.939526e+02 -2.860813e+01 -6.779577e+01
     vertex  1.811842e+02 -5.063730e+01 -5.063730e+01
   endloop
 endfacet
 facet normal  -1.4836905326e-01 -5.5273387416e-01 -8.2004383322e-01
   outer loop
     vertex  1.939526e+02 -2.860813e+01 -6.779577e+01
     vertex  1.939526e+02 -5.201730e+01 -5.201730e+01
     vertex  1.811842e+02 -5.063730e+01 -5.063730e+01
   endloop
 endfacet
 facet normal  -1.4837447596e-01 -8.1993700936e-01 -5.5289087130e-01
   outer loop
     vertex  1.811842e+02 -5.063730e+01 -5.063730e+01
     vertex  1.939526e+02 -5.201730e+01 -5.201730e+01
     vertex  1.811842e+02 -6.599479e+01 -2.786214e+01
   endloop
 endfacet
 facet normal  -1.4796948680e-01 -8.2009347395e-01 -5.5276733348e-01
   outer loop
     vertex  1.939526e+02 -5.201730e+01 -5.201730e+01
     vertex  1.939526e+02 -6.779577e+01 -2.860813e+01
     vertex  1.811842e+02 -6.599479e+01 -2.786214e+01
   endloop
 endfacet
 facet normal  -1.4817457516e-01 -9.6936228307e-01 -1.9591084565e-01
   outer loop
     vertex  1.811842e+02 -6.599479e+01 -2.786214e+01
     vertex  1.939526e+02 -6.779577e+01 -2.860813e+01
     vertex  1.811842e+02 -7.162581e+01 -1.673814e-16
   endloop
 endfacet
 facet normal  -1.4816487253e-01 -9.6936457920e-01 -1.9590682258e-01
   outer loop
     vertex  1.939526e+02 -6.779577e+01 -2.860813e+01
     vertex  1.939526e+02 -7.357742e+01 -5.021442e-16
     vertex  1.811842e+02 -7.162581e+01 -1.673814e-16
   endloop
 endfacet
 facet normal  -1.4816487253e-01 -9.6936457920e-01 1.9590682258e-01
   outer loop
     vertex  1.811842e+02 -7.162581e+01 -1.673814e-16
     vertex  1.939526e+02 -7.357742e+01 -5.021442e-16
     vertex  1.939526e+02 -6.779577e+01 2.860813e+01
   endloop
 endfacet
 facet normal  -1.4817457516e-01 -9.6936228307e-01 1.9591084565e-01
   outer loop
     vertex  1.811842e+02 -7.162581e+01 -1.673814e-16
     vertex  1.939526e+02 -6.779577e+01 2.860813e+01
     vertex  1.811842e+02 -6.599479e+01 2.786214e+01
   endloop
 endfacet
 facet normal  -1.4796948680e-01 -8.2009347395e-01 5.5276733348e-01
   outer loop
     vertex  1.811842e+02 -6.599479e+01 2.786214e+01
     vertex  1.939526e+02 -6.779577e+01 2.860813e+01
     vertex  1.939526e+02 -5.201730e+01 5.201730e+01
   endloop
 endfacet
 facet normal  -1.4837447596e-01 -8.1993700936e-01 5.5289087130e-01
   outer loop
     vertex  1.811842e+02 -6.599479e+01 2.786214e+01
     vertex  1.939526e+02 -5.201730e+01 5.201730e+01
     vertex  1.811842e+02 -5.063730e+01 5.063730e+01
   endloop
 endfacet
 facet normal  -1.4836905326e-01 -5.5273387416e-01 8.2004383322e-01
   outer loop
     vertex  1.811842e+02 -5.063730e+01 5.063730e+01
     vertex  1.939526e+02 -5.201730e+01 5.201730e+01
     vertex  1.939526e+02 -2.860813e+01 6.779577e+01
   endloop
 endfacet
 facet normal  -1.4796383961e-01 -5.5292526738e-01 8.1998801873e-01
   outer loop
     vertex  1.811842e+02 -5.063730e+01 5.063730e+01
     vertex  1.939526e+02 -2.860813e+01 6.779577e+01
     vertex  1.811842e+02 -2.786214e+01 6.599479e+01
   endloop
 endfacet
 facet normal  -1.4817444901e-01 -1.9590653836e-01 9.6936317286e-01
   outer loop
     vertex  1.811842e+02 -2.786214e+01 6.599479e+01
     vertex  1.939526e+02 -2.860813e+01 6.779577e+01
     vertex  1.939526e+02 -1.328880e-15 7.357742e+01
   endloop
 endfacet
 facet normal  -1.4816474228e-01 -1.9591113749e-01 9.6936372707e-01
   outer loop
     vertex  1.811842e+02 -2.786214e+01 6.599479e+01
     vertex  1.939526e+02 -1.328880e-15 7.357742e+01
     vertex  1.811842e+02 -4.429601e-16 7.162581e+01
   endloop
 endfacet
 facet normal  -1.4816474228e-01 1.9591113749e-01 9.6936372707e-01
   outer loop
     vertex  1.811842e+02 -4.429601e-16 7.162581e+01
     vertex  1.939526e+02 -1.328880e-15 7.357742e+01
     vertex  1.811842e+02 2.786214e+01 6.599479e+01
   endloop
 endfacet
 facet normal  -1.4817444901e-01 1.9590653836e-01 9.6936317286e-01
   outer loop
     vertex  1.939526e+02 -1.328880e-15 7.357742e+01
     vertex  1.939526e+02 2.860813e+01 6.779577e+01
     vertex  1.811842e+02 2.786214e+01 6.599479e+01
   endloop
 endfacet
 facet normal  -1.4796383961e-01 5.5292526738e-01 8.1998801873e-01
   outer loop
     vertex  1.811842e+02 2.786214e+01 6.599479e+01
     vertex  1.939526e+02 2.860813e+01 6.779577e+01
     vertex  1.811842e+02 5.063730e+01 5.063730e+01
   endloop
 endfacet
 facet normal  -1.4836905326e-01 5.5273387416e-01 8.2004383322e-01
   outer loop
     vertex  1.939526e+02 2.860813e+01 6.779577e+01
     vertex  1.939526e+02 5.201730e+01 5.201730e+01
     vertex  1.811842e+02 5.063730e+01 5.063730e+01
   endloop
 endfacet
 facet normal  -1.4837447596e-01 8.1993700936e-01 5.5289087130e-01
   outer loop
     vertex  1.811842e+02 5.063730e+01 5.063730e+01
     vertex  1.939526e+02 5.201730e+01 5.201730e+01
     vertex  1.811842e+02 6.599479e+01 2.786214e+01
   endloop
 endfacet
 facet normal  -1.4796948680e-01 8.2009347395e-01 5.5276733348e-01
   outer loop
     vertex  1.939526e+02 5.201730e+01 5.201730e+01
     vertex  1.939526e+02 6.779577e+01 2.860813e+01
     vertex  1.811842e+02 6.599479e+01 2.786214e+01
   endloop
 endfacet
 facet normal  -1.4817457516e-01 9.6936228307e-01 1.9591084565e-01
   outer loop
     vertex  1.811842e+02 6.599479e+01 2.786214e+01
     vertex  1.939526e+02 6.779577e+01 2.860813e+01
     vertex  1.811842e+02 7.162581e+01 0.000000e+00
   endloop
 endfacet
 facet normal  -1.4816487253e-01 9.6936457920e-01 1.9590682258e-01
   outer loop
     vertex  1.939526e+02 6.779577e+01 2.860813e+01
     vertex  1.939526e+02 7.357742e+01 0.000000e+00
     vertex  1.811842e+02 7.162581e+01 0.000000e+00
   endloop
 endfacet
 facet normal  -1.0069027471e-01 9.7520234112e-01 -1.9708338959e-01
   outer loop
     vertex  1.939526e+02 7.357742e+01 -1.665335e-16
     vertex  2.081289e+02 7.504113e+01 -2.498002e-16
     vertex  2.081289e+02 6.914651e+01 -2.916763e+01
   endloop
 endfacet
 facet normal  -1.0069679716e-01 9.7520106613e-01 -1.9708636599e-01
   outer loop
     vertex  1.939526e+02 7.357742e+01 -1.665335e-16
     vertex  2.081289e+02 6.914651e+01 -2.916763e+01
     vertex  1.939526e+02 6.779577e+01 -2.860813e+01
   endloop
 endfacet
 facet normal  -1.0055860513e-01 8.2509476787e-01 -5.5597355239e-01
   outer loop
     vertex  1.939526e+02 6.779577e+01 -2.860813e+01
     vertex  2.081289e+02 6.914651e+01 -2.916763e+01
     vertex  2.081289e+02 5.305230e+01 -5.305230e+01
   endloop
 endfacet
 facet normal  -1.0083064775e-01 8.2499556421e-01 -5.5607148777e-01
   outer loop
     vertex  1.939526e+02 6.779577e+01 -2.860813e+01
     vertex  2.081289e+02 5.305230e+01 -5.305230e+01
     vertex  1.939526e+02 5.201730e+01 -5.201730e+01
   endloop
 endfacet
 facet normal  -1.0082797744e-01 5.5595831792e-01 -8.2507215909e-01
   outer loop
     vertex  1.939526e+02 5.201730e+01 -5.201730e+01
     vertex  2.081289e+02 5.305230e+01 -5.305230e+01
     vertex  2.081289e+02 2.916763e+01 -6.914651e+01
   endloop
 endfacet
 facet normal  -1.0055582916e-01 5.5608703342e-01 -8.2501862796e-01
   outer loop
     vertex  1.939526e+02 5.201730e+01 -5.201730e+01
     vertex  2.081289e+02 2.916763e+01 -6.914651e+01
     vertex  1.939526e+02 2.860813e+01 -6.779577e+01
   endloop
 endfacet
 facet normal  -1.0069673500e-01 1.9708326007e-01 -9.7520170025e-01
   outer loop
     vertex  1.939526e+02 2.860813e+01 -6.779577e+01
     vertex  2.081289e+02 2.916763e+01 -6.914651e+01
     vertex  2.081289e+02 -5.796132e-16 -7.504113e+01
   endloop
 endfacet
 facet normal  -1.0069021053e-01 1.9708649805e-01 -9.7520171954e-01
   outer loop
     vertex  1.939526e+02 2.860813e+01 -6.779577e+01
     vertex  2.081289e+02 -5.796132e-16 -7.504113e+01
     vertex  1.939526e+02 -3.864088e-16 -7.357742e+01
   endloop
 endfacet
 facet normal  -1.0069021053e-01 -1.9708649805e-01 -9.7520171954e-01
   outer loop
     vertex  1.939526e+02 -3.864088e-16 -7.357742e+01
     vertex  2.081289e+02 -5.796132e-16 -7.504113e+01
     vertex  1.939526e+02 -2.860813e+01 -6.779577e+01
   endloop
 endfacet
 facet normal  -1.0069673500e-01 -1.9708326007e-01 -9.7520170025e-01
   outer loop
     vertex  2.081289e+02 -5.796132e-16 -7.504113e+01
     vertex  2.081289e+02 -2.916763e+01 -6.914651e+01
     vertex  1.939526e+02 -2.860813e+01 -6.779577e+01
   endloop
 endfacet
 facet normal  -1.0055582916e-01 -5.5608703342e-01 -8.2501862796e-01
   outer loop
     vertex  1.939526e+02 -2.860813e+01 -6.779577e+01
     vertex  2.081289e+02 -2.916763e+01 -6.914651e+01
     vertex  1.939526e+02 -5.201730e+01 -5.201730e+01
   endloop
 endfacet
 facet normal  -1.0082797744e-01 -5.5595831792e-01 -8.2507215909e-01
   outer loop
     vertex  2.081289e+02 -2.916763e+01 -6.914651e+01
     vertex  2.081289e+02 -5.305230e+01 -5.305230e+01
     vertex  1.939526e+02 -5.201730e+01 -5.201730e+01
   endloop
 endfacet
 facet normal  -1.0083064775e-01 -8.2499556421e-01 -5.5607148777e-01
   outer loop
     vertex  1.939526e+02 -5.201730e+01 -5.201730e+01
     vertex  2.081289e+02 -5.305230e+01 -5.305230e+01
     vertex  1.939526e+02 -6.779577e+01 -2.860813e+01
   endloop
 endfacet
 facet normal  -1.0055860513e-01 -8.2509476787e-01 -5.5597355239e-01
   outer loop
     vertex  2.081289e+02 -5.305230e+01 -5.305230e+01
     vertex  2.081289e+02 -6.914651e+01 -2.916763e+01
     vertex  1.939526e+02 -6.779577e+01 -2.860813e+01
   endloop
 endfacet
 facet normal  -1.0069679716e-01 -9.7520106613e-01 -1.9708636599e-01
   outer loop
     vertex  1.939526e+02 -6.779577e+01 -2.860813e+01
     vertex  2.081289e+02 -6.914651e+01 -2.916763e+01
     vertex  1.939526e+02 -7.357742e+01 -5.021442e-16
   endloop
 endfacet
 facet normal  -1.0069027471e-01 -9.7520234112e-01 -1.9708338959e-01
   outer loop
     vertex  2.081289e+02 -6.914651e+01 -2.916763e+01
     vertex  2.081289e+02 -7.504113e+01 -7.532163e-16
     vertex  1.939526e+02 -7.357742e+01 -5.021442e-16
   endloop
 endfacet
 facet normal  -1.0069027471e-01 -9.7520234112e-01 1.9708338959e-01
   outer loop
     vertex  1.939526e+02 -7.357742e+01 -5.021442e-16
     vertex  2.081289e+02 -7.504113e+01 -7.532163e-16
     vertex  2.081289e+02 -6.914651e+01 2.916763e+01
   endloop
 endfacet
 facet normal  -1.0069679716e-01 -9.7520106613e-01 1.9708636599e-01
   outer loop
     vertex  1.939526e+02 -7.357742e+01 -5.021442e-16
     vertex  2.081289e+02 -6.914651e+01 2.916763e+01
     vertex  1.939526e+02 -6.779577e+01 2.860813e+01
   endloop
 endfacet
 facet normal  -1.0055860513e-01 -8.2509476787e-01 5.5597355239e-01
   outer loop
     vertex  1.939526e+02 -6.779577e+01 2.860813e+01
     vertex  2.081289e+02 -6.914651e+01 2.916763e+01
     vertex  2.081289e+02 -5.305230e+01 5.305230e+01
   endloop
 endfacet
 facet normal  -1.0083064775e-01 -8.2499556421e-01 5.5607148777e-01
   outer loop
     vertex  1.939526e+02 -6.779577e+01 2.860813e+01
     vertex  2.081289e+02 -5.305230e+01 5.305230e+01
     vertex  1.939526e+02 -5.201730e+01 5.201730e+01
   endloop
 endfacet
 facet normal  -1.0082797744e-01 -5.5595831792e-01 8.2507215909e-01
   outer loop
     vertex  1.939526e+02 -5.201730e+01 5.201730e+01
     vertex  2.081289e+02 -5.305230e+01 5.305230e+01
     vertex  2.081289e+02 -2.916763e+01 6.914651e+01
   endloop
 endfacet
 facet normal  -1.0055582916e-01 -5.5608703342e-01 8.2501862796e-01
   outer loop
     vertex  1.939526e+02 -5.201730e+01 5.201730e+01
     vertex  2.081289e+02 -2.916763e+01 6.914651e+01
     vertex  1.939526e+02 -2.860813e+01 6.779577e+01
   endloop
 endfacet
 facet normal  -1.0069673500e-01 -1.9708326007e-01 9.7520170025e-01
   outer loop
     vertex  1.939526e+02 -2.860813e+01 6.779577e+01
     vertex  2.081289e+02 -2.916763e+01 6.914651e+01
     vertex  2.081289e+02 -1.993320e-15 7.504113e+01
   endloop
 endfacet
 facet normal  -1.0069021053e-01 -1.9708649805e-01 9.7520171954e-01
   outer loop
     vertex  1.939526e+02 -2.860813e+01 6.779577e+01
     vertex  2.081289e+02 -1.993320e-15 7.504113e+01
     vertex  1.939526e+02 -1.328880e-15 7.357742e+01
   endloop
 endfacet
 facet normal  -1.0069021053e-01 1.9708649805e-01 9.7520171954e-01
   outer loop
     vertex  1.939526e+02 -1.328880e-15 7.357742e+01
     vertex  2.081289e+02 -1.993320e-15 7.504113e+01
     vertex  1.939526e+02 2.860813e+01 6.779577e+01
   endloop
 endfacet
 facet normal  -1.0069673500e-01 1.9708326007e-01 9.7520170025e-01
   outer loop
     vertex  2.081289e+02 -1.993320e-15 7.504113e+01
     vertex  2.081289e+02 2.916763e+01 6.914651e+01
     vertex  1.939526e+02 2.860813e+01 6.779577e+01
   endloop
 endfacet
 facet normal  -1.0055582916e-01 5.5608703342e-01 8.2501862796e-01
   outer loop
     vertex  1.939526e+02 2.860813e+01 6.779577e+01
     vertex  2.081289e+02 2.916763e+01 6.914651e+01
     vertex  1.939526e+02 5.201730e+01 5.201730e+01
   endloop
 endfacet
 facet normal  -1.0082797744e-01 5.5595831792e-01 8.2507215909e-01
   outer loop
     vertex  2.081289e+02 2.916763e+01 6.914651e+01
     vertex  2.081289e+02 5.305230e+01 5.305230e+01
     vertex  1.939526e+02 5.201730e+01 5.201730e+01
   endloop
 endfacet
 facet normal  -1.0083064775e-01 8.2499556421e-01 5.5607148777e-01
   outer loop
     vertex  1.939526e+02 5.201730e+01 5.201730e+01
     vertex  2.081289e+02 5.305230e+01 5.305230e+01
     vertex  1.939526e+02 6.779577e+01 2.860813e+01
   endloop
 endfacet
 facet normal  -1.0055860513e-01 8.2509476787e-01 5.5597355239e-01
   outer loop
     vertex  2.081289e+02 5.305230e+01 5.305230e+01
     vertex  2.081289e+02 6.914651e+01 2.916763e+01
     vertex  1.939526e+02 6.779577e+01 2.860813e+01
   endloop
 endfacet
 facet normal  -1.0069679716e-01 9.7520106613e-01 1.9708636599e-01
   outer loop
     vertex  1.939526e+02 6.779577e+01 2.860813e+01
     vertex  2.081289e+02 6.914651e+01 2.916763e+01
     vertex  1.939526e+02 7.357742e+01 0.000000e+00
   endloop
 endfacet
 facet normal  -1.0069027471e-01 9.7520234112e-01 1.9708338959e-01
   outer loop
     vertex  2.081289e+02 6.914651e+01 2.916763e+01
     vertex  2.081289e+02 7.504113e+01 0.000000e+00
     vertex  1.939526e+02 7.357742e+01 0.000000e+00
   endloop
 endfacet
 facet normal  3.7024392360e-02 9.7951155300e-01 -1.9795532805e-01
   outer loop
     vertex  2.081289e+02 7.504113e+01 -2.498002e-16
     vertex  2.210368e+02 7.455323e+01 -2.220446e-16
     vertex  2.210368e+02 6.869626e+01 -2.898113e+01
   endloop
 endfacet
 facet normal  3.7026796721e-02 9.7951167322e-01 -1.9795428349e-01
   outer loop
     vertex  2.081289e+02 7.504113e+01 -2.498002e-16
     vertex  2.210368e+02 6.869626e+01 -2.898113e+01
     vertex  2.081289e+02 6.914651e+01 -2.916763e+01
   endloop
 endfacet
 facet normal  3.6975217921e-02 8.2870605148e-01 -5.5846138050e-01
   outer loop
     vertex  2.081289e+02 6.914651e+01 -2.916763e+01
     vertex  2.210368e+02 6.869626e+01 -2.898113e+01
     vertex  2.210368e+02 5.270730e+01 -5.270730e+01
   endloop
 endfacet
 facet normal  3.7075483709e-02 8.2872819863e-01 -5.5842186679e-01
   outer loop
     vertex  2.081289e+02 6.914651e+01 -2.916763e+01
     vertex  2.210368e+02 5.270730e+01 -5.270730e+01
     vertex  2.081289e+02 5.305230e+01 -5.305230e+01
   endloop
 endfacet
 facet normal  3.7075809602e-02 5.5845929768e-01 -8.2870296076e-01
   outer loop
     vertex  2.081289e+02 5.305230e+01 -5.305230e+01
     vertex  2.210368e+02 5.270730e+01 -5.270730e+01
     vertex  2.210368e+02 2.898113e+01 -6.869626e+01
   endloop
 endfacet
 facet normal  3.6975556528e-02 5.5842393571e-01 -8.2873126901e-01
   outer loop
     vertex  2.081289e+02 5.305230e+01 -5.305230e+01
     vertex  2.210368e+02 2.898113e+01 -6.869626e+01
     vertex  2.081289e+02 2.916763e+01 -6.914651e+01
   endloop
 endfacet
 facet normal  3.7026804309e-02 1.9795531035e-01 -9.7951146541e-01
   outer loop
     vertex  2.081289e+02 2.916763e+01 -6.914651e+01
     vertex  2.210368e+02 2.898113e+01 -6.869626e+01
     vertex  2.210368e+02 -5.152118e-16 -7.455323e+01
   endloop
 endfacet
 facet normal  3.7024400193e-02 1.9795430108e-01 -9.7951176025e-01
   outer loop
     vertex  2.081289e+02 2.916763e+01 -6.914651e+01
     vertex  2.210368e+02 -5.152118e-16 -7.455323e+01
     vertex  2.081289e+02 -5.796132e-16 -7.504113e+01
   endloop
 endfacet
 facet normal  3.7024400193e-02 -1.9795430108e-01 -9.7951176025e-01
   outer loop
     vertex  2.081289e+02 -5.796132e-16 -7.504113e+01
     vertex  2.210368e+02 -5.152118e-16 -7.455323e+01
     vertex  2.081289e+02 -2.916763e+01 -6.914651e+01
   endloop
 endfacet
 facet normal  3.7026804309e-02 -1.9795531035e-01 -9.7951146541e-01
   outer loop
     vertex  2.210368e+02 -5.152118e-16 -7.455323e+01
     vertex  2.210368e+02 -2.898113e+01 -6.869626e+01
     vertex  2.081289e+02 -2.916763e+01 -6.914651e+01
   endloop
 endfacet
 facet normal  3.6975556528e-02 -5.5842393571e-01 -8.2873126901e-01
   outer loop
     vertex  2.081289e+02 -2.916763e+01 -6.914651e+01
     vertex  2.210368e+02 -2.898113e+01 -6.869626e+01
     vertex  2.081289e+02 -5.305230e+01 -5.305230e+01
   endloop
 endfacet
 facet normal  3.7075809602e-02 -5.5845929768e-01 -8.2870296076e-01
   outer loop
     vertex  2.210368e+02 -2.898113e+01 -6.869626e+01
     vertex  2.210368e+02 -5.270730e+01 -5.270730e+01
     vertex  2.081289e+02 -5.305230e+01 -5.305230e+01
   endloop
 endfacet
 facet normal  3.7075483709e-02 -8.2872819863e-01 -5.5842186679e-01
   outer loop
     vertex  2.081289e+02 -5.305230e+01 -5.305230e+01
     vertex  2.210368e+02 -5.270730e+01 -5.270730e+01
     vertex  2.081289e+02 -6.914651e+01 -2.916763e+01
   endloop
 endfacet
 facet normal  3.6975217921e-02 -8.2870605148e-01 -5.5846138050e-01
   outer loop
     vertex  2.210368e+02 -5.270730e+01 -5.270730e+01
     vertex  2.210368e+02 -6.869626e+01 -2.898113e+01
     vertex  2.081289e+02 -6.914651e+01 -2.916763e+01
   endloop
 endfacet
 facet normal  3.7026796721e-02 -9.7951167322e-01 -1.9795428349e-01
   outer loop
     vertex  2.081289e+02 -6.914651e+01 -2.916763e+01
     vertex  2.210368e+02 -6.869626e+01 -2.898113e+01
     vertex  2.081289e+02 -7.504113e+01 -7.532163e-16
   endloop
 endfacet
 facet normal  3.7024392360e-02 -9.7951155300e-01 -1.9795532805e-01
   outer loop
     vertex  2.210368e+02 -6.869626e+01 -2.898113e+01
     vertex  2.210368e+02 -7.455323e+01 -6.695256e-16
     vertex  2.081289e+02 -7.504113e+01 -7.532163e-16
   endloop
 endfacet
 facet normal  3.7024392360e-02 -9.7951155300e-01 1.9795532805e-01
   outer loop
     vertex  2.081289e+02 -7.504113e+01 -7.532163e-16
     vertex  2.210368e+02 -7.455323e+01 -6.695256e-16
     vertex  2.210368e+02 -6.869626e+01 2.898113e+01
   endloop
 endfacet
 facet normal  3.7026796721e-02 -9.7951167322e-01 1.9795428349e-01
   outer loop
     vertex  2.081289e+02 -7.504113e+01 -7.532163e-16
     vertex  2.210368e+02 -6.869626e+01 2.898113e+01
     vertex  2.081289e+02 -6.914651e+01 2.916763e+01
   endloop
 endfacet
 facet normal  3.6975217921e-02 -8.2870605148e-01 5.5846138050e-01
   outer loop
     vertex  2.081289e+02 -6.914651e+01 2.916763e+01
     vertex  2.210368e+02 -6.869626e+01 2.898113e+01
     vertex  2.210368e+02 -5.270730e+01 5.270730e+01
   endloop
 endfacet
 facet normal  3.7075483709e-02 -8.2872819863e-01 5.5842186679e-01
   outer loop
     vertex  2.081289e+02 -6.914651e+01 2.916763e+01
     vertex  2.210368e+02 -5.270730e+01 5.270730e+01
     vertex  2.081289e+02 -5.305230e+01 5.305230e+01
   endloop
 endfacet
 facet normal  3.7075809602e-02 -5.5845929768e-01 8.2870296076e-01
   outer loop
     vertex  2.081289e+02 -5.305230e+01 5.305230e+01
     vertex  2.210368e+02 -5.270730e+01 5.270730e+01
     vertex  2.210368e+02 -2.898113e+01 6.869626e+01
   endloop
 endfacet
 facet normal  3.6975556528e-02 -5.5842393571e-01 8.2873126901e-01
   outer loop
     vertex  2.081289e+02 -5.305230e+01 5.305230e+01
     vertex  2.210368e+02 -2.898113e+01 6.869626e+01
     vertex  2.081289e+02 -2.916763e+01 6.914651e+01
   endloop
 endfacet
 facet normal  3.7026804309e-02 -1.9795531035e-01 9.7951146541e-01
   outer loop
     vertex  2.081289e+02 -2.916763e+01 6.914651e+01
     vertex  2.210368e+02 -2.898113e+01 6.869626e+01
     vertex  2.210368e+02 -1.771840e-15 7.455323e+01
   endloop
 endfacet
 facet normal  3.7024400193e-02 -1.9795430108e-01 9.7951176025e-01
   outer loop
     vertex  2.081289e+02 -2.916763e+01 6.914651e+01
     vertex  2.210368e+02 -1.771840e-15 7.455323e+01
     vertex  2.081289e+02 -1.993320e-15 7.504113e+01
   endloop
 endfacet
 facet normal  3.7024400193e-02 1.9795430108e-01 9.7951176025e-01
   outer loop
     vertex  2.081289e+02 -1.993320e-15 7.504113e+01
     vertex  2.210368e+02 -1.771840e-15 7.455323e+01
     vertex  2.081289e+02 2.916763e+01 6.914651e+01
   endloop
 endfacet
 facet normal  3.7026804309e-02 1.9795531035e-01 9.7951146541e-01
   outer loop
     vertex  2.210368e+02 -1.771840e-15 7.455323e+01
     vertex  2.210368e+02 2.898113e+01 6.869626e+01
     vertex  2.081289e+02 2.916763e+01 6.914651e+01
   endloop
 endfacet
 facet normal  3.6975556528e-02 5.5842393571e-01 8.2873126901e-01
   outer loop
     vertex  2.081289e+02 2.916763e+01 6.914651e+01
     vertex  2.210368e+02 2.898113e+01 6.869626e+01
     vertex  2.081289e+02 5.305230e+01 5.305230e+01
   endloop
 endfacet
 facet normal  3.7075809602e-02 5.5845929768e-01 8.2870296076e-01
   outer loop
     vertex  2.210368e+02 2.898113e+01 6.869626e+01
     vertex  2.210368e+02 5.270730e+01 5.270730e+01
     vertex  2.081289e+02 5.305230e+01 5.305230e+01
   endloop
 endfacet
 facet normal  3.7075483709e-02 8.2872819863e-01 5.5842186679e-01
   outer loop
     vertex  2.081289e+02 5.305230e+01 5.305230e+01
     vertex  2.210368e+02 5.270730e+01 5.270730e+01
     vertex  2.081289e+02 6.914651e+01 2.916763e+01
   endloop
 endfacet
 facet normal  3.6975217921e-02 8.2870605148e-01 5.5846138050e-01
   outer loop
     vertex  2.210368e+02 5.270730e+01 5.270730e+01
     vertex  2.210368e+02 6.869626e+01 2.898113e+01
     vertex  2.081289e+02 6.914651e+01 2.916763e+01
   endloop
 endfacet
 facet normal  3.7026796721e-02 9.7951167322e-01 1.9795428349e-01
   outer loop
     vertex  2.081289e+02 6.914651e+01 2.916763e+01
     vertex  2.210368e+02 6.869626e+01 2.898113e+01
     vertex  2.081289e+02 7.504113e+01 0.000000e+00
   endloop
 endfacet
 facet normal  3.7024392360e-02 9.7951155300e-01 1.9795532805e-01
   outer loop
     vertex  2.210368e+02 6.869626e+01 2.898113e+01
     vertex  2.210368e+02 7.455323e+01 0.000000e+00
     vertex  2.081289e+02 7.504113e+01 0.000000e+00
   endloop
 endfacet
 facet normal  3.9257439452e-01 9.0149309141e-01 -1.8219646241e-01
   outer loop
     vertex  2.210368e+02 7.455323e+01 -2.220446e-16
     vertex  2.300000e+02 7.065000e+01 0.000000e+00
     vertex  2.300000e+02 6.509430e+01 -2.748915e+01
   endloop
 endfacet
 facet normal  3.9259665400e-01 9.0148539949e-01 -1.8218655762e-01
   outer loop
     vertex  2.210368e+02 7.455323e+01 -2.220446e-16
     vertex  2.300000e+02 6.509430e+01 -2.748915e+01
     vertex  2.210368e+02 6.869626e+01 -2.898113e+01
   endloop
 endfacet
 facet normal  3.9210729359e-01 7.6266691390e-01 -5.1438414513e-01
   outer loop
     vertex  2.210368e+02 6.869626e+01 -2.898113e+01
     vertex  2.300000e+02 6.509430e+01 -2.748915e+01
     vertex  2.300000e+02 4.994730e+01 -4.994730e+01
   endloop
 endfacet
 facet normal  3.9303664094e-01 7.6253555237e-01 -5.1386937080e-01
   outer loop
     vertex  2.210368e+02 6.869626e+01 -2.898113e+01
     vertex  2.300000e+02 4.994730e+01 -4.994730e+01
     vertex  2.210368e+02 5.270730e+01 -5.270730e+01
   endloop
 endfacet
 facet normal  3.9306149302e-01 5.1415639624e-01 -7.6232923524e-01
   outer loop
     vertex  2.210368e+02 5.270730e+01 -5.270730e+01
     vertex  2.300000e+02 4.994730e+01 -4.994730e+01
     vertex  2.300000e+02 2.748915e+01 -6.509430e+01
   endloop
 endfacet
 facet normal  3.9213320428e-01 5.1408488108e-01 -7.6285535008e-01
   outer loop
     vertex  2.210368e+02 5.270730e+01 -5.270730e+01
     vertex  2.300000e+02 2.748915e+01 -6.509430e+01
     vertex  2.210368e+02 2.898113e+01 -6.869626e+01
   endloop
 endfacet
 facet normal  3.9259723244e-01 1.8219453123e-01 -9.0148353611e-01
   outer loop
     vertex  2.210368e+02 2.898113e+01 -6.869626e+01
     vertex  2.300000e+02 2.748915e+01 -6.509430e+01
     vertex  2.300000e+02 0.000000e+00 -7.065000e+01
   endloop
 endfacet
 facet normal  3.9257499177e-01 1.8218838930e-01 -9.0149446290e-01
   outer loop
     vertex  2.210368e+02 2.898113e+01 -6.869626e+01
     vertex  2.300000e+02 0.000000e+00 -7.065000e+01
     vertex  2.210368e+02 -5.152118e-16 -7.455323e+01
   endloop
 endfacet
 facet normal  3.9257499177e-01 -1.8218838930e-01 -9.0149446290e-01
   outer loop
     vertex  2.210368e+02 -5.152118e-16 -7.455323e+01
     vertex  2.300000e+02 0.000000e+00 -7.065000e+01
     vertex  2.210368e+02 -2.898113e+01 -6.869626e+01
   endloop
 endfacet
 facet normal  3.9259723244e-01 -1.8219453123e-01 -9.0148353611e-01
   outer loop
     vertex  2.300000e+02 0.000000e+00 -7.065000e+01
     vertex  2.300000e+02 -2.748915e+01 -6.509430e+01
     vertex  2.210368e+02 -2.898113e+01 -6.869626e+01
   endloop
 endfacet
 facet normal  3.9213320428e-01 -5.1408488108e-01 -7.6285535008e-01
   outer loop
     vertex  2.210368e+02 -2.898113e+01 -6.869626e+01
     vertex  2.300000e+02 -2.748915e+01 -6.509430e+01
     vertex  2.210368e+02 -5.270730e+01 -5.270730e+01
   endloop
 endfacet
 facet normal  3.9306149302e-01 -5.1415639624e-01 -7.6232923524e-01
   outer loop
     vertex  2.300000e+02 -2.748915e+01 -6.509430e+01
     vertex  2.300000e+02 -4.994730e+01 -4.994730e+01
     vertex  2.210368e+02 -5.270730e+01 -5.270730e+01
   endloop
 endfacet
 facet normal  3.9303664094e-01 -7.6253555237e-01 -5.1386937080e-01
   outer loop
     vertex  2.210368e+02 -5.270730e+01 -5.270730e+01
     vertex  2.300000e+02 -4.994730e+01 -4.994730e+01
     vertex  2.210368e+02 -6.869626e+01 -2.898113e+01
   endloop
 endfacet
 facet normal  3.9210729359e-01 -7.6266691390e-01 -5.1438414513e-01
   outer loop
     vertex  2.300000e+02 -4.994730e+01 -4.994730e+01
     vertex  2.300000e+02 -6.509430e+01 -2.748915e+01
     vertex  2.210368e+02 -6.869626e+01 -2.898113e+01
   endloop
 endfacet
 facet normal  3.9259665400e-01 -9.0148539949e-01 -1.8218655762e-01
   outer loop
     vertex  2.210368e+02 -6.869626e+01 -2.898113e+01
     vertex  2.300000e+02 -6.509430e+01 -2.748915e+01
     vertex  2.210368e+02 -7.455323e+01 -6.695256e-16
   endloop
 endfacet
 facet normal  3.9257439452e-01 -9.0149309141e-01 -1.8219646241e-01
   outer loop
     vertex  2.300000e+02 -6.509430e+01 -2.748915e+01
     vertex  2.300000e+02 -7.065000e+01 0.000000e+00
     vertex  2.210368e+02 -7.455323e+01 -6.695256e-16
   endloop
 endfacet
 facet normal  3.9257439452e-01 -9.0149309141e-01 1.8219646241e-01
   outer loop
     vertex  2.210368e+02 -7.455323e+01 -6.695256e-16
     vertex  2.300000e+02 -7.065000e+01 0.000000e+00
     vertex  2.300000e+02 -6.509430e+01 2.748915e+01
   endloop
 endfacet
 facet normal  3.9259665400e-01 -9.0148539949e-01 1.8218655762e-01
   outer loop
     vertex  2.210368e+02 -7.455323e+01 -6.695256e-16
     vertex  2.300000e+02 -6.509430e+01 2.748915e+01
     vertex  2.210368e+02 -6.869626e+01 2.898113e+01
   endloop
 endfacet
 facet normal  3.9210729359e-01 -7.6266691390e-01 5.1438414513e-01
   outer loop
     vertex  2.210368e+02 -6.869626e+01 2.898113e+01
     vertex  2.300000e+02 -6.509430e+01 2.748915e+01
     vertex  2.300000e+02 -4.994730e+01 4.994730e+01
   endloop
 endfacet
 facet normal  3.9303664094e-01 -7.6253555237e-01 5.1386937080e-01
   outer loop
     vertex  2.210368e+02 -6.869626e+01 2.898113e+01
     vertex  2.300000e+02 -4.994730e+01 4.994730e+01
     vertex  2.210368e+02 -5.270730e+01 5.270730e+01
   endloop
 endfacet
 facet normal  3.9306149302e-01 -5.1415639624e-01 7.6232923524e-01
   outer loop
     vertex  2.210368e+02 -5.270730e+01 5.270730e+01
     vertex  2.300000e+02 -4.994730e+01 4.994730e+01
     vertex  2.300000e+02 -2.748915e+01 6.509430e+01
   endloop
 endfacet
 facet normal  3.9213320428e-01 -5.1408488108e-01 7.6285535008e-01
   outer loop
     vertex  2.210368e+02 -5.270730e+01 5.270730e+01
     vertex  2.300000e+02 -2.748915e+01 6.509430e+01
     vertex  2.210368e+02 -2.898113e+01 6.869626e+01
   endloop
 endfacet
 facet normal  3.9259723244e-01 -1.8219453123e-01 9.0148353611e-01
   outer loop
     vertex  2.210368e+02 -2.898113e+01 6.869626e+01
     vertex  2.300000e+02 -2.748915e+01 6.509430e+01
     vertex  2.300000e+02 0.000000e+00 7.065000e+01
   endloop
 endfacet
 facet normal  3.9257499177e-01 -1.8218838930e-01 9.0149446290e-01
   outer loop
     vertex  2.210368e+02 -2.898113e+01 6.869626e+01
     vertex  2.300000e+02 0.000000e+00 7.065000e+01
     vertex  2.210368e+02 -1.771840e-15 7.455323e+01
   endloop
 endfacet
 facet normal  3.9257499177e-01 1.8218838930e-01 9.0149446290e-01
   outer loop
     vertex  2.210368e+02 -1.771840e-15 7.455323e+01
     vertex  2.300000e+02 0.000000e+00 7.065000e+01
     vertex  2.210368e+02 2.898113e+01 6.869626e+01
   endloop
 endfacet
 facet normal  3.9259723244e-01 1.8219453123e-01 9.0148353611e-01
   outer loop
     vertex  2.300000e+02 0.000000e+00 7.065000e+01
     vertex  2.300000e+02 2.748915e+01 6.509430e+01
     vertex  2.210368e+02 2.898113e+01 6.869626e+01
   endloop
 endfacet
 facet normal  3.9213320428e-01 5.1408488108e-01 7.6285535008e-01
   outer loop
     vertex  2.210368e+02 2.898113e+01 6.869626e+01
     vertex  2.300000e+02 2.748915e+01 6.509430e+01
     vertex  2.210368e+02 5.270730e+01 5.270730e+01
   endloop
 endfacet
 facet normal  3.9306149302e-01 5.1415639624e-01 7.6232923524e-01
   outer loop
     vertex  2.300000e+02 2.748915e+01 6.509430e+01
     vertex  2.300000e+02 4.994730e+01 4.994730e+01
     vertex  2.210368e+02 5.270730e+01 5.270730e+01
   endloop
 endfacet
 facet normal  3.9303664094e-01 7.6253555237e-01 5.1386937080e-01
   outer loop
     vertex  2.210368e+02 5.270730e+01 5.270730e+01
     vertex  2.300000e+02 4.994730e+01 4.994730e+01
     vertex  2.210368e+02 6.869626e+01 2.898113e+01
   endloop
 endfacet
 facet normal  3.9210729359e-01 7.6266691390e-01 5.1438414513e-01
   outer loop
     vertex  2.300000e+02 4.994730e+01 4.994730e+01
     vertex  2.300000e+02 6.509430e+01 2.748915e+01
     vertex  2.210368e+02 6.869626e+01 2.898113e+01
   endloop
 endfacet
 facet normal  3.9259665400e-01 9.0148539949e-01 1.8218655762e-01
   outer loop
     vertex  2.210368e+02 6.869626e+01 2.898113e+01
     vertex  2.300000e+02 6.509430e+01 2.748915e+01
     vertex  2.210368e+02 7.455323e+01 0.000000e+00
   endloop
 endfacet
 facet normal  3.9257439452e-01 9.0149309141e-01 1.8219646241e-01
   outer loop
     vertex  2.300000e+02 6.509430e+01 2.748915e+01
     vertex  2.300000e+02 7.065000e+01 0.000000e+00
     vertex  2.210368e+02 7.455323e+01 0.000000e+00
   endloop
 endfacet
endsolid
