solid
 facet normal  0.0000000000e+00 -1.0000000000e+00 -0.0000000000e+00
   outer loop
     vertex  8.000000e+01 0.000000e+00 0.000000e+00
     vertex  7.847587e+01 0.000000e+00 -1.865347e-15
     vertex  7.847587e+01 0.000000e+00 -7.058667e-02
   endloop
 endfacet
 facet normal  0.0000000000e+00 -1.0000000000e+00 0.0000000000e+00
   outer loop
     vertex  7.847587e+01 0.000000e+00 -1.865347e-15
     vertex  7.628524e+01 0.000000e+00 -2.922025e-15
     vertex  7.847587e+01 0.000000e+00 -7.058667e-02
   endloop
 endfacet
 facet normal  0.0000000000e+00 -1.0000000000e+00 -0.0000000000e+00
   outer loop
     vertex  7.847587e+01 0.000000e+00 -7.058667e-02
     vertex  7.628524e+01 0.000000e+00 -2.922025e-15
     vertex  7.628524e+01 0.000000e+00 -1.696357e-01
   endloop
 endfacet
 facet normal  0.0000000000e+00 -1.0000000000e+00 0.0000000000e+00
   outer loop
     vertex  7.628524e+01 0.000000e+00 -2.922025e-15
     vertex  7.320167e+01 0.000000e+00 -2.583566e-15
     vertex  7.628524e+01 0.000000e+00 -1.696357e-01
   endloop
 endfacet
 facet normal  0.0000000000e+00 -1.0000000000e+00 -0.0000000000e+00
   outer loop
     vertex  7.628524e+01 0.000000e+00 -1.696357e-01
     vertex  7.320167e+01 0.000000e+00 -2.583566e-15
     vertex  7.320167e+01 0.000000e+00 -3.043892e-01
   endloop
 endfacet
 facet normal  0.0000000000e+00 -1.0000000000e+00 0.0000000000e+00
   outer loop
     vertex  7.320167e+01 0.000000e+00 -2.583566e-15
     vertex  6.898632e+01 0.000000e+00 -2.384505e-15
     vertex  7.320167e+01 0.000000e+00 -3.043892e-01
   endloop
 endfacet
 facet normal  0.0000000000e+00 -1.0000000000e+00 -0.0000000000e+00
   outer loop
     vertex  7.320167e+01 0.000000e+00 -3.043892e-01
     vertex  6.898632e+01 0.000000e+00 -2.384505e-15
     vertex  6.898632e+01 0.000000e+00 -4.801239e-01
   endloop
 endfacet
 facet normal  0.0000000000e+00 -1.0000000000e+00 0.0000000000e+00
   outer loop
     vertex  6.898632e+01 0.000000e+00 -2.384505e-15
     vertex  6.344858e+01 0.000000e+00 -3.132380e-15
     vertex  6.898632e+01 0.000000e+00 -4.801239e-01
   endloop
 endfacet
 facet normal  0.0000000000e+00 -1.0000000000e+00 -0.0000000000e+00
   outer loop
     vertex  6.898632e+01 0.000000e+00 -4.801239e-01
     vertex  6.344858e+01 0.000000e+00 -3.132380e-15
     vertex  6.344858e+01 0.000000e+00 -6.965411e-01
   endloop
 endfacet
 facet normal  0.0000000000e+00 -1.0000000000e+00 0.0000000000e+00
   outer loop
     vertex  6.344858e+01 0.000000e+00 -3.132380e-15
     vertex  5.654186e+01 0.000000e+00 -1.979113e-15
     vertex  6.344858e+01 0.000000e+00 -6.965411e-01
   endloop
 endfacet
 facet normal  0.0000000000e+00 -1.0000000000e+00 -0.0000000000e+00
   outer loop
     vertex  6.344858e+01 0.000000e+00 -6.965411e-01
     vertex  5.654186e+01 0.000000e+00 -1.979113e-15
     vertex  5.654186e+01 0.000000e+00 -9.430336e-01
   endloop
 endfacet
 facet normal  0.0000000000e+00 -1.0000000000e+00 0.0000000000e+00
   outer loop
     vertex  5.654186e+01 0.000000e+00 -1.979113e-15
     vertex  4.846471e+01 0.000000e+00 -1.330972e-15
     vertex  5.654186e+01 0.000000e+00 -9.430336e-01
   endloop
 endfacet
 facet normal  0.0000000000e+00 -1.0000000000e+00 -0.0000000000e+00
   outer loop
     vertex  5.654186e+01 0.000000e+00 -9.430336e-01
     vertex  4.846471e+01 0.000000e+00 -1.330972e-15
     vertex  4.846471e+01 0.000000e+00 -1.195026e+00
   endloop
 endfacet
 facet normal  0.0000000000e+00 -1.0000000000e+00 0.0000000000e+00
   outer loop
     vertex  4.846471e+01 0.000000e+00 -1.330972e-15
     vertex  3.970000e+01 0.000000e+00 -1.084202e-15
     vertex  4.846471e+01 0.000000e+00 -1.195026e+00
   endloop
 endfacet
 facet normal  0.0000000000e+00 -1.0000000000e+00 -0.0000000000e+00
   outer loop
     vertex  4.846471e+01 0.000000e+00 -1.195026e+00
     vertex  3.970000e+01 0.000000e+00 -1.084202e-15
     vertex  3.970000e+01 0.000000e+00 -1.414627e+00
   endloop
 endfacet
 facet normal  0.0000000000e+00 -1.0000000000e+00 0.0000000000e+00
   outer loop
     vertex  3.970000e+01 0.000000e+00 -1.084202e-15
     vertex  3.092914e+01 0.000000e+00 -1.559511e+00
     vertex  3.970000e+01 0.000000e+00 -1.414627e+00
   endloop
 endfacet
 facet normal  0.0000000000e+00 -1.0000000000e+00 -0.0000000000e+00
   outer loop
     vertex  3.970000e+01 0.000000e+00 -1.084202e-15
     vertex  3.092914e+01 0.000000e+00 -1.294038e-15
     vertex  3.092914e+01 0.000000e+00 -1.559511e+00
   endloop
 endfacet
 facet normal  0.0000000000e+00 -1.0000000000e+00 0.0000000000e+00
   outer loop
     vertex  3.092914e+01 0.000000e+00 -1.294038e-15
     vertex  2.283686e+01 0.000000e+00 -1.599191e+00
     vertex  3.092914e+01 0.000000e+00 -1.559511e+00
   endloop
 endfacet
 facet normal  0.0000000000e+00 -1.0000000000e+00 -0.0000000000e+00
   outer loop
     vertex  3.092914e+01 0.000000e+00 -1.294038e-15
     vertex  2.283686e+01 0.000000e+00 4.964743e-17
     vertex  2.283686e+01 0.000000e+00 -1.599191e+00
   endloop
 endfacet
 facet normal  0.0000000000e+00 -1.0000000000e+00 0.0000000000e+00
   outer loop
     vertex  2.283686e+01 0.000000e+00 4.964743e-17
     vertex  1.591435e+01 0.000000e+00 -1.528056e+00
     vertex  2.283686e+01 0.000000e+00 -1.599191e+00
   endloop
 endfacet
 facet normal  0.0000000000e+00 -1.0000000000e+00 0.0000000000e+00
   outer loop
     vertex  2.283686e+01 0.000000e+00 4.964743e-17
     vertex  1.591435e+01 0.000000e+00 -2.019175e-16
     vertex  1.591435e+01 0.000000e+00 -1.528056e+00
   endloop
 endfacet
 facet normal  0.0000000000e+00 -1.0000000000e+00 0.0000000000e+00
   outer loop
     vertex  1.591435e+01 0.000000e+00 -2.019175e-16
     vertex  1.036987e+01 0.000000e+00 -1.363640e+00
     vertex  1.591435e+01 0.000000e+00 -1.528056e+00
   endloop
 endfacet
 facet normal  0.0000000000e+00 -1.0000000000e+00 0.0000000000e+00
   outer loop
     vertex  1.591435e+01 0.000000e+00 -2.019175e-16
     vertex  1.036987e+01 0.000000e+00 -4.178120e-16
     vertex  1.036987e+01 0.000000e+00 -1.363640e+00
   endloop
 endfacet
 facet normal  0.0000000000e+00 -1.0000000000e+00 0.0000000000e+00
   outer loop
     vertex  1.036987e+01 0.000000e+00 -4.178120e-16
     vertex  6.165834e+00 0.000000e+00 -1.132368e+00
     vertex  1.036987e+01 0.000000e+00 -1.363640e+00
   endloop
 endfacet
 facet normal  0.0000000000e+00 -1.0000000000e+00 -0.0000000000e+00
   outer loop
     vertex  1.036987e+01 0.000000e+00 -4.178120e-16
     vertex  6.165834e+00 0.000000e+00 4.719233e-16
     vertex  6.165834e+00 0.000000e+00 -1.132368e+00
   endloop
 endfacet
 facet normal  0.0000000000e+00 -1.0000000000e+00 0.0000000000e+00
   outer loop
     vertex  6.165834e+00 0.000000e+00 4.719233e-16
     vertex  3.122584e+00 0.000000e+00 -8.525403e-01
     vertex  6.165834e+00 0.000000e+00 -1.132368e+00
   endloop
 endfacet
 facet normal  0.0000000000e+00 -1.0000000000e+00 -0.0000000000e+00
   outer loop
     vertex  6.165834e+00 0.000000e+00 4.719233e-16
     vertex  3.122584e+00 0.000000e+00 1.765157e-15
     vertex  3.122584e+00 0.000000e+00 -8.525403e-01
   endloop
 endfacet
 facet normal  0.0000000000e+00 -1.0000000000e+00 0.0000000000e+00
   outer loop
     vertex  3.122584e+00 0.000000e+00 1.765157e-15
     vertex  1.033255e+00 0.000000e+00 -5.142719e-01
     vertex  3.122584e+00 0.000000e+00 -8.525403e-01
   endloop
 endfacet
 facet normal  0.0000000000e+00 -1.0000000000e+00 0.0000000000e+00
   outer loop
     vertex  3.122584e+00 0.000000e+00 1.765157e-15
     vertex  1.033255e+00 0.000000e+00 -7.259597e-15
     vertex  1.033255e+00 0.000000e+00 -5.142719e-01
   endloop
 endfacet
 facet normal  0.0000000000e+00 -1.0000000000e+00 0.0000000000e+00
   outer loop
     vertex  1.033255e+00 0.000000e+00 -7.259597e-15
     vertex  0.000000e+00 0.000000e+00 0.000000e+00
     vertex  1.033255e+00 0.000000e+00 -5.142719e-01
   endloop
 endfacet
 facet normal  0.0000000000e+00 -1.0000000000e+00 0.0000000000e+00
   outer loop
     vertex  0.000000e+00 0.000000e+00 0.000000e+00
     vertex  1.033255e+00 0.000000e+00 -7.259597e-15
     vertex  1.033255e+00 0.000000e+00 5.142719e-01
   endloop
 endfacet
 facet normal  -0.0000000000e+00 -1.0000000000e+00 0.0000000000e+00
   outer loop
     vertex  1.033255e+00 0.000000e+00 -7.259597e-15
     vertex  3.122584e+00 0.000000e+00 1.765157e-15
     vertex  1.033255e+00 0.000000e+00 5.142719e-01
   endloop
 endfacet
 facet normal  0.0000000000e+00 -1.0000000000e+00 0.0000000000e+00
   outer loop
     vertex  1.033255e+00 0.000000e+00 5.142719e-01
     vertex  3.122584e+00 0.000000e+00 1.765157e-15
     vertex  3.122584e+00 0.000000e+00 8.525403e-01
   endloop
 endfacet
 facet normal  0.0000000000e+00 -1.0000000000e+00 0.0000000000e+00
   outer loop
     vertex  3.122584e+00 0.000000e+00 1.765157e-15
     vertex  6.165834e+00 0.000000e+00 4.719233e-16
     vertex  3.122584e+00 0.000000e+00 8.525403e-01
   endloop
 endfacet
 facet normal  0.0000000000e+00 -1.0000000000e+00 0.0000000000e+00
   outer loop
     vertex  3.122584e+00 0.000000e+00 8.525403e-01
     vertex  6.165834e+00 0.000000e+00 4.719233e-16
     vertex  6.165834e+00 0.000000e+00 1.132368e+00
   endloop
 endfacet
 facet normal  0.0000000000e+00 -1.0000000000e+00 0.0000000000e+00
   outer loop
     vertex  6.165834e+00 0.000000e+00 4.719233e-16
     vertex  1.036987e+01 0.000000e+00 -4.178120e-16
     vertex  6.165834e+00 0.000000e+00 1.132368e+00
   endloop
 endfacet
 facet normal  0.0000000000e+00 -1.0000000000e+00 0.0000000000e+00
   outer loop
     vertex  6.165834e+00 0.000000e+00 1.132368e+00
     vertex  1.036987e+01 0.000000e+00 -4.178120e-16
     vertex  1.036987e+01 0.000000e+00 1.363640e+00
   endloop
 endfacet
 facet normal  -0.0000000000e+00 -1.0000000000e+00 0.0000000000e+00
   outer loop
     vertex  1.036987e+01 0.000000e+00 -4.178120e-16
     vertex  1.591435e+01 0.000000e+00 -2.019175e-16
     vertex  1.036987e+01 0.000000e+00 1.363640e+00
   endloop
 endfacet
 facet normal  0.0000000000e+00 -1.0000000000e+00 0.0000000000e+00
   outer loop
     vertex  1.036987e+01 0.000000e+00 1.363640e+00
     vertex  1.591435e+01 0.000000e+00 -2.019175e-16
     vertex  1.591435e+01 0.000000e+00 1.528056e+00
   endloop
 endfacet
 facet normal  -0.0000000000e+00 -1.0000000000e+00 0.0000000000e+00
   outer loop
     vertex  1.591435e+01 0.000000e+00 -2.019175e-16
     vertex  2.283686e+01 0.000000e+00 4.964743e-17
     vertex  1.591435e+01 0.000000e+00 1.528056e+00
   endloop
 endfacet
 facet normal  0.0000000000e+00 -1.0000000000e+00 0.0000000000e+00
   outer loop
     vertex  1.591435e+01 0.000000e+00 1.528056e+00
     vertex  2.283686e+01 0.000000e+00 4.964743e-17
     vertex  2.283686e+01 0.000000e+00 1.599191e+00
   endloop
 endfacet
 facet normal  0.0000000000e+00 -1.0000000000e+00 0.0000000000e+00
   outer loop
     vertex  2.283686e+01 0.000000e+00 4.964743e-17
     vertex  3.092914e+01 0.000000e+00 -1.294038e-15
     vertex  2.283686e+01 0.000000e+00 1.599191e+00
   endloop
 endfacet
 facet normal  0.0000000000e+00 -1.0000000000e+00 0.0000000000e+00
   outer loop
     vertex  2.283686e+01 0.000000e+00 1.599191e+00
     vertex  3.092914e+01 0.000000e+00 -1.294038e-15
     vertex  3.092914e+01 0.000000e+00 1.559511e+00
   endloop
 endfacet
 facet normal  -0.0000000000e+00 -1.0000000000e+00 0.0000000000e+00
   outer loop
     vertex  3.092914e+01 0.000000e+00 -1.294038e-15
     vertex  3.970000e+01 0.000000e+00 -1.084202e-15
     vertex  3.092914e+01 0.000000e+00 1.559511e+00
   endloop
 endfacet
 facet normal  0.0000000000e+00 -1.0000000000e+00 0.0000000000e+00
   outer loop
     vertex  3.092914e+01 0.000000e+00 1.559511e+00
     vertex  3.970000e+01 0.000000e+00 -1.084202e-15
     vertex  3.970000e+01 0.000000e+00 1.414627e+00
   endloop
 endfacet
 facet normal  -0.0000000000e+00 -1.0000000000e+00 0.0000000000e+00
   outer loop
     vertex  3.970000e+01 0.000000e+00 -1.084202e-15
     vertex  4.846471e+01 0.000000e+00 1.195026e+00
     vertex  3.970000e+01 0.000000e+00 1.414627e+00
   endloop
 endfacet
 facet normal  0.0000000000e+00 -1.0000000000e+00 0.0000000000e+00
   outer loop
     vertex  3.970000e+01 0.000000e+00 -1.084202e-15
     vertex  4.846471e+01 0.000000e+00 -1.330972e-15
     vertex  4.846471e+01 0.000000e+00 1.195026e+00
   endloop
 endfacet
 facet normal  -0.0000000000e+00 -1.0000000000e+00 0.0000000000e+00
   outer loop
     vertex  4.846471e+01 0.000000e+00 -1.330972e-15
     vertex  5.654186e+01 0.000000e+00 9.430336e-01
     vertex  4.846471e+01 0.000000e+00 1.195026e+00
   endloop
 endfacet
 facet normal  0.0000000000e+00 -1.0000000000e+00 0.0000000000e+00
   outer loop
     vertex  4.846471e+01 0.000000e+00 -1.330972e-15
     vertex  5.654186e+01 0.000000e+00 -1.979113e-15
     vertex  5.654186e+01 0.000000e+00 9.430336e-01
   endloop
 endfacet
 facet normal  -0.0000000000e+00 -1.0000000000e+00 0.0000000000e+00
   outer loop
     vertex  5.654186e+01 0.000000e+00 -1.979113e-15
     vertex  6.344858e+01 0.000000e+00 6.965411e-01
     vertex  5.654186e+01 0.000000e+00 9.430336e-01
   endloop
 endfacet
 facet normal  0.0000000000e+00 -1.0000000000e+00 0.0000000000e+00
   outer loop
     vertex  5.654186e+01 0.000000e+00 -1.979113e-15
     vertex  6.344858e+01 0.000000e+00 -3.132380e-15
     vertex  6.344858e+01 0.000000e+00 6.965411e-01
   endloop
 endfacet
 facet normal  -0.0000000000e+00 -1.0000000000e+00 0.0000000000e+00
   outer loop
     vertex  6.344858e+01 0.000000e+00 -3.132380e-15
     vertex  6.898632e+01 0.000000e+00 4.801239e-01
     vertex  6.344858e+01 0.000000e+00 6.965411e-01
   endloop
 endfacet
 facet normal  -0.0000000000e+00 -1.0000000000e+00 0.0000000000e+00
   outer loop
     vertex  6.344858e+01 0.000000e+00 -3.132380e-15
     vertex  6.898632e+01 0.000000e+00 -2.384505e-15
     vertex  6.898632e+01 0.000000e+00 4.801239e-01
   endloop
 endfacet
 facet normal  -0.0000000000e+00 -1.0000000000e+00 0.0000000000e+00
   outer loop
     vertex  6.898632e+01 0.000000e+00 -2.384505e-15
     vertex  7.320167e+01 0.000000e+00 3.043892e-01
     vertex  6.898632e+01 0.000000e+00 4.801239e-01
   endloop
 endfacet
 facet normal  0.0000000000e+00 -1.0000000000e+00 0.0000000000e+00
   outer loop
     vertex  6.898632e+01 0.000000e+00 -2.384505e-15
     vertex  7.320167e+01 0.000000e+00 -2.583566e-15
     vertex  7.320167e+01 0.000000e+00 3.043892e-01
   endloop
 endfacet
 facet normal  -0.0000000000e+00 -1.0000000000e+00 0.0000000000e+00
   outer loop
     vertex  7.320167e+01 0.000000e+00 -2.583566e-15
     vertex  7.628524e+01 0.000000e+00 1.696357e-01
     vertex  7.320167e+01 0.000000e+00 3.043892e-01
   endloop
 endfacet
 facet normal  0.0000000000e+00 -1.0000000000e+00 0.0000000000e+00
   outer loop
     vertex  7.320167e+01 0.000000e+00 -2.583566e-15
     vertex  7.628524e+01 0.000000e+00 -2.922025e-15
     vertex  7.628524e+01 0.000000e+00 1.696357e-01
   endloop
 endfacet
 facet normal  -0.0000000000e+00 -1.0000000000e+00 0.0000000000e+00
   outer loop
     vertex  7.628524e+01 0.000000e+00 -2.922025e-15
     vertex  7.847587e+01 0.000000e+00 7.058667e-02
     vertex  7.628524e+01 0.000000e+00 1.696357e-01
   endloop
 endfacet
 facet normal  -0.0000000000e+00 -1.0000000000e+00 0.0000000000e+00
   outer loop
     vertex  7.628524e+01 0.000000e+00 -2.922025e-15
     vertex  7.847587e+01 0.000000e+00 -1.865347e-15
     vertex  7.847587e+01 0.000000e+00 7.058667e-02
   endloop
 endfacet
 facet normal  -0.0000000000e+00 -1.0000000000e+00 0.0000000000e+00
   outer loop
     vertex  7.847587e+01 0.000000e+00 -1.865347e-15
     vertex  8.000000e+01 0.000000e+00 0.000000e+00
     vertex  7.847587e+01 0.000000e+00 7.058667e-02
   endloop
 endfacet
 facet normal  0.0000000000e+00 -1.0000000000e+00 -0.0000000000e+00
   outer loop
     vertex  8.000000e+01 0.000000e+00 0.000000e+00
     vertex  7.847587e+01 0.000000e+00 -7.058667e-02
     vertex  7.847587e+01 0.000000e+00 -1.411733e-01
   endloop
 endfacet
 facet normal  0.0000000000e+00 -1.0000000000e+00 0.0000000000e+00
   outer loop
     vertex  7.847587e+01 0.000000e+00 -7.058667e-02
     vertex  7.628524e+01 0.000000e+00 -1.696357e-01
     vertex  7.847587e+01 0.000000e+00 -1.411733e-01
   endloop
 endfacet
 facet normal  0.0000000000e+00 -1.0000000000e+00 -0.0000000000e+00
   outer loop
     vertex  7.847587e+01 0.000000e+00 -1.411733e-01
     vertex  7.628524e+01 0.000000e+00 -1.696357e-01
     vertex  7.628524e+01 0.000000e+00 -3.392714e-01
   endloop
 endfacet
 facet normal  0.0000000000e+00 -1.0000000000e+00 0.0000000000e+00
   outer loop
     vertex  7.628524e+01 0.000000e+00 -1.696357e-01
     vertex  7.320167e+01 0.000000e+00 -3.043892e-01
     vertex  7.628524e+01 0.000000e+00 -3.392714e-01
   endloop
 endfacet
 facet normal  0.0000000000e+00 -1.0000000000e+00 -0.0000000000e+00
   outer loop
     vertex  7.628524e+01 0.000000e+00 -3.392714e-01
     vertex  7.320167e+01 0.000000e+00 -3.043892e-01
     vertex  7.320167e+01 0.000000e+00 -6.087784e-01
   endloop
 endfacet
 facet normal  0.0000000000e+00 -1.0000000000e+00 0.0000000000e+00
   outer loop
     vertex  7.320167e+01 0.000000e+00 -3.043892e-01
     vertex  6.898632e+01 0.000000e+00 -4.801239e-01
     vertex  7.320167e+01 0.000000e+00 -6.087784e-01
   endloop
 endfacet
 facet normal  0.0000000000e+00 -1.0000000000e+00 -0.0000000000e+00
   outer loop
     vertex  7.320167e+01 0.000000e+00 -6.087784e-01
     vertex  6.898632e+01 0.000000e+00 -4.801239e-01
     vertex  6.898632e+01 0.000000e+00 -9.602478e-01
   endloop
 endfacet
 facet normal  0.0000000000e+00 -1.0000000000e+00 0.0000000000e+00
   outer loop
     vertex  6.898632e+01 0.000000e+00 -4.801239e-01
     vertex  6.344858e+01 0.000000e+00 -6.965411e-01
     vertex  6.898632e+01 0.000000e+00 -9.602478e-01
   endloop
 endfacet
 facet normal  0.0000000000e+00 -1.0000000000e+00 -0.0000000000e+00
   outer loop
     vertex  6.898632e+01 0.000000e+00 -9.602478e-01
     vertex  6.344858e+01 0.000000e+00 -6.965411e-01
     vertex  6.344858e+01 0.000000e+00 -1.393082e+00
   endloop
 endfacet
 facet normal  0.0000000000e+00 -1.0000000000e+00 0.0000000000e+00
   outer loop
     vertex  6.344858e+01 0.000000e+00 -6.965411e-01
     vertex  5.654186e+01 0.000000e+00 -9.430336e-01
     vertex  6.344858e+01 0.000000e+00 -1.393082e+00
   endloop
 endfacet
 facet normal  0.0000000000e+00 -1.0000000000e+00 -0.0000000000e+00
   outer loop
     vertex  6.344858e+01 0.000000e+00 -1.393082e+00
     vertex  5.654186e+01 0.000000e+00 -9.430336e-01
     vertex  5.654186e+01 0.000000e+00 -1.886067e+00
   endloop
 endfacet
 facet normal  0.0000000000e+00 -1.0000000000e+00 0.0000000000e+00
   outer loop
     vertex  5.654186e+01 0.000000e+00 -9.430336e-01
     vertex  4.846471e+01 0.000000e+00 -1.195026e+00
     vertex  5.654186e+01 0.000000e+00 -1.886067e+00
   endloop
 endfacet
 facet normal  0.0000000000e+00 -1.0000000000e+00 -0.0000000000e+00
   outer loop
     vertex  5.654186e+01 0.000000e+00 -1.886067e+00
     vertex  4.846471e+01 0.000000e+00 -1.195026e+00
     vertex  4.846471e+01 0.000000e+00 -2.390052e+00
   endloop
 endfacet
 facet normal  0.0000000000e+00 -1.0000000000e+00 0.0000000000e+00
   outer loop
     vertex  4.846471e+01 0.000000e+00 -1.195026e+00
     vertex  3.970000e+01 0.000000e+00 -1.414627e+00
     vertex  4.846471e+01 0.000000e+00 -2.390052e+00
   endloop
 endfacet
 facet normal  0.0000000000e+00 -1.0000000000e+00 -0.0000000000e+00
   outer loop
     vertex  4.846471e+01 0.000000e+00 -2.390052e+00
     vertex  3.970000e+01 0.000000e+00 -1.414627e+00
     vertex  3.970000e+01 0.000000e+00 -2.829254e+00
   endloop
 endfacet
 facet normal  0.0000000000e+00 -1.0000000000e+00 0.0000000000e+00
   outer loop
     vertex  3.970000e+01 0.000000e+00 -1.414627e+00
     vertex  3.092914e+01 0.000000e+00 -3.119021e+00
     vertex  3.970000e+01 0.000000e+00 -2.829254e+00
   endloop
 endfacet
 facet normal  0.0000000000e+00 -1.0000000000e+00 -0.0000000000e+00
   outer loop
     vertex  3.970000e+01 0.000000e+00 -1.414627e+00
     vertex  3.092914e+01 0.000000e+00 -1.559511e+00
     vertex  3.092914e+01 0.000000e+00 -3.119021e+00
   endloop
 endfacet
 facet normal  0.0000000000e+00 -1.0000000000e+00 0.0000000000e+00
   outer loop
     vertex  3.092914e+01 0.000000e+00 -1.559511e+00
     vertex  2.283686e+01 0.000000e+00 -3.198382e+00
     vertex  3.092914e+01 0.000000e+00 -3.119021e+00
   endloop
 endfacet
 facet normal  0.0000000000e+00 -1.0000000000e+00 -0.0000000000e+00
   outer loop
     vertex  3.092914e+01 0.000000e+00 -1.559511e+00
     vertex  2.283686e+01 0.000000e+00 -1.599191e+00
     vertex  2.283686e+01 0.000000e+00 -3.198382e+00
   endloop
 endfacet
 facet normal  0.0000000000e+00 -1.0000000000e+00 0.0000000000e+00
   outer loop
     vertex  2.283686e+01 0.000000e+00 -1.599191e+00
     vertex  1.591435e+01 0.000000e+00 -3.056113e+00
     vertex  2.283686e+01 0.000000e+00 -3.198382e+00
   endloop
 endfacet
 facet normal  0.0000000000e+00 -1.0000000000e+00 0.0000000000e+00
   outer loop
     vertex  2.283686e+01 0.000000e+00 -1.599191e+00
     vertex  1.591435e+01 0.000000e+00 -1.528056e+00
     vertex  1.591435e+01 0.000000e+00 -3.056113e+00
   endloop
 endfacet
 facet normal  0.0000000000e+00 -1.0000000000e+00 0.0000000000e+00
   outer loop
     vertex  1.591435e+01 0.000000e+00 -1.528056e+00
     vertex  1.036987e+01 0.000000e+00 -2.727280e+00
     vertex  1.591435e+01 0.000000e+00 -3.056113e+00
   endloop
 endfacet
 facet normal  0.0000000000e+00 -1.0000000000e+00 0.0000000000e+00
   outer loop
     vertex  1.591435e+01 0.000000e+00 -1.528056e+00
     vertex  1.036987e+01 0.000000e+00 -1.363640e+00
     vertex  1.036987e+01 0.000000e+00 -2.727280e+00
   endloop
 endfacet
 facet normal  0.0000000000e+00 -1.0000000000e+00 0.0000000000e+00
   outer loop
     vertex  1.036987e+01 0.000000e+00 -1.363640e+00
     vertex  6.165834e+00 0.000000e+00 -2.264736e+00
     vertex  1.036987e+01 0.000000e+00 -2.727280e+00
   endloop
 endfacet
 facet normal  0.0000000000e+00 -1.0000000000e+00 -0.0000000000e+00
   outer loop
     vertex  1.036987e+01 0.000000e+00 -1.363640e+00
     vertex  6.165834e+00 0.000000e+00 -1.132368e+00
     vertex  6.165834e+00 0.000000e+00 -2.264736e+00
   endloop
 endfacet
 facet normal  0.0000000000e+00 -1.0000000000e+00 0.0000000000e+00
   outer loop
     vertex  6.165834e+00 0.000000e+00 -1.132368e+00
     vertex  3.122584e+00 0.000000e+00 -1.705081e+00
     vertex  6.165834e+00 0.000000e+00 -2.264736e+00
   endloop
 endfacet
 facet normal  0.0000000000e+00 -1.0000000000e+00 -0.0000000000e+00
   outer loop
     vertex  6.165834e+00 0.000000e+00 -1.132368e+00
     vertex  3.122584e+00 0.000000e+00 -8.525403e-01
     vertex  3.122584e+00 0.000000e+00 -1.705081e+00
   endloop
 endfacet
 facet normal  0.0000000000e+00 -1.0000000000e+00 0.0000000000e+00
   outer loop
     vertex  3.122584e+00 0.000000e+00 -8.525403e-01
     vertex  1.033255e+00 0.000000e+00 -1.028544e+00
     vertex  3.122584e+00 0.000000e+00 -1.705081e+00
   endloop
 endfacet
 facet normal  0.0000000000e+00 -1.0000000000e+00 0.0000000000e+00
   outer loop
     vertex  3.122584e+00 0.000000e+00 -8.525403e-01
     vertex  1.033255e+00 0.000000e+00 -5.142719e-01
     vertex  1.033255e+00 0.000000e+00 -1.028544e+00
   endloop
 endfacet
 facet normal  0.0000000000e+00 -1.0000000000e+00 0.0000000000e+00
   outer loop
     vertex  1.033255e+00 0.000000e+00 -5.142719e-01
     vertex  0.000000e+00 0.000000e+00 0.000000e+00
     vertex  1.033255e+00 0.000000e+00 -1.028544e+00
   endloop
 endfacet
 facet normal  -0.0000000000e+00 -1.0000000000e+00 0.0000000000e+00
   outer loop
     vertex  0.000000e+00 0.000000e+00 0.000000e+00
     vertex  1.033255e+00 0.000000e+00 5.142719e-01
     vertex  1.033255e+00 0.000000e+00 1.028544e+00
   endloop
 endfacet
 facet normal  -0.0000000000e+00 -1.0000000000e+00 0.0000000000e+00
   outer loop
     vertex  1.033255e+00 0.000000e+00 5.142719e-01
     vertex  3.122584e+00 0.000000e+00 8.525403e-01
     vertex  1.033255e+00 0.000000e+00 1.028544e+00
   endloop
 endfacet
 facet normal  0.0000000000e+00 -1.0000000000e+00 0.0000000000e+00
   outer loop
     vertex  1.033255e+00 0.000000e+00 1.028544e+00
     vertex  3.122584e+00 0.000000e+00 8.525403e-01
     vertex  3.122584e+00 0.000000e+00 1.705081e+00
   endloop
 endfacet
 facet normal  -0.0000000000e+00 -1.0000000000e+00 0.0000000000e+00
   outer loop
     vertex  3.122584e+00 0.000000e+00 8.525403e-01
     vertex  6.165834e+00 0.000000e+00 1.132368e+00
     vertex  3.122584e+00 0.000000e+00 1.705081e+00
   endloop
 endfacet
 facet normal  0.0000000000e+00 -1.0000000000e+00 0.0000000000e+00
   outer loop
     vertex  3.122584e+00 0.000000e+00 1.705081e+00
     vertex  6.165834e+00 0.000000e+00 1.132368e+00
     vertex  6.165834e+00 0.000000e+00 2.264736e+00
   endloop
 endfacet
 facet normal  -0.0000000000e+00 -1.0000000000e+00 0.0000000000e+00
   outer loop
     vertex  6.165834e+00 0.000000e+00 1.132368e+00
     vertex  1.036987e+01 0.000000e+00 1.363640e+00
     vertex  6.165834e+00 0.000000e+00 2.264736e+00
   endloop
 endfacet
 facet normal  0.0000000000e+00 -1.0000000000e+00 0.0000000000e+00
   outer loop
     vertex  6.165834e+00 0.000000e+00 2.264736e+00
     vertex  1.036987e+01 0.000000e+00 1.363640e+00
     vertex  1.036987e+01 0.000000e+00 2.727280e+00
   endloop
 endfacet
 facet normal  -0.0000000000e+00 -1.0000000000e+00 0.0000000000e+00
   outer loop
     vertex  1.036987e+01 0.000000e+00 1.363640e+00
     vertex  1.591435e+01 0.000000e+00 1.528056e+00
     vertex  1.036987e+01 0.000000e+00 2.727280e+00
   endloop
 endfacet
 facet normal  0.0000000000e+00 -1.0000000000e+00 0.0000000000e+00
   outer loop
     vertex  1.036987e+01 0.000000e+00 2.727280e+00
     vertex  1.591435e+01 0.000000e+00 1.528056e+00
     vertex  1.591435e+01 0.000000e+00 3.056113e+00
   endloop
 endfacet
 facet normal  -0.0000000000e+00 -1.0000000000e+00 0.0000000000e+00
   outer loop
     vertex  1.591435e+01 0.000000e+00 1.528056e+00
     vertex  2.283686e+01 0.000000e+00 1.599191e+00
     vertex  1.591435e+01 0.000000e+00 3.056113e+00
   endloop
 endfacet
 facet normal  0.0000000000e+00 -1.0000000000e+00 0.0000000000e+00
   outer loop
     vertex  1.591435e+01 0.000000e+00 3.056113e+00
     vertex  2.283686e+01 0.000000e+00 1.599191e+00
     vertex  2.283686e+01 0.000000e+00 3.198382e+00
   endloop
 endfacet
 facet normal  0.0000000000e+00 -1.0000000000e+00 0.0000000000e+00
   outer loop
     vertex  2.283686e+01 0.000000e+00 1.599191e+00
     vertex  3.092914e+01 0.000000e+00 1.559511e+00
     vertex  2.283686e+01 0.000000e+00 3.198382e+00
   endloop
 endfacet
 facet normal  0.0000000000e+00 -1.0000000000e+00 0.0000000000e+00
   outer loop
     vertex  2.283686e+01 0.000000e+00 3.198382e+00
     vertex  3.092914e+01 0.000000e+00 1.559511e+00
     vertex  3.092914e+01 0.000000e+00 3.119021e+00
   endloop
 endfacet
 facet normal  0.0000000000e+00 -1.0000000000e+00 0.0000000000e+00
   outer loop
     vertex  3.092914e+01 0.000000e+00 1.559511e+00
     vertex  3.970000e+01 0.000000e+00 1.414627e+00
     vertex  3.092914e+01 0.000000e+00 3.119021e+00
   endloop
 endfacet
 facet normal  0.0000000000e+00 -1.0000000000e+00 0.0000000000e+00
   outer loop
     vertex  3.092914e+01 0.000000e+00 3.119021e+00
     vertex  3.970000e+01 0.000000e+00 1.414627e+00
     vertex  3.970000e+01 0.000000e+00 2.829254e+00
   endloop
 endfacet
 facet normal  -0.0000000000e+00 -1.0000000000e+00 0.0000000000e+00
   outer loop
     vertex  3.970000e+01 0.000000e+00 1.414627e+00
     vertex  4.846471e+01 0.000000e+00 2.390052e+00
     vertex  3.970000e+01 0.000000e+00 2.829254e+00
   endloop
 endfacet
 facet normal  0.0000000000e+00 -1.0000000000e+00 0.0000000000e+00
   outer loop
     vertex  3.970000e+01 0.000000e+00 1.414627e+00
     vertex  4.846471e+01 0.000000e+00 1.195026e+00
     vertex  4.846471e+01 0.000000e+00 2.390052e+00
   endloop
 endfacet
 facet normal  -0.0000000000e+00 -1.0000000000e+00 0.0000000000e+00
   outer loop
     vertex  4.846471e+01 0.000000e+00 1.195026e+00
     vertex  5.654186e+01 0.000000e+00 1.886067e+00
     vertex  4.846471e+01 0.000000e+00 2.390052e+00
   endloop
 endfacet
 facet normal  0.0000000000e+00 -1.0000000000e+00 0.0000000000e+00
   outer loop
     vertex  4.846471e+01 0.000000e+00 1.195026e+00
     vertex  5.654186e+01 0.000000e+00 9.430336e-01
     vertex  5.654186e+01 0.000000e+00 1.886067e+00
   endloop
 endfacet
 facet normal  -0.0000000000e+00 -1.0000000000e+00 0.0000000000e+00
   outer loop
     vertex  5.654186e+01 0.000000e+00 9.430336e-01
     vertex  6.344858e+01 0.000000e+00 1.393082e+00
     vertex  5.654186e+01 0.000000e+00 1.886067e+00
   endloop
 endfacet
 facet normal  0.0000000000e+00 -1.0000000000e+00 0.0000000000e+00
   outer loop
     vertex  5.654186e+01 0.000000e+00 9.430336e-01
     vertex  6.344858e+01 0.000000e+00 6.965411e-01
     vertex  6.344858e+01 0.000000e+00 1.393082e+00
   endloop
 endfacet
 facet normal  -0.0000000000e+00 -1.0000000000e+00 0.0000000000e+00
   outer loop
     vertex  6.344858e+01 0.000000e+00 6.965411e-01
     vertex  6.898632e+01 0.000000e+00 9.602478e-01
     vertex  6.344858e+01 0.000000e+00 1.393082e+00
   endloop
 endfacet
 facet normal  0.0000000000e+00 -1.0000000000e+00 0.0000000000e+00
   outer loop
     vertex  6.344858e+01 0.000000e+00 6.965411e-01
     vertex  6.898632e+01 0.000000e+00 4.801239e-01
     vertex  6.898632e+01 0.000000e+00 9.602478e-01
   endloop
 endfacet
 facet normal  -0.0000000000e+00 -1.0000000000e+00 0.0000000000e+00
   outer loop
     vertex  6.898632e+01 0.000000e+00 4.801239e-01
     vertex  7.320167e+01 0.000000e+00 6.087784e-01
     vertex  6.898632e+01 0.000000e+00 9.602478e-01
   endloop
 endfacet
 facet normal  0.0000000000e+00 -1.0000000000e+00 0.0000000000e+00
   outer loop
     vertex  6.898632e+01 0.000000e+00 4.801239e-01
     vertex  7.320167e+01 0.000000e+00 3.043892e-01
     vertex  7.320167e+01 0.000000e+00 6.087784e-01
   endloop
 endfacet
 facet normal  -0.0000000000e+00 -1.0000000000e+00 0.0000000000e+00
   outer loop
     vertex  7.320167e+01 0.000000e+00 3.043892e-01
     vertex  7.628524e+01 0.000000e+00 3.392714e-01
     vertex  7.320167e+01 0.000000e+00 6.087784e-01
   endloop
 endfacet
 facet normal  0.0000000000e+00 -1.0000000000e+00 0.0000000000e+00
   outer loop
     vertex  7.320167e+01 0.000000e+00 3.043892e-01
     vertex  7.628524e+01 0.000000e+00 1.696357e-01
     vertex  7.628524e+01 0.000000e+00 3.392714e-01
   endloop
 endfacet
 facet normal  0.0000000000e+00 -1.0000000000e+00 0.0000000000e+00
   outer loop
     vertex  7.628524e+01 0.000000e+00 1.696357e-01
     vertex  7.847587e+01 0.000000e+00 1.411733e-01
     vertex  7.628524e+01 0.000000e+00 3.392714e-01
   endloop
 endfacet
 facet normal  0.0000000000e+00 -1.0000000000e+00 0.0000000000e+00
   outer loop
     vertex  7.628524e+01 0.000000e+00 1.696357e-01
     vertex  7.847587e+01 0.000000e+00 7.058667e-02
     vertex  7.847587e+01 0.000000e+00 1.411733e-01
   endloop
 endfacet
 facet normal  0.0000000000e+00 -1.0000000000e+00 0.0000000000e+00
   outer loop
     vertex  7.847587e+01 0.000000e+00 7.058667e-02
     vertex  8.000000e+01 0.000000e+00 0.000000e+00
     vertex  7.847587e+01 0.000000e+00 1.411733e-01
   endloop
 endfacet
 facet normal  9.2230450802e-02 1.8710750417e-19 -9.9573768832e-01
   outer loop
     vertex  8.000000e+01 0.000000e+00 0.000000e+00
     vertex  7.847587e+01 0.000000e+00 -1.411733e-01
     vertex  8.000000e+01 3.200000e+01 0.000000e+00
   endloop
 endfacet
 facet normal  9.2230450802e-02 0.0000000000e+00 -9.9573768832e-01
   outer loop
     vertex  8.000000e+01 3.200000e+01 0.000000e+00
     vertex  7.847587e+01 0.000000e+00 -1.411733e-01
     vertex  7.847587e+01 3.200000e+01 -1.411733e-01
   endloop
 endfacet
 facet normal  9.0062378798e-02 -1.6988984599e-19 -9.9593612643e-01
   outer loop
     vertex  7.847587e+01 0.000000e+00 -1.411733e-01
     vertex  7.628524e+01 0.000000e+00 -3.392714e-01
     vertex  7.847587e+01 3.200000e+01 -1.411733e-01
   endloop
 endfacet
 facet normal  9.0062378798e-02 0.0000000000e+00 -9.9593612643e-01
   outer loop
     vertex  7.847587e+01 3.200000e+01 -1.411733e-01
     vertex  7.628524e+01 0.000000e+00 -3.392714e-01
     vertex  7.628524e+01 3.200000e+01 -3.392714e-01
   endloop
 endfacet
 facet normal  8.7069096326e-02 -2.3886591223e-20 -9.9620227487e-01
   outer loop
     vertex  7.628524e+01 0.000000e+00 -3.392714e-01
     vertex  7.320167e+01 0.000000e+00 -6.087784e-01
     vertex  7.628524e+01 3.200000e+01 -3.392714e-01
   endloop
 endfacet
 facet normal  8.7069096326e-02 0.0000000000e+00 -9.9620227487e-01
   outer loop
     vertex  7.628524e+01 3.200000e+01 -3.392714e-01
     vertex  7.320167e+01 0.000000e+00 -6.087784e-01
     vertex  7.320167e+01 3.200000e+01 -6.087784e-01
   endloop
 endfacet
 facet normal  8.3090167181e-02 7.3662440909e-19 -9.9654203329e-01
   outer loop
     vertex  7.320167e+01 0.000000e+00 -6.087784e-01
     vertex  6.898632e+01 0.000000e+00 -9.602478e-01
     vertex  7.320167e+01 3.200000e+01 -6.087784e-01
   endloop
 endfacet
 facet normal  8.3090167181e-02 0.0000000000e+00 -9.9654203329e-01
   outer loop
     vertex  7.320167e+01 3.200000e+01 -6.087784e-01
     vertex  6.898632e+01 0.000000e+00 -9.602478e-01
     vertex  6.898632e+01 3.200000e+01 -9.602478e-01
   endloop
 endfacet
 facet normal  7.7923127975e-02 8.0287385039e-19 -9.9695937035e-01
   outer loop
     vertex  6.898632e+01 0.000000e+00 -9.602478e-01
     vertex  6.344858e+01 0.000000e+00 -1.393082e+00
     vertex  6.898632e+01 3.200000e+01 -9.602478e-01
   endloop
 endfacet
 facet normal  7.7923127975e-02 0.0000000000e+00 -9.9695937035e-01
   outer loop
     vertex  6.898632e+01 3.200000e+01 -9.602478e-01
     vertex  6.344858e+01 0.000000e+00 -1.393082e+00
     vertex  6.344858e+01 3.200000e+01 -1.393082e+00
   endloop
 endfacet
 facet normal  7.1196435771e-02 -4.0813885657e-19 -9.9746231384e-01
   outer loop
     vertex  6.344858e+01 0.000000e+00 -1.393082e+00
     vertex  5.654186e+01 0.000000e+00 -1.886067e+00
     vertex  6.344858e+01 3.200000e+01 -1.393082e+00
   endloop
 endfacet
 facet normal  7.1196435771e-02 0.0000000000e+00 -9.9746231384e-01
   outer loop
     vertex  6.344858e+01 3.200000e+01 -1.393082e+00
     vertex  5.654186e+01 0.000000e+00 -1.886067e+00
     vertex  5.654186e+01 3.200000e+01 -1.886067e+00
   endloop
 endfacet
 facet normal  6.2275339092e-02 1.2116990579e-18 -9.9805900734e-01
   outer loop
     vertex  5.654186e+01 0.000000e+00 -1.886067e+00
     vertex  4.846471e+01 0.000000e+00 -2.390052e+00
     vertex  5.654186e+01 3.200000e+01 -1.886067e+00
   endloop
 endfacet
 facet normal  6.2275339092e-02 0.0000000000e+00 -9.9805900734e-01
   outer loop
     vertex  5.654186e+01 3.200000e+01 -1.886067e+00
     vertex  4.846471e+01 0.000000e+00 -2.390052e+00
     vertex  4.846471e+01 3.200000e+01 -2.390052e+00
   endloop
 endfacet
 facet normal  5.0047428966e-02 -2.0083958379e-19 -9.9874684222e-01
   outer loop
     vertex  4.846471e+01 0.000000e+00 -2.390052e+00
     vertex  3.970000e+01 0.000000e+00 -2.829254e+00
     vertex  4.846471e+01 3.200000e+01 -2.390052e+00
   endloop
 endfacet
 facet normal  5.0047428966e-02 0.0000000000e+00 -9.9874684222e-01
   outer loop
     vertex  4.846471e+01 3.200000e+01 -2.390052e+00
     vertex  3.970000e+01 0.000000e+00 -2.829254e+00
     vertex  3.970000e+01 3.200000e+01 -2.829254e+00
   endloop
 endfacet
 facet normal  3.3019444726e-02 -3.2947975798e-19 -9.9945470946e-01
   outer loop
     vertex  3.970000e+01 0.000000e+00 -2.829254e+00
     vertex  3.092914e+01 3.200000e+01 -3.119021e+00
     vertex  3.970000e+01 3.200000e+01 -2.829254e+00
   endloop
 endfacet
 facet normal  3.3019444726e-02 0.0000000000e+00 -9.9945470946e-01
   outer loop
     vertex  3.970000e+01 0.000000e+00 -2.829254e+00
     vertex  3.092914e+01 0.000000e+00 -3.119021e+00
     vertex  3.092914e+01 3.200000e+01 -3.119021e+00
   endloop
 endfacet
 facet normal  9.8065175776e-03 -1.4076923359e-19 -9.9995191495e-01
   outer loop
     vertex  3.092914e+01 0.000000e+00 -3.119021e+00
     vertex  2.283686e+01 3.200000e+01 -3.198382e+00
     vertex  3.092914e+01 3.200000e+01 -3.119021e+00
   endloop
 endfacet
 facet normal  9.8065175776e-03 0.0000000000e+00 -9.9995191495e-01
   outer loop
     vertex  3.092914e+01 0.000000e+00 -3.119021e+00
     vertex  2.283686e+01 0.000000e+00 -3.198382e+00
     vertex  2.283686e+01 3.200000e+01 -3.198382e+00
   endloop
 endfacet
 facet normal  -2.0547311627e-02 1.5456856163e-19 -9.9978888171e-01
   outer loop
     vertex  2.283686e+01 0.000000e+00 -3.198382e+00
     vertex  1.591435e+01 3.200000e+01 -3.056113e+00
     vertex  2.283686e+01 3.200000e+01 -3.198382e+00
   endloop
 endfacet
 facet normal  -2.0547311627e-02 0.0000000000e+00 -9.9978888171e-01
   outer loop
     vertex  2.283686e+01 0.000000e+00 -3.198382e+00
     vertex  1.591435e+01 0.000000e+00 -3.056113e+00
     vertex  1.591435e+01 3.200000e+01 -3.056113e+00
   endloop
 endfacet
 facet normal  -5.9204216770e-02 -3.6258229426e-19 -9.9824589191e-01
   outer loop
     vertex  1.591435e+01 0.000000e+00 -3.056113e+00
     vertex  1.036987e+01 3.200000e+01 -2.727280e+00
     vertex  1.591435e+01 3.200000e+01 -3.056113e+00
   endloop
 endfacet
 facet normal  -5.9204216770e-02 0.0000000000e+00 -9.9824589191e-01
   outer loop
     vertex  1.591435e+01 0.000000e+00 -3.056113e+00
     vertex  1.036987e+01 0.000000e+00 -2.727280e+00
     vertex  1.036987e+01 3.200000e+01 -2.727280e+00
   endloop
 endfacet
 facet normal  -1.0936373154e-01 2.3623749907e-19 -9.9400179790e-01
   outer loop
     vertex  1.036987e+01 0.000000e+00 -2.727280e+00
     vertex  6.165834e+00 3.200000e+01 -2.264736e+00
     vertex  1.036987e+01 3.200000e+01 -2.727280e+00
   endloop
 endfacet
 facet normal  -1.0936373154e-01 0.0000000000e+00 -9.9400179790e-01
   outer loop
     vertex  1.036987e+01 0.000000e+00 -2.727280e+00
     vertex  6.165834e+00 0.000000e+00 -2.264736e+00
     vertex  6.165834e+00 3.200000e+01 -2.264736e+00
   endloop
 endfacet
 facet normal  -1.8086761588e-01 4.2161093665e-19 -9.8350745067e-01
   outer loop
     vertex  6.165834e+00 0.000000e+00 -2.264736e+00
     vertex  3.122584e+00 3.200000e+01 -1.705081e+00
     vertex  6.165834e+00 3.200000e+01 -2.264736e+00
   endloop
 endfacet
 facet normal  -1.8086761588e-01 0.0000000000e+00 -9.8350745067e-01
   outer loop
     vertex  6.165834e+00 0.000000e+00 -2.264736e+00
     vertex  3.122584e+00 0.000000e+00 -1.705081e+00
     vertex  3.122584e+00 3.200000e+01 -1.705081e+00
   endloop
 endfacet
 facet normal  -3.0805827929e-01 3.0831860444e-19 -9.5136748765e-01
   outer loop
     vertex  3.122584e+00 0.000000e+00 -1.705081e+00
     vertex  1.033255e+00 3.200000e+01 -1.028544e+00
     vertex  3.122584e+00 3.200000e+01 -1.705081e+00
   endloop
 endfacet
 facet normal  -3.0805827929e-01 0.0000000000e+00 -9.5136748765e-01
   outer loop
     vertex  3.122584e+00 0.000000e+00 -1.705081e+00
     vertex  1.033255e+00 0.000000e+00 -1.028544e+00
     vertex  1.033255e+00 3.200000e+01 -1.028544e+00
   endloop
 endfacet
 facet normal  -7.0548929631e-01 1.0795143091e-18 -7.0872057455e-01
   outer loop
     vertex  1.033255e+00 0.000000e+00 -1.028544e+00
     vertex  0.000000e+00 3.200000e+01 0.000000e+00
     vertex  1.033255e+00 3.200000e+01 -1.028544e+00
   endloop
 endfacet
 facet normal  -7.0548929631e-01 0.0000000000e+00 -7.0872057455e-01
   outer loop
     vertex  1.033255e+00 0.000000e+00 -1.028544e+00
     vertex  0.000000e+00 0.000000e+00 0.000000e+00
     vertex  0.000000e+00 3.200000e+01 0.000000e+00
   endloop
 endfacet
 facet normal  -7.0548929631e-01 1.6824251773e-18 7.0872057455e-01
   outer loop
     vertex  0.000000e+00 0.000000e+00 0.000000e+00
     vertex  1.033255e+00 0.000000e+00 1.028544e+00
     vertex  0.000000e+00 3.200000e+01 0.000000e+00
   endloop
 endfacet
 facet normal  -7.0548929631e-01 0.0000000000e+00 7.0872057455e-01
   outer loop
     vertex  0.000000e+00 3.200000e+01 0.000000e+00
     vertex  1.033255e+00 0.000000e+00 1.028544e+00
     vertex  1.033255e+00 3.200000e+01 1.028544e+00
   endloop
 endfacet
 facet normal  -3.0805827929e-01 8.9039655104e-19 9.5136748765e-01
   outer loop
     vertex  1.033255e+00 0.000000e+00 1.028544e+00
     vertex  3.122584e+00 0.000000e+00 1.705081e+00
     vertex  1.033255e+00 3.200000e+01 1.028544e+00
   endloop
 endfacet
 facet normal  -3.0805827929e-01 0.0000000000e+00 9.5136748765e-01
   outer loop
     vertex  1.033255e+00 3.200000e+01 1.028544e+00
     vertex  3.122584e+00 0.000000e+00 1.705081e+00
     vertex  3.122584e+00 3.200000e+01 1.705081e+00
   endloop
 endfacet
 facet normal  -1.8086761588e-01 -7.1293991859e-19 9.8350745067e-01
   outer loop
     vertex  3.122584e+00 0.000000e+00 1.705081e+00
     vertex  6.165834e+00 0.000000e+00 2.264736e+00
     vertex  3.122584e+00 3.200000e+01 1.705081e+00
   endloop
 endfacet
 facet normal  -1.8086761588e-01 0.0000000000e+00 9.8350745067e-01
   outer loop
     vertex  3.122584e+00 3.200000e+01 1.705081e+00
     vertex  6.165834e+00 0.000000e+00 2.264736e+00
     vertex  6.165834e+00 3.200000e+01 2.264736e+00
   endloop
 endfacet
 facet normal  -1.0936373154e-01 3.5261690567e-19 9.9400179790e-01
   outer loop
     vertex  6.165834e+00 0.000000e+00 2.264736e+00
     vertex  1.036987e+01 0.000000e+00 2.727280e+00
     vertex  6.165834e+00 3.200000e+01 2.264736e+00
   endloop
 endfacet
 facet normal  -1.0936373154e-01 0.0000000000e+00 9.9400179790e-01
   outer loop
     vertex  6.165834e+00 3.200000e+01 2.264736e+00
     vertex  1.036987e+01 0.000000e+00 2.727280e+00
     vertex  1.036987e+01 3.200000e+01 2.727280e+00
   endloop
 endfacet
 facet normal  -5.9204216770e-02 4.9830919264e-19 9.9824589191e-01
   outer loop
     vertex  1.036987e+01 0.000000e+00 2.727280e+00
     vertex  1.591435e+01 0.000000e+00 3.056113e+00
     vertex  1.036987e+01 3.200000e+01 2.727280e+00
   endloop
 endfacet
 facet normal  -5.9204216770e-02 0.0000000000e+00 9.9824589191e-01
   outer loop
     vertex  1.036987e+01 3.200000e+01 2.727280e+00
     vertex  1.591435e+01 0.000000e+00 3.056113e+00
     vertex  1.591435e+01 3.200000e+01 3.056113e+00
   endloop
 endfacet
 facet normal  -2.0547311627e-02 -1.4770166753e-19 9.9978888171e-01
   outer loop
     vertex  1.591435e+01 0.000000e+00 3.056113e+00
     vertex  2.283686e+01 0.000000e+00 3.198382e+00
     vertex  1.591435e+01 3.200000e+01 3.056113e+00
   endloop
 endfacet
 facet normal  -2.0547311627e-02 0.0000000000e+00 9.9978888171e-01
   outer loop
     vertex  1.591435e+01 3.200000e+01 3.056113e+00
     vertex  2.283686e+01 0.000000e+00 3.198382e+00
     vertex  2.283686e+01 3.200000e+01 3.198382e+00
   endloop
 endfacet
 facet normal  9.8065175776e-03 1.6706050010e-19 9.9995191495e-01
   outer loop
     vertex  2.283686e+01 0.000000e+00 3.198382e+00
     vertex  3.092914e+01 0.000000e+00 3.119021e+00
     vertex  2.283686e+01 3.200000e+01 3.198382e+00
   endloop
 endfacet
 facet normal  9.8065175776e-03 -0.0000000000e+00 9.9995191495e-01
   outer loop
     vertex  2.283686e+01 3.200000e+01 3.198382e+00
     vertex  3.092914e+01 0.000000e+00 3.119021e+00
     vertex  3.092914e+01 3.200000e+01 3.119021e+00
   endloop
 endfacet
 facet normal  3.3019444726e-02 -4.6010186496e-19 9.9945470946e-01
   outer loop
     vertex  3.092914e+01 0.000000e+00 3.119021e+00
     vertex  3.970000e+01 0.000000e+00 2.829254e+00
     vertex  3.092914e+01 3.200000e+01 3.119021e+00
   endloop
 endfacet
 facet normal  3.3019444726e-02 -0.0000000000e+00 9.9945470946e-01
   outer loop
     vertex  3.092914e+01 3.200000e+01 3.119021e+00
     vertex  3.970000e+01 0.000000e+00 2.829254e+00
     vertex  3.970000e+01 3.200000e+01 2.829254e+00
   endloop
 endfacet
 facet normal  5.0047428966e-02 -8.3040719657e-19 9.9874684222e-01
   outer loop
     vertex  3.970000e+01 0.000000e+00 2.829254e+00
     vertex  4.846471e+01 3.200000e+01 2.390052e+00
     vertex  3.970000e+01 3.200000e+01 2.829254e+00
   endloop
 endfacet
 facet normal  5.0047428966e-02 -1.0852306242e-17 9.9874684222e-01
   outer loop
     vertex  3.970000e+01 0.000000e+00 2.829254e+00
     vertex  4.846471e+01 0.000000e+00 2.390052e+00
     vertex  4.846471e+01 3.200000e+01 2.390052e+00
   endloop
 endfacet
 facet normal  6.2275339092e-02 -1.2684643859e-17 9.9805900734e-01
   outer loop
     vertex  4.846471e+01 0.000000e+00 2.390052e+00
     vertex  5.654186e+01 3.200000e+01 1.886067e+00
     vertex  4.846471e+01 3.200000e+01 2.390052e+00
   endloop
 endfacet
 facet normal  6.2275339092e-02 -0.0000000000e+00 9.9805900734e-01
   outer loop
     vertex  4.846471e+01 0.000000e+00 2.390052e+00
     vertex  5.654186e+01 0.000000e+00 1.886067e+00
     vertex  5.654186e+01 3.200000e+01 1.886067e+00
   endloop
 endfacet
 facet normal  7.1196435771e-02 8.9644567545e-19 9.9746231384e-01
   outer loop
     vertex  5.654186e+01 0.000000e+00 1.886067e+00
     vertex  6.344858e+01 3.200000e+01 1.393082e+00
     vertex  5.654186e+01 3.200000e+01 1.886067e+00
   endloop
 endfacet
 facet normal  7.1196435771e-02 -0.0000000000e+00 9.9746231384e-01
   outer loop
     vertex  5.654186e+01 0.000000e+00 1.886067e+00
     vertex  6.344858e+01 0.000000e+00 1.393082e+00
     vertex  6.344858e+01 3.200000e+01 1.393082e+00
   endloop
 endfacet
 facet normal  7.7923127975e-02 -5.9245706921e-19 9.9695937035e-01
   outer loop
     vertex  6.344858e+01 0.000000e+00 1.393082e+00
     vertex  6.898632e+01 3.200000e+01 9.602478e-01
     vertex  6.344858e+01 3.200000e+01 1.393082e+00
   endloop
 endfacet
 facet normal  7.7923127975e-02 -0.0000000000e+00 9.9695937035e-01
   outer loop
     vertex  6.344858e+01 0.000000e+00 1.393082e+00
     vertex  6.898632e+01 0.000000e+00 9.602478e-01
     vertex  6.898632e+01 3.200000e+01 9.602478e-01
   endloop
 endfacet
 facet normal  8.3090167181e-02 6.5009355610e-19 9.9654203329e-01
   outer loop
     vertex  6.898632e+01 0.000000e+00 9.602478e-01
     vertex  7.320167e+01 3.200000e+01 6.087784e-01
     vertex  6.898632e+01 3.200000e+01 9.602478e-01
   endloop
 endfacet
 facet normal  8.3090167181e-02 -0.0000000000e+00 9.9654203329e-01
   outer loop
     vertex  6.898632e+01 0.000000e+00 9.602478e-01
     vertex  7.320167e+01 0.000000e+00 6.087784e-01
     vertex  7.320167e+01 3.200000e+01 6.087784e-01
   endloop
 endfacet
 facet normal  8.7069096326e-02 1.6985699294e-19 9.9620227487e-01
   outer loop
     vertex  7.320167e+01 0.000000e+00 6.087784e-01
     vertex  7.628524e+01 3.200000e+01 3.392714e-01
     vertex  7.320167e+01 3.200000e+01 6.087784e-01
   endloop
 endfacet
 facet normal  8.7069096326e-02 -0.0000000000e+00 9.9620227487e-01
   outer loop
     vertex  7.320167e+01 0.000000e+00 6.087784e-01
     vertex  7.628524e+01 0.000000e+00 3.392714e-01
     vertex  7.628524e+01 3.200000e+01 3.392714e-01
   endloop
 endfacet
 facet normal  9.0062378798e-02 -1.6326285693e-19 9.9593612643e-01
   outer loop
     vertex  7.628524e+01 0.000000e+00 3.392714e-01
     vertex  7.847587e+01 3.200000e+01 1.411733e-01
     vertex  7.628524e+01 3.200000e+01 3.392714e-01
   endloop
 endfacet
 facet normal  9.0062378798e-02 -0.0000000000e+00 9.9593612643e-01
   outer loop
     vertex  7.628524e+01 0.000000e+00 3.392714e-01
     vertex  7.847587e+01 0.000000e+00 1.411733e-01
     vertex  7.847587e+01 3.200000e+01 1.411733e-01
   endloop
 endfacet
 facet normal  9.2230450802e-02 2.5576475031e-19 9.9573768832e-01
   outer loop
     vertex  7.847587e+01 0.000000e+00 1.411733e-01
     vertex  8.000000e+01 3.200000e+01 0.000000e+00
     vertex  7.847587e+01 3.200000e+01 1.411733e-01
   endloop
 endfacet
 facet normal  9.2230450802e-02 -0.0000000000e+00 9.9573768832e-01
   outer loop
     vertex  7.847587e+01 0.000000e+00 1.411733e-01
     vertex  8.000000e+01 0.000000e+00 0.000000e+00
     vertex  8.000000e+01 3.200000e+01 0.000000e+00
   endloop
 endfacet
 facet normal  9.2230450802e-02 1.8710750417e-19 -9.9573768832e-01
   outer loop
     vertex  8.000000e+01 3.200000e+01 0.000000e+00
     vertex  7.847587e+01 3.200000e+01 -1.411733e-01
     vertex  8.000000e+01 6.400000e+01 0.000000e+00
   endloop
 endfacet
 facet normal  9.2230450802e-02 0.0000000000e+00 -9.9573768832e-01
   outer loop
     vertex  8.000000e+01 6.400000e+01 0.000000e+00
     vertex  7.847587e+01 3.200000e+01 -1.411733e-01
     vertex  7.847587e+01 6.400000e+01 -1.411733e-01
   endloop
 endfacet
 facet normal  9.0062378798e-02 -1.6988984599e-19 -9.9593612643e-01
   outer loop
     vertex  7.847587e+01 3.200000e+01 -1.411733e-01
     vertex  7.628524e+01 3.200000e+01 -3.392714e-01
     vertex  7.847587e+01 6.400000e+01 -1.411733e-01
   endloop
 endfacet
 facet normal  9.0062378798e-02 0.0000000000e+00 -9.9593612643e-01
   outer loop
     vertex  7.847587e+01 6.400000e+01 -1.411733e-01
     vertex  7.628524e+01 3.200000e+01 -3.392714e-01
     vertex  7.628524e+01 6.400000e+01 -3.392714e-01
   endloop
 endfacet
 facet normal  8.7069096326e-02 -2.3886591223e-20 -9.9620227487e-01
   outer loop
     vertex  7.628524e+01 3.200000e+01 -3.392714e-01
     vertex  7.320167e+01 3.200000e+01 -6.087784e-01
     vertex  7.628524e+01 6.400000e+01 -3.392714e-01
   endloop
 endfacet
 facet normal  8.7069096326e-02 0.0000000000e+00 -9.9620227487e-01
   outer loop
     vertex  7.628524e+01 6.400000e+01 -3.392714e-01
     vertex  7.320167e+01 3.200000e+01 -6.087784e-01
     vertex  7.320167e+01 6.400000e+01 -6.087784e-01
   endloop
 endfacet
 facet normal  8.3090167181e-02 7.3662440909e-19 -9.9654203329e-01
   outer loop
     vertex  7.320167e+01 3.200000e+01 -6.087784e-01
     vertex  6.898632e+01 3.200000e+01 -9.602478e-01
     vertex  7.320167e+01 6.400000e+01 -6.087784e-01
   endloop
 endfacet
 facet normal  8.3090167181e-02 0.0000000000e+00 -9.9654203329e-01
   outer loop
     vertex  7.320167e+01 6.400000e+01 -6.087784e-01
     vertex  6.898632e+01 3.200000e+01 -9.602478e-01
     vertex  6.898632e+01 6.400000e+01 -9.602478e-01
   endloop
 endfacet
 facet normal  7.7923127975e-02 8.0287385039e-19 -9.9695937035e-01
   outer loop
     vertex  6.898632e+01 3.200000e+01 -9.602478e-01
     vertex  6.344858e+01 3.200000e+01 -1.393082e+00
     vertex  6.898632e+01 6.400000e+01 -9.602478e-01
   endloop
 endfacet
 facet normal  7.7923127975e-02 0.0000000000e+00 -9.9695937035e-01
   outer loop
     vertex  6.898632e+01 6.400000e+01 -9.602478e-01
     vertex  6.344858e+01 3.200000e+01 -1.393082e+00
     vertex  6.344858e+01 6.400000e+01 -1.393082e+00
   endloop
 endfacet
 facet normal  7.1196435771e-02 -4.0813885657e-19 -9.9746231384e-01
   outer loop
     vertex  6.344858e+01 3.200000e+01 -1.393082e+00
     vertex  5.654186e+01 3.200000e+01 -1.886067e+00
     vertex  6.344858e+01 6.400000e+01 -1.393082e+00
   endloop
 endfacet
 facet normal  7.1196435771e-02 0.0000000000e+00 -9.9746231384e-01
   outer loop
     vertex  6.344858e+01 6.400000e+01 -1.393082e+00
     vertex  5.654186e+01 3.200000e+01 -1.886067e+00
     vertex  5.654186e+01 6.400000e+01 -1.886067e+00
   endloop
 endfacet
 facet normal  6.2275339092e-02 1.2116990579e-18 -9.9805900734e-01
   outer loop
     vertex  5.654186e+01 3.200000e+01 -1.886067e+00
     vertex  4.846471e+01 3.200000e+01 -2.390052e+00
     vertex  5.654186e+01 6.400000e+01 -1.886067e+00
   endloop
 endfacet
 facet normal  6.2275339092e-02 0.0000000000e+00 -9.9805900734e-01
   outer loop
     vertex  5.654186e+01 6.400000e+01 -1.886067e+00
     vertex  4.846471e+01 3.200000e+01 -2.390052e+00
     vertex  4.846471e+01 6.400000e+01 -2.390052e+00
   endloop
 endfacet
 facet normal  5.0047428966e-02 -2.0083958379e-19 -9.9874684222e-01
   outer loop
     vertex  4.846471e+01 3.200000e+01 -2.390052e+00
     vertex  3.970000e+01 3.200000e+01 -2.829254e+00
     vertex  4.846471e+01 6.400000e+01 -2.390052e+00
   endloop
 endfacet
 facet normal  5.0047428966e-02 0.0000000000e+00 -9.9874684222e-01
   outer loop
     vertex  4.846471e+01 6.400000e+01 -2.390052e+00
     vertex  3.970000e+01 3.200000e+01 -2.829254e+00
     vertex  3.970000e+01 6.400000e+01 -2.829254e+00
   endloop
 endfacet
 facet normal  3.3019444726e-02 -3.2947975798e-19 -9.9945470946e-01
   outer loop
     vertex  3.970000e+01 3.200000e+01 -2.829254e+00
     vertex  3.092914e+01 6.400000e+01 -3.119021e+00
     vertex  3.970000e+01 6.400000e+01 -2.829254e+00
   endloop
 endfacet
 facet normal  3.3019444726e-02 0.0000000000e+00 -9.9945470946e-01
   outer loop
     vertex  3.970000e+01 3.200000e+01 -2.829254e+00
     vertex  3.092914e+01 3.200000e+01 -3.119021e+00
     vertex  3.092914e+01 6.400000e+01 -3.119021e+00
   endloop
 endfacet
 facet normal  9.8065175776e-03 -1.4076923359e-19 -9.9995191495e-01
   outer loop
     vertex  3.092914e+01 3.200000e+01 -3.119021e+00
     vertex  2.283686e+01 6.400000e+01 -3.198382e+00
     vertex  3.092914e+01 6.400000e+01 -3.119021e+00
   endloop
 endfacet
 facet normal  9.8065175776e-03 0.0000000000e+00 -9.9995191495e-01
   outer loop
     vertex  3.092914e+01 3.200000e+01 -3.119021e+00
     vertex  2.283686e+01 3.200000e+01 -3.198382e+00
     vertex  2.283686e+01 6.400000e+01 -3.198382e+00
   endloop
 endfacet
 facet normal  -2.0547311627e-02 1.5456856163e-19 -9.9978888171e-01
   outer loop
     vertex  2.283686e+01 3.200000e+01 -3.198382e+00
     vertex  1.591435e+01 6.400000e+01 -3.056113e+00
     vertex  2.283686e+01 6.400000e+01 -3.198382e+00
   endloop
 endfacet
 facet normal  -2.0547311627e-02 0.0000000000e+00 -9.9978888171e-01
   outer loop
     vertex  2.283686e+01 3.200000e+01 -3.198382e+00
     vertex  1.591435e+01 3.200000e+01 -3.056113e+00
     vertex  1.591435e+01 6.400000e+01 -3.056113e+00
   endloop
 endfacet
 facet normal  -5.9204216770e-02 -3.6258229426e-19 -9.9824589191e-01
   outer loop
     vertex  1.591435e+01 3.200000e+01 -3.056113e+00
     vertex  1.036987e+01 6.400000e+01 -2.727280e+00
     vertex  1.591435e+01 6.400000e+01 -3.056113e+00
   endloop
 endfacet
 facet normal  -5.9204216770e-02 0.0000000000e+00 -9.9824589191e-01
   outer loop
     vertex  1.591435e+01 3.200000e+01 -3.056113e+00
     vertex  1.036987e+01 3.200000e+01 -2.727280e+00
     vertex  1.036987e+01 6.400000e+01 -2.727280e+00
   endloop
 endfacet
 facet normal  -1.0936373154e-01 2.3623749907e-19 -9.9400179790e-01
   outer loop
     vertex  1.036987e+01 3.200000e+01 -2.727280e+00
     vertex  6.165834e+00 6.400000e+01 -2.264736e+00
     vertex  1.036987e+01 6.400000e+01 -2.727280e+00
   endloop
 endfacet
 facet normal  -1.0936373154e-01 0.0000000000e+00 -9.9400179790e-01
   outer loop
     vertex  1.036987e+01 3.200000e+01 -2.727280e+00
     vertex  6.165834e+00 3.200000e+01 -2.264736e+00
     vertex  6.165834e+00 6.400000e+01 -2.264736e+00
   endloop
 endfacet
 facet normal  -1.8086761588e-01 4.2161093665e-19 -9.8350745067e-01
   outer loop
     vertex  6.165834e+00 3.200000e+01 -2.264736e+00
     vertex  3.122584e+00 6.400000e+01 -1.705081e+00
     vertex  6.165834e+00 6.400000e+01 -2.264736e+00
   endloop
 endfacet
 facet normal  -1.8086761588e-01 0.0000000000e+00 -9.8350745067e-01
   outer loop
     vertex  6.165834e+00 3.200000e+01 -2.264736e+00
     vertex  3.122584e+00 3.200000e+01 -1.705081e+00
     vertex  3.122584e+00 6.400000e+01 -1.705081e+00
   endloop
 endfacet
 facet normal  -3.0805827929e-01 3.0831860444e-19 -9.5136748765e-01
   outer loop
     vertex  3.122584e+00 3.200000e+01 -1.705081e+00
     vertex  1.033255e+00 6.400000e+01 -1.028544e+00
     vertex  3.122584e+00 6.400000e+01 -1.705081e+00
   endloop
 endfacet
 facet normal  -3.0805827929e-01 0.0000000000e+00 -9.5136748765e-01
   outer loop
     vertex  3.122584e+00 3.200000e+01 -1.705081e+00
     vertex  1.033255e+00 3.200000e+01 -1.028544e+00
     vertex  1.033255e+00 6.400000e+01 -1.028544e+00
   endloop
 endfacet
 facet normal  -7.0548929631e-01 1.0795143091e-18 -7.0872057455e-01
   outer loop
     vertex  1.033255e+00 3.200000e+01 -1.028544e+00
     vertex  0.000000e+00 6.400000e+01 0.000000e+00
     vertex  1.033255e+00 6.400000e+01 -1.028544e+00
   endloop
 endfacet
 facet normal  -7.0548929631e-01 0.0000000000e+00 -7.0872057455e-01
   outer loop
     vertex  1.033255e+00 3.200000e+01 -1.028544e+00
     vertex  0.000000e+00 3.200000e+01 0.000000e+00
     vertex  0.000000e+00 6.400000e+01 0.000000e+00
   endloop
 endfacet
 facet normal  -7.0548929631e-01 1.6824251773e-18 7.0872057455e-01
   outer loop
     vertex  0.000000e+00 3.200000e+01 0.000000e+00
     vertex  1.033255e+00 3.200000e+01 1.028544e+00
     vertex  0.000000e+00 6.400000e+01 0.000000e+00
   endloop
 endfacet
 facet normal  -7.0548929631e-01 0.0000000000e+00 7.0872057455e-01
   outer loop
     vertex  0.000000e+00 6.400000e+01 0.000000e+00
     vertex  1.033255e+00 3.200000e+01 1.028544e+00
     vertex  1.033255e+00 6.400000e+01 1.028544e+00
   endloop
 endfacet
 facet normal  -3.0805827929e-01 8.9039655104e-19 9.5136748765e-01
   outer loop
     vertex  1.033255e+00 3.200000e+01 1.028544e+00
     vertex  3.122584e+00 3.200000e+01 1.705081e+00
     vertex  1.033255e+00 6.400000e+01 1.028544e+00
   endloop
 endfacet
 facet normal  -3.0805827929e-01 0.0000000000e+00 9.5136748765e-01
   outer loop
     vertex  1.033255e+00 6.400000e+01 1.028544e+00
     vertex  3.122584e+00 3.200000e+01 1.705081e+00
     vertex  3.122584e+00 6.400000e+01 1.705081e+00
   endloop
 endfacet
 facet normal  -1.8086761588e-01 -7.1293991859e-19 9.8350745067e-01
   outer loop
     vertex  3.122584e+00 3.200000e+01 1.705081e+00
     vertex  6.165834e+00 3.200000e+01 2.264736e+00
     vertex  3.122584e+00 6.400000e+01 1.705081e+00
   endloop
 endfacet
 facet normal  -1.8086761588e-01 0.0000000000e+00 9.8350745067e-01
   outer loop
     vertex  3.122584e+00 6.400000e+01 1.705081e+00
     vertex  6.165834e+00 3.200000e+01 2.264736e+00
     vertex  6.165834e+00 6.400000e+01 2.264736e+00
   endloop
 endfacet
 facet normal  -1.0936373154e-01 3.5261690567e-19 9.9400179790e-01
   outer loop
     vertex  6.165834e+00 3.200000e+01 2.264736e+00
     vertex  1.036987e+01 3.200000e+01 2.727280e+00
     vertex  6.165834e+00 6.400000e+01 2.264736e+00
   endloop
 endfacet
 facet normal  -1.0936373154e-01 0.0000000000e+00 9.9400179790e-01
   outer loop
     vertex  6.165834e+00 6.400000e+01 2.264736e+00
     vertex  1.036987e+01 3.200000e+01 2.727280e+00
     vertex  1.036987e+01 6.400000e+01 2.727280e+00
   endloop
 endfacet
 facet normal  -5.9204216770e-02 4.9830919264e-19 9.9824589191e-01
   outer loop
     vertex  1.036987e+01 3.200000e+01 2.727280e+00
     vertex  1.591435e+01 3.200000e+01 3.056113e+00
     vertex  1.036987e+01 6.400000e+01 2.727280e+00
   endloop
 endfacet
 facet normal  -5.9204216770e-02 0.0000000000e+00 9.9824589191e-01
   outer loop
     vertex  1.036987e+01 6.400000e+01 2.727280e+00
     vertex  1.591435e+01 3.200000e+01 3.056113e+00
     vertex  1.591435e+01 6.400000e+01 3.056113e+00
   endloop
 endfacet
 facet normal  -2.0547311627e-02 -1.4770166753e-19 9.9978888171e-01
   outer loop
     vertex  1.591435e+01 3.200000e+01 3.056113e+00
     vertex  2.283686e+01 3.200000e+01 3.198382e+00
     vertex  1.591435e+01 6.400000e+01 3.056113e+00
   endloop
 endfacet
 facet normal  -2.0547311627e-02 0.0000000000e+00 9.9978888171e-01
   outer loop
     vertex  1.591435e+01 6.400000e+01 3.056113e+00
     vertex  2.283686e+01 3.200000e+01 3.198382e+00
     vertex  2.283686e+01 6.400000e+01 3.198382e+00
   endloop
 endfacet
 facet normal  9.8065175776e-03 1.6706050010e-19 9.9995191495e-01
   outer loop
     vertex  2.283686e+01 3.200000e+01 3.198382e+00
     vertex  3.092914e+01 3.200000e+01 3.119021e+00
     vertex  2.283686e+01 6.400000e+01 3.198382e+00
   endloop
 endfacet
 facet normal  9.8065175776e-03 -0.0000000000e+00 9.9995191495e-01
   outer loop
     vertex  2.283686e+01 6.400000e+01 3.198382e+00
     vertex  3.092914e+01 3.200000e+01 3.119021e+00
     vertex  3.092914e+01 6.400000e+01 3.119021e+00
   endloop
 endfacet
 facet normal  3.3019444726e-02 -4.6010186496e-19 9.9945470946e-01
   outer loop
     vertex  3.092914e+01 3.200000e+01 3.119021e+00
     vertex  3.970000e+01 3.200000e+01 2.829254e+00
     vertex  3.092914e+01 6.400000e+01 3.119021e+00
   endloop
 endfacet
 facet normal  3.3019444726e-02 -0.0000000000e+00 9.9945470946e-01
   outer loop
     vertex  3.092914e+01 6.400000e+01 3.119021e+00
     vertex  3.970000e+01 3.200000e+01 2.829254e+00
     vertex  3.970000e+01 6.400000e+01 2.829254e+00
   endloop
 endfacet
 facet normal  5.0047428966e-02 9.7313470260e-19 9.9874684222e-01
   outer loop
     vertex  3.970000e+01 3.200000e+01 2.829254e+00
     vertex  4.846471e+01 6.400000e+01 2.390052e+00
     vertex  3.970000e+01 6.400000e+01 2.829254e+00
   endloop
 endfacet
 facet normal  5.0047428966e-02 1.0852306242e-17 9.9874684222e-01
   outer loop
     vertex  3.970000e+01 3.200000e+01 2.829254e+00
     vertex  4.846471e+01 3.200000e+01 2.390052e+00
     vertex  4.846471e+01 6.400000e+01 2.390052e+00
   endloop
 endfacet
 facet normal  6.2275339092e-02 1.3902211216e-17 9.9805900734e-01
   outer loop
     vertex  4.846471e+01 3.200000e+01 2.390052e+00
     vertex  5.654186e+01 6.400000e+01 1.886067e+00
     vertex  4.846471e+01 6.400000e+01 2.390052e+00
   endloop
 endfacet
 facet normal  6.2275339092e-02 -0.0000000000e+00 9.9805900734e-01
   outer loop
     vertex  4.846471e+01 3.200000e+01 2.390052e+00
     vertex  5.654186e+01 3.200000e+01 1.886067e+00
     vertex  5.654186e+01 6.400000e+01 1.886067e+00
   endloop
 endfacet
 facet normal  7.1196435771e-02 8.9644567545e-19 9.9746231384e-01
   outer loop
     vertex  5.654186e+01 3.200000e+01 1.886067e+00
     vertex  6.344858e+01 6.400000e+01 1.393082e+00
     vertex  5.654186e+01 6.400000e+01 1.886067e+00
   endloop
 endfacet
 facet normal  7.1196435771e-02 -0.0000000000e+00 9.9746231384e-01
   outer loop
     vertex  5.654186e+01 3.200000e+01 1.886067e+00
     vertex  6.344858e+01 3.200000e+01 1.393082e+00
     vertex  6.344858e+01 6.400000e+01 1.393082e+00
   endloop
 endfacet
 facet normal  7.7923127975e-02 7.9506516547e-19 9.9695937035e-01
   outer loop
     vertex  6.344858e+01 3.200000e+01 1.393082e+00
     vertex  6.898632e+01 6.400000e+01 9.602478e-01
     vertex  6.344858e+01 6.400000e+01 1.393082e+00
   endloop
 endfacet
 facet normal  7.7923127975e-02 3.3778297350e-18 9.9695937035e-01
   outer loop
     vertex  6.344858e+01 3.200000e+01 1.393082e+00
     vertex  6.898632e+01 3.200000e+01 9.602478e-01
     vertex  6.898632e+01 6.400000e+01 9.602478e-01
   endloop
 endfacet
 facet normal  8.3090167181e-02 4.0265092982e-18 9.9654203329e-01
   outer loop
     vertex  6.898632e+01 3.200000e+01 9.602478e-01
     vertex  7.320167e+01 6.400000e+01 6.087784e-01
     vertex  6.898632e+01 6.400000e+01 9.602478e-01
   endloop
 endfacet
 facet normal  8.3090167181e-02 -0.0000000000e+00 9.9654203329e-01
   outer loop
     vertex  6.898632e+01 3.200000e+01 9.602478e-01
     vertex  7.320167e+01 3.200000e+01 6.087784e-01
     vertex  7.320167e+01 6.400000e+01 6.087784e-01
   endloop
 endfacet
 facet normal  8.7069096326e-02 1.6985699294e-19 9.9620227487e-01
   outer loop
     vertex  7.320167e+01 3.200000e+01 6.087784e-01
     vertex  7.628524e+01 6.400000e+01 3.392714e-01
     vertex  7.320167e+01 6.400000e+01 6.087784e-01
   endloop
 endfacet
 facet normal  8.7069096326e-02 -0.0000000000e+00 9.9620227487e-01
   outer loop
     vertex  7.320167e+01 3.200000e+01 6.087784e-01
     vertex  7.628524e+01 3.200000e+01 3.392714e-01
     vertex  7.628524e+01 6.400000e+01 3.392714e-01
   endloop
 endfacet
 facet normal  9.0062378798e-02 -1.6326285693e-19 9.9593612643e-01
   outer loop
     vertex  7.628524e+01 3.200000e+01 3.392714e-01
     vertex  7.847587e+01 6.400000e+01 1.411733e-01
     vertex  7.628524e+01 6.400000e+01 3.392714e-01
   endloop
 endfacet
 facet normal  9.0062378798e-02 -0.0000000000e+00 9.9593612643e-01
   outer loop
     vertex  7.628524e+01 3.200000e+01 3.392714e-01
     vertex  7.847587e+01 3.200000e+01 1.411733e-01
     vertex  7.847587e+01 6.400000e+01 1.411733e-01
   endloop
 endfacet
 facet normal  9.2230450802e-02 2.5576475031e-19 9.9573768832e-01
   outer loop
     vertex  7.847587e+01 3.200000e+01 1.411733e-01
     vertex  8.000000e+01 6.400000e+01 0.000000e+00
     vertex  7.847587e+01 6.400000e+01 1.411733e-01
   endloop
 endfacet
 facet normal  9.2230450802e-02 -0.0000000000e+00 9.9573768832e-01
   outer loop
     vertex  7.847587e+01 3.200000e+01 1.411733e-01
     vertex  8.000000e+01 3.200000e+01 0.000000e+00
     vertex  8.000000e+01 6.400000e+01 0.000000e+00
   endloop
 endfacet
 facet normal  9.2230450802e-02 1.8710750417e-19 -9.9573768832e-01
   outer loop
     vertex  8.000000e+01 6.400000e+01 0.000000e+00
     vertex  7.847587e+01 6.400000e+01 -1.411733e-01
     vertex  8.000000e+01 9.600000e+01 0.000000e+00
   endloop
 endfacet
 facet normal  9.2230450802e-02 0.0000000000e+00 -9.9573768832e-01
   outer loop
     vertex  8.000000e+01 9.600000e+01 0.000000e+00
     vertex  7.847587e+01 6.400000e+01 -1.411733e-01
     vertex  7.847587e+01 9.600000e+01 -1.411733e-01
   endloop
 endfacet
 facet normal  9.0062378798e-02 -1.6988984599e-19 -9.9593612643e-01
   outer loop
     vertex  7.847587e+01 6.400000e+01 -1.411733e-01
     vertex  7.628524e+01 6.400000e+01 -3.392714e-01
     vertex  7.847587e+01 9.600000e+01 -1.411733e-01
   endloop
 endfacet
 facet normal  9.0062378798e-02 0.0000000000e+00 -9.9593612643e-01
   outer loop
     vertex  7.847587e+01 9.600000e+01 -1.411733e-01
     vertex  7.628524e+01 6.400000e+01 -3.392714e-01
     vertex  7.628524e+01 9.600000e+01 -3.392714e-01
   endloop
 endfacet
 facet normal  8.7069096326e-02 -2.3886591223e-20 -9.9620227487e-01
   outer loop
     vertex  7.628524e+01 6.400000e+01 -3.392714e-01
     vertex  7.320167e+01 6.400000e+01 -6.087784e-01
     vertex  7.628524e+01 9.600000e+01 -3.392714e-01
   endloop
 endfacet
 facet normal  8.7069096326e-02 0.0000000000e+00 -9.9620227487e-01
   outer loop
     vertex  7.628524e+01 9.600000e+01 -3.392714e-01
     vertex  7.320167e+01 6.400000e+01 -6.087784e-01
     vertex  7.320167e+01 9.600000e+01 -6.087784e-01
   endloop
 endfacet
 facet normal  8.3090167181e-02 7.3662440909e-19 -9.9654203329e-01
   outer loop
     vertex  7.320167e+01 6.400000e+01 -6.087784e-01
     vertex  6.898632e+01 6.400000e+01 -9.602478e-01
     vertex  7.320167e+01 9.600000e+01 -6.087784e-01
   endloop
 endfacet
 facet normal  8.3090167181e-02 0.0000000000e+00 -9.9654203329e-01
   outer loop
     vertex  7.320167e+01 9.600000e+01 -6.087784e-01
     vertex  6.898632e+01 6.400000e+01 -9.602478e-01
     vertex  6.898632e+01 9.600000e+01 -9.602478e-01
   endloop
 endfacet
 facet normal  7.7923127975e-02 8.0287385039e-19 -9.9695937035e-01
   outer loop
     vertex  6.898632e+01 6.400000e+01 -9.602478e-01
     vertex  6.344858e+01 6.400000e+01 -1.393082e+00
     vertex  6.898632e+01 9.600000e+01 -9.602478e-01
   endloop
 endfacet
 facet normal  7.7923127975e-02 0.0000000000e+00 -9.9695937035e-01
   outer loop
     vertex  6.898632e+01 9.600000e+01 -9.602478e-01
     vertex  6.344858e+01 6.400000e+01 -1.393082e+00
     vertex  6.344858e+01 9.600000e+01 -1.393082e+00
   endloop
 endfacet
 facet normal  7.1196435771e-02 -4.0813885657e-19 -9.9746231384e-01
   outer loop
     vertex  6.344858e+01 6.400000e+01 -1.393082e+00
     vertex  5.654186e+01 6.400000e+01 -1.886067e+00
     vertex  6.344858e+01 9.600000e+01 -1.393082e+00
   endloop
 endfacet
 facet normal  7.1196435771e-02 0.0000000000e+00 -9.9746231384e-01
   outer loop
     vertex  6.344858e+01 9.600000e+01 -1.393082e+00
     vertex  5.654186e+01 6.400000e+01 -1.886067e+00
     vertex  5.654186e+01 9.600000e+01 -1.886067e+00
   endloop
 endfacet
 facet normal  6.2275339092e-02 1.2116990579e-18 -9.9805900734e-01
   outer loop
     vertex  5.654186e+01 6.400000e+01 -1.886067e+00
     vertex  4.846471e+01 6.400000e+01 -2.390052e+00
     vertex  5.654186e+01 9.600000e+01 -1.886067e+00
   endloop
 endfacet
 facet normal  6.2275339092e-02 0.0000000000e+00 -9.9805900734e-01
   outer loop
     vertex  5.654186e+01 9.600000e+01 -1.886067e+00
     vertex  4.846471e+01 6.400000e+01 -2.390052e+00
     vertex  4.846471e+01 9.600000e+01 -2.390052e+00
   endloop
 endfacet
 facet normal  5.0047428966e-02 -2.0083958379e-19 -9.9874684222e-01
   outer loop
     vertex  4.846471e+01 6.400000e+01 -2.390052e+00
     vertex  3.970000e+01 6.400000e+01 -2.829254e+00
     vertex  4.846471e+01 9.600000e+01 -2.390052e+00
   endloop
 endfacet
 facet normal  5.0047428966e-02 0.0000000000e+00 -9.9874684222e-01
   outer loop
     vertex  4.846471e+01 9.600000e+01 -2.390052e+00
     vertex  3.970000e+01 6.400000e+01 -2.829254e+00
     vertex  3.970000e+01 9.600000e+01 -2.829254e+00
   endloop
 endfacet
 facet normal  3.3019444726e-02 -3.2947975798e-19 -9.9945470946e-01
   outer loop
     vertex  3.970000e+01 6.400000e+01 -2.829254e+00
     vertex  3.092914e+01 9.600000e+01 -3.119021e+00
     vertex  3.970000e+01 9.600000e+01 -2.829254e+00
   endloop
 endfacet
 facet normal  3.3019444726e-02 0.0000000000e+00 -9.9945470946e-01
   outer loop
     vertex  3.970000e+01 6.400000e+01 -2.829254e+00
     vertex  3.092914e+01 6.400000e+01 -3.119021e+00
     vertex  3.092914e+01 9.600000e+01 -3.119021e+00
   endloop
 endfacet
 facet normal  9.8065175776e-03 -1.4076923359e-19 -9.9995191495e-01
   outer loop
     vertex  3.092914e+01 6.400000e+01 -3.119021e+00
     vertex  2.283686e+01 9.600000e+01 -3.198382e+00
     vertex  3.092914e+01 9.600000e+01 -3.119021e+00
   endloop
 endfacet
 facet normal  9.8065175776e-03 0.0000000000e+00 -9.9995191495e-01
   outer loop
     vertex  3.092914e+01 6.400000e+01 -3.119021e+00
     vertex  2.283686e+01 6.400000e+01 -3.198382e+00
     vertex  2.283686e+01 9.600000e+01 -3.198382e+00
   endloop
 endfacet
 facet normal  -2.0547311627e-02 1.5456856163e-19 -9.9978888171e-01
   outer loop
     vertex  2.283686e+01 6.400000e+01 -3.198382e+00
     vertex  1.591435e+01 9.600000e+01 -3.056113e+00
     vertex  2.283686e+01 9.600000e+01 -3.198382e+00
   endloop
 endfacet
 facet normal  -2.0547311627e-02 0.0000000000e+00 -9.9978888171e-01
   outer loop
     vertex  2.283686e+01 6.400000e+01 -3.198382e+00
     vertex  1.591435e+01 6.400000e+01 -3.056113e+00
     vertex  1.591435e+01 9.600000e+01 -3.056113e+00
   endloop
 endfacet
 facet normal  -5.9204216770e-02 -3.6258229426e-19 -9.9824589191e-01
   outer loop
     vertex  1.591435e+01 6.400000e+01 -3.056113e+00
     vertex  1.036987e+01 9.600000e+01 -2.727280e+00
     vertex  1.591435e+01 9.600000e+01 -3.056113e+00
   endloop
 endfacet
 facet normal  -5.9204216770e-02 0.0000000000e+00 -9.9824589191e-01
   outer loop
     vertex  1.591435e+01 6.400000e+01 -3.056113e+00
     vertex  1.036987e+01 6.400000e+01 -2.727280e+00
     vertex  1.036987e+01 9.600000e+01 -2.727280e+00
   endloop
 endfacet
 facet normal  -1.0936373154e-01 2.3623749907e-19 -9.9400179790e-01
   outer loop
     vertex  1.036987e+01 6.400000e+01 -2.727280e+00
     vertex  6.165834e+00 9.600000e+01 -2.264736e+00
     vertex  1.036987e+01 9.600000e+01 -2.727280e+00
   endloop
 endfacet
 facet normal  -1.0936373154e-01 0.0000000000e+00 -9.9400179790e-01
   outer loop
     vertex  1.036987e+01 6.400000e+01 -2.727280e+00
     vertex  6.165834e+00 6.400000e+01 -2.264736e+00
     vertex  6.165834e+00 9.600000e+01 -2.264736e+00
   endloop
 endfacet
 facet normal  -1.8086761588e-01 4.2161093665e-19 -9.8350745067e-01
   outer loop
     vertex  6.165834e+00 6.400000e+01 -2.264736e+00
     vertex  3.122584e+00 9.600000e+01 -1.705081e+00
     vertex  6.165834e+00 9.600000e+01 -2.264736e+00
   endloop
 endfacet
 facet normal  -1.8086761588e-01 0.0000000000e+00 -9.8350745067e-01
   outer loop
     vertex  6.165834e+00 6.400000e+01 -2.264736e+00
     vertex  3.122584e+00 6.400000e+01 -1.705081e+00
     vertex  3.122584e+00 9.600000e+01 -1.705081e+00
   endloop
 endfacet
 facet normal  -3.0805827929e-01 3.0831860444e-19 -9.5136748765e-01
   outer loop
     vertex  3.122584e+00 6.400000e+01 -1.705081e+00
     vertex  1.033255e+00 9.600000e+01 -1.028544e+00
     vertex  3.122584e+00 9.600000e+01 -1.705081e+00
   endloop
 endfacet
 facet normal  -3.0805827929e-01 0.0000000000e+00 -9.5136748765e-01
   outer loop
     vertex  3.122584e+00 6.400000e+01 -1.705081e+00
     vertex  1.033255e+00 6.400000e+01 -1.028544e+00
     vertex  1.033255e+00 9.600000e+01 -1.028544e+00
   endloop
 endfacet
 facet normal  -7.0548929631e-01 1.0795143091e-18 -7.0872057455e-01
   outer loop
     vertex  1.033255e+00 6.400000e+01 -1.028544e+00
     vertex  0.000000e+00 9.600000e+01 0.000000e+00
     vertex  1.033255e+00 9.600000e+01 -1.028544e+00
   endloop
 endfacet
 facet normal  -7.0548929631e-01 0.0000000000e+00 -7.0872057455e-01
   outer loop
     vertex  1.033255e+00 6.400000e+01 -1.028544e+00
     vertex  0.000000e+00 6.400000e+01 0.000000e+00
     vertex  0.000000e+00 9.600000e+01 0.000000e+00
   endloop
 endfacet
 facet normal  -7.0548929631e-01 1.6824251773e-18 7.0872057455e-01
   outer loop
     vertex  0.000000e+00 6.400000e+01 0.000000e+00
     vertex  1.033255e+00 6.400000e+01 1.028544e+00
     vertex  0.000000e+00 9.600000e+01 0.000000e+00
   endloop
 endfacet
 facet normal  -7.0548929631e-01 0.0000000000e+00 7.0872057455e-01
   outer loop
     vertex  0.000000e+00 9.600000e+01 0.000000e+00
     vertex  1.033255e+00 6.400000e+01 1.028544e+00
     vertex  1.033255e+00 9.600000e+01 1.028544e+00
   endloop
 endfacet
 facet normal  -3.0805827929e-01 8.9039655104e-19 9.5136748765e-01
   outer loop
     vertex  1.033255e+00 6.400000e+01 1.028544e+00
     vertex  3.122584e+00 6.400000e+01 1.705081e+00
     vertex  1.033255e+00 9.600000e+01 1.028544e+00
   endloop
 endfacet
 facet normal  -3.0805827929e-01 0.0000000000e+00 9.5136748765e-01
   outer loop
     vertex  1.033255e+00 9.600000e+01 1.028544e+00
     vertex  3.122584e+00 6.400000e+01 1.705081e+00
     vertex  3.122584e+00 9.600000e+01 1.705081e+00
   endloop
 endfacet
 facet normal  -1.8086761588e-01 -7.1293991859e-19 9.8350745067e-01
   outer loop
     vertex  3.122584e+00 6.400000e+01 1.705081e+00
     vertex  6.165834e+00 6.400000e+01 2.264736e+00
     vertex  3.122584e+00 9.600000e+01 1.705081e+00
   endloop
 endfacet
 facet normal  -1.8086761588e-01 0.0000000000e+00 9.8350745067e-01
   outer loop
     vertex  3.122584e+00 9.600000e+01 1.705081e+00
     vertex  6.165834e+00 6.400000e+01 2.264736e+00
     vertex  6.165834e+00 9.600000e+01 2.264736e+00
   endloop
 endfacet
 facet normal  -1.0936373154e-01 3.5261690567e-19 9.9400179790e-01
   outer loop
     vertex  6.165834e+00 6.400000e+01 2.264736e+00
     vertex  1.036987e+01 6.400000e+01 2.727280e+00
     vertex  6.165834e+00 9.600000e+01 2.264736e+00
   endloop
 endfacet
 facet normal  -1.0936373154e-01 0.0000000000e+00 9.9400179790e-01
   outer loop
     vertex  6.165834e+00 9.600000e+01 2.264736e+00
     vertex  1.036987e+01 6.400000e+01 2.727280e+00
     vertex  1.036987e+01 9.600000e+01 2.727280e+00
   endloop
 endfacet
 facet normal  -5.9204216770e-02 4.9830919264e-19 9.9824589191e-01
   outer loop
     vertex  1.036987e+01 6.400000e+01 2.727280e+00
     vertex  1.591435e+01 6.400000e+01 3.056113e+00
     vertex  1.036987e+01 9.600000e+01 2.727280e+00
   endloop
 endfacet
 facet normal  -5.9204216770e-02 0.0000000000e+00 9.9824589191e-01
   outer loop
     vertex  1.036987e+01 9.600000e+01 2.727280e+00
     vertex  1.591435e+01 6.400000e+01 3.056113e+00
     vertex  1.591435e+01 9.600000e+01 3.056113e+00
   endloop
 endfacet
 facet normal  -2.0547311627e-02 -1.4770166753e-19 9.9978888171e-01
   outer loop
     vertex  1.591435e+01 6.400000e+01 3.056113e+00
     vertex  2.283686e+01 6.400000e+01 3.198382e+00
     vertex  1.591435e+01 9.600000e+01 3.056113e+00
   endloop
 endfacet
 facet normal  -2.0547311627e-02 0.0000000000e+00 9.9978888171e-01
   outer loop
     vertex  1.591435e+01 9.600000e+01 3.056113e+00
     vertex  2.283686e+01 6.400000e+01 3.198382e+00
     vertex  2.283686e+01 9.600000e+01 3.198382e+00
   endloop
 endfacet
 facet normal  9.8065175776e-03 1.6706050010e-19 9.9995191495e-01
   outer loop
     vertex  2.283686e+01 6.400000e+01 3.198382e+00
     vertex  3.092914e+01 6.400000e+01 3.119021e+00
     vertex  2.283686e+01 9.600000e+01 3.198382e+00
   endloop
 endfacet
 facet normal  9.8065175776e-03 -0.0000000000e+00 9.9995191495e-01
   outer loop
     vertex  2.283686e+01 9.600000e+01 3.198382e+00
     vertex  3.092914e+01 6.400000e+01 3.119021e+00
     vertex  3.092914e+01 9.600000e+01 3.119021e+00
   endloop
 endfacet
 facet normal  3.3019444726e-02 -4.6010186496e-19 9.9945470946e-01
   outer loop
     vertex  3.092914e+01 6.400000e+01 3.119021e+00
     vertex  3.970000e+01 6.400000e+01 2.829254e+00
     vertex  3.092914e+01 9.600000e+01 3.119021e+00
   endloop
 endfacet
 facet normal  3.3019444726e-02 -0.0000000000e+00 9.9945470946e-01
   outer loop
     vertex  3.092914e+01 9.600000e+01 3.119021e+00
     vertex  3.970000e+01 6.400000e+01 2.829254e+00
     vertex  3.970000e+01 9.600000e+01 2.829254e+00
   endloop
 endfacet
 facet normal  5.0047428966e-02 9.7313470260e-19 9.9874684222e-01
   outer loop
     vertex  3.970000e+01 6.400000e+01 2.829254e+00
     vertex  4.846471e+01 9.600000e+01 2.390052e+00
     vertex  3.970000e+01 9.600000e+01 2.829254e+00
   endloop
 endfacet
 facet normal  5.0047428966e-02 -0.0000000000e+00 9.9874684222e-01
   outer loop
     vertex  3.970000e+01 6.400000e+01 2.829254e+00
     vertex  4.846471e+01 6.400000e+01 2.390052e+00
     vertex  4.846471e+01 9.600000e+01 2.390052e+00
   endloop
 endfacet
 facet normal  6.2275339092e-02 3.9839962899e-19 9.9805900734e-01
   outer loop
     vertex  4.846471e+01 6.400000e+01 2.390052e+00
     vertex  5.654186e+01 9.600000e+01 1.886067e+00
     vertex  4.846471e+01 9.600000e+01 2.390052e+00
   endloop
 endfacet
 facet normal  6.2275339092e-02 -0.0000000000e+00 9.9805900734e-01
   outer loop
     vertex  4.846471e+01 6.400000e+01 2.390052e+00
     vertex  5.654186e+01 6.400000e+01 1.886067e+00
     vertex  5.654186e+01 9.600000e+01 1.886067e+00
   endloop
 endfacet
 facet normal  7.1196435771e-02 8.9644567545e-19 9.9746231384e-01
   outer loop
     vertex  5.654186e+01 6.400000e+01 1.886067e+00
     vertex  6.344858e+01 9.600000e+01 1.393082e+00
     vertex  5.654186e+01 9.600000e+01 1.886067e+00
   endloop
 endfacet
 facet normal  7.1196435771e-02 -0.0000000000e+00 9.9746231384e-01
   outer loop
     vertex  5.654186e+01 6.400000e+01 1.886067e+00
     vertex  6.344858e+01 6.400000e+01 1.393082e+00
     vertex  6.344858e+01 9.600000e+01 1.393082e+00
   endloop
 endfacet
 facet normal  7.7923127975e-02 7.9506516547e-19 9.9695937035e-01
   outer loop
     vertex  6.344858e+01 6.400000e+01 1.393082e+00
     vertex  6.898632e+01 9.600000e+01 9.602478e-01
     vertex  6.344858e+01 9.600000e+01 1.393082e+00
   endloop
 endfacet
 facet normal  7.7923127975e-02 -0.0000000000e+00 9.9695937035e-01
   outer loop
     vertex  6.344858e+01 6.400000e+01 1.393082e+00
     vertex  6.898632e+01 6.400000e+01 9.602478e-01
     vertex  6.898632e+01 9.600000e+01 9.602478e-01
   endloop
 endfacet
 facet normal  8.3090167181e-02 -6.6674040685e-19 9.9654203329e-01
   outer loop
     vertex  6.898632e+01 6.400000e+01 9.602478e-01
     vertex  7.320167e+01 9.600000e+01 6.087784e-01
     vertex  6.898632e+01 9.600000e+01 9.602478e-01
   endloop
 endfacet
 facet normal  8.3090167181e-02 -0.0000000000e+00 9.9654203329e-01
   outer loop
     vertex  6.898632e+01 6.400000e+01 9.602478e-01
     vertex  7.320167e+01 6.400000e+01 6.087784e-01
     vertex  7.320167e+01 9.600000e+01 6.087784e-01
   endloop
 endfacet
 facet normal  8.7069096326e-02 1.6985699294e-19 9.9620227487e-01
   outer loop
     vertex  7.320167e+01 6.400000e+01 6.087784e-01
     vertex  7.628524e+01 9.600000e+01 3.392714e-01
     vertex  7.320167e+01 9.600000e+01 6.087784e-01
   endloop
 endfacet
 facet normal  8.7069096326e-02 -0.0000000000e+00 9.9620227487e-01
   outer loop
     vertex  7.320167e+01 6.400000e+01 6.087784e-01
     vertex  7.628524e+01 6.400000e+01 3.392714e-01
     vertex  7.628524e+01 9.600000e+01 3.392714e-01
   endloop
 endfacet
 facet normal  9.0062378798e-02 -1.6326285693e-19 9.9593612643e-01
   outer loop
     vertex  7.628524e+01 6.400000e+01 3.392714e-01
     vertex  7.847587e+01 9.600000e+01 1.411733e-01
     vertex  7.628524e+01 9.600000e+01 3.392714e-01
   endloop
 endfacet
 facet normal  9.0062378798e-02 -0.0000000000e+00 9.9593612643e-01
   outer loop
     vertex  7.628524e+01 6.400000e+01 3.392714e-01
     vertex  7.847587e+01 6.400000e+01 1.411733e-01
     vertex  7.847587e+01 9.600000e+01 1.411733e-01
   endloop
 endfacet
 facet normal  9.2230450802e-02 2.5576475031e-19 9.9573768832e-01
   outer loop
     vertex  7.847587e+01 6.400000e+01 1.411733e-01
     vertex  8.000000e+01 9.600000e+01 0.000000e+00
     vertex  7.847587e+01 9.600000e+01 1.411733e-01
   endloop
 endfacet
 facet normal  9.2230450802e-02 -0.0000000000e+00 9.9573768832e-01
   outer loop
     vertex  7.847587e+01 6.400000e+01 1.411733e-01
     vertex  8.000000e+01 6.400000e+01 0.000000e+00
     vertex  8.000000e+01 9.600000e+01 0.000000e+00
   endloop
 endfacet
 facet normal  9.2230450802e-02 1.8710750417e-19 -9.9573768832e-01
   outer loop
     vertex  8.000000e+01 9.600000e+01 0.000000e+00
     vertex  7.847587e+01 1.280000e+02 -1.411733e-01
     vertex  8.000000e+01 1.280000e+02 0.000000e+00
   endloop
 endfacet
 facet normal  9.2230450802e-02 0.0000000000e+00 -9.9573768832e-01
   outer loop
     vertex  8.000000e+01 9.600000e+01 0.000000e+00
     vertex  7.847587e+01 9.600000e+01 -1.411733e-01
     vertex  7.847587e+01 1.280000e+02 -1.411733e-01
   endloop
 endfacet
 facet normal  9.0062378798e-02 -1.6988984599e-19 -9.9593612643e-01
   outer loop
     vertex  7.847587e+01 9.600000e+01 -1.411733e-01
     vertex  7.628524e+01 1.280000e+02 -3.392714e-01
     vertex  7.847587e+01 1.280000e+02 -1.411733e-01
   endloop
 endfacet
 facet normal  9.0062378798e-02 0.0000000000e+00 -9.9593612643e-01
   outer loop
     vertex  7.847587e+01 9.600000e+01 -1.411733e-01
     vertex  7.628524e+01 9.600000e+01 -3.392714e-01
     vertex  7.628524e+01 1.280000e+02 -3.392714e-01
   endloop
 endfacet
 facet normal  8.7069096326e-02 -2.3886591223e-20 -9.9620227487e-01
   outer loop
     vertex  7.628524e+01 9.600000e+01 -3.392714e-01
     vertex  7.320167e+01 1.280000e+02 -6.087784e-01
     vertex  7.628524e+01 1.280000e+02 -3.392714e-01
   endloop
 endfacet
 facet normal  8.7069096326e-02 0.0000000000e+00 -9.9620227487e-01
   outer loop
     vertex  7.628524e+01 9.600000e+01 -3.392714e-01
     vertex  7.320167e+01 9.600000e+01 -6.087784e-01
     vertex  7.320167e+01 1.280000e+02 -6.087784e-01
   endloop
 endfacet
 facet normal  8.3090167181e-02 7.3662440909e-19 -9.9654203329e-01
   outer loop
     vertex  7.320167e+01 9.600000e+01 -6.087784e-01
     vertex  6.898632e+01 1.280000e+02 -9.602478e-01
     vertex  7.320167e+01 1.280000e+02 -6.087784e-01
   endloop
 endfacet
 facet normal  8.3090167181e-02 0.0000000000e+00 -9.9654203329e-01
   outer loop
     vertex  7.320167e+01 9.600000e+01 -6.087784e-01
     vertex  6.898632e+01 9.600000e+01 -9.602478e-01
     vertex  6.898632e+01 1.280000e+02 -9.602478e-01
   endloop
 endfacet
 facet normal  7.7923127975e-02 8.0287385039e-19 -9.9695937035e-01
   outer loop
     vertex  6.898632e+01 9.600000e+01 -9.602478e-01
     vertex  6.344858e+01 1.280000e+02 -1.393082e+00
     vertex  6.898632e+01 1.280000e+02 -9.602478e-01
   endloop
 endfacet
 facet normal  7.7923127975e-02 0.0000000000e+00 -9.9695937035e-01
   outer loop
     vertex  6.898632e+01 9.600000e+01 -9.602478e-01
     vertex  6.344858e+01 9.600000e+01 -1.393082e+00
     vertex  6.344858e+01 1.280000e+02 -1.393082e+00
   endloop
 endfacet
 facet normal  7.1196435771e-02 -4.0813885657e-19 -9.9746231384e-01
   outer loop
     vertex  6.344858e+01 9.600000e+01 -1.393082e+00
     vertex  5.654186e+01 1.280000e+02 -1.886067e+00
     vertex  6.344858e+01 1.280000e+02 -1.393082e+00
   endloop
 endfacet
 facet normal  7.1196435771e-02 0.0000000000e+00 -9.9746231384e-01
   outer loop
     vertex  6.344858e+01 9.600000e+01 -1.393082e+00
     vertex  5.654186e+01 9.600000e+01 -1.886067e+00
     vertex  5.654186e+01 1.280000e+02 -1.886067e+00
   endloop
 endfacet
 facet normal  6.2275339092e-02 1.2116990579e-18 -9.9805900734e-01
   outer loop
     vertex  5.654186e+01 9.600000e+01 -1.886067e+00
     vertex  4.846471e+01 1.280000e+02 -2.390052e+00
     vertex  5.654186e+01 1.280000e+02 -1.886067e+00
   endloop
 endfacet
 facet normal  6.2275339092e-02 0.0000000000e+00 -9.9805900734e-01
   outer loop
     vertex  5.654186e+01 9.600000e+01 -1.886067e+00
     vertex  4.846471e+01 9.600000e+01 -2.390052e+00
     vertex  4.846471e+01 1.280000e+02 -2.390052e+00
   endloop
 endfacet
 facet normal  5.0047428966e-02 -2.0083958379e-19 -9.9874684222e-01
   outer loop
     vertex  4.846471e+01 9.600000e+01 -2.390052e+00
     vertex  3.970000e+01 1.280000e+02 -2.829254e+00
     vertex  4.846471e+01 1.280000e+02 -2.390052e+00
   endloop
 endfacet
 facet normal  5.0047428966e-02 0.0000000000e+00 -9.9874684222e-01
   outer loop
     vertex  4.846471e+01 9.600000e+01 -2.390052e+00
     vertex  3.970000e+01 9.600000e+01 -2.829254e+00
     vertex  3.970000e+01 1.280000e+02 -2.829254e+00
   endloop
 endfacet
 facet normal  3.3019444726e-02 -3.2947975798e-19 -9.9945470946e-01
   outer loop
     vertex  3.970000e+01 9.600000e+01 -2.829254e+00
     vertex  3.092914e+01 9.600000e+01 -3.119021e+00
     vertex  3.970000e+01 1.280000e+02 -2.829254e+00
   endloop
 endfacet
 facet normal  3.3019444726e-02 0.0000000000e+00 -9.9945470946e-01
   outer loop
     vertex  3.970000e+01 1.280000e+02 -2.829254e+00
     vertex  3.092914e+01 9.600000e+01 -3.119021e+00
     vertex  3.092914e+01 1.280000e+02 -3.119021e+00
   endloop
 endfacet
 facet normal  9.8065175776e-03 -1.4076923359e-19 -9.9995191495e-01
   outer loop
     vertex  3.092914e+01 9.600000e+01 -3.119021e+00
     vertex  2.283686e+01 9.600000e+01 -3.198382e+00
     vertex  3.092914e+01 1.280000e+02 -3.119021e+00
   endloop
 endfacet
 facet normal  9.8065175776e-03 0.0000000000e+00 -9.9995191495e-01
   outer loop
     vertex  3.092914e+01 1.280000e+02 -3.119021e+00
     vertex  2.283686e+01 9.600000e+01 -3.198382e+00
     vertex  2.283686e+01 1.280000e+02 -3.198382e+00
   endloop
 endfacet
 facet normal  -2.0547311627e-02 1.5456856163e-19 -9.9978888171e-01
   outer loop
     vertex  2.283686e+01 9.600000e+01 -3.198382e+00
     vertex  1.591435e+01 9.600000e+01 -3.056113e+00
     vertex  2.283686e+01 1.280000e+02 -3.198382e+00
   endloop
 endfacet
 facet normal  -2.0547311627e-02 0.0000000000e+00 -9.9978888171e-01
   outer loop
     vertex  2.283686e+01 1.280000e+02 -3.198382e+00
     vertex  1.591435e+01 9.600000e+01 -3.056113e+00
     vertex  1.591435e+01 1.280000e+02 -3.056113e+00
   endloop
 endfacet
 facet normal  -5.9204216770e-02 -3.6258229426e-19 -9.9824589191e-01
   outer loop
     vertex  1.591435e+01 9.600000e+01 -3.056113e+00
     vertex  1.036987e+01 9.600000e+01 -2.727280e+00
     vertex  1.591435e+01 1.280000e+02 -3.056113e+00
   endloop
 endfacet
 facet normal  -5.9204216770e-02 0.0000000000e+00 -9.9824589191e-01
   outer loop
     vertex  1.591435e+01 1.280000e+02 -3.056113e+00
     vertex  1.036987e+01 9.600000e+01 -2.727280e+00
     vertex  1.036987e+01 1.280000e+02 -2.727280e+00
   endloop
 endfacet
 facet normal  -1.0936373154e-01 2.3623749907e-19 -9.9400179790e-01
   outer loop
     vertex  1.036987e+01 9.600000e+01 -2.727280e+00
     vertex  6.165834e+00 9.600000e+01 -2.264736e+00
     vertex  1.036987e+01 1.280000e+02 -2.727280e+00
   endloop
 endfacet
 facet normal  -1.0936373154e-01 0.0000000000e+00 -9.9400179790e-01
   outer loop
     vertex  1.036987e+01 1.280000e+02 -2.727280e+00
     vertex  6.165834e+00 9.600000e+01 -2.264736e+00
     vertex  6.165834e+00 1.280000e+02 -2.264736e+00
   endloop
 endfacet
 facet normal  -1.8086761588e-01 4.2161093665e-19 -9.8350745067e-01
   outer loop
     vertex  6.165834e+00 9.600000e+01 -2.264736e+00
     vertex  3.122584e+00 9.600000e+01 -1.705081e+00
     vertex  6.165834e+00 1.280000e+02 -2.264736e+00
   endloop
 endfacet
 facet normal  -1.8086761588e-01 0.0000000000e+00 -9.8350745067e-01
   outer loop
     vertex  6.165834e+00 1.280000e+02 -2.264736e+00
     vertex  3.122584e+00 9.600000e+01 -1.705081e+00
     vertex  3.122584e+00 1.280000e+02 -1.705081e+00
   endloop
 endfacet
 facet normal  -3.0805827929e-01 3.0831860444e-19 -9.5136748765e-01
   outer loop
     vertex  3.122584e+00 9.600000e+01 -1.705081e+00
     vertex  1.033255e+00 9.600000e+01 -1.028544e+00
     vertex  3.122584e+00 1.280000e+02 -1.705081e+00
   endloop
 endfacet
 facet normal  -3.0805827929e-01 0.0000000000e+00 -9.5136748765e-01
   outer loop
     vertex  3.122584e+00 1.280000e+02 -1.705081e+00
     vertex  1.033255e+00 9.600000e+01 -1.028544e+00
     vertex  1.033255e+00 1.280000e+02 -1.028544e+00
   endloop
 endfacet
 facet normal  -7.0548929631e-01 1.0795143091e-18 -7.0872057455e-01
   outer loop
     vertex  1.033255e+00 9.600000e+01 -1.028544e+00
     vertex  0.000000e+00 9.600000e+01 0.000000e+00
     vertex  1.033255e+00 1.280000e+02 -1.028544e+00
   endloop
 endfacet
 facet normal  -7.0548929631e-01 0.0000000000e+00 -7.0872057455e-01
   outer loop
     vertex  1.033255e+00 1.280000e+02 -1.028544e+00
     vertex  0.000000e+00 9.600000e+01 0.000000e+00
     vertex  0.000000e+00 1.280000e+02 0.000000e+00
   endloop
 endfacet
 facet normal  -7.0548929631e-01 1.6824251773e-18 7.0872057455e-01
   outer loop
     vertex  0.000000e+00 9.600000e+01 0.000000e+00
     vertex  1.033255e+00 1.280000e+02 1.028544e+00
     vertex  0.000000e+00 1.280000e+02 0.000000e+00
   endloop
 endfacet
 facet normal  -7.0548929631e-01 0.0000000000e+00 7.0872057455e-01
   outer loop
     vertex  0.000000e+00 9.600000e+01 0.000000e+00
     vertex  1.033255e+00 9.600000e+01 1.028544e+00
     vertex  1.033255e+00 1.280000e+02 1.028544e+00
   endloop
 endfacet
 facet normal  -3.0805827929e-01 8.9039655104e-19 9.5136748765e-01
   outer loop
     vertex  1.033255e+00 9.600000e+01 1.028544e+00
     vertex  3.122584e+00 1.280000e+02 1.705081e+00
     vertex  1.033255e+00 1.280000e+02 1.028544e+00
   endloop
 endfacet
 facet normal  -3.0805827929e-01 0.0000000000e+00 9.5136748765e-01
   outer loop
     vertex  1.033255e+00 9.600000e+01 1.028544e+00
     vertex  3.122584e+00 9.600000e+01 1.705081e+00
     vertex  3.122584e+00 1.280000e+02 1.705081e+00
   endloop
 endfacet
 facet normal  -1.8086761588e-01 -7.1293991859e-19 9.8350745067e-01
   outer loop
     vertex  3.122584e+00 9.600000e+01 1.705081e+00
     vertex  6.165834e+00 1.280000e+02 2.264736e+00
     vertex  3.122584e+00 1.280000e+02 1.705081e+00
   endloop
 endfacet
 facet normal  -1.8086761588e-01 0.0000000000e+00 9.8350745067e-01
   outer loop
     vertex  3.122584e+00 9.600000e+01 1.705081e+00
     vertex  6.165834e+00 9.600000e+01 2.264736e+00
     vertex  6.165834e+00 1.280000e+02 2.264736e+00
   endloop
 endfacet
 facet normal  -1.0936373154e-01 3.5261690567e-19 9.9400179790e-01
   outer loop
     vertex  6.165834e+00 9.600000e+01 2.264736e+00
     vertex  1.036987e+01 1.280000e+02 2.727280e+00
     vertex  6.165834e+00 1.280000e+02 2.264736e+00
   endloop
 endfacet
 facet normal  -1.0936373154e-01 0.0000000000e+00 9.9400179790e-01
   outer loop
     vertex  6.165834e+00 9.600000e+01 2.264736e+00
     vertex  1.036987e+01 9.600000e+01 2.727280e+00
     vertex  1.036987e+01 1.280000e+02 2.727280e+00
   endloop
 endfacet
 facet normal  -5.9204216770e-02 4.9830919264e-19 9.9824589191e-01
   outer loop
     vertex  1.036987e+01 9.600000e+01 2.727280e+00
     vertex  1.591435e+01 1.280000e+02 3.056113e+00
     vertex  1.036987e+01 1.280000e+02 2.727280e+00
   endloop
 endfacet
 facet normal  -5.9204216770e-02 0.0000000000e+00 9.9824589191e-01
   outer loop
     vertex  1.036987e+01 9.600000e+01 2.727280e+00
     vertex  1.591435e+01 9.600000e+01 3.056113e+00
     vertex  1.591435e+01 1.280000e+02 3.056113e+00
   endloop
 endfacet
 facet normal  -2.0547311627e-02 -1.4770166753e-19 9.9978888171e-01
   outer loop
     vertex  1.591435e+01 9.600000e+01 3.056113e+00
     vertex  2.283686e+01 1.280000e+02 3.198382e+00
     vertex  1.591435e+01 1.280000e+02 3.056113e+00
   endloop
 endfacet
 facet normal  -2.0547311627e-02 0.0000000000e+00 9.9978888171e-01
   outer loop
     vertex  1.591435e+01 9.600000e+01 3.056113e+00
     vertex  2.283686e+01 9.600000e+01 3.198382e+00
     vertex  2.283686e+01 1.280000e+02 3.198382e+00
   endloop
 endfacet
 facet normal  9.8065175776e-03 1.6706050010e-19 9.9995191495e-01
   outer loop
     vertex  2.283686e+01 9.600000e+01 3.198382e+00
     vertex  3.092914e+01 1.280000e+02 3.119021e+00
     vertex  2.283686e+01 1.280000e+02 3.198382e+00
   endloop
 endfacet
 facet normal  9.8065175776e-03 -0.0000000000e+00 9.9995191495e-01
   outer loop
     vertex  2.283686e+01 9.600000e+01 3.198382e+00
     vertex  3.092914e+01 9.600000e+01 3.119021e+00
     vertex  3.092914e+01 1.280000e+02 3.119021e+00
   endloop
 endfacet
 facet normal  3.3019444726e-02 -4.6010186496e-19 9.9945470946e-01
   outer loop
     vertex  3.092914e+01 9.600000e+01 3.119021e+00
     vertex  3.970000e+01 1.280000e+02 2.829254e+00
     vertex  3.092914e+01 1.280000e+02 3.119021e+00
   endloop
 endfacet
 facet normal  3.3019444726e-02 -0.0000000000e+00 9.9945470946e-01
   outer loop
     vertex  3.092914e+01 9.600000e+01 3.119021e+00
     vertex  3.970000e+01 9.600000e+01 2.829254e+00
     vertex  3.970000e+01 1.280000e+02 2.829254e+00
   endloop
 endfacet
 facet normal  5.0047428966e-02 9.7313470260e-19 9.9874684222e-01
   outer loop
     vertex  3.970000e+01 9.600000e+01 2.829254e+00
     vertex  4.846471e+01 9.600000e+01 2.390052e+00
     vertex  3.970000e+01 1.280000e+02 2.829254e+00
   endloop
 endfacet
 facet normal  5.0047428966e-02 -1.0852306242e-17 9.9874684222e-01
   outer loop
     vertex  3.970000e+01 1.280000e+02 2.829254e+00
     vertex  4.846471e+01 9.600000e+01 2.390052e+00
     vertex  4.846471e+01 1.280000e+02 2.390052e+00
   endloop
 endfacet
 facet normal  6.2275339092e-02 -1.2684643859e-17 9.9805900734e-01
   outer loop
     vertex  4.846471e+01 9.600000e+01 2.390052e+00
     vertex  5.654186e+01 9.600000e+01 1.886067e+00
     vertex  4.846471e+01 1.280000e+02 2.390052e+00
   endloop
 endfacet
 facet normal  6.2275339092e-02 -0.0000000000e+00 9.9805900734e-01
   outer loop
     vertex  4.846471e+01 1.280000e+02 2.390052e+00
     vertex  5.654186e+01 9.600000e+01 1.886067e+00
     vertex  5.654186e+01 1.280000e+02 1.886067e+00
   endloop
 endfacet
 facet normal  7.1196435771e-02 8.9644567545e-19 9.9746231384e-01
   outer loop
     vertex  5.654186e+01 9.600000e+01 1.886067e+00
     vertex  6.344858e+01 9.600000e+01 1.393082e+00
     vertex  5.654186e+01 1.280000e+02 1.886067e+00
   endloop
 endfacet
 facet normal  7.1196435771e-02 -0.0000000000e+00 9.9746231384e-01
   outer loop
     vertex  5.654186e+01 1.280000e+02 1.886067e+00
     vertex  6.344858e+01 9.600000e+01 1.393082e+00
     vertex  6.344858e+01 1.280000e+02 1.393082e+00
   endloop
 endfacet
 facet normal  7.7923127975e-02 7.9506516547e-19 9.9695937035e-01
   outer loop
     vertex  6.344858e+01 9.600000e+01 1.393082e+00
     vertex  6.898632e+01 9.600000e+01 9.602478e-01
     vertex  6.344858e+01 1.280000e+02 1.393082e+00
   endloop
 endfacet
 facet normal  7.7923127975e-02 -3.3778297350e-18 9.9695937035e-01
   outer loop
     vertex  6.344858e+01 1.280000e+02 1.393082e+00
     vertex  6.898632e+01 9.600000e+01 9.602478e-01
     vertex  6.898632e+01 1.280000e+02 9.602478e-01
   endloop
 endfacet
 facet normal  8.3090167181e-02 -4.0431561489e-18 9.9654203329e-01
   outer loop
     vertex  6.898632e+01 9.600000e+01 9.602478e-01
     vertex  7.320167e+01 9.600000e+01 6.087784e-01
     vertex  6.898632e+01 1.280000e+02 9.602478e-01
   endloop
 endfacet
 facet normal  8.3090167181e-02 -0.0000000000e+00 9.9654203329e-01
   outer loop
     vertex  6.898632e+01 1.280000e+02 9.602478e-01
     vertex  7.320167e+01 9.600000e+01 6.087784e-01
     vertex  7.320167e+01 1.280000e+02 6.087784e-01
   endloop
 endfacet
 facet normal  8.7069096326e-02 1.6985699294e-19 9.9620227487e-01
   outer loop
     vertex  7.320167e+01 9.600000e+01 6.087784e-01
     vertex  7.628524e+01 9.600000e+01 3.392714e-01
     vertex  7.320167e+01 1.280000e+02 6.087784e-01
   endloop
 endfacet
 facet normal  8.7069096326e-02 -0.0000000000e+00 9.9620227487e-01
   outer loop
     vertex  7.320167e+01 1.280000e+02 6.087784e-01
     vertex  7.628524e+01 9.600000e+01 3.392714e-01
     vertex  7.628524e+01 1.280000e+02 3.392714e-01
   endloop
 endfacet
 facet normal  9.0062378798e-02 -1.6326285693e-19 9.9593612643e-01
   outer loop
     vertex  7.628524e+01 9.600000e+01 3.392714e-01
     vertex  7.847587e+01 9.600000e+01 1.411733e-01
     vertex  7.628524e+01 1.280000e+02 3.392714e-01
   endloop
 endfacet
 facet normal  9.0062378798e-02 -0.0000000000e+00 9.9593612643e-01
   outer loop
     vertex  7.628524e+01 1.280000e+02 3.392714e-01
     vertex  7.847587e+01 9.600000e+01 1.411733e-01
     vertex  7.847587e+01 1.280000e+02 1.411733e-01
   endloop
 endfacet
 facet normal  9.2230450802e-02 2.5576475031e-19 9.9573768832e-01
   outer loop
     vertex  7.847587e+01 9.600000e+01 1.411733e-01
     vertex  8.000000e+01 9.600000e+01 0.000000e+00
     vertex  7.847587e+01 1.280000e+02 1.411733e-01
   endloop
 endfacet
 facet normal  9.2230450802e-02 -0.0000000000e+00 9.9573768832e-01
   outer loop
     vertex  7.847587e+01 1.280000e+02 1.411733e-01
     vertex  8.000000e+01 9.600000e+01 0.000000e+00
     vertex  8.000000e+01 1.280000e+02 0.000000e+00
   endloop
 endfacet
 facet normal  9.2230450802e-02 1.8710750417e-19 -9.9573768832e-01
   outer loop
     vertex  8.000000e+01 1.280000e+02 0.000000e+00
     vertex  7.847587e+01 1.600000e+02 -1.411733e-01
     vertex  8.000000e+01 1.600000e+02 0.000000e+00
   endloop
 endfacet
 facet normal  9.2230450802e-02 0.0000000000e+00 -9.9573768832e-01
   outer loop
     vertex  8.000000e+01 1.280000e+02 0.000000e+00
     vertex  7.847587e+01 1.280000e+02 -1.411733e-01
     vertex  7.847587e+01 1.600000e+02 -1.411733e-01
   endloop
 endfacet
 facet normal  9.0062378798e-02 -1.6988984599e-19 -9.9593612643e-01
   outer loop
     vertex  7.847587e+01 1.280000e+02 -1.411733e-01
     vertex  7.628524e+01 1.600000e+02 -3.392714e-01
     vertex  7.847587e+01 1.600000e+02 -1.411733e-01
   endloop
 endfacet
 facet normal  9.0062378798e-02 0.0000000000e+00 -9.9593612643e-01
   outer loop
     vertex  7.847587e+01 1.280000e+02 -1.411733e-01
     vertex  7.628524e+01 1.280000e+02 -3.392714e-01
     vertex  7.628524e+01 1.600000e+02 -3.392714e-01
   endloop
 endfacet
 facet normal  8.7069096326e-02 -2.3886591223e-20 -9.9620227487e-01
   outer loop
     vertex  7.628524e+01 1.280000e+02 -3.392714e-01
     vertex  7.320167e+01 1.600000e+02 -6.087784e-01
     vertex  7.628524e+01 1.600000e+02 -3.392714e-01
   endloop
 endfacet
 facet normal  8.7069096326e-02 0.0000000000e+00 -9.9620227487e-01
   outer loop
     vertex  7.628524e+01 1.280000e+02 -3.392714e-01
     vertex  7.320167e+01 1.280000e+02 -6.087784e-01
     vertex  7.320167e+01 1.600000e+02 -6.087784e-01
   endloop
 endfacet
 facet normal  8.3090167181e-02 7.3662440909e-19 -9.9654203329e-01
   outer loop
     vertex  7.320167e+01 1.280000e+02 -6.087784e-01
     vertex  6.898632e+01 1.600000e+02 -9.602478e-01
     vertex  7.320167e+01 1.600000e+02 -6.087784e-01
   endloop
 endfacet
 facet normal  8.3090167181e-02 0.0000000000e+00 -9.9654203329e-01
   outer loop
     vertex  7.320167e+01 1.280000e+02 -6.087784e-01
     vertex  6.898632e+01 1.280000e+02 -9.602478e-01
     vertex  6.898632e+01 1.600000e+02 -9.602478e-01
   endloop
 endfacet
 facet normal  7.7923127975e-02 8.0287385039e-19 -9.9695937035e-01
   outer loop
     vertex  6.898632e+01 1.280000e+02 -9.602478e-01
     vertex  6.344858e+01 1.600000e+02 -1.393082e+00
     vertex  6.898632e+01 1.600000e+02 -9.602478e-01
   endloop
 endfacet
 facet normal  7.7923127975e-02 0.0000000000e+00 -9.9695937035e-01
   outer loop
     vertex  6.898632e+01 1.280000e+02 -9.602478e-01
     vertex  6.344858e+01 1.280000e+02 -1.393082e+00
     vertex  6.344858e+01 1.600000e+02 -1.393082e+00
   endloop
 endfacet
 facet normal  7.1196435771e-02 -4.0813885657e-19 -9.9746231384e-01
   outer loop
     vertex  6.344858e+01 1.280000e+02 -1.393082e+00
     vertex  5.654186e+01 1.600000e+02 -1.886067e+00
     vertex  6.344858e+01 1.600000e+02 -1.393082e+00
   endloop
 endfacet
 facet normal  7.1196435771e-02 0.0000000000e+00 -9.9746231384e-01
   outer loop
     vertex  6.344858e+01 1.280000e+02 -1.393082e+00
     vertex  5.654186e+01 1.280000e+02 -1.886067e+00
     vertex  5.654186e+01 1.600000e+02 -1.886067e+00
   endloop
 endfacet
 facet normal  6.2275339092e-02 1.2116990579e-18 -9.9805900734e-01
   outer loop
     vertex  5.654186e+01 1.280000e+02 -1.886067e+00
     vertex  4.846471e+01 1.600000e+02 -2.390052e+00
     vertex  5.654186e+01 1.600000e+02 -1.886067e+00
   endloop
 endfacet
 facet normal  6.2275339092e-02 0.0000000000e+00 -9.9805900734e-01
   outer loop
     vertex  5.654186e+01 1.280000e+02 -1.886067e+00
     vertex  4.846471e+01 1.280000e+02 -2.390052e+00
     vertex  4.846471e+01 1.600000e+02 -2.390052e+00
   endloop
 endfacet
 facet normal  5.0047428966e-02 -2.0083958379e-19 -9.9874684222e-01
   outer loop
     vertex  4.846471e+01 1.280000e+02 -2.390052e+00
     vertex  3.970000e+01 1.600000e+02 -2.829254e+00
     vertex  4.846471e+01 1.600000e+02 -2.390052e+00
   endloop
 endfacet
 facet normal  5.0047428966e-02 0.0000000000e+00 -9.9874684222e-01
   outer loop
     vertex  4.846471e+01 1.280000e+02 -2.390052e+00
     vertex  3.970000e+01 1.280000e+02 -2.829254e+00
     vertex  3.970000e+01 1.600000e+02 -2.829254e+00
   endloop
 endfacet
 facet normal  3.3019444726e-02 -3.2947975798e-19 -9.9945470946e-01
   outer loop
     vertex  3.970000e+01 1.280000e+02 -2.829254e+00
     vertex  3.092914e+01 1.280000e+02 -3.119021e+00
     vertex  3.970000e+01 1.600000e+02 -2.829254e+00
   endloop
 endfacet
 facet normal  3.3019444726e-02 0.0000000000e+00 -9.9945470946e-01
   outer loop
     vertex  3.970000e+01 1.600000e+02 -2.829254e+00
     vertex  3.092914e+01 1.280000e+02 -3.119021e+00
     vertex  3.092914e+01 1.600000e+02 -3.119021e+00
   endloop
 endfacet
 facet normal  9.8065175776e-03 -1.4076923359e-19 -9.9995191495e-01
   outer loop
     vertex  3.092914e+01 1.280000e+02 -3.119021e+00
     vertex  2.283686e+01 1.280000e+02 -3.198382e+00
     vertex  3.092914e+01 1.600000e+02 -3.119021e+00
   endloop
 endfacet
 facet normal  9.8065175776e-03 0.0000000000e+00 -9.9995191495e-01
   outer loop
     vertex  3.092914e+01 1.600000e+02 -3.119021e+00
     vertex  2.283686e+01 1.280000e+02 -3.198382e+00
     vertex  2.283686e+01 1.600000e+02 -3.198382e+00
   endloop
 endfacet
 facet normal  -2.0547311627e-02 1.5456856163e-19 -9.9978888171e-01
   outer loop
     vertex  2.283686e+01 1.280000e+02 -3.198382e+00
     vertex  1.591435e+01 1.280000e+02 -3.056113e+00
     vertex  2.283686e+01 1.600000e+02 -3.198382e+00
   endloop
 endfacet
 facet normal  -2.0547311627e-02 0.0000000000e+00 -9.9978888171e-01
   outer loop
     vertex  2.283686e+01 1.600000e+02 -3.198382e+00
     vertex  1.591435e+01 1.280000e+02 -3.056113e+00
     vertex  1.591435e+01 1.600000e+02 -3.056113e+00
   endloop
 endfacet
 facet normal  -5.9204216770e-02 -3.6258229426e-19 -9.9824589191e-01
   outer loop
     vertex  1.591435e+01 1.280000e+02 -3.056113e+00
     vertex  1.036987e+01 1.280000e+02 -2.727280e+00
     vertex  1.591435e+01 1.600000e+02 -3.056113e+00
   endloop
 endfacet
 facet normal  -5.9204216770e-02 0.0000000000e+00 -9.9824589191e-01
   outer loop
     vertex  1.591435e+01 1.600000e+02 -3.056113e+00
     vertex  1.036987e+01 1.280000e+02 -2.727280e+00
     vertex  1.036987e+01 1.600000e+02 -2.727280e+00
   endloop
 endfacet
 facet normal  -1.0936373154e-01 2.3623749907e-19 -9.9400179790e-01
   outer loop
     vertex  1.036987e+01 1.280000e+02 -2.727280e+00
     vertex  6.165834e+00 1.280000e+02 -2.264736e+00
     vertex  1.036987e+01 1.600000e+02 -2.727280e+00
   endloop
 endfacet
 facet normal  -1.0936373154e-01 0.0000000000e+00 -9.9400179790e-01
   outer loop
     vertex  1.036987e+01 1.600000e+02 -2.727280e+00
     vertex  6.165834e+00 1.280000e+02 -2.264736e+00
     vertex  6.165834e+00 1.600000e+02 -2.264736e+00
   endloop
 endfacet
 facet normal  -1.8086761588e-01 4.2161093665e-19 -9.8350745067e-01
   outer loop
     vertex  6.165834e+00 1.280000e+02 -2.264736e+00
     vertex  3.122584e+00 1.280000e+02 -1.705081e+00
     vertex  6.165834e+00 1.600000e+02 -2.264736e+00
   endloop
 endfacet
 facet normal  -1.8086761588e-01 0.0000000000e+00 -9.8350745067e-01
   outer loop
     vertex  6.165834e+00 1.600000e+02 -2.264736e+00
     vertex  3.122584e+00 1.280000e+02 -1.705081e+00
     vertex  3.122584e+00 1.600000e+02 -1.705081e+00
   endloop
 endfacet
 facet normal  -3.0805827929e-01 3.0831860444e-19 -9.5136748765e-01
   outer loop
     vertex  3.122584e+00 1.280000e+02 -1.705081e+00
     vertex  1.033255e+00 1.280000e+02 -1.028544e+00
     vertex  3.122584e+00 1.600000e+02 -1.705081e+00
   endloop
 endfacet
 facet normal  -3.0805827929e-01 0.0000000000e+00 -9.5136748765e-01
   outer loop
     vertex  3.122584e+00 1.600000e+02 -1.705081e+00
     vertex  1.033255e+00 1.280000e+02 -1.028544e+00
     vertex  1.033255e+00 1.600000e+02 -1.028544e+00
   endloop
 endfacet
 facet normal  -7.0548929631e-01 1.0795143091e-18 -7.0872057455e-01
   outer loop
     vertex  1.033255e+00 1.280000e+02 -1.028544e+00
     vertex  0.000000e+00 1.280000e+02 0.000000e+00
     vertex  1.033255e+00 1.600000e+02 -1.028544e+00
   endloop
 endfacet
 facet normal  -7.0548929631e-01 0.0000000000e+00 -7.0872057455e-01
   outer loop
     vertex  1.033255e+00 1.600000e+02 -1.028544e+00
     vertex  0.000000e+00 1.280000e+02 0.000000e+00
     vertex  0.000000e+00 1.600000e+02 0.000000e+00
   endloop
 endfacet
 facet normal  -7.0548929631e-01 1.6824251773e-18 7.0872057455e-01
   outer loop
     vertex  0.000000e+00 1.280000e+02 0.000000e+00
     vertex  1.033255e+00 1.600000e+02 1.028544e+00
     vertex  0.000000e+00 1.600000e+02 0.000000e+00
   endloop
 endfacet
 facet normal  -7.0548929631e-01 0.0000000000e+00 7.0872057455e-01
   outer loop
     vertex  0.000000e+00 1.280000e+02 0.000000e+00
     vertex  1.033255e+00 1.280000e+02 1.028544e+00
     vertex  1.033255e+00 1.600000e+02 1.028544e+00
   endloop
 endfacet
 facet normal  -3.0805827929e-01 8.9039655104e-19 9.5136748765e-01
   outer loop
     vertex  1.033255e+00 1.280000e+02 1.028544e+00
     vertex  3.122584e+00 1.600000e+02 1.705081e+00
     vertex  1.033255e+00 1.600000e+02 1.028544e+00
   endloop
 endfacet
 facet normal  -3.0805827929e-01 0.0000000000e+00 9.5136748765e-01
   outer loop
     vertex  1.033255e+00 1.280000e+02 1.028544e+00
     vertex  3.122584e+00 1.280000e+02 1.705081e+00
     vertex  3.122584e+00 1.600000e+02 1.705081e+00
   endloop
 endfacet
 facet normal  -1.8086761588e-01 -7.1293991859e-19 9.8350745067e-01
   outer loop
     vertex  3.122584e+00 1.280000e+02 1.705081e+00
     vertex  6.165834e+00 1.600000e+02 2.264736e+00
     vertex  3.122584e+00 1.600000e+02 1.705081e+00
   endloop
 endfacet
 facet normal  -1.8086761588e-01 0.0000000000e+00 9.8350745067e-01
   outer loop
     vertex  3.122584e+00 1.280000e+02 1.705081e+00
     vertex  6.165834e+00 1.280000e+02 2.264736e+00
     vertex  6.165834e+00 1.600000e+02 2.264736e+00
   endloop
 endfacet
 facet normal  -1.0936373154e-01 3.5261690567e-19 9.9400179790e-01
   outer loop
     vertex  6.165834e+00 1.280000e+02 2.264736e+00
     vertex  1.036987e+01 1.600000e+02 2.727280e+00
     vertex  6.165834e+00 1.600000e+02 2.264736e+00
   endloop
 endfacet
 facet normal  -1.0936373154e-01 0.0000000000e+00 9.9400179790e-01
   outer loop
     vertex  6.165834e+00 1.280000e+02 2.264736e+00
     vertex  1.036987e+01 1.280000e+02 2.727280e+00
     vertex  1.036987e+01 1.600000e+02 2.727280e+00
   endloop
 endfacet
 facet normal  -5.9204216770e-02 4.9830919264e-19 9.9824589191e-01
   outer loop
     vertex  1.036987e+01 1.280000e+02 2.727280e+00
     vertex  1.591435e+01 1.600000e+02 3.056113e+00
     vertex  1.036987e+01 1.600000e+02 2.727280e+00
   endloop
 endfacet
 facet normal  -5.9204216770e-02 0.0000000000e+00 9.9824589191e-01
   outer loop
     vertex  1.036987e+01 1.280000e+02 2.727280e+00
     vertex  1.591435e+01 1.280000e+02 3.056113e+00
     vertex  1.591435e+01 1.600000e+02 3.056113e+00
   endloop
 endfacet
 facet normal  -2.0547311627e-02 -1.4770166753e-19 9.9978888171e-01
   outer loop
     vertex  1.591435e+01 1.280000e+02 3.056113e+00
     vertex  2.283686e+01 1.600000e+02 3.198382e+00
     vertex  1.591435e+01 1.600000e+02 3.056113e+00
   endloop
 endfacet
 facet normal  -2.0547311627e-02 0.0000000000e+00 9.9978888171e-01
   outer loop
     vertex  1.591435e+01 1.280000e+02 3.056113e+00
     vertex  2.283686e+01 1.280000e+02 3.198382e+00
     vertex  2.283686e+01 1.600000e+02 3.198382e+00
   endloop
 endfacet
 facet normal  9.8065175776e-03 1.6706050010e-19 9.9995191495e-01
   outer loop
     vertex  2.283686e+01 1.280000e+02 3.198382e+00
     vertex  3.092914e+01 1.600000e+02 3.119021e+00
     vertex  2.283686e+01 1.600000e+02 3.198382e+00
   endloop
 endfacet
 facet normal  9.8065175776e-03 -0.0000000000e+00 9.9995191495e-01
   outer loop
     vertex  2.283686e+01 1.280000e+02 3.198382e+00
     vertex  3.092914e+01 1.280000e+02 3.119021e+00
     vertex  3.092914e+01 1.600000e+02 3.119021e+00
   endloop
 endfacet
 facet normal  3.3019444726e-02 -4.6010186496e-19 9.9945470946e-01
   outer loop
     vertex  3.092914e+01 1.280000e+02 3.119021e+00
     vertex  3.970000e+01 1.600000e+02 2.829254e+00
     vertex  3.092914e+01 1.600000e+02 3.119021e+00
   endloop
 endfacet
 facet normal  3.3019444726e-02 -0.0000000000e+00 9.9945470946e-01
   outer loop
     vertex  3.092914e+01 1.280000e+02 3.119021e+00
     vertex  3.970000e+01 1.280000e+02 2.829254e+00
     vertex  3.970000e+01 1.600000e+02 2.829254e+00
   endloop
 endfacet
 facet normal  5.0047428966e-02 -8.3040719657e-19 9.9874684222e-01
   outer loop
     vertex  3.970000e+01 1.280000e+02 2.829254e+00
     vertex  4.846471e+01 1.280000e+02 2.390052e+00
     vertex  3.970000e+01 1.600000e+02 2.829254e+00
   endloop
 endfacet
 facet normal  5.0047428966e-02 1.0852306242e-17 9.9874684222e-01
   outer loop
     vertex  3.970000e+01 1.600000e+02 2.829254e+00
     vertex  4.846471e+01 1.280000e+02 2.390052e+00
     vertex  4.846471e+01 1.600000e+02 2.390052e+00
   endloop
 endfacet
 facet normal  6.2275339092e-02 1.3902211216e-17 9.9805900734e-01
   outer loop
     vertex  4.846471e+01 1.280000e+02 2.390052e+00
     vertex  5.654186e+01 1.280000e+02 1.886067e+00
     vertex  4.846471e+01 1.600000e+02 2.390052e+00
   endloop
 endfacet
 facet normal  6.2275339092e-02 -0.0000000000e+00 9.9805900734e-01
   outer loop
     vertex  4.846471e+01 1.600000e+02 2.390052e+00
     vertex  5.654186e+01 1.280000e+02 1.886067e+00
     vertex  5.654186e+01 1.600000e+02 1.886067e+00
   endloop
 endfacet
 facet normal  7.1196435771e-02 8.9644567545e-19 9.9746231384e-01
   outer loop
     vertex  5.654186e+01 1.280000e+02 1.886067e+00
     vertex  6.344858e+01 1.280000e+02 1.393082e+00
     vertex  5.654186e+01 1.600000e+02 1.886067e+00
   endloop
 endfacet
 facet normal  7.1196435771e-02 -0.0000000000e+00 9.9746231384e-01
   outer loop
     vertex  5.654186e+01 1.600000e+02 1.886067e+00
     vertex  6.344858e+01 1.280000e+02 1.393082e+00
     vertex  6.344858e+01 1.600000e+02 1.393082e+00
   endloop
 endfacet
 facet normal  7.7923127975e-02 -5.9245706921e-19 9.9695937035e-01
   outer loop
     vertex  6.344858e+01 1.280000e+02 1.393082e+00
     vertex  6.898632e+01 1.280000e+02 9.602478e-01
     vertex  6.344858e+01 1.600000e+02 1.393082e+00
   endloop
 endfacet
 facet normal  7.7923127975e-02 -0.0000000000e+00 9.9695937035e-01
   outer loop
     vertex  6.344858e+01 1.600000e+02 1.393082e+00
     vertex  6.898632e+01 1.280000e+02 9.602478e-01
     vertex  6.898632e+01 1.600000e+02 9.602478e-01
   endloop
 endfacet
 facet normal  8.3090167181e-02 6.5009355610e-19 9.9654203329e-01
   outer loop
     vertex  6.898632e+01 1.280000e+02 9.602478e-01
     vertex  7.320167e+01 1.280000e+02 6.087784e-01
     vertex  6.898632e+01 1.600000e+02 9.602478e-01
   endloop
 endfacet
 facet normal  8.3090167181e-02 -0.0000000000e+00 9.9654203329e-01
   outer loop
     vertex  6.898632e+01 1.600000e+02 9.602478e-01
     vertex  7.320167e+01 1.280000e+02 6.087784e-01
     vertex  7.320167e+01 1.600000e+02 6.087784e-01
   endloop
 endfacet
 facet normal  8.7069096326e-02 1.6985699294e-19 9.9620227487e-01
   outer loop
     vertex  7.320167e+01 1.280000e+02 6.087784e-01
     vertex  7.628524e+01 1.280000e+02 3.392714e-01
     vertex  7.320167e+01 1.600000e+02 6.087784e-01
   endloop
 endfacet
 facet normal  8.7069096326e-02 -0.0000000000e+00 9.9620227487e-01
   outer loop
     vertex  7.320167e+01 1.600000e+02 6.087784e-01
     vertex  7.628524e+01 1.280000e+02 3.392714e-01
     vertex  7.628524e+01 1.600000e+02 3.392714e-01
   endloop
 endfacet
 facet normal  9.0062378798e-02 -1.6326285693e-19 9.9593612643e-01
   outer loop
     vertex  7.628524e+01 1.280000e+02 3.392714e-01
     vertex  7.847587e+01 1.280000e+02 1.411733e-01
     vertex  7.628524e+01 1.600000e+02 3.392714e-01
   endloop
 endfacet
 facet normal  9.0062378798e-02 -0.0000000000e+00 9.9593612643e-01
   outer loop
     vertex  7.628524e+01 1.600000e+02 3.392714e-01
     vertex  7.847587e+01 1.280000e+02 1.411733e-01
     vertex  7.847587e+01 1.600000e+02 1.411733e-01
   endloop
 endfacet
 facet normal  9.2230450802e-02 2.5576475031e-19 9.9573768832e-01
   outer loop
     vertex  7.847587e+01 1.280000e+02 1.411733e-01
     vertex  8.000000e+01 1.280000e+02 0.000000e+00
     vertex  7.847587e+01 1.600000e+02 1.411733e-01
   endloop
 endfacet
 facet normal  9.2230450802e-02 -0.0000000000e+00 9.9573768832e-01
   outer loop
     vertex  7.847587e+01 1.600000e+02 1.411733e-01
     vertex  8.000000e+01 1.280000e+02 0.000000e+00
     vertex  8.000000e+01 1.600000e+02 0.000000e+00
   endloop
 endfacet
 facet normal  1.8210711919e-14 1.0000000000e+00 -3.5803415811e-26
   outer loop
     vertex  8.000000e+01 1.600000e+02 0.000000e+00
     vertex  7.847587e+01 1.600000e+02 -1.411733e-01
     vertex  7.847587e+01 1.600000e+02 -7.058667e-02
   endloop
 endfacet
 facet normal  -1.2670156723e-14 1.0000000000e+00 2.4910332532e-26
   outer loop
     vertex  7.847587e+01 1.600000e+02 -1.411733e-01
     vertex  7.628524e+01 1.600000e+02 -1.696357e-01
     vertex  7.847587e+01 1.600000e+02 -7.058667e-02
   endloop
 endfacet
 facet normal  -1.2670156723e-14 1.0000000000e+00 1.4511524222e-26
   outer loop
     vertex  7.847587e+01 1.600000e+02 -1.411733e-01
     vertex  7.628524e+01 1.600000e+02 -3.392714e-01
     vertex  7.628524e+01 1.600000e+02 -1.696357e-01
   endloop
 endfacet
 facet normal  -0.0000000000e+00 1.0000000000e+00 0.0000000000e+00
   outer loop
     vertex  7.628524e+01 1.600000e+02 -3.392714e-01
     vertex  7.320167e+01 1.600000e+02 -3.043892e-01
     vertex  7.628524e+01 1.600000e+02 -1.696357e-01
   endloop
 endfacet
 facet normal  0.0000000000e+00 1.0000000000e+00 0.0000000000e+00
   outer loop
     vertex  7.628524e+01 1.600000e+02 -3.392714e-01
     vertex  7.320167e+01 1.600000e+02 -6.087784e-01
     vertex  7.320167e+01 1.600000e+02 -3.043892e-01
   endloop
 endfacet
 facet normal  -0.0000000000e+00 1.0000000000e+00 0.0000000000e+00
   outer loop
     vertex  7.320167e+01 1.600000e+02 -6.087784e-01
     vertex  6.898632e+01 1.600000e+02 -4.801239e-01
     vertex  7.320167e+01 1.600000e+02 -3.043892e-01
   endloop
 endfacet
 facet normal  0.0000000000e+00 1.0000000000e+00 0.0000000000e+00
   outer loop
     vertex  7.320167e+01 1.600000e+02 -6.087784e-01
     vertex  6.898632e+01 1.600000e+02 -9.602478e-01
     vertex  6.898632e+01 1.600000e+02 -4.801239e-01
   endloop
 endfacet
 facet normal  -0.0000000000e+00 1.0000000000e+00 0.0000000000e+00
   outer loop
     vertex  6.898632e+01 1.600000e+02 -9.602478e-01
     vertex  6.344858e+01 1.600000e+02 -6.965411e-01
     vertex  6.898632e+01 1.600000e+02 -4.801239e-01
   endloop
 endfacet
 facet normal  0.0000000000e+00 1.0000000000e+00 0.0000000000e+00
   outer loop
     vertex  6.898632e+01 1.600000e+02 -9.602478e-01
     vertex  6.344858e+01 1.600000e+02 -1.393082e+00
     vertex  6.344858e+01 1.600000e+02 -6.965411e-01
   endloop
 endfacet
 facet normal  -0.0000000000e+00 1.0000000000e+00 0.0000000000e+00
   outer loop
     vertex  6.344858e+01 1.600000e+02 -1.393082e+00
     vertex  5.654186e+01 1.600000e+02 -9.430336e-01
     vertex  6.344858e+01 1.600000e+02 -6.965411e-01
   endloop
 endfacet
 facet normal  0.0000000000e+00 1.0000000000e+00 0.0000000000e+00
   outer loop
     vertex  6.344858e+01 1.600000e+02 -1.393082e+00
     vertex  5.654186e+01 1.600000e+02 -1.886067e+00
     vertex  5.654186e+01 1.600000e+02 -9.430336e-01
   endloop
 endfacet
 facet normal  -0.0000000000e+00 1.0000000000e+00 0.0000000000e+00
   outer loop
     vertex  5.654186e+01 1.600000e+02 -1.886067e+00
     vertex  4.846471e+01 1.600000e+02 -1.195026e+00
     vertex  5.654186e+01 1.600000e+02 -9.430336e-01
   endloop
 endfacet
 facet normal  0.0000000000e+00 1.0000000000e+00 0.0000000000e+00
   outer loop
     vertex  5.654186e+01 1.600000e+02 -1.886067e+00
     vertex  4.846471e+01 1.600000e+02 -2.390052e+00
     vertex  4.846471e+01 1.600000e+02 -1.195026e+00
   endloop
 endfacet
 facet normal  -0.0000000000e+00 1.0000000000e+00 0.0000000000e+00
   outer loop
     vertex  4.846471e+01 1.600000e+02 -2.390052e+00
     vertex  3.970000e+01 1.600000e+02 -1.414627e+00
     vertex  4.846471e+01 1.600000e+02 -1.195026e+00
   endloop
 endfacet
 facet normal  0.0000000000e+00 1.0000000000e+00 0.0000000000e+00
   outer loop
     vertex  4.846471e+01 1.600000e+02 -2.390052e+00
     vertex  3.970000e+01 1.600000e+02 -2.829254e+00
     vertex  3.970000e+01 1.600000e+02 -1.414627e+00
   endloop
 endfacet
 facet normal  0.0000000000e+00 1.0000000000e+00 0.0000000000e+00
   outer loop
     vertex  3.970000e+01 1.600000e+02 -2.829254e+00
     vertex  3.092914e+01 1.600000e+02 -3.119021e+00
     vertex  3.970000e+01 1.600000e+02 -1.414627e+00
   endloop
 endfacet
 facet normal  0.0000000000e+00 1.0000000000e+00 0.0000000000e+00
   outer loop
     vertex  3.970000e+01 1.600000e+02 -1.414627e+00
     vertex  3.092914e+01 1.600000e+02 -3.119021e+00
     vertex  3.092914e+01 1.600000e+02 -1.559511e+00
   endloop
 endfacet
 facet normal  0.0000000000e+00 1.0000000000e+00 0.0000000000e+00
   outer loop
     vertex  3.092914e+01 1.600000e+02 -3.119021e+00
     vertex  2.283686e+01 1.600000e+02 -3.198382e+00
     vertex  3.092914e+01 1.600000e+02 -1.559511e+00
   endloop
 endfacet
 facet normal  0.0000000000e+00 1.0000000000e+00 0.0000000000e+00
   outer loop
     vertex  3.092914e+01 1.600000e+02 -1.559511e+00
     vertex  2.283686e+01 1.600000e+02 -3.198382e+00
     vertex  2.283686e+01 1.600000e+02 -1.599191e+00
   endloop
 endfacet
 facet normal  -0.0000000000e+00 1.0000000000e+00 0.0000000000e+00
   outer loop
     vertex  2.283686e+01 1.600000e+02 -3.198382e+00
     vertex  1.591435e+01 1.600000e+02 -3.056113e+00
     vertex  2.283686e+01 1.600000e+02 -1.599191e+00
   endloop
 endfacet
 facet normal  0.0000000000e+00 1.0000000000e+00 0.0000000000e+00
   outer loop
     vertex  2.283686e+01 1.600000e+02 -1.599191e+00
     vertex  1.591435e+01 1.600000e+02 -3.056113e+00
     vertex  1.591435e+01 1.600000e+02 -1.528056e+00
   endloop
 endfacet
 facet normal  -0.0000000000e+00 1.0000000000e+00 0.0000000000e+00
   outer loop
     vertex  1.591435e+01 1.600000e+02 -3.056113e+00
     vertex  1.036987e+01 1.600000e+02 -2.727280e+00
     vertex  1.591435e+01 1.600000e+02 -1.528056e+00
   endloop
 endfacet
 facet normal  0.0000000000e+00 1.0000000000e+00 -0.0000000000e+00
   outer loop
     vertex  1.591435e+01 1.600000e+02 -1.528056e+00
     vertex  1.036987e+01 1.600000e+02 -2.727280e+00
     vertex  1.036987e+01 1.600000e+02 -1.363640e+00
   endloop
 endfacet
 facet normal  -0.0000000000e+00 1.0000000000e+00 0.0000000000e+00
   outer loop
     vertex  1.036987e+01 1.600000e+02 -2.727280e+00
     vertex  6.165834e+00 1.600000e+02 -2.264736e+00
     vertex  1.036987e+01 1.600000e+02 -1.363640e+00
   endloop
 endfacet
 facet normal  0.0000000000e+00 1.0000000000e+00 0.0000000000e+00
   outer loop
     vertex  1.036987e+01 1.600000e+02 -1.363640e+00
     vertex  6.165834e+00 1.600000e+02 -2.264736e+00
     vertex  6.165834e+00 1.600000e+02 -1.132368e+00
   endloop
 endfacet
 facet normal  -0.0000000000e+00 1.0000000000e+00 0.0000000000e+00
   outer loop
     vertex  6.165834e+00 1.600000e+02 -2.264736e+00
     vertex  3.122584e+00 1.600000e+02 -1.705081e+00
     vertex  6.165834e+00 1.600000e+02 -1.132368e+00
   endloop
 endfacet
 facet normal  0.0000000000e+00 1.0000000000e+00 0.0000000000e+00
   outer loop
     vertex  6.165834e+00 1.600000e+02 -1.132368e+00
     vertex  3.122584e+00 1.600000e+02 -1.705081e+00
     vertex  3.122584e+00 1.600000e+02 -8.525403e-01
   endloop
 endfacet
 facet normal  -0.0000000000e+00 1.0000000000e+00 0.0000000000e+00
   outer loop
     vertex  3.122584e+00 1.600000e+02 -1.705081e+00
     vertex  1.033255e+00 1.600000e+02 -1.028544e+00
     vertex  3.122584e+00 1.600000e+02 -8.525403e-01
   endloop
 endfacet
 facet normal  0.0000000000e+00 1.0000000000e+00 -0.0000000000e+00
   outer loop
     vertex  3.122584e+00 1.600000e+02 -8.525403e-01
     vertex  1.033255e+00 1.600000e+02 -1.028544e+00
     vertex  1.033255e+00 1.600000e+02 -5.142719e-01
   endloop
 endfacet
 facet normal  0.0000000000e+00 1.0000000000e+00 0.0000000000e+00
   outer loop
     vertex  1.033255e+00 1.600000e+02 -1.028544e+00
     vertex  0.000000e+00 1.600000e+02 0.000000e+00
     vertex  1.033255e+00 1.600000e+02 -5.142719e-01
   endloop
 endfacet
 facet normal  0.0000000000e+00 1.0000000000e+00 0.0000000000e+00
   outer loop
     vertex  0.000000e+00 1.600000e+02 0.000000e+00
     vertex  1.033255e+00 1.600000e+02 1.028544e+00
     vertex  1.033255e+00 1.600000e+02 5.142719e-01
   endloop
 endfacet
 facet normal  0.0000000000e+00 1.0000000000e+00 0.0000000000e+00
   outer loop
     vertex  1.033255e+00 1.600000e+02 1.028544e+00
     vertex  3.122584e+00 1.600000e+02 8.525403e-01
     vertex  1.033255e+00 1.600000e+02 5.142719e-01
   endloop
 endfacet
 facet normal  0.0000000000e+00 1.0000000000e+00 0.0000000000e+00
   outer loop
     vertex  1.033255e+00 1.600000e+02 1.028544e+00
     vertex  3.122584e+00 1.600000e+02 1.705081e+00
     vertex  3.122584e+00 1.600000e+02 8.525403e-01
   endloop
 endfacet
 facet normal  0.0000000000e+00 1.0000000000e+00 0.0000000000e+00
   outer loop
     vertex  3.122584e+00 1.600000e+02 1.705081e+00
     vertex  6.165834e+00 1.600000e+02 1.132368e+00
     vertex  3.122584e+00 1.600000e+02 8.525403e-01
   endloop
 endfacet
 facet normal  0.0000000000e+00 1.0000000000e+00 0.0000000000e+00
   outer loop
     vertex  3.122584e+00 1.600000e+02 1.705081e+00
     vertex  6.165834e+00 1.600000e+02 2.264736e+00
     vertex  6.165834e+00 1.600000e+02 1.132368e+00
   endloop
 endfacet
 facet normal  0.0000000000e+00 1.0000000000e+00 0.0000000000e+00
   outer loop
     vertex  6.165834e+00 1.600000e+02 2.264736e+00
     vertex  1.036987e+01 1.600000e+02 1.363640e+00
     vertex  6.165834e+00 1.600000e+02 1.132368e+00
   endloop
 endfacet
 facet normal  0.0000000000e+00 1.0000000000e+00 0.0000000000e+00
   outer loop
     vertex  6.165834e+00 1.600000e+02 2.264736e+00
     vertex  1.036987e+01 1.600000e+02 2.727280e+00
     vertex  1.036987e+01 1.600000e+02 1.363640e+00
   endloop
 endfacet
 facet normal  0.0000000000e+00 1.0000000000e+00 0.0000000000e+00
   outer loop
     vertex  1.036987e+01 1.600000e+02 2.727280e+00
     vertex  1.591435e+01 1.600000e+02 1.528056e+00
     vertex  1.036987e+01 1.600000e+02 1.363640e+00
   endloop
 endfacet
 facet normal  0.0000000000e+00 1.0000000000e+00 0.0000000000e+00
   outer loop
     vertex  1.036987e+01 1.600000e+02 2.727280e+00
     vertex  1.591435e+01 1.600000e+02 3.056113e+00
     vertex  1.591435e+01 1.600000e+02 1.528056e+00
   endloop
 endfacet
 facet normal  0.0000000000e+00 1.0000000000e+00 0.0000000000e+00
   outer loop
     vertex  1.591435e+01 1.600000e+02 3.056113e+00
     vertex  2.283686e+01 1.600000e+02 1.599191e+00
     vertex  1.591435e+01 1.600000e+02 1.528056e+00
   endloop
 endfacet
 facet normal  0.0000000000e+00 1.0000000000e+00 0.0000000000e+00
   outer loop
     vertex  1.591435e+01 1.600000e+02 3.056113e+00
     vertex  2.283686e+01 1.600000e+02 3.198382e+00
     vertex  2.283686e+01 1.600000e+02 1.599191e+00
   endloop
 endfacet
 facet normal  0.0000000000e+00 1.0000000000e+00 0.0000000000e+00
   outer loop
     vertex  2.283686e+01 1.600000e+02 3.198382e+00
     vertex  3.092914e+01 1.600000e+02 1.559511e+00
     vertex  2.283686e+01 1.600000e+02 1.599191e+00
   endloop
 endfacet
 facet normal  0.0000000000e+00 1.0000000000e+00 0.0000000000e+00
   outer loop
     vertex  2.283686e+01 1.600000e+02 3.198382e+00
     vertex  3.092914e+01 1.600000e+02 3.119021e+00
     vertex  3.092914e+01 1.600000e+02 1.559511e+00
   endloop
 endfacet
 facet normal  0.0000000000e+00 1.0000000000e+00 0.0000000000e+00
   outer loop
     vertex  3.092914e+01 1.600000e+02 3.119021e+00
     vertex  3.970000e+01 1.600000e+02 1.414627e+00
     vertex  3.092914e+01 1.600000e+02 1.559511e+00
   endloop
 endfacet
 facet normal  0.0000000000e+00 1.0000000000e+00 0.0000000000e+00
   outer loop
     vertex  3.092914e+01 1.600000e+02 3.119021e+00
     vertex  3.970000e+01 1.600000e+02 2.829254e+00
     vertex  3.970000e+01 1.600000e+02 1.414627e+00
   endloop
 endfacet
 facet normal  -3.1667407992e-15 1.0000000000e+00 1.5533196136e-29
   outer loop
     vertex  3.970000e+01 1.600000e+02 2.829254e+00
     vertex  4.846471e+01 1.600000e+02 2.390052e+00
     vertex  3.970000e+01 1.600000e+02 1.414627e+00
   endloop
 endfacet
 facet normal  -3.1667407992e-15 1.0000000000e+00 1.8387613745e-29
   outer loop
     vertex  3.970000e+01 1.600000e+02 1.414627e+00
     vertex  4.846471e+01 1.600000e+02 2.390052e+00
     vertex  4.846471e+01 1.600000e+02 1.195026e+00
   endloop
 endfacet
 facet normal  3.4363112068e-15 1.0000000000e+00 -1.9952868638e-29
   outer loop
     vertex  4.846471e+01 1.600000e+02 2.390052e+00
     vertex  5.654186e+01 1.600000e+02 1.886067e+00
     vertex  4.846471e+01 1.600000e+02 1.195026e+00
   endloop
 endfacet
 facet normal  3.4363112068e-15 1.0000000000e+00 -7.5853710048e-29
   outer loop
     vertex  4.846471e+01 1.600000e+02 1.195026e+00
     vertex  5.654186e+01 1.600000e+02 1.886067e+00
     vertex  5.654186e+01 1.600000e+02 9.430336e-01
   endloop
 endfacet
 facet normal  0.0000000000e+00 1.0000000000e+00 0.0000000000e+00
   outer loop
     vertex  5.654186e+01 1.600000e+02 1.886067e+00
     vertex  6.344858e+01 1.600000e+02 1.393082e+00
     vertex  5.654186e+01 1.600000e+02 9.430336e-01
   endloop
 endfacet
 facet normal  0.0000000000e+00 1.0000000000e+00 0.0000000000e+00
   outer loop
     vertex  5.654186e+01 1.600000e+02 9.430336e-01
     vertex  6.344858e+01 1.600000e+02 1.393082e+00
     vertex  6.344858e+01 1.600000e+02 6.965411e-01
   endloop
 endfacet
 facet normal  0.0000000000e+00 1.0000000000e+00 0.0000000000e+00
   outer loop
     vertex  6.344858e+01 1.600000e+02 1.393082e+00
     vertex  6.898632e+01 1.600000e+02 9.602478e-01
     vertex  6.344858e+01 1.600000e+02 6.965411e-01
   endloop
 endfacet
 facet normal  0.0000000000e+00 1.0000000000e+00 0.0000000000e+00
   outer loop
     vertex  6.344858e+01 1.600000e+02 6.965411e-01
     vertex  6.898632e+01 1.600000e+02 9.602478e-01
     vertex  6.898632e+01 1.600000e+02 4.801239e-01
   endloop
 endfacet
 facet normal  0.0000000000e+00 1.0000000000e+00 0.0000000000e+00
   outer loop
     vertex  6.898632e+01 1.600000e+02 9.602478e-01
     vertex  7.320167e+01 1.600000e+02 6.087784e-01
     vertex  6.898632e+01 1.600000e+02 4.801239e-01
   endloop
 endfacet
 facet normal  0.0000000000e+00 1.0000000000e+00 0.0000000000e+00
   outer loop
     vertex  6.898632e+01 1.600000e+02 4.801239e-01
     vertex  7.320167e+01 1.600000e+02 6.087784e-01
     vertex  7.320167e+01 1.600000e+02 3.043892e-01
   endloop
 endfacet
 facet normal  0.0000000000e+00 1.0000000000e+00 0.0000000000e+00
   outer loop
     vertex  7.320167e+01 1.600000e+02 6.087784e-01
     vertex  7.628524e+01 1.600000e+02 3.392714e-01
     vertex  7.320167e+01 1.600000e+02 3.043892e-01
   endloop
 endfacet
 facet normal  0.0000000000e+00 1.0000000000e+00 0.0000000000e+00
   outer loop
     vertex  7.320167e+01 1.600000e+02 3.043892e-01
     vertex  7.628524e+01 1.600000e+02 3.392714e-01
     vertex  7.628524e+01 1.600000e+02 1.696357e-01
   endloop
 endfacet
 facet normal  0.0000000000e+00 1.0000000000e+00 0.0000000000e+00
   outer loop
     vertex  7.628524e+01 1.600000e+02 3.392714e-01
     vertex  7.847587e+01 1.600000e+02 1.411733e-01
     vertex  7.628524e+01 1.600000e+02 1.696357e-01
   endloop
 endfacet
 facet normal  0.0000000000e+00 1.0000000000e+00 0.0000000000e+00
   outer loop
     vertex  7.628524e+01 1.600000e+02 1.696357e-01
     vertex  7.847587e+01 1.600000e+02 1.411733e-01
     vertex  7.847587e+01 1.600000e+02 7.058667e-02
   endloop
 endfacet
 facet normal  0.0000000000e+00 1.0000000000e+00 0.0000000000e+00
   outer loop
     vertex  7.847587e+01 1.600000e+02 1.411733e-01
     vertex  8.000000e+01 1.600000e+02 0.000000e+00
     vertex  7.847587e+01 1.600000e+02 7.058667e-02
   endloop
 endfacet
 facet normal  1.8210711919e-14 1.0000000000e+00 -3.5803415811e-26
   outer loop
     vertex  8.000000e+01 1.600000e+02 0.000000e+00
     vertex  7.847587e+01 1.600000e+02 -7.058667e-02
     vertex  7.847587e+01 1.600000e+02 -1.865347e-15
   endloop
 endfacet
 facet normal  -1.2670156723e-14 1.0000000000e+00 2.4910332532e-26
   outer loop
     vertex  7.847587e+01 1.600000e+02 -7.058667e-02
     vertex  7.628524e+01 1.600000e+02 -2.922025e-15
     vertex  7.847587e+01 1.600000e+02 -1.865347e-15
   endloop
 endfacet
 facet normal  -1.2670156723e-14 1.0000000000e+00 1.3474986777e-26
   outer loop
     vertex  7.847587e+01 1.600000e+02 -7.058667e-02
     vertex  7.628524e+01 1.600000e+02 -1.696357e-01
     vertex  7.628524e+01 1.600000e+02 -2.922025e-15
   endloop
 endfacet
 facet normal  0.0000000000e+00 1.0000000000e+00 0.0000000000e+00
   outer loop
     vertex  7.628524e+01 1.600000e+02 -1.696357e-01
     vertex  7.320167e+01 1.600000e+02 -2.583566e-15
     vertex  7.628524e+01 1.600000e+02 -2.922025e-15
   endloop
 endfacet
 facet normal  0.0000000000e+00 1.0000000000e+00 0.0000000000e+00
   outer loop
     vertex  7.628524e+01 1.600000e+02 -1.696357e-01
     vertex  7.320167e+01 1.600000e+02 -3.043892e-01
     vertex  7.320167e+01 1.600000e+02 -2.583566e-15
   endloop
 endfacet
 facet normal  0.0000000000e+00 1.0000000000e+00 0.0000000000e+00
   outer loop
     vertex  7.320167e+01 1.600000e+02 -3.043892e-01
     vertex  6.898632e+01 1.600000e+02 -2.384505e-15
     vertex  7.320167e+01 1.600000e+02 -2.583566e-15
   endloop
 endfacet
 facet normal  0.0000000000e+00 1.0000000000e+00 0.0000000000e+00
   outer loop
     vertex  7.320167e+01 1.600000e+02 -3.043892e-01
     vertex  6.898632e+01 1.600000e+02 -4.801239e-01
     vertex  6.898632e+01 1.600000e+02 -2.384505e-15
   endloop
 endfacet
 facet normal  -0.0000000000e+00 1.0000000000e+00 0.0000000000e+00
   outer loop
     vertex  6.898632e+01 1.600000e+02 -4.801239e-01
     vertex  6.344858e+01 1.600000e+02 -3.132380e-15
     vertex  6.898632e+01 1.600000e+02 -2.384505e-15
   endloop
 endfacet
 facet normal  0.0000000000e+00 1.0000000000e+00 0.0000000000e+00
   outer loop
     vertex  6.898632e+01 1.600000e+02 -4.801239e-01
     vertex  6.344858e+01 1.600000e+02 -6.965411e-01
     vertex  6.344858e+01 1.600000e+02 -3.132380e-15
   endloop
 endfacet
 facet normal  0.0000000000e+00 1.0000000000e+00 0.0000000000e+00
   outer loop
     vertex  6.344858e+01 1.600000e+02 -6.965411e-01
     vertex  5.654186e+01 1.600000e+02 -1.979113e-15
     vertex  6.344858e+01 1.600000e+02 -3.132380e-15
   endloop
 endfacet
 facet normal  0.0000000000e+00 1.0000000000e+00 0.0000000000e+00
   outer loop
     vertex  6.344858e+01 1.600000e+02 -6.965411e-01
     vertex  5.654186e+01 1.600000e+02 -9.430336e-01
     vertex  5.654186e+01 1.600000e+02 -1.979113e-15
   endloop
 endfacet
 facet normal  0.0000000000e+00 1.0000000000e+00 0.0000000000e+00
   outer loop
     vertex  5.654186e+01 1.600000e+02 -9.430336e-01
     vertex  4.846471e+01 1.600000e+02 -1.330972e-15
     vertex  5.654186e+01 1.600000e+02 -1.979113e-15
   endloop
 endfacet
 facet normal  0.0000000000e+00 1.0000000000e+00 0.0000000000e+00
   outer loop
     vertex  5.654186e+01 1.600000e+02 -9.430336e-01
     vertex  4.846471e+01 1.600000e+02 -1.195026e+00
     vertex  4.846471e+01 1.600000e+02 -1.330972e-15
   endloop
 endfacet
 facet normal  0.0000000000e+00 1.0000000000e+00 0.0000000000e+00
   outer loop
     vertex  4.846471e+01 1.600000e+02 -1.195026e+00
     vertex  3.970000e+01 1.600000e+02 -1.084202e-15
     vertex  4.846471e+01 1.600000e+02 -1.330972e-15
   endloop
 endfacet
 facet normal  0.0000000000e+00 1.0000000000e+00 0.0000000000e+00
   outer loop
     vertex  4.846471e+01 1.600000e+02 -1.195026e+00
     vertex  3.970000e+01 1.600000e+02 -1.414627e+00
     vertex  3.970000e+01 1.600000e+02 -1.084202e-15
   endloop
 endfacet
 facet normal  0.0000000000e+00 1.0000000000e+00 0.0000000000e+00
   outer loop
     vertex  3.970000e+01 1.600000e+02 -1.414627e+00
     vertex  3.092914e+01 1.600000e+02 -1.559511e+00
     vertex  3.970000e+01 1.600000e+02 -1.084202e-15
   endloop
 endfacet
 facet normal  0.0000000000e+00 1.0000000000e+00 0.0000000000e+00
   outer loop
     vertex  3.970000e+01 1.600000e+02 -1.084202e-15
     vertex  3.092914e+01 1.600000e+02 -1.559511e+00
     vertex  3.092914e+01 1.600000e+02 -1.294038e-15
   endloop
 endfacet
 facet normal  0.0000000000e+00 1.0000000000e+00 0.0000000000e+00
   outer loop
     vertex  3.092914e+01 1.600000e+02 -1.559511e+00
     vertex  2.283686e+01 1.600000e+02 -1.599191e+00
     vertex  3.092914e+01 1.600000e+02 -1.294038e-15
   endloop
 endfacet
 facet normal  0.0000000000e+00 1.0000000000e+00 0.0000000000e+00
   outer loop
     vertex  3.092914e+01 1.600000e+02 -1.294038e-15
     vertex  2.283686e+01 1.600000e+02 -1.599191e+00
     vertex  2.283686e+01 1.600000e+02 4.964743e-17
   endloop
 endfacet
 facet normal  -0.0000000000e+00 1.0000000000e+00 0.0000000000e+00
   outer loop
     vertex  2.283686e+01 1.600000e+02 -1.599191e+00
     vertex  1.591435e+01 1.600000e+02 -1.528056e+00
     vertex  2.283686e+01 1.600000e+02 4.964743e-17
   endloop
 endfacet
 facet normal  0.0000000000e+00 1.0000000000e+00 0.0000000000e+00
   outer loop
     vertex  2.283686e+01 1.600000e+02 4.964743e-17
     vertex  1.591435e+01 1.600000e+02 -1.528056e+00
     vertex  1.591435e+01 1.600000e+02 -2.019175e-16
   endloop
 endfacet
 facet normal  -0.0000000000e+00 1.0000000000e+00 0.0000000000e+00
   outer loop
     vertex  1.591435e+01 1.600000e+02 -1.528056e+00
     vertex  1.036987e+01 1.600000e+02 -1.363640e+00
     vertex  1.591435e+01 1.600000e+02 -2.019175e-16
   endloop
 endfacet
 facet normal  0.0000000000e+00 1.0000000000e+00 0.0000000000e+00
   outer loop
     vertex  1.591435e+01 1.600000e+02 -2.019175e-16
     vertex  1.036987e+01 1.600000e+02 -1.363640e+00
     vertex  1.036987e+01 1.600000e+02 -4.178120e-16
   endloop
 endfacet
 facet normal  -0.0000000000e+00 1.0000000000e+00 0.0000000000e+00
   outer loop
     vertex  1.036987e+01 1.600000e+02 -1.363640e+00
     vertex  6.165834e+00 1.600000e+02 -1.132368e+00
     vertex  1.036987e+01 1.600000e+02 -4.178120e-16
   endloop
 endfacet
 facet normal  0.0000000000e+00 1.0000000000e+00 0.0000000000e+00
   outer loop
     vertex  1.036987e+01 1.600000e+02 -4.178120e-16
     vertex  6.165834e+00 1.600000e+02 -1.132368e+00
     vertex  6.165834e+00 1.600000e+02 4.719233e-16
   endloop
 endfacet
 facet normal  -0.0000000000e+00 1.0000000000e+00 0.0000000000e+00
   outer loop
     vertex  6.165834e+00 1.600000e+02 -1.132368e+00
     vertex  3.122584e+00 1.600000e+02 -8.525403e-01
     vertex  6.165834e+00 1.600000e+02 4.719233e-16
   endloop
 endfacet
 facet normal  0.0000000000e+00 1.0000000000e+00 0.0000000000e+00
   outer loop
     vertex  6.165834e+00 1.600000e+02 4.719233e-16
     vertex  3.122584e+00 1.600000e+02 -8.525403e-01
     vertex  3.122584e+00 1.600000e+02 1.765157e-15
   endloop
 endfacet
 facet normal  -0.0000000000e+00 1.0000000000e+00 0.0000000000e+00
   outer loop
     vertex  3.122584e+00 1.600000e+02 -8.525403e-01
     vertex  1.033255e+00 1.600000e+02 -5.142719e-01
     vertex  3.122584e+00 1.600000e+02 1.765157e-15
   endloop
 endfacet
 facet normal  0.0000000000e+00 1.0000000000e+00 -0.0000000000e+00
   outer loop
     vertex  3.122584e+00 1.600000e+02 1.765157e-15
     vertex  1.033255e+00 1.600000e+02 -5.142719e-01
     vertex  1.033255e+00 1.600000e+02 -7.259597e-15
   endloop
 endfacet
 facet normal  0.0000000000e+00 1.0000000000e+00 0.0000000000e+00
   outer loop
     vertex  1.033255e+00 1.600000e+02 -5.142719e-01
     vertex  0.000000e+00 1.600000e+02 0.000000e+00
     vertex  1.033255e+00 1.600000e+02 -7.259597e-15
   endloop
 endfacet
 facet normal  0.0000000000e+00 1.0000000000e+00 0.0000000000e+00
   outer loop
     vertex  0.000000e+00 1.600000e+02 0.000000e+00
     vertex  1.033255e+00 1.600000e+02 5.142719e-01
     vertex  1.033255e+00 1.600000e+02 -7.259597e-15
   endloop
 endfacet
 facet normal  0.0000000000e+00 1.0000000000e+00 0.0000000000e+00
   outer loop
     vertex  1.033255e+00 1.600000e+02 5.142719e-01
     vertex  3.122584e+00 1.600000e+02 1.765157e-15
     vertex  1.033255e+00 1.600000e+02 -7.259597e-15
   endloop
 endfacet
 facet normal  0.0000000000e+00 1.0000000000e+00 0.0000000000e+00
   outer loop
     vertex  1.033255e+00 1.600000e+02 5.142719e-01
     vertex  3.122584e+00 1.600000e+02 8.525403e-01
     vertex  3.122584e+00 1.600000e+02 1.765157e-15
   endloop
 endfacet
 facet normal  0.0000000000e+00 1.0000000000e+00 0.0000000000e+00
   outer loop
     vertex  3.122584e+00 1.600000e+02 8.525403e-01
     vertex  6.165834e+00 1.600000e+02 4.719233e-16
     vertex  3.122584e+00 1.600000e+02 1.765157e-15
   endloop
 endfacet
 facet normal  0.0000000000e+00 1.0000000000e+00 0.0000000000e+00
   outer loop
     vertex  3.122584e+00 1.600000e+02 8.525403e-01
     vertex  6.165834e+00 1.600000e+02 1.132368e+00
     vertex  6.165834e+00 1.600000e+02 4.719233e-16
   endloop
 endfacet
 facet normal  0.0000000000e+00 1.0000000000e+00 0.0000000000e+00
   outer loop
     vertex  6.165834e+00 1.600000e+02 1.132368e+00
     vertex  1.036987e+01 1.600000e+02 -4.178120e-16
     vertex  6.165834e+00 1.600000e+02 4.719233e-16
   endloop
 endfacet
 facet normal  0.0000000000e+00 1.0000000000e+00 0.0000000000e+00
   outer loop
     vertex  6.165834e+00 1.600000e+02 1.132368e+00
     vertex  1.036987e+01 1.600000e+02 1.363640e+00
     vertex  1.036987e+01 1.600000e+02 -4.178120e-16
   endloop
 endfacet
 facet normal  0.0000000000e+00 1.0000000000e+00 0.0000000000e+00
   outer loop
     vertex  1.036987e+01 1.600000e+02 1.363640e+00
     vertex  1.591435e+01 1.600000e+02 -2.019175e-16
     vertex  1.036987e+01 1.600000e+02 -4.178120e-16
   endloop
 endfacet
 facet normal  0.0000000000e+00 1.0000000000e+00 0.0000000000e+00
   outer loop
     vertex  1.036987e+01 1.600000e+02 1.363640e+00
     vertex  1.591435e+01 1.600000e+02 1.528056e+00
     vertex  1.591435e+01 1.600000e+02 -2.019175e-16
   endloop
 endfacet
 facet normal  0.0000000000e+00 1.0000000000e+00 0.0000000000e+00
   outer loop
     vertex  1.591435e+01 1.600000e+02 1.528056e+00
     vertex  2.283686e+01 1.600000e+02 4.964743e-17
     vertex  1.591435e+01 1.600000e+02 -2.019175e-16
   endloop
 endfacet
 facet normal  0.0000000000e+00 1.0000000000e+00 0.0000000000e+00
   outer loop
     vertex  1.591435e+01 1.600000e+02 1.528056e+00
     vertex  2.283686e+01 1.600000e+02 1.599191e+00
     vertex  2.283686e+01 1.600000e+02 4.964743e-17
   endloop
 endfacet
 facet normal  0.0000000000e+00 1.0000000000e+00 0.0000000000e+00
   outer loop
     vertex  2.283686e+01 1.600000e+02 1.599191e+00
     vertex  3.092914e+01 1.600000e+02 -1.294038e-15
     vertex  2.283686e+01 1.600000e+02 4.964743e-17
   endloop
 endfacet
 facet normal  0.0000000000e+00 1.0000000000e+00 0.0000000000e+00
   outer loop
     vertex  2.283686e+01 1.600000e+02 1.599191e+00
     vertex  3.092914e+01 1.600000e+02 1.559511e+00
     vertex  3.092914e+01 1.600000e+02 -1.294038e-15
   endloop
 endfacet
 facet normal  0.0000000000e+00 1.0000000000e+00 0.0000000000e+00
   outer loop
     vertex  3.092914e+01 1.600000e+02 1.559511e+00
     vertex  3.970000e+01 1.600000e+02 -1.084202e-15
     vertex  3.092914e+01 1.600000e+02 -1.294038e-15
   endloop
 endfacet
 facet normal  0.0000000000e+00 1.0000000000e+00 0.0000000000e+00
   outer loop
     vertex  3.092914e+01 1.600000e+02 1.559511e+00
     vertex  3.970000e+01 1.600000e+02 1.414627e+00
     vertex  3.970000e+01 1.600000e+02 -1.084202e-15
   endloop
 endfacet
 facet normal  -3.1667407992e-15 1.0000000000e+00 1.5533196136e-29
   outer loop
     vertex  3.970000e+01 1.600000e+02 1.414627e+00
     vertex  4.846471e+01 1.600000e+02 1.195026e+00
     vertex  3.970000e+01 1.600000e+02 -1.084202e-15
   endloop
 endfacet
 facet normal  -3.1667407992e-15 1.0000000000e+00 3.6775227489e-29
   outer loop
     vertex  3.970000e+01 1.600000e+02 -1.084202e-15
     vertex  4.846471e+01 1.600000e+02 1.195026e+00
     vertex  4.846471e+01 1.600000e+02 -1.330972e-15
   endloop
 endfacet
 facet normal  3.4363112068e-15 1.0000000000e+00 -3.9905737277e-29
   outer loop
     vertex  4.846471e+01 1.600000e+02 1.195026e+00
     vertex  5.654186e+01 1.600000e+02 9.430336e-01
     vertex  4.846471e+01 1.600000e+02 -1.330972e-15
   endloop
 endfacet
 facet normal  3.4363112068e-15 1.0000000000e+00 -7.5853710048e-29
   outer loop
     vertex  4.846471e+01 1.600000e+02 -1.330972e-15
     vertex  5.654186e+01 1.600000e+02 9.430336e-01
     vertex  5.654186e+01 1.600000e+02 -1.979113e-15
   endloop
 endfacet
 facet normal  0.0000000000e+00 1.0000000000e+00 0.0000000000e+00
   outer loop
     vertex  5.654186e+01 1.600000e+02 9.430336e-01
     vertex  6.344858e+01 1.600000e+02 6.965411e-01
     vertex  5.654186e+01 1.600000e+02 -1.979113e-15
   endloop
 endfacet
 facet normal  0.0000000000e+00 1.0000000000e+00 0.0000000000e+00
   outer loop
     vertex  5.654186e+01 1.600000e+02 -1.979113e-15
     vertex  6.344858e+01 1.600000e+02 6.965411e-01
     vertex  6.344858e+01 1.600000e+02 -3.132380e-15
   endloop
 endfacet
 facet normal  0.0000000000e+00 1.0000000000e+00 0.0000000000e+00
   outer loop
     vertex  6.344858e+01 1.600000e+02 6.965411e-01
     vertex  6.898632e+01 1.600000e+02 4.801239e-01
     vertex  6.344858e+01 1.600000e+02 -3.132380e-15
   endloop
 endfacet
 facet normal  0.0000000000e+00 1.0000000000e+00 0.0000000000e+00
   outer loop
     vertex  6.344858e+01 1.600000e+02 -3.132380e-15
     vertex  6.898632e+01 1.600000e+02 4.801239e-01
     vertex  6.898632e+01 1.600000e+02 -2.384505e-15
   endloop
 endfacet
 facet normal  0.0000000000e+00 1.0000000000e+00 0.0000000000e+00
   outer loop
     vertex  6.898632e+01 1.600000e+02 4.801239e-01
     vertex  7.320167e+01 1.600000e+02 3.043892e-01
     vertex  6.898632e+01 1.600000e+02 -2.384505e-15
   endloop
 endfacet
 facet normal  0.0000000000e+00 1.0000000000e+00 0.0000000000e+00
   outer loop
     vertex  6.898632e+01 1.600000e+02 -2.384505e-15
     vertex  7.320167e+01 1.600000e+02 3.043892e-01
     vertex  7.320167e+01 1.600000e+02 -2.583566e-15
   endloop
 endfacet
 facet normal  0.0000000000e+00 1.0000000000e+00 0.0000000000e+00
   outer loop
     vertex  7.320167e+01 1.600000e+02 3.043892e-01
     vertex  7.628524e+01 1.600000e+02 1.696357e-01
     vertex  7.320167e+01 1.600000e+02 -2.583566e-15
   endloop
 endfacet
 facet normal  0.0000000000e+00 1.0000000000e+00 0.0000000000e+00
   outer loop
     vertex  7.320167e+01 1.600000e+02 -2.583566e-15
     vertex  7.628524e+01 1.600000e+02 1.696357e-01
     vertex  7.628524e+01 1.600000e+02 -2.922025e-15
   endloop
 endfacet
 facet normal  0.0000000000e+00 1.0000000000e+00 0.0000000000e+00
   outer loop
     vertex  7.628524e+01 1.600000e+02 1.696357e-01
     vertex  7.847587e+01 1.600000e+02 7.058667e-02
     vertex  7.628524e+01 1.600000e+02 -2.922025e-15
   endloop
 endfacet
 facet normal  0.0000000000e+00 1.0000000000e+00 0.0000000000e+00
   outer loop
     vertex  7.628524e+01 1.600000e+02 -2.922025e-15
     vertex  7.847587e+01 1.600000e+02 7.058667e-02
     vertex  7.847587e+01 1.600000e+02 -1.865347e-15
   endloop
 endfacet
 facet normal  0.0000000000e+00 1.0000000000e+00 0.0000000000e+00
   outer loop
     vertex  7.847587e+01 1.600000e+02 7.058667e-02
     vertex  8.000000e+01 1.600000e+02 0.000000e+00
     vertex  7.847587e+01 1.600000e+02 -1.865347e-15
   endloop
 endfacet
 facet normal  -6.9917147958e-01 7.0078494174e-01 -1.4163229703e-01
   outer loop
     vertex  -1.000000e+01 1.605000e+02 0.000000e+00
     vertex  -6.525311e+00 1.639667e+02 0.000000e+00
     vertex  -1.000000e+01 1.604607e+02 -1.945446e-01
   endloop
 endfacet
 facet normal  -6.9917893261e-01 7.0078913476e-01 -1.4157474631e-01
   outer loop
     vertex  -6.525311e+00 1.639667e+02 0.000000e+00
     vertex  -6.525311e+00 1.636575e+02 -1.530698e+00
     vertex  -1.000000e+01 1.604607e+02 -1.945446e-01
   endloop
 endfacet
 facet normal  -6.9911382521e-01 5.9278531828e-01 -3.9980673560e-01
   outer loop
     vertex  -1.000000e+01 1.604607e+02 -1.945446e-01
     vertex  -6.525311e+00 1.636575e+02 -1.530698e+00
     vertex  -1.000000e+01 1.603535e+02 -3.534841e-01
   endloop
 endfacet
 facet normal  -6.9942395677e-01 5.9389214433e-01 -3.9761570592e-01
   outer loop
     vertex  -6.525311e+00 1.636575e+02 -1.530698e+00
     vertex  -6.525311e+00 1.628046e+02 -2.804580e+00
     vertex  -1.000000e+01 1.603535e+02 -3.534841e-01
   endloop
 endfacet
 facet normal  -6.9966276063e-01 3.9950638523e-01 -5.9233999489e-01
   outer loop
     vertex  -1.000000e+01 1.603535e+02 -3.534841e-01
     vertex  -6.525311e+00 1.628046e+02 -2.804580e+00
     vertex  -1.000000e+01 1.601945e+02 -4.606815e-01
   endloop
 endfacet
 facet normal  -6.9935531065e-01 3.9765307585e-01 -5.9394796130e-01
   outer loop
     vertex  -6.525311e+00 1.628046e+02 -2.804580e+00
     vertex  -6.525311e+00 1.615307e+02 -3.657455e+00
     vertex  -1.000000e+01 1.601945e+02 -4.606815e-01
   endloop
 endfacet
 facet normal  -6.9918462924e-01 1.4162974954e-01 -7.0077233698e-01
   outer loop
     vertex  -1.000000e+01 1.601945e+02 -4.606815e-01
     vertex  -6.525311e+00 1.615307e+02 -3.657455e+00
     vertex  -1.000000e+01 1.600000e+02 -5.000000e-01
   endloop
 endfacet
 facet normal  -6.9917726132e-01 1.4157506997e-01 -7.0079073682e-01
   outer loop
     vertex  -6.525311e+00 1.615307e+02 -3.657455e+00
     vertex  -6.525311e+00 1.600000e+02 -3.966689e+00
     vertex  -1.000000e+01 1.600000e+02 -5.000000e-01
   endloop
 endfacet
 facet normal  -6.9917726132e-01 -1.4157506997e-01 -7.0079073682e-01
   outer loop
     vertex  -1.000000e+01 1.600000e+02 -5.000000e-01
     vertex  -6.525311e+00 1.600000e+02 -3.966689e+00
     vertex  -6.525311e+00 1.584693e+02 -3.657455e+00
   endloop
 endfacet
 facet normal  -6.9918462924e-01 -1.4162974954e-01 -7.0077233698e-01
   outer loop
     vertex  -1.000000e+01 1.600000e+02 -5.000000e-01
     vertex  -6.525311e+00 1.584693e+02 -3.657455e+00
     vertex  -1.000000e+01 1.598055e+02 -4.606815e-01
   endloop
 endfacet
 facet normal  -6.9935531065e-01 -3.9765307585e-01 -5.9394796130e-01
   outer loop
     vertex  -1.000000e+01 1.598055e+02 -4.606815e-01
     vertex  -6.525311e+00 1.584693e+02 -3.657455e+00
     vertex  -6.525311e+00 1.571954e+02 -2.804580e+00
   endloop
 endfacet
 facet normal  -6.9966276063e-01 -3.9950638523e-01 -5.9233999489e-01
   outer loop
     vertex  -1.000000e+01 1.598055e+02 -4.606815e-01
     vertex  -6.525311e+00 1.571954e+02 -2.804580e+00
     vertex  -1.000000e+01 1.596465e+02 -3.534841e-01
   endloop
 endfacet
 facet normal  -6.9942395677e-01 -5.9389214433e-01 -3.9761570592e-01
   outer loop
     vertex  -1.000000e+01 1.596465e+02 -3.534841e-01
     vertex  -6.525311e+00 1.571954e+02 -2.804580e+00
     vertex  -6.525311e+00 1.563425e+02 -1.530698e+00
   endloop
 endfacet
 facet normal  -6.9911382521e-01 -5.9278531828e-01 -3.9980673560e-01
   outer loop
     vertex  -1.000000e+01 1.596465e+02 -3.534841e-01
     vertex  -6.525311e+00 1.563425e+02 -1.530698e+00
     vertex  -1.000000e+01 1.595393e+02 -1.945446e-01
   endloop
 endfacet
 facet normal  -6.9917893261e-01 -7.0078913476e-01 -1.4157474631e-01
   outer loop
     vertex  -1.000000e+01 1.595393e+02 -1.945446e-01
     vertex  -6.525311e+00 1.563425e+02 -1.530698e+00
     vertex  -6.525311e+00 1.560333e+02 5.305007e-17
   endloop
 endfacet
 facet normal  -6.9917147958e-01 -7.0078494174e-01 -1.4163229703e-01
   outer loop
     vertex  -1.000000e+01 1.595393e+02 -1.945446e-01
     vertex  -6.525311e+00 1.560333e+02 5.305007e-17
     vertex  -1.000000e+01 1.595000e+02 0.000000e+00
   endloop
 endfacet
 facet normal  -6.9917147958e-01 -7.0078494174e-01 1.4163229703e-01
   outer loop
     vertex  -1.000000e+01 1.595000e+02 0.000000e+00
     vertex  -6.525311e+00 1.560333e+02 5.305007e-17
     vertex  -1.000000e+01 1.595393e+02 1.945446e-01
   endloop
 endfacet
 facet normal  -6.9917893261e-01 -7.0078913476e-01 1.4157474631e-01
   outer loop
     vertex  -6.525311e+00 1.560333e+02 5.305007e-17
     vertex  -6.525311e+00 1.563425e+02 1.530698e+00
     vertex  -1.000000e+01 1.595393e+02 1.945446e-01
   endloop
 endfacet
 facet normal  -6.9911382521e-01 -5.9278531828e-01 3.9980673560e-01
   outer loop
     vertex  -1.000000e+01 1.595393e+02 1.945446e-01
     vertex  -6.525311e+00 1.563425e+02 1.530698e+00
     vertex  -1.000000e+01 1.596465e+02 3.534841e-01
   endloop
 endfacet
 facet normal  -6.9942395677e-01 -5.9389214433e-01 3.9761570592e-01
   outer loop
     vertex  -6.525311e+00 1.563425e+02 1.530698e+00
     vertex  -6.525311e+00 1.571954e+02 2.804580e+00
     vertex  -1.000000e+01 1.596465e+02 3.534841e-01
   endloop
 endfacet
 facet normal  -6.9966276063e-01 -3.9950638523e-01 5.9233999489e-01
   outer loop
     vertex  -1.000000e+01 1.596465e+02 3.534841e-01
     vertex  -6.525311e+00 1.571954e+02 2.804580e+00
     vertex  -1.000000e+01 1.598055e+02 4.606815e-01
   endloop
 endfacet
 facet normal  -6.9935531065e-01 -3.9765307585e-01 5.9394796130e-01
   outer loop
     vertex  -6.525311e+00 1.571954e+02 2.804580e+00
     vertex  -6.525311e+00 1.584693e+02 3.657455e+00
     vertex  -1.000000e+01 1.598055e+02 4.606815e-01
   endloop
 endfacet
 facet normal  -6.9918462924e-01 -1.4162974954e-01 7.0077233698e-01
   outer loop
     vertex  -1.000000e+01 1.598055e+02 4.606815e-01
     vertex  -6.525311e+00 1.584693e+02 3.657455e+00
     vertex  -1.000000e+01 1.600000e+02 5.000000e-01
   endloop
 endfacet
 facet normal  -6.9917726132e-01 -1.4157506997e-01 7.0079073682e-01
   outer loop
     vertex  -6.525311e+00 1.584693e+02 3.657455e+00
     vertex  -6.525311e+00 1.600000e+02 3.966689e+00
     vertex  -1.000000e+01 1.600000e+02 5.000000e-01
   endloop
 endfacet
 facet normal  -6.9917726132e-01 1.4157506997e-01 7.0079073682e-01
   outer loop
     vertex  -1.000000e+01 1.600000e+02 5.000000e-01
     vertex  -6.525311e+00 1.600000e+02 3.966689e+00
     vertex  -6.525311e+00 1.615307e+02 3.657455e+00
   endloop
 endfacet
 facet normal  -6.9918462924e-01 1.4162974954e-01 7.0077233698e-01
   outer loop
     vertex  -1.000000e+01 1.600000e+02 5.000000e-01
     vertex  -6.525311e+00 1.615307e+02 3.657455e+00
     vertex  -1.000000e+01 1.601945e+02 4.606815e-01
   endloop
 endfacet
 facet normal  -6.9935531065e-01 3.9765307585e-01 5.9394796130e-01
   outer loop
     vertex  -1.000000e+01 1.601945e+02 4.606815e-01
     vertex  -6.525311e+00 1.615307e+02 3.657455e+00
     vertex  -6.525311e+00 1.628046e+02 2.804580e+00
   endloop
 endfacet
 facet normal  -6.9966276063e-01 3.9950638523e-01 5.9233999489e-01
   outer loop
     vertex  -1.000000e+01 1.601945e+02 4.606815e-01
     vertex  -6.525311e+00 1.628046e+02 2.804580e+00
     vertex  -1.000000e+01 1.603535e+02 3.534841e-01
   endloop
 endfacet
 facet normal  -6.9942395677e-01 5.9389214433e-01 3.9761570592e-01
   outer loop
     vertex  -1.000000e+01 1.603535e+02 3.534841e-01
     vertex  -6.525311e+00 1.628046e+02 2.804580e+00
     vertex  -6.525311e+00 1.636575e+02 1.530698e+00
   endloop
 endfacet
 facet normal  -6.9911382521e-01 5.9278531828e-01 3.9980673560e-01
   outer loop
     vertex  -1.000000e+01 1.603535e+02 3.534841e-01
     vertex  -6.525311e+00 1.636575e+02 1.530698e+00
     vertex  -1.000000e+01 1.604607e+02 1.945446e-01
   endloop
 endfacet
 facet normal  -6.9917893261e-01 7.0078913476e-01 1.4157474631e-01
   outer loop
     vertex  -1.000000e+01 1.604607e+02 1.945446e-01
     vertex  -6.525311e+00 1.636575e+02 1.530698e+00
     vertex  -6.525311e+00 1.639667e+02 0.000000e+00
   endloop
 endfacet
 facet normal  -6.9917147958e-01 7.0078494174e-01 1.4163229703e-01
   outer loop
     vertex  -1.000000e+01 1.604607e+02 1.945446e-01
     vertex  -6.525311e+00 1.639667e+02 0.000000e+00
     vertex  -1.000000e+01 1.605000e+02 0.000000e+00
   endloop
 endfacet
 facet normal  -6.7458687970e-01 7.2357749392e-01 -1.4617849373e-01
   outer loop
     vertex  -6.525311e+00 1.639667e+02 0.000000e+00
     vertex  -2.153475e+00 1.680425e+02 0.000000e+00
     vertex  -6.525311e+00 1.636575e+02 -1.530698e+00
   endloop
 endfacet
 facet normal  -6.7457907605e-01 7.2357924978e-01 -1.4620581191e-01
   outer loop
     vertex  -2.153475e+00 1.680425e+02 0.000000e+00
     vertex  -2.153475e+00 1.674131e+02 -3.114974e+00
     vertex  -6.525311e+00 1.636575e+02 -1.530698e+00
   endloop
 endfacet
 facet normal  -6.7523586279e-01 6.1291682686e-01 -4.1035288833e-01
   outer loop
     vertex  -6.525311e+00 1.636575e+02 -1.530698e+00
     vertex  -2.153475e+00 1.674131e+02 -3.114974e+00
     vertex  -6.525311e+00 1.628046e+02 -2.804580e+00
   endloop
 endfacet
 facet normal  -6.7491560643e-01 6.1253970518e-01 -4.1144140989e-01
   outer loop
     vertex  -2.153475e+00 1.674131e+02 -3.114974e+00
     vertex  -2.153475e+00 1.656861e+02 -5.686098e+00
     vertex  -6.525311e+00 1.628046e+02 -2.804580e+00
   endloop
 endfacet
 facet normal  -6.7480617902e-01 4.1057159599e-01 -6.1324349595e-01
   outer loop
     vertex  -6.525311e+00 1.628046e+02 -2.804580e+00
     vertex  -2.153475e+00 1.656861e+02 -5.686098e+00
     vertex  -6.525311e+00 1.615307e+02 -3.657455e+00
   endloop
 endfacet
 facet normal  -6.7512828021e-01 4.1133291531e-01 -6.1237818221e-01
   outer loop
     vertex  -2.153475e+00 1.656861e+02 -5.686098e+00
     vertex  -2.153475e+00 1.631150e+02 -7.413116e+00
     vertex  -6.525311e+00 1.615307e+02 -3.657455e+00
   endloop
 endfacet
 facet normal  -6.7457641044e-01 1.4618038820e-01 -7.2358687149e-01
   outer loop
     vertex  -6.525311e+00 1.615307e+02 -3.657455e+00
     vertex  -2.153475e+00 1.631150e+02 -7.413116e+00
     vertex  -6.525311e+00 1.600000e+02 -3.966689e+00
   endloop
 endfacet
 facet normal  -6.7458422061e-01 1.4620488080e-01 -7.2357464172e-01
   outer loop
     vertex  -2.153475e+00 1.631150e+02 -7.413116e+00
     vertex  -2.153475e+00 1.600000e+02 -8.042525e+00
     vertex  -6.525311e+00 1.600000e+02 -3.966689e+00
   endloop
 endfacet
 facet normal  -6.7458422061e-01 -1.4620488080e-01 -7.2357464172e-01
   outer loop
     vertex  -6.525311e+00 1.600000e+02 -3.966689e+00
     vertex  -2.153475e+00 1.600000e+02 -8.042525e+00
     vertex  -2.153475e+00 1.568850e+02 -7.413116e+00
   endloop
 endfacet
 facet normal  -6.7457641044e-01 -1.4618038820e-01 -7.2358687149e-01
   outer loop
     vertex  -6.525311e+00 1.600000e+02 -3.966689e+00
     vertex  -2.153475e+00 1.568850e+02 -7.413116e+00
     vertex  -6.525311e+00 1.584693e+02 -3.657455e+00
   endloop
 endfacet
 facet normal  -6.7512828021e-01 -4.1133291531e-01 -6.1237818221e-01
   outer loop
     vertex  -6.525311e+00 1.584693e+02 -3.657455e+00
     vertex  -2.153475e+00 1.568850e+02 -7.413116e+00
     vertex  -2.153475e+00 1.543139e+02 -5.686098e+00
   endloop
 endfacet
 facet normal  -6.7480617902e-01 -4.1057159599e-01 -6.1324349595e-01
   outer loop
     vertex  -6.525311e+00 1.584693e+02 -3.657455e+00
     vertex  -2.153475e+00 1.543139e+02 -5.686098e+00
     vertex  -6.525311e+00 1.571954e+02 -2.804580e+00
   endloop
 endfacet
 facet normal  -6.7491560643e-01 -6.1253970518e-01 -4.1144140989e-01
   outer loop
     vertex  -6.525311e+00 1.571954e+02 -2.804580e+00
     vertex  -2.153475e+00 1.543139e+02 -5.686098e+00
     vertex  -2.153475e+00 1.525869e+02 -3.114974e+00
   endloop
 endfacet
 facet normal  -6.7523586279e-01 -6.1291682686e-01 -4.1035288833e-01
   outer loop
     vertex  -6.525311e+00 1.571954e+02 -2.804580e+00
     vertex  -2.153475e+00 1.525869e+02 -3.114974e+00
     vertex  -6.525311e+00 1.563425e+02 -1.530698e+00
   endloop
 endfacet
 facet normal  -6.7457907605e-01 -7.2357924978e-01 -1.4620581191e-01
   outer loop
     vertex  -6.525311e+00 1.563425e+02 -1.530698e+00
     vertex  -2.153475e+00 1.525869e+02 -3.114974e+00
     vertex  -2.153475e+00 1.519575e+02 5.968133e-17
   endloop
 endfacet
 facet normal  -6.7458687970e-01 -7.2357749392e-01 -1.4617849373e-01
   outer loop
     vertex  -6.525311e+00 1.563425e+02 -1.530698e+00
     vertex  -2.153475e+00 1.519575e+02 5.968133e-17
     vertex  -6.525311e+00 1.560333e+02 5.305007e-17
   endloop
 endfacet
 facet normal  -6.7458687970e-01 -7.2357749392e-01 1.4617849373e-01
   outer loop
     vertex  -6.525311e+00 1.560333e+02 5.305007e-17
     vertex  -2.153475e+00 1.519575e+02 5.968133e-17
     vertex  -6.525311e+00 1.563425e+02 1.530698e+00
   endloop
 endfacet
 facet normal  -6.7457907605e-01 -7.2357924978e-01 1.4620581191e-01
   outer loop
     vertex  -2.153475e+00 1.519575e+02 5.968133e-17
     vertex  -2.153475e+00 1.525869e+02 3.114974e+00
     vertex  -6.525311e+00 1.563425e+02 1.530698e+00
   endloop
 endfacet
 facet normal  -6.7523586279e-01 -6.1291682686e-01 4.1035288833e-01
   outer loop
     vertex  -6.525311e+00 1.563425e+02 1.530698e+00
     vertex  -2.153475e+00 1.525869e+02 3.114974e+00
     vertex  -6.525311e+00 1.571954e+02 2.804580e+00
   endloop
 endfacet
 facet normal  -6.7491560643e-01 -6.1253970518e-01 4.1144140989e-01
   outer loop
     vertex  -2.153475e+00 1.525869e+02 3.114974e+00
     vertex  -2.153475e+00 1.543139e+02 5.686098e+00
     vertex  -6.525311e+00 1.571954e+02 2.804580e+00
   endloop
 endfacet
 facet normal  -6.7480617902e-01 -4.1057159599e-01 6.1324349595e-01
   outer loop
     vertex  -6.525311e+00 1.571954e+02 2.804580e+00
     vertex  -2.153475e+00 1.543139e+02 5.686098e+00
     vertex  -6.525311e+00 1.584693e+02 3.657455e+00
   endloop
 endfacet
 facet normal  -6.7512828021e-01 -4.1133291531e-01 6.1237818221e-01
   outer loop
     vertex  -2.153475e+00 1.543139e+02 5.686098e+00
     vertex  -2.153475e+00 1.568850e+02 7.413116e+00
     vertex  -6.525311e+00 1.584693e+02 3.657455e+00
   endloop
 endfacet
 facet normal  -6.7457641044e-01 -1.4618038820e-01 7.2358687149e-01
   outer loop
     vertex  -6.525311e+00 1.584693e+02 3.657455e+00
     vertex  -2.153475e+00 1.568850e+02 7.413116e+00
     vertex  -6.525311e+00 1.600000e+02 3.966689e+00
   endloop
 endfacet
 facet normal  -6.7458422061e-01 -1.4620488080e-01 7.2357464172e-01
   outer loop
     vertex  -2.153475e+00 1.568850e+02 7.413116e+00
     vertex  -2.153475e+00 1.600000e+02 8.042525e+00
     vertex  -6.525311e+00 1.600000e+02 3.966689e+00
   endloop
 endfacet
 facet normal  -6.7458422061e-01 1.4620488080e-01 7.2357464172e-01
   outer loop
     vertex  -6.525311e+00 1.600000e+02 3.966689e+00
     vertex  -2.153475e+00 1.600000e+02 8.042525e+00
     vertex  -2.153475e+00 1.631150e+02 7.413116e+00
   endloop
 endfacet
 facet normal  -6.7457641044e-01 1.4618038820e-01 7.2358687149e-01
   outer loop
     vertex  -6.525311e+00 1.600000e+02 3.966689e+00
     vertex  -2.153475e+00 1.631150e+02 7.413116e+00
     vertex  -6.525311e+00 1.615307e+02 3.657455e+00
   endloop
 endfacet
 facet normal  -6.7512828021e-01 4.1133291531e-01 6.1237818221e-01
   outer loop
     vertex  -6.525311e+00 1.615307e+02 3.657455e+00
     vertex  -2.153475e+00 1.631150e+02 7.413116e+00
     vertex  -2.153475e+00 1.656861e+02 5.686098e+00
   endloop
 endfacet
 facet normal  -6.7480617902e-01 4.1057159599e-01 6.1324349595e-01
   outer loop
     vertex  -6.525311e+00 1.615307e+02 3.657455e+00
     vertex  -2.153475e+00 1.656861e+02 5.686098e+00
     vertex  -6.525311e+00 1.628046e+02 2.804580e+00
   endloop
 endfacet
 facet normal  -6.7491560643e-01 6.1253970518e-01 4.1144140989e-01
   outer loop
     vertex  -6.525311e+00 1.628046e+02 2.804580e+00
     vertex  -2.153475e+00 1.656861e+02 5.686098e+00
     vertex  -2.153475e+00 1.674131e+02 3.114974e+00
   endloop
 endfacet
 facet normal  -6.7523586279e-01 6.1291682686e-01 4.1035288833e-01
   outer loop
     vertex  -6.525311e+00 1.628046e+02 2.804580e+00
     vertex  -2.153475e+00 1.674131e+02 3.114974e+00
     vertex  -6.525311e+00 1.636575e+02 1.530698e+00
   endloop
 endfacet
 facet normal  -6.7457907605e-01 7.2357924978e-01 1.4620581191e-01
   outer loop
     vertex  -6.525311e+00 1.636575e+02 1.530698e+00
     vertex  -2.153475e+00 1.674131e+02 3.114974e+00
     vertex  -2.153475e+00 1.680425e+02 0.000000e+00
   endloop
 endfacet
 facet normal  -6.7458687970e-01 7.2357749392e-01 1.4617849373e-01
   outer loop
     vertex  -6.525311e+00 1.636575e+02 1.530698e+00
     vertex  -2.153475e+00 1.680425e+02 0.000000e+00
     vertex  -6.525311e+00 1.639667e+02 0.000000e+00
   endloop
 endfacet
 facet normal  -6.1558138456e-01 7.7246206759e-01 -1.5608303277e-01
   outer loop
     vertex  -2.153475e+00 1.680425e+02 0.000000e+00
     vertex  2.731017e+00 1.719350e+02 0.000000e+00
     vertex  -2.153475e+00 1.674131e+02 -3.114974e+00
   endloop
 endfacet
 facet normal  -6.1557171880e-01 7.7246565514e-01 -1.5610339727e-01
   outer loop
     vertex  2.731017e+00 1.719350e+02 0.000000e+00
     vertex  2.731017e+00 1.709985e+02 -4.634262e+00
     vertex  -2.153475e+00 1.674131e+02 -3.114974e+00
   endloop
 endfacet
 facet normal  -6.1638678076e-01 6.5367089382e-01 -4.3906912790e-01
   outer loop
     vertex  -2.153475e+00 1.674131e+02 -3.114974e+00
     vertex  2.731017e+00 1.709985e+02 -4.634262e+00
     vertex  -2.153475e+00 1.656861e+02 -5.686098e+00
   endloop
 endfacet
 facet normal  -6.1598648440e-01 6.5347240468e-01 -4.3992552479e-01
   outer loop
     vertex  2.731017e+00 1.709985e+02 -4.634262e+00
     vertex  2.731017e+00 1.684379e+02 -8.437869e+00
     vertex  -2.153475e+00 1.656861e+02 -5.686098e+00
   endloop
 endfacet
 facet normal  -6.1590840444e-01 4.3927779083e-01 -6.5398154395e-01
   outer loop
     vertex  -2.153475e+00 1.656861e+02 -5.686098e+00
     vertex  2.731017e+00 1.684379e+02 -8.437869e+00
     vertex  -2.153475e+00 1.631150e+02 -7.413116e+00
   endloop
 endfacet
 facet normal  -6.1630962530e-01 4.3978435505e-01 -6.5326270889e-01
   outer loop
     vertex  2.731017e+00 1.684379e+02 -8.437869e+00
     vertex  2.731017e+00 1.646343e+02 -1.099850e+01
     vertex  -2.153475e+00 1.631150e+02 -7.413116e+00
   endloop
 endfacet
 facet normal  -6.1556981192e-01 1.5608482311e-01 -7.7247092803e-01
   outer loop
     vertex  -2.153475e+00 1.631150e+02 -7.413116e+00
     vertex  2.731017e+00 1.646343e+02 -1.099850e+01
     vertex  -2.153475e+00 1.600000e+02 -8.042525e+00
   endloop
 endfacet
 facet normal  -6.1557949745e-01 1.5610219374e-01 -7.7245969955e-01
   outer loop
     vertex  2.731017e+00 1.646343e+02 -1.099850e+01
     vertex  2.731017e+00 1.600000e+02 -1.193502e+01
     vertex  -2.153475e+00 1.600000e+02 -8.042525e+00
   endloop
 endfacet
 facet normal  -6.1557949745e-01 -1.5610219374e-01 -7.7245969955e-01
   outer loop
     vertex  -2.153475e+00 1.600000e+02 -8.042525e+00
     vertex  2.731017e+00 1.600000e+02 -1.193502e+01
     vertex  2.731017e+00 1.553657e+02 -1.099850e+01
   endloop
 endfacet
 facet normal  -6.1556981192e-01 -1.5608482311e-01 -7.7247092803e-01
   outer loop
     vertex  -2.153475e+00 1.600000e+02 -8.042525e+00
     vertex  2.731017e+00 1.553657e+02 -1.099850e+01
     vertex  -2.153475e+00 1.568850e+02 -7.413116e+00
   endloop
 endfacet
 facet normal  -6.1630962530e-01 -4.3978435505e-01 -6.5326270889e-01
   outer loop
     vertex  -2.153475e+00 1.568850e+02 -7.413116e+00
     vertex  2.731017e+00 1.553657e+02 -1.099850e+01
     vertex  2.731017e+00 1.515621e+02 -8.437869e+00
   endloop
 endfacet
 facet normal  -6.1590840444e-01 -4.3927779083e-01 -6.5398154395e-01
   outer loop
     vertex  -2.153475e+00 1.568850e+02 -7.413116e+00
     vertex  2.731017e+00 1.515621e+02 -8.437869e+00
     vertex  -2.153475e+00 1.543139e+02 -5.686098e+00
   endloop
 endfacet
 facet normal  -6.1598648440e-01 -6.5347240468e-01 -4.3992552479e-01
   outer loop
     vertex  -2.153475e+00 1.543139e+02 -5.686098e+00
     vertex  2.731017e+00 1.515621e+02 -8.437869e+00
     vertex  2.731017e+00 1.490015e+02 -4.634262e+00
   endloop
 endfacet
 facet normal  -6.1638678076e-01 -6.5367089382e-01 -4.3906912790e-01
   outer loop
     vertex  -2.153475e+00 1.543139e+02 -5.686098e+00
     vertex  2.731017e+00 1.490015e+02 -4.634262e+00
     vertex  -2.153475e+00 1.525869e+02 -3.114974e+00
   endloop
 endfacet
 facet normal  -6.1557171880e-01 -7.7246565514e-01 -1.5610339727e-01
   outer loop
     vertex  -2.153475e+00 1.525869e+02 -3.114974e+00
     vertex  2.731017e+00 1.490015e+02 -4.634262e+00
     vertex  2.731017e+00 1.480650e+02 3.978755e-17
   endloop
 endfacet
 facet normal  -6.1558138456e-01 -7.7246206759e-01 -1.5608303277e-01
   outer loop
     vertex  -2.153475e+00 1.525869e+02 -3.114974e+00
     vertex  2.731017e+00 1.480650e+02 3.978755e-17
     vertex  -2.153475e+00 1.519575e+02 5.968133e-17
   endloop
 endfacet
 facet normal  -6.1558138456e-01 -7.7246206759e-01 1.5608303277e-01
   outer loop
     vertex  -2.153475e+00 1.519575e+02 5.968133e-17
     vertex  2.731017e+00 1.480650e+02 3.978755e-17
     vertex  -2.153475e+00 1.525869e+02 3.114974e+00
   endloop
 endfacet
 facet normal  -6.1557171880e-01 -7.7246565514e-01 1.5610339727e-01
   outer loop
     vertex  2.731017e+00 1.480650e+02 3.978755e-17
     vertex  2.731017e+00 1.490015e+02 4.634262e+00
     vertex  -2.153475e+00 1.525869e+02 3.114974e+00
   endloop
 endfacet
 facet normal  -6.1638678076e-01 -6.5367089382e-01 4.3906912790e-01
   outer loop
     vertex  -2.153475e+00 1.525869e+02 3.114974e+00
     vertex  2.731017e+00 1.490015e+02 4.634262e+00
     vertex  -2.153475e+00 1.543139e+02 5.686098e+00
   endloop
 endfacet
 facet normal  -6.1598648440e-01 -6.5347240468e-01 4.3992552479e-01
   outer loop
     vertex  2.731017e+00 1.490015e+02 4.634262e+00
     vertex  2.731017e+00 1.515621e+02 8.437869e+00
     vertex  -2.153475e+00 1.543139e+02 5.686098e+00
   endloop
 endfacet
 facet normal  -6.1590840444e-01 -4.3927779083e-01 6.5398154395e-01
   outer loop
     vertex  -2.153475e+00 1.543139e+02 5.686098e+00
     vertex  2.731017e+00 1.515621e+02 8.437869e+00
     vertex  -2.153475e+00 1.568850e+02 7.413116e+00
   endloop
 endfacet
 facet normal  -6.1630962530e-01 -4.3978435505e-01 6.5326270889e-01
   outer loop
     vertex  2.731017e+00 1.515621e+02 8.437869e+00
     vertex  2.731017e+00 1.553657e+02 1.099850e+01
     vertex  -2.153475e+00 1.568850e+02 7.413116e+00
   endloop
 endfacet
 facet normal  -6.1556981192e-01 -1.5608482311e-01 7.7247092803e-01
   outer loop
     vertex  -2.153475e+00 1.568850e+02 7.413116e+00
     vertex  2.731017e+00 1.553657e+02 1.099850e+01
     vertex  -2.153475e+00 1.600000e+02 8.042525e+00
   endloop
 endfacet
 facet normal  -6.1557949745e-01 -1.5610219374e-01 7.7245969955e-01
   outer loop
     vertex  2.731017e+00 1.553657e+02 1.099850e+01
     vertex  2.731017e+00 1.600000e+02 1.193502e+01
     vertex  -2.153475e+00 1.600000e+02 8.042525e+00
   endloop
 endfacet
 facet normal  -6.1557949745e-01 1.5610219374e-01 7.7245969955e-01
   outer loop
     vertex  -2.153475e+00 1.600000e+02 8.042525e+00
     vertex  2.731017e+00 1.600000e+02 1.193502e+01
     vertex  2.731017e+00 1.646343e+02 1.099850e+01
   endloop
 endfacet
 facet normal  -6.1556981192e-01 1.5608482311e-01 7.7247092803e-01
   outer loop
     vertex  -2.153475e+00 1.600000e+02 8.042525e+00
     vertex  2.731017e+00 1.646343e+02 1.099850e+01
     vertex  -2.153475e+00 1.631150e+02 7.413116e+00
   endloop
 endfacet
 facet normal  -6.1630962530e-01 4.3978435505e-01 6.5326270889e-01
   outer loop
     vertex  -2.153475e+00 1.631150e+02 7.413116e+00
     vertex  2.731017e+00 1.646343e+02 1.099850e+01
     vertex  2.731017e+00 1.684379e+02 8.437869e+00
   endloop
 endfacet
 facet normal  -6.1590840444e-01 4.3927779083e-01 6.5398154395e-01
   outer loop
     vertex  -2.153475e+00 1.631150e+02 7.413116e+00
     vertex  2.731017e+00 1.684379e+02 8.437869e+00
     vertex  -2.153475e+00 1.656861e+02 5.686098e+00
   endloop
 endfacet
 facet normal  -6.1598648440e-01 6.5347240468e-01 4.3992552479e-01
   outer loop
     vertex  -2.153475e+00 1.656861e+02 5.686098e+00
     vertex  2.731017e+00 1.684379e+02 8.437869e+00
     vertex  2.731017e+00 1.709985e+02 4.634262e+00
   endloop
 endfacet
 facet normal  -6.1638678076e-01 6.5367089382e-01 4.3906912790e-01
   outer loop
     vertex  -2.153475e+00 1.656861e+02 5.686098e+00
     vertex  2.731017e+00 1.709985e+02 4.634262e+00
     vertex  -2.153475e+00 1.674131e+02 3.114974e+00
   endloop
 endfacet
 facet normal  -6.1557171880e-01 7.7246565514e-01 1.5610339727e-01
   outer loop
     vertex  -2.153475e+00 1.674131e+02 3.114974e+00
     vertex  2.731017e+00 1.709985e+02 4.634262e+00
     vertex  2.731017e+00 1.719350e+02 0.000000e+00
   endloop
 endfacet
 facet normal  -6.1558138456e-01 7.7246206759e-01 1.5608303277e-01
   outer loop
     vertex  -2.153475e+00 1.674131e+02 3.114974e+00
     vertex  2.731017e+00 1.719350e+02 0.000000e+00
     vertex  -2.153475e+00 1.680425e+02 0.000000e+00
   endloop
 endfacet
 facet normal  -4.9541891381e-01 8.5144247489e-01 -1.7206339470e-01
   outer loop
     vertex  2.731017e+00 1.719350e+02 0.000000e+00
     vertex  7.743672e+00 1.748517e+02 0.000000e+00
     vertex  2.731017e+00 1.709985e+02 -4.634262e+00
   endloop
 endfacet
 facet normal  -4.9540883422e-01 8.5144560965e-01 -1.7207690370e-01
   outer loop
     vertex  7.743672e+00 1.748517e+02 0.000000e+00
     vertex  7.743672e+00 1.736845e+02 -5.775450e+00
     vertex  2.731017e+00 1.709985e+02 -4.634262e+00
   endloop
 endfacet
 facet normal  -4.9627196858e-01 7.2017570270e-01 -4.8483099162e-01
   outer loop
     vertex  2.731017e+00 1.709985e+02 -4.634262e+00
     vertex  7.743672e+00 1.736845e+02 -5.775450e+00
     vertex  2.731017e+00 1.684379e+02 -8.437869e+00
   endloop
 endfacet
 facet normal  -4.9585232070e-01 7.2007122315e-01 -4.8541519306e-01
   outer loop
     vertex  7.743672e+00 1.736845e+02 -5.775450e+00
     vertex  7.743672e+00 1.704997e+02 -1.049972e+01
     vertex  2.731017e+00 1.684379e+02 -8.437869e+00
   endloop
 endfacet
 facet normal  -4.9580673468e-01 4.8497941582e-01 -7.2039617439e-01
   outer loop
     vertex  2.731017e+00 1.684379e+02 -8.437869e+00
     vertex  7.743672e+00 1.704997e+02 -1.049972e+01
     vertex  2.731017e+00 1.646343e+02 -1.099850e+01
   endloop
 endfacet
 facet normal  -4.9622673201e-01 4.8529563314e-01 -7.1989386641e-01
   outer loop
     vertex  7.743672e+00 1.704997e+02 -1.049972e+01
     vertex  7.743672e+00 1.657755e+02 -1.368446e+01
     vertex  2.731017e+00 1.646343e+02 -1.099850e+01
   endloop
 endfacet
 facet normal  -4.9540771995e-01 1.7206465926e-01 -8.5144873248e-01
   outer loop
     vertex  2.731017e+00 1.646343e+02 -1.099850e+01
     vertex  7.743672e+00 1.657755e+02 -1.368446e+01
     vertex  2.731017e+00 1.600000e+02 -1.193502e+01
   endloop
 endfacet
 facet normal  -4.9541781622e-01 1.7207588894e-01 -8.5144058854e-01
   outer loop
     vertex  7.743672e+00 1.657755e+02 -1.368446e+01
     vertex  7.743672e+00 1.600000e+02 -1.485167e+01
     vertex  2.731017e+00 1.600000e+02 -1.193502e+01
   endloop
 endfacet
 facet normal  -4.9541781622e-01 -1.7207588894e-01 -8.5144058854e-01
   outer loop
     vertex  2.731017e+00 1.600000e+02 -1.193502e+01
     vertex  7.743672e+00 1.600000e+02 -1.485167e+01
     vertex  7.743672e+00 1.542245e+02 -1.368446e+01
   endloop
 endfacet
 facet normal  -4.9540771995e-01 -1.7206465926e-01 -8.5144873248e-01
   outer loop
     vertex  2.731017e+00 1.600000e+02 -1.193502e+01
     vertex  7.743672e+00 1.542245e+02 -1.368446e+01
     vertex  2.731017e+00 1.553657e+02 -1.099850e+01
   endloop
 endfacet
 facet normal  -4.9622673201e-01 -4.8529563314e-01 -7.1989386641e-01
   outer loop
     vertex  2.731017e+00 1.553657e+02 -1.099850e+01
     vertex  7.743672e+00 1.542245e+02 -1.368446e+01
     vertex  7.743672e+00 1.495003e+02 -1.049972e+01
   endloop
 endfacet
 facet normal  -4.9580673468e-01 -4.8497941582e-01 -7.2039617439e-01
   outer loop
     vertex  2.731017e+00 1.553657e+02 -1.099850e+01
     vertex  7.743672e+00 1.495003e+02 -1.049972e+01
     vertex  2.731017e+00 1.515621e+02 -8.437869e+00
   endloop
 endfacet
 facet normal  -4.9585232070e-01 -7.2007122315e-01 -4.8541519306e-01
   outer loop
     vertex  2.731017e+00 1.515621e+02 -8.437869e+00
     vertex  7.743672e+00 1.495003e+02 -1.049972e+01
     vertex  7.743672e+00 1.463155e+02 -5.775450e+00
   endloop
 endfacet
 facet normal  -4.9627196858e-01 -7.2017570270e-01 -4.8483099162e-01
   outer loop
     vertex  2.731017e+00 1.515621e+02 -8.437869e+00
     vertex  7.743672e+00 1.463155e+02 -5.775450e+00
     vertex  2.731017e+00 1.490015e+02 -4.634262e+00
   endloop
 endfacet
 facet normal  -4.9540883422e-01 -8.5144560965e-01 -1.7207690370e-01
   outer loop
     vertex  2.731017e+00 1.490015e+02 -4.634262e+00
     vertex  7.743672e+00 1.463155e+02 -5.775450e+00
     vertex  7.743672e+00 1.451483e+02 1.326252e-17
   endloop
 endfacet
 facet normal  -4.9541891381e-01 -8.5144247489e-01 -1.7206339470e-01
   outer loop
     vertex  2.731017e+00 1.490015e+02 -4.634262e+00
     vertex  7.743672e+00 1.451483e+02 1.326252e-17
     vertex  2.731017e+00 1.480650e+02 3.978755e-17
   endloop
 endfacet
 facet normal  -4.9541891381e-01 -8.5144247489e-01 1.7206339470e-01
   outer loop
     vertex  2.731017e+00 1.480650e+02 3.978755e-17
     vertex  7.743672e+00 1.451483e+02 1.326252e-17
     vertex  2.731017e+00 1.490015e+02 4.634262e+00
   endloop
 endfacet
 facet normal  -4.9540883422e-01 -8.5144560965e-01 1.7207690370e-01
   outer loop
     vertex  7.743672e+00 1.451483e+02 1.326252e-17
     vertex  7.743672e+00 1.463155e+02 5.775450e+00
     vertex  2.731017e+00 1.490015e+02 4.634262e+00
   endloop
 endfacet
 facet normal  -4.9627196858e-01 -7.2017570270e-01 4.8483099162e-01
   outer loop
     vertex  2.731017e+00 1.490015e+02 4.634262e+00
     vertex  7.743672e+00 1.463155e+02 5.775450e+00
     vertex  2.731017e+00 1.515621e+02 8.437869e+00
   endloop
 endfacet
 facet normal  -4.9585232070e-01 -7.2007122315e-01 4.8541519306e-01
   outer loop
     vertex  7.743672e+00 1.463155e+02 5.775450e+00
     vertex  7.743672e+00 1.495003e+02 1.049972e+01
     vertex  2.731017e+00 1.515621e+02 8.437869e+00
   endloop
 endfacet
 facet normal  -4.9580673468e-01 -4.8497941582e-01 7.2039617439e-01
   outer loop
     vertex  2.731017e+00 1.515621e+02 8.437869e+00
     vertex  7.743672e+00 1.495003e+02 1.049972e+01
     vertex  2.731017e+00 1.553657e+02 1.099850e+01
   endloop
 endfacet
 facet normal  -4.9622673201e-01 -4.8529563314e-01 7.1989386641e-01
   outer loop
     vertex  7.743672e+00 1.495003e+02 1.049972e+01
     vertex  7.743672e+00 1.542245e+02 1.368446e+01
     vertex  2.731017e+00 1.553657e+02 1.099850e+01
   endloop
 endfacet
 facet normal  -4.9540771995e-01 -1.7206465926e-01 8.5144873248e-01
   outer loop
     vertex  2.731017e+00 1.553657e+02 1.099850e+01
     vertex  7.743672e+00 1.542245e+02 1.368446e+01
     vertex  2.731017e+00 1.600000e+02 1.193502e+01
   endloop
 endfacet
 facet normal  -4.9541781622e-01 -1.7207588894e-01 8.5144058854e-01
   outer loop
     vertex  7.743672e+00 1.542245e+02 1.368446e+01
     vertex  7.743672e+00 1.600000e+02 1.485167e+01
     vertex  2.731017e+00 1.600000e+02 1.193502e+01
   endloop
 endfacet
 facet normal  -4.9541781622e-01 1.7207588894e-01 8.5144058854e-01
   outer loop
     vertex  2.731017e+00 1.600000e+02 1.193502e+01
     vertex  7.743672e+00 1.600000e+02 1.485167e+01
     vertex  7.743672e+00 1.657755e+02 1.368446e+01
   endloop
 endfacet
 facet normal  -4.9540771995e-01 1.7206465926e-01 8.5144873248e-01
   outer loop
     vertex  2.731017e+00 1.600000e+02 1.193502e+01
     vertex  7.743672e+00 1.657755e+02 1.368446e+01
     vertex  2.731017e+00 1.646343e+02 1.099850e+01
   endloop
 endfacet
 facet normal  -4.9622673201e-01 4.8529563314e-01 7.1989386641e-01
   outer loop
     vertex  2.731017e+00 1.646343e+02 1.099850e+01
     vertex  7.743672e+00 1.657755e+02 1.368446e+01
     vertex  7.743672e+00 1.704997e+02 1.049972e+01
   endloop
 endfacet
 facet normal  -4.9580673468e-01 4.8497941582e-01 7.2039617439e-01
   outer loop
     vertex  2.731017e+00 1.646343e+02 1.099850e+01
     vertex  7.743672e+00 1.704997e+02 1.049972e+01
     vertex  2.731017e+00 1.684379e+02 8.437869e+00
   endloop
 endfacet
 facet normal  -4.9585232070e-01 7.2007122315e-01 4.8541519306e-01
   outer loop
     vertex  2.731017e+00 1.684379e+02 8.437869e+00
     vertex  7.743672e+00 1.704997e+02 1.049972e+01
     vertex  7.743672e+00 1.736845e+02 5.775450e+00
   endloop
 endfacet
 facet normal  -4.9627196858e-01 7.2017570270e-01 4.8483099162e-01
   outer loop
     vertex  2.731017e+00 1.684379e+02 8.437869e+00
     vertex  7.743672e+00 1.736845e+02 5.775450e+00
     vertex  2.731017e+00 1.709985e+02 4.634262e+00
   endloop
 endfacet
 facet normal  -4.9540883422e-01 8.5144560965e-01 1.7207690370e-01
   outer loop
     vertex  2.731017e+00 1.709985e+02 4.634262e+00
     vertex  7.743672e+00 1.736845e+02 5.775450e+00
     vertex  7.743672e+00 1.748517e+02 0.000000e+00
   endloop
 endfacet
 facet normal  -4.9541891381e-01 8.5144247489e-01 1.7206339470e-01
   outer loop
     vertex  2.731017e+00 1.709985e+02 4.634262e+00
     vertex  7.743672e+00 1.748517e+02 0.000000e+00
     vertex  2.731017e+00 1.719350e+02 0.000000e+00
   endloop
 endfacet
 facet normal  -2.3028669718e-01 9.5383834714e-01 -1.9277044540e-01
   outer loop
     vertex  7.743672e+00 1.748517e+02 0.000000e+00
     vertex  1.250000e+01 1.760000e+02 0.000000e+00
     vertex  7.743672e+00 1.736845e+02 -5.775450e+00
   endloop
 endfacet
 facet normal  -2.3028040746e-01 9.5383878345e-01 -1.9277580018e-01
   outer loop
     vertex  1.250000e+01 1.760000e+02 0.000000e+00
     vertex  1.250000e+01 1.747418e+02 -6.225426e+00
     vertex  7.743672e+00 1.736845e+02 -5.775450e+00
   endloop
 endfacet
 facet normal  -2.3080894661e-01 8.0679768526e-01 -5.4387932965e-01
   outer loop
     vertex  7.743672e+00 1.736845e+02 -5.775450e+00
     vertex  1.250000e+01 1.747418e+02 -6.225426e+00
     vertex  7.743672e+00 1.704997e+02 -1.049972e+01
   endloop
 endfacet
 facet normal  -2.3054631474e-01 8.0672461692e-01 -5.4409906195e-01
   outer loop
     vertex  1.250000e+01 1.747418e+02 -6.225426e+00
     vertex  1.250000e+01 1.713115e+02 -1.131149e+01
     vertex  7.743672e+00 1.704997e+02 -1.049972e+01
   endloop
 endfacet
 facet normal  -2.3053658097e-01 5.4391542173e-01 -8.0685122472e-01
   outer loop
     vertex  7.743672e+00 1.704997e+02 -1.049972e+01
     vertex  1.250000e+01 1.713115e+02 -1.131149e+01
     vertex  7.743672e+00 1.657755e+02 -1.368446e+01
   endloop
 endfacet
 facet normal  -2.3079926691e-01 5.4406553101e-01 -8.0667490128e-01
   outer loop
     vertex  1.250000e+01 1.713115e+02 -1.131149e+01
     vertex  1.250000e+01 1.662254e+02 -1.474181e+01
     vertex  7.743672e+00 1.657755e+02 -1.368446e+01
   endloop
 endfacet
 facet normal  -2.3028016943e-01 1.9277075141e-01 -9.5383986128e-01
   outer loop
     vertex  7.743672e+00 1.657755e+02 -1.368446e+01
     vertex  1.250000e+01 1.662254e+02 -1.474181e+01
     vertex  7.743672e+00 1.600000e+02 -1.485167e+01
   endloop
 endfacet
 facet normal  -2.3028646338e-01 1.9277551628e-01 -9.5383737875e-01
   outer loop
     vertex  1.250000e+01 1.662254e+02 -1.474181e+01
     vertex  1.250000e+01 1.600000e+02 -1.600000e+01
     vertex  7.743672e+00 1.600000e+02 -1.485167e+01
   endloop
 endfacet
 facet normal  -2.3028646338e-01 -1.9277551628e-01 -9.5383737875e-01
   outer loop
     vertex  7.743672e+00 1.600000e+02 -1.485167e+01
     vertex  1.250000e+01 1.600000e+02 -1.600000e+01
     vertex  1.250000e+01 1.537746e+02 -1.474181e+01
   endloop
 endfacet
 facet normal  -2.3028016943e-01 -1.9277075141e-01 -9.5383986128e-01
   outer loop
     vertex  7.743672e+00 1.600000e+02 -1.485167e+01
     vertex  1.250000e+01 1.537746e+02 -1.474181e+01
     vertex  7.743672e+00 1.542245e+02 -1.368446e+01
   endloop
 endfacet
 facet normal  -2.3079926691e-01 -5.4406553101e-01 -8.0667490128e-01
   outer loop
     vertex  7.743672e+00 1.542245e+02 -1.368446e+01
     vertex  1.250000e+01 1.537746e+02 -1.474181e+01
     vertex  1.250000e+01 1.486885e+02 -1.131149e+01
   endloop
 endfacet
 facet normal  -2.3053658097e-01 -5.4391542173e-01 -8.0685122472e-01
   outer loop
     vertex  7.743672e+00 1.542245e+02 -1.368446e+01
     vertex  1.250000e+01 1.486885e+02 -1.131149e+01
     vertex  7.743672e+00 1.495003e+02 -1.049972e+01
   endloop
 endfacet
 facet normal  -2.3054631474e-01 -8.0672461692e-01 -5.4409906195e-01
   outer loop
     vertex  7.743672e+00 1.495003e+02 -1.049972e+01
     vertex  1.250000e+01 1.486885e+02 -1.131149e+01
     vertex  1.250000e+01 1.452582e+02 -6.225426e+00
   endloop
 endfacet
 facet normal  -2.3080894661e-01 -8.0679768526e-01 -5.4387932965e-01
   outer loop
     vertex  7.743672e+00 1.495003e+02 -1.049972e+01
     vertex  1.250000e+01 1.452582e+02 -6.225426e+00
     vertex  7.743672e+00 1.463155e+02 -5.775450e+00
   endloop
 endfacet
 facet normal  -2.3028040746e-01 -9.5383878345e-01 -1.9277580018e-01
   outer loop
     vertex  7.743672e+00 1.463155e+02 -5.775450e+00
     vertex  1.250000e+01 1.452582e+02 -6.225426e+00
     vertex  1.250000e+01 1.440000e+02 0.000000e+00
   endloop
 endfacet
 facet normal  -2.3028669718e-01 -9.5383834714e-01 -1.9277044540e-01
   outer loop
     vertex  7.743672e+00 1.463155e+02 -5.775450e+00
     vertex  1.250000e+01 1.440000e+02 0.000000e+00
     vertex  7.743672e+00 1.451483e+02 1.326252e-17
   endloop
 endfacet
 facet normal  -2.3028669718e-01 -9.5383834714e-01 1.9277044540e-01
   outer loop
     vertex  7.743672e+00 1.451483e+02 1.326252e-17
     vertex  1.250000e+01 1.440000e+02 0.000000e+00
     vertex  7.743672e+00 1.463155e+02 5.775450e+00
   endloop
 endfacet
 facet normal  -2.3028040746e-01 -9.5383878345e-01 1.9277580018e-01
   outer loop
     vertex  1.250000e+01 1.440000e+02 0.000000e+00
     vertex  1.250000e+01 1.452582e+02 6.225426e+00
     vertex  7.743672e+00 1.463155e+02 5.775450e+00
   endloop
 endfacet
 facet normal  -2.3080894661e-01 -8.0679768526e-01 5.4387932965e-01
   outer loop
     vertex  7.743672e+00 1.463155e+02 5.775450e+00
     vertex  1.250000e+01 1.452582e+02 6.225426e+00
     vertex  7.743672e+00 1.495003e+02 1.049972e+01
   endloop
 endfacet
 facet normal  -2.3054631474e-01 -8.0672461692e-01 5.4409906195e-01
   outer loop
     vertex  1.250000e+01 1.452582e+02 6.225426e+00
     vertex  1.250000e+01 1.486885e+02 1.131149e+01
     vertex  7.743672e+00 1.495003e+02 1.049972e+01
   endloop
 endfacet
 facet normal  -2.3053658097e-01 -5.4391542173e-01 8.0685122472e-01
   outer loop
     vertex  7.743672e+00 1.495003e+02 1.049972e+01
     vertex  1.250000e+01 1.486885e+02 1.131149e+01
     vertex  7.743672e+00 1.542245e+02 1.368446e+01
   endloop
 endfacet
 facet normal  -2.3079926691e-01 -5.4406553101e-01 8.0667490128e-01
   outer loop
     vertex  1.250000e+01 1.486885e+02 1.131149e+01
     vertex  1.250000e+01 1.537746e+02 1.474181e+01
     vertex  7.743672e+00 1.542245e+02 1.368446e+01
   endloop
 endfacet
 facet normal  -2.3028016943e-01 -1.9277075141e-01 9.5383986128e-01
   outer loop
     vertex  7.743672e+00 1.542245e+02 1.368446e+01
     vertex  1.250000e+01 1.537746e+02 1.474181e+01
     vertex  7.743672e+00 1.600000e+02 1.485167e+01
   endloop
 endfacet
 facet normal  -2.3028646338e-01 -1.9277551628e-01 9.5383737875e-01
   outer loop
     vertex  1.250000e+01 1.537746e+02 1.474181e+01
     vertex  1.250000e+01 1.600000e+02 1.600000e+01
     vertex  7.743672e+00 1.600000e+02 1.485167e+01
   endloop
 endfacet
 facet normal  -2.3028646338e-01 1.9277551628e-01 9.5383737875e-01
   outer loop
     vertex  7.743672e+00 1.600000e+02 1.485167e+01
     vertex  1.250000e+01 1.600000e+02 1.600000e+01
     vertex  1.250000e+01 1.662254e+02 1.474181e+01
   endloop
 endfacet
 facet normal  -2.3028016943e-01 1.9277075141e-01 9.5383986128e-01
   outer loop
     vertex  7.743672e+00 1.600000e+02 1.485167e+01
     vertex  1.250000e+01 1.662254e+02 1.474181e+01
     vertex  7.743672e+00 1.657755e+02 1.368446e+01
   endloop
 endfacet
 facet normal  -2.3079926691e-01 5.4406553101e-01 8.0667490128e-01
   outer loop
     vertex  7.743672e+00 1.657755e+02 1.368446e+01
     vertex  1.250000e+01 1.662254e+02 1.474181e+01
     vertex  1.250000e+01 1.713115e+02 1.131149e+01
   endloop
 endfacet
 facet normal  -2.3053658097e-01 5.4391542173e-01 8.0685122472e-01
   outer loop
     vertex  7.743672e+00 1.657755e+02 1.368446e+01
     vertex  1.250000e+01 1.713115e+02 1.131149e+01
     vertex  7.743672e+00 1.704997e+02 1.049972e+01
   endloop
 endfacet
 facet normal  -2.3054631474e-01 8.0672461692e-01 5.4409906195e-01
   outer loop
     vertex  7.743672e+00 1.704997e+02 1.049972e+01
     vertex  1.250000e+01 1.713115e+02 1.131149e+01
     vertex  1.250000e+01 1.747418e+02 6.225426e+00
   endloop
 endfacet
 facet normal  -2.3080894661e-01 8.0679768526e-01 5.4387932965e-01
   outer loop
     vertex  7.743672e+00 1.704997e+02 1.049972e+01
     vertex  1.250000e+01 1.747418e+02 6.225426e+00
     vertex  7.743672e+00 1.736845e+02 5.775450e+00
   endloop
 endfacet
 facet normal  -2.3028040746e-01 9.5383878345e-01 1.9277580018e-01
   outer loop
     vertex  7.743672e+00 1.736845e+02 5.775450e+00
     vertex  1.250000e+01 1.747418e+02 6.225426e+00
     vertex  1.250000e+01 1.760000e+02 0.000000e+00
   endloop
 endfacet
 facet normal  -2.3028669718e-01 9.5383834714e-01 1.9277044540e-01
   outer loop
     vertex  7.743672e+00 1.736845e+02 5.775450e+00
     vertex  1.250000e+01 1.760000e+02 0.000000e+00
     vertex  7.743672e+00 1.748517e+02 0.000000e+00
   endloop
 endfacet
 facet normal  0.0000000000e+00 9.8018184110e-01 -1.9809986972e-01
   outer loop
     vertex  1.250000e+01 1.760000e+02 0.000000e+00
     vertex  1.700000e+01 1.760000e+02 0.000000e+00
     vertex  1.250000e+01 1.747418e+02 -6.225426e+00
   endloop
 endfacet
 facet normal  0.0000000000e+00 9.8018184110e-01 -1.9809986972e-01
   outer loop
     vertex  1.700000e+01 1.760000e+02 0.000000e+00
     vertex  1.700000e+01 1.747418e+02 -6.225426e+00
     vertex  1.250000e+01 1.747418e+02 -6.225426e+00
   endloop
 endfacet
 facet normal  0.0000000000e+00 8.2905832649e-01 -5.5916213326e-01
   outer loop
     vertex  1.250000e+01 1.747418e+02 -6.225426e+00
     vertex  1.700000e+01 1.747418e+02 -6.225426e+00
     vertex  1.250000e+01 1.713115e+02 -1.131149e+01
   endloop
 endfacet
 facet normal  0.0000000000e+00 8.2905832649e-01 -5.5916213326e-01
   outer loop
     vertex  1.700000e+01 1.747418e+02 -6.225426e+00
     vertex  1.700000e+01 1.713115e+02 -1.131149e+01
     vertex  1.250000e+01 1.713115e+02 -1.131149e+01
   endloop
 endfacet
 facet normal  0.0000000000e+00 5.5916213326e-01 -8.2905832649e-01
   outer loop
     vertex  1.250000e+01 1.713115e+02 -1.131149e+01
     vertex  1.700000e+01 1.713115e+02 -1.131149e+01
     vertex  1.250000e+01 1.662254e+02 -1.474181e+01
   endloop
 endfacet
 facet normal  3.4488593047e-15 5.5916213326e-01 -8.2905832649e-01
   outer loop
     vertex  1.700000e+01 1.713115e+02 -1.131149e+01
     vertex  1.700000e+01 1.662254e+02 -1.474181e+01
     vertex  1.250000e+01 1.662254e+02 -1.474181e+01
   endloop
 endfacet
 facet normal  1.2218613141e-15 1.9809986972e-01 -9.8018184110e-01
   outer loop
     vertex  1.250000e+01 1.662254e+02 -1.474181e+01
     vertex  1.700000e+01 1.662254e+02 -1.474181e+01
     vertex  1.250000e+01 1.600000e+02 -1.600000e+01
   endloop
 endfacet
 facet normal  0.0000000000e+00 1.9809986972e-01 -9.8018184110e-01
   outer loop
     vertex  1.700000e+01 1.662254e+02 -1.474181e+01
     vertex  1.700000e+01 1.600000e+02 -1.600000e+01
     vertex  1.250000e+01 1.600000e+02 -1.600000e+01
   endloop
 endfacet
 facet normal  -0.0000000000e+00 -1.9809986972e-01 -9.8018184110e-01
   outer loop
     vertex  1.250000e+01 1.600000e+02 -1.600000e+01
     vertex  1.700000e+01 1.600000e+02 -1.600000e+01
     vertex  1.700000e+01 1.537746e+02 -1.474181e+01
   endloop
 endfacet
 facet normal  -0.0000000000e+00 -1.9809986972e-01 -9.8018184110e-01
   outer loop
     vertex  1.250000e+01 1.600000e+02 -1.600000e+01
     vertex  1.700000e+01 1.537746e+02 -1.474181e+01
     vertex  1.250000e+01 1.537746e+02 -1.474181e+01
   endloop
 endfacet
 facet normal  -0.0000000000e+00 -5.5916213326e-01 -8.2905832649e-01
   outer loop
     vertex  1.250000e+01 1.537746e+02 -1.474181e+01
     vertex  1.700000e+01 1.537746e+02 -1.474181e+01
     vertex  1.700000e+01 1.486885e+02 -1.131149e+01
   endloop
 endfacet
 facet normal  -0.0000000000e+00 -5.5916213326e-01 -8.2905832649e-01
   outer loop
     vertex  1.250000e+01 1.537746e+02 -1.474181e+01
     vertex  1.700000e+01 1.486885e+02 -1.131149e+01
     vertex  1.250000e+01 1.486885e+02 -1.131149e+01
   endloop
 endfacet
 facet normal  -0.0000000000e+00 -8.2905832649e-01 -5.5916213326e-01
   outer loop
     vertex  1.250000e+01 1.486885e+02 -1.131149e+01
     vertex  1.700000e+01 1.486885e+02 -1.131149e+01
     vertex  1.700000e+01 1.452582e+02 -6.225426e+00
   endloop
 endfacet
 facet normal  -0.0000000000e+00 -8.2905832649e-01 -5.5916213326e-01
   outer loop
     vertex  1.250000e+01 1.486885e+02 -1.131149e+01
     vertex  1.700000e+01 1.452582e+02 -6.225426e+00
     vertex  1.250000e+01 1.452582e+02 -6.225426e+00
   endloop
 endfacet
 facet normal  -0.0000000000e+00 -9.8018184110e-01 -1.9809986972e-01
   outer loop
     vertex  1.250000e+01 1.452582e+02 -6.225426e+00
     vertex  1.700000e+01 1.452582e+02 -6.225426e+00
     vertex  1.700000e+01 1.440000e+02 0.000000e+00
   endloop
 endfacet
 facet normal  -0.0000000000e+00 -9.8018184110e-01 -1.9809986972e-01
   outer loop
     vertex  1.250000e+01 1.452582e+02 -6.225426e+00
     vertex  1.700000e+01 1.440000e+02 0.000000e+00
     vertex  1.250000e+01 1.440000e+02 0.000000e+00
   endloop
 endfacet
 facet normal  0.0000000000e+00 -9.8018184110e-01 1.9809986972e-01
   outer loop
     vertex  1.250000e+01 1.440000e+02 0.000000e+00
     vertex  1.700000e+01 1.440000e+02 0.000000e+00
     vertex  1.250000e+01 1.452582e+02 6.225426e+00
   endloop
 endfacet
 facet normal  0.0000000000e+00 -9.8018184110e-01 1.9809986972e-01
   outer loop
     vertex  1.700000e+01 1.440000e+02 0.000000e+00
     vertex  1.700000e+01 1.452582e+02 6.225426e+00
     vertex  1.250000e+01 1.452582e+02 6.225426e+00
   endloop
 endfacet
 facet normal  0.0000000000e+00 -8.2905832649e-01 5.5916213326e-01
   outer loop
     vertex  1.250000e+01 1.452582e+02 6.225426e+00
     vertex  1.700000e+01 1.452582e+02 6.225426e+00
     vertex  1.250000e+01 1.486885e+02 1.131149e+01
   endloop
 endfacet
 facet normal  0.0000000000e+00 -8.2905832649e-01 5.5916213326e-01
   outer loop
     vertex  1.700000e+01 1.452582e+02 6.225426e+00
     vertex  1.700000e+01 1.486885e+02 1.131149e+01
     vertex  1.250000e+01 1.486885e+02 1.131149e+01
   endloop
 endfacet
 facet normal  0.0000000000e+00 -5.5916213326e-01 8.2905832649e-01
   outer loop
     vertex  1.250000e+01 1.486885e+02 1.131149e+01
     vertex  1.700000e+01 1.486885e+02 1.131149e+01
     vertex  1.250000e+01 1.537746e+02 1.474181e+01
   endloop
 endfacet
 facet normal  0.0000000000e+00 -5.5916213326e-01 8.2905832649e-01
   outer loop
     vertex  1.700000e+01 1.486885e+02 1.131149e+01
     vertex  1.700000e+01 1.537746e+02 1.474181e+01
     vertex  1.250000e+01 1.537746e+02 1.474181e+01
   endloop
 endfacet
 facet normal  0.0000000000e+00 -1.9809986972e-01 9.8018184110e-01
   outer loop
     vertex  1.250000e+01 1.537746e+02 1.474181e+01
     vertex  1.700000e+01 1.537746e+02 1.474181e+01
     vertex  1.250000e+01 1.600000e+02 1.600000e+01
   endloop
 endfacet
 facet normal  0.0000000000e+00 -1.9809986972e-01 9.8018184110e-01
   outer loop
     vertex  1.700000e+01 1.537746e+02 1.474181e+01
     vertex  1.700000e+01 1.600000e+02 1.600000e+01
     vertex  1.250000e+01 1.600000e+02 1.600000e+01
   endloop
 endfacet
 facet normal  0.0000000000e+00 1.9809986972e-01 9.8018184110e-01
   outer loop
     vertex  1.250000e+01 1.600000e+02 1.600000e+01
     vertex  1.700000e+01 1.600000e+02 1.600000e+01
     vertex  1.700000e+01 1.662254e+02 1.474181e+01
   endloop
 endfacet
 facet normal  1.2218613141e-15 1.9809986972e-01 9.8018184110e-01
   outer loop
     vertex  1.250000e+01 1.600000e+02 1.600000e+01
     vertex  1.700000e+01 1.662254e+02 1.474181e+01
     vertex  1.250000e+01 1.662254e+02 1.474181e+01
   endloop
 endfacet
 facet normal  3.4488593047e-15 5.5916213326e-01 8.2905832649e-01
   outer loop
     vertex  1.250000e+01 1.662254e+02 1.474181e+01
     vertex  1.700000e+01 1.662254e+02 1.474181e+01
     vertex  1.700000e+01 1.713115e+02 1.131149e+01
   endloop
 endfacet
 facet normal  0.0000000000e+00 5.5916213326e-01 8.2905832649e-01
   outer loop
     vertex  1.250000e+01 1.662254e+02 1.474181e+01
     vertex  1.700000e+01 1.713115e+02 1.131149e+01
     vertex  1.250000e+01 1.713115e+02 1.131149e+01
   endloop
 endfacet
 facet normal  0.0000000000e+00 8.2905832649e-01 5.5916213326e-01
   outer loop
     vertex  1.250000e+01 1.713115e+02 1.131149e+01
     vertex  1.700000e+01 1.713115e+02 1.131149e+01
     vertex  1.700000e+01 1.747418e+02 6.225426e+00
   endloop
 endfacet
 facet normal  0.0000000000e+00 8.2905832649e-01 5.5916213326e-01
   outer loop
     vertex  1.250000e+01 1.713115e+02 1.131149e+01
     vertex  1.700000e+01 1.747418e+02 6.225426e+00
     vertex  1.250000e+01 1.747418e+02 6.225426e+00
   endloop
 endfacet
 facet normal  0.0000000000e+00 9.8018184110e-01 1.9809986972e-01
   outer loop
     vertex  1.250000e+01 1.747418e+02 6.225426e+00
     vertex  1.700000e+01 1.747418e+02 6.225426e+00
     vertex  1.700000e+01 1.760000e+02 0.000000e+00
   endloop
 endfacet
 facet normal  0.0000000000e+00 9.8018184110e-01 1.9809986972e-01
   outer loop
     vertex  1.250000e+01 1.747418e+02 6.225426e+00
     vertex  1.700000e+01 1.760000e+02 0.000000e+00
     vertex  1.250000e+01 1.760000e+02 0.000000e+00
   endloop
 endfacet
 facet normal  0.0000000000e+00 9.8018184110e-01 -1.9809986972e-01
   outer loop
     vertex  1.700000e+01 1.760000e+02 0.000000e+00
     vertex  2.150000e+01 1.760000e+02 0.000000e+00
     vertex  1.700000e+01 1.747418e+02 -6.225426e+00
   endloop
 endfacet
 facet normal  0.0000000000e+00 9.8018184110e-01 -1.9809986972e-01
   outer loop
     vertex  2.150000e+01 1.760000e+02 0.000000e+00
     vertex  2.150000e+01 1.747418e+02 -6.225426e+00
     vertex  1.700000e+01 1.747418e+02 -6.225426e+00
   endloop
 endfacet
 facet normal  0.0000000000e+00 8.2905832649e-01 -5.5916213326e-01
   outer loop
     vertex  1.700000e+01 1.747418e+02 -6.225426e+00
     vertex  2.150000e+01 1.747418e+02 -6.225426e+00
     vertex  1.700000e+01 1.713115e+02 -1.131149e+01
   endloop
 endfacet
 facet normal  0.0000000000e+00 8.2905832649e-01 -5.5916213326e-01
   outer loop
     vertex  2.150000e+01 1.747418e+02 -6.225426e+00
     vertex  2.150000e+01 1.713115e+02 -1.131149e+01
     vertex  1.700000e+01 1.713115e+02 -1.131149e+01
   endloop
 endfacet
 facet normal  0.0000000000e+00 5.5916213326e-01 -8.2905832649e-01
   outer loop
     vertex  1.700000e+01 1.713115e+02 -1.131149e+01
     vertex  2.150000e+01 1.713115e+02 -1.131149e+01
     vertex  1.700000e+01 1.662254e+02 -1.474181e+01
   endloop
 endfacet
 facet normal  -3.7684564029e-15 5.5916213326e-01 -8.2905832649e-01
   outer loop
     vertex  2.150000e+01 1.713115e+02 -1.131149e+01
     vertex  2.150000e+01 1.662254e+02 -1.474181e+01
     vertex  1.700000e+01 1.662254e+02 -1.474181e+01
   endloop
 endfacet
 facet normal  -1.5997156365e-15 1.9809986972e-01 -9.8018184110e-01
   outer loop
     vertex  1.700000e+01 1.662254e+02 -1.474181e+01
     vertex  2.150000e+01 1.662254e+02 -1.474181e+01
     vertex  1.700000e+01 1.600000e+02 -1.600000e+01
   endloop
 endfacet
 facet normal  0.0000000000e+00 1.9809986972e-01 -9.8018184110e-01
   outer loop
     vertex  2.150000e+01 1.662254e+02 -1.474181e+01
     vertex  2.150000e+01 1.600000e+02 -1.600000e+01
     vertex  1.700000e+01 1.600000e+02 -1.600000e+01
   endloop
 endfacet
 facet normal  -0.0000000000e+00 -1.9809986972e-01 -9.8018184110e-01
   outer loop
     vertex  1.700000e+01 1.600000e+02 -1.600000e+01
     vertex  2.150000e+01 1.600000e+02 -1.600000e+01
     vertex  2.150000e+01 1.537746e+02 -1.474181e+01
   endloop
 endfacet
 facet normal  -3.7785432233e-16 -1.9809986972e-01 -9.8018184110e-01
   outer loop
     vertex  1.700000e+01 1.600000e+02 -1.600000e+01
     vertex  2.150000e+01 1.537746e+02 -1.474181e+01
     vertex  1.700000e+01 1.537746e+02 -1.474181e+01
   endloop
 endfacet
 facet normal  -3.1959709821e-16 -5.5916213326e-01 -8.2905832649e-01
   outer loop
     vertex  1.700000e+01 1.537746e+02 -1.474181e+01
     vertex  2.150000e+01 1.537746e+02 -1.474181e+01
     vertex  2.150000e+01 1.486885e+02 -1.131149e+01
   endloop
 endfacet
 facet normal  -0.0000000000e+00 -5.5916213326e-01 -8.2905832649e-01
   outer loop
     vertex  1.700000e+01 1.537746e+02 -1.474181e+01
     vertex  2.150000e+01 1.486885e+02 -1.131149e+01
     vertex  1.700000e+01 1.486885e+02 -1.131149e+01
   endloop
 endfacet
 facet normal  -0.0000000000e+00 -8.2905832649e-01 -5.5916213326e-01
   outer loop
     vertex  1.700000e+01 1.486885e+02 -1.131149e+01
     vertex  2.150000e+01 1.486885e+02 -1.131149e+01
     vertex  2.150000e+01 1.452582e+02 -6.225426e+00
   endloop
 endfacet
 facet normal  -0.0000000000e+00 -8.2905832649e-01 -5.5916213326e-01
   outer loop
     vertex  1.700000e+01 1.486885e+02 -1.131149e+01
     vertex  2.150000e+01 1.452582e+02 -6.225426e+00
     vertex  1.700000e+01 1.452582e+02 -6.225426e+00
   endloop
 endfacet
 facet normal  -0.0000000000e+00 -9.8018184110e-01 -1.9809986972e-01
   outer loop
     vertex  1.700000e+01 1.452582e+02 -6.225426e+00
     vertex  2.150000e+01 1.452582e+02 -6.225426e+00
     vertex  2.150000e+01 1.440000e+02 0.000000e+00
   endloop
 endfacet
 facet normal  -0.0000000000e+00 -9.8018184110e-01 -1.9809986972e-01
   outer loop
     vertex  1.700000e+01 1.452582e+02 -6.225426e+00
     vertex  2.150000e+01 1.440000e+02 0.000000e+00
     vertex  1.700000e+01 1.440000e+02 0.000000e+00
   endloop
 endfacet
 facet normal  0.0000000000e+00 -9.8018184110e-01 1.9809986972e-01
   outer loop
     vertex  1.700000e+01 1.440000e+02 0.000000e+00
     vertex  2.150000e+01 1.440000e+02 0.000000e+00
     vertex  1.700000e+01 1.452582e+02 6.225426e+00
   endloop
 endfacet
 facet normal  0.0000000000e+00 -9.8018184110e-01 1.9809986972e-01
   outer loop
     vertex  2.150000e+01 1.440000e+02 0.000000e+00
     vertex  2.150000e+01 1.452582e+02 6.225426e+00
     vertex  1.700000e+01 1.452582e+02 6.225426e+00
   endloop
 endfacet
 facet normal  0.0000000000e+00 -8.2905832649e-01 5.5916213326e-01
   outer loop
     vertex  1.700000e+01 1.452582e+02 6.225426e+00
     vertex  2.150000e+01 1.452582e+02 6.225426e+00
     vertex  1.700000e+01 1.486885e+02 1.131149e+01
   endloop
 endfacet
 facet normal  0.0000000000e+00 -8.2905832649e-01 5.5916213326e-01
   outer loop
     vertex  2.150000e+01 1.452582e+02 6.225426e+00
     vertex  2.150000e+01 1.486885e+02 1.131149e+01
     vertex  1.700000e+01 1.486885e+02 1.131149e+01
   endloop
 endfacet
 facet normal  0.0000000000e+00 -5.5916213326e-01 8.2905832649e-01
   outer loop
     vertex  1.700000e+01 1.486885e+02 1.131149e+01
     vertex  2.150000e+01 1.486885e+02 1.131149e+01
     vertex  1.700000e+01 1.537746e+02 1.474181e+01
   endloop
 endfacet
 facet normal  -3.1959709821e-16 -5.5916213326e-01 8.2905832649e-01
   outer loop
     vertex  2.150000e+01 1.486885e+02 1.131149e+01
     vertex  2.150000e+01 1.537746e+02 1.474181e+01
     vertex  1.700000e+01 1.537746e+02 1.474181e+01
   endloop
 endfacet
 facet normal  -3.7785432233e-16 -1.9809986972e-01 9.8018184110e-01
   outer loop
     vertex  1.700000e+01 1.537746e+02 1.474181e+01
     vertex  2.150000e+01 1.537746e+02 1.474181e+01
     vertex  1.700000e+01 1.600000e+02 1.600000e+01
   endloop
 endfacet
 facet normal  0.0000000000e+00 -1.9809986972e-01 9.8018184110e-01
   outer loop
     vertex  2.150000e+01 1.537746e+02 1.474181e+01
     vertex  2.150000e+01 1.600000e+02 1.600000e+01
     vertex  1.700000e+01 1.600000e+02 1.600000e+01
   endloop
 endfacet
 facet normal  0.0000000000e+00 1.9809986972e-01 9.8018184110e-01
   outer loop
     vertex  1.700000e+01 1.600000e+02 1.600000e+01
     vertex  2.150000e+01 1.600000e+02 1.600000e+01
     vertex  2.150000e+01 1.662254e+02 1.474181e+01
   endloop
 endfacet
 facet normal  -1.5997156365e-15 1.9809986972e-01 9.8018184110e-01
   outer loop
     vertex  1.700000e+01 1.600000e+02 1.600000e+01
     vertex  2.150000e+01 1.662254e+02 1.474181e+01
     vertex  1.700000e+01 1.662254e+02 1.474181e+01
   endloop
 endfacet
 facet normal  -3.7684564029e-15 5.5916213326e-01 8.2905832649e-01
   outer loop
     vertex  1.700000e+01 1.662254e+02 1.474181e+01
     vertex  2.150000e+01 1.662254e+02 1.474181e+01
     vertex  2.150000e+01 1.713115e+02 1.131149e+01
   endloop
 endfacet
 facet normal  0.0000000000e+00 5.5916213326e-01 8.2905832649e-01
   outer loop
     vertex  1.700000e+01 1.662254e+02 1.474181e+01
     vertex  2.150000e+01 1.713115e+02 1.131149e+01
     vertex  1.700000e+01 1.713115e+02 1.131149e+01
   endloop
 endfacet
 facet normal  0.0000000000e+00 8.2905832649e-01 5.5916213326e-01
   outer loop
     vertex  1.700000e+01 1.713115e+02 1.131149e+01
     vertex  2.150000e+01 1.713115e+02 1.131149e+01
     vertex  2.150000e+01 1.747418e+02 6.225426e+00
   endloop
 endfacet
 facet normal  0.0000000000e+00 8.2905832649e-01 5.5916213326e-01
   outer loop
     vertex  1.700000e+01 1.713115e+02 1.131149e+01
     vertex  2.150000e+01 1.747418e+02 6.225426e+00
     vertex  1.700000e+01 1.747418e+02 6.225426e+00
   endloop
 endfacet
 facet normal  0.0000000000e+00 9.8018184110e-01 1.9809986972e-01
   outer loop
     vertex  1.700000e+01 1.747418e+02 6.225426e+00
     vertex  2.150000e+01 1.747418e+02 6.225426e+00
     vertex  2.150000e+01 1.760000e+02 0.000000e+00
   endloop
 endfacet
 facet normal  0.0000000000e+00 9.8018184110e-01 1.9809986972e-01
   outer loop
     vertex  1.700000e+01 1.747418e+02 6.225426e+00
     vertex  2.150000e+01 1.760000e+02 0.000000e+00
     vertex  1.700000e+01 1.760000e+02 0.000000e+00
   endloop
 endfacet
 facet normal  0.0000000000e+00 9.8018184110e-01 -1.9809986972e-01
   outer loop
     vertex  2.150000e+01 1.760000e+02 0.000000e+00
     vertex  2.600000e+01 1.760000e+02 0.000000e+00
     vertex  2.150000e+01 1.747418e+02 -6.225426e+00
   endloop
 endfacet
 facet normal  0.0000000000e+00 9.8018184110e-01 -1.9809986972e-01
   outer loop
     vertex  2.600000e+01 1.760000e+02 0.000000e+00
     vertex  2.600000e+01 1.747418e+02 -6.225426e+00
     vertex  2.150000e+01 1.747418e+02 -6.225426e+00
   endloop
 endfacet
 facet normal  0.0000000000e+00 8.2905832649e-01 -5.5916213326e-01
   outer loop
     vertex  2.150000e+01 1.747418e+02 -6.225426e+00
     vertex  2.600000e+01 1.747418e+02 -6.225426e+00
     vertex  2.150000e+01 1.713115e+02 -1.131149e+01
   endloop
 endfacet
 facet normal  0.0000000000e+00 8.2905832649e-01 -5.5916213326e-01
   outer loop
     vertex  2.600000e+01 1.747418e+02 -6.225426e+00
     vertex  2.600000e+01 1.713115e+02 -1.131149e+01
     vertex  2.150000e+01 1.713115e+02 -1.131149e+01
   endloop
 endfacet
 facet normal  0.0000000000e+00 5.5916213326e-01 -8.2905832649e-01
   outer loop
     vertex  2.150000e+01 1.713115e+02 -1.131149e+01
     vertex  2.600000e+01 1.713115e+02 -1.131149e+01
     vertex  2.150000e+01 1.662254e+02 -1.474181e+01
   endloop
 endfacet
 facet normal  0.0000000000e+00 5.5916213326e-01 -8.2905832649e-01
   outer loop
     vertex  2.600000e+01 1.713115e+02 -1.131149e+01
     vertex  2.600000e+01 1.662254e+02 -1.474181e+01
     vertex  2.150000e+01 1.662254e+02 -1.474181e+01
   endloop
 endfacet
 facet normal  0.0000000000e+00 1.9809986972e-01 -9.8018184110e-01
   outer loop
     vertex  2.150000e+01 1.662254e+02 -1.474181e+01
     vertex  2.600000e+01 1.662254e+02 -1.474181e+01
     vertex  2.150000e+01 1.600000e+02 -1.600000e+01
   endloop
 endfacet
 facet normal  0.0000000000e+00 1.9809986972e-01 -9.8018184110e-01
   outer loop
     vertex  2.600000e+01 1.662254e+02 -1.474181e+01
     vertex  2.600000e+01 1.600000e+02 -1.600000e+01
     vertex  2.150000e+01 1.600000e+02 -1.600000e+01
   endloop
 endfacet
 facet normal  -0.0000000000e+00 -1.9809986972e-01 -9.8018184110e-01
   outer loop
     vertex  2.150000e+01 1.600000e+02 -1.600000e+01
     vertex  2.600000e+01 1.600000e+02 -1.600000e+01
     vertex  2.600000e+01 1.537746e+02 -1.474181e+01
   endloop
 endfacet
 facet normal  -0.0000000000e+00 -1.9809986972e-01 -9.8018184110e-01
   outer loop
     vertex  2.150000e+01 1.600000e+02 -1.600000e+01
     vertex  2.600000e+01 1.537746e+02 -1.474181e+01
     vertex  2.150000e+01 1.537746e+02 -1.474181e+01
   endloop
 endfacet
 facet normal  -0.0000000000e+00 -5.5916213326e-01 -8.2905832649e-01
   outer loop
     vertex  2.150000e+01 1.537746e+02 -1.474181e+01
     vertex  2.600000e+01 1.537746e+02 -1.474181e+01
     vertex  2.600000e+01 1.486885e+02 -1.131149e+01
   endloop
 endfacet
 facet normal  -0.0000000000e+00 -5.5916213326e-01 -8.2905832649e-01
   outer loop
     vertex  2.150000e+01 1.537746e+02 -1.474181e+01
     vertex  2.600000e+01 1.486885e+02 -1.131149e+01
     vertex  2.150000e+01 1.486885e+02 -1.131149e+01
   endloop
 endfacet
 facet normal  -0.0000000000e+00 -8.2905832649e-01 -5.5916213326e-01
   outer loop
     vertex  2.150000e+01 1.486885e+02 -1.131149e+01
     vertex  2.600000e+01 1.486885e+02 -1.131149e+01
     vertex  2.600000e+01 1.452582e+02 -6.225426e+00
   endloop
 endfacet
 facet normal  -0.0000000000e+00 -8.2905832649e-01 -5.5916213326e-01
   outer loop
     vertex  2.150000e+01 1.486885e+02 -1.131149e+01
     vertex  2.600000e+01 1.452582e+02 -6.225426e+00
     vertex  2.150000e+01 1.452582e+02 -6.225426e+00
   endloop
 endfacet
 facet normal  -0.0000000000e+00 -9.8018184110e-01 -1.9809986972e-01
   outer loop
     vertex  2.150000e+01 1.452582e+02 -6.225426e+00
     vertex  2.600000e+01 1.452582e+02 -6.225426e+00
     vertex  2.600000e+01 1.440000e+02 0.000000e+00
   endloop
 endfacet
 facet normal  -0.0000000000e+00 -9.8018184110e-01 -1.9809986972e-01
   outer loop
     vertex  2.150000e+01 1.452582e+02 -6.225426e+00
     vertex  2.600000e+01 1.440000e+02 0.000000e+00
     vertex  2.150000e+01 1.440000e+02 0.000000e+00
   endloop
 endfacet
 facet normal  0.0000000000e+00 -9.8018184110e-01 1.9809986972e-01
   outer loop
     vertex  2.150000e+01 1.440000e+02 0.000000e+00
     vertex  2.600000e+01 1.440000e+02 0.000000e+00
     vertex  2.150000e+01 1.452582e+02 6.225426e+00
   endloop
 endfacet
 facet normal  0.0000000000e+00 -9.8018184110e-01 1.9809986972e-01
   outer loop
     vertex  2.600000e+01 1.440000e+02 0.000000e+00
     vertex  2.600000e+01 1.452582e+02 6.225426e+00
     vertex  2.150000e+01 1.452582e+02 6.225426e+00
   endloop
 endfacet
 facet normal  0.0000000000e+00 -8.2905832649e-01 5.5916213326e-01
   outer loop
     vertex  2.150000e+01 1.452582e+02 6.225426e+00
     vertex  2.600000e+01 1.452582e+02 6.225426e+00
     vertex  2.150000e+01 1.486885e+02 1.131149e+01
   endloop
 endfacet
 facet normal  0.0000000000e+00 -8.2905832649e-01 5.5916213326e-01
   outer loop
     vertex  2.600000e+01 1.452582e+02 6.225426e+00
     vertex  2.600000e+01 1.486885e+02 1.131149e+01
     vertex  2.150000e+01 1.486885e+02 1.131149e+01
   endloop
 endfacet
 facet normal  0.0000000000e+00 -5.5916213326e-01 8.2905832649e-01
   outer loop
     vertex  2.150000e+01 1.486885e+02 1.131149e+01
     vertex  2.600000e+01 1.486885e+02 1.131149e+01
     vertex  2.150000e+01 1.537746e+02 1.474181e+01
   endloop
 endfacet
 facet normal  0.0000000000e+00 -5.5916213326e-01 8.2905832649e-01
   outer loop
     vertex  2.600000e+01 1.486885e+02 1.131149e+01
     vertex  2.600000e+01 1.537746e+02 1.474181e+01
     vertex  2.150000e+01 1.537746e+02 1.474181e+01
   endloop
 endfacet
 facet normal  0.0000000000e+00 -1.9809986972e-01 9.8018184110e-01
   outer loop
     vertex  2.150000e+01 1.537746e+02 1.474181e+01
     vertex  2.600000e+01 1.537746e+02 1.474181e+01
     vertex  2.150000e+01 1.600000e+02 1.600000e+01
   endloop
 endfacet
 facet normal  0.0000000000e+00 -1.9809986972e-01 9.8018184110e-01
   outer loop
     vertex  2.600000e+01 1.537746e+02 1.474181e+01
     vertex  2.600000e+01 1.600000e+02 1.600000e+01
     vertex  2.150000e+01 1.600000e+02 1.600000e+01
   endloop
 endfacet
 facet normal  0.0000000000e+00 1.9809986972e-01 9.8018184110e-01
   outer loop
     vertex  2.150000e+01 1.600000e+02 1.600000e+01
     vertex  2.600000e+01 1.600000e+02 1.600000e+01
     vertex  2.600000e+01 1.662254e+02 1.474181e+01
   endloop
 endfacet
 facet normal  0.0000000000e+00 1.9809986972e-01 9.8018184110e-01
   outer loop
     vertex  2.150000e+01 1.600000e+02 1.600000e+01
     vertex  2.600000e+01 1.662254e+02 1.474181e+01
     vertex  2.150000e+01 1.662254e+02 1.474181e+01
   endloop
 endfacet
 facet normal  0.0000000000e+00 5.5916213326e-01 8.2905832649e-01
   outer loop
     vertex  2.150000e+01 1.662254e+02 1.474181e+01
     vertex  2.600000e+01 1.662254e+02 1.474181e+01
     vertex  2.600000e+01 1.713115e+02 1.131149e+01
   endloop
 endfacet
 facet normal  0.0000000000e+00 5.5916213326e-01 8.2905832649e-01
   outer loop
     vertex  2.150000e+01 1.662254e+02 1.474181e+01
     vertex  2.600000e+01 1.713115e+02 1.131149e+01
     vertex  2.150000e+01 1.713115e+02 1.131149e+01
   endloop
 endfacet
 facet normal  0.0000000000e+00 8.2905832649e-01 5.5916213326e-01
   outer loop
     vertex  2.150000e+01 1.713115e+02 1.131149e+01
     vertex  2.600000e+01 1.713115e+02 1.131149e+01
     vertex  2.600000e+01 1.747418e+02 6.225426e+00
   endloop
 endfacet
 facet normal  0.0000000000e+00 8.2905832649e-01 5.5916213326e-01
   outer loop
     vertex  2.150000e+01 1.713115e+02 1.131149e+01
     vertex  2.600000e+01 1.747418e+02 6.225426e+00
     vertex  2.150000e+01 1.747418e+02 6.225426e+00
   endloop
 endfacet
 facet normal  0.0000000000e+00 9.8018184110e-01 1.9809986972e-01
   outer loop
     vertex  2.150000e+01 1.747418e+02 6.225426e+00
     vertex  2.600000e+01 1.747418e+02 6.225426e+00
     vertex  2.600000e+01 1.760000e+02 0.000000e+00
   endloop
 endfacet
 facet normal  0.0000000000e+00 9.8018184110e-01 1.9809986972e-01
   outer loop
     vertex  2.150000e+01 1.747418e+02 6.225426e+00
     vertex  2.600000e+01 1.760000e+02 0.000000e+00
     vertex  2.150000e+01 1.760000e+02 0.000000e+00
   endloop
 endfacet
 facet normal  0.0000000000e+00 9.8018184110e-01 -1.9809986972e-01
   outer loop
     vertex  2.600000e+01 1.760000e+02 0.000000e+00
     vertex  3.050000e+01 1.760000e+02 0.000000e+00
     vertex  2.600000e+01 1.747418e+02 -6.225426e+00
   endloop
 endfacet
 facet normal  0.0000000000e+00 9.8018184110e-01 -1.9809986972e-01
   outer loop
     vertex  3.050000e+01 1.760000e+02 0.000000e+00
     vertex  3.050000e+01 1.747418e+02 -6.225426e+00
     vertex  2.600000e+01 1.747418e+02 -6.225426e+00
   endloop
 endfacet
 facet normal  0.0000000000e+00 8.2905832649e-01 -5.5916213326e-01
   outer loop
     vertex  2.600000e+01 1.747418e+02 -6.225426e+00
     vertex  3.050000e+01 1.747418e+02 -6.225426e+00
     vertex  2.600000e+01 1.713115e+02 -1.131149e+01
   endloop
 endfacet
 facet normal  0.0000000000e+00 8.2905832649e-01 -5.5916213326e-01
   outer loop
     vertex  3.050000e+01 1.747418e+02 -6.225426e+00
     vertex  3.050000e+01 1.713115e+02 -1.131149e+01
     vertex  2.600000e+01 1.713115e+02 -1.131149e+01
   endloop
 endfacet
 facet normal  0.0000000000e+00 5.5916213326e-01 -8.2905832649e-01
   outer loop
     vertex  2.600000e+01 1.713115e+02 -1.131149e+01
     vertex  3.050000e+01 1.713115e+02 -1.131149e+01
     vertex  2.600000e+01 1.662254e+02 -1.474181e+01
   endloop
 endfacet
 facet normal  3.7684564029e-15 5.5916213326e-01 -8.2905832649e-01
   outer loop
     vertex  3.050000e+01 1.713115e+02 -1.131149e+01
     vertex  3.050000e+01 1.662254e+02 -1.474181e+01
     vertex  2.600000e+01 1.662254e+02 -1.474181e+01
   endloop
 endfacet
 facet normal  1.5997156365e-15 1.9809986972e-01 -9.8018184110e-01
   outer loop
     vertex  2.600000e+01 1.662254e+02 -1.474181e+01
     vertex  3.050000e+01 1.662254e+02 -1.474181e+01
     vertex  2.600000e+01 1.600000e+02 -1.600000e+01
   endloop
 endfacet
 facet normal  0.0000000000e+00 1.9809986972e-01 -9.8018184110e-01
   outer loop
     vertex  3.050000e+01 1.662254e+02 -1.474181e+01
     vertex  3.050000e+01 1.600000e+02 -1.600000e+01
     vertex  2.600000e+01 1.600000e+02 -1.600000e+01
   endloop
 endfacet
 facet normal  -0.0000000000e+00 -1.9809986972e-01 -9.8018184110e-01
   outer loop
     vertex  2.600000e+01 1.600000e+02 -1.600000e+01
     vertex  3.050000e+01 1.600000e+02 -1.600000e+01
     vertex  3.050000e+01 1.537746e+02 -1.474181e+01
   endloop
 endfacet
 facet normal  3.7785432233e-16 -1.9809986972e-01 -9.8018184110e-01
   outer loop
     vertex  2.600000e+01 1.600000e+02 -1.600000e+01
     vertex  3.050000e+01 1.537746e+02 -1.474181e+01
     vertex  2.600000e+01 1.537746e+02 -1.474181e+01
   endloop
 endfacet
 facet normal  3.1959709821e-16 -5.5916213326e-01 -8.2905832649e-01
   outer loop
     vertex  2.600000e+01 1.537746e+02 -1.474181e+01
     vertex  3.050000e+01 1.537746e+02 -1.474181e+01
     vertex  3.050000e+01 1.486885e+02 -1.131149e+01
   endloop
 endfacet
 facet normal  -0.0000000000e+00 -5.5916213326e-01 -8.2905832649e-01
   outer loop
     vertex  2.600000e+01 1.537746e+02 -1.474181e+01
     vertex  3.050000e+01 1.486885e+02 -1.131149e+01
     vertex  2.600000e+01 1.486885e+02 -1.131149e+01
   endloop
 endfacet
 facet normal  -0.0000000000e+00 -8.2905832649e-01 -5.5916213326e-01
   outer loop
     vertex  2.600000e+01 1.486885e+02 -1.131149e+01
     vertex  3.050000e+01 1.486885e+02 -1.131149e+01
     vertex  3.050000e+01 1.452582e+02 -6.225426e+00
   endloop
 endfacet
 facet normal  -0.0000000000e+00 -8.2905832649e-01 -5.5916213326e-01
   outer loop
     vertex  2.600000e+01 1.486885e+02 -1.131149e+01
     vertex  3.050000e+01 1.452582e+02 -6.225426e+00
     vertex  2.600000e+01 1.452582e+02 -6.225426e+00
   endloop
 endfacet
 facet normal  -0.0000000000e+00 -9.8018184110e-01 -1.9809986972e-01
   outer loop
     vertex  2.600000e+01 1.452582e+02 -6.225426e+00
     vertex  3.050000e+01 1.452582e+02 -6.225426e+00
     vertex  3.050000e+01 1.440000e+02 0.000000e+00
   endloop
 endfacet
 facet normal  -0.0000000000e+00 -9.8018184110e-01 -1.9809986972e-01
   outer loop
     vertex  2.600000e+01 1.452582e+02 -6.225426e+00
     vertex  3.050000e+01 1.440000e+02 0.000000e+00
     vertex  2.600000e+01 1.440000e+02 0.000000e+00
   endloop
 endfacet
 facet normal  0.0000000000e+00 -9.8018184110e-01 1.9809986972e-01
   outer loop
     vertex  2.600000e+01 1.440000e+02 0.000000e+00
     vertex  3.050000e+01 1.440000e+02 0.000000e+00
     vertex  2.600000e+01 1.452582e+02 6.225426e+00
   endloop
 endfacet
 facet normal  0.0000000000e+00 -9.8018184110e-01 1.9809986972e-01
   outer loop
     vertex  3.050000e+01 1.440000e+02 0.000000e+00
     vertex  3.050000e+01 1.452582e+02 6.225426e+00
     vertex  2.600000e+01 1.452582e+02 6.225426e+00
   endloop
 endfacet
 facet normal  0.0000000000e+00 -8.2905832649e-01 5.5916213326e-01
   outer loop
     vertex  2.600000e+01 1.452582e+02 6.225426e+00
     vertex  3.050000e+01 1.452582e+02 6.225426e+00
     vertex  2.600000e+01 1.486885e+02 1.131149e+01
   endloop
 endfacet
 facet normal  0.0000000000e+00 -8.2905832649e-01 5.5916213326e-01
   outer loop
     vertex  3.050000e+01 1.452582e+02 6.225426e+00
     vertex  3.050000e+01 1.486885e+02 1.131149e+01
     vertex  2.600000e+01 1.486885e+02 1.131149e+01
   endloop
 endfacet
 facet normal  0.0000000000e+00 -5.5916213326e-01 8.2905832649e-01
   outer loop
     vertex  2.600000e+01 1.486885e+02 1.131149e+01
     vertex  3.050000e+01 1.486885e+02 1.131149e+01
     vertex  2.600000e+01 1.537746e+02 1.474181e+01
   endloop
 endfacet
 facet normal  3.1959709821e-16 -5.5916213326e-01 8.2905832649e-01
   outer loop
     vertex  3.050000e+01 1.486885e+02 1.131149e+01
     vertex  3.050000e+01 1.537746e+02 1.474181e+01
     vertex  2.600000e+01 1.537746e+02 1.474181e+01
   endloop
 endfacet
 facet normal  3.7785432233e-16 -1.9809986972e-01 9.8018184110e-01
   outer loop
     vertex  2.600000e+01 1.537746e+02 1.474181e+01
     vertex  3.050000e+01 1.537746e+02 1.474181e+01
     vertex  2.600000e+01 1.600000e+02 1.600000e+01
   endloop
 endfacet
 facet normal  0.0000000000e+00 -1.9809986972e-01 9.8018184110e-01
   outer loop
     vertex  3.050000e+01 1.537746e+02 1.474181e+01
     vertex  3.050000e+01 1.600000e+02 1.600000e+01
     vertex  2.600000e+01 1.600000e+02 1.600000e+01
   endloop
 endfacet
 facet normal  0.0000000000e+00 1.9809986972e-01 9.8018184110e-01
   outer loop
     vertex  2.600000e+01 1.600000e+02 1.600000e+01
     vertex  3.050000e+01 1.600000e+02 1.600000e+01
     vertex  3.050000e+01 1.662254e+02 1.474181e+01
   endloop
 endfacet
 facet normal  1.5997156365e-15 1.9809986972e-01 9.8018184110e-01
   outer loop
     vertex  2.600000e+01 1.600000e+02 1.600000e+01
     vertex  3.050000e+01 1.662254e+02 1.474181e+01
     vertex  2.600000e+01 1.662254e+02 1.474181e+01
   endloop
 endfacet
 facet normal  3.7684564029e-15 5.5916213326e-01 8.2905832649e-01
   outer loop
     vertex  2.600000e+01 1.662254e+02 1.474181e+01
     vertex  3.050000e+01 1.662254e+02 1.474181e+01
     vertex  3.050000e+01 1.713115e+02 1.131149e+01
   endloop
 endfacet
 facet normal  0.0000000000e+00 5.5916213326e-01 8.2905832649e-01
   outer loop
     vertex  2.600000e+01 1.662254e+02 1.474181e+01
     vertex  3.050000e+01 1.713115e+02 1.131149e+01
     vertex  2.600000e+01 1.713115e+02 1.131149e+01
   endloop
 endfacet
 facet normal  0.0000000000e+00 8.2905832649e-01 5.5916213326e-01
   outer loop
     vertex  2.600000e+01 1.713115e+02 1.131149e+01
     vertex  3.050000e+01 1.713115e+02 1.131149e+01
     vertex  3.050000e+01 1.747418e+02 6.225426e+00
   endloop
 endfacet
 facet normal  0.0000000000e+00 8.2905832649e-01 5.5916213326e-01
   outer loop
     vertex  2.600000e+01 1.713115e+02 1.131149e+01
     vertex  3.050000e+01 1.747418e+02 6.225426e+00
     vertex  2.600000e+01 1.747418e+02 6.225426e+00
   endloop
 endfacet
 facet normal  0.0000000000e+00 9.8018184110e-01 1.9809986972e-01
   outer loop
     vertex  2.600000e+01 1.747418e+02 6.225426e+00
     vertex  3.050000e+01 1.747418e+02 6.225426e+00
     vertex  3.050000e+01 1.760000e+02 0.000000e+00
   endloop
 endfacet
 facet normal  0.0000000000e+00 9.8018184110e-01 1.9809986972e-01
   outer loop
     vertex  2.600000e+01 1.747418e+02 6.225426e+00
     vertex  3.050000e+01 1.760000e+02 0.000000e+00
     vertex  2.600000e+01 1.760000e+02 0.000000e+00
   endloop
 endfacet
 facet normal  0.0000000000e+00 9.8018184110e-01 -1.9809986972e-01
   outer loop
     vertex  3.050000e+01 1.760000e+02 0.000000e+00
     vertex  3.500000e+01 1.760000e+02 0.000000e+00
     vertex  3.050000e+01 1.747418e+02 -6.225426e+00
   endloop
 endfacet
 facet normal  0.0000000000e+00 9.8018184110e-01 -1.9809986972e-01
   outer loop
     vertex  3.500000e+01 1.760000e+02 0.000000e+00
     vertex  3.500000e+01 1.747418e+02 -6.225426e+00
     vertex  3.050000e+01 1.747418e+02 -6.225426e+00
   endloop
 endfacet
 facet normal  0.0000000000e+00 8.2905832649e-01 -5.5916213326e-01
   outer loop
     vertex  3.050000e+01 1.747418e+02 -6.225426e+00
     vertex  3.500000e+01 1.747418e+02 -6.225426e+00
     vertex  3.050000e+01 1.713115e+02 -1.131149e+01
   endloop
 endfacet
 facet normal  0.0000000000e+00 8.2905832649e-01 -5.5916213326e-01
   outer loop
     vertex  3.500000e+01 1.747418e+02 -6.225426e+00
     vertex  3.500000e+01 1.713115e+02 -1.131149e+01
     vertex  3.050000e+01 1.713115e+02 -1.131149e+01
   endloop
 endfacet
 facet normal  0.0000000000e+00 5.5916213326e-01 -8.2905832649e-01
   outer loop
     vertex  3.050000e+01 1.713115e+02 -1.131149e+01
     vertex  3.500000e+01 1.713115e+02 -1.131149e+01
     vertex  3.050000e+01 1.662254e+02 -1.474181e+01
   endloop
 endfacet
 facet normal  -3.4488593047e-15 5.5916213326e-01 -8.2905832649e-01
   outer loop
     vertex  3.500000e+01 1.713115e+02 -1.131149e+01
     vertex  3.500000e+01 1.662254e+02 -1.474181e+01
     vertex  3.050000e+01 1.662254e+02 -1.474181e+01
   endloop
 endfacet
 facet normal  -1.2218613141e-15 1.9809986972e-01 -9.8018184110e-01
   outer loop
     vertex  3.050000e+01 1.662254e+02 -1.474181e+01
     vertex  3.500000e+01 1.662254e+02 -1.474181e+01
     vertex  3.050000e+01 1.600000e+02 -1.600000e+01
   endloop
 endfacet
 facet normal  0.0000000000e+00 1.9809986972e-01 -9.8018184110e-01
   outer loop
     vertex  3.500000e+01 1.662254e+02 -1.474181e+01
     vertex  3.500000e+01 1.600000e+02 -1.600000e+01
     vertex  3.050000e+01 1.600000e+02 -1.600000e+01
   endloop
 endfacet
 facet normal  -0.0000000000e+00 -1.9809986972e-01 -9.8018184110e-01
   outer loop
     vertex  3.050000e+01 1.600000e+02 -1.600000e+01
     vertex  3.500000e+01 1.600000e+02 -1.600000e+01
     vertex  3.500000e+01 1.537746e+02 -1.474181e+01
   endloop
 endfacet
 facet normal  -0.0000000000e+00 -1.9809986972e-01 -9.8018184110e-01
   outer loop
     vertex  3.050000e+01 1.600000e+02 -1.600000e+01
     vertex  3.500000e+01 1.537746e+02 -1.474181e+01
     vertex  3.050000e+01 1.537746e+02 -1.474181e+01
   endloop
 endfacet
 facet normal  -0.0000000000e+00 -5.5916213326e-01 -8.2905832649e-01
   outer loop
     vertex  3.050000e+01 1.537746e+02 -1.474181e+01
     vertex  3.500000e+01 1.537746e+02 -1.474181e+01
     vertex  3.500000e+01 1.486885e+02 -1.131149e+01
   endloop
 endfacet
 facet normal  -0.0000000000e+00 -5.5916213326e-01 -8.2905832649e-01
   outer loop
     vertex  3.050000e+01 1.537746e+02 -1.474181e+01
     vertex  3.500000e+01 1.486885e+02 -1.131149e+01
     vertex  3.050000e+01 1.486885e+02 -1.131149e+01
   endloop
 endfacet
 facet normal  -0.0000000000e+00 -8.2905832649e-01 -5.5916213326e-01
   outer loop
     vertex  3.050000e+01 1.486885e+02 -1.131149e+01
     vertex  3.500000e+01 1.486885e+02 -1.131149e+01
     vertex  3.500000e+01 1.452582e+02 -6.225426e+00
   endloop
 endfacet
 facet normal  -0.0000000000e+00 -8.2905832649e-01 -5.5916213326e-01
   outer loop
     vertex  3.050000e+01 1.486885e+02 -1.131149e+01
     vertex  3.500000e+01 1.452582e+02 -6.225426e+00
     vertex  3.050000e+01 1.452582e+02 -6.225426e+00
   endloop
 endfacet
 facet normal  -0.0000000000e+00 -9.8018184110e-01 -1.9809986972e-01
   outer loop
     vertex  3.050000e+01 1.452582e+02 -6.225426e+00
     vertex  3.500000e+01 1.452582e+02 -6.225426e+00
     vertex  3.500000e+01 1.440000e+02 0.000000e+00
   endloop
 endfacet
 facet normal  -0.0000000000e+00 -9.8018184110e-01 -1.9809986972e-01
   outer loop
     vertex  3.050000e+01 1.452582e+02 -6.225426e+00
     vertex  3.500000e+01 1.440000e+02 0.000000e+00
     vertex  3.050000e+01 1.440000e+02 0.000000e+00
   endloop
 endfacet
 facet normal  0.0000000000e+00 -9.8018184110e-01 1.9809986972e-01
   outer loop
     vertex  3.050000e+01 1.440000e+02 0.000000e+00
     vertex  3.500000e+01 1.440000e+02 0.000000e+00
     vertex  3.050000e+01 1.452582e+02 6.225426e+00
   endloop
 endfacet
 facet normal  0.0000000000e+00 -9.8018184110e-01 1.9809986972e-01
   outer loop
     vertex  3.500000e+01 1.440000e+02 0.000000e+00
     vertex  3.500000e+01 1.452582e+02 6.225426e+00
     vertex  3.050000e+01 1.452582e+02 6.225426e+00
   endloop
 endfacet
 facet normal  0.0000000000e+00 -8.2905832649e-01 5.5916213326e-01
   outer loop
     vertex  3.050000e+01 1.452582e+02 6.225426e+00
     vertex  3.500000e+01 1.452582e+02 6.225426e+00
     vertex  3.050000e+01 1.486885e+02 1.131149e+01
   endloop
 endfacet
 facet normal  0.0000000000e+00 -8.2905832649e-01 5.5916213326e-01
   outer loop
     vertex  3.500000e+01 1.452582e+02 6.225426e+00
     vertex  3.500000e+01 1.486885e+02 1.131149e+01
     vertex  3.050000e+01 1.486885e+02 1.131149e+01
   endloop
 endfacet
 facet normal  0.0000000000e+00 -5.5916213326e-01 8.2905832649e-01
   outer loop
     vertex  3.050000e+01 1.486885e+02 1.131149e+01
     vertex  3.500000e+01 1.486885e+02 1.131149e+01
     vertex  3.050000e+01 1.537746e+02 1.474181e+01
   endloop
 endfacet
 facet normal  0.0000000000e+00 -5.5916213326e-01 8.2905832649e-01
   outer loop
     vertex  3.500000e+01 1.486885e+02 1.131149e+01
     vertex  3.500000e+01 1.537746e+02 1.474181e+01
     vertex  3.050000e+01 1.537746e+02 1.474181e+01
   endloop
 endfacet
 facet normal  0.0000000000e+00 -1.9809986972e-01 9.8018184110e-01
   outer loop
     vertex  3.050000e+01 1.537746e+02 1.474181e+01
     vertex  3.500000e+01 1.537746e+02 1.474181e+01
     vertex  3.050000e+01 1.600000e+02 1.600000e+01
   endloop
 endfacet
 facet normal  0.0000000000e+00 -1.9809986972e-01 9.8018184110e-01
   outer loop
     vertex  3.500000e+01 1.537746e+02 1.474181e+01
     vertex  3.500000e+01 1.600000e+02 1.600000e+01
     vertex  3.050000e+01 1.600000e+02 1.600000e+01
   endloop
 endfacet
 facet normal  0.0000000000e+00 1.9809986972e-01 9.8018184110e-01
   outer loop
     vertex  3.050000e+01 1.600000e+02 1.600000e+01
     vertex  3.500000e+01 1.600000e+02 1.600000e+01
     vertex  3.500000e+01 1.662254e+02 1.474181e+01
   endloop
 endfacet
 facet normal  -1.2218613141e-15 1.9809986972e-01 9.8018184110e-01
   outer loop
     vertex  3.050000e+01 1.600000e+02 1.600000e+01
     vertex  3.500000e+01 1.662254e+02 1.474181e+01
     vertex  3.050000e+01 1.662254e+02 1.474181e+01
   endloop
 endfacet
 facet normal  -3.4488593047e-15 5.5916213326e-01 8.2905832649e-01
   outer loop
     vertex  3.050000e+01 1.662254e+02 1.474181e+01
     vertex  3.500000e+01 1.662254e+02 1.474181e+01
     vertex  3.500000e+01 1.713115e+02 1.131149e+01
   endloop
 endfacet
 facet normal  0.0000000000e+00 5.5916213326e-01 8.2905832649e-01
   outer loop
     vertex  3.050000e+01 1.662254e+02 1.474181e+01
     vertex  3.500000e+01 1.713115e+02 1.131149e+01
     vertex  3.050000e+01 1.713115e+02 1.131149e+01
   endloop
 endfacet
 facet normal  0.0000000000e+00 8.2905832649e-01 5.5916213326e-01
   outer loop
     vertex  3.050000e+01 1.713115e+02 1.131149e+01
     vertex  3.500000e+01 1.713115e+02 1.131149e+01
     vertex  3.500000e+01 1.747418e+02 6.225426e+00
   endloop
 endfacet
 facet normal  0.0000000000e+00 8.2905832649e-01 5.5916213326e-01
   outer loop
     vertex  3.050000e+01 1.713115e+02 1.131149e+01
     vertex  3.500000e+01 1.747418e+02 6.225426e+00
     vertex  3.050000e+01 1.747418e+02 6.225426e+00
   endloop
 endfacet
 facet normal  0.0000000000e+00 9.8018184110e-01 1.9809986972e-01
   outer loop
     vertex  3.050000e+01 1.747418e+02 6.225426e+00
     vertex  3.500000e+01 1.747418e+02 6.225426e+00
     vertex  3.500000e+01 1.760000e+02 0.000000e+00
   endloop
 endfacet
 facet normal  0.0000000000e+00 9.8018184110e-01 1.9809986972e-01
   outer loop
     vertex  3.050000e+01 1.747418e+02 6.225426e+00
     vertex  3.500000e+01 1.760000e+02 0.000000e+00
     vertex  3.050000e+01 1.760000e+02 0.000000e+00
   endloop
 endfacet
 facet normal  0.0000000000e+00 9.8018184110e-01 -1.9809986972e-01
   outer loop
     vertex  3.500000e+01 1.760000e+02 0.000000e+00
     vertex  3.950000e+01 1.760000e+02 0.000000e+00
     vertex  3.950000e+01 1.747418e+02 -6.225426e+00
   endloop
 endfacet
 facet normal  0.0000000000e+00 9.8018184110e-01 -1.9809986972e-01
   outer loop
     vertex  3.500000e+01 1.760000e+02 0.000000e+00
     vertex  3.950000e+01 1.747418e+02 -6.225426e+00
     vertex  3.500000e+01 1.747418e+02 -6.225426e+00
   endloop
 endfacet
 facet normal  0.0000000000e+00 8.2905832649e-01 -5.5916213326e-01
   outer loop
     vertex  3.500000e+01 1.747418e+02 -6.225426e+00
     vertex  3.950000e+01 1.747418e+02 -6.225426e+00
     vertex  3.950000e+01 1.713115e+02 -1.131149e+01
   endloop
 endfacet
 facet normal  2.1555370654e-16 8.2905832649e-01 -5.5916213326e-01
   outer loop
     vertex  3.500000e+01 1.747418e+02 -6.225426e+00
     vertex  3.950000e+01 1.713115e+02 -1.131149e+01
     vertex  3.500000e+01 1.713115e+02 -1.131149e+01
   endloop
 endfacet
 facet normal  3.1959709821e-16 5.5916213326e-01 -8.2905832649e-01
   outer loop
     vertex  3.500000e+01 1.713115e+02 -1.131149e+01
     vertex  3.950000e+01 1.713115e+02 -1.131149e+01
     vertex  3.950000e+01 1.662254e+02 -1.474181e+01
   endloop
 endfacet
 facet normal  0.0000000000e+00 5.5916213326e-01 -8.2905832649e-01
   outer loop
     vertex  3.500000e+01 1.713115e+02 -1.131149e+01
     vertex  3.950000e+01 1.662254e+02 -1.474181e+01
     vertex  3.500000e+01 1.662254e+02 -1.474181e+01
   endloop
 endfacet
 facet normal  0.0000000000e+00 1.9809986972e-01 -9.8018184110e-01
   outer loop
     vertex  3.500000e+01 1.662254e+02 -1.474181e+01
     vertex  3.950000e+01 1.662254e+02 -1.474181e+01
     vertex  3.950000e+01 1.600000e+02 -1.600000e+01
   endloop
 endfacet
 facet normal  0.0000000000e+00 1.9809986972e-01 -9.8018184110e-01
   outer loop
     vertex  3.500000e+01 1.662254e+02 -1.474181e+01
     vertex  3.950000e+01 1.600000e+02 -1.600000e+01
     vertex  3.500000e+01 1.600000e+02 -1.600000e+01
   endloop
 endfacet
 facet normal  -0.0000000000e+00 -1.9809986972e-01 -9.8018184110e-01
   outer loop
     vertex  3.500000e+01 1.600000e+02 -1.600000e+01
     vertex  3.950000e+01 1.600000e+02 -1.600000e+01
     vertex  3.500000e+01 1.537746e+02 -1.474181e+01
   endloop
 endfacet
 facet normal  -0.0000000000e+00 -1.9809986972e-01 -9.8018184110e-01
   outer loop
     vertex  3.950000e+01 1.600000e+02 -1.600000e+01
     vertex  3.950000e+01 1.537746e+02 -1.474181e+01
     vertex  3.500000e+01 1.537746e+02 -1.474181e+01
   endloop
 endfacet
 facet normal  -0.0000000000e+00 -5.5916213326e-01 -8.2905832649e-01
   outer loop
     vertex  3.500000e+01 1.537746e+02 -1.474181e+01
     vertex  3.950000e+01 1.537746e+02 -1.474181e+01
     vertex  3.500000e+01 1.486885e+02 -1.131149e+01
   endloop
 endfacet
 facet normal  3.1959709821e-16 -5.5916213326e-01 -8.2905832649e-01
   outer loop
     vertex  3.950000e+01 1.537746e+02 -1.474181e+01
     vertex  3.950000e+01 1.486885e+02 -1.131149e+01
     vertex  3.500000e+01 1.486885e+02 -1.131149e+01
   endloop
 endfacet
 facet normal  2.1555370654e-16 -8.2905832649e-01 -5.5916213326e-01
   outer loop
     vertex  3.500000e+01 1.486885e+02 -1.131149e+01
     vertex  3.950000e+01 1.486885e+02 -1.131149e+01
     vertex  3.500000e+01 1.452582e+02 -6.225426e+00
   endloop
 endfacet
 facet normal  -0.0000000000e+00 -8.2905832649e-01 -5.5916213326e-01
   outer loop
     vertex  3.950000e+01 1.486885e+02 -1.131149e+01
     vertex  3.950000e+01 1.452582e+02 -6.225426e+00
     vertex  3.500000e+01 1.452582e+02 -6.225426e+00
   endloop
 endfacet
 facet normal  -0.0000000000e+00 -9.8018184110e-01 -1.9809986972e-01
   outer loop
     vertex  3.500000e+01 1.452582e+02 -6.225426e+00
     vertex  3.950000e+01 1.452582e+02 -6.225426e+00
     vertex  3.500000e+01 1.440000e+02 0.000000e+00
   endloop
 endfacet
 facet normal  -0.0000000000e+00 -9.8018184110e-01 -1.9809986972e-01
   outer loop
     vertex  3.950000e+01 1.452582e+02 -6.225426e+00
     vertex  3.950000e+01 1.440000e+02 0.000000e+00
     vertex  3.500000e+01 1.440000e+02 0.000000e+00
   endloop
 endfacet
 facet normal  0.0000000000e+00 -9.8018184110e-01 1.9809986972e-01
   outer loop
     vertex  3.500000e+01 1.440000e+02 0.000000e+00
     vertex  3.950000e+01 1.440000e+02 0.000000e+00
     vertex  3.950000e+01 1.452582e+02 6.225426e+00
   endloop
 endfacet
 facet normal  0.0000000000e+00 -9.8018184110e-01 1.9809986972e-01
   outer loop
     vertex  3.500000e+01 1.440000e+02 0.000000e+00
     vertex  3.950000e+01 1.452582e+02 6.225426e+00
     vertex  3.500000e+01 1.452582e+02 6.225426e+00
   endloop
 endfacet
 facet normal  0.0000000000e+00 -8.2905832649e-01 5.5916213326e-01
   outer loop
     vertex  3.500000e+01 1.452582e+02 6.225426e+00
     vertex  3.950000e+01 1.452582e+02 6.225426e+00
     vertex  3.950000e+01 1.486885e+02 1.131149e+01
   endloop
 endfacet
 facet normal  2.1555370654e-16 -8.2905832649e-01 5.5916213326e-01
   outer loop
     vertex  3.500000e+01 1.452582e+02 6.225426e+00
     vertex  3.950000e+01 1.486885e+02 1.131149e+01
     vertex  3.500000e+01 1.486885e+02 1.131149e+01
   endloop
 endfacet
 facet normal  3.1959709821e-16 -5.5916213326e-01 8.2905832649e-01
   outer loop
     vertex  3.500000e+01 1.486885e+02 1.131149e+01
     vertex  3.950000e+01 1.486885e+02 1.131149e+01
     vertex  3.950000e+01 1.537746e+02 1.474181e+01
   endloop
 endfacet
 facet normal  0.0000000000e+00 -5.5916213326e-01 8.2905832649e-01
   outer loop
     vertex  3.500000e+01 1.486885e+02 1.131149e+01
     vertex  3.950000e+01 1.537746e+02 1.474181e+01
     vertex  3.500000e+01 1.537746e+02 1.474181e+01
   endloop
 endfacet
 facet normal  0.0000000000e+00 -1.9809986972e-01 9.8018184110e-01
   outer loop
     vertex  3.500000e+01 1.537746e+02 1.474181e+01
     vertex  3.950000e+01 1.537746e+02 1.474181e+01
     vertex  3.950000e+01 1.600000e+02 1.600000e+01
   endloop
 endfacet
 facet normal  0.0000000000e+00 -1.9809986972e-01 9.8018184110e-01
   outer loop
     vertex  3.500000e+01 1.537746e+02 1.474181e+01
     vertex  3.950000e+01 1.600000e+02 1.600000e+01
     vertex  3.500000e+01 1.600000e+02 1.600000e+01
   endloop
 endfacet
 facet normal  0.0000000000e+00 1.9809986972e-01 9.8018184110e-01
   outer loop
     vertex  3.500000e+01 1.600000e+02 1.600000e+01
     vertex  3.950000e+01 1.600000e+02 1.600000e+01
     vertex  3.500000e+01 1.662254e+02 1.474181e+01
   endloop
 endfacet
 facet normal  0.0000000000e+00 1.9809986972e-01 9.8018184110e-01
   outer loop
     vertex  3.950000e+01 1.600000e+02 1.600000e+01
     vertex  3.950000e+01 1.662254e+02 1.474181e+01
     vertex  3.500000e+01 1.662254e+02 1.474181e+01
   endloop
 endfacet
 facet normal  0.0000000000e+00 5.5916213326e-01 8.2905832649e-01
   outer loop
     vertex  3.500000e+01 1.662254e+02 1.474181e+01
     vertex  3.950000e+01 1.662254e+02 1.474181e+01
     vertex  3.500000e+01 1.713115e+02 1.131149e+01
   endloop
 endfacet
 facet normal  3.1959709821e-16 5.5916213326e-01 8.2905832649e-01
   outer loop
     vertex  3.950000e+01 1.662254e+02 1.474181e+01
     vertex  3.950000e+01 1.713115e+02 1.131149e+01
     vertex  3.500000e+01 1.713115e+02 1.131149e+01
   endloop
 endfacet
 facet normal  2.1555370654e-16 8.2905832649e-01 5.5916213326e-01
   outer loop
     vertex  3.500000e+01 1.713115e+02 1.131149e+01
     vertex  3.950000e+01 1.713115e+02 1.131149e+01
     vertex  3.500000e+01 1.747418e+02 6.225426e+00
   endloop
 endfacet
 facet normal  0.0000000000e+00 8.2905832649e-01 5.5916213326e-01
   outer loop
     vertex  3.950000e+01 1.713115e+02 1.131149e+01
     vertex  3.950000e+01 1.747418e+02 6.225426e+00
     vertex  3.500000e+01 1.747418e+02 6.225426e+00
   endloop
 endfacet
 facet normal  0.0000000000e+00 9.8018184110e-01 1.9809986972e-01
   outer loop
     vertex  3.500000e+01 1.747418e+02 6.225426e+00
     vertex  3.950000e+01 1.747418e+02 6.225426e+00
     vertex  3.500000e+01 1.760000e+02 0.000000e+00
   endloop
 endfacet
 facet normal  0.0000000000e+00 9.8018184110e-01 1.9809986972e-01
   outer loop
     vertex  3.950000e+01 1.747418e+02 6.225426e+00
     vertex  3.950000e+01 1.760000e+02 0.000000e+00
     vertex  3.500000e+01 1.760000e+02 0.000000e+00
   endloop
 endfacet
 facet normal  0.0000000000e+00 9.8018184110e-01 -1.9809986972e-01
   outer loop
     vertex  3.950000e+01 1.760000e+02 0.000000e+00
     vertex  4.400000e+01 1.760000e+02 0.000000e+00
     vertex  4.400000e+01 1.747418e+02 -6.225426e+00
   endloop
 endfacet
 facet normal  0.0000000000e+00 9.8018184110e-01 -1.9809986972e-01
   outer loop
     vertex  3.950000e+01 1.760000e+02 0.000000e+00
     vertex  4.400000e+01 1.747418e+02 -6.225426e+00
     vertex  3.950000e+01 1.747418e+02 -6.225426e+00
   endloop
 endfacet
 facet normal  0.0000000000e+00 8.2905832649e-01 -5.5916213326e-01
   outer loop
     vertex  3.950000e+01 1.747418e+02 -6.225426e+00
     vertex  4.400000e+01 1.747418e+02 -6.225426e+00
     vertex  4.400000e+01 1.713115e+02 -1.131149e+01
   endloop
 endfacet
 facet normal  -2.1555370654e-16 8.2905832649e-01 -5.5916213326e-01
   outer loop
     vertex  3.950000e+01 1.747418e+02 -6.225426e+00
     vertex  4.400000e+01 1.713115e+02 -1.131149e+01
     vertex  3.950000e+01 1.713115e+02 -1.131149e+01
   endloop
 endfacet
 facet normal  -3.1959709821e-16 5.5916213326e-01 -8.2905832649e-01
   outer loop
     vertex  3.950000e+01 1.713115e+02 -1.131149e+01
     vertex  4.400000e+01 1.713115e+02 -1.131149e+01
     vertex  4.400000e+01 1.662254e+02 -1.474181e+01
   endloop
 endfacet
 facet normal  -3.1959709821e-16 5.5916213326e-01 -8.2905832649e-01
   outer loop
     vertex  3.950000e+01 1.713115e+02 -1.131149e+01
     vertex  4.400000e+01 1.662254e+02 -1.474181e+01
     vertex  3.950000e+01 1.662254e+02 -1.474181e+01
   endloop
 endfacet
 facet normal  -3.7785432233e-16 1.9809986972e-01 -9.8018184110e-01
   outer loop
     vertex  3.950000e+01 1.662254e+02 -1.474181e+01
     vertex  4.400000e+01 1.662254e+02 -1.474181e+01
     vertex  4.400000e+01 1.600000e+02 -1.600000e+01
   endloop
 endfacet
 facet normal  0.0000000000e+00 1.9809986972e-01 -9.8018184110e-01
   outer loop
     vertex  3.950000e+01 1.662254e+02 -1.474181e+01
     vertex  4.400000e+01 1.600000e+02 -1.600000e+01
     vertex  3.950000e+01 1.600000e+02 -1.600000e+01
   endloop
 endfacet
 facet normal  -0.0000000000e+00 -1.9809986972e-01 -9.8018184110e-01
   outer loop
     vertex  3.950000e+01 1.600000e+02 -1.600000e+01
     vertex  4.400000e+01 1.600000e+02 -1.600000e+01
     vertex  3.950000e+01 1.537746e+02 -1.474181e+01
   endloop
 endfacet
 facet normal  -3.7785432233e-16 -1.9809986972e-01 -9.8018184110e-01
   outer loop
     vertex  4.400000e+01 1.600000e+02 -1.600000e+01
     vertex  4.400000e+01 1.537746e+02 -1.474181e+01
     vertex  3.950000e+01 1.537746e+02 -1.474181e+01
   endloop
 endfacet
 facet normal  -3.1959709821e-16 -5.5916213326e-01 -8.2905832649e-01
   outer loop
     vertex  3.950000e+01 1.537746e+02 -1.474181e+01
     vertex  4.400000e+01 1.537746e+02 -1.474181e+01
     vertex  3.950000e+01 1.486885e+02 -1.131149e+01
   endloop
 endfacet
 facet normal  -3.1959709821e-16 -5.5916213326e-01 -8.2905832649e-01
   outer loop
     vertex  4.400000e+01 1.537746e+02 -1.474181e+01
     vertex  4.400000e+01 1.486885e+02 -1.131149e+01
     vertex  3.950000e+01 1.486885e+02 -1.131149e+01
   endloop
 endfacet
 facet normal  -2.1555370654e-16 -8.2905832649e-01 -5.5916213326e-01
   outer loop
     vertex  3.950000e+01 1.486885e+02 -1.131149e+01
     vertex  4.400000e+01 1.486885e+02 -1.131149e+01
     vertex  3.950000e+01 1.452582e+02 -6.225426e+00
   endloop
 endfacet
 facet normal  -0.0000000000e+00 -8.2905832649e-01 -5.5916213326e-01
   outer loop
     vertex  4.400000e+01 1.486885e+02 -1.131149e+01
     vertex  4.400000e+01 1.452582e+02 -6.225426e+00
     vertex  3.950000e+01 1.452582e+02 -6.225426e+00
   endloop
 endfacet
 facet normal  -0.0000000000e+00 -9.8018184110e-01 -1.9809986972e-01
   outer loop
     vertex  3.950000e+01 1.452582e+02 -6.225426e+00
     vertex  4.400000e+01 1.452582e+02 -6.225426e+00
     vertex  3.950000e+01 1.440000e+02 0.000000e+00
   endloop
 endfacet
 facet normal  -0.0000000000e+00 -9.8018184110e-01 -1.9809986972e-01
   outer loop
     vertex  4.400000e+01 1.452582e+02 -6.225426e+00
     vertex  4.400000e+01 1.440000e+02 0.000000e+00
     vertex  3.950000e+01 1.440000e+02 0.000000e+00
   endloop
 endfacet
 facet normal  0.0000000000e+00 -9.8018184110e-01 1.9809986972e-01
   outer loop
     vertex  3.950000e+01 1.440000e+02 0.000000e+00
     vertex  4.400000e+01 1.440000e+02 0.000000e+00
     vertex  4.400000e+01 1.452582e+02 6.225426e+00
   endloop
 endfacet
 facet normal  0.0000000000e+00 -9.8018184110e-01 1.9809986972e-01
   outer loop
     vertex  3.950000e+01 1.440000e+02 0.000000e+00
     vertex  4.400000e+01 1.452582e+02 6.225426e+00
     vertex  3.950000e+01 1.452582e+02 6.225426e+00
   endloop
 endfacet
 facet normal  0.0000000000e+00 -8.2905832649e-01 5.5916213326e-01
   outer loop
     vertex  3.950000e+01 1.452582e+02 6.225426e+00
     vertex  4.400000e+01 1.452582e+02 6.225426e+00
     vertex  4.400000e+01 1.486885e+02 1.131149e+01
   endloop
 endfacet
 facet normal  -2.1555370654e-16 -8.2905832649e-01 5.5916213326e-01
   outer loop
     vertex  3.950000e+01 1.452582e+02 6.225426e+00
     vertex  4.400000e+01 1.486885e+02 1.131149e+01
     vertex  3.950000e+01 1.486885e+02 1.131149e+01
   endloop
 endfacet
 facet normal  -3.1959709821e-16 -5.5916213326e-01 8.2905832649e-01
   outer loop
     vertex  3.950000e+01 1.486885e+02 1.131149e+01
     vertex  4.400000e+01 1.486885e+02 1.131149e+01
     vertex  4.400000e+01 1.537746e+02 1.474181e+01
   endloop
 endfacet
 facet normal  -3.1959709821e-16 -5.5916213326e-01 8.2905832649e-01
   outer loop
     vertex  3.950000e+01 1.486885e+02 1.131149e+01
     vertex  4.400000e+01 1.537746e+02 1.474181e+01
     vertex  3.950000e+01 1.537746e+02 1.474181e+01
   endloop
 endfacet
 facet normal  -3.7785432233e-16 -1.9809986972e-01 9.8018184110e-01
   outer loop
     vertex  3.950000e+01 1.537746e+02 1.474181e+01
     vertex  4.400000e+01 1.537746e+02 1.474181e+01
     vertex  4.400000e+01 1.600000e+02 1.600000e+01
   endloop
 endfacet
 facet normal  0.0000000000e+00 -1.9809986972e-01 9.8018184110e-01
   outer loop
     vertex  3.950000e+01 1.537746e+02 1.474181e+01
     vertex  4.400000e+01 1.600000e+02 1.600000e+01
     vertex  3.950000e+01 1.600000e+02 1.600000e+01
   endloop
 endfacet
 facet normal  0.0000000000e+00 1.9809986972e-01 9.8018184110e-01
   outer loop
     vertex  3.950000e+01 1.600000e+02 1.600000e+01
     vertex  4.400000e+01 1.600000e+02 1.600000e+01
     vertex  3.950000e+01 1.662254e+02 1.474181e+01
   endloop
 endfacet
 facet normal  -3.7785432233e-16 1.9809986972e-01 9.8018184110e-01
   outer loop
     vertex  4.400000e+01 1.600000e+02 1.600000e+01
     vertex  4.400000e+01 1.662254e+02 1.474181e+01
     vertex  3.950000e+01 1.662254e+02 1.474181e+01
   endloop
 endfacet
 facet normal  -3.1959709821e-16 5.5916213326e-01 8.2905832649e-01
   outer loop
     vertex  3.950000e+01 1.662254e+02 1.474181e+01
     vertex  4.400000e+01 1.662254e+02 1.474181e+01
     vertex  3.950000e+01 1.713115e+02 1.131149e+01
   endloop
 endfacet
 facet normal  -3.1959709821e-16 5.5916213326e-01 8.2905832649e-01
   outer loop
     vertex  4.400000e+01 1.662254e+02 1.474181e+01
     vertex  4.400000e+01 1.713115e+02 1.131149e+01
     vertex  3.950000e+01 1.713115e+02 1.131149e+01
   endloop
 endfacet
 facet normal  -2.1555370654e-16 8.2905832649e-01 5.5916213326e-01
   outer loop
     vertex  3.950000e+01 1.713115e+02 1.131149e+01
     vertex  4.400000e+01 1.713115e+02 1.131149e+01
     vertex  3.950000e+01 1.747418e+02 6.225426e+00
   endloop
 endfacet
 facet normal  0.0000000000e+00 8.2905832649e-01 5.5916213326e-01
   outer loop
     vertex  4.400000e+01 1.713115e+02 1.131149e+01
     vertex  4.400000e+01 1.747418e+02 6.225426e+00
     vertex  3.950000e+01 1.747418e+02 6.225426e+00
   endloop
 endfacet
 facet normal  0.0000000000e+00 9.8018184110e-01 1.9809986972e-01
   outer loop
     vertex  3.950000e+01 1.747418e+02 6.225426e+00
     vertex  4.400000e+01 1.747418e+02 6.225426e+00
     vertex  3.950000e+01 1.760000e+02 0.000000e+00
   endloop
 endfacet
 facet normal  0.0000000000e+00 9.8018184110e-01 1.9809986972e-01
   outer loop
     vertex  4.400000e+01 1.747418e+02 6.225426e+00
     vertex  4.400000e+01 1.760000e+02 0.000000e+00
     vertex  3.950000e+01 1.760000e+02 0.000000e+00
   endloop
 endfacet
 facet normal  0.0000000000e+00 9.8018184110e-01 -1.9809986972e-01
   outer loop
     vertex  4.400000e+01 1.760000e+02 0.000000e+00
     vertex  4.850000e+01 1.760000e+02 0.000000e+00
     vertex  4.850000e+01 1.747418e+02 -6.225426e+00
   endloop
 endfacet
 facet normal  0.0000000000e+00 9.8018184110e-01 -1.9809986972e-01
   outer loop
     vertex  4.400000e+01 1.760000e+02 0.000000e+00
     vertex  4.850000e+01 1.747418e+02 -6.225426e+00
     vertex  4.400000e+01 1.747418e+02 -6.225426e+00
   endloop
 endfacet
 facet normal  0.0000000000e+00 8.2905832649e-01 -5.5916213326e-01
   outer loop
     vertex  4.400000e+01 1.747418e+02 -6.225426e+00
     vertex  4.850000e+01 1.747418e+02 -6.225426e+00
     vertex  4.850000e+01 1.713115e+02 -1.131149e+01
   endloop
 endfacet
 facet normal  0.0000000000e+00 8.2905832649e-01 -5.5916213326e-01
   outer loop
     vertex  4.400000e+01 1.747418e+02 -6.225426e+00
     vertex  4.850000e+01 1.713115e+02 -1.131149e+01
     vertex  4.400000e+01 1.713115e+02 -1.131149e+01
   endloop
 endfacet
 facet normal  0.0000000000e+00 5.5916213326e-01 -8.2905832649e-01
   outer loop
     vertex  4.400000e+01 1.713115e+02 -1.131149e+01
     vertex  4.850000e+01 1.713115e+02 -1.131149e+01
     vertex  4.850000e+01 1.662254e+02 -1.474181e+01
   endloop
 endfacet
 facet normal  0.0000000000e+00 5.5916213326e-01 -8.2905832649e-01
   outer loop
     vertex  4.400000e+01 1.713115e+02 -1.131149e+01
     vertex  4.850000e+01 1.662254e+02 -1.474181e+01
     vertex  4.400000e+01 1.662254e+02 -1.474181e+01
   endloop
 endfacet
 facet normal  0.0000000000e+00 1.9809986972e-01 -9.8018184110e-01
   outer loop
     vertex  4.400000e+01 1.662254e+02 -1.474181e+01
     vertex  4.850000e+01 1.662254e+02 -1.474181e+01
     vertex  4.850000e+01 1.600000e+02 -1.600000e+01
   endloop
 endfacet
 facet normal  0.0000000000e+00 1.9809986972e-01 -9.8018184110e-01
   outer loop
     vertex  4.400000e+01 1.662254e+02 -1.474181e+01
     vertex  4.850000e+01 1.600000e+02 -1.600000e+01
     vertex  4.400000e+01 1.600000e+02 -1.600000e+01
   endloop
 endfacet
 facet normal  -0.0000000000e+00 -1.9809986972e-01 -9.8018184110e-01
   outer loop
     vertex  4.400000e+01 1.600000e+02 -1.600000e+01
     vertex  4.850000e+01 1.600000e+02 -1.600000e+01
     vertex  4.400000e+01 1.537746e+02 -1.474181e+01
   endloop
 endfacet
 facet normal  -0.0000000000e+00 -1.9809986972e-01 -9.8018184110e-01
   outer loop
     vertex  4.850000e+01 1.600000e+02 -1.600000e+01
     vertex  4.850000e+01 1.537746e+02 -1.474181e+01
     vertex  4.400000e+01 1.537746e+02 -1.474181e+01
   endloop
 endfacet
 facet normal  -0.0000000000e+00 -5.5916213326e-01 -8.2905832649e-01
   outer loop
     vertex  4.400000e+01 1.537746e+02 -1.474181e+01
     vertex  4.850000e+01 1.537746e+02 -1.474181e+01
     vertex  4.400000e+01 1.486885e+02 -1.131149e+01
   endloop
 endfacet
 facet normal  -0.0000000000e+00 -5.5916213326e-01 -8.2905832649e-01
   outer loop
     vertex  4.850000e+01 1.537746e+02 -1.474181e+01
     vertex  4.850000e+01 1.486885e+02 -1.131149e+01
     vertex  4.400000e+01 1.486885e+02 -1.131149e+01
   endloop
 endfacet
 facet normal  -0.0000000000e+00 -8.2905832649e-01 -5.5916213326e-01
   outer loop
     vertex  4.400000e+01 1.486885e+02 -1.131149e+01
     vertex  4.850000e+01 1.486885e+02 -1.131149e+01
     vertex  4.400000e+01 1.452582e+02 -6.225426e+00
   endloop
 endfacet
 facet normal  -0.0000000000e+00 -8.2905832649e-01 -5.5916213326e-01
   outer loop
     vertex  4.850000e+01 1.486885e+02 -1.131149e+01
     vertex  4.850000e+01 1.452582e+02 -6.225426e+00
     vertex  4.400000e+01 1.452582e+02 -6.225426e+00
   endloop
 endfacet
 facet normal  -0.0000000000e+00 -9.8018184110e-01 -1.9809986972e-01
   outer loop
     vertex  4.400000e+01 1.452582e+02 -6.225426e+00
     vertex  4.850000e+01 1.452582e+02 -6.225426e+00
     vertex  4.400000e+01 1.440000e+02 0.000000e+00
   endloop
 endfacet
 facet normal  -0.0000000000e+00 -9.8018184110e-01 -1.9809986972e-01
   outer loop
     vertex  4.850000e+01 1.452582e+02 -6.225426e+00
     vertex  4.850000e+01 1.440000e+02 0.000000e+00
     vertex  4.400000e+01 1.440000e+02 0.000000e+00
   endloop
 endfacet
 facet normal  0.0000000000e+00 -9.8018184110e-01 1.9809986972e-01
   outer loop
     vertex  4.400000e+01 1.440000e+02 0.000000e+00
     vertex  4.850000e+01 1.440000e+02 0.000000e+00
     vertex  4.850000e+01 1.452582e+02 6.225426e+00
   endloop
 endfacet
 facet normal  0.0000000000e+00 -9.8018184110e-01 1.9809986972e-01
   outer loop
     vertex  4.400000e+01 1.440000e+02 0.000000e+00
     vertex  4.850000e+01 1.452582e+02 6.225426e+00
     vertex  4.400000e+01 1.452582e+02 6.225426e+00
   endloop
 endfacet
 facet normal  0.0000000000e+00 -8.2905832649e-01 5.5916213326e-01
   outer loop
     vertex  4.400000e+01 1.452582e+02 6.225426e+00
     vertex  4.850000e+01 1.452582e+02 6.225426e+00
     vertex  4.850000e+01 1.486885e+02 1.131149e+01
   endloop
 endfacet
 facet normal  0.0000000000e+00 -8.2905832649e-01 5.5916213326e-01
   outer loop
     vertex  4.400000e+01 1.452582e+02 6.225426e+00
     vertex  4.850000e+01 1.486885e+02 1.131149e+01
     vertex  4.400000e+01 1.486885e+02 1.131149e+01
   endloop
 endfacet
 facet normal  0.0000000000e+00 -5.5916213326e-01 8.2905832649e-01
   outer loop
     vertex  4.400000e+01 1.486885e+02 1.131149e+01
     vertex  4.850000e+01 1.486885e+02 1.131149e+01
     vertex  4.850000e+01 1.537746e+02 1.474181e+01
   endloop
 endfacet
 facet normal  0.0000000000e+00 -5.5916213326e-01 8.2905832649e-01
   outer loop
     vertex  4.400000e+01 1.486885e+02 1.131149e+01
     vertex  4.850000e+01 1.537746e+02 1.474181e+01
     vertex  4.400000e+01 1.537746e+02 1.474181e+01
   endloop
 endfacet
 facet normal  0.0000000000e+00 -1.9809986972e-01 9.8018184110e-01
   outer loop
     vertex  4.400000e+01 1.537746e+02 1.474181e+01
     vertex  4.850000e+01 1.537746e+02 1.474181e+01
     vertex  4.850000e+01 1.600000e+02 1.600000e+01
   endloop
 endfacet
 facet normal  0.0000000000e+00 -1.9809986972e-01 9.8018184110e-01
   outer loop
     vertex  4.400000e+01 1.537746e+02 1.474181e+01
     vertex  4.850000e+01 1.600000e+02 1.600000e+01
     vertex  4.400000e+01 1.600000e+02 1.600000e+01
   endloop
 endfacet
 facet normal  0.0000000000e+00 1.9809986972e-01 9.8018184110e-01
   outer loop
     vertex  4.400000e+01 1.600000e+02 1.600000e+01
     vertex  4.850000e+01 1.600000e+02 1.600000e+01
     vertex  4.400000e+01 1.662254e+02 1.474181e+01
   endloop
 endfacet
 facet normal  0.0000000000e+00 1.9809986972e-01 9.8018184110e-01
   outer loop
     vertex  4.850000e+01 1.600000e+02 1.600000e+01
     vertex  4.850000e+01 1.662254e+02 1.474181e+01
     vertex  4.400000e+01 1.662254e+02 1.474181e+01
   endloop
 endfacet
 facet normal  0.0000000000e+00 5.5916213326e-01 8.2905832649e-01
   outer loop
     vertex  4.400000e+01 1.662254e+02 1.474181e+01
     vertex  4.850000e+01 1.662254e+02 1.474181e+01
     vertex  4.400000e+01 1.713115e+02 1.131149e+01
   endloop
 endfacet
 facet normal  0.0000000000e+00 5.5916213326e-01 8.2905832649e-01
   outer loop
     vertex  4.850000e+01 1.662254e+02 1.474181e+01
     vertex  4.850000e+01 1.713115e+02 1.131149e+01
     vertex  4.400000e+01 1.713115e+02 1.131149e+01
   endloop
 endfacet
 facet normal  0.0000000000e+00 8.2905832649e-01 5.5916213326e-01
   outer loop
     vertex  4.400000e+01 1.713115e+02 1.131149e+01
     vertex  4.850000e+01 1.713115e+02 1.131149e+01
     vertex  4.400000e+01 1.747418e+02 6.225426e+00
   endloop
 endfacet
 facet normal  0.0000000000e+00 8.2905832649e-01 5.5916213326e-01
   outer loop
     vertex  4.850000e+01 1.713115e+02 1.131149e+01
     vertex  4.850000e+01 1.747418e+02 6.225426e+00
     vertex  4.400000e+01 1.747418e+02 6.225426e+00
   endloop
 endfacet
 facet normal  0.0000000000e+00 9.8018184110e-01 1.9809986972e-01
   outer loop
     vertex  4.400000e+01 1.747418e+02 6.225426e+00
     vertex  4.850000e+01 1.747418e+02 6.225426e+00
     vertex  4.400000e+01 1.760000e+02 0.000000e+00
   endloop
 endfacet
 facet normal  0.0000000000e+00 9.8018184110e-01 1.9809986972e-01
   outer loop
     vertex  4.850000e+01 1.747418e+02 6.225426e+00
     vertex  4.850000e+01 1.760000e+02 0.000000e+00
     vertex  4.400000e+01 1.760000e+02 0.000000e+00
   endloop
 endfacet
 facet normal  0.0000000000e+00 9.8018184110e-01 -1.9809986972e-01
   outer loop
     vertex  4.850000e+01 1.760000e+02 0.000000e+00
     vertex  5.300000e+01 1.760000e+02 0.000000e+00
     vertex  5.300000e+01 1.747418e+02 -6.225426e+00
   endloop
 endfacet
 facet normal  0.0000000000e+00 9.8018184110e-01 -1.9809986972e-01
   outer loop
     vertex  4.850000e+01 1.760000e+02 0.000000e+00
     vertex  5.300000e+01 1.747418e+02 -6.225426e+00
     vertex  4.850000e+01 1.747418e+02 -6.225426e+00
   endloop
 endfacet
 facet normal  0.0000000000e+00 8.2905832649e-01 -5.5916213326e-01
   outer loop
     vertex  4.850000e+01 1.747418e+02 -6.225426e+00
     vertex  5.300000e+01 1.747418e+02 -6.225426e+00
     vertex  5.300000e+01 1.713115e+02 -1.131149e+01
   endloop
 endfacet
 facet normal  2.1555370654e-16 8.2905832649e-01 -5.5916213326e-01
   outer loop
     vertex  4.850000e+01 1.747418e+02 -6.225426e+00
     vertex  5.300000e+01 1.713115e+02 -1.131149e+01
     vertex  4.850000e+01 1.713115e+02 -1.131149e+01
   endloop
 endfacet
 facet normal  3.1959709821e-16 5.5916213326e-01 -8.2905832649e-01
   outer loop
     vertex  4.850000e+01 1.713115e+02 -1.131149e+01
     vertex  5.300000e+01 1.713115e+02 -1.131149e+01
     vertex  5.300000e+01 1.662254e+02 -1.474181e+01
   endloop
 endfacet
 facet normal  3.1959709821e-16 5.5916213326e-01 -8.2905832649e-01
   outer loop
     vertex  4.850000e+01 1.713115e+02 -1.131149e+01
     vertex  5.300000e+01 1.662254e+02 -1.474181e+01
     vertex  4.850000e+01 1.662254e+02 -1.474181e+01
   endloop
 endfacet
 facet normal  3.7785432233e-16 1.9809986972e-01 -9.8018184110e-01
   outer loop
     vertex  4.850000e+01 1.662254e+02 -1.474181e+01
     vertex  5.300000e+01 1.662254e+02 -1.474181e+01
     vertex  5.300000e+01 1.600000e+02 -1.600000e+01
   endloop
 endfacet
 facet normal  0.0000000000e+00 1.9809986972e-01 -9.8018184110e-01
   outer loop
     vertex  4.850000e+01 1.662254e+02 -1.474181e+01
     vertex  5.300000e+01 1.600000e+02 -1.600000e+01
     vertex  4.850000e+01 1.600000e+02 -1.600000e+01
   endloop
 endfacet
 facet normal  -0.0000000000e+00 -1.9809986972e-01 -9.8018184110e-01
   outer loop
     vertex  4.850000e+01 1.600000e+02 -1.600000e+01
     vertex  5.300000e+01 1.600000e+02 -1.600000e+01
     vertex  4.850000e+01 1.537746e+02 -1.474181e+01
   endloop
 endfacet
 facet normal  3.7785432233e-16 -1.9809986972e-01 -9.8018184110e-01
   outer loop
     vertex  5.300000e+01 1.600000e+02 -1.600000e+01
     vertex  5.300000e+01 1.537746e+02 -1.474181e+01
     vertex  4.850000e+01 1.537746e+02 -1.474181e+01
   endloop
 endfacet
 facet normal  3.1959709821e-16 -5.5916213326e-01 -8.2905832649e-01
   outer loop
     vertex  4.850000e+01 1.537746e+02 -1.474181e+01
     vertex  5.300000e+01 1.537746e+02 -1.474181e+01
     vertex  4.850000e+01 1.486885e+02 -1.131149e+01
   endloop
 endfacet
 facet normal  3.1959709821e-16 -5.5916213326e-01 -8.2905832649e-01
   outer loop
     vertex  5.300000e+01 1.537746e+02 -1.474181e+01
     vertex  5.300000e+01 1.486885e+02 -1.131149e+01
     vertex  4.850000e+01 1.486885e+02 -1.131149e+01
   endloop
 endfacet
 facet normal  2.1555370654e-16 -8.2905832649e-01 -5.5916213326e-01
   outer loop
     vertex  4.850000e+01 1.486885e+02 -1.131149e+01
     vertex  5.300000e+01 1.486885e+02 -1.131149e+01
     vertex  4.850000e+01 1.452582e+02 -6.225426e+00
   endloop
 endfacet
 facet normal  -0.0000000000e+00 -8.2905832649e-01 -5.5916213326e-01
   outer loop
     vertex  5.300000e+01 1.486885e+02 -1.131149e+01
     vertex  5.300000e+01 1.452582e+02 -6.225426e+00
     vertex  4.850000e+01 1.452582e+02 -6.225426e+00
   endloop
 endfacet
 facet normal  -0.0000000000e+00 -9.8018184110e-01 -1.9809986972e-01
   outer loop
     vertex  4.850000e+01 1.452582e+02 -6.225426e+00
     vertex  5.300000e+01 1.452582e+02 -6.225426e+00
     vertex  4.850000e+01 1.440000e+02 0.000000e+00
   endloop
 endfacet
 facet normal  -0.0000000000e+00 -9.8018184110e-01 -1.9809986972e-01
   outer loop
     vertex  5.300000e+01 1.452582e+02 -6.225426e+00
     vertex  5.300000e+01 1.440000e+02 0.000000e+00
     vertex  4.850000e+01 1.440000e+02 0.000000e+00
   endloop
 endfacet
 facet normal  0.0000000000e+00 -9.8018184110e-01 1.9809986972e-01
   outer loop
     vertex  4.850000e+01 1.440000e+02 0.000000e+00
     vertex  5.300000e+01 1.440000e+02 0.000000e+00
     vertex  5.300000e+01 1.452582e+02 6.225426e+00
   endloop
 endfacet
 facet normal  0.0000000000e+00 -9.8018184110e-01 1.9809986972e-01
   outer loop
     vertex  4.850000e+01 1.440000e+02 0.000000e+00
     vertex  5.300000e+01 1.452582e+02 6.225426e+00
     vertex  4.850000e+01 1.452582e+02 6.225426e+00
   endloop
 endfacet
 facet normal  0.0000000000e+00 -8.2905832649e-01 5.5916213326e-01
   outer loop
     vertex  4.850000e+01 1.452582e+02 6.225426e+00
     vertex  5.300000e+01 1.452582e+02 6.225426e+00
     vertex  5.300000e+01 1.486885e+02 1.131149e+01
   endloop
 endfacet
 facet normal  2.1555370654e-16 -8.2905832649e-01 5.5916213326e-01
   outer loop
     vertex  4.850000e+01 1.452582e+02 6.225426e+00
     vertex  5.300000e+01 1.486885e+02 1.131149e+01
     vertex  4.850000e+01 1.486885e+02 1.131149e+01
   endloop
 endfacet
 facet normal  3.1959709821e-16 -5.5916213326e-01 8.2905832649e-01
   outer loop
     vertex  4.850000e+01 1.486885e+02 1.131149e+01
     vertex  5.300000e+01 1.486885e+02 1.131149e+01
     vertex  5.300000e+01 1.537746e+02 1.474181e+01
   endloop
 endfacet
 facet normal  3.1959709821e-16 -5.5916213326e-01 8.2905832649e-01
   outer loop
     vertex  4.850000e+01 1.486885e+02 1.131149e+01
     vertex  5.300000e+01 1.537746e+02 1.474181e+01
     vertex  4.850000e+01 1.537746e+02 1.474181e+01
   endloop
 endfacet
 facet normal  3.7785432233e-16 -1.9809986972e-01 9.8018184110e-01
   outer loop
     vertex  4.850000e+01 1.537746e+02 1.474181e+01
     vertex  5.300000e+01 1.537746e+02 1.474181e+01
     vertex  5.300000e+01 1.600000e+02 1.600000e+01
   endloop
 endfacet
 facet normal  0.0000000000e+00 -1.9809986972e-01 9.8018184110e-01
   outer loop
     vertex  4.850000e+01 1.537746e+02 1.474181e+01
     vertex  5.300000e+01 1.600000e+02 1.600000e+01
     vertex  4.850000e+01 1.600000e+02 1.600000e+01
   endloop
 endfacet
 facet normal  0.0000000000e+00 1.9809986972e-01 9.8018184110e-01
   outer loop
     vertex  4.850000e+01 1.600000e+02 1.600000e+01
     vertex  5.300000e+01 1.600000e+02 1.600000e+01
     vertex  4.850000e+01 1.662254e+02 1.474181e+01
   endloop
 endfacet
 facet normal  3.7785432233e-16 1.9809986972e-01 9.8018184110e-01
   outer loop
     vertex  5.300000e+01 1.600000e+02 1.600000e+01
     vertex  5.300000e+01 1.662254e+02 1.474181e+01
     vertex  4.850000e+01 1.662254e+02 1.474181e+01
   endloop
 endfacet
 facet normal  3.1959709821e-16 5.5916213326e-01 8.2905832649e-01
   outer loop
     vertex  4.850000e+01 1.662254e+02 1.474181e+01
     vertex  5.300000e+01 1.662254e+02 1.474181e+01
     vertex  4.850000e+01 1.713115e+02 1.131149e+01
   endloop
 endfacet
 facet normal  3.1959709821e-16 5.5916213326e-01 8.2905832649e-01
   outer loop
     vertex  5.300000e+01 1.662254e+02 1.474181e+01
     vertex  5.300000e+01 1.713115e+02 1.131149e+01
     vertex  4.850000e+01 1.713115e+02 1.131149e+01
   endloop
 endfacet
 facet normal  2.1555370654e-16 8.2905832649e-01 5.5916213326e-01
   outer loop
     vertex  4.850000e+01 1.713115e+02 1.131149e+01
     vertex  5.300000e+01 1.713115e+02 1.131149e+01
     vertex  4.850000e+01 1.747418e+02 6.225426e+00
   endloop
 endfacet
 facet normal  0.0000000000e+00 8.2905832649e-01 5.5916213326e-01
   outer loop
     vertex  5.300000e+01 1.713115e+02 1.131149e+01
     vertex  5.300000e+01 1.747418e+02 6.225426e+00
     vertex  4.850000e+01 1.747418e+02 6.225426e+00
   endloop
 endfacet
 facet normal  0.0000000000e+00 9.8018184110e-01 1.9809986972e-01
   outer loop
     vertex  4.850000e+01 1.747418e+02 6.225426e+00
     vertex  5.300000e+01 1.747418e+02 6.225426e+00
     vertex  4.850000e+01 1.760000e+02 0.000000e+00
   endloop
 endfacet
 facet normal  0.0000000000e+00 9.8018184110e-01 1.9809986972e-01
   outer loop
     vertex  5.300000e+01 1.747418e+02 6.225426e+00
     vertex  5.300000e+01 1.760000e+02 0.000000e+00
     vertex  4.850000e+01 1.760000e+02 0.000000e+00
   endloop
 endfacet
 facet normal  0.0000000000e+00 9.8018184110e-01 -1.9809986972e-01
   outer loop
     vertex  5.300000e+01 1.760000e+02 0.000000e+00
     vertex  5.750000e+01 1.760000e+02 0.000000e+00
     vertex  5.750000e+01 1.747418e+02 -6.225426e+00
   endloop
 endfacet
 facet normal  0.0000000000e+00 9.8018184110e-01 -1.9809986972e-01
   outer loop
     vertex  5.300000e+01 1.760000e+02 0.000000e+00
     vertex  5.750000e+01 1.747418e+02 -6.225426e+00
     vertex  5.300000e+01 1.747418e+02 -6.225426e+00
   endloop
 endfacet
 facet normal  0.0000000000e+00 8.2905832649e-01 -5.5916213326e-01
   outer loop
     vertex  5.300000e+01 1.747418e+02 -6.225426e+00
     vertex  5.750000e+01 1.747418e+02 -6.225426e+00
     vertex  5.750000e+01 1.713115e+02 -1.131149e+01
   endloop
 endfacet
 facet normal  -2.1555370654e-16 8.2905832649e-01 -5.5916213326e-01
   outer loop
     vertex  5.300000e+01 1.747418e+02 -6.225426e+00
     vertex  5.750000e+01 1.713115e+02 -1.131149e+01
     vertex  5.300000e+01 1.713115e+02 -1.131149e+01
   endloop
 endfacet
 facet normal  -3.1959709821e-16 5.5916213326e-01 -8.2905832649e-01
   outer loop
     vertex  5.300000e+01 1.713115e+02 -1.131149e+01
     vertex  5.750000e+01 1.713115e+02 -1.131149e+01
     vertex  5.750000e+01 1.662254e+02 -1.474181e+01
   endloop
 endfacet
 facet normal  0.0000000000e+00 5.5916213326e-01 -8.2905832649e-01
   outer loop
     vertex  5.300000e+01 1.713115e+02 -1.131149e+01
     vertex  5.750000e+01 1.662254e+02 -1.474181e+01
     vertex  5.300000e+01 1.662254e+02 -1.474181e+01
   endloop
 endfacet
 facet normal  0.0000000000e+00 1.9809986972e-01 -9.8018184110e-01
   outer loop
     vertex  5.300000e+01 1.662254e+02 -1.474181e+01
     vertex  5.750000e+01 1.662254e+02 -1.474181e+01
     vertex  5.750000e+01 1.600000e+02 -1.600000e+01
   endloop
 endfacet
 facet normal  0.0000000000e+00 1.9809986972e-01 -9.8018184110e-01
   outer loop
     vertex  5.300000e+01 1.662254e+02 -1.474181e+01
     vertex  5.750000e+01 1.600000e+02 -1.600000e+01
     vertex  5.300000e+01 1.600000e+02 -1.600000e+01
   endloop
 endfacet
 facet normal  -0.0000000000e+00 -1.9809986972e-01 -9.8018184110e-01
   outer loop
     vertex  5.300000e+01 1.600000e+02 -1.600000e+01
     vertex  5.750000e+01 1.600000e+02 -1.600000e+01
     vertex  5.300000e+01 1.537746e+02 -1.474181e+01
   endloop
 endfacet
 facet normal  -0.0000000000e+00 -1.9809986972e-01 -9.8018184110e-01
   outer loop
     vertex  5.750000e+01 1.600000e+02 -1.600000e+01
     vertex  5.750000e+01 1.537746e+02 -1.474181e+01
     vertex  5.300000e+01 1.537746e+02 -1.474181e+01
   endloop
 endfacet
 facet normal  -0.0000000000e+00 -5.5916213326e-01 -8.2905832649e-01
   outer loop
     vertex  5.300000e+01 1.537746e+02 -1.474181e+01
     vertex  5.750000e+01 1.537746e+02 -1.474181e+01
     vertex  5.300000e+01 1.486885e+02 -1.131149e+01
   endloop
 endfacet
 facet normal  -3.1959709821e-16 -5.5916213326e-01 -8.2905832649e-01
   outer loop
     vertex  5.750000e+01 1.537746e+02 -1.474181e+01
     vertex  5.750000e+01 1.486885e+02 -1.131149e+01
     vertex  5.300000e+01 1.486885e+02 -1.131149e+01
   endloop
 endfacet
 facet normal  -2.1555370654e-16 -8.2905832649e-01 -5.5916213326e-01
   outer loop
     vertex  5.300000e+01 1.486885e+02 -1.131149e+01
     vertex  5.750000e+01 1.486885e+02 -1.131149e+01
     vertex  5.300000e+01 1.452582e+02 -6.225426e+00
   endloop
 endfacet
 facet normal  -0.0000000000e+00 -8.2905832649e-01 -5.5916213326e-01
   outer loop
     vertex  5.750000e+01 1.486885e+02 -1.131149e+01
     vertex  5.750000e+01 1.452582e+02 -6.225426e+00
     vertex  5.300000e+01 1.452582e+02 -6.225426e+00
   endloop
 endfacet
 facet normal  -0.0000000000e+00 -9.8018184110e-01 -1.9809986972e-01
   outer loop
     vertex  5.300000e+01 1.452582e+02 -6.225426e+00
     vertex  5.750000e+01 1.452582e+02 -6.225426e+00
     vertex  5.300000e+01 1.440000e+02 0.000000e+00
   endloop
 endfacet
 facet normal  -0.0000000000e+00 -9.8018184110e-01 -1.9809986972e-01
   outer loop
     vertex  5.750000e+01 1.452582e+02 -6.225426e+00
     vertex  5.750000e+01 1.440000e+02 0.000000e+00
     vertex  5.300000e+01 1.440000e+02 0.000000e+00
   endloop
 endfacet
 facet normal  0.0000000000e+00 -9.8018184110e-01 1.9809986972e-01
   outer loop
     vertex  5.300000e+01 1.440000e+02 0.000000e+00
     vertex  5.750000e+01 1.440000e+02 0.000000e+00
     vertex  5.750000e+01 1.452582e+02 6.225426e+00
   endloop
 endfacet
 facet normal  0.0000000000e+00 -9.8018184110e-01 1.9809986972e-01
   outer loop
     vertex  5.300000e+01 1.440000e+02 0.000000e+00
     vertex  5.750000e+01 1.452582e+02 6.225426e+00
     vertex  5.300000e+01 1.452582e+02 6.225426e+00
   endloop
 endfacet
 facet normal  0.0000000000e+00 -8.2905832649e-01 5.5916213326e-01
   outer loop
     vertex  5.300000e+01 1.452582e+02 6.225426e+00
     vertex  5.750000e+01 1.452582e+02 6.225426e+00
     vertex  5.750000e+01 1.486885e+02 1.131149e+01
   endloop
 endfacet
 facet normal  -2.1555370654e-16 -8.2905832649e-01 5.5916213326e-01
   outer loop
     vertex  5.300000e+01 1.452582e+02 6.225426e+00
     vertex  5.750000e+01 1.486885e+02 1.131149e+01
     vertex  5.300000e+01 1.486885e+02 1.131149e+01
   endloop
 endfacet
 facet normal  -3.1959709821e-16 -5.5916213326e-01 8.2905832649e-01
   outer loop
     vertex  5.300000e+01 1.486885e+02 1.131149e+01
     vertex  5.750000e+01 1.486885e+02 1.131149e+01
     vertex  5.750000e+01 1.537746e+02 1.474181e+01
   endloop
 endfacet
 facet normal  0.0000000000e+00 -5.5916213326e-01 8.2905832649e-01
   outer loop
     vertex  5.300000e+01 1.486885e+02 1.131149e+01
     vertex  5.750000e+01 1.537746e+02 1.474181e+01
     vertex  5.300000e+01 1.537746e+02 1.474181e+01
   endloop
 endfacet
 facet normal  0.0000000000e+00 -1.9809986972e-01 9.8018184110e-01
   outer loop
     vertex  5.300000e+01 1.537746e+02 1.474181e+01
     vertex  5.750000e+01 1.537746e+02 1.474181e+01
     vertex  5.750000e+01 1.600000e+02 1.600000e+01
   endloop
 endfacet
 facet normal  0.0000000000e+00 -1.9809986972e-01 9.8018184110e-01
   outer loop
     vertex  5.300000e+01 1.537746e+02 1.474181e+01
     vertex  5.750000e+01 1.600000e+02 1.600000e+01
     vertex  5.300000e+01 1.600000e+02 1.600000e+01
   endloop
 endfacet
 facet normal  0.0000000000e+00 1.9809986972e-01 9.8018184110e-01
   outer loop
     vertex  5.300000e+01 1.600000e+02 1.600000e+01
     vertex  5.750000e+01 1.600000e+02 1.600000e+01
     vertex  5.300000e+01 1.662254e+02 1.474181e+01
   endloop
 endfacet
 facet normal  0.0000000000e+00 1.9809986972e-01 9.8018184110e-01
   outer loop
     vertex  5.750000e+01 1.600000e+02 1.600000e+01
     vertex  5.750000e+01 1.662254e+02 1.474181e+01
     vertex  5.300000e+01 1.662254e+02 1.474181e+01
   endloop
 endfacet
 facet normal  0.0000000000e+00 5.5916213326e-01 8.2905832649e-01
   outer loop
     vertex  5.300000e+01 1.662254e+02 1.474181e+01
     vertex  5.750000e+01 1.662254e+02 1.474181e+01
     vertex  5.300000e+01 1.713115e+02 1.131149e+01
   endloop
 endfacet
 facet normal  -3.1959709821e-16 5.5916213326e-01 8.2905832649e-01
   outer loop
     vertex  5.750000e+01 1.662254e+02 1.474181e+01
     vertex  5.750000e+01 1.713115e+02 1.131149e+01
     vertex  5.300000e+01 1.713115e+02 1.131149e+01
   endloop
 endfacet
 facet normal  -2.1555370654e-16 8.2905832649e-01 5.5916213326e-01
   outer loop
     vertex  5.300000e+01 1.713115e+02 1.131149e+01
     vertex  5.750000e+01 1.713115e+02 1.131149e+01
     vertex  5.300000e+01 1.747418e+02 6.225426e+00
   endloop
 endfacet
 facet normal  0.0000000000e+00 8.2905832649e-01 5.5916213326e-01
   outer loop
     vertex  5.750000e+01 1.713115e+02 1.131149e+01
     vertex  5.750000e+01 1.747418e+02 6.225426e+00
     vertex  5.300000e+01 1.747418e+02 6.225426e+00
   endloop
 endfacet
 facet normal  0.0000000000e+00 9.8018184110e-01 1.9809986972e-01
   outer loop
     vertex  5.300000e+01 1.747418e+02 6.225426e+00
     vertex  5.750000e+01 1.747418e+02 6.225426e+00
     vertex  5.300000e+01 1.760000e+02 0.000000e+00
   endloop
 endfacet
 facet normal  0.0000000000e+00 9.8018184110e-01 1.9809986972e-01
   outer loop
     vertex  5.750000e+01 1.747418e+02 6.225426e+00
     vertex  5.750000e+01 1.760000e+02 0.000000e+00
     vertex  5.300000e+01 1.760000e+02 0.000000e+00
   endloop
 endfacet
 facet normal  2.2069993832e-02 9.7994392296e-01 -1.9804752772e-01
   outer loop
     vertex  5.750000e+01 1.760000e+02 0.000000e+00
     vertex  6.232957e+01 1.758912e+02 0.000000e+00
     vertex  6.232957e+01 1.746422e+02 -6.180432e+00
   endloop
 endfacet
 facet normal  2.2064529519e-02 9.7994321449e-01 -1.9805164204e-01
   outer loop
     vertex  5.750000e+01 1.760000e+02 0.000000e+00
     vertex  6.232957e+01 1.746422e+02 -6.180432e+00
     vertex  5.750000e+01 1.747418e+02 -6.225426e+00
   endloop
 endfacet
 facet normal  2.2310677175e-02 8.2895279855e-01 -5.5887341273e-01
   outer loop
     vertex  5.750000e+01 1.747418e+02 -6.225426e+00
     vertex  6.232957e+01 1.746422e+02 -6.180432e+00
     vertex  6.232957e+01 1.712346e+02 -1.123465e+01
   endloop
 endfacet
 facet normal  2.2082463538e-02 8.2885616284e-01 -5.5902578307e-01
   outer loop
     vertex  5.750000e+01 1.747418e+02 -6.225426e+00
     vertex  6.232957e+01 1.712346e+02 -1.123465e+01
     vertex  5.750000e+01 1.713115e+02 -1.131149e+01
   endloop
 endfacet
 facet normal  2.2081689038e-02 5.5887625470e-01 -8.2895701393e-01
   outer loop
     vertex  5.750000e+01 1.713115e+02 -1.131149e+01
     vertex  6.232957e+01 1.712346e+02 -1.123465e+01
     vertex  6.232957e+01 1.661804e+02 -1.464216e+01
   endloop
 endfacet
 facet normal  2.2309990088e-02 5.5902295847e-01 -8.2885197487e-01
   outer loop
     vertex  5.750000e+01 1.713115e+02 -1.131149e+01
     vertex  6.232957e+01 1.661804e+02 -1.464216e+01
     vertex  5.750000e+01 1.662254e+02 -1.474181e+01
   endloop
 endfacet
 facet normal  2.2064508479e-02 1.9804755170e-01 -9.7994404163e-01
   outer loop
     vertex  5.750000e+01 1.662254e+02 -1.474181e+01
     vertex  6.232957e+01 1.661804e+02 -1.464216e+01
     vertex  6.232957e+01 1.600000e+02 -1.589123e+01
   endloop
 endfacet
 facet normal  2.2069975223e-02 1.9805161823e-01 -9.7994309667e-01
   outer loop
     vertex  5.750000e+01 1.662254e+02 -1.474181e+01
     vertex  6.232957e+01 1.600000e+02 -1.589123e+01
     vertex  5.750000e+01 1.600000e+02 -1.600000e+01
   endloop
 endfacet
 facet normal  2.2069975223e-02 -1.9805161823e-01 -9.7994309667e-01
   outer loop
     vertex  5.750000e+01 1.600000e+02 -1.600000e+01
     vertex  6.232957e+01 1.600000e+02 -1.589123e+01
     vertex  5.750000e+01 1.537746e+02 -1.474181e+01
   endloop
 endfacet
 facet normal  2.2064508479e-02 -1.9804755170e-01 -9.7994404163e-01
   outer loop
     vertex  6.232957e+01 1.600000e+02 -1.589123e+01
     vertex  6.232957e+01 1.538196e+02 -1.464216e+01
     vertex  5.750000e+01 1.537746e+02 -1.474181e+01
   endloop
 endfacet
 facet normal  2.2309990088e-02 -5.5902295847e-01 -8.2885197487e-01
   outer loop
     vertex  5.750000e+01 1.537746e+02 -1.474181e+01
     vertex  6.232957e+01 1.538196e+02 -1.464216e+01
     vertex  5.750000e+01 1.486885e+02 -1.131149e+01
   endloop
 endfacet
 facet normal  2.2081689038e-02 -5.5887625470e-01 -8.2895701393e-01
   outer loop
     vertex  6.232957e+01 1.538196e+02 -1.464216e+01
     vertex  6.232957e+01 1.487654e+02 -1.123465e+01
     vertex  5.750000e+01 1.486885e+02 -1.131149e+01
   endloop
 endfacet
 facet normal  2.2082463538e-02 -8.2885616284e-01 -5.5902578307e-01
   outer loop
     vertex  5.750000e+01 1.486885e+02 -1.131149e+01
     vertex  6.232957e+01 1.487654e+02 -1.123465e+01
     vertex  5.750000e+01 1.452582e+02 -6.225426e+00
   endloop
 endfacet
 facet normal  2.2310677175e-02 -8.2895279855e-01 -5.5887341273e-01
   outer loop
     vertex  6.232957e+01 1.487654e+02 -1.123465e+01
     vertex  6.232957e+01 1.453578e+02 -6.180432e+00
     vertex  5.750000e+01 1.452582e+02 -6.225426e+00
   endloop
 endfacet
 facet normal  2.2064529519e-02 -9.7994321449e-01 -1.9805164204e-01
   outer loop
     vertex  5.750000e+01 1.452582e+02 -6.225426e+00
     vertex  6.232957e+01 1.453578e+02 -6.180432e+00
     vertex  5.750000e+01 1.440000e+02 0.000000e+00
   endloop
 endfacet
 facet normal  2.2069993832e-02 -9.7994392296e-01 -1.9804752772e-01
   outer loop
     vertex  6.232957e+01 1.453578e+02 -6.180432e+00
     vertex  6.232957e+01 1.441088e+02 8.206625e-17
     vertex  5.750000e+01 1.440000e+02 0.000000e+00
   endloop
 endfacet
 facet normal  2.2069993832e-02 -9.7994392296e-01 1.9804752772e-01
   outer loop
     vertex  5.750000e+01 1.440000e+02 0.000000e+00
     vertex  6.232957e+01 1.441088e+02 8.206625e-17
     vertex  6.232957e+01 1.453578e+02 6.180432e+00
   endloop
 endfacet
 facet normal  2.2064529519e-02 -9.7994321449e-01 1.9805164204e-01
   outer loop
     vertex  5.750000e+01 1.440000e+02 0.000000e+00
     vertex  6.232957e+01 1.453578e+02 6.180432e+00
     vertex  5.750000e+01 1.452582e+02 6.225426e+00
   endloop
 endfacet
 facet normal  2.2310677175e-02 -8.2895279855e-01 5.5887341273e-01
   outer loop
     vertex  5.750000e+01 1.452582e+02 6.225426e+00
     vertex  6.232957e+01 1.453578e+02 6.180432e+00
     vertex  6.232957e+01 1.487654e+02 1.123465e+01
   endloop
 endfacet
 facet normal  2.2082463538e-02 -8.2885616284e-01 5.5902578307e-01
   outer loop
     vertex  5.750000e+01 1.452582e+02 6.225426e+00
     vertex  6.232957e+01 1.487654e+02 1.123465e+01
     vertex  5.750000e+01 1.486885e+02 1.131149e+01
   endloop
 endfacet
 facet normal  2.2081689038e-02 -5.5887625470e-01 8.2895701393e-01
   outer loop
     vertex  5.750000e+01 1.486885e+02 1.131149e+01
     vertex  6.232957e+01 1.487654e+02 1.123465e+01
     vertex  6.232957e+01 1.538196e+02 1.464216e+01
   endloop
 endfacet
 facet normal  2.2309990088e-02 -5.5902295847e-01 8.2885197487e-01
   outer loop
     vertex  5.750000e+01 1.486885e+02 1.131149e+01
     vertex  6.232957e+01 1.538196e+02 1.464216e+01
     vertex  5.750000e+01 1.537746e+02 1.474181e+01
   endloop
 endfacet
 facet normal  2.2064508479e-02 -1.9804755170e-01 9.7994404163e-01
   outer loop
     vertex  5.750000e+01 1.537746e+02 1.474181e+01
     vertex  6.232957e+01 1.538196e+02 1.464216e+01
     vertex  6.232957e+01 1.600000e+02 1.589123e+01
   endloop
 endfacet
 facet normal  2.2069975223e-02 -1.9805161823e-01 9.7994309667e-01
   outer loop
     vertex  5.750000e+01 1.537746e+02 1.474181e+01
     vertex  6.232957e+01 1.600000e+02 1.589123e+01
     vertex  5.750000e+01 1.600000e+02 1.600000e+01
   endloop
 endfacet
 facet normal  2.2069975223e-02 1.9805161823e-01 9.7994309667e-01
   outer loop
     vertex  5.750000e+01 1.600000e+02 1.600000e+01
     vertex  6.232957e+01 1.600000e+02 1.589123e+01
     vertex  5.750000e+01 1.662254e+02 1.474181e+01
   endloop
 endfacet
 facet normal  2.2064508479e-02 1.9804755170e-01 9.7994404163e-01
   outer loop
     vertex  6.232957e+01 1.600000e+02 1.589123e+01
     vertex  6.232957e+01 1.661804e+02 1.464216e+01
     vertex  5.750000e+01 1.662254e+02 1.474181e+01
   endloop
 endfacet
 facet normal  2.2309990088e-02 5.5902295847e-01 8.2885197487e-01
   outer loop
     vertex  5.750000e+01 1.662254e+02 1.474181e+01
     vertex  6.232957e+01 1.661804e+02 1.464216e+01
     vertex  5.750000e+01 1.713115e+02 1.131149e+01
   endloop
 endfacet
 facet normal  2.2081689038e-02 5.5887625470e-01 8.2895701393e-01
   outer loop
     vertex  6.232957e+01 1.661804e+02 1.464216e+01
     vertex  6.232957e+01 1.712346e+02 1.123465e+01
     vertex  5.750000e+01 1.713115e+02 1.131149e+01
   endloop
 endfacet
 facet normal  2.2082463538e-02 8.2885616284e-01 5.5902578307e-01
   outer loop
     vertex  5.750000e+01 1.713115e+02 1.131149e+01
     vertex  6.232957e+01 1.712346e+02 1.123465e+01
     vertex  5.750000e+01 1.747418e+02 6.225426e+00
   endloop
 endfacet
 facet normal  2.2310677175e-02 8.2895279855e-01 5.5887341273e-01
   outer loop
     vertex  6.232957e+01 1.712346e+02 1.123465e+01
     vertex  6.232957e+01 1.746422e+02 6.180432e+00
     vertex  5.750000e+01 1.747418e+02 6.225426e+00
   endloop
 endfacet
 facet normal  2.2064529519e-02 9.7994321449e-01 1.9805164204e-01
   outer loop
     vertex  5.750000e+01 1.747418e+02 6.225426e+00
     vertex  6.232957e+01 1.746422e+02 6.180432e+00
     vertex  5.750000e+01 1.760000e+02 0.000000e+00
   endloop
 endfacet
 facet normal  2.2069993832e-02 9.7994392296e-01 1.9804752772e-01
   outer loop
     vertex  6.232957e+01 1.746422e+02 6.180432e+00
     vertex  6.232957e+01 1.758912e+02 0.000000e+00
     vertex  5.750000e+01 1.760000e+02 0.000000e+00
   endloop
 endfacet
 facet normal  7.7574016118e-02 9.7723069778e-01 -1.9749034238e-01
   outer loop
     vertex  6.232957e+01 1.758912e+02 0.000000e+00
     vertex  6.748871e+01 1.754817e+02 0.000000e+00
     vertex  6.748871e+01 1.742660e+02 -6.015738e+00
   endloop
 endfacet
 facet normal  7.7563634797e-02 9.7722977302e-01 -1.9749899563e-01
   outer loop
     vertex  6.232957e+01 1.758912e+02 0.000000e+00
     vertex  6.748871e+01 1.742660e+02 -6.015738e+00
     vertex  6.232957e+01 1.746422e+02 -6.180432e+00
   endloop
 endfacet
 facet normal  7.8073233179e-02 8.2683701689e-01 -5.5699651504e-01
   outer loop
     vertex  6.232957e+01 1.746422e+02 -6.180432e+00
     vertex  6.748871e+01 1.742660e+02 -6.015738e+00
     vertex  6.748871e+01 1.709452e+02 -1.094522e+01
   endloop
 endfacet
 facet normal  7.7640239047e-02 8.2665632189e-01 -5.5732514635e-01
   outer loop
     vertex  6.232957e+01 1.746422e+02 -6.180432e+00
     vertex  6.748871e+01 1.709452e+02 -1.094522e+01
     vertex  6.232957e+01 1.712346e+02 -1.123465e+01
   endloop
 endfacet
 facet normal  7.7634607186e-02 5.5701565210e-01 -8.2686542501e-01
   outer loop
     vertex  6.232957e+01 1.712346e+02 -1.123465e+01
     vertex  6.748871e+01 1.709452e+02 -1.094522e+01
     vertex  6.748871e+01 1.660157e+02 -1.426596e+01
   endloop
 endfacet
 facet normal  7.8067932449e-02 5.5730647586e-01 -8.2662862876e-01
   outer loop
     vertex  6.232957e+01 1.712346e+02 -1.123465e+01
     vertex  6.748871e+01 1.660157e+02 -1.426596e+01
     vertex  6.232957e+01 1.661804e+02 -1.464216e+01
   endloop
 endfacet
 facet normal  7.7563489710e-02 1.9749050461e-01 -9.7723150054e-01
   outer loop
     vertex  6.232957e+01 1.661804e+02 -1.464216e+01
     vertex  6.748871e+01 1.660157e+02 -1.426596e+01
     vertex  6.748871e+01 1.600000e+02 -1.548169e+01
   endloop
 endfacet
 facet normal  7.7573880684e-02 1.9749883772e-01 -9.7722899166e-01
   outer loop
     vertex  6.232957e+01 1.661804e+02 -1.464216e+01
     vertex  6.748871e+01 1.600000e+02 -1.548169e+01
     vertex  6.232957e+01 1.600000e+02 -1.589123e+01
   endloop
 endfacet
 facet normal  7.7573880684e-02 -1.9749883772e-01 -9.7722899166e-01
   outer loop
     vertex  6.232957e+01 1.600000e+02 -1.589123e+01
     vertex  6.748871e+01 1.600000e+02 -1.548169e+01
     vertex  6.232957e+01 1.538196e+02 -1.464216e+01
   endloop
 endfacet
 facet normal  7.7563489710e-02 -1.9749050461e-01 -9.7723150054e-01
   outer loop
     vertex  6.748871e+01 1.600000e+02 -1.548169e+01
     vertex  6.748871e+01 1.539843e+02 -1.426596e+01
     vertex  6.232957e+01 1.538196e+02 -1.464216e+01
   endloop
 endfacet
 facet normal  7.8067932449e-02 -5.5730647586e-01 -8.2662862876e-01
   outer loop
     vertex  6.232957e+01 1.538196e+02 -1.464216e+01
     vertex  6.748871e+01 1.539843e+02 -1.426596e+01
     vertex  6.232957e+01 1.487654e+02 -1.123465e+01
   endloop
 endfacet
 facet normal  7.7634607186e-02 -5.5701565210e-01 -8.2686542501e-01
   outer loop
     vertex  6.748871e+01 1.539843e+02 -1.426596e+01
     vertex  6.748871e+01 1.490548e+02 -1.094522e+01
     vertex  6.232957e+01 1.487654e+02 -1.123465e+01
   endloop
 endfacet
 facet normal  7.7640239047e-02 -8.2665632189e-01 -5.5732514635e-01
   outer loop
     vertex  6.232957e+01 1.487654e+02 -1.123465e+01
     vertex  6.748871e+01 1.490548e+02 -1.094522e+01
     vertex  6.232957e+01 1.453578e+02 -6.180432e+00
   endloop
 endfacet
 facet normal  7.8073233180e-02 -8.2683701689e-01 -5.5699651504e-01
   outer loop
     vertex  6.748871e+01 1.490548e+02 -1.094522e+01
     vertex  6.748871e+01 1.457340e+02 -6.015738e+00
     vertex  6.232957e+01 1.453578e+02 -6.180432e+00
   endloop
 endfacet
 facet normal  7.7563634797e-02 -9.7722977302e-01 -1.9749899563e-01
   outer loop
     vertex  6.232957e+01 1.453578e+02 -6.180432e+00
     vertex  6.748871e+01 1.457340e+02 -6.015738e+00
     vertex  6.232957e+01 1.441088e+02 8.206625e-17
   endloop
 endfacet
 facet normal  7.7574016118e-02 -9.7723069778e-01 -1.9749034238e-01
   outer loop
     vertex  6.748871e+01 1.457340e+02 -6.015738e+00
     vertex  6.748871e+01 1.445183e+02 2.461987e-16
     vertex  6.232957e+01 1.441088e+02 8.206625e-17
   endloop
 endfacet
 facet normal  7.7574016118e-02 -9.7723069778e-01 1.9749034238e-01
   outer loop
     vertex  6.232957e+01 1.441088e+02 8.206625e-17
     vertex  6.748871e+01 1.445183e+02 2.461987e-16
     vertex  6.748871e+01 1.457340e+02 6.015738e+00
   endloop
 endfacet
 facet normal  7.7563634797e-02 -9.7722977302e-01 1.9749899563e-01
   outer loop
     vertex  6.232957e+01 1.441088e+02 8.206625e-17
     vertex  6.748871e+01 1.457340e+02 6.015738e+00
     vertex  6.232957e+01 1.453578e+02 6.180432e+00
   endloop
 endfacet
 facet normal  7.8073233180e-02 -8.2683701689e-01 5.5699651504e-01
   outer loop
     vertex  6.232957e+01 1.453578e+02 6.180432e+00
     vertex  6.748871e+01 1.457340e+02 6.015738e+00
     vertex  6.748871e+01 1.490548e+02 1.094522e+01
   endloop
 endfacet
 facet normal  7.7640239047e-02 -8.2665632189e-01 5.5732514635e-01
   outer loop
     vertex  6.232957e+01 1.453578e+02 6.180432e+00
     vertex  6.748871e+01 1.490548e+02 1.094522e+01
     vertex  6.232957e+01 1.487654e+02 1.123465e+01
   endloop
 endfacet
 facet normal  7.7634607186e-02 -5.5701565210e-01 8.2686542501e-01
   outer loop
     vertex  6.232957e+01 1.487654e+02 1.123465e+01
     vertex  6.748871e+01 1.490548e+02 1.094522e+01
     vertex  6.748871e+01 1.539843e+02 1.426596e+01
   endloop
 endfacet
 facet normal  7.8067932449e-02 -5.5730647586e-01 8.2662862876e-01
   outer loop
     vertex  6.232957e+01 1.487654e+02 1.123465e+01
     vertex  6.748871e+01 1.539843e+02 1.426596e+01
     vertex  6.232957e+01 1.538196e+02 1.464216e+01
   endloop
 endfacet
 facet normal  7.7563489710e-02 -1.9749050461e-01 9.7723150054e-01
   outer loop
     vertex  6.232957e+01 1.538196e+02 1.464216e+01
     vertex  6.748871e+01 1.539843e+02 1.426596e+01
     vertex  6.748871e+01 1.600000e+02 1.548169e+01
   endloop
 endfacet
 facet normal  7.7573880684e-02 -1.9749883772e-01 9.7722899166e-01
   outer loop
     vertex  6.232957e+01 1.538196e+02 1.464216e+01
     vertex  6.748871e+01 1.600000e+02 1.548169e+01
     vertex  6.232957e+01 1.600000e+02 1.589123e+01
   endloop
 endfacet
 facet normal  7.7573880684e-02 1.9749883772e-01 9.7722899166e-01
   outer loop
     vertex  6.232957e+01 1.600000e+02 1.589123e+01
     vertex  6.748871e+01 1.600000e+02 1.548169e+01
     vertex  6.232957e+01 1.661804e+02 1.464216e+01
   endloop
 endfacet
 facet normal  7.7563489710e-02 1.9749050461e-01 9.7723150054e-01
   outer loop
     vertex  6.748871e+01 1.600000e+02 1.548169e+01
     vertex  6.748871e+01 1.660157e+02 1.426596e+01
     vertex  6.232957e+01 1.661804e+02 1.464216e+01
   endloop
 endfacet
 facet normal  7.8067932449e-02 5.5730647586e-01 8.2662862876e-01
   outer loop
     vertex  6.232957e+01 1.661804e+02 1.464216e+01
     vertex  6.748871e+01 1.660157e+02 1.426596e+01
     vertex  6.232957e+01 1.712346e+02 1.123465e+01
   endloop
 endfacet
 facet normal  7.7634607186e-02 5.5701565210e-01 8.2686542501e-01
   outer loop
     vertex  6.748871e+01 1.660157e+02 1.426596e+01
     vertex  6.748871e+01 1.709452e+02 1.094522e+01
     vertex  6.232957e+01 1.712346e+02 1.123465e+01
   endloop
 endfacet
 facet normal  7.7640239047e-02 8.2665632189e-01 5.5732514635e-01
   outer loop
     vertex  6.232957e+01 1.712346e+02 1.123465e+01
     vertex  6.748871e+01 1.709452e+02 1.094522e+01
     vertex  6.232957e+01 1.746422e+02 6.180432e+00
   endloop
 endfacet
 facet normal  7.8073233179e-02 8.2683701689e-01 5.5699651504e-01
   outer loop
     vertex  6.748871e+01 1.709452e+02 1.094522e+01
     vertex  6.748871e+01 1.742660e+02 6.015738e+00
     vertex  6.232957e+01 1.746422e+02 6.180432e+00
   endloop
 endfacet
 facet normal  7.7563634797e-02 9.7722977302e-01 1.9749899563e-01
   outer loop
     vertex  6.232957e+01 1.746422e+02 6.180432e+00
     vertex  6.748871e+01 1.742660e+02 6.015738e+00
     vertex  6.232957e+01 1.758912e+02 0.000000e+00
   endloop
 endfacet
 facet normal  7.7574016118e-02 9.7723069778e-01 1.9749034238e-01
   outer loop
     vertex  6.748871e+01 1.742660e+02 6.015738e+00
     vertex  6.748871e+01 1.754817e+02 0.000000e+00
     vertex  6.232957e+01 1.758912e+02 0.000000e+00
   endloop
 endfacet
 facet normal  1.6174818911e-01 9.6727886035e-01 -1.9547155712e-01
   outer loop
     vertex  6.748871e+01 1.754817e+02 0.000000e+00
     vertex  7.248307e+01 1.746465e+02 0.000000e+00
     vertex  7.248307e+01 1.734973e+02 -5.686779e+00
   endloop
 endfacet
 facet normal  1.6173952132e-01 9.6727877722e-01 -1.9547914052e-01
   outer loop
     vertex  6.748871e+01 1.754817e+02 0.000000e+00
     vertex  7.248307e+01 1.734973e+02 -5.686779e+00
     vertex  6.748871e+01 1.742660e+02 -6.015738e+00
   endloop
 endfacet
 facet normal  1.6226989318e-01 8.1855521174e-01 -5.5103162078e-01
   outer loop
     vertex  6.748871e+01 1.742660e+02 -6.015738e+00
     vertex  7.248307e+01 1.734973e+02 -5.686779e+00
     vertex  7.248307e+01 1.703549e+02 -1.035488e+01
   endloop
 endfacet
 facet normal  1.6190900056e-01 8.1842561591e-01 -5.5133019758e-01
   outer loop
     vertex  6.748871e+01 1.742660e+02 -6.015738e+00
     vertex  7.248307e+01 1.703549e+02 -1.035488e+01
     vertex  6.748871e+01 1.709452e+02 -1.094522e+01
   endloop
 endfacet
 facet normal  1.6189902097e-01 5.5106563947e-01 -8.1860574638e-01
   outer loop
     vertex  6.748871e+01 1.709452e+02 -1.094522e+01
     vertex  7.248307e+01 1.703549e+02 -1.035488e+01
     vertex  7.248307e+01 1.656868e+02 -1.349733e+01
   endloop
 endfacet
 facet normal  1.6226013043e-01 5.5129797423e-01 -8.1837778176e-01
   outer loop
     vertex  6.748871e+01 1.709452e+02 -1.094522e+01
     vertex  7.248307e+01 1.656868e+02 -1.349733e+01
     vertex  6.748871e+01 1.660157e+02 -1.426596e+01
   endloop
 endfacet
 facet normal  1.6173927411e-01 1.9547184655e-01 -9.6728029258e-01
   outer loop
     vertex  6.748871e+01 1.660157e+02 -1.426596e+01
     vertex  7.248307e+01 1.656868e+02 -1.349733e+01
     vertex  7.248307e+01 1.600000e+02 -1.464653e+01
   endloop
 endfacet
 facet normal  1.6174794881e-01 1.9547886690e-01 -9.6727742331e-01
   outer loop
     vertex  6.748871e+01 1.660157e+02 -1.426596e+01
     vertex  7.248307e+01 1.600000e+02 -1.464653e+01
     vertex  6.748871e+01 1.600000e+02 -1.548169e+01
   endloop
 endfacet
 facet normal  1.6174794881e-01 -1.9547886690e-01 -9.6727742331e-01
   outer loop
     vertex  6.748871e+01 1.600000e+02 -1.548169e+01
     vertex  7.248307e+01 1.600000e+02 -1.464653e+01
     vertex  6.748871e+01 1.539843e+02 -1.426596e+01
   endloop
 endfacet
 facet normal  1.6173927411e-01 -1.9547184655e-01 -9.6728029258e-01
   outer loop
     vertex  7.248307e+01 1.600000e+02 -1.464653e+01
     vertex  7.248307e+01 1.543132e+02 -1.349733e+01
     vertex  6.748871e+01 1.539843e+02 -1.426596e+01
   endloop
 endfacet
 facet normal  1.6226013043e-01 -5.5129797423e-01 -8.1837778176e-01
   outer loop
     vertex  6.748871e+01 1.539843e+02 -1.426596e+01
     vertex  7.248307e+01 1.543132e+02 -1.349733e+01
     vertex  6.748871e+01 1.490548e+02 -1.094522e+01
   endloop
 endfacet
 facet normal  1.6189902097e-01 -5.5106563947e-01 -8.1860574638e-01
   outer loop
     vertex  7.248307e+01 1.543132e+02 -1.349733e+01
     vertex  7.248307e+01 1.496451e+02 -1.035488e+01
     vertex  6.748871e+01 1.490548e+02 -1.094522e+01
   endloop
 endfacet
 facet normal  1.6190900056e-01 -8.1842561591e-01 -5.5133019758e-01
   outer loop
     vertex  6.748871e+01 1.490548e+02 -1.094522e+01
     vertex  7.248307e+01 1.496451e+02 -1.035488e+01
     vertex  6.748871e+01 1.457340e+02 -6.015738e+00
   endloop
 endfacet
 facet normal  1.6226989318e-01 -8.1855521174e-01 -5.5103162078e-01
   outer loop
     vertex  7.248307e+01 1.496451e+02 -1.035488e+01
     vertex  7.248307e+01 1.465027e+02 -5.686779e+00
     vertex  6.748871e+01 1.457340e+02 -6.015738e+00
   endloop
 endfacet
 facet normal  1.6173952132e-01 -9.6727877722e-01 -1.9547914052e-01
   outer loop
     vertex  6.748871e+01 1.457340e+02 -6.015738e+00
     vertex  7.248307e+01 1.465027e+02 -5.686779e+00
     vertex  6.748871e+01 1.445183e+02 2.461987e-16
   endloop
 endfacet
 facet normal  1.6174818911e-01 -9.6727886035e-01 -1.9547155712e-01
   outer loop
     vertex  7.248307e+01 1.465027e+02 -5.686779e+00
     vertex  7.248307e+01 1.453535e+02 3.692981e-16
     vertex  6.748871e+01 1.445183e+02 2.461987e-16
   endloop
 endfacet
 facet normal  1.6174818911e-01 -9.6727886035e-01 1.9547155712e-01
   outer loop
     vertex  6.748871e+01 1.445183e+02 2.461987e-16
     vertex  7.248307e+01 1.453535e+02 3.692981e-16
     vertex  7.248307e+01 1.465027e+02 5.686779e+00
   endloop
 endfacet
 facet normal  1.6173952132e-01 -9.6727877722e-01 1.9547914052e-01
   outer loop
     vertex  6.748871e+01 1.445183e+02 2.461987e-16
     vertex  7.248307e+01 1.465027e+02 5.686779e+00
     vertex  6.748871e+01 1.457340e+02 6.015738e+00
   endloop
 endfacet
 facet normal  1.6226989318e-01 -8.1855521174e-01 5.5103162078e-01
   outer loop
     vertex  6.748871e+01 1.457340e+02 6.015738e+00
     vertex  7.248307e+01 1.465027e+02 5.686779e+00
     vertex  7.248307e+01 1.496451e+02 1.035488e+01
   endloop
 endfacet
 facet normal  1.6190900056e-01 -8.1842561591e-01 5.5133019758e-01
   outer loop
     vertex  6.748871e+01 1.457340e+02 6.015738e+00
     vertex  7.248307e+01 1.496451e+02 1.035488e+01
     vertex  6.748871e+01 1.490548e+02 1.094522e+01
   endloop
 endfacet
 facet normal  1.6189902097e-01 -5.5106563947e-01 8.1860574638e-01
   outer loop
     vertex  6.748871e+01 1.490548e+02 1.094522e+01
     vertex  7.248307e+01 1.496451e+02 1.035488e+01
     vertex  7.248307e+01 1.543132e+02 1.349733e+01
   endloop
 endfacet
 facet normal  1.6226013043e-01 -5.5129797423e-01 8.1837778176e-01
   outer loop
     vertex  6.748871e+01 1.490548e+02 1.094522e+01
     vertex  7.248307e+01 1.543132e+02 1.349733e+01
     vertex  6.748871e+01 1.539843e+02 1.426596e+01
   endloop
 endfacet
 facet normal  1.6173927411e-01 -1.9547184655e-01 9.6728029258e-01
   outer loop
     vertex  6.748871e+01 1.539843e+02 1.426596e+01
     vertex  7.248307e+01 1.543132e+02 1.349733e+01
     vertex  7.248307e+01 1.600000e+02 1.464653e+01
   endloop
 endfacet
 facet normal  1.6174794881e-01 -1.9547886690e-01 9.6727742331e-01
   outer loop
     vertex  6.748871e+01 1.539843e+02 1.426596e+01
     vertex  7.248307e+01 1.600000e+02 1.464653e+01
     vertex  6.748871e+01 1.600000e+02 1.548169e+01
   endloop
 endfacet
 facet normal  1.6174794881e-01 1.9547886690e-01 9.6727742331e-01
   outer loop
     vertex  6.748871e+01 1.600000e+02 1.548169e+01
     vertex  7.248307e+01 1.600000e+02 1.464653e+01
     vertex  6.748871e+01 1.660157e+02 1.426596e+01
   endloop
 endfacet
 facet normal  1.6173927411e-01 1.9547184655e-01 9.6728029258e-01
   outer loop
     vertex  7.248307e+01 1.600000e+02 1.464653e+01
     vertex  7.248307e+01 1.656868e+02 1.349733e+01
     vertex  6.748871e+01 1.660157e+02 1.426596e+01
   endloop
 endfacet
 facet normal  1.6226013043e-01 5.5129797423e-01 8.1837778176e-01
   outer loop
     vertex  6.748871e+01 1.660157e+02 1.426596e+01
     vertex  7.248307e+01 1.656868e+02 1.349733e+01
     vertex  6.748871e+01 1.709452e+02 1.094522e+01
   endloop
 endfacet
 facet normal  1.6189902097e-01 5.5106563947e-01 8.1860574638e-01
   outer loop
     vertex  7.248307e+01 1.656868e+02 1.349733e+01
     vertex  7.248307e+01 1.703549e+02 1.035488e+01
     vertex  6.748871e+01 1.709452e+02 1.094522e+01
   endloop
 endfacet
 facet normal  1.6190900056e-01 8.1842561591e-01 5.5133019758e-01
   outer loop
     vertex  6.748871e+01 1.709452e+02 1.094522e+01
     vertex  7.248307e+01 1.703549e+02 1.035488e+01
     vertex  6.748871e+01 1.742660e+02 6.015738e+00
   endloop
 endfacet
 facet normal  1.6226989318e-01 8.1855521174e-01 5.5103162078e-01
   outer loop
     vertex  7.248307e+01 1.703549e+02 1.035488e+01
     vertex  7.248307e+01 1.734973e+02 5.686779e+00
     vertex  6.748871e+01 1.742660e+02 6.015738e+00
   endloop
 endfacet
 facet normal  1.6173952132e-01 9.6727877722e-01 1.9547914052e-01
   outer loop
     vertex  6.748871e+01 1.742660e+02 6.015738e+00
     vertex  7.248307e+01 1.734973e+02 5.686779e+00
     vertex  6.748871e+01 1.754817e+02 0.000000e+00
   endloop
 endfacet
 facet normal  1.6174818911e-01 9.6727886035e-01 1.9547155712e-01
   outer loop
     vertex  7.248307e+01 1.734973e+02 5.686779e+00
     vertex  7.248307e+01 1.746465e+02 0.000000e+00
     vertex  6.748871e+01 1.754817e+02 0.000000e+00
   endloop
 endfacet
 facet normal  2.9895783199e-01 9.3535830953e-01 -1.8902128844e-01
   outer loop
     vertex  7.248307e+01 1.746465e+02 0.000000e+00
     vertex  7.681828e+01 1.732609e+02 0.000000e+00
     vertex  7.681828e+01 1.722204e+02 -5.148988e+00
   endloop
 endfacet
 facet normal  2.9895824524e-01 9.3535825313e-01 -1.8902091393e-01
   outer loop
     vertex  7.248307e+01 1.746465e+02 0.000000e+00
     vertex  7.681828e+01 1.722204e+02 -5.148988e+00
     vertex  7.248307e+01 1.734973e+02 -5.686779e+00
   endloop
 endfacet
 facet normal  2.9924632004e-01 7.9152782276e-01 -5.3285583954e-01
   outer loop
     vertex  7.248307e+01 1.734973e+02 -5.686779e+00
     vertex  7.681828e+01 1.722204e+02 -5.148988e+00
     vertex  7.681828e+01 1.693753e+02 -9.375264e+00
   endloop
 endfacet
 facet normal  2.9926351187e-01 7.9153187614e-01 -5.3284016319e-01
   outer loop
     vertex  7.248307e+01 1.734973e+02 -5.686779e+00
     vertex  7.681828e+01 1.693753e+02 -9.375264e+00
     vertex  7.248307e+01 1.703549e+02 -1.035488e+01
   endloop
 endfacet
 facet normal  2.9926436341e-01 5.3285267935e-01 -7.9152312847e-01
   outer loop
     vertex  7.248307e+01 1.703549e+02 -1.035488e+01
     vertex  7.681828e+01 1.693753e+02 -9.375264e+00
     vertex  7.681828e+01 1.651490e+02 -1.222039e+01
   endloop
 endfacet
 facet normal  2.9924717606e-01 5.3284302425e-01 -7.9153612623e-01
   outer loop
     vertex  7.248307e+01 1.703549e+02 -1.035488e+01
     vertex  7.681828e+01 1.651490e+02 -1.222039e+01
     vertex  7.248307e+01 1.656868e+02 -1.349733e+01
   endloop
 endfacet
 facet normal  2.9895826574e-01 1.8902126152e-01 -9.3535817634e-01
   outer loop
     vertex  7.248307e+01 1.656868e+02 -1.349733e+01
     vertex  7.681828e+01 1.651490e+02 -1.222039e+01
     vertex  7.681828e+01 1.600000e+02 -1.326092e+01
   endloop
 endfacet
 facet normal  2.9895785251e-01 1.8902093830e-01 -9.3535837373e-01
   outer loop
     vertex  7.248307e+01 1.656868e+02 -1.349733e+01
     vertex  7.681828e+01 1.600000e+02 -1.326092e+01
     vertex  7.248307e+01 1.600000e+02 -1.464653e+01
   endloop
 endfacet
 facet normal  2.9895785251e-01 -1.8902093830e-01 -9.3535837373e-01
   outer loop
     vertex  7.248307e+01 1.600000e+02 -1.464653e+01
     vertex  7.681828e+01 1.600000e+02 -1.326092e+01
     vertex  7.248307e+01 1.543132e+02 -1.349733e+01
   endloop
 endfacet
 facet normal  2.9895826574e-01 -1.8902126152e-01 -9.3535817634e-01
   outer loop
     vertex  7.681828e+01 1.600000e+02 -1.326092e+01
     vertex  7.681828e+01 1.548510e+02 -1.222039e+01
     vertex  7.248307e+01 1.543132e+02 -1.349733e+01
   endloop
 endfacet
 facet normal  2.9924717606e-01 -5.3284302425e-01 -7.9153612623e-01
   outer loop
     vertex  7.248307e+01 1.543132e+02 -1.349733e+01
     vertex  7.681828e+01 1.548510e+02 -1.222039e+01
     vertex  7.248307e+01 1.496451e+02 -1.035488e+01
   endloop
 endfacet
 facet normal  2.9926436341e-01 -5.3285267935e-01 -7.9152312847e-01
   outer loop
     vertex  7.681828e+01 1.548510e+02 -1.222039e+01
     vertex  7.681828e+01 1.506247e+02 -9.375264e+00
     vertex  7.248307e+01 1.496451e+02 -1.035488e+01
   endloop
 endfacet
 facet normal  2.9926351187e-01 -7.9153187614e-01 -5.3284016319e-01
   outer loop
     vertex  7.248307e+01 1.496451e+02 -1.035488e+01
     vertex  7.681828e+01 1.506247e+02 -9.375264e+00
     vertex  7.248307e+01 1.465027e+02 -5.686779e+00
   endloop
 endfacet
 facet normal  2.9924632004e-01 -7.9152782276e-01 -5.3285583954e-01
   outer loop
     vertex  7.681828e+01 1.506247e+02 -9.375264e+00
     vertex  7.681828e+01 1.477796e+02 -5.148988e+00
     vertex  7.248307e+01 1.465027e+02 -5.686779e+00
   endloop
 endfacet
 facet normal  2.9895824524e-01 -9.3535825313e-01 -1.8902091393e-01
   outer loop
     vertex  7.248307e+01 1.465027e+02 -5.686779e+00
     vertex  7.681828e+01 1.477796e+02 -5.148988e+00
     vertex  7.248307e+01 1.453535e+02 3.692981e-16
   endloop
 endfacet
 facet normal  2.9895783199e-01 -9.3535830953e-01 -1.8902128844e-01
   outer loop
     vertex  7.681828e+01 1.477796e+02 -5.148988e+00
     vertex  7.681828e+01 1.467391e+02 3.282650e-16
     vertex  7.248307e+01 1.453535e+02 3.692981e-16
   endloop
 endfacet
 facet normal  2.9895783199e-01 -9.3535830953e-01 1.8902128844e-01
   outer loop
     vertex  7.248307e+01 1.453535e+02 3.692981e-16
     vertex  7.681828e+01 1.467391e+02 3.282650e-16
     vertex  7.681828e+01 1.477796e+02 5.148988e+00
   endloop
 endfacet
 facet normal  2.9895824524e-01 -9.3535825313e-01 1.8902091393e-01
   outer loop
     vertex  7.248307e+01 1.453535e+02 3.692981e-16
     vertex  7.681828e+01 1.477796e+02 5.148988e+00
     vertex  7.248307e+01 1.465027e+02 5.686779e+00
   endloop
 endfacet
 facet normal  2.9924632004e-01 -7.9152782276e-01 5.3285583954e-01
   outer loop
     vertex  7.248307e+01 1.465027e+02 5.686779e+00
     vertex  7.681828e+01 1.477796e+02 5.148988e+00
     vertex  7.681828e+01 1.506247e+02 9.375264e+00
   endloop
 endfacet
 facet normal  2.9926351187e-01 -7.9153187614e-01 5.3284016319e-01
   outer loop
     vertex  7.248307e+01 1.465027e+02 5.686779e+00
     vertex  7.681828e+01 1.506247e+02 9.375264e+00
     vertex  7.248307e+01 1.496451e+02 1.035488e+01
   endloop
 endfacet
 facet normal  2.9926436341e-01 -5.3285267935e-01 7.9152312847e-01
   outer loop
     vertex  7.248307e+01 1.496451e+02 1.035488e+01
     vertex  7.681828e+01 1.506247e+02 9.375264e+00
     vertex  7.681828e+01 1.548510e+02 1.222039e+01
   endloop
 endfacet
 facet normal  2.9924717606e-01 -5.3284302425e-01 7.9153612623e-01
   outer loop
     vertex  7.248307e+01 1.496451e+02 1.035488e+01
     vertex  7.681828e+01 1.548510e+02 1.222039e+01
     vertex  7.248307e+01 1.543132e+02 1.349733e+01
   endloop
 endfacet
 facet normal  2.9895826574e-01 -1.8902126152e-01 9.3535817634e-01
   outer loop
     vertex  7.248307e+01 1.543132e+02 1.349733e+01
     vertex  7.681828e+01 1.548510e+02 1.222039e+01
     vertex  7.681828e+01 1.600000e+02 1.326092e+01
   endloop
 endfacet
 facet normal  2.9895785251e-01 -1.8902093830e-01 9.3535837373e-01
   outer loop
     vertex  7.248307e+01 1.543132e+02 1.349733e+01
     vertex  7.681828e+01 1.600000e+02 1.326092e+01
     vertex  7.248307e+01 1.600000e+02 1.464653e+01
   endloop
 endfacet
 facet normal  2.9895785251e-01 1.8902093830e-01 9.3535837373e-01
   outer loop
     vertex  7.248307e+01 1.600000e+02 1.464653e+01
     vertex  7.681828e+01 1.600000e+02 1.326092e+01
     vertex  7.248307e+01 1.656868e+02 1.349733e+01
   endloop
 endfacet
 facet normal  2.9895826574e-01 1.8902126152e-01 9.3535817634e-01
   outer loop
     vertex  7.681828e+01 1.600000e+02 1.326092e+01
     vertex  7.681828e+01 1.651490e+02 1.222039e+01
     vertex  7.248307e+01 1.656868e+02 1.349733e+01
   endloop
 endfacet
 facet normal  2.9924717606e-01 5.3284302425e-01 7.9153612623e-01
   outer loop
     vertex  7.248307e+01 1.656868e+02 1.349733e+01
     vertex  7.681828e+01 1.651490e+02 1.222039e+01
     vertex  7.248307e+01 1.703549e+02 1.035488e+01
   endloop
 endfacet
 facet normal  2.9926436341e-01 5.3285267935e-01 7.9152312847e-01
   outer loop
     vertex  7.681828e+01 1.651490e+02 1.222039e+01
     vertex  7.681828e+01 1.693753e+02 9.375264e+00
     vertex  7.248307e+01 1.703549e+02 1.035488e+01
   endloop
 endfacet
 facet normal  2.9926351187e-01 7.9153187614e-01 5.3284016319e-01
   outer loop
     vertex  7.248307e+01 1.703549e+02 1.035488e+01
     vertex  7.681828e+01 1.693753e+02 9.375264e+00
     vertex  7.248307e+01 1.734973e+02 5.686779e+00
   endloop
 endfacet
 facet normal  2.9924632004e-01 7.9152782276e-01 5.3285583954e-01
   outer loop
     vertex  7.681828e+01 1.693753e+02 9.375264e+00
     vertex  7.681828e+01 1.722204e+02 5.148988e+00
     vertex  7.248307e+01 1.734973e+02 5.686779e+00
   endloop
 endfacet
 facet normal  2.9895824524e-01 9.3535825313e-01 1.8902091393e-01
   outer loop
     vertex  7.248307e+01 1.734973e+02 5.686779e+00
     vertex  7.681828e+01 1.722204e+02 5.148988e+00
     vertex  7.248307e+01 1.746465e+02 0.000000e+00
   endloop
 endfacet
 facet normal  2.9895783199e-01 9.3535830953e-01 1.8902128844e-01
   outer loop
     vertex  7.681828e+01 1.722204e+02 5.148988e+00
     vertex  7.681828e+01 1.732609e+02 0.000000e+00
     vertex  7.248307e+01 1.746465e+02 0.000000e+00
   endloop
 endfacet
 facet normal  5.3599614043e-01 8.2748953712e-01 -1.6723995756e-01
   outer loop
     vertex  7.681828e+01 1.732609e+02 0.000000e+00
     vertex  8.000000e+01 1.712000e+02 0.000000e+00
     vertex  8.000000e+01 1.703193e+02 -4.357798e+00
   endloop
 endfacet
 facet normal  5.3601453699e-01 8.2748143983e-01 -1.6722105991e-01
   outer loop
     vertex  7.681828e+01 1.732609e+02 0.000000e+00
     vertex  8.000000e+01 1.703193e+02 -4.357798e+00
     vertex  7.681828e+01 1.722204e+02 -5.148988e+00
   endloop
 endfacet
 facet normal  5.3570659692e-01 7.0006032755e-01 -4.7215885017e-01
   outer loop
     vertex  7.681828e+01 1.722204e+02 -5.148988e+00
     vertex  8.000000e+01 1.703193e+02 -4.357798e+00
     vertex  8.000000e+01 1.679180e+02 -7.918043e+00
   endloop
 endfacet
 facet normal  5.3647389316e-01 7.0006350246e-01 -4.7128213894e-01
   outer loop
     vertex  7.681828e+01 1.722204e+02 -5.148988e+00
     vertex  8.000000e+01 1.679180e+02 -7.918043e+00
     vertex  7.681828e+01 1.693753e+02 -9.375264e+00
   endloop
 endfacet
 facet normal  5.3653817561e-01 4.7186353178e-01 -6.9962246497e-01
   outer loop
     vertex  7.681828e+01 1.693753e+02 -9.375264e+00
     vertex  8.000000e+01 1.679180e+02 -7.918043e+00
     vertex  8.000000e+01 1.643578e+02 -1.031927e+01
   endloop
 endfacet
 facet normal  5.3577295940e-01 4.7153074334e-01 -7.0043279054e-01
   outer loop
     vertex  7.681828e+01 1.693753e+02 -9.375264e+00
     vertex  8.000000e+01 1.643578e+02 -1.031927e+01
     vertex  7.681828e+01 1.651490e+02 -1.222039e+01
   endloop
 endfacet
 facet normal  5.3601604880e-01 1.6723745354e-01 -8.2747714746e-01
   outer loop
     vertex  7.681828e+01 1.651490e+02 -1.222039e+01
     vertex  8.000000e+01 1.643578e+02 -1.031927e+01
     vertex  8.000000e+01 1.600000e+02 -1.120000e+01
   endloop
 endfacet
 facet normal  5.3599768766e-01 1.6722317896e-01 -8.2749192579e-01
   outer loop
     vertex  7.681828e+01 1.651490e+02 -1.222039e+01
     vertex  8.000000e+01 1.600000e+02 -1.120000e+01
     vertex  7.681828e+01 1.600000e+02 -1.326092e+01
   endloop
 endfacet
 facet normal  5.3599768766e-01 -1.6722317896e-01 -8.2749192579e-01
   outer loop
     vertex  7.681828e+01 1.600000e+02 -1.326092e+01
     vertex  8.000000e+01 1.600000e+02 -1.120000e+01
     vertex  7.681828e+01 1.548510e+02 -1.222039e+01
   endloop
 endfacet
 facet normal  5.3601604880e-01 -1.6723745354e-01 -8.2747714746e-01
   outer loop
     vertex  8.000000e+01 1.600000e+02 -1.120000e+01
     vertex  8.000000e+01 1.556422e+02 -1.031927e+01
     vertex  7.681828e+01 1.548510e+02 -1.222039e+01
   endloop
 endfacet
 facet normal  5.3577295940e-01 -4.7153074334e-01 -7.0043279054e-01
   outer loop
     vertex  7.681828e+01 1.548510e+02 -1.222039e+01
     vertex  8.000000e+01 1.556422e+02 -1.031927e+01
     vertex  7.681828e+01 1.506247e+02 -9.375264e+00
   endloop
 endfacet
 facet normal  5.3653817561e-01 -4.7186353178e-01 -6.9962246497e-01
   outer loop
     vertex  8.000000e+01 1.556422e+02 -1.031927e+01
     vertex  8.000000e+01 1.520820e+02 -7.918043e+00
     vertex  7.681828e+01 1.506247e+02 -9.375264e+00
   endloop
 endfacet
 facet normal  5.3647389316e-01 -7.0006350246e-01 -4.7128213894e-01
   outer loop
     vertex  7.681828e+01 1.506247e+02 -9.375264e+00
     vertex  8.000000e+01 1.520820e+02 -7.918043e+00
     vertex  7.681828e+01 1.477796e+02 -5.148988e+00
   endloop
 endfacet
 facet normal  5.3570659692e-01 -7.0006032755e-01 -4.7215885017e-01
   outer loop
     vertex  8.000000e+01 1.520820e+02 -7.918043e+00
     vertex  8.000000e+01 1.496807e+02 -4.357798e+00
     vertex  7.681828e+01 1.477796e+02 -5.148988e+00
   endloop
 endfacet
 facet normal  5.3601453699e-01 -8.2748143983e-01 -1.6722105991e-01
   outer loop
     vertex  7.681828e+01 1.477796e+02 -5.148988e+00
     vertex  8.000000e+01 1.496807e+02 -4.357798e+00
     vertex  7.681828e+01 1.467391e+02 3.282650e-16
   endloop
 endfacet
 facet normal  5.3599614043e-01 -8.2748953712e-01 -1.6723995756e-01
   outer loop
     vertex  8.000000e+01 1.496807e+02 -4.357798e+00
     vertex  8.000000e+01 1.488000e+02 0.000000e+00
     vertex  7.681828e+01 1.467391e+02 3.282650e-16
   endloop
 endfacet
 facet normal  5.3599614043e-01 -8.2748953712e-01 1.6723995756e-01
   outer loop
     vertex  7.681828e+01 1.467391e+02 3.282650e-16
     vertex  8.000000e+01 1.488000e+02 0.000000e+00
     vertex  8.000000e+01 1.496807e+02 4.357798e+00
   endloop
 endfacet
 facet normal  5.3601453699e-01 -8.2748143983e-01 1.6722105991e-01
   outer loop
     vertex  7.681828e+01 1.467391e+02 3.282650e-16
     vertex  8.000000e+01 1.496807e+02 4.357798e+00
     vertex  7.681828e+01 1.477796e+02 5.148988e+00
   endloop
 endfacet
 facet normal  5.3570659692e-01 -7.0006032755e-01 4.7215885017e-01
   outer loop
     vertex  7.681828e+01 1.477796e+02 5.148988e+00
     vertex  8.000000e+01 1.496807e+02 4.357798e+00
     vertex  8.000000e+01 1.520820e+02 7.918043e+00
   endloop
 endfacet
 facet normal  5.3647389316e-01 -7.0006350246e-01 4.7128213894e-01
   outer loop
     vertex  7.681828e+01 1.477796e+02 5.148988e+00
     vertex  8.000000e+01 1.520820e+02 7.918043e+00
     vertex  7.681828e+01 1.506247e+02 9.375264e+00
   endloop
 endfacet
 facet normal  5.3653817561e-01 -4.7186353178e-01 6.9962246497e-01
   outer loop
     vertex  7.681828e+01 1.506247e+02 9.375264e+00
     vertex  8.000000e+01 1.520820e+02 7.918043e+00
     vertex  8.000000e+01 1.556422e+02 1.031927e+01
   endloop
 endfacet
 facet normal  5.3577295940e-01 -4.7153074334e-01 7.0043279054e-01
   outer loop
     vertex  7.681828e+01 1.506247e+02 9.375264e+00
     vertex  8.000000e+01 1.556422e+02 1.031927e+01
     vertex  7.681828e+01 1.548510e+02 1.222039e+01
   endloop
 endfacet
 facet normal  5.3601604880e-01 -1.6723745354e-01 8.2747714746e-01
   outer loop
     vertex  7.681828e+01 1.548510e+02 1.222039e+01
     vertex  8.000000e+01 1.556422e+02 1.031927e+01
     vertex  8.000000e+01 1.600000e+02 1.120000e+01
   endloop
 endfacet
 facet normal  5.3599768766e-01 -1.6722317896e-01 8.2749192579e-01
   outer loop
     vertex  7.681828e+01 1.548510e+02 1.222039e+01
     vertex  8.000000e+01 1.600000e+02 1.120000e+01
     vertex  7.681828e+01 1.600000e+02 1.326092e+01
   endloop
 endfacet
 facet normal  5.3599768766e-01 1.6722317896e-01 8.2749192579e-01
   outer loop
     vertex  7.681828e+01 1.600000e+02 1.326092e+01
     vertex  8.000000e+01 1.600000e+02 1.120000e+01
     vertex  7.681828e+01 1.651490e+02 1.222039e+01
   endloop
 endfacet
 facet normal  5.3601604880e-01 1.6723745354e-01 8.2747714746e-01
   outer loop
     vertex  8.000000e+01 1.600000e+02 1.120000e+01
     vertex  8.000000e+01 1.643578e+02 1.031927e+01
     vertex  7.681828e+01 1.651490e+02 1.222039e+01
   endloop
 endfacet
 facet normal  5.3577295940e-01 4.7153074334e-01 7.0043279054e-01
   outer loop
     vertex  7.681828e+01 1.651490e+02 1.222039e+01
     vertex  8.000000e+01 1.643578e+02 1.031927e+01
     vertex  7.681828e+01 1.693753e+02 9.375264e+00
   endloop
 endfacet
 facet normal  5.3653817561e-01 4.7186353178e-01 6.9962246497e-01
   outer loop
     vertex  8.000000e+01 1.643578e+02 1.031927e+01
     vertex  8.000000e+01 1.679180e+02 7.918043e+00
     vertex  7.681828e+01 1.693753e+02 9.375264e+00
   endloop
 endfacet
 facet normal  5.3647389316e-01 7.0006350246e-01 4.7128213894e-01
   outer loop
     vertex  7.681828e+01 1.693753e+02 9.375264e+00
     vertex  8.000000e+01 1.679180e+02 7.918043e+00
     vertex  7.681828e+01 1.722204e+02 5.148988e+00
   endloop
 endfacet
 facet normal  5.3570659692e-01 7.0006032755e-01 4.7215885017e-01
   outer loop
     vertex  8.000000e+01 1.679180e+02 7.918043e+00
     vertex  8.000000e+01 1.703193e+02 4.357798e+00
     vertex  7.681828e+01 1.722204e+02 5.148988e+00
   endloop
 endfacet
 facet normal  5.3601453699e-01 8.2748143983e-01 1.6722105991e-01
   outer loop
     vertex  7.681828e+01 1.722204e+02 5.148988e+00
     vertex  8.000000e+01 1.703193e+02 4.357798e+00
     vertex  7.681828e+01 1.732609e+02 0.000000e+00
   endloop
 endfacet
 facet normal  5.3599614043e-01 8.2748953712e-01 1.6723995756e-01
   outer loop
     vertex  8.000000e+01 1.703193e+02 4.357798e+00
     vertex  8.000000e+01 1.712000e+02 0.000000e+00
     vertex  7.681828e+01 1.732609e+02 0.000000e+00
   endloop
 endfacet
endsolid
