ISO-10303-21;
HEADER;
FILE_DESCRIPTION((''),'1');
FILE_NAME('outfile.stp','2026-03-22T10:22:53',(''),(''),'','','');
FILE_SCHEMA(('CONFIG_CONTROL_DESIGN'));
ENDSEC;
DATA;
#1=CALENDAR_DATE(2000,1,1);
#2=COORDINATED_UNIVERSAL_TIME_OFFSET(0,0,.BEHIND.);
#3=LOCAL_TIME(12,0,0.,#2);
#4=DATE_AND_TIME(#1,#3);
#5=DIMENSIONAL_EXPONENTS(0.,0.,0.,0.,0.,0.,0.);
#6=(
LENGTH_UNIT()
NAMED_UNIT(*)
SI_UNIT(.MILLI.,.METRE.)
);
#7=LENGTH_MEASURE_WITH_UNIT(LENGTH_MEASURE(304.8),#6);
#8=DIMENSIONAL_EXPONENTS(1.,0.,0.,0.,0.,0.,0.);
#9=(
CONVERSION_BASED_UNIT('FOOT',#7)
LENGTH_UNIT()
NAMED_UNIT(#8)
);
#10=UNCERTAINTY_MEASURE_WITH_UNIT(LENGTH_MEASURE(1.E-06),#9,'closure','Threshold below which geometry imperfections (such as overlaps) are not considered errors.');
#11=(
NAMED_UNIT(*)
PLANE_ANGLE_UNIT()
SI_UNIT($,.RADIAN.)
);
#12=PLANE_ANGLE_MEASURE_WITH_UNIT(PLANE_ANGLE_MEASURE(0.0174532925199433),#11);
#13=(
CONVERSION_BASED_UNIT('DEGREES',#12)
NAMED_UNIT(#5)
PLANE_ANGLE_UNIT()
);
#14=(
NAMED_UNIT(*)
SI_UNIT($,.STERADIAN.)
SOLID_ANGLE_UNIT()
);
#15=(
GEOMETRIC_REPRESENTATION_CONTEXT(3)
GLOBAL_UNCERTAINTY_ASSIGNED_CONTEXT((#10))
GLOBAL_UNIT_ASSIGNED_CONTEXT((#9,#13,#14))
REPRESENTATION_CONTEXT('STANDARD','3D')
);
#16=CARTESIAN_POINT('',(0.,0.,0.));
#17=DIRECTION('',(0.,0.,1.));
#18=DIRECTION('',(1.,0.,0.));
#19=AXIS2_PLACEMENT_3D('',#16,#17,#18);
#20=APPLICATION_CONTEXT('configuration controlled 3d designs of mechanical parts and assemblies');
#21=MECHANICAL_CONTEXT('',#20,'mechanical');
#22=APPLICATION_PROTOCOL_DEFINITION('international standard','config_control_design',1994,#20);
#23=DESIGN_CONTEXT('',#20,'design');
#24=PRODUCT('','prodname','',(#21));
#25=PRODUCT_RELATED_PRODUCT_CATEGORY('assembly','',(#24));
#26=PRODUCT_DEFINITION_FORMATION_WITH_SPECIFIED_SOURCE('','',#24,.MADE.);
#27=PRODUCT_DEFINITION('','',#26,#23);
#28=PRODUCT_DEFINITION_SHAPE('','ProductShapeDescription',#27);
#29=SHAPE_REPRESENTATION('',(#19),#15);
#30=SHAPE_DEFINITION_REPRESENTATION(#28,#29);
#31=PERSON('','Doe','John',$,$,$);
#32=ORGANIZATION('','','');
#33=PERSON_AND_ORGANIZATION(#31,#32);
#34=PERSON_AND_ORGANIZATION_ROLE('creator');
#35=PERSON_AND_ORGANIZATION_ROLE('design_owner');
#36=PERSON_AND_ORGANIZATION_ROLE('design_supplier');
#37=APPROVAL_STATUS('approved');
#38=APPROVAL(#37,'');
#39=APPROVAL_DATE_TIME(#4,#38);
#40=APPROVAL_ROLE('approver');
#41=APPROVAL_PERSON_ORGANIZATION(#33,#38,#40);
#42=SECURITY_CLASSIFICATION_LEVEL('unclassified');
#43=SECURITY_CLASSIFICATION('','',#42);
#44=CC_DESIGN_SECURITY_CLASSIFICATION(#43,(#26));
#45=PERSON_AND_ORGANIZATION_ROLE('classification_officer');
#46=CC_DESIGN_PERSON_AND_ORGANIZATION_ASSIGNMENT(#33,#45,(#43));
#47=DATE_TIME_ROLE('classification_date');
#48=CC_DESIGN_DATE_AND_TIME_ASSIGNMENT(#4,#47,(#43));
#49=CC_DESIGN_APPROVAL(#38,(#27,#26,#43));
#50=CC_DESIGN_PERSON_AND_ORGANIZATION_ASSIGNMENT(#33,#34,(#27,#26));
#51=CC_DESIGN_PERSON_AND_ORGANIZATION_ASSIGNMENT(#33,#36,(#26));
#52=DATE_TIME_ROLE('creation_date');
#53=CC_DESIGN_DATE_AND_TIME_ASSIGNMENT(#4,#52,(#27));
#54=CC_DESIGN_PERSON_AND_ORGANIZATION_ASSIGNMENT(#33,#35,(#24));
#55=B_SPLINE_SURFACE_WITH_KNOTS('Surf_DNLSBRISCJ, Nose, 0, 0',3,3,((#56, #57, #58, #65, #66, #67, #68),(#59, #60, #61, #69, #70, #71, #72),(#62, #63, #64, #73, #74, #75, #76),(#77, #78, #79, #86, #87, #88, #89),(#80, #81, #82, #90, #91, #92, #93),(#83, #84, #85, #94, #95, #96, #97),(#98, #99, #100, #107, #108, #109, #110),(#101, #102, #103, #111, #112, #113, #114),(#104, #105, #106, #115, #116, #117, #118),(#119, #120, #121, #128, #129, #130, #131),(#122, #123, #124, #132, #133, #134, #135),(#125, #126, #127, #136, #137, #138, #139),(#140, #141, #142, #149, #150, #151, #152),(#143, #144, #145, #153, #154, #155, #156),(#146, #147, #148, #157, #158, #159, #160),(#161, #162, #163, #170, #171, #172, #173),(#164, #165, #166, #174, #175, #176, #177),(#167, #168, #169, #178, #179, #180, #181),(#182, #183, #184, #194, #195, #196, #197),(#185, #186, #187, #198, #199, #200, #201),(#188, #189, #190, #202, #203, #204, #205),(#191, #192, #193, #206, #207, #208, #209)),.UNSPECIFIED.,.F.,.F.,.F.,(4,3,3,3,3,3,3,4),(4,3,4),(0.,1.,2.,3.,4.,5.,6.,7.),(0.,1.,2.),.PIECEWISE_BEZIER_KNOTS.);
#56=CARTESIAN_POINT('',(-1.15648231731787E-18,1.28395329625816E-34,-0.015));
#57=CARTESIAN_POINT('',(-1.15648231731787E-18,0.00413936268370133,-0.015));
#58=CARTESIAN_POINT('',(0.,0.00788936268370133,-0.0133196813418507));
#59=CARTESIAN_POINT('',(0.0101652476368588,-9.56180506716317E-19,-0.0251652476368588));
#60=CARTESIAN_POINT('',(0.0101652476368588,0.00679456475641486,-0.0251652476368588));
#61=CARTESIAN_POINT('',(0.0101652476368588,0.0131997668291284,-0.0223851082693503));
#62=CARTESIAN_POINT('',(0.0383322252360977,0.,-0.0156183078498771));
#63=CARTESIAN_POINT('',(0.0383322252360977,0.00430998937975607,-0.0156183078498771));
#64=CARTESIAN_POINT('',(0.0383322252360977,0.00821456634222535,-0.0138687255772859));
#65=CARTESIAN_POINT('',(-1.15648231731787E-18,0.010604522012776,-0.010604522012776));
#66=CARTESIAN_POINT('',(-1.15648231731787E-18,0.0133196813418507,-0.00788936268370133));
#67=CARTESIAN_POINT('',(0.,0.015,-0.00413936268370133));
#68=CARTESIAN_POINT('',(0.,0.015,0.));
#69=CARTESIAN_POINT('',(0.0101652476368588,0.0177924375492394,-0.0177924375492394));
#70=CARTESIAN_POINT('',(0.0101652476368588,0.0223851082693504,-0.0131997668291284));
#71=CARTESIAN_POINT('',(0.0101652476368588,0.0251652476368588,-0.00679456475641486));
#72=CARTESIAN_POINT('',(0.0101652476368588,0.0251652476368588,-1.15648231731787E-18));
#73=CARTESIAN_POINT('',(0.0383322252360977,0.0110416459597556,-0.0110416459597556));
#74=CARTESIAN_POINT('',(0.0383322252360977,0.0138687255772859,-0.00821456634222535));
#75=CARTESIAN_POINT('',(0.0383322252360977,0.0156183078498771,-0.00430998937975606));
#76=CARTESIAN_POINT('',(0.0383322252360977,0.0156183078498771,0.));
#77=CARTESIAN_POINT('',(0.0575,0.,-0.0156183078498771));
#78=CARTESIAN_POINT('',(0.0575,0.00430998937975607,-0.0156183078498771));
#79=CARTESIAN_POINT('',(0.0575,0.00821456634222535,-0.0138687255772859));
#80=CARTESIAN_POINT('',(0.0766677747639023,0.,-0.0156183078498771));
#81=CARTESIAN_POINT('',(0.0766677747639023,0.00430998937975607,-0.0156183078498771));
#82=CARTESIAN_POINT('',(0.0766677747639023,0.00821456634222535,-0.0138687255772859));
#83=CARTESIAN_POINT('',(0.110280228934631,0.,-0.0256410187659212));
#84=CARTESIAN_POINT('',(0.110280228934631,0.00707583175011599,-0.0256410187659212));
#85=CARTESIAN_POINT('',(0.110280228934631,0.0134860864415963,-0.0227686799494989));
#86=CARTESIAN_POINT('',(0.0575,0.0110416459597556,-0.0110416459597556));
#87=CARTESIAN_POINT('',(0.0575,0.0138687255772859,-0.00821456634222535));
#88=CARTESIAN_POINT('',(0.0575,0.0156183078498771,-0.00430998937975606));
#89=CARTESIAN_POINT('',(0.0575,0.0156183078498771,0.));
#90=CARTESIAN_POINT('',(0.0766677747639023,0.0110416459597556,-0.0110416459597556));
#91=CARTESIAN_POINT('',(0.0766677747639023,0.0138687255772859,-0.00821456634222535));
#92=CARTESIAN_POINT('',(0.0766677747639023,0.0156183078498771,-0.00430998937975606));
#93=CARTESIAN_POINT('',(0.0766677747639023,0.0156183078498771,0.));
#94=CARTESIAN_POINT('',(0.110280228934631,0.0181273831955476,-0.0181273831955476));
#95=CARTESIAN_POINT('',(0.110280228934631,0.0227686799494989,-0.0134860864415963));
#96=CARTESIAN_POINT('',(0.110280228934631,0.0256410187659212,-0.00707583175011599));
#97=CARTESIAN_POINT('',(0.110280228934631,0.0256410187659212,0.));
#98=CARTESIAN_POINT('',(0.115,0.,-0.0256410187659212));
#99=CARTESIAN_POINT('',(0.115,0.00707583175011599,-0.0256410187659212));
#100=CARTESIAN_POINT('',(0.115,0.0134860864415963,-0.0227686799494989));
#101=CARTESIAN_POINT('',(0.119719771065369,0.,-0.0256410187659212));
#102=CARTESIAN_POINT('',(0.119719771065369,0.00707583175011599,-0.0256410187659212));
#103=CARTESIAN_POINT('',(0.119719771065369,0.0134860864415963,-0.0227686799494989));
#104=CARTESIAN_POINT('',(0.110476409069431,0.,-0.0398002206184185));
#105=CARTESIAN_POINT('',(0.110476409069431,0.0109831698687308,-0.0398002206184185));
#106=CARTESIAN_POINT('',(0.110476409069431,0.0209332250233354,-0.0353417503981793));
#107=CARTESIAN_POINT('',(0.115,0.0181273831955476,-0.0181273831955476));
#108=CARTESIAN_POINT('',(0.115,0.0227686799494989,-0.0134860864415963));
#109=CARTESIAN_POINT('',(0.115,0.0256410187659212,-0.00707583175011599));
#110=CARTESIAN_POINT('',(0.115,0.0256410187659212,0.));
#111=CARTESIAN_POINT('',(0.119719771065369,0.0181273831955476,-0.0181273831955476));
#112=CARTESIAN_POINT('',(0.119719771065369,0.0227686799494989,-0.0134860864415963));
#113=CARTESIAN_POINT('',(0.119719771065369,0.0256410187659212,-0.00707583175011599));
#114=CARTESIAN_POINT('',(0.119719771065369,0.0256410187659212,0.));
#115=CARTESIAN_POINT('',(0.110476409069431,0.0281374877107574,-0.0281374877107574));
#116=CARTESIAN_POINT('',(0.110476409069431,0.0353417503981793,-0.0209332250233354));
#117=CARTESIAN_POINT('',(0.110476409069431,0.0398002206184185,-0.0109831698687308));
#118=CARTESIAN_POINT('',(0.110476409069431,0.0398002206184185,0.));
#119=CARTESIAN_POINT('',(0.11505615234375,0.,-0.0398002206184185));
#120=CARTESIAN_POINT('',(0.11505615234375,0.0109831698687308,-0.0398002206184185));
#121=CARTESIAN_POINT('',(0.11505615234375,0.0209332250233354,-0.0353417503981793));
#122=CARTESIAN_POINT('',(0.119635895618069,0.,-0.0398002206184185));
#123=CARTESIAN_POINT('',(0.119635895618069,0.0109831698687308,-0.0398002206184185));
#124=CARTESIAN_POINT('',(0.119635895618069,0.0209332250233354,-0.0353417503981793));
#125=CARTESIAN_POINT('',(0.111686644223597,0.,-0.0535393356933543));
#126=CARTESIAN_POINT('',(0.111686644223597,0.014774581885282,-0.0535393356933543));
#127=CARTESIAN_POINT('',(0.111686644223598,0.0281594158086205,-0.0475417927126567));
#128=CARTESIAN_POINT('',(0.11505615234375,0.0281374877107574,-0.0281374877107574));
#129=CARTESIAN_POINT('',(0.11505615234375,0.0353417503981793,-0.0209332250233354));
#130=CARTESIAN_POINT('',(0.11505615234375,0.0398002206184185,-0.0109831698687308));
#131=CARTESIAN_POINT('',(0.11505615234375,0.0398002206184185,0.));
#132=CARTESIAN_POINT('',(0.119635895618069,0.0281374877107574,-0.0281374877107574));
#133=CARTESIAN_POINT('',(0.119635895618069,0.0353417503981793,-0.0209332250233354));
#134=CARTESIAN_POINT('',(0.119635895618069,0.0398002206184185,-0.0109831698687308));
#135=CARTESIAN_POINT('',(0.119635895618069,0.0398002206184185,0.));
#136=CARTESIAN_POINT('',(0.111686644223598,0.0378506042606386,-0.0378506042606386));
#137=CARTESIAN_POINT('',(0.111686644223598,0.0475417927126567,-0.0281594158086205));
#138=CARTESIAN_POINT('',(0.111686644223597,0.0535393356933543,-0.014774581885282));
#139=CARTESIAN_POINT('',(0.111686644223597,0.0535393356933543,0.));
#140=CARTESIAN_POINT('',(0.1151123046875,0.,-0.0535393356933543));
#141=CARTESIAN_POINT('',(0.1151123046875,0.014774581885282,-0.0535393356933543));
#142=CARTESIAN_POINT('',(0.1151123046875,0.0281594158086205,-0.0475417927126567));
#143=CARTESIAN_POINT('',(0.118537965151402,0.,-0.0535393356933543));
#144=CARTESIAN_POINT('',(0.118537965151402,0.014774581885282,-0.0535393356933543));
#145=CARTESIAN_POINT('',(0.118537965151402,0.0281594158086205,-0.0475417927126567));
#146=CARTESIAN_POINT('',(0.113410905848211,0.,-0.0638157034457592));
#147=CARTESIAN_POINT('',(0.113410905848211,0.0176104227651684,-0.0638157034457592));
#148=CARTESIAN_POINT('',(0.113410905848211,0.0335643486266082,-0.0566669889669036));
#149=CARTESIAN_POINT('',(0.1151123046875,0.0378506042606386,-0.0378506042606386));
#150=CARTESIAN_POINT('',(0.1151123046875,0.0475417927126567,-0.0281594158086205));
#151=CARTESIAN_POINT('',(0.1151123046875,0.0535393356933543,-0.014774581885282));
#152=CARTESIAN_POINT('',(0.1151123046875,0.0535393356933543,0.));
#153=CARTESIAN_POINT('',(0.118537965151402,0.0378506042606386,-0.0378506042606386));
#154=CARTESIAN_POINT('',(0.118537965151402,0.0475417927126567,-0.0281594158086205));
#155=CARTESIAN_POINT('',(0.118537965151402,0.0535393356933543,-0.014774581885282));
#156=CARTESIAN_POINT('',(0.118537965151402,0.0535393356933543,0.));
#157=CARTESIAN_POINT('',(0.113410905848211,0.0451156687967559,-0.0451156687967559));
#158=CARTESIAN_POINT('',(0.113410905848211,0.0566669889669036,-0.0335643486266082));
#159=CARTESIAN_POINT('',(0.113410905848211,0.0638157034457592,-0.0176104227651684));
#160=CARTESIAN_POINT('',(0.113410905848211,0.0638157034457592,0.));
#161=CARTESIAN_POINT('',(0.115224609375,0.,-0.0638157034457592));
#162=CARTESIAN_POINT('',(0.115224609375,0.0176104227651684,-0.0638157034457592));
#163=CARTESIAN_POINT('',(0.115224609375,0.0335643486266082,-0.0566669889669036));
#164=CARTESIAN_POINT('',(0.117038312901789,0.,-0.0638157034457592));
#165=CARTESIAN_POINT('',(0.117038312901789,0.0176104227651684,-0.0638157034457592));
#166=CARTESIAN_POINT('',(0.117038312901789,0.0335643486266082,-0.0566669889669036));
#167=CARTESIAN_POINT('',(0.114965807853477,0.,-0.0692521761051637));
#168=CARTESIAN_POINT('',(0.114965807853477,0.0191106582356552,-0.0692521761051637));
#169=CARTESIAN_POINT('',(0.114965807853477,0.0364237022619461,-0.0614944611967004));
#170=CARTESIAN_POINT('',(0.115224609375,0.0451156687967559,-0.0451156687967559));
#171=CARTESIAN_POINT('',(0.115224609375,0.0566669889669036,-0.0335643486266082));
#172=CARTESIAN_POINT('',(0.115224609375,0.0638157034457592,-0.0176104227651684));
#173=CARTESIAN_POINT('',(0.115224609375,0.0638157034457592,0.));
#174=CARTESIAN_POINT('',(0.117038312901789,0.0451156687967559,-0.0451156687967559));
#175=CARTESIAN_POINT('',(0.117038312901789,0.0566669889669036,-0.0335643486266082));
#176=CARTESIAN_POINT('',(0.117038312901789,0.0638157034457592,-0.0176104227651684));
#177=CARTESIAN_POINT('',(0.117038312901789,0.0638157034457592,0.));
#178=CARTESIAN_POINT('',(0.114965807853477,0.0489590817293232,-0.0489590817293232));
#179=CARTESIAN_POINT('',(0.114965807853477,0.0614944611967004,-0.0364237022619461));
#180=CARTESIAN_POINT('',(0.114965807853477,0.0692521761051637,-0.0191106582356552));
#181=CARTESIAN_POINT('',(0.114965807853477,0.0692521761051637,0.));
#182=CARTESIAN_POINT('',(0.11544921875,0.,-0.0692521761051637));
#183=CARTESIAN_POINT('',(0.11544921875,0.0191106582356552,-0.0692521761051637));
#184=CARTESIAN_POINT('',(0.11544921875,0.0364237022619461,-0.0614944611967004));
#185=CARTESIAN_POINT('',(0.115932629646523,0.,-0.0692521761051637));
#186=CARTESIAN_POINT('',(0.115932629646523,0.0191106582356552,-0.0692521761051637));
#187=CARTESIAN_POINT('',(0.115932629646523,0.0364237022619461,-0.0614944611967004));
#188=CARTESIAN_POINT('',(0.11559889193894,0.,-0.0706310805139401));
#189=CARTESIAN_POINT('',(0.11559889193894,0.0194911772659272,-0.0706310805139401));
#190=CARTESIAN_POINT('',(0.11559889193894,0.0371489473944122,-0.0627188990184187));
#191=CARTESIAN_POINT('',(0.1158984375,0.,-0.0706310805139401));
#192=CARTESIAN_POINT('',(0.1158984375,0.0194911772659272,-0.0706310805139401));
#193=CARTESIAN_POINT('',(0.1158984375,0.0371489473944122,-0.0627188990184187));
#194=CARTESIAN_POINT('',(0.11544921875,0.0489590817293232,-0.0489590817293232));
#195=CARTESIAN_POINT('',(0.11544921875,0.0614944611967004,-0.0364237022619461));
#196=CARTESIAN_POINT('',(0.11544921875,0.0692521761051637,-0.0191106582356552));
#197=CARTESIAN_POINT('',(0.11544921875,0.0692521761051637,0.));
#198=CARTESIAN_POINT('',(0.115932629646523,0.0489590817293232,-0.0489590817293232));
#199=CARTESIAN_POINT('',(0.115932629646523,0.0614944611967004,-0.0364237022619461));
#200=CARTESIAN_POINT('',(0.115932629646523,0.0692521761051637,-0.0191106582356552));
#201=CARTESIAN_POINT('',(0.115932629646523,0.0692521761051637,0.));
#202=CARTESIAN_POINT('',(0.11559889193894,0.0499339232064154,-0.0499339232064154));
#203=CARTESIAN_POINT('',(0.11559889193894,0.0627188990184187,-0.0371489473944122));
#204=CARTESIAN_POINT('',(0.11559889193894,0.0706310805139401,-0.0194911772659272));
#205=CARTESIAN_POINT('',(0.11559889193894,0.0706310805139401,0.));
#206=CARTESIAN_POINT('',(0.1158984375,0.0499339232064154,-0.0499339232064154));
#207=CARTESIAN_POINT('',(0.1158984375,0.0627188990184187,-0.0371489473944122));
#208=CARTESIAN_POINT('',(0.1158984375,0.0706310805139401,-0.0194911772659272));
#209=CARTESIAN_POINT('',(0.1158984375,0.0706310805139401,0.));
#210=B_SPLINE_SURFACE_WITH_KNOTS('Surf_DNLSBRISCJ, Nose, 0, 1',3,3,((#211, #212, #213, #220, #221, #222, #223),(#214, #215, #216, #224, #225, #226, #227),(#217, #218, #219, #228, #229, #230, #231),(#232, #233, #234, #241, #242, #243, #244),(#235, #236, #237, #245, #246, #247, #248),(#238, #239, #240, #249, #250, #251, #252),(#253, #254, #255, #262, #263, #264, #265),(#256, #257, #258, #266, #267, #268, #269),(#259, #260, #261, #270, #271, #272, #273),(#274, #275, #276, #283, #284, #285, #286),(#277, #278, #279, #287, #288, #289, #290),(#280, #281, #282, #291, #292, #293, #294),(#295, #296, #297, #304, #305, #306, #307),(#298, #299, #300, #308, #309, #310, #311),(#301, #302, #303, #312, #313, #314, #315),(#316, #317, #318, #325, #326, #327, #328),(#319, #320, #321, #329, #330, #331, #332),(#322, #323, #324, #333, #334, #335, #336),(#337, #338, #339, #349, #350, #351, #352),(#340, #341, #342, #353, #354, #355, #356),(#343, #344, #345, #357, #358, #359, #360),(#346, #347, #348, #361, #362, #363, #364)),.UNSPECIFIED.,.F.,.F.,.F.,(4,3,3,3,3,3,3,4),(4,3,4),(0.,1.,2.,3.,4.,5.,6.,7.),(0.,1.,2.),.PIECEWISE_BEZIER_KNOTS.);
#211=CARTESIAN_POINT('',(-1.15648231731787E-18,-0.015,0.));
#212=CARTESIAN_POINT('',(0.,-0.015,-0.00413936268370133));
#213=CARTESIAN_POINT('',(0.,-0.0133196813418507,-0.00788936268370133));
#214=CARTESIAN_POINT('',(0.0101652476368588,-0.0251652476368588,-3.42915491080565E-19));
#215=CARTESIAN_POINT('',(0.0101652476368588,-0.0251652476368588,-0.00679456475641486));
#216=CARTESIAN_POINT('',(0.0101652476368588,-0.0223851082693503,-0.0131997668291284));
#217=CARTESIAN_POINT('',(0.0383322252360977,-0.0156183078498771,0.));
#218=CARTESIAN_POINT('',(0.0383322252360977,-0.0156183078498771,-0.00430998937975606));
#219=CARTESIAN_POINT('',(0.0383322252360977,-0.0138687255772859,-0.00821456634222535));
#220=CARTESIAN_POINT('',(0.,-0.010604522012776,-0.010604522012776));
#221=CARTESIAN_POINT('',(-1.15648231731787E-18,-0.00788936268370133,-0.0133196813418507));
#222=CARTESIAN_POINT('',(-1.15648231731787E-18,-0.00413936268370133,-0.015));
#223=CARTESIAN_POINT('',(-1.15648231731787E-18,1.28395329625816E-34,-0.015));
#224=CARTESIAN_POINT('',(0.0101652476368588,-0.0177924375492394,-0.0177924375492394));
#225=CARTESIAN_POINT('',(0.0101652476368588,-0.0131997668291284,-0.0223851082693504));
#226=CARTESIAN_POINT('',(0.0101652476368588,-0.00679456475641486,-0.0251652476368588));
#227=CARTESIAN_POINT('',(0.0101652476368588,-9.56180506716317E-19,-0.0251652476368588));
#228=CARTESIAN_POINT('',(0.0383322252360977,-0.0110416459597556,-0.0110416459597556));
#229=CARTESIAN_POINT('',(0.0383322252360977,-0.00821456634222535,-0.0138687255772859));
#230=CARTESIAN_POINT('',(0.0383322252360977,-0.00430998937975607,-0.0156183078498771));
#231=CARTESIAN_POINT('',(0.0383322252360977,0.,-0.0156183078498771));
#232=CARTESIAN_POINT('',(0.0575,-0.0156183078498771,0.));
#233=CARTESIAN_POINT('',(0.0575,-0.0156183078498771,-0.00430998937975606));
#234=CARTESIAN_POINT('',(0.0575,-0.0138687255772859,-0.00821456634222535));
#235=CARTESIAN_POINT('',(0.0766677747639023,-0.0156183078498771,0.));
#236=CARTESIAN_POINT('',(0.0766677747639023,-0.0156183078498771,-0.00430998937975606));
#237=CARTESIAN_POINT('',(0.0766677747639023,-0.0138687255772859,-0.00821456634222535));
#238=CARTESIAN_POINT('',(0.110280228934631,-0.0256410187659212,0.));
#239=CARTESIAN_POINT('',(0.110280228934631,-0.0256410187659212,-0.00707583175011599));
#240=CARTESIAN_POINT('',(0.110280228934631,-0.0227686799494989,-0.0134860864415963));
#241=CARTESIAN_POINT('',(0.0575,-0.0110416459597556,-0.0110416459597556));
#242=CARTESIAN_POINT('',(0.0575,-0.00821456634222535,-0.0138687255772859));
#243=CARTESIAN_POINT('',(0.0575,-0.00430998937975607,-0.0156183078498771));
#244=CARTESIAN_POINT('',(0.0575,0.,-0.0156183078498771));
#245=CARTESIAN_POINT('',(0.0766677747639023,-0.0110416459597556,-0.0110416459597556));
#246=CARTESIAN_POINT('',(0.0766677747639023,-0.00821456634222535,-0.0138687255772859));
#247=CARTESIAN_POINT('',(0.0766677747639023,-0.00430998937975607,-0.0156183078498771));
#248=CARTESIAN_POINT('',(0.0766677747639023,0.,-0.0156183078498771));
#249=CARTESIAN_POINT('',(0.110280228934631,-0.0181273831955476,-0.0181273831955476));
#250=CARTESIAN_POINT('',(0.110280228934631,-0.0134860864415963,-0.0227686799494989));
#251=CARTESIAN_POINT('',(0.110280228934631,-0.00707583175011599,-0.0256410187659212));
#252=CARTESIAN_POINT('',(0.110280228934631,0.,-0.0256410187659212));
#253=CARTESIAN_POINT('',(0.115,-0.0256410187659212,0.));
#254=CARTESIAN_POINT('',(0.115,-0.0256410187659212,-0.00707583175011599));
#255=CARTESIAN_POINT('',(0.115,-0.0227686799494989,-0.0134860864415963));
#256=CARTESIAN_POINT('',(0.119719771065369,-0.0256410187659212,0.));
#257=CARTESIAN_POINT('',(0.119719771065369,-0.0256410187659212,-0.00707583175011599));
#258=CARTESIAN_POINT('',(0.119719771065369,-0.0227686799494989,-0.0134860864415963));
#259=CARTESIAN_POINT('',(0.110476409069431,-0.0398002206184185,0.));
#260=CARTESIAN_POINT('',(0.110476409069431,-0.0398002206184185,-0.0109831698687308));
#261=CARTESIAN_POINT('',(0.110476409069431,-0.0353417503981793,-0.0209332250233354));
#262=CARTESIAN_POINT('',(0.115,-0.0181273831955476,-0.0181273831955476));
#263=CARTESIAN_POINT('',(0.115,-0.0134860864415963,-0.0227686799494989));
#264=CARTESIAN_POINT('',(0.115,-0.00707583175011599,-0.0256410187659212));
#265=CARTESIAN_POINT('',(0.115,0.,-0.0256410187659212));
#266=CARTESIAN_POINT('',(0.119719771065369,-0.0181273831955476,-0.0181273831955476));
#267=CARTESIAN_POINT('',(0.119719771065369,-0.0134860864415963,-0.0227686799494989));
#268=CARTESIAN_POINT('',(0.119719771065369,-0.00707583175011599,-0.0256410187659212));
#269=CARTESIAN_POINT('',(0.119719771065369,0.,-0.0256410187659212));
#270=CARTESIAN_POINT('',(0.110476409069431,-0.0281374877107574,-0.0281374877107574));
#271=CARTESIAN_POINT('',(0.110476409069431,-0.0209332250233354,-0.0353417503981793));
#272=CARTESIAN_POINT('',(0.110476409069431,-0.0109831698687308,-0.0398002206184185));
#273=CARTESIAN_POINT('',(0.110476409069431,0.,-0.0398002206184185));
#274=CARTESIAN_POINT('',(0.11505615234375,-0.0398002206184185,0.));
#275=CARTESIAN_POINT('',(0.11505615234375,-0.0398002206184185,-0.0109831698687308));
#276=CARTESIAN_POINT('',(0.11505615234375,-0.0353417503981793,-0.0209332250233354));
#277=CARTESIAN_POINT('',(0.119635895618069,-0.0398002206184185,0.));
#278=CARTESIAN_POINT('',(0.119635895618069,-0.0398002206184185,-0.0109831698687308));
#279=CARTESIAN_POINT('',(0.119635895618069,-0.0353417503981793,-0.0209332250233354));
#280=CARTESIAN_POINT('',(0.111686644223597,-0.0535393356933543,0.));
#281=CARTESIAN_POINT('',(0.111686644223598,-0.0535393356933543,-0.014774581885282));
#282=CARTESIAN_POINT('',(0.111686644223598,-0.0475417927126567,-0.0281594158086205));
#283=CARTESIAN_POINT('',(0.11505615234375,-0.0281374877107574,-0.0281374877107574));
#284=CARTESIAN_POINT('',(0.11505615234375,-0.0209332250233354,-0.0353417503981793));
#285=CARTESIAN_POINT('',(0.11505615234375,-0.0109831698687308,-0.0398002206184185));
#286=CARTESIAN_POINT('',(0.11505615234375,0.,-0.0398002206184185));
#287=CARTESIAN_POINT('',(0.119635895618069,-0.0281374877107574,-0.0281374877107574));
#288=CARTESIAN_POINT('',(0.119635895618069,-0.0209332250233354,-0.0353417503981793));
#289=CARTESIAN_POINT('',(0.119635895618069,-0.0109831698687308,-0.0398002206184185));
#290=CARTESIAN_POINT('',(0.119635895618069,0.,-0.0398002206184185));
#291=CARTESIAN_POINT('',(0.111686644223598,-0.0378506042606386,-0.0378506042606386));
#292=CARTESIAN_POINT('',(0.111686644223598,-0.0281594158086205,-0.0475417927126567));
#293=CARTESIAN_POINT('',(0.111686644223597,-0.014774581885282,-0.0535393356933543));
#294=CARTESIAN_POINT('',(0.111686644223597,0.,-0.0535393356933543));
#295=CARTESIAN_POINT('',(0.1151123046875,-0.0535393356933543,0.));
#296=CARTESIAN_POINT('',(0.1151123046875,-0.0535393356933543,-0.014774581885282));
#297=CARTESIAN_POINT('',(0.1151123046875,-0.0475417927126567,-0.0281594158086205));
#298=CARTESIAN_POINT('',(0.118537965151402,-0.0535393356933543,0.));
#299=CARTESIAN_POINT('',(0.118537965151402,-0.0535393356933543,-0.014774581885282));
#300=CARTESIAN_POINT('',(0.118537965151402,-0.0475417927126567,-0.0281594158086205));
#301=CARTESIAN_POINT('',(0.113410905848211,-0.0638157034457592,0.));
#302=CARTESIAN_POINT('',(0.113410905848211,-0.0638157034457592,-0.0176104227651684));
#303=CARTESIAN_POINT('',(0.113410905848211,-0.0566669889669036,-0.0335643486266082));
#304=CARTESIAN_POINT('',(0.1151123046875,-0.0378506042606386,-0.0378506042606386));
#305=CARTESIAN_POINT('',(0.1151123046875,-0.0281594158086205,-0.0475417927126567));
#306=CARTESIAN_POINT('',(0.1151123046875,-0.014774581885282,-0.0535393356933543));
#307=CARTESIAN_POINT('',(0.1151123046875,0.,-0.0535393356933543));
#308=CARTESIAN_POINT('',(0.118537965151402,-0.0378506042606386,-0.0378506042606386));
#309=CARTESIAN_POINT('',(0.118537965151402,-0.0281594158086205,-0.0475417927126567));
#310=CARTESIAN_POINT('',(0.118537965151402,-0.014774581885282,-0.0535393356933543));
#311=CARTESIAN_POINT('',(0.118537965151402,0.,-0.0535393356933543));
#312=CARTESIAN_POINT('',(0.113410905848211,-0.0451156687967559,-0.0451156687967559));
#313=CARTESIAN_POINT('',(0.113410905848211,-0.0335643486266082,-0.0566669889669036));
#314=CARTESIAN_POINT('',(0.113410905848211,-0.0176104227651684,-0.0638157034457592));
#315=CARTESIAN_POINT('',(0.113410905848211,0.,-0.0638157034457592));
#316=CARTESIAN_POINT('',(0.115224609375,-0.0638157034457592,0.));
#317=CARTESIAN_POINT('',(0.115224609375,-0.0638157034457592,-0.0176104227651684));
#318=CARTESIAN_POINT('',(0.115224609375,-0.0566669889669036,-0.0335643486266082));
#319=CARTESIAN_POINT('',(0.117038312901789,-0.0638157034457592,0.));
#320=CARTESIAN_POINT('',(0.117038312901789,-0.0638157034457592,-0.0176104227651684));
#321=CARTESIAN_POINT('',(0.117038312901789,-0.0566669889669036,-0.0335643486266082));
#322=CARTESIAN_POINT('',(0.114965807853477,-0.0692521761051637,0.));
#323=CARTESIAN_POINT('',(0.114965807853477,-0.0692521761051637,-0.0191106582356552));
#324=CARTESIAN_POINT('',(0.114965807853477,-0.0614944611967004,-0.0364237022619461));
#325=CARTESIAN_POINT('',(0.115224609375,-0.0451156687967559,-0.0451156687967559));
#326=CARTESIAN_POINT('',(0.115224609375,-0.0335643486266082,-0.0566669889669036));
#327=CARTESIAN_POINT('',(0.115224609375,-0.0176104227651684,-0.0638157034457592));
#328=CARTESIAN_POINT('',(0.115224609375,0.,-0.0638157034457592));
#329=CARTESIAN_POINT('',(0.117038312901789,-0.0451156687967559,-0.0451156687967559));
#330=CARTESIAN_POINT('',(0.117038312901789,-0.0335643486266082,-0.0566669889669036));
#331=CARTESIAN_POINT('',(0.117038312901789,-0.0176104227651684,-0.0638157034457592));
#332=CARTESIAN_POINT('',(0.117038312901789,0.,-0.0638157034457592));
#333=CARTESIAN_POINT('',(0.114965807853477,-0.0489590817293232,-0.0489590817293232));
#334=CARTESIAN_POINT('',(0.114965807853477,-0.0364237022619461,-0.0614944611967004));
#335=CARTESIAN_POINT('',(0.114965807853477,-0.0191106582356552,-0.0692521761051637));
#336=CARTESIAN_POINT('',(0.114965807853477,0.,-0.0692521761051637));
#337=CARTESIAN_POINT('',(0.11544921875,-0.0692521761051637,0.));
#338=CARTESIAN_POINT('',(0.11544921875,-0.0692521761051637,-0.0191106582356552));
#339=CARTESIAN_POINT('',(0.11544921875,-0.0614944611967004,-0.0364237022619461));
#340=CARTESIAN_POINT('',(0.115932629646523,-0.0692521761051637,0.));
#341=CARTESIAN_POINT('',(0.115932629646523,-0.0692521761051637,-0.0191106582356552));
#342=CARTESIAN_POINT('',(0.115932629646523,-0.0614944611967004,-0.0364237022619461));
#343=CARTESIAN_POINT('',(0.11559889193894,-0.0706310805139401,0.));
#344=CARTESIAN_POINT('',(0.11559889193894,-0.0706310805139401,-0.0194911772659272));
#345=CARTESIAN_POINT('',(0.11559889193894,-0.0627188990184187,-0.0371489473944122));
#346=CARTESIAN_POINT('',(0.1158984375,-0.0706310805139401,0.));
#347=CARTESIAN_POINT('',(0.1158984375,-0.0706310805139401,-0.0194911772659272));
#348=CARTESIAN_POINT('',(0.1158984375,-0.0627188990184187,-0.0371489473944122));
#349=CARTESIAN_POINT('',(0.11544921875,-0.0489590817293232,-0.0489590817293232));
#350=CARTESIAN_POINT('',(0.11544921875,-0.0364237022619461,-0.0614944611967004));
#351=CARTESIAN_POINT('',(0.11544921875,-0.0191106582356552,-0.0692521761051637));
#352=CARTESIAN_POINT('',(0.11544921875,0.,-0.0692521761051637));
#353=CARTESIAN_POINT('',(0.115932629646523,-0.0489590817293232,-0.0489590817293232));
#354=CARTESIAN_POINT('',(0.115932629646523,-0.0364237022619461,-0.0614944611967004));
#355=CARTESIAN_POINT('',(0.115932629646523,-0.0191106582356552,-0.0692521761051637));
#356=CARTESIAN_POINT('',(0.115932629646523,0.,-0.0692521761051637));
#357=CARTESIAN_POINT('',(0.11559889193894,-0.0499339232064154,-0.0499339232064154));
#358=CARTESIAN_POINT('',(0.11559889193894,-0.0371489473944122,-0.0627188990184187));
#359=CARTESIAN_POINT('',(0.11559889193894,-0.0194911772659272,-0.0706310805139401));
#360=CARTESIAN_POINT('',(0.11559889193894,0.,-0.0706310805139401));
#361=CARTESIAN_POINT('',(0.1158984375,-0.0499339232064154,-0.0499339232064154));
#362=CARTESIAN_POINT('',(0.1158984375,-0.0371489473944122,-0.0627188990184187));
#363=CARTESIAN_POINT('',(0.1158984375,-0.0194911772659272,-0.0706310805139401));
#364=CARTESIAN_POINT('',(0.1158984375,0.,-0.0706310805139401));
#365=B_SPLINE_SURFACE_WITH_KNOTS('Surf_DNLSBRISCJ, Nose, 0, 2',3,3,((#366, #367, #368, #375, #376, #377, #378),(#369, #370, #371, #379, #380, #381, #382),(#372, #373, #374, #383, #384, #385, #386),(#387, #388, #389, #396, #397, #398, #399),(#390, #391, #392, #400, #401, #402, #403),(#393, #394, #395, #404, #405, #406, #407),(#408, #409, #410, #417, #418, #419, #420),(#411, #412, #413, #421, #422, #423, #424),(#414, #415, #416, #425, #426, #427, #428),(#429, #430, #431, #438, #439, #440, #441),(#432, #433, #434, #442, #443, #444, #445),(#435, #436, #437, #446, #447, #448, #449),(#450, #451, #452, #459, #460, #461, #462),(#453, #454, #455, #463, #464, #465, #466),(#456, #457, #458, #467, #468, #469, #470),(#471, #472, #473, #480, #481, #482, #483),(#474, #475, #476, #484, #485, #486, #487),(#477, #478, #479, #488, #489, #490, #491),(#492, #493, #494, #504, #505, #506, #507),(#495, #496, #497, #508, #509, #510, #511),(#498, #499, #500, #512, #513, #514, #515),(#501, #502, #503, #516, #517, #518, #519)),.UNSPECIFIED.,.F.,.F.,.F.,(4,3,3,3,3,3,3,4),(4,3,4),(0.,1.,2.,3.,4.,5.,6.,7.),(0.,1.,2.),.PIECEWISE_BEZIER_KNOTS.);
#366=CARTESIAN_POINT('',(0.,0.,0.015));
#367=CARTESIAN_POINT('',(-1.15648231731787E-18,-0.00413936268370133,0.015));
#368=CARTESIAN_POINT('',(-1.15648231731787E-18,-0.00788936268370133,0.0133196813418507));
#369=CARTESIAN_POINT('',(0.0101652476368588,-7.98858399747888E-19,0.0251652476368588));
#370=CARTESIAN_POINT('',(0.0101652476368588,-0.00679456475641486,0.0251652476368588));
#371=CARTESIAN_POINT('',(0.0101652476368588,-0.0131997668291284,0.0223851082693504));
#372=CARTESIAN_POINT('',(0.0383322252360977,0.,0.0156183078498771));
#373=CARTESIAN_POINT('',(0.0383322252360977,-0.00430998937975607,0.0156183078498771));
#374=CARTESIAN_POINT('',(0.0383322252360977,-0.00821456634222535,0.0138687255772859));
#375=CARTESIAN_POINT('',(-1.15648231731787E-18,-0.010604522012776,0.010604522012776));
#376=CARTESIAN_POINT('',(0.,-0.0133196813418507,0.00788936268370133));
#377=CARTESIAN_POINT('',(-1.15648231731787E-18,-0.015,0.00413936268370133));
#378=CARTESIAN_POINT('',(-1.15648231731787E-18,-0.015,0.));
#379=CARTESIAN_POINT('',(0.0101652476368588,-0.0177924375492394,0.0177924375492394));
#380=CARTESIAN_POINT('',(0.0101652476368588,-0.0223851082693504,0.0131997668291284));
#381=CARTESIAN_POINT('',(0.0101652476368588,-0.0251652476368588,0.00679456475641486));
#382=CARTESIAN_POINT('',(0.0101652476368588,-0.0251652476368588,-3.42915491080565E-19));
#383=CARTESIAN_POINT('',(0.0383322252360977,-0.0110416459597556,0.0110416459597556));
#384=CARTESIAN_POINT('',(0.0383322252360977,-0.0138687255772859,0.00821456634222535));
#385=CARTESIAN_POINT('',(0.0383322252360977,-0.0156183078498771,0.00430998937975606));
#386=CARTESIAN_POINT('',(0.0383322252360977,-0.0156183078498771,0.));
#387=CARTESIAN_POINT('',(0.0575,0.,0.0156183078498771));
#388=CARTESIAN_POINT('',(0.0575,-0.00430998937975607,0.0156183078498771));
#389=CARTESIAN_POINT('',(0.0575,-0.00821456634222535,0.0138687255772859));
#390=CARTESIAN_POINT('',(0.0766677747639023,0.,0.0156183078498771));
#391=CARTESIAN_POINT('',(0.0766677747639023,-0.00430998937975607,0.0156183078498771));
#392=CARTESIAN_POINT('',(0.0766677747639023,-0.00821456634222535,0.0138687255772859));
#393=CARTESIAN_POINT('',(0.110280228934631,0.,0.0256410187659212));
#394=CARTESIAN_POINT('',(0.110280228934631,-0.00707583175011599,0.0256410187659212));
#395=CARTESIAN_POINT('',(0.110280228934631,-0.0134860864415963,0.0227686799494989));
#396=CARTESIAN_POINT('',(0.0575,-0.0110416459597556,0.0110416459597556));
#397=CARTESIAN_POINT('',(0.0575,-0.0138687255772859,0.00821456634222535));
#398=CARTESIAN_POINT('',(0.0575,-0.0156183078498771,0.00430998937975606));
#399=CARTESIAN_POINT('',(0.0575,-0.0156183078498771,0.));
#400=CARTESIAN_POINT('',(0.0766677747639023,-0.0110416459597556,0.0110416459597556));
#401=CARTESIAN_POINT('',(0.0766677747639023,-0.0138687255772859,0.00821456634222535));
#402=CARTESIAN_POINT('',(0.0766677747639023,-0.0156183078498771,0.00430998937975606));
#403=CARTESIAN_POINT('',(0.0766677747639023,-0.0156183078498771,0.));
#404=CARTESIAN_POINT('',(0.110280228934631,-0.0181273831955476,0.0181273831955476));
#405=CARTESIAN_POINT('',(0.110280228934631,-0.0227686799494989,0.0134860864415963));
#406=CARTESIAN_POINT('',(0.110280228934631,-0.0256410187659212,0.00707583175011599));
#407=CARTESIAN_POINT('',(0.110280228934631,-0.0256410187659212,0.));
#408=CARTESIAN_POINT('',(0.115,0.,0.0256410187659212));
#409=CARTESIAN_POINT('',(0.115,-0.00707583175011599,0.0256410187659212));
#410=CARTESIAN_POINT('',(0.115,-0.0134860864415963,0.0227686799494989));
#411=CARTESIAN_POINT('',(0.119719771065369,0.,0.0256410187659212));
#412=CARTESIAN_POINT('',(0.119719771065369,-0.00707583175011599,0.0256410187659212));
#413=CARTESIAN_POINT('',(0.119719771065369,-0.0134860864415963,0.0227686799494989));
#414=CARTESIAN_POINT('',(0.110476409069431,0.,0.0398002206184185));
#415=CARTESIAN_POINT('',(0.110476409069431,-0.0109831698687308,0.0398002206184185));
#416=CARTESIAN_POINT('',(0.110476409069431,-0.0209332250233354,0.0353417503981793));
#417=CARTESIAN_POINT('',(0.115,-0.0181273831955476,0.0181273831955476));
#418=CARTESIAN_POINT('',(0.115,-0.0227686799494989,0.0134860864415963));
#419=CARTESIAN_POINT('',(0.115,-0.0256410187659212,0.00707583175011599));
#420=CARTESIAN_POINT('',(0.115,-0.0256410187659212,0.));
#421=CARTESIAN_POINT('',(0.119719771065369,-0.0181273831955476,0.0181273831955476));
#422=CARTESIAN_POINT('',(0.119719771065369,-0.0227686799494989,0.0134860864415963));
#423=CARTESIAN_POINT('',(0.119719771065369,-0.0256410187659212,0.00707583175011599));
#424=CARTESIAN_POINT('',(0.119719771065369,-0.0256410187659212,0.));
#425=CARTESIAN_POINT('',(0.110476409069431,-0.0281374877107574,0.0281374877107574));
#426=CARTESIAN_POINT('',(0.110476409069431,-0.0353417503981793,0.0209332250233354));
#427=CARTESIAN_POINT('',(0.110476409069431,-0.0398002206184185,0.0109831698687308));
#428=CARTESIAN_POINT('',(0.110476409069431,-0.0398002206184185,0.));
#429=CARTESIAN_POINT('',(0.11505615234375,0.,0.0398002206184185));
#430=CARTESIAN_POINT('',(0.11505615234375,-0.0109831698687308,0.0398002206184185));
#431=CARTESIAN_POINT('',(0.11505615234375,-0.0209332250233354,0.0353417503981793));
#432=CARTESIAN_POINT('',(0.119635895618069,0.,0.0398002206184185));
#433=CARTESIAN_POINT('',(0.119635895618069,-0.0109831698687308,0.0398002206184185));
#434=CARTESIAN_POINT('',(0.119635895618069,-0.0209332250233354,0.0353417503981793));
#435=CARTESIAN_POINT('',(0.111686644223598,0.,0.0535393356933543));
#436=CARTESIAN_POINT('',(0.111686644223598,-0.014774581885282,0.0535393356933543));
#437=CARTESIAN_POINT('',(0.111686644223598,-0.0281594158086205,0.0475417927126567));
#438=CARTESIAN_POINT('',(0.11505615234375,-0.0281374877107574,0.0281374877107574));
#439=CARTESIAN_POINT('',(0.11505615234375,-0.0353417503981793,0.0209332250233354));
#440=CARTESIAN_POINT('',(0.11505615234375,-0.0398002206184185,0.0109831698687308));
#441=CARTESIAN_POINT('',(0.11505615234375,-0.0398002206184185,0.));
#442=CARTESIAN_POINT('',(0.119635895618069,-0.0281374877107574,0.0281374877107574));
#443=CARTESIAN_POINT('',(0.119635895618069,-0.0353417503981793,0.0209332250233354));
#444=CARTESIAN_POINT('',(0.119635895618069,-0.0398002206184185,0.0109831698687308));
#445=CARTESIAN_POINT('',(0.119635895618069,-0.0398002206184185,0.));
#446=CARTESIAN_POINT('',(0.111686644223598,-0.0378506042606386,0.0378506042606386));
#447=CARTESIAN_POINT('',(0.111686644223597,-0.0475417927126567,0.0281594158086205));
#448=CARTESIAN_POINT('',(0.111686644223597,-0.0535393356933543,0.014774581885282));
#449=CARTESIAN_POINT('',(0.111686644223597,-0.0535393356933543,0.));
#450=CARTESIAN_POINT('',(0.1151123046875,0.,0.0535393356933543));
#451=CARTESIAN_POINT('',(0.1151123046875,-0.014774581885282,0.0535393356933543));
#452=CARTESIAN_POINT('',(0.1151123046875,-0.0281594158086205,0.0475417927126567));
#453=CARTESIAN_POINT('',(0.118537965151402,0.,0.0535393356933543));
#454=CARTESIAN_POINT('',(0.118537965151402,-0.014774581885282,0.0535393356933543));
#455=CARTESIAN_POINT('',(0.118537965151402,-0.0281594158086205,0.0475417927126567));
#456=CARTESIAN_POINT('',(0.113410905848211,0.,0.0638157034457592));
#457=CARTESIAN_POINT('',(0.113410905848211,-0.0176104227651684,0.0638157034457592));
#458=CARTESIAN_POINT('',(0.113410905848211,-0.0335643486266082,0.0566669889669036));
#459=CARTESIAN_POINT('',(0.1151123046875,-0.0378506042606386,0.0378506042606386));
#460=CARTESIAN_POINT('',(0.1151123046875,-0.0475417927126567,0.0281594158086205));
#461=CARTESIAN_POINT('',(0.1151123046875,-0.0535393356933543,0.014774581885282));
#462=CARTESIAN_POINT('',(0.1151123046875,-0.0535393356933543,0.));
#463=CARTESIAN_POINT('',(0.118537965151402,-0.0378506042606386,0.0378506042606386));
#464=CARTESIAN_POINT('',(0.118537965151402,-0.0475417927126567,0.0281594158086205));
#465=CARTESIAN_POINT('',(0.118537965151402,-0.0535393356933543,0.014774581885282));
#466=CARTESIAN_POINT('',(0.118537965151402,-0.0535393356933543,0.));
#467=CARTESIAN_POINT('',(0.113410905848211,-0.0451156687967559,0.0451156687967559));
#468=CARTESIAN_POINT('',(0.113410905848211,-0.0566669889669036,0.0335643486266082));
#469=CARTESIAN_POINT('',(0.113410905848211,-0.0638157034457592,0.0176104227651684));
#470=CARTESIAN_POINT('',(0.113410905848211,-0.0638157034457592,0.));
#471=CARTESIAN_POINT('',(0.115224609375,0.,0.0638157034457592));
#472=CARTESIAN_POINT('',(0.115224609375,-0.0176104227651684,0.0638157034457592));
#473=CARTESIAN_POINT('',(0.115224609375,-0.0335643486266082,0.0566669889669036));
#474=CARTESIAN_POINT('',(0.117038312901789,0.,0.0638157034457592));
#475=CARTESIAN_POINT('',(0.117038312901789,-0.0176104227651684,0.0638157034457592));
#476=CARTESIAN_POINT('',(0.117038312901789,-0.0335643486266082,0.0566669889669036));
#477=CARTESIAN_POINT('',(0.114965807853477,0.,0.0692521761051637));
#478=CARTESIAN_POINT('',(0.114965807853477,-0.0191106582356552,0.0692521761051637));
#479=CARTESIAN_POINT('',(0.114965807853477,-0.0364237022619461,0.0614944611967004));
#480=CARTESIAN_POINT('',(0.115224609375,-0.0451156687967559,0.0451156687967559));
#481=CARTESIAN_POINT('',(0.115224609375,-0.0566669889669036,0.0335643486266082));
#482=CARTESIAN_POINT('',(0.115224609375,-0.0638157034457592,0.0176104227651684));
#483=CARTESIAN_POINT('',(0.115224609375,-0.0638157034457592,0.));
#484=CARTESIAN_POINT('',(0.117038312901789,-0.0451156687967559,0.0451156687967559));
#485=CARTESIAN_POINT('',(0.117038312901789,-0.0566669889669036,0.0335643486266082));
#486=CARTESIAN_POINT('',(0.117038312901789,-0.0638157034457592,0.0176104227651684));
#487=CARTESIAN_POINT('',(0.117038312901789,-0.0638157034457592,0.));
#488=CARTESIAN_POINT('',(0.114965807853477,-0.0489590817293232,0.0489590817293232));
#489=CARTESIAN_POINT('',(0.114965807853477,-0.0614944611967004,0.0364237022619461));
#490=CARTESIAN_POINT('',(0.114965807853477,-0.0692521761051637,0.0191106582356552));
#491=CARTESIAN_POINT('',(0.114965807853477,-0.0692521761051637,0.));
#492=CARTESIAN_POINT('',(0.11544921875,0.,0.0692521761051637));
#493=CARTESIAN_POINT('',(0.11544921875,-0.0191106582356552,0.0692521761051637));
#494=CARTESIAN_POINT('',(0.11544921875,-0.0364237022619461,0.0614944611967004));
#495=CARTESIAN_POINT('',(0.115932629646523,0.,0.0692521761051637));
#496=CARTESIAN_POINT('',(0.115932629646523,-0.0191106582356552,0.0692521761051637));
#497=CARTESIAN_POINT('',(0.115932629646523,-0.0364237022619461,0.0614944611967004));
#498=CARTESIAN_POINT('',(0.11559889193894,0.,0.0706310805139401));
#499=CARTESIAN_POINT('',(0.11559889193894,-0.0194911772659272,0.0706310805139401));
#500=CARTESIAN_POINT('',(0.11559889193894,-0.0371489473944122,0.0627188990184187));
#501=CARTESIAN_POINT('',(0.1158984375,0.,0.0706310805139401));
#502=CARTESIAN_POINT('',(0.1158984375,-0.0194911772659272,0.0706310805139401));
#503=CARTESIAN_POINT('',(0.1158984375,-0.0371489473944122,0.0627188990184187));
#504=CARTESIAN_POINT('',(0.11544921875,-0.0489590817293232,0.0489590817293232));
#505=CARTESIAN_POINT('',(0.11544921875,-0.0614944611967004,0.0364237022619461));
#506=CARTESIAN_POINT('',(0.11544921875,-0.0692521761051637,0.0191106582356552));
#507=CARTESIAN_POINT('',(0.11544921875,-0.0692521761051637,0.));
#508=CARTESIAN_POINT('',(0.115932629646523,-0.0489590817293232,0.0489590817293232));
#509=CARTESIAN_POINT('',(0.115932629646523,-0.0614944611967004,0.0364237022619461));
#510=CARTESIAN_POINT('',(0.115932629646523,-0.0692521761051637,0.0191106582356552));
#511=CARTESIAN_POINT('',(0.115932629646523,-0.0692521761051637,0.));
#512=CARTESIAN_POINT('',(0.11559889193894,-0.0499339232064154,0.0499339232064154));
#513=CARTESIAN_POINT('',(0.11559889193894,-0.0627188990184187,0.0371489473944122));
#514=CARTESIAN_POINT('',(0.11559889193894,-0.0706310805139401,0.0194911772659272));
#515=CARTESIAN_POINT('',(0.11559889193894,-0.0706310805139401,0.));
#516=CARTESIAN_POINT('',(0.1158984375,-0.0499339232064154,0.0499339232064154));
#517=CARTESIAN_POINT('',(0.1158984375,-0.0627188990184187,0.0371489473944122));
#518=CARTESIAN_POINT('',(0.1158984375,-0.0706310805139401,0.0194911772659272));
#519=CARTESIAN_POINT('',(0.1158984375,-0.0706310805139401,0.));
#520=B_SPLINE_SURFACE_WITH_KNOTS('Surf_DNLSBRISCJ, Nose, 0, 3',3,3,((#521, #522, #523, #530, #531, #532, #533),(#524, #525, #526, #534, #535, #536, #537),(#527, #528, #529, #538, #539, #540, #541),(#542, #543, #544, #551, #552, #553, #554),(#545, #546, #547, #555, #556, #557, #558),(#548, #549, #550, #559, #560, #561, #562),(#563, #564, #565, #572, #573, #574, #575),(#566, #567, #568, #576, #577, #578, #579),(#569, #570, #571, #580, #581, #582, #583),(#584, #585, #586, #593, #594, #595, #596),(#587, #588, #589, #597, #598, #599, #600),(#590, #591, #592, #601, #602, #603, #604),(#605, #606, #607, #614, #615, #616, #617),(#608, #609, #610, #618, #619, #620, #621),(#611, #612, #613, #622, #623, #624, #625),(#626, #627, #628, #635, #636, #637, #638),(#629, #630, #631, #639, #640, #641, #642),(#632, #633, #634, #643, #644, #645, #646),(#647, #648, #649, #659, #660, #661, #662),(#650, #651, #652, #663, #664, #665, #666),(#653, #654, #655, #667, #668, #669, #670),(#656, #657, #658, #671, #672, #673, #674)),.UNSPECIFIED.,.F.,.F.,.F.,(4,3,3,3,3,3,3,4),(4,3,4),(0.,1.,2.,3.,4.,5.,6.,7.),(0.,1.,2.),.PIECEWISE_BEZIER_KNOTS.);
#521=CARTESIAN_POINT('',(0.,0.015,0.));
#522=CARTESIAN_POINT('',(0.,0.015,0.00413936268370133));
#523=CARTESIAN_POINT('',(0.,0.0133196813418507,0.00788936268370133));
#524=CARTESIAN_POINT('',(0.0101652476368588,0.0251652476368588,0.));
#525=CARTESIAN_POINT('',(0.0101652476368588,0.0251652476368588,0.00679456475641486));
#526=CARTESIAN_POINT('',(0.0101652476368588,0.0223851082693504,0.0131997668291284));
#527=CARTESIAN_POINT('',(0.0383322252360977,0.0156183078498771,0.));
#528=CARTESIAN_POINT('',(0.0383322252360977,0.0156183078498771,0.00430998937975606));
#529=CARTESIAN_POINT('',(0.0383322252360977,0.0138687255772859,0.00821456634222535));
#530=CARTESIAN_POINT('',(-1.15648231731787E-18,0.010604522012776,0.010604522012776));
#531=CARTESIAN_POINT('',(0.,0.00788936268370133,0.0133196813418507));
#532=CARTESIAN_POINT('',(-1.15648231731787E-18,0.00413936268370133,0.015));
#533=CARTESIAN_POINT('',(0.,0.,0.015));
#534=CARTESIAN_POINT('',(0.0101652476368588,0.0177924375492394,0.0177924375492394));
#535=CARTESIAN_POINT('',(0.0101652476368588,0.0131997668291284,0.0223851082693503));
#536=CARTESIAN_POINT('',(0.0101652476368588,0.00679456475641486,0.0251652476368588));
#537=CARTESIAN_POINT('',(0.0101652476368588,-7.98858399747888E-19,0.0251652476368588));
#538=CARTESIAN_POINT('',(0.0383322252360977,0.0110416459597556,0.0110416459597556));
#539=CARTESIAN_POINT('',(0.0383322252360977,0.00821456634222535,0.0138687255772859));
#540=CARTESIAN_POINT('',(0.0383322252360977,0.00430998937975607,0.0156183078498771));
#541=CARTESIAN_POINT('',(0.0383322252360977,0.,0.0156183078498771));
#542=CARTESIAN_POINT('',(0.0575,0.0156183078498771,0.));
#543=CARTESIAN_POINT('',(0.0575,0.0156183078498771,0.00430998937975606));
#544=CARTESIAN_POINT('',(0.0575,0.0138687255772859,0.00821456634222535));
#545=CARTESIAN_POINT('',(0.0766677747639023,0.0156183078498771,0.));
#546=CARTESIAN_POINT('',(0.0766677747639023,0.0156183078498771,0.00430998937975606));
#547=CARTESIAN_POINT('',(0.0766677747639023,0.0138687255772859,0.00821456634222535));
#548=CARTESIAN_POINT('',(0.110280228934631,0.0256410187659212,0.));
#549=CARTESIAN_POINT('',(0.110280228934631,0.0256410187659212,0.00707583175011599));
#550=CARTESIAN_POINT('',(0.110280228934631,0.0227686799494989,0.0134860864415963));
#551=CARTESIAN_POINT('',(0.0575,0.0110416459597556,0.0110416459597556));
#552=CARTESIAN_POINT('',(0.0575,0.00821456634222535,0.0138687255772859));
#553=CARTESIAN_POINT('',(0.0575,0.00430998937975607,0.0156183078498771));
#554=CARTESIAN_POINT('',(0.0575,0.,0.0156183078498771));
#555=CARTESIAN_POINT('',(0.0766677747639023,0.0110416459597556,0.0110416459597556));
#556=CARTESIAN_POINT('',(0.0766677747639023,0.00821456634222535,0.0138687255772859));
#557=CARTESIAN_POINT('',(0.0766677747639023,0.00430998937975607,0.0156183078498771));
#558=CARTESIAN_POINT('',(0.0766677747639023,0.,0.0156183078498771));
#559=CARTESIAN_POINT('',(0.110280228934631,0.0181273831955476,0.0181273831955476));
#560=CARTESIAN_POINT('',(0.110280228934631,0.0134860864415963,0.0227686799494989));
#561=CARTESIAN_POINT('',(0.110280228934631,0.00707583175011599,0.0256410187659212));
#562=CARTESIAN_POINT('',(0.110280228934631,0.,0.0256410187659212));
#563=CARTESIAN_POINT('',(0.115,0.0256410187659212,0.));
#564=CARTESIAN_POINT('',(0.115,0.0256410187659212,0.00707583175011599));
#565=CARTESIAN_POINT('',(0.115,0.0227686799494989,0.0134860864415963));
#566=CARTESIAN_POINT('',(0.119719771065369,0.0256410187659212,0.));
#567=CARTESIAN_POINT('',(0.119719771065369,0.0256410187659212,0.00707583175011599));
#568=CARTESIAN_POINT('',(0.119719771065369,0.0227686799494989,0.0134860864415963));
#569=CARTESIAN_POINT('',(0.110476409069431,0.0398002206184185,0.));
#570=CARTESIAN_POINT('',(0.110476409069431,0.0398002206184185,0.0109831698687308));
#571=CARTESIAN_POINT('',(0.110476409069431,0.0353417503981793,0.0209332250233354));
#572=CARTESIAN_POINT('',(0.115,0.0181273831955476,0.0181273831955476));
#573=CARTESIAN_POINT('',(0.115,0.0134860864415963,0.0227686799494989));
#574=CARTESIAN_POINT('',(0.115,0.00707583175011599,0.0256410187659212));
#575=CARTESIAN_POINT('',(0.115,0.,0.0256410187659212));
#576=CARTESIAN_POINT('',(0.119719771065369,0.0181273831955476,0.0181273831955476));
#577=CARTESIAN_POINT('',(0.119719771065369,0.0134860864415963,0.0227686799494989));
#578=CARTESIAN_POINT('',(0.119719771065369,0.00707583175011599,0.0256410187659212));
#579=CARTESIAN_POINT('',(0.119719771065369,0.,0.0256410187659212));
#580=CARTESIAN_POINT('',(0.110476409069431,0.0281374877107574,0.0281374877107574));
#581=CARTESIAN_POINT('',(0.110476409069431,0.0209332250233354,0.0353417503981793));
#582=CARTESIAN_POINT('',(0.110476409069431,0.0109831698687308,0.0398002206184185));
#583=CARTESIAN_POINT('',(0.110476409069431,0.,0.0398002206184185));
#584=CARTESIAN_POINT('',(0.11505615234375,0.0398002206184185,0.));
#585=CARTESIAN_POINT('',(0.11505615234375,0.0398002206184185,0.0109831698687308));
#586=CARTESIAN_POINT('',(0.11505615234375,0.0353417503981793,0.0209332250233354));
#587=CARTESIAN_POINT('',(0.119635895618069,0.0398002206184185,0.));
#588=CARTESIAN_POINT('',(0.119635895618069,0.0398002206184185,0.0109831698687308));
#589=CARTESIAN_POINT('',(0.119635895618069,0.0353417503981793,0.0209332250233354));
#590=CARTESIAN_POINT('',(0.111686644223597,0.0535393356933543,0.));
#591=CARTESIAN_POINT('',(0.111686644223597,0.0535393356933543,0.014774581885282));
#592=CARTESIAN_POINT('',(0.111686644223597,0.0475417927126567,0.0281594158086205));
#593=CARTESIAN_POINT('',(0.11505615234375,0.0281374877107574,0.0281374877107574));
#594=CARTESIAN_POINT('',(0.11505615234375,0.0209332250233354,0.0353417503981793));
#595=CARTESIAN_POINT('',(0.11505615234375,0.0109831698687308,0.0398002206184185));
#596=CARTESIAN_POINT('',(0.11505615234375,0.,0.0398002206184185));
#597=CARTESIAN_POINT('',(0.119635895618069,0.0281374877107574,0.0281374877107574));
#598=CARTESIAN_POINT('',(0.119635895618069,0.0209332250233354,0.0353417503981793));
#599=CARTESIAN_POINT('',(0.119635895618069,0.0109831698687308,0.0398002206184185));
#600=CARTESIAN_POINT('',(0.119635895618069,0.,0.0398002206184185));
#601=CARTESIAN_POINT('',(0.111686644223598,0.0378506042606386,0.0378506042606386));
#602=CARTESIAN_POINT('',(0.111686644223598,0.0281594158086205,0.0475417927126567));
#603=CARTESIAN_POINT('',(0.111686644223598,0.014774581885282,0.0535393356933543));
#604=CARTESIAN_POINT('',(0.111686644223598,0.,0.0535393356933543));
#605=CARTESIAN_POINT('',(0.1151123046875,0.0535393356933543,0.));
#606=CARTESIAN_POINT('',(0.1151123046875,0.0535393356933543,0.014774581885282));
#607=CARTESIAN_POINT('',(0.1151123046875,0.0475417927126567,0.0281594158086205));
#608=CARTESIAN_POINT('',(0.118537965151402,0.0535393356933543,0.));
#609=CARTESIAN_POINT('',(0.118537965151402,0.0535393356933543,0.014774581885282));
#610=CARTESIAN_POINT('',(0.118537965151402,0.0475417927126567,0.0281594158086205));
#611=CARTESIAN_POINT('',(0.113410905848211,0.0638157034457592,0.));
#612=CARTESIAN_POINT('',(0.113410905848211,0.0638157034457592,0.0176104227651684));
#613=CARTESIAN_POINT('',(0.113410905848211,0.0566669889669036,0.0335643486266082));
#614=CARTESIAN_POINT('',(0.1151123046875,0.0378506042606386,0.0378506042606386));
#615=CARTESIAN_POINT('',(0.1151123046875,0.0281594158086205,0.0475417927126567));
#616=CARTESIAN_POINT('',(0.1151123046875,0.014774581885282,0.0535393356933543));
#617=CARTESIAN_POINT('',(0.1151123046875,0.,0.0535393356933543));
#618=CARTESIAN_POINT('',(0.118537965151402,0.0378506042606386,0.0378506042606386));
#619=CARTESIAN_POINT('',(0.118537965151402,0.0281594158086205,0.0475417927126567));
#620=CARTESIAN_POINT('',(0.118537965151402,0.014774581885282,0.0535393356933543));
#621=CARTESIAN_POINT('',(0.118537965151402,0.,0.0535393356933543));
#622=CARTESIAN_POINT('',(0.113410905848211,0.0451156687967559,0.0451156687967559));
#623=CARTESIAN_POINT('',(0.113410905848211,0.0335643486266082,0.0566669889669036));
#624=CARTESIAN_POINT('',(0.113410905848211,0.0176104227651684,0.0638157034457592));
#625=CARTESIAN_POINT('',(0.113410905848211,0.,0.0638157034457592));
#626=CARTESIAN_POINT('',(0.115224609375,0.0638157034457592,0.));
#627=CARTESIAN_POINT('',(0.115224609375,0.0638157034457592,0.0176104227651684));
#628=CARTESIAN_POINT('',(0.115224609375,0.0566669889669036,0.0335643486266082));
#629=CARTESIAN_POINT('',(0.117038312901789,0.0638157034457592,0.));
#630=CARTESIAN_POINT('',(0.117038312901789,0.0638157034457592,0.0176104227651684));
#631=CARTESIAN_POINT('',(0.117038312901789,0.0566669889669036,0.0335643486266082));
#632=CARTESIAN_POINT('',(0.114965807853477,0.0692521761051637,0.));
#633=CARTESIAN_POINT('',(0.114965807853477,0.0692521761051637,0.0191106582356552));
#634=CARTESIAN_POINT('',(0.114965807853477,0.0614944611967004,0.0364237022619461));
#635=CARTESIAN_POINT('',(0.115224609375,0.0451156687967559,0.0451156687967559));
#636=CARTESIAN_POINT('',(0.115224609375,0.0335643486266082,0.0566669889669036));
#637=CARTESIAN_POINT('',(0.115224609375,0.0176104227651684,0.0638157034457592));
#638=CARTESIAN_POINT('',(0.115224609375,0.,0.0638157034457592));
#639=CARTESIAN_POINT('',(0.117038312901789,0.0451156687967559,0.0451156687967559));
#640=CARTESIAN_POINT('',(0.117038312901789,0.0335643486266082,0.0566669889669036));
#641=CARTESIAN_POINT('',(0.117038312901789,0.0176104227651684,0.0638157034457592));
#642=CARTESIAN_POINT('',(0.117038312901789,0.,0.0638157034457592));
#643=CARTESIAN_POINT('',(0.114965807853477,0.0489590817293232,0.0489590817293232));
#644=CARTESIAN_POINT('',(0.114965807853477,0.0364237022619461,0.0614944611967004));
#645=CARTESIAN_POINT('',(0.114965807853477,0.0191106582356552,0.0692521761051637));
#646=CARTESIAN_POINT('',(0.114965807853477,0.,0.0692521761051637));
#647=CARTESIAN_POINT('',(0.11544921875,0.0692521761051637,0.));
#648=CARTESIAN_POINT('',(0.11544921875,0.0692521761051637,0.0191106582356552));
#649=CARTESIAN_POINT('',(0.11544921875,0.0614944611967004,0.0364237022619461));
#650=CARTESIAN_POINT('',(0.115932629646523,0.0692521761051637,0.));
#651=CARTESIAN_POINT('',(0.115932629646523,0.0692521761051637,0.0191106582356552));
#652=CARTESIAN_POINT('',(0.115932629646523,0.0614944611967004,0.0364237022619461));
#653=CARTESIAN_POINT('',(0.11559889193894,0.0706310805139401,0.));
#654=CARTESIAN_POINT('',(0.11559889193894,0.0706310805139401,0.0194911772659272));
#655=CARTESIAN_POINT('',(0.11559889193894,0.0627188990184187,0.0371489473944122));
#656=CARTESIAN_POINT('',(0.1158984375,0.0706310805139401,0.));
#657=CARTESIAN_POINT('',(0.1158984375,0.0706310805139401,0.0194911772659272));
#658=CARTESIAN_POINT('',(0.1158984375,0.0627188990184187,0.0371489473944122));
#659=CARTESIAN_POINT('',(0.11544921875,0.0489590817293232,0.0489590817293232));
#660=CARTESIAN_POINT('',(0.11544921875,0.0364237022619461,0.0614944611967004));
#661=CARTESIAN_POINT('',(0.11544921875,0.0191106582356552,0.0692521761051637));
#662=CARTESIAN_POINT('',(0.11544921875,0.,0.0692521761051637));
#663=CARTESIAN_POINT('',(0.115932629646523,0.0489590817293232,0.0489590817293232));
#664=CARTESIAN_POINT('',(0.115932629646523,0.0364237022619461,0.0614944611967004));
#665=CARTESIAN_POINT('',(0.115932629646523,0.0191106582356552,0.0692521761051637));
#666=CARTESIAN_POINT('',(0.115932629646523,0.,0.0692521761051637));
#667=CARTESIAN_POINT('',(0.11559889193894,0.0499339232064154,0.0499339232064154));
#668=CARTESIAN_POINT('',(0.11559889193894,0.0371489473944122,0.0627188990184187));
#669=CARTESIAN_POINT('',(0.11559889193894,0.0194911772659272,0.0706310805139401));
#670=CARTESIAN_POINT('',(0.11559889193894,0.,0.0706310805139401));
#671=CARTESIAN_POINT('',(0.1158984375,0.0499339232064154,0.0499339232064154));
#672=CARTESIAN_POINT('',(0.1158984375,0.0371489473944122,0.0627188990184187));
#673=CARTESIAN_POINT('',(0.1158984375,0.0194911772659272,0.0706310805139401));
#674=CARTESIAN_POINT('',(0.1158984375,0.,0.0706310805139401));
#675=B_SPLINE_SURFACE_WITH_KNOTS('Surf_DNLSBRISCJ, Nose, 0, 4',3,3,((#676, #677, #678, #685, #686, #687, #688),(#679, #680, #681, #689, #690, #691, #692),(#682, #683, #684, #693, #694, #695, #696),(#697, #698, #699, #706, #707, #708, #709),(#700, #701, #702, #710, #711, #712, #713),(#703, #704, #705, #714, #715, #716, #717),(#718, #719, #720, #727, #728, #729, #730),(#721, #722, #723, #731, #732, #733, #734),(#724, #725, #726, #735, #736, #737, #738),(#739, #740, #741, #748, #749, #750, #751),(#742, #743, #744, #752, #753, #754, #755),(#745, #746, #747, #756, #757, #758, #759),(#760, #761, #762, #769, #770, #771, #772),(#763, #764, #765, #773, #774, #775, #776),(#766, #767, #768, #777, #778, #779, #780),(#781, #782, #783, #790, #791, #792, #793),(#784, #785, #786, #794, #795, #796, #797),(#787, #788, #789, #798, #799, #800, #801),(#802, #803, #804, #814, #815, #816, #817),(#805, #806, #807, #818, #819, #820, #821),(#808, #809, #810, #822, #823, #824, #825),(#811, #812, #813, #826, #827, #828, #829)),.UNSPECIFIED.,.F.,.F.,.F.,(4,3,3,3,3,3,3,4),(4,3,4),(0.,1.,2.,3.,4.,5.,6.,7.),(0.,1.,2.),.PIECEWISE_BEZIER_KNOTS.);
#676=CARTESIAN_POINT('',(0.1158984375,0.,-0.0706310805139401));
#677=CARTESIAN_POINT('',(0.1158984375,0.0194911772659272,-0.0706310805139401));
#678=CARTESIAN_POINT('',(0.1158984375,0.0371489473944122,-0.0627188990184187));
#679=CARTESIAN_POINT('',(0.11619798306106,0.,-0.0706310805139401));
#680=CARTESIAN_POINT('',(0.11619798306106,0.0194911772659272,-0.0706310805139401));
#681=CARTESIAN_POINT('',(0.11619798306106,0.0371489473944122,-0.0627188990184187));
#682=CARTESIAN_POINT('',(0.11649732943894,0.,-0.07065));
#683=CARTESIAN_POINT('',(0.11649732943894,0.0194963982402333,-0.07065));
#684=CARTESIAN_POINT('',(0.11649732943894,0.0371588982402333,-0.0627356991201166));
#685=CARTESIAN_POINT('',(0.1158984375,0.0499339232064154,-0.0499339232064154));
#686=CARTESIAN_POINT('',(0.1158984375,0.0627188990184187,-0.0371489473944122));
#687=CARTESIAN_POINT('',(0.1158984375,0.0706310805139401,-0.0194911772659272));
#688=CARTESIAN_POINT('',(0.1158984375,0.0706310805139401,0.));
#689=CARTESIAN_POINT('',(0.11619798306106,0.0499339232064154,-0.0499339232064154));
#690=CARTESIAN_POINT('',(0.11619798306106,0.0627188990184187,-0.0371489473944122));
#691=CARTESIAN_POINT('',(0.11619798306106,0.0706310805139401,-0.0194911772659272));
#692=CARTESIAN_POINT('',(0.11619798306106,0.0706310805139401,0.));
#693=CARTESIAN_POINT('',(0.11649732943894,0.049947298680175,-0.049947298680175));
#694=CARTESIAN_POINT('',(0.11649732943894,0.0627356991201167,-0.0371588982402333));
#695=CARTESIAN_POINT('',(0.11649732943894,0.07065,-0.0194963982402333));
#696=CARTESIAN_POINT('',(0.11649732943894,0.07065,0.));
#697=CARTESIAN_POINT('',(0.116796875,0.,-0.07065));
#698=CARTESIAN_POINT('',(0.116796875,0.0194963982402333,-0.07065));
#699=CARTESIAN_POINT('',(0.116796875,0.0371588982402333,-0.0627356991201166));
#700=CARTESIAN_POINT('',(0.11709642056106,0.,-0.07065));
#701=CARTESIAN_POINT('',(0.11709642056106,0.0194963982402333,-0.07065));
#702=CARTESIAN_POINT('',(0.11709642056106,0.0371588982402333,-0.0627356991201166));
#703=CARTESIAN_POINT('',(0.117994791666667,0.,-0.07065));
#704=CARTESIAN_POINT('',(0.117994791666667,0.0194963982402333,-0.07065));
#705=CARTESIAN_POINT('',(0.117994791666667,0.0371588982402333,-0.0627356991201166));
#706=CARTESIAN_POINT('',(0.116796875,0.049947298680175,-0.049947298680175));
#707=CARTESIAN_POINT('',(0.116796875,0.0627356991201167,-0.0371588982402333));
#708=CARTESIAN_POINT('',(0.116796875,0.07065,-0.0194963982402333));
#709=CARTESIAN_POINT('',(0.116796875,0.07065,0.));
#710=CARTESIAN_POINT('',(0.11709642056106,0.049947298680175,-0.049947298680175));
#711=CARTESIAN_POINT('',(0.11709642056106,0.0627356991201167,-0.0371588982402333));
#712=CARTESIAN_POINT('',(0.11709642056106,0.07065,-0.0194963982402333));
#713=CARTESIAN_POINT('',(0.11709642056106,0.07065,0.));
#714=CARTESIAN_POINT('',(0.117994791666667,0.049947298680175,-0.049947298680175));
#715=CARTESIAN_POINT('',(0.117994791666667,0.0627356991201167,-0.0371588982402333));
#716=CARTESIAN_POINT('',(0.117994791666667,0.07065,-0.0194963982402333));
#717=CARTESIAN_POINT('',(0.117994791666667,0.07065,0.));
#718=CARTESIAN_POINT('',(0.11859375,0.,-0.07065));
#719=CARTESIAN_POINT('',(0.11859375,0.0194963982402333,-0.07065));
#720=CARTESIAN_POINT('',(0.11859375,0.0371588982402333,-0.0627356991201166));
#721=CARTESIAN_POINT('',(0.119192708333333,0.,-0.07065));
#722=CARTESIAN_POINT('',(0.119192708333333,0.0194963982402333,-0.07065));
#723=CARTESIAN_POINT('',(0.119192708333333,0.0371588982402333,-0.0627356991201166));
#724=CARTESIAN_POINT('',(0.120989583333333,0.,-0.07065));
#725=CARTESIAN_POINT('',(0.120989583333333,0.0194963982402333,-0.07065));
#726=CARTESIAN_POINT('',(0.120989583333333,0.0371588982402333,-0.0627356991201166));
#727=CARTESIAN_POINT('',(0.11859375,0.049947298680175,-0.049947298680175));
#728=CARTESIAN_POINT('',(0.11859375,0.0627356991201167,-0.0371588982402333));
#729=CARTESIAN_POINT('',(0.11859375,0.07065,-0.0194963982402333));
#730=CARTESIAN_POINT('',(0.11859375,0.07065,0.));
#731=CARTESIAN_POINT('',(0.119192708333333,0.049947298680175,-0.049947298680175));
#732=CARTESIAN_POINT('',(0.119192708333333,0.0627356991201167,-0.0371588982402333));
#733=CARTESIAN_POINT('',(0.119192708333333,0.07065,-0.0194963982402333));
#734=CARTESIAN_POINT('',(0.119192708333333,0.07065,0.));
#735=CARTESIAN_POINT('',(0.120989583333333,0.049947298680175,-0.049947298680175));
#736=CARTESIAN_POINT('',(0.120989583333333,0.0627356991201167,-0.0371588982402333));
#737=CARTESIAN_POINT('',(0.120989583333333,0.07065,-0.0194963982402333));
#738=CARTESIAN_POINT('',(0.120989583333333,0.07065,0.));
#739=CARTESIAN_POINT('',(0.1221875,0.,-0.07065));
#740=CARTESIAN_POINT('',(0.1221875,0.0194963982402333,-0.07065));
#741=CARTESIAN_POINT('',(0.1221875,0.0371588982402333,-0.0627356991201166));
#742=CARTESIAN_POINT('',(0.123385416666667,0.,-0.07065));
#743=CARTESIAN_POINT('',(0.123385416666667,0.0194963982402333,-0.07065));
#744=CARTESIAN_POINT('',(0.123385416666667,0.0371588982402333,-0.0627356991201166));
#745=CARTESIAN_POINT('',(0.126979166666667,0.,-0.07065));
#746=CARTESIAN_POINT('',(0.126979166666667,0.0194963982402333,-0.07065));
#747=CARTESIAN_POINT('',(0.126979166666667,0.0371588982402333,-0.0627356991201166));
#748=CARTESIAN_POINT('',(0.1221875,0.049947298680175,-0.049947298680175));
#749=CARTESIAN_POINT('',(0.1221875,0.0627356991201167,-0.0371588982402333));
#750=CARTESIAN_POINT('',(0.1221875,0.07065,-0.0194963982402333));
#751=CARTESIAN_POINT('',(0.1221875,0.07065,0.));
#752=CARTESIAN_POINT('',(0.123385416666667,0.049947298680175,-0.049947298680175));
#753=CARTESIAN_POINT('',(0.123385416666667,0.0627356991201167,-0.0371588982402333));
#754=CARTESIAN_POINT('',(0.123385416666667,0.07065,-0.0194963982402333));
#755=CARTESIAN_POINT('',(0.123385416666667,0.07065,0.));
#756=CARTESIAN_POINT('',(0.126979166666667,0.049947298680175,-0.049947298680175));
#757=CARTESIAN_POINT('',(0.126979166666667,0.0627356991201167,-0.0371588982402333));
#758=CARTESIAN_POINT('',(0.126979166666667,0.07065,-0.0194963982402333));
#759=CARTESIAN_POINT('',(0.126979166666667,0.07065,0.));
#760=CARTESIAN_POINT('',(0.129375,0.,-0.07065));
#761=CARTESIAN_POINT('',(0.129375,0.0194963982402333,-0.07065));
#762=CARTESIAN_POINT('',(0.129375,0.0371588982402333,-0.0627356991201166));
#763=CARTESIAN_POINT('',(0.131770833333333,0.,-0.07065));
#764=CARTESIAN_POINT('',(0.131770833333333,0.0194963982402333,-0.07065));
#765=CARTESIAN_POINT('',(0.131770833333333,0.0371588982402333,-0.0627356991201166));
#766=CARTESIAN_POINT('',(0.138958333333333,0.,-0.07065));
#767=CARTESIAN_POINT('',(0.138958333333333,0.0194963982402333,-0.07065));
#768=CARTESIAN_POINT('',(0.138958333333333,0.0371588982402333,-0.0627356991201166));
#769=CARTESIAN_POINT('',(0.129375,0.049947298680175,-0.049947298680175));
#770=CARTESIAN_POINT('',(0.129375,0.0627356991201167,-0.0371588982402333));
#771=CARTESIAN_POINT('',(0.129375,0.07065,-0.0194963982402333));
#772=CARTESIAN_POINT('',(0.129375,0.07065,0.));
#773=CARTESIAN_POINT('',(0.131770833333333,0.049947298680175,-0.049947298680175));
#774=CARTESIAN_POINT('',(0.131770833333333,0.0627356991201167,-0.0371588982402333));
#775=CARTESIAN_POINT('',(0.131770833333333,0.07065,-0.0194963982402333));
#776=CARTESIAN_POINT('',(0.131770833333333,0.07065,0.));
#777=CARTESIAN_POINT('',(0.138958333333333,0.049947298680175,-0.049947298680175));
#778=CARTESIAN_POINT('',(0.138958333333333,0.0627356991201167,-0.0371588982402333));
#779=CARTESIAN_POINT('',(0.138958333333333,0.07065,-0.0194963982402333));
#780=CARTESIAN_POINT('',(0.138958333333333,0.07065,0.));
#781=CARTESIAN_POINT('',(0.14375,0.,-0.07065));
#782=CARTESIAN_POINT('',(0.14375,0.0194963982402333,-0.07065));
#783=CARTESIAN_POINT('',(0.14375,0.0371588982402333,-0.0627356991201166));
#784=CARTESIAN_POINT('',(0.148541666666667,0.,-0.07065));
#785=CARTESIAN_POINT('',(0.148541666666667,0.0194963982402333,-0.07065));
#786=CARTESIAN_POINT('',(0.148541666666667,0.0371588982402333,-0.0627356991201166));
#787=CARTESIAN_POINT('',(0.162916666666667,0.,-0.07065));
#788=CARTESIAN_POINT('',(0.162916666666667,0.0194963982402333,-0.07065));
#789=CARTESIAN_POINT('',(0.162916666666667,0.0371588982402333,-0.0627356991201166));
#790=CARTESIAN_POINT('',(0.14375,0.049947298680175,-0.049947298680175));
#791=CARTESIAN_POINT('',(0.14375,0.0627356991201167,-0.0371588982402333));
#792=CARTESIAN_POINT('',(0.14375,0.07065,-0.0194963982402333));
#793=CARTESIAN_POINT('',(0.14375,0.07065,0.));
#794=CARTESIAN_POINT('',(0.148541666666667,0.049947298680175,-0.049947298680175));
#795=CARTESIAN_POINT('',(0.148541666666667,0.0627356991201167,-0.0371588982402333));
#796=CARTESIAN_POINT('',(0.148541666666667,0.07065,-0.0194963982402333));
#797=CARTESIAN_POINT('',(0.148541666666667,0.07065,0.));
#798=CARTESIAN_POINT('',(0.162916666666667,0.049947298680175,-0.049947298680175));
#799=CARTESIAN_POINT('',(0.162916666666667,0.0627356991201167,-0.0371588982402333));
#800=CARTESIAN_POINT('',(0.162916666666667,0.07065,-0.0194963982402333));
#801=CARTESIAN_POINT('',(0.162916666666667,0.07065,0.));
#802=CARTESIAN_POINT('',(0.1725,0.,-0.07065));
#803=CARTESIAN_POINT('',(0.1725,0.0194963982402333,-0.07065));
#804=CARTESIAN_POINT('',(0.1725,0.0371588982402333,-0.0627356991201166));
#805=CARTESIAN_POINT('',(0.182083333333333,0.,-0.07065));
#806=CARTESIAN_POINT('',(0.182083333333333,0.0194963982402333,-0.07065));
#807=CARTESIAN_POINT('',(0.182083333333333,0.0371588982402333,-0.0627356991201166));
#808=CARTESIAN_POINT('',(0.219835340020443,-1.3416973348114E-18,-0.0808146599795566));
#809=CARTESIAN_POINT('',(0.219835340020443,0.0221514468145823,-0.0808146599795566));
#810=CARTESIAN_POINT('',(0.219835340020443,0.0424689953889314,-0.0718006019714185));
#811=CARTESIAN_POINT('',(0.23,0.,-0.07065));
#812=CARTESIAN_POINT('',(0.23,0.0194963982402333,-0.07065));
#813=CARTESIAN_POINT('',(0.23,0.0371588982402333,-0.0627356991201166));
#814=CARTESIAN_POINT('',(0.1725,0.049947298680175,-0.049947298680175));
#815=CARTESIAN_POINT('',(0.1725,0.0627356991201167,-0.0371588982402333));
#816=CARTESIAN_POINT('',(0.1725,0.07065,-0.0194963982402333));
#817=CARTESIAN_POINT('',(0.1725,0.07065,0.));
#818=CARTESIAN_POINT('',(0.182083333333333,0.049947298680175,-0.049947298680175));
#819=CARTESIAN_POINT('',(0.182083333333333,0.0627356991201167,-0.0371588982402333));
#820=CARTESIAN_POINT('',(0.182083333333333,0.07065,-0.0194963982402333));
#821=CARTESIAN_POINT('',(0.182083333333333,0.07065,0.));
#822=CARTESIAN_POINT('',(0.219835340020443,0.057134798680175,-0.057134798680175));
#823=CARTESIAN_POINT('',(0.219835340020443,0.0718006019714185,-0.0424689953889314));
#824=CARTESIAN_POINT('',(0.219835340020443,0.0808146599795566,-0.0221514468145823));
#825=CARTESIAN_POINT('',(0.219835340020443,0.0808146599795566,-5.78241158658936E-19));
#826=CARTESIAN_POINT('',(0.23,0.049947298680175,-0.049947298680175));
#827=CARTESIAN_POINT('',(0.23,0.0627356991201167,-0.0371588982402333));
#828=CARTESIAN_POINT('',(0.23,0.07065,-0.0194963982402333));
#829=CARTESIAN_POINT('',(0.23,0.07065,0.));
#830=B_SPLINE_SURFACE_WITH_KNOTS('Surf_DNLSBRISCJ, Nose, 0, 5',3,3,((#831, #832, #833, #840, #841, #842, #843),(#834, #835, #836, #844, #845, #846, #847),(#837, #838, #839, #848, #849, #850, #851),(#852, #853, #854, #861, #862, #863, #864),(#855, #856, #857, #865, #866, #867, #868),(#858, #859, #860, #869, #870, #871, #872),(#873, #874, #875, #882, #883, #884, #885),(#876, #877, #878, #886, #887, #888, #889),(#879, #880, #881, #890, #891, #892, #893),(#894, #895, #896, #903, #904, #905, #906),(#897, #898, #899, #907, #908, #909, #910),(#900, #901, #902, #911, #912, #913, #914),(#915, #916, #917, #924, #925, #926, #927),(#918, #919, #920, #928, #929, #930, #931),(#921, #922, #923, #932, #933, #934, #935),(#936, #937, #938, #945, #946, #947, #948),(#939, #940, #941, #949, #950, #951, #952),(#942, #943, #944, #953, #954, #955, #956),(#957, #958, #959, #969, #970, #971, #972),(#960, #961, #962, #973, #974, #975, #976),(#963, #964, #965, #977, #978, #979, #980),(#966, #967, #968, #981, #982, #983, #984)),.UNSPECIFIED.,.F.,.F.,.F.,(4,3,3,3,3,3,3,4),(4,3,4),(0.,1.,2.,3.,4.,5.,6.,7.),(0.,1.,2.),.PIECEWISE_BEZIER_KNOTS.);
#831=CARTESIAN_POINT('',(0.1158984375,-0.0706310805139401,0.));
#832=CARTESIAN_POINT('',(0.1158984375,-0.0706310805139401,-0.0194911772659272));
#833=CARTESIAN_POINT('',(0.1158984375,-0.0627188990184187,-0.0371489473944122));
#834=CARTESIAN_POINT('',(0.11619798306106,-0.0706310805139401,0.));
#835=CARTESIAN_POINT('',(0.11619798306106,-0.0706310805139401,-0.0194911772659272));
#836=CARTESIAN_POINT('',(0.11619798306106,-0.0627188990184187,-0.0371489473944122));
#837=CARTESIAN_POINT('',(0.11649732943894,-0.07065,0.));
#838=CARTESIAN_POINT('',(0.11649732943894,-0.07065,-0.0194963982402333));
#839=CARTESIAN_POINT('',(0.11649732943894,-0.0627356991201166,-0.0371588982402333));
#840=CARTESIAN_POINT('',(0.1158984375,-0.0499339232064154,-0.0499339232064154));
#841=CARTESIAN_POINT('',(0.1158984375,-0.0371489473944122,-0.0627188990184187));
#842=CARTESIAN_POINT('',(0.1158984375,-0.0194911772659272,-0.0706310805139401));
#843=CARTESIAN_POINT('',(0.1158984375,0.,-0.0706310805139401));
#844=CARTESIAN_POINT('',(0.11619798306106,-0.0499339232064154,-0.0499339232064154));
#845=CARTESIAN_POINT('',(0.11619798306106,-0.0371489473944122,-0.0627188990184187));
#846=CARTESIAN_POINT('',(0.11619798306106,-0.0194911772659272,-0.0706310805139401));
#847=CARTESIAN_POINT('',(0.11619798306106,0.,-0.0706310805139401));
#848=CARTESIAN_POINT('',(0.11649732943894,-0.049947298680175,-0.049947298680175));
#849=CARTESIAN_POINT('',(0.11649732943894,-0.0371588982402333,-0.0627356991201166));
#850=CARTESIAN_POINT('',(0.11649732943894,-0.0194963982402333,-0.07065));
#851=CARTESIAN_POINT('',(0.11649732943894,0.,-0.07065));
#852=CARTESIAN_POINT('',(0.116796875,-0.07065,0.));
#853=CARTESIAN_POINT('',(0.116796875,-0.07065,-0.0194963982402333));
#854=CARTESIAN_POINT('',(0.116796875,-0.0627356991201166,-0.0371588982402333));
#855=CARTESIAN_POINT('',(0.11709642056106,-0.07065,0.));
#856=CARTESIAN_POINT('',(0.11709642056106,-0.07065,-0.0194963982402333));
#857=CARTESIAN_POINT('',(0.11709642056106,-0.0627356991201166,-0.0371588982402333));
#858=CARTESIAN_POINT('',(0.117994791666667,-0.07065,0.));
#859=CARTESIAN_POINT('',(0.117994791666667,-0.07065,-0.0194963982402333));
#860=CARTESIAN_POINT('',(0.117994791666667,-0.0627356991201166,-0.0371588982402333));
#861=CARTESIAN_POINT('',(0.116796875,-0.049947298680175,-0.049947298680175));
#862=CARTESIAN_POINT('',(0.116796875,-0.0371588982402333,-0.0627356991201166));
#863=CARTESIAN_POINT('',(0.116796875,-0.0194963982402333,-0.07065));
#864=CARTESIAN_POINT('',(0.116796875,0.,-0.07065));
#865=CARTESIAN_POINT('',(0.11709642056106,-0.049947298680175,-0.049947298680175));
#866=CARTESIAN_POINT('',(0.11709642056106,-0.0371588982402333,-0.0627356991201166));
#867=CARTESIAN_POINT('',(0.11709642056106,-0.0194963982402333,-0.07065));
#868=CARTESIAN_POINT('',(0.11709642056106,0.,-0.07065));
#869=CARTESIAN_POINT('',(0.117994791666667,-0.049947298680175,-0.049947298680175));
#870=CARTESIAN_POINT('',(0.117994791666667,-0.0371588982402333,-0.0627356991201166));
#871=CARTESIAN_POINT('',(0.117994791666667,-0.0194963982402333,-0.07065));
#872=CARTESIAN_POINT('',(0.117994791666667,0.,-0.07065));
#873=CARTESIAN_POINT('',(0.11859375,-0.07065,0.));
#874=CARTESIAN_POINT('',(0.11859375,-0.07065,-0.0194963982402333));
#875=CARTESIAN_POINT('',(0.11859375,-0.0627356991201166,-0.0371588982402333));
#876=CARTESIAN_POINT('',(0.119192708333333,-0.07065,0.));
#877=CARTESIAN_POINT('',(0.119192708333333,-0.07065,-0.0194963982402333));
#878=CARTESIAN_POINT('',(0.119192708333333,-0.0627356991201166,-0.0371588982402333));
#879=CARTESIAN_POINT('',(0.120989583333333,-0.07065,0.));
#880=CARTESIAN_POINT('',(0.120989583333333,-0.07065,-0.0194963982402333));
#881=CARTESIAN_POINT('',(0.120989583333333,-0.0627356991201166,-0.0371588982402333));
#882=CARTESIAN_POINT('',(0.11859375,-0.049947298680175,-0.049947298680175));
#883=CARTESIAN_POINT('',(0.11859375,-0.0371588982402333,-0.0627356991201166));
#884=CARTESIAN_POINT('',(0.11859375,-0.0194963982402333,-0.07065));
#885=CARTESIAN_POINT('',(0.11859375,0.,-0.07065));
#886=CARTESIAN_POINT('',(0.119192708333333,-0.049947298680175,-0.049947298680175));
#887=CARTESIAN_POINT('',(0.119192708333333,-0.0371588982402333,-0.0627356991201166));
#888=CARTESIAN_POINT('',(0.119192708333333,-0.0194963982402333,-0.07065));
#889=CARTESIAN_POINT('',(0.119192708333333,0.,-0.07065));
#890=CARTESIAN_POINT('',(0.120989583333333,-0.049947298680175,-0.049947298680175));
#891=CARTESIAN_POINT('',(0.120989583333333,-0.0371588982402333,-0.0627356991201166));
#892=CARTESIAN_POINT('',(0.120989583333333,-0.0194963982402333,-0.07065));
#893=CARTESIAN_POINT('',(0.120989583333333,0.,-0.07065));
#894=CARTESIAN_POINT('',(0.1221875,-0.07065,0.));
#895=CARTESIAN_POINT('',(0.1221875,-0.07065,-0.0194963982402333));
#896=CARTESIAN_POINT('',(0.1221875,-0.0627356991201166,-0.0371588982402333));
#897=CARTESIAN_POINT('',(0.123385416666667,-0.07065,0.));
#898=CARTESIAN_POINT('',(0.123385416666667,-0.07065,-0.0194963982402333));
#899=CARTESIAN_POINT('',(0.123385416666667,-0.0627356991201166,-0.0371588982402333));
#900=CARTESIAN_POINT('',(0.126979166666667,-0.07065,0.));
#901=CARTESIAN_POINT('',(0.126979166666667,-0.07065,-0.0194963982402333));
#902=CARTESIAN_POINT('',(0.126979166666667,-0.0627356991201166,-0.0371588982402333));
#903=CARTESIAN_POINT('',(0.1221875,-0.049947298680175,-0.049947298680175));
#904=CARTESIAN_POINT('',(0.1221875,-0.0371588982402333,-0.0627356991201166));
#905=CARTESIAN_POINT('',(0.1221875,-0.0194963982402333,-0.07065));
#906=CARTESIAN_POINT('',(0.1221875,0.,-0.07065));
#907=CARTESIAN_POINT('',(0.123385416666667,-0.049947298680175,-0.049947298680175));
#908=CARTESIAN_POINT('',(0.123385416666667,-0.0371588982402333,-0.0627356991201166));
#909=CARTESIAN_POINT('',(0.123385416666667,-0.0194963982402333,-0.07065));
#910=CARTESIAN_POINT('',(0.123385416666667,0.,-0.07065));
#911=CARTESIAN_POINT('',(0.126979166666667,-0.049947298680175,-0.049947298680175));
#912=CARTESIAN_POINT('',(0.126979166666667,-0.0371588982402333,-0.0627356991201166));
#913=CARTESIAN_POINT('',(0.126979166666667,-0.0194963982402333,-0.07065));
#914=CARTESIAN_POINT('',(0.126979166666667,0.,-0.07065));
#915=CARTESIAN_POINT('',(0.129375,-0.07065,0.));
#916=CARTESIAN_POINT('',(0.129375,-0.07065,-0.0194963982402333));
#917=CARTESIAN_POINT('',(0.129375,-0.0627356991201166,-0.0371588982402333));
#918=CARTESIAN_POINT('',(0.131770833333333,-0.07065,0.));
#919=CARTESIAN_POINT('',(0.131770833333333,-0.07065,-0.0194963982402333));
#920=CARTESIAN_POINT('',(0.131770833333333,-0.0627356991201166,-0.0371588982402333));
#921=CARTESIAN_POINT('',(0.138958333333333,-0.07065,0.));
#922=CARTESIAN_POINT('',(0.138958333333333,-0.07065,-0.0194963982402333));
#923=CARTESIAN_POINT('',(0.138958333333333,-0.0627356991201166,-0.0371588982402333));
#924=CARTESIAN_POINT('',(0.129375,-0.049947298680175,-0.049947298680175));
#925=CARTESIAN_POINT('',(0.129375,-0.0371588982402333,-0.0627356991201166));
#926=CARTESIAN_POINT('',(0.129375,-0.0194963982402333,-0.07065));
#927=CARTESIAN_POINT('',(0.129375,0.,-0.07065));
#928=CARTESIAN_POINT('',(0.131770833333333,-0.049947298680175,-0.049947298680175));
#929=CARTESIAN_POINT('',(0.131770833333333,-0.0371588982402333,-0.0627356991201166));
#930=CARTESIAN_POINT('',(0.131770833333333,-0.0194963982402333,-0.07065));
#931=CARTESIAN_POINT('',(0.131770833333333,0.,-0.07065));
#932=CARTESIAN_POINT('',(0.138958333333333,-0.049947298680175,-0.049947298680175));
#933=CARTESIAN_POINT('',(0.138958333333333,-0.0371588982402333,-0.0627356991201166));
#934=CARTESIAN_POINT('',(0.138958333333333,-0.0194963982402333,-0.07065));
#935=CARTESIAN_POINT('',(0.138958333333333,0.,-0.07065));
#936=CARTESIAN_POINT('',(0.14375,-0.07065,0.));
#937=CARTESIAN_POINT('',(0.14375,-0.07065,-0.0194963982402333));
#938=CARTESIAN_POINT('',(0.14375,-0.0627356991201166,-0.0371588982402333));
#939=CARTESIAN_POINT('',(0.148541666666667,-0.07065,0.));
#940=CARTESIAN_POINT('',(0.148541666666667,-0.07065,-0.0194963982402333));
#941=CARTESIAN_POINT('',(0.148541666666667,-0.0627356991201166,-0.0371588982402333));
#942=CARTESIAN_POINT('',(0.162916666666667,-0.07065,0.));
#943=CARTESIAN_POINT('',(0.162916666666667,-0.07065,-0.0194963982402333));
#944=CARTESIAN_POINT('',(0.162916666666667,-0.0627356991201166,-0.0371588982402333));
#945=CARTESIAN_POINT('',(0.14375,-0.049947298680175,-0.049947298680175));
#946=CARTESIAN_POINT('',(0.14375,-0.0371588982402333,-0.0627356991201166));
#947=CARTESIAN_POINT('',(0.14375,-0.0194963982402333,-0.07065));
#948=CARTESIAN_POINT('',(0.14375,0.,-0.07065));
#949=CARTESIAN_POINT('',(0.148541666666667,-0.049947298680175,-0.049947298680175));
#950=CARTESIAN_POINT('',(0.148541666666667,-0.0371588982402333,-0.0627356991201166));
#951=CARTESIAN_POINT('',(0.148541666666667,-0.0194963982402333,-0.07065));
#952=CARTESIAN_POINT('',(0.148541666666667,0.,-0.07065));
#953=CARTESIAN_POINT('',(0.162916666666667,-0.049947298680175,-0.049947298680175));
#954=CARTESIAN_POINT('',(0.162916666666667,-0.0371588982402333,-0.0627356991201166));
#955=CARTESIAN_POINT('',(0.162916666666667,-0.0194963982402333,-0.07065));
#956=CARTESIAN_POINT('',(0.162916666666667,0.,-0.07065));
#957=CARTESIAN_POINT('',(0.1725,-0.07065,0.));
#958=CARTESIAN_POINT('',(0.1725,-0.07065,-0.0194963982402333));
#959=CARTESIAN_POINT('',(0.1725,-0.0627356991201166,-0.0371588982402333));
#960=CARTESIAN_POINT('',(0.182083333333333,-0.07065,0.));
#961=CARTESIAN_POINT('',(0.182083333333333,-0.07065,-0.0194963982402333));
#962=CARTESIAN_POINT('',(0.182083333333333,-0.0627356991201166,-0.0371588982402333));
#963=CARTESIAN_POINT('',(0.219835340020443,-0.0808146599795566,-1.74355619395975E-18));
#964=CARTESIAN_POINT('',(0.219835340020443,-0.0808146599795566,-0.0221514468145823));
#965=CARTESIAN_POINT('',(0.219835340020443,-0.0718006019714185,-0.0424689953889314));
#966=CARTESIAN_POINT('',(0.23,-0.07065,0.));
#967=CARTESIAN_POINT('',(0.23,-0.07065,-0.0194963982402333));
#968=CARTESIAN_POINT('',(0.23,-0.0627356991201166,-0.0371588982402333));
#969=CARTESIAN_POINT('',(0.1725,-0.049947298680175,-0.049947298680175));
#970=CARTESIAN_POINT('',(0.1725,-0.0371588982402333,-0.0627356991201166));
#971=CARTESIAN_POINT('',(0.1725,-0.0194963982402333,-0.07065));
#972=CARTESIAN_POINT('',(0.1725,0.,-0.07065));
#973=CARTESIAN_POINT('',(0.182083333333333,-0.049947298680175,-0.049947298680175));
#974=CARTESIAN_POINT('',(0.182083333333333,-0.0371588982402333,-0.0627356991201166));
#975=CARTESIAN_POINT('',(0.182083333333333,-0.0194963982402333,-0.07065));
#976=CARTESIAN_POINT('',(0.182083333333333,0.,-0.07065));
#977=CARTESIAN_POINT('',(0.219835340020443,-0.057134798680175,-0.057134798680175));
#978=CARTESIAN_POINT('',(0.219835340020443,-0.0424689953889314,-0.0718006019714185));
#979=CARTESIAN_POINT('',(0.219835340020443,-0.0221514468145823,-0.0808146599795566));
#980=CARTESIAN_POINT('',(0.219835340020443,-1.3416973348114E-18,-0.0808146599795566));
#981=CARTESIAN_POINT('',(0.23,-0.049947298680175,-0.049947298680175));
#982=CARTESIAN_POINT('',(0.23,-0.0371588982402333,-0.0627356991201166));
#983=CARTESIAN_POINT('',(0.23,-0.0194963982402333,-0.07065));
#984=CARTESIAN_POINT('',(0.23,0.,-0.07065));
#985=B_SPLINE_SURFACE_WITH_KNOTS('Surf_DNLSBRISCJ, Nose, 0, 6',3,3,((#986, #987, #988, #995, #996, #997, #998),(#989, #990, #991, #999, #1000, #1001, #1002),(#992, #993, #994, #1003, #1004, #1005, #1006),(#1007, #1008, #1009, #1016, #1017, #1018, #1019),(#1010, #1011, #1012, #1020, #1021, #1022, #1023),(#1013, #1014, #1015, #1024, #1025, #1026, #1027),(#1028, #1029, #1030, #1037, #1038, #1039, #1040),(#1031, #1032, #1033, #1041, #1042, #1043, #1044),(#1034, #1035, #1036, #1045, #1046, #1047, #1048),(#1049, #1050, #1051, #1058, #1059, #1060, #1061),(#1052, #1053, #1054, #1062, #1063, #1064, #1065),(#1055, #1056, #1057, #1066, #1067, #1068, #1069),(#1070, #1071, #1072, #1079, #1080, #1081, #1082),(#1073, #1074, #1075, #1083, #1084, #1085, #1086),(#1076, #1077, #1078, #1087, #1088, #1089, #1090),(#1091, #1092, #1093, #1100, #1101, #1102, #1103),(#1094, #1095, #1096, #1104, #1105, #1106, #1107),(#1097, #1098, #1099, #1108, #1109, #1110, #1111),(#1112, #1113, #1114, #1124, #1125, #1126, #1127),(#1115, #1116, #1117, #1128, #1129, #1130, #1131),(#1118, #1119, #1120, #1132, #1133, #1134, #1135),(#1121, #1122, #1123, #1136, #1137, #1138, #1139)),.UNSPECIFIED.,.F.,.F.,.F.,(4,3,3,3,3,3,3,4),(4,3,4),(0.,1.,2.,3.,4.,5.,6.,7.),(0.,1.,2.),.PIECEWISE_BEZIER_KNOTS.);
#986=CARTESIAN_POINT('',(0.1158984375,0.,0.0706310805139401));
#987=CARTESIAN_POINT('',(0.1158984375,-0.0194911772659272,0.0706310805139401));
#988=CARTESIAN_POINT('',(0.1158984375,-0.0371489473944122,0.0627188990184187));
#989=CARTESIAN_POINT('',(0.11619798306106,0.,0.0706310805139401));
#990=CARTESIAN_POINT('',(0.11619798306106,-0.0194911772659272,0.0706310805139401));
#991=CARTESIAN_POINT('',(0.11619798306106,-0.0371489473944122,0.0627188990184187));
#992=CARTESIAN_POINT('',(0.11649732943894,0.,0.07065));
#993=CARTESIAN_POINT('',(0.11649732943894,-0.0194963982402333,0.07065));
#994=CARTESIAN_POINT('',(0.11649732943894,-0.0371588982402333,0.0627356991201166));
#995=CARTESIAN_POINT('',(0.1158984375,-0.0499339232064154,0.0499339232064154));
#996=CARTESIAN_POINT('',(0.1158984375,-0.0627188990184187,0.0371489473944122));
#997=CARTESIAN_POINT('',(0.1158984375,-0.0706310805139401,0.0194911772659272));
#998=CARTESIAN_POINT('',(0.1158984375,-0.0706310805139401,0.));
#999=CARTESIAN_POINT('',(0.11619798306106,-0.0499339232064154,0.0499339232064154));
#1000=CARTESIAN_POINT('',(0.11619798306106,-0.0627188990184187,0.0371489473944122));
#1001=CARTESIAN_POINT('',(0.11619798306106,-0.0706310805139401,0.0194911772659272));
#1002=CARTESIAN_POINT('',(0.11619798306106,-0.0706310805139401,0.));
#1003=CARTESIAN_POINT('',(0.11649732943894,-0.049947298680175,0.049947298680175));
#1004=CARTESIAN_POINT('',(0.11649732943894,-0.0627356991201166,0.0371588982402333));
#1005=CARTESIAN_POINT('',(0.11649732943894,-0.07065,0.0194963982402333));
#1006=CARTESIAN_POINT('',(0.11649732943894,-0.07065,0.));
#1007=CARTESIAN_POINT('',(0.116796875,0.,0.07065));
#1008=CARTESIAN_POINT('',(0.116796875,-0.0194963982402333,0.07065));
#1009=CARTESIAN_POINT('',(0.116796875,-0.0371588982402333,0.0627356991201166));
#1010=CARTESIAN_POINT('',(0.11709642056106,0.,0.07065));
#1011=CARTESIAN_POINT('',(0.11709642056106,-0.0194963982402333,0.07065));
#1012=CARTESIAN_POINT('',(0.11709642056106,-0.0371588982402333,0.0627356991201166));
#1013=CARTESIAN_POINT('',(0.117994791666667,0.,0.07065));
#1014=CARTESIAN_POINT('',(0.117994791666667,-0.0194963982402333,0.07065));
#1015=CARTESIAN_POINT('',(0.117994791666667,-0.0371588982402333,0.0627356991201166));
#1016=CARTESIAN_POINT('',(0.116796875,-0.049947298680175,0.049947298680175));
#1017=CARTESIAN_POINT('',(0.116796875,-0.0627356991201166,0.0371588982402333));
#1018=CARTESIAN_POINT('',(0.116796875,-0.07065,0.0194963982402333));
#1019=CARTESIAN_POINT('',(0.116796875,-0.07065,0.));
#1020=CARTESIAN_POINT('',(0.11709642056106,-0.049947298680175,0.049947298680175));
#1021=CARTESIAN_POINT('',(0.11709642056106,-0.0627356991201166,0.0371588982402333));
#1022=CARTESIAN_POINT('',(0.11709642056106,-0.07065,0.0194963982402333));
#1023=CARTESIAN_POINT('',(0.11709642056106,-0.07065,0.));
#1024=CARTESIAN_POINT('',(0.117994791666667,-0.049947298680175,0.049947298680175));
#1025=CARTESIAN_POINT('',(0.117994791666667,-0.0627356991201166,0.0371588982402333));
#1026=CARTESIAN_POINT('',(0.117994791666667,-0.07065,0.0194963982402333));
#1027=CARTESIAN_POINT('',(0.117994791666667,-0.07065,0.));
#1028=CARTESIAN_POINT('',(0.11859375,0.,0.07065));
#1029=CARTESIAN_POINT('',(0.11859375,-0.0194963982402333,0.07065));
#1030=CARTESIAN_POINT('',(0.11859375,-0.0371588982402333,0.0627356991201166));
#1031=CARTESIAN_POINT('',(0.119192708333333,0.,0.07065));
#1032=CARTESIAN_POINT('',(0.119192708333333,-0.0194963982402333,0.07065));
#1033=CARTESIAN_POINT('',(0.119192708333333,-0.0371588982402333,0.0627356991201166));
#1034=CARTESIAN_POINT('',(0.120989583333333,0.,0.07065));
#1035=CARTESIAN_POINT('',(0.120989583333333,-0.0194963982402333,0.07065));
#1036=CARTESIAN_POINT('',(0.120989583333333,-0.0371588982402333,0.0627356991201166));
#1037=CARTESIAN_POINT('',(0.11859375,-0.049947298680175,0.049947298680175));
#1038=CARTESIAN_POINT('',(0.11859375,-0.0627356991201166,0.0371588982402333));
#1039=CARTESIAN_POINT('',(0.11859375,-0.07065,0.0194963982402333));
#1040=CARTESIAN_POINT('',(0.11859375,-0.07065,0.));
#1041=CARTESIAN_POINT('',(0.119192708333333,-0.049947298680175,0.049947298680175));
#1042=CARTESIAN_POINT('',(0.119192708333333,-0.0627356991201166,0.0371588982402333));
#1043=CARTESIAN_POINT('',(0.119192708333333,-0.07065,0.0194963982402333));
#1044=CARTESIAN_POINT('',(0.119192708333333,-0.07065,0.));
#1045=CARTESIAN_POINT('',(0.120989583333333,-0.049947298680175,0.049947298680175));
#1046=CARTESIAN_POINT('',(0.120989583333333,-0.0627356991201166,0.0371588982402333));
#1047=CARTESIAN_POINT('',(0.120989583333333,-0.07065,0.0194963982402333));
#1048=CARTESIAN_POINT('',(0.120989583333333,-0.07065,0.));
#1049=CARTESIAN_POINT('',(0.1221875,0.,0.07065));
#1050=CARTESIAN_POINT('',(0.1221875,-0.0194963982402333,0.07065));
#1051=CARTESIAN_POINT('',(0.1221875,-0.0371588982402333,0.0627356991201166));
#1052=CARTESIAN_POINT('',(0.123385416666667,0.,0.07065));
#1053=CARTESIAN_POINT('',(0.123385416666667,-0.0194963982402333,0.07065));
#1054=CARTESIAN_POINT('',(0.123385416666667,-0.0371588982402333,0.0627356991201166));
#1055=CARTESIAN_POINT('',(0.126979166666667,0.,0.07065));
#1056=CARTESIAN_POINT('',(0.126979166666667,-0.0194963982402333,0.07065));
#1057=CARTESIAN_POINT('',(0.126979166666667,-0.0371588982402333,0.0627356991201166));
#1058=CARTESIAN_POINT('',(0.1221875,-0.049947298680175,0.049947298680175));
#1059=CARTESIAN_POINT('',(0.1221875,-0.0627356991201166,0.0371588982402333));
#1060=CARTESIAN_POINT('',(0.1221875,-0.07065,0.0194963982402333));
#1061=CARTESIAN_POINT('',(0.1221875,-0.07065,0.));
#1062=CARTESIAN_POINT('',(0.123385416666667,-0.049947298680175,0.049947298680175));
#1063=CARTESIAN_POINT('',(0.123385416666667,-0.0627356991201166,0.0371588982402333));
#1064=CARTESIAN_POINT('',(0.123385416666667,-0.07065,0.0194963982402333));
#1065=CARTESIAN_POINT('',(0.123385416666667,-0.07065,0.));
#1066=CARTESIAN_POINT('',(0.126979166666667,-0.049947298680175,0.049947298680175));
#1067=CARTESIAN_POINT('',(0.126979166666667,-0.0627356991201166,0.0371588982402333));
#1068=CARTESIAN_POINT('',(0.126979166666667,-0.07065,0.0194963982402333));
#1069=CARTESIAN_POINT('',(0.126979166666667,-0.07065,0.));
#1070=CARTESIAN_POINT('',(0.129375,0.,0.07065));
#1071=CARTESIAN_POINT('',(0.129375,-0.0194963982402333,0.07065));
#1072=CARTESIAN_POINT('',(0.129375,-0.0371588982402333,0.0627356991201166));
#1073=CARTESIAN_POINT('',(0.131770833333333,0.,0.07065));
#1074=CARTESIAN_POINT('',(0.131770833333333,-0.0194963982402333,0.07065));
#1075=CARTESIAN_POINT('',(0.131770833333333,-0.0371588982402333,0.0627356991201166));
#1076=CARTESIAN_POINT('',(0.138958333333333,0.,0.07065));
#1077=CARTESIAN_POINT('',(0.138958333333333,-0.0194963982402333,0.07065));
#1078=CARTESIAN_POINT('',(0.138958333333333,-0.0371588982402333,0.0627356991201166));
#1079=CARTESIAN_POINT('',(0.129375,-0.049947298680175,0.049947298680175));
#1080=CARTESIAN_POINT('',(0.129375,-0.0627356991201166,0.0371588982402333));
#1081=CARTESIAN_POINT('',(0.129375,-0.07065,0.0194963982402333));
#1082=CARTESIAN_POINT('',(0.129375,-0.07065,0.));
#1083=CARTESIAN_POINT('',(0.131770833333333,-0.049947298680175,0.049947298680175));
#1084=CARTESIAN_POINT('',(0.131770833333333,-0.0627356991201166,0.0371588982402333));
#1085=CARTESIAN_POINT('',(0.131770833333333,-0.07065,0.0194963982402333));
#1086=CARTESIAN_POINT('',(0.131770833333333,-0.07065,0.));
#1087=CARTESIAN_POINT('',(0.138958333333333,-0.049947298680175,0.049947298680175));
#1088=CARTESIAN_POINT('',(0.138958333333333,-0.0627356991201166,0.0371588982402333));
#1089=CARTESIAN_POINT('',(0.138958333333333,-0.07065,0.0194963982402333));
#1090=CARTESIAN_POINT('',(0.138958333333333,-0.07065,0.));
#1091=CARTESIAN_POINT('',(0.14375,0.,0.07065));
#1092=CARTESIAN_POINT('',(0.14375,-0.0194963982402333,0.07065));
#1093=CARTESIAN_POINT('',(0.14375,-0.0371588982402333,0.0627356991201166));
#1094=CARTESIAN_POINT('',(0.148541666666667,0.,0.07065));
#1095=CARTESIAN_POINT('',(0.148541666666667,-0.0194963982402333,0.07065));
#1096=CARTESIAN_POINT('',(0.148541666666667,-0.0371588982402333,0.0627356991201166));
#1097=CARTESIAN_POINT('',(0.162916666666667,0.,0.07065));
#1098=CARTESIAN_POINT('',(0.162916666666667,-0.0194963982402333,0.07065));
#1099=CARTESIAN_POINT('',(0.162916666666667,-0.0371588982402333,0.0627356991201166));
#1100=CARTESIAN_POINT('',(0.14375,-0.049947298680175,0.049947298680175));
#1101=CARTESIAN_POINT('',(0.14375,-0.0627356991201166,0.0371588982402333));
#1102=CARTESIAN_POINT('',(0.14375,-0.07065,0.0194963982402333));
#1103=CARTESIAN_POINT('',(0.14375,-0.07065,0.));
#1104=CARTESIAN_POINT('',(0.148541666666667,-0.049947298680175,0.049947298680175));
#1105=CARTESIAN_POINT('',(0.148541666666667,-0.0627356991201166,0.0371588982402333));
#1106=CARTESIAN_POINT('',(0.148541666666667,-0.07065,0.0194963982402333));
#1107=CARTESIAN_POINT('',(0.148541666666667,-0.07065,0.));
#1108=CARTESIAN_POINT('',(0.162916666666667,-0.049947298680175,0.049947298680175));
#1109=CARTESIAN_POINT('',(0.162916666666667,-0.0627356991201166,0.0371588982402333));
#1110=CARTESIAN_POINT('',(0.162916666666667,-0.07065,0.0194963982402333));
#1111=CARTESIAN_POINT('',(0.162916666666667,-0.07065,0.));
#1112=CARTESIAN_POINT('',(0.1725,0.,0.07065));
#1113=CARTESIAN_POINT('',(0.1725,-0.0194963982402333,0.07065));
#1114=CARTESIAN_POINT('',(0.1725,-0.0371588982402333,0.0627356991201166));
#1115=CARTESIAN_POINT('',(0.182083333333333,0.,0.07065));
#1116=CARTESIAN_POINT('',(0.182083333333333,-0.0194963982402333,0.07065));
#1117=CARTESIAN_POINT('',(0.182083333333333,-0.0371588982402333,0.0627356991201166));
#1118=CARTESIAN_POINT('',(0.219835340020443,-4.61416771836466E-18,0.0808146599795566));
#1119=CARTESIAN_POINT('',(0.219835340020443,-0.0221514468145823,0.0808146599795566));
#1120=CARTESIAN_POINT('',(0.219835340020443,-0.0424689953889314,0.0718006019714185));
#1121=CARTESIAN_POINT('',(0.23,0.,0.07065));
#1122=CARTESIAN_POINT('',(0.23,-0.0194963982402333,0.07065));
#1123=CARTESIAN_POINT('',(0.23,-0.0371588982402333,0.0627356991201166));
#1124=CARTESIAN_POINT('',(0.1725,-0.049947298680175,0.049947298680175));
#1125=CARTESIAN_POINT('',(0.1725,-0.0627356991201166,0.0371588982402333));
#1126=CARTESIAN_POINT('',(0.1725,-0.07065,0.0194963982402333));
#1127=CARTESIAN_POINT('',(0.1725,-0.07065,0.));
#1128=CARTESIAN_POINT('',(0.182083333333333,-0.049947298680175,0.049947298680175));
#1129=CARTESIAN_POINT('',(0.182083333333333,-0.0627356991201166,0.0371588982402333));
#1130=CARTESIAN_POINT('',(0.182083333333333,-0.07065,0.0194963982402333));
#1131=CARTESIAN_POINT('',(0.182083333333333,-0.07065,0.));
#1132=CARTESIAN_POINT('',(0.219835340020443,-0.057134798680175,0.057134798680175));
#1133=CARTESIAN_POINT('',(0.219835340020443,-0.0718006019714185,0.0424689953889314));
#1134=CARTESIAN_POINT('',(0.219835340020443,-0.0808146599795566,0.0221514468145823));
#1135=CARTESIAN_POINT('',(0.219835340020443,-0.0808146599795566,-1.74355619395975E-18));
#1136=CARTESIAN_POINT('',(0.23,-0.049947298680175,0.049947298680175));
#1137=CARTESIAN_POINT('',(0.23,-0.0627356991201166,0.0371588982402333));
#1138=CARTESIAN_POINT('',(0.23,-0.07065,0.0194963982402333));
#1139=CARTESIAN_POINT('',(0.23,-0.07065,0.));
#1140=B_SPLINE_SURFACE_WITH_KNOTS('Surf_DNLSBRISCJ, Nose, 0, 7',3,3,((#1141, #1142, #1143, #1150, #1151, #1152, #1153),(#1144, #1145, #1146, #1154, #1155, #1156, #1157),(#1147, #1148, #1149, #1158, #1159, #1160, #1161),(#1162, #1163, #1164, #1171, #1172, #1173, #1174),(#1165, #1166, #1167, #1175, #1176, #1177, #1178),(#1168, #1169, #1170, #1179, #1180, #1181, #1182),(#1183, #1184, #1185, #1192, #1193, #1194, #1195),(#1186, #1187, #1188, #1196, #1197, #1198, #1199),(#1189, #1190, #1191, #1200, #1201, #1202, #1203),(#1204, #1205, #1206, #1213, #1214, #1215, #1216),(#1207, #1208, #1209, #1217, #1218, #1219, #1220),(#1210, #1211, #1212, #1221, #1222, #1223, #1224),(#1225, #1226, #1227, #1234, #1235, #1236, #1237),(#1228, #1229, #1230, #1238, #1239, #1240, #1241),(#1231, #1232, #1233, #1242, #1243, #1244, #1245),(#1246, #1247, #1248, #1255, #1256, #1257, #1258),(#1249, #1250, #1251, #1259, #1260, #1261, #1262),(#1252, #1253, #1254, #1263, #1264, #1265, #1266),(#1267, #1268, #1269, #1279, #1280, #1281, #1282),(#1270, #1271, #1272, #1283, #1284, #1285, #1286),(#1273, #1274, #1275, #1287, #1288, #1289, #1290),(#1276, #1277, #1278, #1291, #1292, #1293, #1294)),.UNSPECIFIED.,.F.,.F.,.F.,(4,3,3,3,3,3,3,4),(4,3,4),(0.,1.,2.,3.,4.,5.,6.,7.),(0.,1.,2.),.PIECEWISE_BEZIER_KNOTS.);
#1141=CARTESIAN_POINT('',(0.1158984375,0.0706310805139401,0.));
#1142=CARTESIAN_POINT('',(0.1158984375,0.0706310805139401,0.0194911772659272));
#1143=CARTESIAN_POINT('',(0.1158984375,0.0627188990184187,0.0371489473944122));
#1144=CARTESIAN_POINT('',(0.11619798306106,0.0706310805139401,0.));
#1145=CARTESIAN_POINT('',(0.11619798306106,0.0706310805139401,0.0194911772659272));
#1146=CARTESIAN_POINT('',(0.11619798306106,0.0627188990184187,0.0371489473944122));
#1147=CARTESIAN_POINT('',(0.11649732943894,0.07065,0.));
#1148=CARTESIAN_POINT('',(0.11649732943894,0.07065,0.0194963982402333));
#1149=CARTESIAN_POINT('',(0.11649732943894,0.0627356991201167,0.0371588982402333));
#1150=CARTESIAN_POINT('',(0.1158984375,0.0499339232064154,0.0499339232064154));
#1151=CARTESIAN_POINT('',(0.1158984375,0.0371489473944122,0.0627188990184187));
#1152=CARTESIAN_POINT('',(0.1158984375,0.0194911772659272,0.0706310805139401));
#1153=CARTESIAN_POINT('',(0.1158984375,0.,0.0706310805139401));
#1154=CARTESIAN_POINT('',(0.11619798306106,0.0499339232064154,0.0499339232064154));
#1155=CARTESIAN_POINT('',(0.11619798306106,0.0371489473944122,0.0627188990184187));
#1156=CARTESIAN_POINT('',(0.11619798306106,0.0194911772659272,0.0706310805139401));
#1157=CARTESIAN_POINT('',(0.11619798306106,0.,0.0706310805139401));
#1158=CARTESIAN_POINT('',(0.11649732943894,0.049947298680175,0.049947298680175));
#1159=CARTESIAN_POINT('',(0.11649732943894,0.0371588982402333,0.0627356991201166));
#1160=CARTESIAN_POINT('',(0.11649732943894,0.0194963982402333,0.07065));
#1161=CARTESIAN_POINT('',(0.11649732943894,0.,0.07065));
#1162=CARTESIAN_POINT('',(0.116796875,0.07065,0.));
#1163=CARTESIAN_POINT('',(0.116796875,0.07065,0.0194963982402333));
#1164=CARTESIAN_POINT('',(0.116796875,0.0627356991201167,0.0371588982402333));
#1165=CARTESIAN_POINT('',(0.11709642056106,0.07065,0.));
#1166=CARTESIAN_POINT('',(0.11709642056106,0.07065,0.0194963982402333));
#1167=CARTESIAN_POINT('',(0.11709642056106,0.0627356991201167,0.0371588982402333));
#1168=CARTESIAN_POINT('',(0.117994791666667,0.07065,0.));
#1169=CARTESIAN_POINT('',(0.117994791666667,0.07065,0.0194963982402333));
#1170=CARTESIAN_POINT('',(0.117994791666667,0.0627356991201167,0.0371588982402333));
#1171=CARTESIAN_POINT('',(0.116796875,0.049947298680175,0.049947298680175));
#1172=CARTESIAN_POINT('',(0.116796875,0.0371588982402333,0.0627356991201166));
#1173=CARTESIAN_POINT('',(0.116796875,0.0194963982402333,0.07065));
#1174=CARTESIAN_POINT('',(0.116796875,0.,0.07065));
#1175=CARTESIAN_POINT('',(0.11709642056106,0.049947298680175,0.049947298680175));
#1176=CARTESIAN_POINT('',(0.11709642056106,0.0371588982402333,0.0627356991201166));
#1177=CARTESIAN_POINT('',(0.11709642056106,0.0194963982402333,0.07065));
#1178=CARTESIAN_POINT('',(0.11709642056106,0.,0.07065));
#1179=CARTESIAN_POINT('',(0.117994791666667,0.049947298680175,0.049947298680175));
#1180=CARTESIAN_POINT('',(0.117994791666667,0.0371588982402333,0.0627356991201166));
#1181=CARTESIAN_POINT('',(0.117994791666667,0.0194963982402333,0.07065));
#1182=CARTESIAN_POINT('',(0.117994791666667,0.,0.07065));
#1183=CARTESIAN_POINT('',(0.11859375,0.07065,0.));
#1184=CARTESIAN_POINT('',(0.11859375,0.07065,0.0194963982402333));
#1185=CARTESIAN_POINT('',(0.11859375,0.0627356991201167,0.0371588982402333));
#1186=CARTESIAN_POINT('',(0.119192708333333,0.07065,0.));
#1187=CARTESIAN_POINT('',(0.119192708333333,0.07065,0.0194963982402333));
#1188=CARTESIAN_POINT('',(0.119192708333333,0.0627356991201167,0.0371588982402333));
#1189=CARTESIAN_POINT('',(0.120989583333333,0.07065,0.));
#1190=CARTESIAN_POINT('',(0.120989583333333,0.07065,0.0194963982402333));
#1191=CARTESIAN_POINT('',(0.120989583333333,0.0627356991201167,0.0371588982402333));
#1192=CARTESIAN_POINT('',(0.11859375,0.049947298680175,0.049947298680175));
#1193=CARTESIAN_POINT('',(0.11859375,0.0371588982402333,0.0627356991201166));
#1194=CARTESIAN_POINT('',(0.11859375,0.0194963982402333,0.07065));
#1195=CARTESIAN_POINT('',(0.11859375,0.,0.07065));
#1196=CARTESIAN_POINT('',(0.119192708333333,0.049947298680175,0.049947298680175));
#1197=CARTESIAN_POINT('',(0.119192708333333,0.0371588982402333,0.0627356991201166));
#1198=CARTESIAN_POINT('',(0.119192708333333,0.0194963982402333,0.07065));
#1199=CARTESIAN_POINT('',(0.119192708333333,0.,0.07065));
#1200=CARTESIAN_POINT('',(0.120989583333333,0.049947298680175,0.049947298680175));
#1201=CARTESIAN_POINT('',(0.120989583333333,0.0371588982402333,0.0627356991201166));
#1202=CARTESIAN_POINT('',(0.120989583333333,0.0194963982402333,0.07065));
#1203=CARTESIAN_POINT('',(0.120989583333333,0.,0.07065));
#1204=CARTESIAN_POINT('',(0.1221875,0.07065,0.));
#1205=CARTESIAN_POINT('',(0.1221875,0.07065,0.0194963982402333));
#1206=CARTESIAN_POINT('',(0.1221875,0.0627356991201167,0.0371588982402333));
#1207=CARTESIAN_POINT('',(0.123385416666667,0.07065,0.));
#1208=CARTESIAN_POINT('',(0.123385416666667,0.07065,0.0194963982402333));
#1209=CARTESIAN_POINT('',(0.123385416666667,0.0627356991201167,0.0371588982402333));
#1210=CARTESIAN_POINT('',(0.126979166666667,0.07065,0.));
#1211=CARTESIAN_POINT('',(0.126979166666667,0.07065,0.0194963982402333));
#1212=CARTESIAN_POINT('',(0.126979166666667,0.0627356991201167,0.0371588982402333));
#1213=CARTESIAN_POINT('',(0.1221875,0.049947298680175,0.049947298680175));
#1214=CARTESIAN_POINT('',(0.1221875,0.0371588982402333,0.0627356991201166));
#1215=CARTESIAN_POINT('',(0.1221875,0.0194963982402333,0.07065));
#1216=CARTESIAN_POINT('',(0.1221875,0.,0.07065));
#1217=CARTESIAN_POINT('',(0.123385416666667,0.049947298680175,0.049947298680175));
#1218=CARTESIAN_POINT('',(0.123385416666667,0.0371588982402333,0.0627356991201166));
#1219=CARTESIAN_POINT('',(0.123385416666667,0.0194963982402333,0.07065));
#1220=CARTESIAN_POINT('',(0.123385416666667,0.,0.07065));
#1221=CARTESIAN_POINT('',(0.126979166666667,0.049947298680175,0.049947298680175));
#1222=CARTESIAN_POINT('',(0.126979166666667,0.0371588982402333,0.0627356991201166));
#1223=CARTESIAN_POINT('',(0.126979166666667,0.0194963982402333,0.07065));
#1224=CARTESIAN_POINT('',(0.126979166666667,0.,0.07065));
#1225=CARTESIAN_POINT('',(0.129375,0.07065,0.));
#1226=CARTESIAN_POINT('',(0.129375,0.07065,0.0194963982402333));
#1227=CARTESIAN_POINT('',(0.129375,0.0627356991201167,0.0371588982402333));
#1228=CARTESIAN_POINT('',(0.131770833333333,0.07065,0.));
#1229=CARTESIAN_POINT('',(0.131770833333333,0.07065,0.0194963982402333));
#1230=CARTESIAN_POINT('',(0.131770833333333,0.0627356991201167,0.0371588982402333));
#1231=CARTESIAN_POINT('',(0.138958333333333,0.07065,0.));
#1232=CARTESIAN_POINT('',(0.138958333333333,0.07065,0.0194963982402333));
#1233=CARTESIAN_POINT('',(0.138958333333333,0.0627356991201167,0.0371588982402333));
#1234=CARTESIAN_POINT('',(0.129375,0.049947298680175,0.049947298680175));
#1235=CARTESIAN_POINT('',(0.129375,0.0371588982402333,0.0627356991201166));
#1236=CARTESIAN_POINT('',(0.129375,0.0194963982402333,0.07065));
#1237=CARTESIAN_POINT('',(0.129375,0.,0.07065));
#1238=CARTESIAN_POINT('',(0.131770833333333,0.049947298680175,0.049947298680175));
#1239=CARTESIAN_POINT('',(0.131770833333333,0.0371588982402333,0.0627356991201166));
#1240=CARTESIAN_POINT('',(0.131770833333333,0.0194963982402333,0.07065));
#1241=CARTESIAN_POINT('',(0.131770833333333,0.,0.07065));
#1242=CARTESIAN_POINT('',(0.138958333333333,0.049947298680175,0.049947298680175));
#1243=CARTESIAN_POINT('',(0.138958333333333,0.0371588982402333,0.0627356991201166));
#1244=CARTESIAN_POINT('',(0.138958333333333,0.0194963982402333,0.07065));
#1245=CARTESIAN_POINT('',(0.138958333333333,0.,0.07065));
#1246=CARTESIAN_POINT('',(0.14375,0.07065,0.));
#1247=CARTESIAN_POINT('',(0.14375,0.07065,0.0194963982402333));
#1248=CARTESIAN_POINT('',(0.14375,0.0627356991201167,0.0371588982402333));
#1249=CARTESIAN_POINT('',(0.148541666666667,0.07065,0.));
#1250=CARTESIAN_POINT('',(0.148541666666667,0.07065,0.0194963982402333));
#1251=CARTESIAN_POINT('',(0.148541666666667,0.0627356991201167,0.0371588982402333));
#1252=CARTESIAN_POINT('',(0.162916666666667,0.07065,0.));
#1253=CARTESIAN_POINT('',(0.162916666666667,0.07065,0.0194963982402333));
#1254=CARTESIAN_POINT('',(0.162916666666667,0.0627356991201167,0.0371588982402333));
#1255=CARTESIAN_POINT('',(0.14375,0.049947298680175,0.049947298680175));
#1256=CARTESIAN_POINT('',(0.14375,0.0371588982402333,0.0627356991201166));
#1257=CARTESIAN_POINT('',(0.14375,0.0194963982402333,0.07065));
#1258=CARTESIAN_POINT('',(0.14375,0.,0.07065));
#1259=CARTESIAN_POINT('',(0.148541666666667,0.049947298680175,0.049947298680175));
#1260=CARTESIAN_POINT('',(0.148541666666667,0.0371588982402333,0.0627356991201166));
#1261=CARTESIAN_POINT('',(0.148541666666667,0.0194963982402333,0.07065));
#1262=CARTESIAN_POINT('',(0.148541666666667,0.,0.07065));
#1263=CARTESIAN_POINT('',(0.162916666666667,0.049947298680175,0.049947298680175));
#1264=CARTESIAN_POINT('',(0.162916666666667,0.0371588982402333,0.0627356991201166));
#1265=CARTESIAN_POINT('',(0.162916666666667,0.0194963982402333,0.07065));
#1266=CARTESIAN_POINT('',(0.162916666666667,0.,0.07065));
#1267=CARTESIAN_POINT('',(0.1725,0.07065,0.));
#1268=CARTESIAN_POINT('',(0.1725,0.07065,0.0194963982402333));
#1269=CARTESIAN_POINT('',(0.1725,0.0627356991201167,0.0371588982402333));
#1270=CARTESIAN_POINT('',(0.182083333333333,0.07065,0.));
#1271=CARTESIAN_POINT('',(0.182083333333333,0.07065,0.0194963982402333));
#1272=CARTESIAN_POINT('',(0.182083333333333,0.0627356991201167,0.0371588982402333));
#1273=CARTESIAN_POINT('',(0.219835340020443,0.0808146599795566,0.));
#1274=CARTESIAN_POINT('',(0.219835340020443,0.0808146599795566,0.0221514468145823));
#1275=CARTESIAN_POINT('',(0.219835340020443,0.0718006019714185,0.0424689953889314));
#1276=CARTESIAN_POINT('',(0.23,0.07065,0.));
#1277=CARTESIAN_POINT('',(0.23,0.07065,0.0194963982402333));
#1278=CARTESIAN_POINT('',(0.23,0.0627356991201167,0.0371588982402333));
#1279=CARTESIAN_POINT('',(0.1725,0.049947298680175,0.049947298680175));
#1280=CARTESIAN_POINT('',(0.1725,0.0371588982402333,0.0627356991201166));
#1281=CARTESIAN_POINT('',(0.1725,0.0194963982402333,0.07065));
#1282=CARTESIAN_POINT('',(0.1725,0.,0.07065));
#1283=CARTESIAN_POINT('',(0.182083333333333,0.049947298680175,0.049947298680175));
#1284=CARTESIAN_POINT('',(0.182083333333333,0.0371588982402333,0.0627356991201166));
#1285=CARTESIAN_POINT('',(0.182083333333333,0.0194963982402333,0.07065));
#1286=CARTESIAN_POINT('',(0.182083333333333,0.,0.07065));
#1287=CARTESIAN_POINT('',(0.219835340020443,0.057134798680175,0.057134798680175));
#1288=CARTESIAN_POINT('',(0.219835340020443,0.0424689953889314,0.0718006019714185));
#1289=CARTESIAN_POINT('',(0.219835340020443,0.0221514468145823,0.0808146599795566));
#1290=CARTESIAN_POINT('',(0.219835340020443,-4.61416771836466E-18,0.0808146599795566));
#1291=CARTESIAN_POINT('',(0.23,0.049947298680175,0.049947298680175));
#1292=CARTESIAN_POINT('',(0.23,0.0371588982402333,0.0627356991201166));
#1293=CARTESIAN_POINT('',(0.23,0.0194963982402333,0.07065));
#1294=CARTESIAN_POINT('',(0.23,0.,0.07065));
#1295=GEOMETRIC_SET('DNLSBRISCJ, Nose, 0',(#55,#210,#365,#520,#675,#830,#985,#1140));
#1296=GEOMETRICALLY_BOUNDED_SURFACE_SHAPE_REPRESENTATION('',(#1295),#15);
#1297=SHAPE_REPRESENTATION_RELATIONSHIP('','',#29,#1296);
ENDSEC;
END-ISO-10303-21;
