solid
 facet normal  -4.3530537905e-01 8.8244091065e-01 -1.7834591717e-01
   outer loop
     vertex 0.0000000000e+00 1.5000000000e-02 0.0000000000e+00
     vertex 8.0433487152e-03 1.8967759109e-02 -4.4408920985e-19
     vertex -5.7824115866e-19 1.3820445755e-02 -5.8363372644e-03
   endloop
 endfacet
 facet normal  -4.3532682656e-01 8.8243700054e-01 -1.7831291079e-01
   outer loop
     vertex 8.0433487152e-03 1.8967759109e-02 -4.4408920985e-19
     vertex 8.0433487152e-03 1.7481862069e-02 -7.3534245007e-03
     vertex -5.7824115866e-19 1.3820445755e-02 -5.8363372644e-03
   endloop
 endfacet
 facet normal  -4.3482437914e-01 7.4657968632e-01 -5.0353404183e-01
   outer loop
     vertex -5.7824115866e-19 1.3820445755e-02 -5.8363372644e-03
     vertex 8.0433487152e-03 1.7481862069e-02 -7.3534245007e-03
     vertex -1.1564823173e-18 1.0604522013e-02 -1.0604522013e-02
   endloop
 endfacet
 facet normal  -4.3571793746e-01 7.4697886347e-01 -5.0216775733e-01
   outer loop
     vertex 8.0433487152e-03 1.7481862069e-02 -7.3534245007e-03
     vertex 8.0433487152e-03 1.3410142469e-02 -1.3410142469e-02
     vertex -1.1564823173e-18 1.0604522013e-02 -1.0604522013e-02
   endloop
 endfacet
 facet normal  -4.3582174663e-01 5.0326437355e-01 -7.4617985464e-01
   outer loop
     vertex -1.1564823173e-18 1.0604522013e-02 -1.0604522013e-02
     vertex 8.0433487152e-03 1.3410142469e-02 -1.3410142469e-02
     vertex -7.2280144832e-19 5.8363372644e-03 -1.3820445755e-02
   endloop
 endfacet
 facet normal  -4.3493195979e-01 5.0237979623e-01 -7.4729427316e-01
   outer loop
     vertex 8.0433487152e-03 1.3410142469e-02 -1.3410142469e-02
     vertex 8.0433487152e-03 7.3534245007e-03 -1.7481862069e-02
     vertex -7.2280144832e-19 5.8363372644e-03 -1.3820445755e-02
   endloop
 endfacet
 facet normal  -4.3532925044e-01 1.7834363056e-01 -8.8242959671e-01
   outer loop
     vertex -7.2280144832e-19 5.8363372644e-03 -1.3820445755e-02
     vertex 8.0433487152e-03 7.3534245007e-03 -1.7481862069e-02
     vertex -1.1564823173e-18 1.2839532963e-34 -1.5000000000e-02
   endloop
 endfacet
 facet normal  -4.3530787996e-01 1.7831472534e-01 -8.8244598043e-01
   outer loop
     vertex 8.0433487152e-03 7.3534245007e-03 -1.7481862069e-02
     vertex 8.0433487152e-03 -3.6717331458e-19 -1.8967759109e-02
     vertex -1.1564823173e-18 1.2839532963e-34 -1.5000000000e-02
   endloop
 endfacet
 facet normal  -4.3530787996e-01 -1.7831472534e-01 -8.8244598043e-01
   outer loop
     vertex -1.1564823173e-18 1.2839532963e-34 -1.5000000000e-02
     vertex 8.0433487152e-03 -3.6717331458e-19 -1.8967759109e-02
     vertex 8.0433487152e-03 -7.3534245007e-03 -1.7481862069e-02
   endloop
 endfacet
 facet normal  -4.3532925044e-01 -1.7834363056e-01 -8.8242959671e-01
   outer loop
     vertex -1.1564823173e-18 1.2839532963e-34 -1.5000000000e-02
     vertex 8.0433487152e-03 -7.3534245007e-03 -1.7481862069e-02
     vertex -1.0119220277e-18 -5.8363372644e-03 -1.3820445755e-02
   endloop
 endfacet
 facet normal  -4.3493195979e-01 -5.0237979623e-01 -7.4729427316e-01
   outer loop
     vertex -1.0119220277e-18 -5.8363372644e-03 -1.3820445755e-02
     vertex 8.0433487152e-03 -7.3534245007e-03 -1.7481862069e-02
     vertex 8.0433487152e-03 -1.3410142469e-02 -1.3410142469e-02
   endloop
 endfacet
 facet normal  -4.3582174663e-01 -5.0326437355e-01 -7.4617985464e-01
   outer loop
     vertex -1.0119220277e-18 -5.8363372644e-03 -1.3820445755e-02
     vertex 8.0433487152e-03 -1.3410142469e-02 -1.3410142469e-02
     vertex 0.0000000000e+00 -1.0604522013e-02 -1.0604522013e-02
   endloop
 endfacet
 facet normal  -4.3571793746e-01 -7.4697886347e-01 -5.0216775733e-01
   outer loop
     vertex 0.0000000000e+00 -1.0604522013e-02 -1.0604522013e-02
     vertex 8.0433487152e-03 -1.3410142469e-02 -1.3410142469e-02
     vertex 8.0433487152e-03 -1.7481862069e-02 -7.3534245007e-03
   endloop
 endfacet
 facet normal  -4.3482437914e-01 -7.4657968632e-01 -5.0353404183e-01
   outer loop
     vertex 0.0000000000e+00 -1.0604522013e-02 -1.0604522013e-02
     vertex 8.0433487152e-03 -1.7481862069e-02 -7.3534245007e-03
     vertex -1.4456028966e-19 -1.3820445755e-02 -5.8363372644e-03
   endloop
 endfacet
 facet normal  -4.3532682656e-01 -8.8243700054e-01 -1.7831291079e-01
   outer loop
     vertex -1.4456028966e-19 -1.3820445755e-02 -5.8363372644e-03
     vertex 8.0433487152e-03 -1.7481862069e-02 -7.3534245007e-03
     vertex 8.0433487152e-03 -1.8967759109e-02 -1.3167954857e-19
   endloop
 endfacet
 facet normal  -4.3530537905e-01 -8.8244091065e-01 -1.7834591717e-01
   outer loop
     vertex -1.4456028966e-19 -1.3820445755e-02 -5.8363372644e-03
     vertex 8.0433487152e-03 -1.8967759109e-02 -1.3167954857e-19
     vertex -1.1564823173e-18 -1.5000000000e-02 0.0000000000e+00
   endloop
 endfacet
 facet normal  -4.3530537905e-01 -8.8244091065e-01 1.7834591717e-01
   outer loop
     vertex -1.1564823173e-18 -1.5000000000e-02 0.0000000000e+00
     vertex 8.0433487152e-03 -1.8967759109e-02 -1.3167954857e-19
     vertex -7.2280144832e-19 -1.3820445755e-02 5.8363372644e-03
   endloop
 endfacet
 facet normal  -4.3532682656e-01 -8.8243700054e-01 1.7831291079e-01
   outer loop
     vertex 8.0433487152e-03 -1.8967759109e-02 -1.3167954857e-19
     vertex 8.0433487152e-03 -1.7481862069e-02 7.3534245007e-03
     vertex -7.2280144832e-19 -1.3820445755e-02 5.8363372644e-03
   endloop
 endfacet
 facet normal  -4.3482437914e-01 -7.4657968632e-01 5.0353404183e-01
   outer loop
     vertex -7.2280144832e-19 -1.3820445755e-02 5.8363372644e-03
     vertex 8.0433487152e-03 -1.7481862069e-02 7.3534245007e-03
     vertex -1.1564823173e-18 -1.0604522013e-02 1.0604522013e-02
   endloop
 endfacet
 facet normal  -4.3571793746e-01 -7.4697886347e-01 5.0216775733e-01
   outer loop
     vertex 8.0433487152e-03 -1.7481862069e-02 7.3534245007e-03
     vertex 8.0433487152e-03 -1.3410142469e-02 1.3410142469e-02
     vertex -1.1564823173e-18 -1.0604522013e-02 1.0604522013e-02
   endloop
 endfacet
 facet normal  -4.3582174663e-01 -5.0326437355e-01 7.4617985464e-01
   outer loop
     vertex -1.1564823173e-18 -1.0604522013e-02 1.0604522013e-02
     vertex 8.0433487152e-03 -1.3410142469e-02 1.3410142469e-02
     vertex -1.0119220277e-18 -5.8363372644e-03 1.3820445755e-02
   endloop
 endfacet
 facet normal  -4.3493195979e-01 -5.0237979623e-01 7.4729427316e-01
   outer loop
     vertex 8.0433487152e-03 -1.3410142469e-02 1.3410142469e-02
     vertex 8.0433487152e-03 -7.3534245007e-03 1.7481862069e-02
     vertex -1.0119220277e-18 -5.8363372644e-03 1.3820445755e-02
   endloop
 endfacet
 facet normal  -4.3532925044e-01 -1.7834363056e-01 8.8242959671e-01
   outer loop
     vertex -1.0119220277e-18 -5.8363372644e-03 1.3820445755e-02
     vertex 8.0433487152e-03 -7.3534245007e-03 1.7481862069e-02
     vertex 0.0000000000e+00 0.0000000000e+00 1.5000000000e-02
   endloop
 endfacet
 facet normal  -4.3530787996e-01 -1.7831472534e-01 8.8244598043e-01
   outer loop
     vertex 8.0433487152e-03 -7.3534245007e-03 1.7481862069e-02
     vertex 8.0433487152e-03 -3.0676162550e-19 1.8967759109e-02
     vertex 0.0000000000e+00 0.0000000000e+00 1.5000000000e-02
   endloop
 endfacet
 facet normal  -4.3530787996e-01 1.7831472534e-01 8.8244598043e-01
   outer loop
     vertex 0.0000000000e+00 0.0000000000e+00 1.5000000000e-02
     vertex 8.0433487152e-03 -3.0676162550e-19 1.8967759109e-02
     vertex 8.0433487152e-03 7.3534245007e-03 1.7481862069e-02
   endloop
 endfacet
 facet normal  -4.3532925044e-01 1.7834363056e-01 8.8242959671e-01
   outer loop
     vertex 0.0000000000e+00 0.0000000000e+00 1.5000000000e-02
     vertex 8.0433487152e-03 7.3534245007e-03 1.7481862069e-02
     vertex -5.7824115866e-19 5.8363372644e-03 1.3820445755e-02
   endloop
 endfacet
 facet normal  -4.3493195979e-01 5.0237979623e-01 7.4729427316e-01
   outer loop
     vertex -5.7824115866e-19 5.8363372644e-03 1.3820445755e-02
     vertex 8.0433487152e-03 7.3534245007e-03 1.7481862069e-02
     vertex 8.0433487152e-03 1.3410142469e-02 1.3410142469e-02
   endloop
 endfacet
 facet normal  -4.3582174663e-01 5.0326437355e-01 7.4617985464e-01
   outer loop
     vertex -5.7824115866e-19 5.8363372644e-03 1.3820445755e-02
     vertex 8.0433487152e-03 1.3410142469e-02 1.3410142469e-02
     vertex -1.1564823173e-18 1.0604522013e-02 1.0604522013e-02
   endloop
 endfacet
 facet normal  -4.3571793746e-01 7.4697886347e-01 5.0216775733e-01
   outer loop
     vertex -1.1564823173e-18 1.0604522013e-02 1.0604522013e-02
     vertex 8.0433487152e-03 1.3410142469e-02 1.3410142469e-02
     vertex 8.0433487152e-03 1.7481862069e-02 7.3534245007e-03
   endloop
 endfacet
 facet normal  -4.3482437914e-01 7.4657968632e-01 5.0353404183e-01
   outer loop
     vertex -1.1564823173e-18 1.0604522013e-02 1.0604522013e-02
     vertex 8.0433487152e-03 1.7481862069e-02 7.3534245007e-03
     vertex -1.4456028966e-19 1.3820445755e-02 5.8363372644e-03
   endloop
 endfacet
 facet normal  -4.3532682656e-01 8.8243700054e-01 1.7831291079e-01
   outer loop
     vertex -1.4456028966e-19 1.3820445755e-02 5.8363372644e-03
     vertex 8.0433487152e-03 1.7481862069e-02 7.3534245007e-03
     vertex 8.0433487152e-03 1.8967759109e-02 0.0000000000e+00
   endloop
 endfacet
 facet normal  -4.3530537905e-01 8.8244091065e-01 1.7834591717e-01
   outer loop
     vertex -1.4456028966e-19 1.3820445755e-02 5.8363372644e-03
     vertex 8.0433487152e-03 1.8967759109e-02 0.0000000000e+00
     vertex 0.0000000000e+00 1.5000000000e-02 0.0000000000e+00
   endloop
 endfacet
 facet normal  -5.6701529024e-02 9.7861183591e-01 -1.9774683619e-01
   outer loop
     vertex 8.0433487152e-03 1.8967759109e-02 -4.4408920985e-19
     vertex 1.9111067847e-02 1.9609031342e-02 -4.9960036108e-19
     vertex 8.0433487152e-03 1.7481862069e-02 -7.3534245007e-03
   endloop
 endfacet
 facet normal  -5.6703659876e-02 9.7861233154e-01 -1.9774377239e-01
   outer loop
     vertex 1.9111067847e-02 1.9609031342e-02 -4.9960036108e-19
     vertex 1.9111067847e-02 1.8073415320e-02 -7.5995959712e-03
     vertex 8.0433487152e-03 1.7481862069e-02 -7.3534245007e-03
   endloop
 endfacet
 facet normal  -5.6674930425e-02 8.2856582716e-01 -5.5701581874e-01
   outer loop
     vertex 8.0433487152e-03 1.7481862069e-02 -7.3534245007e-03
     vertex 1.9111067847e-02 1.8073415320e-02 -7.5995959712e-03
     vertex 8.0433487152e-03 1.3410142469e-02 -1.3410142469e-02
   endloop
 endfacet
 facet normal  -5.6763296981e-02 8.2863539019e-01 -5.5690332935e-01
   outer loop
     vertex 1.9111067847e-02 1.8073415320e-02 -7.5995959712e-03
     vertex 1.9111067847e-02 1.3863569154e-02 -1.3863569154e-02
     vertex 8.0433487152e-03 1.3410142469e-02 -1.3410142469e-02
   endloop
 endfacet
 facet normal  -5.6764765430e-02 5.5701297135e-01 -8.2856159164e-01
   outer loop
     vertex 8.0433487152e-03 1.3410142469e-02 -1.3410142469e-02
     vertex 1.9111067847e-02 1.3863569154e-02 -1.3863569154e-02
     vertex 8.0433487152e-03 7.3534245007e-03 -1.7481862069e-02
   endloop
 endfacet
 facet normal  -5.6676426605e-02 5.5690608223e-01 -8.2863948629e-01
   outer loop
     vertex 1.9111067847e-02 1.3863569154e-02 -1.3863569154e-02
     vertex 1.9111067847e-02 7.5995959712e-03 -1.8073415320e-02
     vertex 8.0433487152e-03 7.3534245007e-03 -1.7481862069e-02
   endloop
 endfacet
 facet normal  -5.6703694546e-02 1.9774681183e-01 -9.7861171536e-01
   outer loop
     vertex 8.0433487152e-03 7.3534245007e-03 -1.7481862069e-02
     vertex 1.9111067847e-02 7.5995959712e-03 -1.8073415320e-02
     vertex 8.0433487152e-03 -3.6717331458e-19 -1.8967759109e-02
   endloop
 endfacet
 facet normal  -5.6701564500e-02 1.9774379596e-01 -9.7861244818e-01
   outer loop
     vertex 1.9111067847e-02 7.5995959712e-03 -1.8073415320e-02
     vertex 1.9111067847e-02 -4.1306997890e-19 -1.9609031342e-02
     vertex 8.0433487152e-03 -3.6717331458e-19 -1.8967759109e-02
   endloop
 endfacet
 facet normal  -5.6701564500e-02 -1.9774379596e-01 -9.7861244818e-01
   outer loop
     vertex 8.0433487152e-03 -3.6717331458e-19 -1.8967759109e-02
     vertex 1.9111067847e-02 -4.1306997890e-19 -1.9609031342e-02
     vertex 1.9111067847e-02 -7.5995959712e-03 -1.8073415320e-02
   endloop
 endfacet
 facet normal  -5.6703694546e-02 -1.9774681183e-01 -9.7861171536e-01
   outer loop
     vertex 8.0433487152e-03 -3.6717331458e-19 -1.8967759109e-02
     vertex 1.9111067847e-02 -7.5995959712e-03 -1.8073415320e-02
     vertex 8.0433487152e-03 -7.3534245007e-03 -1.7481862069e-02
   endloop
 endfacet
 facet normal  -5.6676426605e-02 -5.5690608223e-01 -8.2863948629e-01
   outer loop
     vertex 8.0433487152e-03 -7.3534245007e-03 -1.7481862069e-02
     vertex 1.9111067847e-02 -7.5995959712e-03 -1.8073415320e-02
     vertex 1.9111067847e-02 -1.3863569154e-02 -1.3863569154e-02
   endloop
 endfacet
 facet normal  -5.6764765430e-02 -5.5701297135e-01 -8.2856159164e-01
   outer loop
     vertex 8.0433487152e-03 -7.3534245007e-03 -1.7481862069e-02
     vertex 1.9111067847e-02 -1.3863569154e-02 -1.3863569154e-02
     vertex 8.0433487152e-03 -1.3410142469e-02 -1.3410142469e-02
   endloop
 endfacet
 facet normal  -5.6763296981e-02 -8.2863539019e-01 -5.5690332935e-01
   outer loop
     vertex 8.0433487152e-03 -1.3410142469e-02 -1.3410142469e-02
     vertex 1.9111067847e-02 -1.3863569154e-02 -1.3863569154e-02
     vertex 1.9111067847e-02 -1.8073415320e-02 -7.5995959712e-03
   endloop
 endfacet
 facet normal  -5.6674930425e-02 -8.2856582716e-01 -5.5701581874e-01
   outer loop
     vertex 8.0433487152e-03 -1.3410142469e-02 -1.3410142469e-02
     vertex 1.9111067847e-02 -1.8073415320e-02 -7.5995959712e-03
     vertex 8.0433487152e-03 -1.7481862069e-02 -7.3534245007e-03
   endloop
 endfacet
 facet normal  -5.6703659876e-02 -9.7861233154e-01 -1.9774377239e-01
   outer loop
     vertex 8.0433487152e-03 -1.7481862069e-02 -7.3534245007e-03
     vertex 1.9111067847e-02 -1.8073415320e-02 -7.5995959712e-03
     vertex 1.9111067847e-02 -1.9609031342e-02 -1.4813949215e-19
   endloop
 endfacet
 facet normal  -5.6701529024e-02 -9.7861183591e-01 -1.9774683619e-01
   outer loop
     vertex 8.0433487152e-03 -1.7481862069e-02 -7.3534245007e-03
     vertex 1.9111067847e-02 -1.9609031342e-02 -1.4813949215e-19
     vertex 8.0433487152e-03 -1.8967759109e-02 -1.3167954857e-19
   endloop
 endfacet
 facet normal  -5.6701529024e-02 -9.7861183591e-01 1.9774683619e-01
   outer loop
     vertex 8.0433487152e-03 -1.8967759109e-02 -1.3167954857e-19
     vertex 1.9111067847e-02 -1.9609031342e-02 -1.4813949215e-19
     vertex 8.0433487152e-03 -1.7481862069e-02 7.3534245007e-03
   endloop
 endfacet
 facet normal  -5.6703659876e-02 -9.7861233154e-01 1.9774377239e-01
   outer loop
     vertex 1.9111067847e-02 -1.9609031342e-02 -1.4813949215e-19
     vertex 1.9111067847e-02 -1.8073415320e-02 7.5995959712e-03
     vertex 8.0433487152e-03 -1.7481862069e-02 7.3534245007e-03
   endloop
 endfacet
 facet normal  -5.6674930425e-02 -8.2856582716e-01 5.5701581874e-01
   outer loop
     vertex 8.0433487152e-03 -1.7481862069e-02 7.3534245007e-03
     vertex 1.9111067847e-02 -1.8073415320e-02 7.5995959712e-03
     vertex 8.0433487152e-03 -1.3410142469e-02 1.3410142469e-02
   endloop
 endfacet
 facet normal  -5.6763296981e-02 -8.2863539019e-01 5.5690332935e-01
   outer loop
     vertex 1.9111067847e-02 -1.8073415320e-02 7.5995959712e-03
     vertex 1.9111067847e-02 -1.3863569154e-02 1.3863569154e-02
     vertex 8.0433487152e-03 -1.3410142469e-02 1.3410142469e-02
   endloop
 endfacet
 facet normal  -5.6764765430e-02 -5.5701297135e-01 8.2856159164e-01
   outer loop
     vertex 8.0433487152e-03 -1.3410142469e-02 1.3410142469e-02
     vertex 1.9111067847e-02 -1.3863569154e-02 1.3863569154e-02
     vertex 8.0433487152e-03 -7.3534245007e-03 1.7481862069e-02
   endloop
 endfacet
 facet normal  -5.6676426605e-02 -5.5690608223e-01 8.2863948629e-01
   outer loop
     vertex 1.9111067847e-02 -1.3863569154e-02 1.3863569154e-02
     vertex 1.9111067847e-02 -7.5995959712e-03 1.8073415320e-02
     vertex 8.0433487152e-03 -7.3534245007e-03 1.7481862069e-02
   endloop
 endfacet
 facet normal  -5.6703694546e-02 -1.9774681183e-01 9.7861171536e-01
   outer loop
     vertex 8.0433487152e-03 -7.3534245007e-03 1.7481862069e-02
     vertex 1.9111067847e-02 -7.5995959712e-03 1.8073415320e-02
     vertex 8.0433487152e-03 -3.0676162550e-19 1.8967759109e-02
   endloop
 endfacet
 facet normal  -5.6701564500e-02 -1.9774379596e-01 9.7861244818e-01
   outer loop
     vertex 1.9111067847e-02 -7.5995959712e-03 1.8073415320e-02
     vertex 1.9111067847e-02 -3.4510682869e-19 1.9609031342e-02
     vertex 8.0433487152e-03 -3.0676162550e-19 1.8967759109e-02
   endloop
 endfacet
 facet normal  -5.6701564500e-02 1.9774379596e-01 9.7861244818e-01
   outer loop
     vertex 8.0433487152e-03 -3.0676162550e-19 1.8967759109e-02
     vertex 1.9111067847e-02 -3.4510682869e-19 1.9609031342e-02
     vertex 1.9111067847e-02 7.5995959712e-03 1.8073415320e-02
   endloop
 endfacet
 facet normal  -5.6703694546e-02 1.9774681183e-01 9.7861171536e-01
   outer loop
     vertex 8.0433487152e-03 -3.0676162550e-19 1.8967759109e-02
     vertex 1.9111067847e-02 7.5995959712e-03 1.8073415320e-02
     vertex 8.0433487152e-03 7.3534245007e-03 1.7481862069e-02
   endloop
 endfacet
 facet normal  -5.6676426605e-02 5.5690608223e-01 8.2863948629e-01
   outer loop
     vertex 8.0433487152e-03 7.3534245007e-03 1.7481862069e-02
     vertex 1.9111067847e-02 7.5995959712e-03 1.8073415320e-02
     vertex 1.9111067847e-02 1.3863569154e-02 1.3863569154e-02
   endloop
 endfacet
 facet normal  -5.6764765430e-02 5.5701297135e-01 8.2856159164e-01
   outer loop
     vertex 8.0433487152e-03 7.3534245007e-03 1.7481862069e-02
     vertex 1.9111067847e-02 1.3863569154e-02 1.3863569154e-02
     vertex 8.0433487152e-03 1.3410142469e-02 1.3410142469e-02
   endloop
 endfacet
 facet normal  -5.6763296981e-02 8.2863539019e-01 5.5690332935e-01
   outer loop
     vertex 8.0433487152e-03 1.3410142469e-02 1.3410142469e-02
     vertex 1.9111067847e-02 1.3863569154e-02 1.3863569154e-02
     vertex 1.9111067847e-02 1.8073415320e-02 7.5995959712e-03
   endloop
 endfacet
 facet normal  -5.6674930425e-02 8.2856582716e-01 5.5701581874e-01
   outer loop
     vertex 8.0433487152e-03 1.3410142469e-02 1.3410142469e-02
     vertex 1.9111067847e-02 1.8073415320e-02 7.5995959712e-03
     vertex 8.0433487152e-03 1.7481862069e-02 7.3534245007e-03
   endloop
 endfacet
 facet normal  -5.6703659876e-02 9.7861233154e-01 1.9774377239e-01
   outer loop
     vertex 8.0433487152e-03 1.7481862069e-02 7.3534245007e-03
     vertex 1.9111067847e-02 1.8073415320e-02 7.5995959712e-03
     vertex 1.9111067847e-02 1.9609031342e-02 0.0000000000e+00
   endloop
 endfacet
 facet normal  -5.6701529024e-02 9.7861183591e-01 1.9774683619e-01
   outer loop
     vertex 8.0433487152e-03 1.7481862069e-02 7.3534245007e-03
     vertex 1.9111067847e-02 1.9609031342e-02 0.0000000000e+00
     vertex 8.0433487152e-03 1.8967759109e-02 0.0000000000e+00
   endloop
 endfacet
 facet normal  9.7639938712e-02 9.7550586871e-01 -1.9711606349e-01
   outer loop
     vertex 1.9111067847e-02 1.9609031342e-02 -4.9960036108e-19
     vertex 3.1907112621e-02 1.8328254806e-02 -3.3306690739e-19
     vertex 1.9111067847e-02 1.8073415320e-02 -7.5995959712e-03
   endloop
 endfacet
 facet normal  9.7646281753e-02 9.7550309442e-01 -1.9712665074e-01
   outer loop
     vertex 3.1907112621e-02 1.8328254806e-02 -3.3306690739e-19
     vertex 3.1907112621e-02 1.6891229014e-02 -7.1112815111e-03
     vertex 1.9111067847e-02 1.8073415320e-02 -7.5995959712e-03
   endloop
 endfacet
 facet normal  9.7498419158e-02 8.2601932632e-01 -5.5514514391e-01
   outer loop
     vertex 1.9111067847e-02 1.8073415320e-02 -7.5995959712e-03
     vertex 3.1907112621e-02 1.6891229014e-02 -7.1112815111e-03
     vertex 1.9111067847e-02 1.3863569154e-02 -1.3863569154e-02
   endloop
 endfacet
 facet normal  9.7761707123e-02 8.2573763381e-01 -5.5551778436e-01
   outer loop
     vertex 3.1907112621e-02 1.6891229014e-02 -7.1112815111e-03
     vertex 3.1907112621e-02 1.2957898005e-02 -1.2957898005e-02
     vertex 1.9111067847e-02 1.3863569154e-02 -1.3863569154e-02
   endloop
 endfacet
 facet normal  9.7752818888e-02 5.5513122387e-01 -8.2599861421e-01
   outer loop
     vertex 1.9111067847e-02 1.3863569154e-02 -1.3863569154e-02
     vertex 3.1907112621e-02 1.2957898005e-02 -1.2957898005e-02
     vertex 1.9111067847e-02 7.5995959712e-03 -1.8073415320e-02
   endloop
 endfacet
 facet normal  9.7489233110e-02 5.5553270375e-01 -8.2575981041e-01
   outer loop
     vertex 3.1907112621e-02 1.2957898005e-02 -1.2957898005e-02
     vertex 3.1907112621e-02 7.1112815111e-03 -1.6891229014e-02
     vertex 1.9111067847e-02 7.5995959712e-03 -1.8073415320e-02
   endloop
 endfacet
 facet normal  9.7646074967e-02 1.9711594424e-01 -9.7550527860e-01
   outer loop
     vertex 1.9111067847e-02 7.5995959712e-03 -1.8073415320e-02
     vertex 3.1907112621e-02 7.1112815111e-03 -1.6891229014e-02
     vertex 1.9111067847e-02 -4.1306997890e-19 -1.9609031342e-02
   endloop
 endfacet
 facet normal  9.7639724150e-02 1.9712677817e-01 -9.7550372505e-01
   outer loop
     vertex 3.1907112621e-02 7.1112815111e-03 -1.6891229014e-02
     vertex 3.1907112621e-02 -2.7537998593e-19 -1.8328254806e-02
     vertex 1.9111067847e-02 -4.1306997890e-19 -1.9609031342e-02
   endloop
 endfacet
 facet normal  9.7639724150e-02 -1.9712677817e-01 -9.7550372505e-01
   outer loop
     vertex 1.9111067847e-02 -4.1306997890e-19 -1.9609031342e-02
     vertex 3.1907112621e-02 -2.7537998593e-19 -1.8328254806e-02
     vertex 3.1907112621e-02 -7.1112815111e-03 -1.6891229014e-02
   endloop
 endfacet
 facet normal  9.7646074967e-02 -1.9711594424e-01 -9.7550527860e-01
   outer loop
     vertex 1.9111067847e-02 -4.1306997890e-19 -1.9609031342e-02
     vertex 3.1907112621e-02 -7.1112815111e-03 -1.6891229014e-02
     vertex 1.9111067847e-02 -7.5995959712e-03 -1.8073415320e-02
   endloop
 endfacet
 facet normal  9.7489233110e-02 -5.5553270375e-01 -8.2575981041e-01
   outer loop
     vertex 1.9111067847e-02 -7.5995959712e-03 -1.8073415320e-02
     vertex 3.1907112621e-02 -7.1112815111e-03 -1.6891229014e-02
     vertex 3.1907112621e-02 -1.2957898005e-02 -1.2957898005e-02
   endloop
 endfacet
 facet normal  9.7752818888e-02 -5.5513122387e-01 -8.2599861421e-01
   outer loop
     vertex 1.9111067847e-02 -7.5995959712e-03 -1.8073415320e-02
     vertex 3.1907112621e-02 -1.2957898005e-02 -1.2957898005e-02
     vertex 1.9111067847e-02 -1.3863569154e-02 -1.3863569154e-02
   endloop
 endfacet
 facet normal  9.7761707123e-02 -8.2573763381e-01 -5.5551778436e-01
   outer loop
     vertex 1.9111067847e-02 -1.3863569154e-02 -1.3863569154e-02
     vertex 3.1907112621e-02 -1.2957898005e-02 -1.2957898005e-02
     vertex 3.1907112621e-02 -1.6891229014e-02 -7.1112815111e-03
   endloop
 endfacet
 facet normal  9.7498419158e-02 -8.2601932632e-01 -5.5514514391e-01
   outer loop
     vertex 1.9111067847e-02 -1.3863569154e-02 -1.3863569154e-02
     vertex 3.1907112621e-02 -1.6891229014e-02 -7.1112815111e-03
     vertex 1.9111067847e-02 -1.8073415320e-02 -7.5995959712e-03
   endloop
 endfacet
 facet normal  9.7646281753e-02 -9.7550309442e-01 -1.9712665074e-01
   outer loop
     vertex 1.9111067847e-02 -1.8073415320e-02 -7.5995959712e-03
     vertex 3.1907112621e-02 -1.6891229014e-02 -7.1112815111e-03
     vertex 3.1907112621e-02 -1.8328254806e-02 -9.8759661431e-20
   endloop
 endfacet
 facet normal  9.7639938712e-02 -9.7550586871e-01 -1.9711606349e-01
   outer loop
     vertex 1.9111067847e-02 -1.8073415320e-02 -7.5995959712e-03
     vertex 3.1907112621e-02 -1.8328254806e-02 -9.8759661431e-20
     vertex 1.9111067847e-02 -1.9609031342e-02 -1.4813949215e-19
   endloop
 endfacet
 facet normal  9.7639938712e-02 -9.7550586871e-01 1.9711606349e-01
   outer loop
     vertex 1.9111067847e-02 -1.9609031342e-02 -1.4813949215e-19
     vertex 3.1907112621e-02 -1.8328254806e-02 -9.8759661431e-20
     vertex 1.9111067847e-02 -1.8073415320e-02 7.5995959712e-03
   endloop
 endfacet
 facet normal  9.7646281753e-02 -9.7550309442e-01 1.9712665074e-01
   outer loop
     vertex 3.1907112621e-02 -1.8328254806e-02 -9.8759661431e-20
     vertex 3.1907112621e-02 -1.6891229014e-02 7.1112815111e-03
     vertex 1.9111067847e-02 -1.8073415320e-02 7.5995959712e-03
   endloop
 endfacet
 facet normal  9.7498419158e-02 -8.2601932632e-01 5.5514514391e-01
   outer loop
     vertex 1.9111067847e-02 -1.8073415320e-02 7.5995959712e-03
     vertex 3.1907112621e-02 -1.6891229014e-02 7.1112815111e-03
     vertex 1.9111067847e-02 -1.3863569154e-02 1.3863569154e-02
   endloop
 endfacet
 facet normal  9.7761707123e-02 -8.2573763381e-01 5.5551778436e-01
   outer loop
     vertex 3.1907112621e-02 -1.6891229014e-02 7.1112815111e-03
     vertex 3.1907112621e-02 -1.2957898005e-02 1.2957898005e-02
     vertex 1.9111067847e-02 -1.3863569154e-02 1.3863569154e-02
   endloop
 endfacet
 facet normal  9.7752818888e-02 -5.5513122387e-01 8.2599861421e-01
   outer loop
     vertex 1.9111067847e-02 -1.3863569154e-02 1.3863569154e-02
     vertex 3.1907112621e-02 -1.2957898005e-02 1.2957898005e-02
     vertex 1.9111067847e-02 -7.5995959712e-03 1.8073415320e-02
   endloop
 endfacet
 facet normal  9.7489233110e-02 -5.5553270375e-01 8.2575981041e-01
   outer loop
     vertex 3.1907112621e-02 -1.2957898005e-02 1.2957898005e-02
     vertex 3.1907112621e-02 -7.1112815111e-03 1.6891229014e-02
     vertex 1.9111067847e-02 -7.5995959712e-03 1.8073415320e-02
   endloop
 endfacet
 facet normal  9.7646074967e-02 -1.9711594424e-01 9.7550527860e-01
   outer loop
     vertex 1.9111067847e-02 -7.5995959712e-03 1.8073415320e-02
     vertex 3.1907112621e-02 -7.1112815111e-03 1.6891229014e-02
     vertex 1.9111067847e-02 -3.4510682869e-19 1.9609031342e-02
   endloop
 endfacet
 facet normal  9.7639724150e-02 -1.9712677817e-01 9.7550372505e-01
   outer loop
     vertex 3.1907112621e-02 -7.1112815111e-03 1.6891229014e-02
     vertex 3.1907112621e-02 -2.3007121913e-19 1.8328254806e-02
     vertex 1.9111067847e-02 -3.4510682869e-19 1.9609031342e-02
   endloop
 endfacet
 facet normal  9.7639724150e-02 1.9712677817e-01 9.7550372505e-01
   outer loop
     vertex 1.9111067847e-02 -3.4510682869e-19 1.9609031342e-02
     vertex 3.1907112621e-02 -2.3007121913e-19 1.8328254806e-02
     vertex 3.1907112621e-02 7.1112815111e-03 1.6891229014e-02
   endloop
 endfacet
 facet normal  9.7646074967e-02 1.9711594424e-01 9.7550527860e-01
   outer loop
     vertex 1.9111067847e-02 -3.4510682869e-19 1.9609031342e-02
     vertex 3.1907112621e-02 7.1112815111e-03 1.6891229014e-02
     vertex 1.9111067847e-02 7.5995959712e-03 1.8073415320e-02
   endloop
 endfacet
 facet normal  9.7489233110e-02 5.5553270375e-01 8.2575981041e-01
   outer loop
     vertex 1.9111067847e-02 7.5995959712e-03 1.8073415320e-02
     vertex 3.1907112621e-02 7.1112815111e-03 1.6891229014e-02
     vertex 3.1907112621e-02 1.2957898005e-02 1.2957898005e-02
   endloop
 endfacet
 facet normal  9.7752818888e-02 5.5513122387e-01 8.2599861421e-01
   outer loop
     vertex 1.9111067847e-02 7.5995959712e-03 1.8073415320e-02
     vertex 3.1907112621e-02 1.2957898005e-02 1.2957898005e-02
     vertex 1.9111067847e-02 1.3863569154e-02 1.3863569154e-02
   endloop
 endfacet
 facet normal  9.7761707123e-02 8.2573763381e-01 5.5551778436e-01
   outer loop
     vertex 1.9111067847e-02 1.3863569154e-02 1.3863569154e-02
     vertex 3.1907112621e-02 1.2957898005e-02 1.2957898005e-02
     vertex 3.1907112621e-02 1.6891229014e-02 7.1112815111e-03
   endloop
 endfacet
 facet normal  9.7498419158e-02 8.2601932632e-01 5.5514514391e-01
   outer loop
     vertex 1.9111067847e-02 1.3863569154e-02 1.3863569154e-02
     vertex 3.1907112621e-02 1.6891229014e-02 7.1112815111e-03
     vertex 1.9111067847e-02 1.8073415320e-02 7.5995959712e-03
   endloop
 endfacet
 facet normal  9.7646281753e-02 9.7550309442e-01 1.9712665074e-01
   outer loop
     vertex 1.9111067847e-02 1.8073415320e-02 7.5995959712e-03
     vertex 3.1907112621e-02 1.6891229014e-02 7.1112815111e-03
     vertex 3.1907112621e-02 1.8328254806e-02 0.0000000000e+00
   endloop
 endfacet
 facet normal  9.7639938712e-02 9.7550586871e-01 1.9711606349e-01
   outer loop
     vertex 1.9111067847e-02 1.8073415320e-02 7.5995959712e-03
     vertex 3.1907112621e-02 1.8328254806e-02 0.0000000000e+00
     vertex 1.9111067847e-02 1.9609031342e-02 0.0000000000e+00
   endloop
 endfacet
 facet normal  1.3208858000e-01 9.7159874715e-01 -1.9633767231e-01
   outer loop
     vertex 3.1907112621e-02 1.8328254806e-02 -3.3306690739e-19
     vertex 4.5135438264e-02 1.6529867607e-02 -1.1102230246e-19
     vertex 3.1907112621e-02 1.6891229014e-02 -7.1112815111e-03
   endloop
 endfacet
 facet normal  1.3209729925e-01 9.7159423770e-01 -1.9635412090e-01
   outer loop
     vertex 4.5135438264e-02 1.6529867607e-02 -1.1102230246e-19
     vertex 4.5135438264e-02 1.5231426659e-02 -6.4249109559e-03
     vertex 3.1907112621e-02 1.6891229014e-02 -7.1112815111e-03
   endloop
 endfacet
 facet normal  1.3190658381e-01 8.2246217946e-01 -5.5331421137e-01
   outer loop
     vertex 3.1907112621e-02 1.6891229014e-02 -7.1112815111e-03
     vertex 4.5135438264e-02 1.5231426659e-02 -6.4249109559e-03
     vertex 3.1907112621e-02 1.2957898005e-02 -1.2957898005e-02
   endloop
 endfacet
 facet normal  1.3226950906e-01 8.2201408979e-01 -5.5389314237e-01
   outer loop
     vertex 4.5135438264e-02 1.5231426659e-02 -6.4249109559e-03
     vertex 4.5135438264e-02 1.1686224961e-02 -1.1686224961e-02
     vertex 3.1907112621e-02 1.2957898005e-02 -1.2957898005e-02
   endloop
 endfacet
 facet normal  1.3225081125e-01 5.5328860883e-01 -8.2242412310e-01
   outer loop
     vertex 3.1907112621e-02 1.2957898005e-02 -1.2957898005e-02
     vertex 4.5135438264e-02 1.1686224961e-02 -1.1686224961e-02
     vertex 3.1907112621e-02 7.1112815111e-03 -1.6891229014e-02
   endloop
 endfacet
 facet normal  1.3188717723e-01 5.5392161006e-01 -8.2205633772e-01
   outer loop
     vertex 4.5135438264e-02 1.1686224961e-02 -1.1686224961e-02
     vertex 4.5135438264e-02 6.4249109559e-03 -1.5231426659e-02
     vertex 3.1907112621e-02 7.1112815111e-03 -1.6891229014e-02
   endloop
 endfacet
 facet normal  1.3209686449e-01 1.9633745364e-01 -9.7159766503e-01
   outer loop
     vertex 3.1907112621e-02 7.1112815111e-03 -1.6891229014e-02
     vertex 4.5135438264e-02 6.4249109559e-03 -1.5231426659e-02
     vertex 3.1907112621e-02 -2.7537998593e-19 -1.8328254806e-02
   endloop
 endfacet
 facet normal  1.3208812977e-01 1.9635436295e-01 -9.7159543542e-01
   outer loop
     vertex 4.5135438264e-02 6.4249109559e-03 -1.5231426659e-02
     vertex 4.5135438264e-02 -9.1793328645e-20 -1.6529867607e-02
     vertex 3.1907112621e-02 -2.7537998593e-19 -1.8328254806e-02
   endloop
 endfacet
 facet normal  1.3208812977e-01 -1.9635436295e-01 -9.7159543542e-01
   outer loop
     vertex 3.1907112621e-02 -2.7537998593e-19 -1.8328254806e-02
     vertex 4.5135438264e-02 -9.1793328645e-20 -1.6529867607e-02
     vertex 4.5135438264e-02 -6.4249109559e-03 -1.5231426659e-02
   endloop
 endfacet
 facet normal  1.3209686449e-01 -1.9633745364e-01 -9.7159766503e-01
   outer loop
     vertex 3.1907112621e-02 -2.7537998593e-19 -1.8328254806e-02
     vertex 4.5135438264e-02 -6.4249109559e-03 -1.5231426659e-02
     vertex 3.1907112621e-02 -7.1112815111e-03 -1.6891229014e-02
   endloop
 endfacet
 facet normal  1.3188717723e-01 -5.5392161006e-01 -8.2205633772e-01
   outer loop
     vertex 3.1907112621e-02 -7.1112815111e-03 -1.6891229014e-02
     vertex 4.5135438264e-02 -6.4249109559e-03 -1.5231426659e-02
     vertex 4.5135438264e-02 -1.1686224961e-02 -1.1686224961e-02
   endloop
 endfacet
 facet normal  1.3225081125e-01 -5.5328860883e-01 -8.2242412310e-01
   outer loop
     vertex 3.1907112621e-02 -7.1112815111e-03 -1.6891229014e-02
     vertex 4.5135438264e-02 -1.1686224961e-02 -1.1686224961e-02
     vertex 3.1907112621e-02 -1.2957898005e-02 -1.2957898005e-02
   endloop
 endfacet
 facet normal  1.3226950906e-01 -8.2201408979e-01 -5.5389314237e-01
   outer loop
     vertex 3.1907112621e-02 -1.2957898005e-02 -1.2957898005e-02
     vertex 4.5135438264e-02 -1.1686224961e-02 -1.1686224961e-02
     vertex 4.5135438264e-02 -1.5231426659e-02 -6.4249109559e-03
   endloop
 endfacet
 facet normal  1.3190658381e-01 -8.2246217946e-01 -5.5331421137e-01
   outer loop
     vertex 3.1907112621e-02 -1.2957898005e-02 -1.2957898005e-02
     vertex 4.5135438264e-02 -1.5231426659e-02 -6.4249109559e-03
     vertex 3.1907112621e-02 -1.6891229014e-02 -7.1112815111e-03
   endloop
 endfacet
 facet normal  1.3209729925e-01 -9.7159423770e-01 -1.9635412090e-01
   outer loop
     vertex 3.1907112621e-02 -1.6891229014e-02 -7.1112815111e-03
     vertex 4.5135438264e-02 -1.5231426659e-02 -6.4249109559e-03
     vertex 4.5135438264e-02 -1.6529867607e-02 -3.2919887144e-20
   endloop
 endfacet
 facet normal  1.3208858000e-01 -9.7159874715e-01 -1.9633767231e-01
   outer loop
     vertex 3.1907112621e-02 -1.6891229014e-02 -7.1112815111e-03
     vertex 4.5135438264e-02 -1.6529867607e-02 -3.2919887144e-20
     vertex 3.1907112621e-02 -1.8328254806e-02 -9.8759661431e-20
   endloop
 endfacet
 facet normal  1.3208858000e-01 -9.7159874715e-01 1.9633767231e-01
   outer loop
     vertex 3.1907112621e-02 -1.8328254806e-02 -9.8759661431e-20
     vertex 4.5135438264e-02 -1.6529867607e-02 -3.2919887144e-20
     vertex 3.1907112621e-02 -1.6891229014e-02 7.1112815111e-03
   endloop
 endfacet
 facet normal  1.3209729925e-01 -9.7159423770e-01 1.9635412090e-01
   outer loop
     vertex 4.5135438264e-02 -1.6529867607e-02 -3.2919887144e-20
     vertex 4.5135438264e-02 -1.5231426659e-02 6.4249109559e-03
     vertex 3.1907112621e-02 -1.6891229014e-02 7.1112815111e-03
   endloop
 endfacet
 facet normal  1.3190658381e-01 -8.2246217946e-01 5.5331421137e-01
   outer loop
     vertex 3.1907112621e-02 -1.6891229014e-02 7.1112815111e-03
     vertex 4.5135438264e-02 -1.5231426659e-02 6.4249109559e-03
     vertex 3.1907112621e-02 -1.2957898005e-02 1.2957898005e-02
   endloop
 endfacet
 facet normal  1.3226950906e-01 -8.2201408979e-01 5.5389314237e-01
   outer loop
     vertex 4.5135438264e-02 -1.5231426659e-02 6.4249109559e-03
     vertex 4.5135438264e-02 -1.1686224961e-02 1.1686224961e-02
     vertex 3.1907112621e-02 -1.2957898005e-02 1.2957898005e-02
   endloop
 endfacet
 facet normal  1.3225081125e-01 -5.5328860883e-01 8.2242412310e-01
   outer loop
     vertex 3.1907112621e-02 -1.2957898005e-02 1.2957898005e-02
     vertex 4.5135438264e-02 -1.1686224961e-02 1.1686224961e-02
     vertex 3.1907112621e-02 -7.1112815111e-03 1.6891229014e-02
   endloop
 endfacet
 facet normal  1.3188717723e-01 -5.5392161006e-01 8.2205633772e-01
   outer loop
     vertex 4.5135438264e-02 -1.1686224961e-02 1.1686224961e-02
     vertex 4.5135438264e-02 -6.4249109559e-03 1.5231426659e-02
     vertex 3.1907112621e-02 -7.1112815111e-03 1.6891229014e-02
   endloop
 endfacet
 facet normal  1.3209686449e-01 -1.9633745364e-01 9.7159766503e-01
   outer loop
     vertex 3.1907112621e-02 -7.1112815111e-03 1.6891229014e-02
     vertex 4.5135438264e-02 -6.4249109559e-03 1.5231426659e-02
     vertex 3.1907112621e-02 -2.3007121913e-19 1.8328254806e-02
   endloop
 endfacet
 facet normal  1.3208812977e-01 -1.9635436295e-01 9.7159543542e-01
   outer loop
     vertex 4.5135438264e-02 -6.4249109559e-03 1.5231426659e-02
     vertex 4.5135438264e-02 -7.6690406376e-20 1.6529867607e-02
     vertex 3.1907112621e-02 -2.3007121913e-19 1.8328254806e-02
   endloop
 endfacet
 facet normal  1.3208812977e-01 1.9635436295e-01 9.7159543542e-01
   outer loop
     vertex 3.1907112621e-02 -2.3007121913e-19 1.8328254806e-02
     vertex 4.5135438264e-02 -7.6690406376e-20 1.6529867607e-02
     vertex 4.5135438264e-02 6.4249109559e-03 1.5231426659e-02
   endloop
 endfacet
 facet normal  1.3209686449e-01 1.9633745364e-01 9.7159766503e-01
   outer loop
     vertex 3.1907112621e-02 -2.3007121913e-19 1.8328254806e-02
     vertex 4.5135438264e-02 6.4249109559e-03 1.5231426659e-02
     vertex 3.1907112621e-02 7.1112815111e-03 1.6891229014e-02
   endloop
 endfacet
 facet normal  1.3188717723e-01 5.5392161006e-01 8.2205633772e-01
   outer loop
     vertex 3.1907112621e-02 7.1112815111e-03 1.6891229014e-02
     vertex 4.5135438264e-02 6.4249109559e-03 1.5231426659e-02
     vertex 4.5135438264e-02 1.1686224961e-02 1.1686224961e-02
   endloop
 endfacet
 facet normal  1.3225081125e-01 5.5328860883e-01 8.2242412310e-01
   outer loop
     vertex 3.1907112621e-02 7.1112815111e-03 1.6891229014e-02
     vertex 4.5135438264e-02 1.1686224961e-02 1.1686224961e-02
     vertex 3.1907112621e-02 1.2957898005e-02 1.2957898005e-02
   endloop
 endfacet
 facet normal  1.3226950906e-01 8.2201408979e-01 5.5389314237e-01
   outer loop
     vertex 3.1907112621e-02 1.2957898005e-02 1.2957898005e-02
     vertex 4.5135438264e-02 1.1686224961e-02 1.1686224961e-02
     vertex 4.5135438264e-02 1.5231426659e-02 6.4249109559e-03
   endloop
 endfacet
 facet normal  1.3190658381e-01 8.2246217946e-01 5.5331421137e-01
   outer loop
     vertex 3.1907112621e-02 1.2957898005e-02 1.2957898005e-02
     vertex 4.5135438264e-02 1.5231426659e-02 6.4249109559e-03
     vertex 3.1907112621e-02 1.6891229014e-02 7.1112815111e-03
   endloop
 endfacet
 facet normal  1.3209729925e-01 9.7159423770e-01 1.9635412090e-01
   outer loop
     vertex 3.1907112621e-02 1.6891229014e-02 7.1112815111e-03
     vertex 4.5135438264e-02 1.5231426659e-02 6.4249109559e-03
     vertex 4.5135438264e-02 1.6529867607e-02 0.0000000000e+00
   endloop
 endfacet
 facet normal  1.3208858000e-01 9.7159874715e-01 1.9633767231e-01
   outer loop
     vertex 3.1907112621e-02 1.6891229014e-02 7.1112815111e-03
     vertex 4.5135438264e-02 1.6529867607e-02 0.0000000000e+00
     vertex 3.1907112621e-02 1.8328254806e-02 0.0000000000e+00
   endloop
 endfacet
 facet normal  7.2074722794e-02 9.7763460158e-01 -1.9757484689e-01
   outer loop
     vertex 4.5135438264e-02 1.6529867607e-02 -1.1102230246e-19
     vertex 5.7500000000e-02 1.5618307850e-02 0.0000000000e+00
     vertex 4.5135438264e-02 1.5231426659e-02 -6.4249109559e-03
   endloop
 endfacet
 facet normal  7.2079856393e-02 9.7763225502e-01 -1.9758458506e-01
   outer loop
     vertex 5.7500000000e-02 1.5618307850e-02 0.0000000000e+00
     vertex 5.7500000000e-02 1.4390131761e-02 -6.0769141407e-03
     vertex 4.5135438264e-02 1.5231426659e-02 -6.4249109559e-03
   endloop
 endfacet
 facet normal  7.1966530641e-02 8.2715016156e-01 -5.5735395280e-01
   outer loop
     vertex 4.5135438264e-02 1.5231426659e-02 -6.4249109559e-03
     vertex 5.7500000000e-02 1.4390131761e-02 -6.0769141407e-03
     vertex 4.5135438264e-02 1.1686224961e-02 -1.1686224961e-02
   endloop
 endfacet
 facet normal  7.2180777842e-02 8.2689578231e-01 -5.5770359557e-01
   outer loop
     vertex 5.7500000000e-02 1.4390131761e-02 -6.0769141407e-03
     vertex 5.7500000000e-02 1.1041645960e-02 -1.1041645960e-02
     vertex 4.5135438264e-02 1.1686224961e-02 -1.1686224961e-02
   endloop
 endfacet
 facet normal  7.2174723032e-02 5.5734554635e-01 -8.2713768583e-01
   outer loop
     vertex 4.5135438264e-02 1.1686224961e-02 -1.1686224961e-02
     vertex 5.7500000000e-02 1.1041645960e-02 -1.1041645960e-02
     vertex 4.5135438264e-02 6.4249109559e-03 -1.5231426659e-02
   endloop
 endfacet
 facet normal  7.1960212916e-02 5.5771250731e-01 -8.2690899557e-01
   outer loop
     vertex 5.7500000000e-02 1.1041645960e-02 -1.1041645960e-02
     vertex 5.7500000000e-02 6.0769141407e-03 -1.4390131761e-02
     vertex 4.5135438264e-02 6.4249109559e-03 -1.5231426659e-02
   endloop
 endfacet
 facet normal  7.2079715901e-02 1.9757477542e-01 -9.7763424790e-01
   outer loop
     vertex 4.5135438264e-02 6.4249109559e-03 -1.5231426659e-02
     vertex 5.7500000000e-02 6.0769141407e-03 -1.4390131761e-02
     vertex 4.5135438264e-02 -9.1793328645e-20 -1.6529867607e-02
   endloop
 endfacet
 facet normal  7.2074577365e-02 1.9758466063e-01 -9.7763262895e-01
   outer loop
     vertex 5.7500000000e-02 6.0769141407e-03 -1.4390131761e-02
     vertex 5.7500000000e-02 0.0000000000e+00 -1.5618307850e-02
     vertex 4.5135438264e-02 -9.1793328645e-20 -1.6529867607e-02
   endloop
 endfacet
 facet normal  7.2074577365e-02 -1.9758466063e-01 -9.7763262895e-01
   outer loop
     vertex 4.5135438264e-02 -9.1793328645e-20 -1.6529867607e-02
     vertex 5.7500000000e-02 0.0000000000e+00 -1.5618307850e-02
     vertex 5.7500000000e-02 -6.0769141407e-03 -1.4390131761e-02
   endloop
 endfacet
 facet normal  7.2079715901e-02 -1.9757477542e-01 -9.7763424790e-01
   outer loop
     vertex 4.5135438264e-02 -9.1793328645e-20 -1.6529867607e-02
     vertex 5.7500000000e-02 -6.0769141407e-03 -1.4390131761e-02
     vertex 4.5135438264e-02 -6.4249109559e-03 -1.5231426659e-02
   endloop
 endfacet
 facet normal  7.1960212916e-02 -5.5771250731e-01 -8.2690899557e-01
   outer loop
     vertex 4.5135438264e-02 -6.4249109559e-03 -1.5231426659e-02
     vertex 5.7500000000e-02 -6.0769141407e-03 -1.4390131761e-02
     vertex 5.7500000000e-02 -1.1041645960e-02 -1.1041645960e-02
   endloop
 endfacet
 facet normal  7.2174723032e-02 -5.5734554635e-01 -8.2713768583e-01
   outer loop
     vertex 4.5135438264e-02 -6.4249109559e-03 -1.5231426659e-02
     vertex 5.7500000000e-02 -1.1041645960e-02 -1.1041645960e-02
     vertex 4.5135438264e-02 -1.1686224961e-02 -1.1686224961e-02
   endloop
 endfacet
 facet normal  7.2180777842e-02 -8.2689578231e-01 -5.5770359557e-01
   outer loop
     vertex 4.5135438264e-02 -1.1686224961e-02 -1.1686224961e-02
     vertex 5.7500000000e-02 -1.1041645960e-02 -1.1041645960e-02
     vertex 5.7500000000e-02 -1.4390131761e-02 -6.0769141407e-03
   endloop
 endfacet
 facet normal  7.1966530641e-02 -8.2715016156e-01 -5.5735395280e-01
   outer loop
     vertex 4.5135438264e-02 -1.1686224961e-02 -1.1686224961e-02
     vertex 5.7500000000e-02 -1.4390131761e-02 -6.0769141407e-03
     vertex 4.5135438264e-02 -1.5231426659e-02 -6.4249109559e-03
   endloop
 endfacet
 facet normal  7.2079856393e-02 -9.7763225502e-01 -1.9758458506e-01
   outer loop
     vertex 4.5135438264e-02 -1.5231426659e-02 -6.4249109559e-03
     vertex 5.7500000000e-02 -1.4390131761e-02 -6.0769141407e-03
     vertex 5.7500000000e-02 -1.5618307850e-02 0.0000000000e+00
   endloop
 endfacet
 facet normal  7.2074722794e-02 -9.7763460158e-01 -1.9757484689e-01
   outer loop
     vertex 4.5135438264e-02 -1.5231426659e-02 -6.4249109559e-03
     vertex 5.7500000000e-02 -1.5618307850e-02 0.0000000000e+00
     vertex 4.5135438264e-02 -1.6529867607e-02 -3.2919887144e-20
   endloop
 endfacet
 facet normal  7.2074722794e-02 -9.7763460158e-01 1.9757484689e-01
   outer loop
     vertex 4.5135438264e-02 -1.6529867607e-02 -3.2919887144e-20
     vertex 5.7500000000e-02 -1.5618307850e-02 0.0000000000e+00
     vertex 4.5135438264e-02 -1.5231426659e-02 6.4249109559e-03
   endloop
 endfacet
 facet normal  7.2079856393e-02 -9.7763225502e-01 1.9758458506e-01
   outer loop
     vertex 5.7500000000e-02 -1.5618307850e-02 0.0000000000e+00
     vertex 5.7500000000e-02 -1.4390131761e-02 6.0769141407e-03
     vertex 4.5135438264e-02 -1.5231426659e-02 6.4249109559e-03
   endloop
 endfacet
 facet normal  7.1966530641e-02 -8.2715016156e-01 5.5735395280e-01
   outer loop
     vertex 4.5135438264e-02 -1.5231426659e-02 6.4249109559e-03
     vertex 5.7500000000e-02 -1.4390131761e-02 6.0769141407e-03
     vertex 4.5135438264e-02 -1.1686224961e-02 1.1686224961e-02
   endloop
 endfacet
 facet normal  7.2180777842e-02 -8.2689578231e-01 5.5770359557e-01
   outer loop
     vertex 5.7500000000e-02 -1.4390131761e-02 6.0769141407e-03
     vertex 5.7500000000e-02 -1.1041645960e-02 1.1041645960e-02
     vertex 4.5135438264e-02 -1.1686224961e-02 1.1686224961e-02
   endloop
 endfacet
 facet normal  7.2174723032e-02 -5.5734554635e-01 8.2713768583e-01
   outer loop
     vertex 4.5135438264e-02 -1.1686224961e-02 1.1686224961e-02
     vertex 5.7500000000e-02 -1.1041645960e-02 1.1041645960e-02
     vertex 4.5135438264e-02 -6.4249109559e-03 1.5231426659e-02
   endloop
 endfacet
 facet normal  7.1960212916e-02 -5.5771250731e-01 8.2690899557e-01
   outer loop
     vertex 5.7500000000e-02 -1.1041645960e-02 1.1041645960e-02
     vertex 5.7500000000e-02 -6.0769141407e-03 1.4390131761e-02
     vertex 4.5135438264e-02 -6.4249109559e-03 1.5231426659e-02
   endloop
 endfacet
 facet normal  7.2079715901e-02 -1.9757477542e-01 9.7763424790e-01
   outer loop
     vertex 4.5135438264e-02 -6.4249109559e-03 1.5231426659e-02
     vertex 5.7500000000e-02 -6.0769141407e-03 1.4390131761e-02
     vertex 4.5135438264e-02 -7.6690406376e-20 1.6529867607e-02
   endloop
 endfacet
 facet normal  7.2074577365e-02 -1.9758466063e-01 9.7763262895e-01
   outer loop
     vertex 5.7500000000e-02 -6.0769141407e-03 1.4390131761e-02
     vertex 5.7500000000e-02 0.0000000000e+00 1.5618307850e-02
     vertex 4.5135438264e-02 -7.6690406376e-20 1.6529867607e-02
   endloop
 endfacet
 facet normal  7.2074577365e-02 1.9758466063e-01 9.7763262895e-01
   outer loop
     vertex 4.5135438264e-02 -7.6690406376e-20 1.6529867607e-02
     vertex 5.7500000000e-02 0.0000000000e+00 1.5618307850e-02
     vertex 5.7500000000e-02 6.0769141407e-03 1.4390131761e-02
   endloop
 endfacet
 facet normal  7.2079715901e-02 1.9757477542e-01 9.7763424790e-01
   outer loop
     vertex 4.5135438264e-02 -7.6690406376e-20 1.6529867607e-02
     vertex 5.7500000000e-02 6.0769141407e-03 1.4390131761e-02
     vertex 4.5135438264e-02 6.4249109559e-03 1.5231426659e-02
   endloop
 endfacet
 facet normal  7.1960212916e-02 5.5771250731e-01 8.2690899557e-01
   outer loop
     vertex 4.5135438264e-02 6.4249109559e-03 1.5231426659e-02
     vertex 5.7500000000e-02 6.0769141407e-03 1.4390131761e-02
     vertex 5.7500000000e-02 1.1041645960e-02 1.1041645960e-02
   endloop
 endfacet
 facet normal  7.2174723032e-02 5.5734554635e-01 8.2713768583e-01
   outer loop
     vertex 4.5135438264e-02 6.4249109559e-03 1.5231426659e-02
     vertex 5.7500000000e-02 1.1041645960e-02 1.1041645960e-02
     vertex 4.5135438264e-02 1.1686224961e-02 1.1686224961e-02
   endloop
 endfacet
 facet normal  7.2180777842e-02 8.2689578231e-01 5.5770359557e-01
   outer loop
     vertex 4.5135438264e-02 1.1686224961e-02 1.1686224961e-02
     vertex 5.7500000000e-02 1.1041645960e-02 1.1041645960e-02
     vertex 5.7500000000e-02 1.4390131761e-02 6.0769141407e-03
   endloop
 endfacet
 facet normal  7.1966530641e-02 8.2715016156e-01 5.5735395280e-01
   outer loop
     vertex 4.5135438264e-02 1.1686224961e-02 1.1686224961e-02
     vertex 5.7500000000e-02 1.4390131761e-02 6.0769141407e-03
     vertex 4.5135438264e-02 1.5231426659e-02 6.4249109559e-03
   endloop
 endfacet
 facet normal  7.2079856393e-02 9.7763225502e-01 1.9758458506e-01
   outer loop
     vertex 4.5135438264e-02 1.5231426659e-02 6.4249109559e-03
     vertex 5.7500000000e-02 1.4390131761e-02 6.0769141407e-03
     vertex 5.7500000000e-02 1.5618307850e-02 0.0000000000e+00
   endloop
 endfacet
 facet normal  7.2074722794e-02 9.7763460158e-01 1.9757484689e-01
   outer loop
     vertex 4.5135438264e-02 1.5231426659e-02 6.4249109559e-03
     vertex 5.7500000000e-02 1.5618307850e-02 0.0000000000e+00
     vertex 4.5135438264e-02 1.6529867607e-02 0.0000000000e+00
   endloop
 endfacet
 facet normal  -7.9031781410e-02 9.7711592725e-01 -1.9748023252e-01
   outer loop
     vertex 5.7500000000e-02 1.5618307850e-02 0.0000000000e+00
     vertex 7.0387327487e-02 1.6660669785e-02 0.0000000000e+00
     vertex 5.7500000000e-02 1.4390131761e-02 -6.0769141407e-03
   endloop
 endfacet
 facet normal  -7.9031781410e-02 9.7711592725e-01 -1.9748023252e-01
   outer loop
     vertex 7.0387327487e-02 1.6660669785e-02 0.0000000000e+00
     vertex 7.0387327487e-02 1.5350525534e-02 -6.4824858611e-03
     vertex 5.7500000000e-02 1.4390131761e-02 -6.0769141407e-03
   endloop
 endfacet
 facet normal  -7.9131600287e-02 8.2645854734e-01 -5.5740870047e-01
   outer loop
     vertex 5.7500000000e-02 1.4390131761e-02 -6.0769141407e-03
     vertex 7.0387327487e-02 1.5350525534e-02 -6.4824858611e-03
     vertex 5.7500000000e-02 1.1041645960e-02 -1.1041645960e-02
   endloop
 endfacet
 facet normal  -7.9131600287e-02 8.2645854734e-01 -5.5740870047e-01
   outer loop
     vertex 7.0387327487e-02 1.5350525534e-02 -6.4824858611e-03
     vertex 7.0387327487e-02 1.1778562632e-02 -1.1778562632e-02
     vertex 5.7500000000e-02 1.1041645960e-02 -1.1041645960e-02
   endloop
 endfacet
 facet normal  -7.9131600287e-02 5.5740870047e-01 -8.2645854734e-01
   outer loop
     vertex 5.7500000000e-02 1.1041645960e-02 -1.1041645960e-02
     vertex 7.0387327487e-02 1.1778562632e-02 -1.1778562632e-02
     vertex 5.7500000000e-02 6.0769141407e-03 -1.4390131761e-02
   endloop
 endfacet
 facet normal  -7.9131600287e-02 5.5740870047e-01 -8.2645854734e-01
   outer loop
     vertex 7.0387327487e-02 1.1778562632e-02 -1.1778562632e-02
     vertex 7.0387327487e-02 6.4824858611e-03 -1.5350525534e-02
     vertex 5.7500000000e-02 6.0769141407e-03 -1.4390131761e-02
   endloop
 endfacet
 facet normal  -7.9031781410e-02 1.9748023252e-01 -9.7711592725e-01
   outer loop
     vertex 5.7500000000e-02 6.0769141407e-03 -1.4390131761e-02
     vertex 7.0387327487e-02 6.4824858611e-03 -1.5350525534e-02
     vertex 5.7500000000e-02 0.0000000000e+00 -1.5618307850e-02
   endloop
 endfacet
 facet normal  -7.9031781410e-02 1.9748023252e-01 -9.7711592725e-01
   outer loop
     vertex 7.0387327487e-02 6.4824858611e-03 -1.5350525534e-02
     vertex 7.0387327487e-02 0.0000000000e+00 -1.6660669785e-02
     vertex 5.7500000000e-02 0.0000000000e+00 -1.5618307850e-02
   endloop
 endfacet
 facet normal  -7.9031781410e-02 -1.9748023252e-01 -9.7711592725e-01
   outer loop
     vertex 5.7500000000e-02 0.0000000000e+00 -1.5618307850e-02
     vertex 7.0387327487e-02 0.0000000000e+00 -1.6660669785e-02
     vertex 7.0387327487e-02 -6.4824858611e-03 -1.5350525534e-02
   endloop
 endfacet
 facet normal  -7.9031781410e-02 -1.9748023252e-01 -9.7711592725e-01
   outer loop
     vertex 5.7500000000e-02 0.0000000000e+00 -1.5618307850e-02
     vertex 7.0387327487e-02 -6.4824858611e-03 -1.5350525534e-02
     vertex 5.7500000000e-02 -6.0769141407e-03 -1.4390131761e-02
   endloop
 endfacet
 facet normal  -7.9131600287e-02 -5.5740870047e-01 -8.2645854734e-01
   outer loop
     vertex 5.7500000000e-02 -6.0769141407e-03 -1.4390131761e-02
     vertex 7.0387327487e-02 -6.4824858611e-03 -1.5350525534e-02
     vertex 7.0387327487e-02 -1.1778562632e-02 -1.1778562632e-02
   endloop
 endfacet
 facet normal  -7.9131600287e-02 -5.5740870047e-01 -8.2645854734e-01
   outer loop
     vertex 5.7500000000e-02 -6.0769141407e-03 -1.4390131761e-02
     vertex 7.0387327487e-02 -1.1778562632e-02 -1.1778562632e-02
     vertex 5.7500000000e-02 -1.1041645960e-02 -1.1041645960e-02
   endloop
 endfacet
 facet normal  -7.9131600287e-02 -8.2645854734e-01 -5.5740870047e-01
   outer loop
     vertex 5.7500000000e-02 -1.1041645960e-02 -1.1041645960e-02
     vertex 7.0387327487e-02 -1.1778562632e-02 -1.1778562632e-02
     vertex 7.0387327487e-02 -1.5350525534e-02 -6.4824858611e-03
   endloop
 endfacet
 facet normal  -7.9131600287e-02 -8.2645854734e-01 -5.5740870047e-01
   outer loop
     vertex 5.7500000000e-02 -1.1041645960e-02 -1.1041645960e-02
     vertex 7.0387327487e-02 -1.5350525534e-02 -6.4824858611e-03
     vertex 5.7500000000e-02 -1.4390131761e-02 -6.0769141407e-03
   endloop
 endfacet
 facet normal  -7.9031781410e-02 -9.7711592725e-01 -1.9748023252e-01
   outer loop
     vertex 5.7500000000e-02 -1.4390131761e-02 -6.0769141407e-03
     vertex 7.0387327487e-02 -1.5350525534e-02 -6.4824858611e-03
     vertex 7.0387327487e-02 -1.6660669785e-02 0.0000000000e+00
   endloop
 endfacet
 facet normal  -7.9031781410e-02 -9.7711592725e-01 -1.9748023252e-01
   outer loop
     vertex 5.7500000000e-02 -1.4390131761e-02 -6.0769141407e-03
     vertex 7.0387327487e-02 -1.6660669785e-02 0.0000000000e+00
     vertex 5.7500000000e-02 -1.5618307850e-02 0.0000000000e+00
   endloop
 endfacet
 facet normal  -7.9031781410e-02 -9.7711592725e-01 1.9748023252e-01
   outer loop
     vertex 5.7500000000e-02 -1.5618307850e-02 0.0000000000e+00
     vertex 7.0387327487e-02 -1.6660669785e-02 0.0000000000e+00
     vertex 5.7500000000e-02 -1.4390131761e-02 6.0769141407e-03
   endloop
 endfacet
 facet normal  -7.9031781410e-02 -9.7711592725e-01 1.9748023252e-01
   outer loop
     vertex 7.0387327487e-02 -1.6660669785e-02 0.0000000000e+00
     vertex 7.0387327487e-02 -1.5350525534e-02 6.4824858611e-03
     vertex 5.7500000000e-02 -1.4390131761e-02 6.0769141407e-03
   endloop
 endfacet
 facet normal  -7.9131600287e-02 -8.2645854734e-01 5.5740870047e-01
   outer loop
     vertex 5.7500000000e-02 -1.4390131761e-02 6.0769141407e-03
     vertex 7.0387327487e-02 -1.5350525534e-02 6.4824858611e-03
     vertex 5.7500000000e-02 -1.1041645960e-02 1.1041645960e-02
   endloop
 endfacet
 facet normal  -7.9131600287e-02 -8.2645854734e-01 5.5740870047e-01
   outer loop
     vertex 7.0387327487e-02 -1.5350525534e-02 6.4824858611e-03
     vertex 7.0387327487e-02 -1.1778562632e-02 1.1778562632e-02
     vertex 5.7500000000e-02 -1.1041645960e-02 1.1041645960e-02
   endloop
 endfacet
 facet normal  -7.9131600287e-02 -5.5740870047e-01 8.2645854734e-01
   outer loop
     vertex 5.7500000000e-02 -1.1041645960e-02 1.1041645960e-02
     vertex 7.0387327487e-02 -1.1778562632e-02 1.1778562632e-02
     vertex 5.7500000000e-02 -6.0769141407e-03 1.4390131761e-02
   endloop
 endfacet
 facet normal  -7.9131600287e-02 -5.5740870047e-01 8.2645854734e-01
   outer loop
     vertex 7.0387327487e-02 -1.1778562632e-02 1.1778562632e-02
     vertex 7.0387327487e-02 -6.4824858611e-03 1.5350525534e-02
     vertex 5.7500000000e-02 -6.0769141407e-03 1.4390131761e-02
   endloop
 endfacet
 facet normal  -7.9031781410e-02 -1.9748023252e-01 9.7711592725e-01
   outer loop
     vertex 5.7500000000e-02 -6.0769141407e-03 1.4390131761e-02
     vertex 7.0387327487e-02 -6.4824858611e-03 1.5350525534e-02
     vertex 5.7500000000e-02 0.0000000000e+00 1.5618307850e-02
   endloop
 endfacet
 facet normal  -7.9031781410e-02 -1.9748023252e-01 9.7711592725e-01
   outer loop
     vertex 7.0387327487e-02 -6.4824858611e-03 1.5350525534e-02
     vertex 7.0387327487e-02 0.0000000000e+00 1.6660669785e-02
     vertex 5.7500000000e-02 0.0000000000e+00 1.5618307850e-02
   endloop
 endfacet
 facet normal  -7.9031781410e-02 1.9748023252e-01 9.7711592725e-01
   outer loop
     vertex 5.7500000000e-02 0.0000000000e+00 1.5618307850e-02
     vertex 7.0387327487e-02 0.0000000000e+00 1.6660669785e-02
     vertex 7.0387327487e-02 6.4824858611e-03 1.5350525534e-02
   endloop
 endfacet
 facet normal  -7.9031781410e-02 1.9748023252e-01 9.7711592725e-01
   outer loop
     vertex 5.7500000000e-02 0.0000000000e+00 1.5618307850e-02
     vertex 7.0387327487e-02 6.4824858611e-03 1.5350525534e-02
     vertex 5.7500000000e-02 6.0769141407e-03 1.4390131761e-02
   endloop
 endfacet
 facet normal  -7.9131600287e-02 5.5740870047e-01 8.2645854734e-01
   outer loop
     vertex 5.7500000000e-02 6.0769141407e-03 1.4390131761e-02
     vertex 7.0387327487e-02 6.4824858611e-03 1.5350525534e-02
     vertex 7.0387327487e-02 1.1778562632e-02 1.1778562632e-02
   endloop
 endfacet
 facet normal  -7.9131600287e-02 5.5740870047e-01 8.2645854734e-01
   outer loop
     vertex 5.7500000000e-02 6.0769141407e-03 1.4390131761e-02
     vertex 7.0387327487e-02 1.1778562632e-02 1.1778562632e-02
     vertex 5.7500000000e-02 1.1041645960e-02 1.1041645960e-02
   endloop
 endfacet
 facet normal  -7.9131600287e-02 8.2645854734e-01 5.5740870047e-01
   outer loop
     vertex 5.7500000000e-02 1.1041645960e-02 1.1041645960e-02
     vertex 7.0387327487e-02 1.1778562632e-02 1.1778562632e-02
     vertex 7.0387327487e-02 1.5350525534e-02 6.4824858611e-03
   endloop
 endfacet
 facet normal  -7.9131600287e-02 8.2645854734e-01 5.5740870047e-01
   outer loop
     vertex 5.7500000000e-02 1.1041645960e-02 1.1041645960e-02
     vertex 7.0387327487e-02 1.5350525534e-02 6.4824858611e-03
     vertex 5.7500000000e-02 1.4390131761e-02 6.0769141407e-03
   endloop
 endfacet
 facet normal  -7.9031781410e-02 9.7711592725e-01 1.9748023252e-01
   outer loop
     vertex 5.7500000000e-02 1.4390131761e-02 6.0769141407e-03
     vertex 7.0387327487e-02 1.5350525534e-02 6.4824858611e-03
     vertex 7.0387327487e-02 1.6660669785e-02 0.0000000000e+00
   endloop
 endfacet
 facet normal  -7.9031781410e-02 9.7711592725e-01 1.9748023252e-01
   outer loop
     vertex 5.7500000000e-02 1.4390131761e-02 6.0769141407e-03
     vertex 7.0387327487e-02 1.6660669785e-02 0.0000000000e+00
     vertex 5.7500000000e-02 1.5618307850e-02 0.0000000000e+00
   endloop
 endfacet
 facet normal  -1.6825429841e-01 9.6620799963e-01 -1.9527568338e-01
   outer loop
     vertex 7.0387327487e-02 1.6660669785e-02 0.0000000000e+00
     vertex 8.4661184631e-02 1.9146302092e-02 0.0000000000e+00
     vertex 7.0387327487e-02 1.5350525534e-02 -6.4824858611e-03
   endloop
 endfacet
 facet normal  -1.6825429841e-01 9.6620799963e-01 -1.9527568338e-01
   outer loop
     vertex 8.4661184631e-02 1.9146302092e-02 0.0000000000e+00
     vertex 8.4661184631e-02 1.7640695298e-02 -7.4496184251e-03
     vertex 7.0387327487e-02 1.5350525534e-02 -6.4824858611e-03
   endloop
 endfacet
 facet normal  -1.6846208038e-01 8.1720953684e-01 -5.5117066356e-01
   outer loop
     vertex 7.0387327487e-02 1.5350525534e-02 -6.4824858611e-03
     vertex 8.4661184631e-02 1.7640695298e-02 -7.4496184251e-03
     vertex 7.0387327487e-02 1.1778562632e-02 -1.1778562632e-02
   endloop
 endfacet
 facet normal  -1.6846208038e-01 8.1720953684e-01 -5.5117066356e-01
   outer loop
     vertex 8.4661184631e-02 1.7640695298e-02 -7.4496184251e-03
     vertex 8.4661184631e-02 1.3535825467e-02 -1.3535825467e-02
     vertex 7.0387327487e-02 1.1778562632e-02 -1.1778562632e-02
   endloop
 endfacet
 facet normal  -1.6846208038e-01 5.5117066356e-01 -8.1720953684e-01
   outer loop
     vertex 7.0387327487e-02 1.1778562632e-02 -1.1778562632e-02
     vertex 8.4661184631e-02 1.3535825467e-02 -1.3535825467e-02
     vertex 7.0387327487e-02 6.4824858611e-03 -1.5350525534e-02
   endloop
 endfacet
 facet normal  -1.6846208038e-01 5.5117066356e-01 -8.1720953684e-01
   outer loop
     vertex 8.4661184631e-02 1.3535825467e-02 -1.3535825467e-02
     vertex 8.4661184631e-02 7.4496184251e-03 -1.7640695298e-02
     vertex 7.0387327487e-02 6.4824858611e-03 -1.5350525534e-02
   endloop
 endfacet
 facet normal  -1.6825429841e-01 1.9527568338e-01 -9.6620799963e-01
   outer loop
     vertex 7.0387327487e-02 6.4824858611e-03 -1.5350525534e-02
     vertex 8.4661184631e-02 7.4496184251e-03 -1.7640695298e-02
     vertex 7.0387327487e-02 0.0000000000e+00 -1.6660669785e-02
   endloop
 endfacet
 facet normal  -1.6825429841e-01 1.9527568338e-01 -9.6620799963e-01
   outer loop
     vertex 8.4661184631e-02 7.4496184251e-03 -1.7640695298e-02
     vertex 8.4661184631e-02 0.0000000000e+00 -1.9146302092e-02
     vertex 7.0387327487e-02 0.0000000000e+00 -1.6660669785e-02
   endloop
 endfacet
 facet normal  -1.6825429841e-01 -1.9527568338e-01 -9.6620799963e-01
   outer loop
     vertex 7.0387327487e-02 0.0000000000e+00 -1.6660669785e-02
     vertex 8.4661184631e-02 0.0000000000e+00 -1.9146302092e-02
     vertex 8.4661184631e-02 -7.4496184251e-03 -1.7640695298e-02
   endloop
 endfacet
 facet normal  -1.6825429841e-01 -1.9527568338e-01 -9.6620799963e-01
   outer loop
     vertex 7.0387327487e-02 0.0000000000e+00 -1.6660669785e-02
     vertex 8.4661184631e-02 -7.4496184251e-03 -1.7640695298e-02
     vertex 7.0387327487e-02 -6.4824858611e-03 -1.5350525534e-02
   endloop
 endfacet
 facet normal  -1.6846208038e-01 -5.5117066356e-01 -8.1720953684e-01
   outer loop
     vertex 7.0387327487e-02 -6.4824858611e-03 -1.5350525534e-02
     vertex 8.4661184631e-02 -7.4496184251e-03 -1.7640695298e-02
     vertex 8.4661184631e-02 -1.3535825467e-02 -1.3535825467e-02
   endloop
 endfacet
 facet normal  -1.6846208038e-01 -5.5117066356e-01 -8.1720953684e-01
   outer loop
     vertex 7.0387327487e-02 -6.4824858611e-03 -1.5350525534e-02
     vertex 8.4661184631e-02 -1.3535825467e-02 -1.3535825467e-02
     vertex 7.0387327487e-02 -1.1778562632e-02 -1.1778562632e-02
   endloop
 endfacet
 facet normal  -1.6846208038e-01 -8.1720953684e-01 -5.5117066356e-01
   outer loop
     vertex 7.0387327487e-02 -1.1778562632e-02 -1.1778562632e-02
     vertex 8.4661184631e-02 -1.3535825467e-02 -1.3535825467e-02
     vertex 8.4661184631e-02 -1.7640695298e-02 -7.4496184251e-03
   endloop
 endfacet
 facet normal  -1.6846208038e-01 -8.1720953684e-01 -5.5117066356e-01
   outer loop
     vertex 7.0387327487e-02 -1.1778562632e-02 -1.1778562632e-02
     vertex 8.4661184631e-02 -1.7640695298e-02 -7.4496184251e-03
     vertex 7.0387327487e-02 -1.5350525534e-02 -6.4824858611e-03
   endloop
 endfacet
 facet normal  -1.6825429841e-01 -9.6620799963e-01 -1.9527568338e-01
   outer loop
     vertex 7.0387327487e-02 -1.5350525534e-02 -6.4824858611e-03
     vertex 8.4661184631e-02 -1.7640695298e-02 -7.4496184251e-03
     vertex 8.4661184631e-02 -1.9146302092e-02 0.0000000000e+00
   endloop
 endfacet
 facet normal  -1.6825429841e-01 -9.6620799963e-01 -1.9527568338e-01
   outer loop
     vertex 7.0387327487e-02 -1.5350525534e-02 -6.4824858611e-03
     vertex 8.4661184631e-02 -1.9146302092e-02 0.0000000000e+00
     vertex 7.0387327487e-02 -1.6660669785e-02 0.0000000000e+00
   endloop
 endfacet
 facet normal  -1.6825429841e-01 -9.6620799963e-01 1.9527568338e-01
   outer loop
     vertex 7.0387327487e-02 -1.6660669785e-02 0.0000000000e+00
     vertex 8.4661184631e-02 -1.9146302092e-02 0.0000000000e+00
     vertex 7.0387327487e-02 -1.5350525534e-02 6.4824858611e-03
   endloop
 endfacet
 facet normal  -1.6825429841e-01 -9.6620799963e-01 1.9527568338e-01
   outer loop
     vertex 8.4661184631e-02 -1.9146302092e-02 0.0000000000e+00
     vertex 8.4661184631e-02 -1.7640695298e-02 7.4496184251e-03
     vertex 7.0387327487e-02 -1.5350525534e-02 6.4824858611e-03
   endloop
 endfacet
 facet normal  -1.6846208038e-01 -8.1720953684e-01 5.5117066356e-01
   outer loop
     vertex 7.0387327487e-02 -1.5350525534e-02 6.4824858611e-03
     vertex 8.4661184631e-02 -1.7640695298e-02 7.4496184251e-03
     vertex 7.0387327487e-02 -1.1778562632e-02 1.1778562632e-02
   endloop
 endfacet
 facet normal  -1.6846208038e-01 -8.1720953684e-01 5.5117066356e-01
   outer loop
     vertex 8.4661184631e-02 -1.7640695298e-02 7.4496184251e-03
     vertex 8.4661184631e-02 -1.3535825467e-02 1.3535825467e-02
     vertex 7.0387327487e-02 -1.1778562632e-02 1.1778562632e-02
   endloop
 endfacet
 facet normal  -1.6846208038e-01 -5.5117066356e-01 8.1720953684e-01
   outer loop
     vertex 7.0387327487e-02 -1.1778562632e-02 1.1778562632e-02
     vertex 8.4661184631e-02 -1.3535825467e-02 1.3535825467e-02
     vertex 7.0387327487e-02 -6.4824858611e-03 1.5350525534e-02
   endloop
 endfacet
 facet normal  -1.6846208038e-01 -5.5117066356e-01 8.1720953684e-01
   outer loop
     vertex 8.4661184631e-02 -1.3535825467e-02 1.3535825467e-02
     vertex 8.4661184631e-02 -7.4496184251e-03 1.7640695298e-02
     vertex 7.0387327487e-02 -6.4824858611e-03 1.5350525534e-02
   endloop
 endfacet
 facet normal  -1.6825429841e-01 -1.9527568338e-01 9.6620799963e-01
   outer loop
     vertex 7.0387327487e-02 -6.4824858611e-03 1.5350525534e-02
     vertex 8.4661184631e-02 -7.4496184251e-03 1.7640695298e-02
     vertex 7.0387327487e-02 0.0000000000e+00 1.6660669785e-02
   endloop
 endfacet
 facet normal  -1.6825429841e-01 -1.9527568338e-01 9.6620799963e-01
   outer loop
     vertex 8.4661184631e-02 -7.4496184251e-03 1.7640695298e-02
     vertex 8.4661184631e-02 0.0000000000e+00 1.9146302092e-02
     vertex 7.0387327487e-02 0.0000000000e+00 1.6660669785e-02
   endloop
 endfacet
 facet normal  -1.6825429841e-01 1.9527568338e-01 9.6620799963e-01
   outer loop
     vertex 7.0387327487e-02 0.0000000000e+00 1.6660669785e-02
     vertex 8.4661184631e-02 0.0000000000e+00 1.9146302092e-02
     vertex 8.4661184631e-02 7.4496184251e-03 1.7640695298e-02
   endloop
 endfacet
 facet normal  -1.6825429841e-01 1.9527568338e-01 9.6620799963e-01
   outer loop
     vertex 7.0387327487e-02 0.0000000000e+00 1.6660669785e-02
     vertex 8.4661184631e-02 7.4496184251e-03 1.7640695298e-02
     vertex 7.0387327487e-02 6.4824858611e-03 1.5350525534e-02
   endloop
 endfacet
 facet normal  -1.6846208038e-01 5.5117066356e-01 8.1720953684e-01
   outer loop
     vertex 7.0387327487e-02 6.4824858611e-03 1.5350525534e-02
     vertex 8.4661184631e-02 7.4496184251e-03 1.7640695298e-02
     vertex 8.4661184631e-02 1.3535825467e-02 1.3535825467e-02
   endloop
 endfacet
 facet normal  -1.6846208038e-01 5.5117066356e-01 8.1720953684e-01
   outer loop
     vertex 7.0387327487e-02 6.4824858611e-03 1.5350525534e-02
     vertex 8.4661184631e-02 1.3535825467e-02 1.3535825467e-02
     vertex 7.0387327487e-02 1.1778562632e-02 1.1778562632e-02
   endloop
 endfacet
 facet normal  -1.6846208038e-01 8.1720953684e-01 5.5117066356e-01
   outer loop
     vertex 7.0387327487e-02 1.1778562632e-02 1.1778562632e-02
     vertex 8.4661184631e-02 1.3535825467e-02 1.3535825467e-02
     vertex 8.4661184631e-02 1.7640695298e-02 7.4496184251e-03
   endloop
 endfacet
 facet normal  -1.6846208038e-01 8.1720953684e-01 5.5117066356e-01
   outer loop
     vertex 7.0387327487e-02 1.1778562632e-02 1.1778562632e-02
     vertex 8.4661184631e-02 1.7640695298e-02 7.4496184251e-03
     vertex 7.0387327487e-02 1.5350525534e-02 6.4824858611e-03
   endloop
 endfacet
 facet normal  -1.6825429841e-01 9.6620799963e-01 1.9527568338e-01
   outer loop
     vertex 7.0387327487e-02 1.5350525534e-02 6.4824858611e-03
     vertex 8.4661184631e-02 1.7640695298e-02 7.4496184251e-03
     vertex 8.4661184631e-02 1.9146302092e-02 0.0000000000e+00
   endloop
 endfacet
 facet normal  -1.6825429841e-01 9.6620799963e-01 1.9527568338e-01
   outer loop
     vertex 7.0387327487e-02 1.5350525534e-02 6.4824858611e-03
     vertex 8.4661184631e-02 1.9146302092e-02 0.0000000000e+00
     vertex 7.0387327487e-02 1.6660669785e-02 0.0000000000e+00
   endloop
 endfacet
 facet normal  -2.0938355263e-01 9.5845472761e-01 -1.9370870660e-01
   outer loop
     vertex 8.4661184631e-02 1.9146302092e-02 0.0000000000e+00
     vertex 9.8241378032e-02 2.2113024523e-02 0.0000000000e+00
     vertex 8.4661184631e-02 1.7640695298e-02 -7.4496184251e-03
   endloop
 endfacet
 facet normal  -2.0938355263e-01 9.5845472761e-01 -1.9370870660e-01
   outer loop
     vertex 9.8241378032e-02 2.2113024523e-02 0.0000000000e+00
     vertex 9.8241378032e-02 2.0374123727e-02 -8.6039379370e-03
     vertex 8.4661184631e-02 1.7640695298e-02 -7.4496184251e-03
   endloop
 endfacet
 facet normal  -2.0963798558e-01 8.1063588169e-01 -5.4673703214e-01
   outer loop
     vertex 8.4661184631e-02 1.7640695298e-02 -7.4496184251e-03
     vertex 9.8241378032e-02 2.0374123727e-02 -8.6039379370e-03
     vertex 8.4661184631e-02 1.3535825467e-02 -1.3535825467e-02
   endloop
 endfacet
 facet normal  -2.0963798558e-01 8.1063588169e-01 -5.4673703214e-01
   outer loop
     vertex 9.8241378032e-02 2.0374123727e-02 -8.6039379370e-03
     vertex 9.8241378032e-02 1.5633203689e-02 -1.5633203689e-02
     vertex 8.4661184631e-02 1.3535825467e-02 -1.3535825467e-02
   endloop
 endfacet
 facet normal  -2.0963798558e-01 5.4673703214e-01 -8.1063588169e-01
   outer loop
     vertex 8.4661184631e-02 1.3535825467e-02 -1.3535825467e-02
     vertex 9.8241378032e-02 1.5633203689e-02 -1.5633203689e-02
     vertex 8.4661184631e-02 7.4496184251e-03 -1.7640695298e-02
   endloop
 endfacet
 facet normal  -2.0963798558e-01 5.4673703214e-01 -8.1063588169e-01
   outer loop
     vertex 9.8241378032e-02 1.5633203689e-02 -1.5633203689e-02
     vertex 9.8241378032e-02 8.6039379370e-03 -2.0374123727e-02
     vertex 8.4661184631e-02 7.4496184251e-03 -1.7640695298e-02
   endloop
 endfacet
 facet normal  -2.0938355263e-01 1.9370870660e-01 -9.5845472761e-01
   outer loop
     vertex 8.4661184631e-02 7.4496184251e-03 -1.7640695298e-02
     vertex 9.8241378032e-02 8.6039379370e-03 -2.0374123727e-02
     vertex 8.4661184631e-02 0.0000000000e+00 -1.9146302092e-02
   endloop
 endfacet
 facet normal  -2.0938355263e-01 1.9370870660e-01 -9.5845472761e-01
   outer loop
     vertex 9.8241378032e-02 8.6039379370e-03 -2.0374123727e-02
     vertex 9.8241378032e-02 0.0000000000e+00 -2.2113024523e-02
     vertex 8.4661184631e-02 0.0000000000e+00 -1.9146302092e-02
   endloop
 endfacet
 facet normal  -2.0938355263e-01 -1.9370870660e-01 -9.5845472761e-01
   outer loop
     vertex 8.4661184631e-02 0.0000000000e+00 -1.9146302092e-02
     vertex 9.8241378032e-02 0.0000000000e+00 -2.2113024523e-02
     vertex 9.8241378032e-02 -8.6039379370e-03 -2.0374123727e-02
   endloop
 endfacet
 facet normal  -2.0938355263e-01 -1.9370870660e-01 -9.5845472761e-01
   outer loop
     vertex 8.4661184631e-02 0.0000000000e+00 -1.9146302092e-02
     vertex 9.8241378032e-02 -8.6039379370e-03 -2.0374123727e-02
     vertex 8.4661184631e-02 -7.4496184251e-03 -1.7640695298e-02
   endloop
 endfacet
 facet normal  -2.0963798558e-01 -5.4673703214e-01 -8.1063588169e-01
   outer loop
     vertex 8.4661184631e-02 -7.4496184251e-03 -1.7640695298e-02
     vertex 9.8241378032e-02 -8.6039379370e-03 -2.0374123727e-02
     vertex 9.8241378032e-02 -1.5633203689e-02 -1.5633203689e-02
   endloop
 endfacet
 facet normal  -2.0963798558e-01 -5.4673703214e-01 -8.1063588169e-01
   outer loop
     vertex 8.4661184631e-02 -7.4496184251e-03 -1.7640695298e-02
     vertex 9.8241378032e-02 -1.5633203689e-02 -1.5633203689e-02
     vertex 8.4661184631e-02 -1.3535825467e-02 -1.3535825467e-02
   endloop
 endfacet
 facet normal  -2.0963798558e-01 -8.1063588169e-01 -5.4673703214e-01
   outer loop
     vertex 8.4661184631e-02 -1.3535825467e-02 -1.3535825467e-02
     vertex 9.8241378032e-02 -1.5633203689e-02 -1.5633203689e-02
     vertex 9.8241378032e-02 -2.0374123727e-02 -8.6039379370e-03
   endloop
 endfacet
 facet normal  -2.0963798558e-01 -8.1063588169e-01 -5.4673703214e-01
   outer loop
     vertex 8.4661184631e-02 -1.3535825467e-02 -1.3535825467e-02
     vertex 9.8241378032e-02 -2.0374123727e-02 -8.6039379370e-03
     vertex 8.4661184631e-02 -1.7640695298e-02 -7.4496184251e-03
   endloop
 endfacet
 facet normal  -2.0938355263e-01 -9.5845472761e-01 -1.9370870660e-01
   outer loop
     vertex 8.4661184631e-02 -1.7640695298e-02 -7.4496184251e-03
     vertex 9.8241378032e-02 -2.0374123727e-02 -8.6039379370e-03
     vertex 9.8241378032e-02 -2.2113024523e-02 0.0000000000e+00
   endloop
 endfacet
 facet normal  -2.0938355263e-01 -9.5845472761e-01 -1.9370870660e-01
   outer loop
     vertex 8.4661184631e-02 -1.7640695298e-02 -7.4496184251e-03
     vertex 9.8241378032e-02 -2.2113024523e-02 0.0000000000e+00
     vertex 8.4661184631e-02 -1.9146302092e-02 0.0000000000e+00
   endloop
 endfacet
 facet normal  -2.0938355263e-01 -9.5845472761e-01 1.9370870660e-01
   outer loop
     vertex 8.4661184631e-02 -1.9146302092e-02 0.0000000000e+00
     vertex 9.8241378032e-02 -2.2113024523e-02 0.0000000000e+00
     vertex 8.4661184631e-02 -1.7640695298e-02 7.4496184251e-03
   endloop
 endfacet
 facet normal  -2.0938355263e-01 -9.5845472761e-01 1.9370870660e-01
   outer loop
     vertex 9.8241378032e-02 -2.2113024523e-02 0.0000000000e+00
     vertex 9.8241378032e-02 -2.0374123727e-02 8.6039379370e-03
     vertex 8.4661184631e-02 -1.7640695298e-02 7.4496184251e-03
   endloop
 endfacet
 facet normal  -2.0963798558e-01 -8.1063588169e-01 5.4673703214e-01
   outer loop
     vertex 8.4661184631e-02 -1.7640695298e-02 7.4496184251e-03
     vertex 9.8241378032e-02 -2.0374123727e-02 8.6039379370e-03
     vertex 8.4661184631e-02 -1.3535825467e-02 1.3535825467e-02
   endloop
 endfacet
 facet normal  -2.0963798558e-01 -8.1063588169e-01 5.4673703214e-01
   outer loop
     vertex 9.8241378032e-02 -2.0374123727e-02 8.6039379370e-03
     vertex 9.8241378032e-02 -1.5633203689e-02 1.5633203689e-02
     vertex 8.4661184631e-02 -1.3535825467e-02 1.3535825467e-02
   endloop
 endfacet
 facet normal  -2.0963798558e-01 -5.4673703214e-01 8.1063588169e-01
   outer loop
     vertex 8.4661184631e-02 -1.3535825467e-02 1.3535825467e-02
     vertex 9.8241378032e-02 -1.5633203689e-02 1.5633203689e-02
     vertex 8.4661184631e-02 -7.4496184251e-03 1.7640695298e-02
   endloop
 endfacet
 facet normal  -2.0963798558e-01 -5.4673703214e-01 8.1063588169e-01
   outer loop
     vertex 9.8241378032e-02 -1.5633203689e-02 1.5633203689e-02
     vertex 9.8241378032e-02 -8.6039379370e-03 2.0374123727e-02
     vertex 8.4661184631e-02 -7.4496184251e-03 1.7640695298e-02
   endloop
 endfacet
 facet normal  -2.0938355263e-01 -1.9370870660e-01 9.5845472761e-01
   outer loop
     vertex 8.4661184631e-02 -7.4496184251e-03 1.7640695298e-02
     vertex 9.8241378032e-02 -8.6039379370e-03 2.0374123727e-02
     vertex 8.4661184631e-02 0.0000000000e+00 1.9146302092e-02
   endloop
 endfacet
 facet normal  -2.0938355263e-01 -1.9370870660e-01 9.5845472761e-01
   outer loop
     vertex 9.8241378032e-02 -8.6039379370e-03 2.0374123727e-02
     vertex 9.8241378032e-02 0.0000000000e+00 2.2113024523e-02
     vertex 8.4661184631e-02 0.0000000000e+00 1.9146302092e-02
   endloop
 endfacet
 facet normal  -2.0938355263e-01 1.9370870660e-01 9.5845472761e-01
   outer loop
     vertex 8.4661184631e-02 0.0000000000e+00 1.9146302092e-02
     vertex 9.8241378032e-02 0.0000000000e+00 2.2113024523e-02
     vertex 9.8241378032e-02 8.6039379370e-03 2.0374123727e-02
   endloop
 endfacet
 facet normal  -2.0938355263e-01 1.9370870660e-01 9.5845472761e-01
   outer loop
     vertex 8.4661184631e-02 0.0000000000e+00 1.9146302092e-02
     vertex 9.8241378032e-02 8.6039379370e-03 2.0374123727e-02
     vertex 8.4661184631e-02 7.4496184251e-03 1.7640695298e-02
   endloop
 endfacet
 facet normal  -2.0963798558e-01 5.4673703214e-01 8.1063588169e-01
   outer loop
     vertex 8.4661184631e-02 7.4496184251e-03 1.7640695298e-02
     vertex 9.8241378032e-02 8.6039379370e-03 2.0374123727e-02
     vertex 9.8241378032e-02 1.5633203689e-02 1.5633203689e-02
   endloop
 endfacet
 facet normal  -2.0963798558e-01 5.4673703214e-01 8.1063588169e-01
   outer loop
     vertex 8.4661184631e-02 7.4496184251e-03 1.7640695298e-02
     vertex 9.8241378032e-02 1.5633203689e-02 1.5633203689e-02
     vertex 8.4661184631e-02 1.3535825467e-02 1.3535825467e-02
   endloop
 endfacet
 facet normal  -2.0963798558e-01 8.1063588169e-01 5.4673703214e-01
   outer loop
     vertex 8.4661184631e-02 1.3535825467e-02 1.3535825467e-02
     vertex 9.8241378032e-02 1.5633203689e-02 1.5633203689e-02
     vertex 9.8241378032e-02 2.0374123727e-02 8.6039379370e-03
   endloop
 endfacet
 facet normal  -2.0963798558e-01 8.1063588169e-01 5.4673703214e-01
   outer loop
     vertex 8.4661184631e-02 1.3535825467e-02 1.3535825467e-02
     vertex 9.8241378032e-02 2.0374123727e-02 8.6039379370e-03
     vertex 8.4661184631e-02 1.7640695298e-02 7.4496184251e-03
   endloop
 endfacet
 facet normal  -2.0938355263e-01 9.5845472761e-01 1.9370870660e-01
   outer loop
     vertex 8.4661184631e-02 1.7640695298e-02 7.4496184251e-03
     vertex 9.8241378032e-02 2.0374123727e-02 8.6039379370e-03
     vertex 9.8241378032e-02 2.2113024523e-02 0.0000000000e+00
   endloop
 endfacet
 facet normal  -2.0938355263e-01 9.5845472761e-01 1.9370870660e-01
   outer loop
     vertex 8.4661184631e-02 1.7640695298e-02 7.4496184251e-03
     vertex 9.8241378032e-02 2.2113024523e-02 0.0000000000e+00
     vertex 8.4661184631e-02 1.9146302092e-02 0.0000000000e+00
   endloop
 endfacet
 facet normal  -2.1993714682e-01 9.5618115237e-01 -1.9324920517e-01
   outer loop
     vertex 9.8241378032e-02 2.2113024523e-02 0.0000000000e+00
     vertex 1.0904771429e-01 2.4598656831e-02 0.0000000000e+00
     vertex 9.8241378032e-02 2.0374123727e-02 -8.6039379370e-03
   endloop
 endfacet
 facet normal  -2.1993714682e-01 9.5618115237e-01 -1.9324920517e-01
   outer loop
     vertex 1.0904771429e-01 2.4598656831e-02 0.0000000000e+00
     vertex 1.0904771429e-01 2.2664293491e-02 -9.5710705010e-03
     vertex 9.8241378032e-02 2.0374123727e-02 -8.6039379370e-03
   endloop
 endfacet
 facet normal  -2.2020313527e-01 8.0870829188e-01 -5.4543696049e-01
   outer loop
     vertex 9.8241378032e-02 2.0374123727e-02 -8.6039379370e-03
     vertex 1.0904771429e-01 2.2664293491e-02 -9.5710705010e-03
     vertex 9.8241378032e-02 1.5633203689e-02 -1.5633203689e-02
   endloop
 endfacet
 facet normal  -2.2020313527e-01 8.0870829188e-01 -5.4543696049e-01
   outer loop
     vertex 1.0904771429e-01 2.2664293491e-02 -9.5710705010e-03
     vertex 1.0904771429e-01 1.7390466523e-02 -1.7390466523e-02
     vertex 9.8241378032e-02 1.5633203689e-02 -1.5633203689e-02
   endloop
 endfacet
 facet normal  -2.2020313527e-01 5.4543696049e-01 -8.0870829188e-01
   outer loop
     vertex 9.8241378032e-02 1.5633203689e-02 -1.5633203689e-02
     vertex 1.0904771429e-01 1.7390466523e-02 -1.7390466523e-02
     vertex 9.8241378032e-02 8.6039379370e-03 -2.0374123727e-02
   endloop
 endfacet
 facet normal  -2.2020313527e-01 5.4543696049e-01 -8.0870829188e-01
   outer loop
     vertex 1.0904771429e-01 1.7390466523e-02 -1.7390466523e-02
     vertex 1.0904771429e-01 9.5710705010e-03 -2.2664293491e-02
     vertex 9.8241378032e-02 8.6039379370e-03 -2.0374123727e-02
   endloop
 endfacet
 facet normal  -2.1993714682e-01 1.9324920517e-01 -9.5618115237e-01
   outer loop
     vertex 9.8241378032e-02 8.6039379370e-03 -2.0374123727e-02
     vertex 1.0904771429e-01 9.5710705010e-03 -2.2664293491e-02
     vertex 9.8241378032e-02 0.0000000000e+00 -2.2113024523e-02
   endloop
 endfacet
 facet normal  -2.1993714682e-01 1.9324920517e-01 -9.5618115237e-01
   outer loop
     vertex 1.0904771429e-01 9.5710705010e-03 -2.2664293491e-02
     vertex 1.0904771429e-01 0.0000000000e+00 -2.4598656831e-02
     vertex 9.8241378032e-02 0.0000000000e+00 -2.2113024523e-02
   endloop
 endfacet
 facet normal  -2.1993714682e-01 -1.9324920517e-01 -9.5618115237e-01
   outer loop
     vertex 9.8241378032e-02 0.0000000000e+00 -2.2113024523e-02
     vertex 1.0904771429e-01 0.0000000000e+00 -2.4598656831e-02
     vertex 1.0904771429e-01 -9.5710705010e-03 -2.2664293491e-02
   endloop
 endfacet
 facet normal  -2.1993714682e-01 -1.9324920517e-01 -9.5618115237e-01
   outer loop
     vertex 9.8241378032e-02 0.0000000000e+00 -2.2113024523e-02
     vertex 1.0904771429e-01 -9.5710705010e-03 -2.2664293491e-02
     vertex 9.8241378032e-02 -8.6039379370e-03 -2.0374123727e-02
   endloop
 endfacet
 facet normal  -2.2020313527e-01 -5.4543696049e-01 -8.0870829188e-01
   outer loop
     vertex 9.8241378032e-02 -8.6039379370e-03 -2.0374123727e-02
     vertex 1.0904771429e-01 -9.5710705010e-03 -2.2664293491e-02
     vertex 1.0904771429e-01 -1.7390466523e-02 -1.7390466523e-02
   endloop
 endfacet
 facet normal  -2.2020313527e-01 -5.4543696049e-01 -8.0870829188e-01
   outer loop
     vertex 9.8241378032e-02 -8.6039379370e-03 -2.0374123727e-02
     vertex 1.0904771429e-01 -1.7390466523e-02 -1.7390466523e-02
     vertex 9.8241378032e-02 -1.5633203689e-02 -1.5633203689e-02
   endloop
 endfacet
 facet normal  -2.2020313527e-01 -8.0870829188e-01 -5.4543696049e-01
   outer loop
     vertex 9.8241378032e-02 -1.5633203689e-02 -1.5633203689e-02
     vertex 1.0904771429e-01 -1.7390466523e-02 -1.7390466523e-02
     vertex 1.0904771429e-01 -2.2664293491e-02 -9.5710705010e-03
   endloop
 endfacet
 facet normal  -2.2020313527e-01 -8.0870829188e-01 -5.4543696049e-01
   outer loop
     vertex 9.8241378032e-02 -1.5633203689e-02 -1.5633203689e-02
     vertex 1.0904771429e-01 -2.2664293491e-02 -9.5710705010e-03
     vertex 9.8241378032e-02 -2.0374123727e-02 -8.6039379370e-03
   endloop
 endfacet
 facet normal  -2.1993714682e-01 -9.5618115237e-01 -1.9324920517e-01
   outer loop
     vertex 9.8241378032e-02 -2.0374123727e-02 -8.6039379370e-03
     vertex 1.0904771429e-01 -2.2664293491e-02 -9.5710705010e-03
     vertex 1.0904771429e-01 -2.4598656831e-02 0.0000000000e+00
   endloop
 endfacet
 facet normal  -2.1993714682e-01 -9.5618115237e-01 -1.9324920517e-01
   outer loop
     vertex 9.8241378032e-02 -2.0374123727e-02 -8.6039379370e-03
     vertex 1.0904771429e-01 -2.4598656831e-02 0.0000000000e+00
     vertex 9.8241378032e-02 -2.2113024523e-02 0.0000000000e+00
   endloop
 endfacet
 facet normal  -2.1993714682e-01 -9.5618115237e-01 1.9324920517e-01
   outer loop
     vertex 9.8241378032e-02 -2.2113024523e-02 0.0000000000e+00
     vertex 1.0904771429e-01 -2.4598656831e-02 0.0000000000e+00
     vertex 9.8241378032e-02 -2.0374123727e-02 8.6039379370e-03
   endloop
 endfacet
 facet normal  -2.1993714682e-01 -9.5618115237e-01 1.9324920517e-01
   outer loop
     vertex 1.0904771429e-01 -2.4598656831e-02 0.0000000000e+00
     vertex 1.0904771429e-01 -2.2664293491e-02 9.5710705010e-03
     vertex 9.8241378032e-02 -2.0374123727e-02 8.6039379370e-03
   endloop
 endfacet
 facet normal  -2.2020313527e-01 -8.0870829188e-01 5.4543696049e-01
   outer loop
     vertex 9.8241378032e-02 -2.0374123727e-02 8.6039379370e-03
     vertex 1.0904771429e-01 -2.2664293491e-02 9.5710705010e-03
     vertex 9.8241378032e-02 -1.5633203689e-02 1.5633203689e-02
   endloop
 endfacet
 facet normal  -2.2020313527e-01 -8.0870829188e-01 5.4543696049e-01
   outer loop
     vertex 1.0904771429e-01 -2.2664293491e-02 9.5710705010e-03
     vertex 1.0904771429e-01 -1.7390466523e-02 1.7390466523e-02
     vertex 9.8241378032e-02 -1.5633203689e-02 1.5633203689e-02
   endloop
 endfacet
 facet normal  -2.2020313527e-01 -5.4543696049e-01 8.0870829188e-01
   outer loop
     vertex 9.8241378032e-02 -1.5633203689e-02 1.5633203689e-02
     vertex 1.0904771429e-01 -1.7390466523e-02 1.7390466523e-02
     vertex 9.8241378032e-02 -8.6039379370e-03 2.0374123727e-02
   endloop
 endfacet
 facet normal  -2.2020313527e-01 -5.4543696049e-01 8.0870829188e-01
   outer loop
     vertex 1.0904771429e-01 -1.7390466523e-02 1.7390466523e-02
     vertex 1.0904771429e-01 -9.5710705010e-03 2.2664293491e-02
     vertex 9.8241378032e-02 -8.6039379370e-03 2.0374123727e-02
   endloop
 endfacet
 facet normal  -2.1993714682e-01 -1.9324920517e-01 9.5618115237e-01
   outer loop
     vertex 9.8241378032e-02 -8.6039379370e-03 2.0374123727e-02
     vertex 1.0904771429e-01 -9.5710705010e-03 2.2664293491e-02
     vertex 9.8241378032e-02 0.0000000000e+00 2.2113024523e-02
   endloop
 endfacet
 facet normal  -2.1993714682e-01 -1.9324920517e-01 9.5618115237e-01
   outer loop
     vertex 1.0904771429e-01 -9.5710705010e-03 2.2664293491e-02
     vertex 1.0904771429e-01 0.0000000000e+00 2.4598656831e-02
     vertex 9.8241378032e-02 0.0000000000e+00 2.2113024523e-02
   endloop
 endfacet
 facet normal  -2.1993714682e-01 1.9324920517e-01 9.5618115237e-01
   outer loop
     vertex 9.8241378032e-02 0.0000000000e+00 2.2113024523e-02
     vertex 1.0904771429e-01 0.0000000000e+00 2.4598656831e-02
     vertex 1.0904771429e-01 9.5710705010e-03 2.2664293491e-02
   endloop
 endfacet
 facet normal  -2.1993714682e-01 1.9324920517e-01 9.5618115237e-01
   outer loop
     vertex 9.8241378032e-02 0.0000000000e+00 2.2113024523e-02
     vertex 1.0904771429e-01 9.5710705010e-03 2.2664293491e-02
     vertex 9.8241378032e-02 8.6039379370e-03 2.0374123727e-02
   endloop
 endfacet
 facet normal  -2.2020313527e-01 5.4543696049e-01 8.0870829188e-01
   outer loop
     vertex 9.8241378032e-02 8.6039379370e-03 2.0374123727e-02
     vertex 1.0904771429e-01 9.5710705010e-03 2.2664293491e-02
     vertex 1.0904771429e-01 1.7390466523e-02 1.7390466523e-02
   endloop
 endfacet
 facet normal  -2.2020313527e-01 5.4543696049e-01 8.0870829188e-01
   outer loop
     vertex 9.8241378032e-02 8.6039379370e-03 2.0374123727e-02
     vertex 1.0904771429e-01 1.7390466523e-02 1.7390466523e-02
     vertex 9.8241378032e-02 1.5633203689e-02 1.5633203689e-02
   endloop
 endfacet
 facet normal  -2.2020313527e-01 8.0870829188e-01 5.4543696049e-01
   outer loop
     vertex 9.8241378032e-02 1.5633203689e-02 1.5633203689e-02
     vertex 1.0904771429e-01 1.7390466523e-02 1.7390466523e-02
     vertex 1.0904771429e-01 2.2664293491e-02 9.5710705010e-03
   endloop
 endfacet
 facet normal  -2.2020313527e-01 8.0870829188e-01 5.4543696049e-01
   outer loop
     vertex 9.8241378032e-02 1.5633203689e-02 1.5633203689e-02
     vertex 1.0904771429e-01 2.2664293491e-02 9.5710705010e-03
     vertex 9.8241378032e-02 2.0374123727e-02 8.6039379370e-03
   endloop
 endfacet
 facet normal  -2.1993714682e-01 9.5618115237e-01 1.9324920517e-01
   outer loop
     vertex 9.8241378032e-02 2.0374123727e-02 8.6039379370e-03
     vertex 1.0904771429e-01 2.2664293491e-02 9.5710705010e-03
     vertex 1.0904771429e-01 2.4598656831e-02 0.0000000000e+00
   endloop
 endfacet
 facet normal  -2.1993714682e-01 9.5618115237e-01 1.9324920517e-01
   outer loop
     vertex 9.8241378032e-02 2.0374123727e-02 8.6039379370e-03
     vertex 1.0904771429e-01 2.4598656831e-02 0.0000000000e+00
     vertex 9.8241378032e-02 2.2113024523e-02 0.0000000000e+00
   endloop
 endfacet
 facet normal  -1.6917491671e-01 9.6605354189e-01 -1.9524446666e-01
   outer loop
     vertex 1.0904771429e-01 2.4598656831e-02 0.0000000000e+00
     vertex 1.1500000000e-01 2.5641018766e-02 0.0000000000e+00
     vertex 1.0904771429e-01 2.2664293491e-02 -9.5710705010e-03
   endloop
 endfacet
 facet normal  -1.6917491671e-01 9.6605354189e-01 -1.9524446666e-01
   outer loop
     vertex 1.1500000000e-01 2.5641018766e-02 0.0000000000e+00
     vertex 1.1500000000e-01 2.3624687263e-02 -9.9766422213e-03
     vertex 1.0904771429e-01 2.2664293491e-02 -9.5710705010e-03
   endloop
 endfacet
 facet normal  -1.6938376867e-01 8.1707857517e-01 -5.5108233587e-01
   outer loop
     vertex 1.0904771429e-01 2.2664293491e-02 -9.5710705010e-03
     vertex 1.1500000000e-01 2.3624687263e-02 -9.9766422213e-03
     vertex 1.0904771429e-01 1.7390466523e-02 -1.7390466523e-02
   endloop
 endfacet
 facet normal  -1.6938376867e-01 8.1707857517e-01 -5.5108233587e-01
   outer loop
     vertex 1.1500000000e-01 2.3624687263e-02 -9.9766422213e-03
     vertex 1.1500000000e-01 1.8127383196e-02 -1.8127383196e-02
     vertex 1.0904771429e-01 1.7390466523e-02 -1.7390466523e-02
   endloop
 endfacet
 facet normal  -1.6938376867e-01 5.5108233587e-01 -8.1707857517e-01
   outer loop
     vertex 1.0904771429e-01 1.7390466523e-02 -1.7390466523e-02
     vertex 1.1500000000e-01 1.8127383196e-02 -1.8127383196e-02
     vertex 1.0904771429e-01 9.5710705010e-03 -2.2664293491e-02
   endloop
 endfacet
 facet normal  -1.6938376867e-01 5.5108233587e-01 -8.1707857517e-01
   outer loop
     vertex 1.1500000000e-01 1.8127383196e-02 -1.8127383196e-02
     vertex 1.1500000000e-01 9.9766422213e-03 -2.3624687263e-02
     vertex 1.0904771429e-01 9.5710705010e-03 -2.2664293491e-02
   endloop
 endfacet
 facet normal  -1.6917491671e-01 1.9524446666e-01 -9.6605354189e-01
   outer loop
     vertex 1.0904771429e-01 9.5710705010e-03 -2.2664293491e-02
     vertex 1.1500000000e-01 9.9766422213e-03 -2.3624687263e-02
     vertex 1.0904771429e-01 0.0000000000e+00 -2.4598656831e-02
   endloop
 endfacet
 facet normal  -1.6917491671e-01 1.9524446666e-01 -9.6605354189e-01
   outer loop
     vertex 1.1500000000e-01 9.9766422213e-03 -2.3624687263e-02
     vertex 1.1500000000e-01 0.0000000000e+00 -2.5641018766e-02
     vertex 1.0904771429e-01 0.0000000000e+00 -2.4598656831e-02
   endloop
 endfacet
 facet normal  -1.6917491671e-01 -1.9524446666e-01 -9.6605354189e-01
   outer loop
     vertex 1.0904771429e-01 0.0000000000e+00 -2.4598656831e-02
     vertex 1.1500000000e-01 0.0000000000e+00 -2.5641018766e-02
     vertex 1.1500000000e-01 -9.9766422213e-03 -2.3624687263e-02
   endloop
 endfacet
 facet normal  -1.6917491671e-01 -1.9524446666e-01 -9.6605354189e-01
   outer loop
     vertex 1.0904771429e-01 0.0000000000e+00 -2.4598656831e-02
     vertex 1.1500000000e-01 -9.9766422213e-03 -2.3624687263e-02
     vertex 1.0904771429e-01 -9.5710705010e-03 -2.2664293491e-02
   endloop
 endfacet
 facet normal  -1.6938376867e-01 -5.5108233587e-01 -8.1707857517e-01
   outer loop
     vertex 1.0904771429e-01 -9.5710705010e-03 -2.2664293491e-02
     vertex 1.1500000000e-01 -9.9766422213e-03 -2.3624687263e-02
     vertex 1.1500000000e-01 -1.8127383196e-02 -1.8127383196e-02
   endloop
 endfacet
 facet normal  -1.6938376867e-01 -5.5108233587e-01 -8.1707857517e-01
   outer loop
     vertex 1.0904771429e-01 -9.5710705010e-03 -2.2664293491e-02
     vertex 1.1500000000e-01 -1.8127383196e-02 -1.8127383196e-02
     vertex 1.0904771429e-01 -1.7390466523e-02 -1.7390466523e-02
   endloop
 endfacet
 facet normal  -1.6938376867e-01 -8.1707857517e-01 -5.5108233587e-01
   outer loop
     vertex 1.0904771429e-01 -1.7390466523e-02 -1.7390466523e-02
     vertex 1.1500000000e-01 -1.8127383196e-02 -1.8127383196e-02
     vertex 1.1500000000e-01 -2.3624687263e-02 -9.9766422213e-03
   endloop
 endfacet
 facet normal  -1.6938376867e-01 -8.1707857517e-01 -5.5108233587e-01
   outer loop
     vertex 1.0904771429e-01 -1.7390466523e-02 -1.7390466523e-02
     vertex 1.1500000000e-01 -2.3624687263e-02 -9.9766422213e-03
     vertex 1.0904771429e-01 -2.2664293491e-02 -9.5710705010e-03
   endloop
 endfacet
 facet normal  -1.6917491671e-01 -9.6605354189e-01 -1.9524446666e-01
   outer loop
     vertex 1.0904771429e-01 -2.2664293491e-02 -9.5710705010e-03
     vertex 1.1500000000e-01 -2.3624687263e-02 -9.9766422213e-03
     vertex 1.1500000000e-01 -2.5641018766e-02 0.0000000000e+00
   endloop
 endfacet
 facet normal  -1.6917491671e-01 -9.6605354189e-01 -1.9524446666e-01
   outer loop
     vertex 1.0904771429e-01 -2.2664293491e-02 -9.5710705010e-03
     vertex 1.1500000000e-01 -2.5641018766e-02 0.0000000000e+00
     vertex 1.0904771429e-01 -2.4598656831e-02 0.0000000000e+00
   endloop
 endfacet
 facet normal  -1.6917491671e-01 -9.6605354189e-01 1.9524446666e-01
   outer loop
     vertex 1.0904771429e-01 -2.4598656831e-02 0.0000000000e+00
     vertex 1.1500000000e-01 -2.5641018766e-02 0.0000000000e+00
     vertex 1.0904771429e-01 -2.2664293491e-02 9.5710705010e-03
   endloop
 endfacet
 facet normal  -1.6917491671e-01 -9.6605354189e-01 1.9524446666e-01
   outer loop
     vertex 1.1500000000e-01 -2.5641018766e-02 0.0000000000e+00
     vertex 1.1500000000e-01 -2.3624687263e-02 9.9766422213e-03
     vertex 1.0904771429e-01 -2.2664293491e-02 9.5710705010e-03
   endloop
 endfacet
 facet normal  -1.6938376867e-01 -8.1707857517e-01 5.5108233587e-01
   outer loop
     vertex 1.0904771429e-01 -2.2664293491e-02 9.5710705010e-03
     vertex 1.1500000000e-01 -2.3624687263e-02 9.9766422213e-03
     vertex 1.0904771429e-01 -1.7390466523e-02 1.7390466523e-02
   endloop
 endfacet
 facet normal  -1.6938376867e-01 -8.1707857517e-01 5.5108233587e-01
   outer loop
     vertex 1.1500000000e-01 -2.3624687263e-02 9.9766422213e-03
     vertex 1.1500000000e-01 -1.8127383196e-02 1.8127383196e-02
     vertex 1.0904771429e-01 -1.7390466523e-02 1.7390466523e-02
   endloop
 endfacet
 facet normal  -1.6938376867e-01 -5.5108233587e-01 8.1707857517e-01
   outer loop
     vertex 1.0904771429e-01 -1.7390466523e-02 1.7390466523e-02
     vertex 1.1500000000e-01 -1.8127383196e-02 1.8127383196e-02
     vertex 1.0904771429e-01 -9.5710705010e-03 2.2664293491e-02
   endloop
 endfacet
 facet normal  -1.6938376867e-01 -5.5108233587e-01 8.1707857517e-01
   outer loop
     vertex 1.1500000000e-01 -1.8127383196e-02 1.8127383196e-02
     vertex 1.1500000000e-01 -9.9766422213e-03 2.3624687263e-02
     vertex 1.0904771429e-01 -9.5710705010e-03 2.2664293491e-02
   endloop
 endfacet
 facet normal  -1.6917491671e-01 -1.9524446666e-01 9.6605354189e-01
   outer loop
     vertex 1.0904771429e-01 -9.5710705010e-03 2.2664293491e-02
     vertex 1.1500000000e-01 -9.9766422213e-03 2.3624687263e-02
     vertex 1.0904771429e-01 0.0000000000e+00 2.4598656831e-02
   endloop
 endfacet
 facet normal  -1.6917491671e-01 -1.9524446666e-01 9.6605354189e-01
   outer loop
     vertex 1.1500000000e-01 -9.9766422213e-03 2.3624687263e-02
     vertex 1.1500000000e-01 0.0000000000e+00 2.5641018766e-02
     vertex 1.0904771429e-01 0.0000000000e+00 2.4598656831e-02
   endloop
 endfacet
 facet normal  -1.6917491671e-01 1.9524446666e-01 9.6605354189e-01
   outer loop
     vertex 1.0904771429e-01 0.0000000000e+00 2.4598656831e-02
     vertex 1.1500000000e-01 0.0000000000e+00 2.5641018766e-02
     vertex 1.1500000000e-01 9.9766422213e-03 2.3624687263e-02
   endloop
 endfacet
 facet normal  -1.6917491671e-01 1.9524446666e-01 9.6605354189e-01
   outer loop
     vertex 1.0904771429e-01 0.0000000000e+00 2.4598656831e-02
     vertex 1.1500000000e-01 9.9766422213e-03 2.3624687263e-02
     vertex 1.0904771429e-01 9.5710705010e-03 2.2664293491e-02
   endloop
 endfacet
 facet normal  -1.6938376867e-01 5.5108233587e-01 8.1707857517e-01
   outer loop
     vertex 1.0904771429e-01 9.5710705010e-03 2.2664293491e-02
     vertex 1.1500000000e-01 9.9766422213e-03 2.3624687263e-02
     vertex 1.1500000000e-01 1.8127383196e-02 1.8127383196e-02
   endloop
 endfacet
 facet normal  -1.6938376867e-01 5.5108233587e-01 8.1707857517e-01
   outer loop
     vertex 1.0904771429e-01 9.5710705010e-03 2.2664293491e-02
     vertex 1.1500000000e-01 1.8127383196e-02 1.8127383196e-02
     vertex 1.0904771429e-01 1.7390466523e-02 1.7390466523e-02
   endloop
 endfacet
 facet normal  -1.6938376867e-01 8.1707857517e-01 5.5108233587e-01
   outer loop
     vertex 1.0904771429e-01 1.7390466523e-02 1.7390466523e-02
     vertex 1.1500000000e-01 1.8127383196e-02 1.8127383196e-02
     vertex 1.1500000000e-01 2.3624687263e-02 9.9766422213e-03
   endloop
 endfacet
 facet normal  -1.6938376867e-01 8.1707857517e-01 5.5108233587e-01
   outer loop
     vertex 1.0904771429e-01 1.7390466523e-02 1.7390466523e-02
     vertex 1.1500000000e-01 2.3624687263e-02 9.9766422213e-03
     vertex 1.0904771429e-01 2.2664293491e-02 9.5710705010e-03
   endloop
 endfacet
 facet normal  -1.6917491671e-01 9.6605354189e-01 1.9524446666e-01
   outer loop
     vertex 1.0904771429e-01 2.2664293491e-02 9.5710705010e-03
     vertex 1.1500000000e-01 2.3624687263e-02 9.9766422213e-03
     vertex 1.1500000000e-01 2.5641018766e-02 0.0000000000e+00
   endloop
 endfacet
 facet normal  -1.6917491671e-01 9.6605354189e-01 1.9524446666e-01
   outer loop
     vertex 1.0904771429e-01 2.2664293491e-02 9.5710705010e-03
     vertex 1.1500000000e-01 2.5641018766e-02 0.0000000000e+00
     vertex 1.0904771429e-01 2.4598656831e-02 0.0000000000e+00
   endloop
 endfacet
 facet normal  -7.2315260920e-01 6.7700011253e-01 -1.3682525882e-01
   outer loop
     vertex 1.1500000000e-01 2.5641018766e-02 0.0000000000e+00
     vertex 1.1637857658e-01 2.7113575759e-02 0.0000000000e+00
     vertex 1.1500000000e-01 2.3624687263e-02 -9.9766422213e-03
   endloop
 endfacet
 facet normal  -7.2315260920e-01 6.7700011253e-01 -1.3682525882e-01
   outer loop
     vertex 1.1637857658e-01 2.7113575759e-02 0.0000000000e+00
     vertex 1.1637857658e-01 2.4981446866e-02 -1.0549598171e-02
     vertex 1.1500000000e-01 2.3624687263e-02 -9.9766422213e-03
   endloop
 endfacet
 facet normal  -7.2359063373e-01 5.7224041334e-01 -3.8595013165e-01
   outer loop
     vertex 1.1500000000e-01 2.3624687263e-02 -9.9766422213e-03
     vertex 1.1637857658e-01 2.4981446866e-02 -1.0549598171e-02
     vertex 1.1500000000e-01 1.8127383196e-02 -1.8127383196e-02
   endloop
 endfacet
 facet normal  -7.2359063373e-01 5.7224041334e-01 -3.8595013165e-01
   outer loop
     vertex 1.1637857658e-01 2.4981446866e-02 -1.0549598171e-02
     vertex 1.1637857658e-01 1.9168434065e-02 -1.9168434065e-02
     vertex 1.1500000000e-01 1.8127383196e-02 -1.8127383196e-02
   endloop
 endfacet
 facet normal  -7.2359063373e-01 3.8595013165e-01 -5.7224041334e-01
   outer loop
     vertex 1.1500000000e-01 1.8127383196e-02 -1.8127383196e-02
     vertex 1.1637857658e-01 1.9168434065e-02 -1.9168434065e-02
     vertex 1.1500000000e-01 9.9766422213e-03 -2.3624687263e-02
   endloop
 endfacet
 facet normal  -7.2359063373e-01 3.8595013165e-01 -5.7224041334e-01
   outer loop
     vertex 1.1637857658e-01 1.9168434065e-02 -1.9168434065e-02
     vertex 1.1637857658e-01 1.0549598171e-02 -2.4981446866e-02
     vertex 1.1500000000e-01 9.9766422213e-03 -2.3624687263e-02
   endloop
 endfacet
 facet normal  -7.2315260920e-01 1.3682525882e-01 -6.7700011253e-01
   outer loop
     vertex 1.1500000000e-01 9.9766422213e-03 -2.3624687263e-02
     vertex 1.1637857658e-01 1.0549598171e-02 -2.4981446866e-02
     vertex 1.1500000000e-01 0.0000000000e+00 -2.5641018766e-02
   endloop
 endfacet
 facet normal  -7.2315260920e-01 1.3682525882e-01 -6.7700011253e-01
   outer loop
     vertex 1.1637857658e-01 1.0549598171e-02 -2.4981446866e-02
     vertex 1.1637857658e-01 0.0000000000e+00 -2.7113575759e-02
     vertex 1.1500000000e-01 0.0000000000e+00 -2.5641018766e-02
   endloop
 endfacet
 facet normal  -7.2315260920e-01 -1.3682525882e-01 -6.7700011253e-01
   outer loop
     vertex 1.1500000000e-01 0.0000000000e+00 -2.5641018766e-02
     vertex 1.1637857658e-01 0.0000000000e+00 -2.7113575759e-02
     vertex 1.1637857658e-01 -1.0549598171e-02 -2.4981446866e-02
   endloop
 endfacet
 facet normal  -7.2315260920e-01 -1.3682525882e-01 -6.7700011253e-01
   outer loop
     vertex 1.1500000000e-01 0.0000000000e+00 -2.5641018766e-02
     vertex 1.1637857658e-01 -1.0549598171e-02 -2.4981446866e-02
     vertex 1.1500000000e-01 -9.9766422213e-03 -2.3624687263e-02
   endloop
 endfacet
 facet normal  -7.2359063373e-01 -3.8595013165e-01 -5.7224041334e-01
   outer loop
     vertex 1.1500000000e-01 -9.9766422213e-03 -2.3624687263e-02
     vertex 1.1637857658e-01 -1.0549598171e-02 -2.4981446866e-02
     vertex 1.1637857658e-01 -1.9168434065e-02 -1.9168434065e-02
   endloop
 endfacet
 facet normal  -7.2359063373e-01 -3.8595013165e-01 -5.7224041334e-01
   outer loop
     vertex 1.1500000000e-01 -9.9766422213e-03 -2.3624687263e-02
     vertex 1.1637857658e-01 -1.9168434065e-02 -1.9168434065e-02
     vertex 1.1500000000e-01 -1.8127383196e-02 -1.8127383196e-02
   endloop
 endfacet
 facet normal  -7.2359063373e-01 -5.7224041334e-01 -3.8595013165e-01
   outer loop
     vertex 1.1500000000e-01 -1.8127383196e-02 -1.8127383196e-02
     vertex 1.1637857658e-01 -1.9168434065e-02 -1.9168434065e-02
     vertex 1.1637857658e-01 -2.4981446866e-02 -1.0549598171e-02
   endloop
 endfacet
 facet normal  -7.2359063373e-01 -5.7224041334e-01 -3.8595013165e-01
   outer loop
     vertex 1.1500000000e-01 -1.8127383196e-02 -1.8127383196e-02
     vertex 1.1637857658e-01 -2.4981446866e-02 -1.0549598171e-02
     vertex 1.1500000000e-01 -2.3624687263e-02 -9.9766422213e-03
   endloop
 endfacet
 facet normal  -7.2315260920e-01 -6.7700011253e-01 -1.3682525882e-01
   outer loop
     vertex 1.1500000000e-01 -2.3624687263e-02 -9.9766422213e-03
     vertex 1.1637857658e-01 -2.4981446866e-02 -1.0549598171e-02
     vertex 1.1637857658e-01 -2.7113575759e-02 0.0000000000e+00
   endloop
 endfacet
 facet normal  -7.2315260920e-01 -6.7700011253e-01 -1.3682525882e-01
   outer loop
     vertex 1.1500000000e-01 -2.3624687263e-02 -9.9766422213e-03
     vertex 1.1637857658e-01 -2.7113575759e-02 0.0000000000e+00
     vertex 1.1500000000e-01 -2.5641018766e-02 0.0000000000e+00
   endloop
 endfacet
 facet normal  -7.2315260920e-01 -6.7700011253e-01 1.3682525882e-01
   outer loop
     vertex 1.1500000000e-01 -2.5641018766e-02 0.0000000000e+00
     vertex 1.1637857658e-01 -2.7113575759e-02 0.0000000000e+00
     vertex 1.1500000000e-01 -2.3624687263e-02 9.9766422213e-03
   endloop
 endfacet
 facet normal  -7.2315260920e-01 -6.7700011253e-01 1.3682525882e-01
   outer loop
     vertex 1.1637857658e-01 -2.7113575759e-02 0.0000000000e+00
     vertex 1.1637857658e-01 -2.4981446866e-02 1.0549598171e-02
     vertex 1.1500000000e-01 -2.3624687263e-02 9.9766422213e-03
   endloop
 endfacet
 facet normal  -7.2359063373e-01 -5.7224041334e-01 3.8595013165e-01
   outer loop
     vertex 1.1500000000e-01 -2.3624687263e-02 9.9766422213e-03
     vertex 1.1637857658e-01 -2.4981446866e-02 1.0549598171e-02
     vertex 1.1500000000e-01 -1.8127383196e-02 1.8127383196e-02
   endloop
 endfacet
 facet normal  -7.2359063373e-01 -5.7224041334e-01 3.8595013165e-01
   outer loop
     vertex 1.1637857658e-01 -2.4981446866e-02 1.0549598171e-02
     vertex 1.1637857658e-01 -1.9168434065e-02 1.9168434065e-02
     vertex 1.1500000000e-01 -1.8127383196e-02 1.8127383196e-02
   endloop
 endfacet
 facet normal  -7.2359063373e-01 -3.8595013165e-01 5.7224041334e-01
   outer loop
     vertex 1.1500000000e-01 -1.8127383196e-02 1.8127383196e-02
     vertex 1.1637857658e-01 -1.9168434065e-02 1.9168434065e-02
     vertex 1.1500000000e-01 -9.9766422213e-03 2.3624687263e-02
   endloop
 endfacet
 facet normal  -7.2359063373e-01 -3.8595013165e-01 5.7224041334e-01
   outer loop
     vertex 1.1637857658e-01 -1.9168434065e-02 1.9168434065e-02
     vertex 1.1637857658e-01 -1.0549598171e-02 2.4981446866e-02
     vertex 1.1500000000e-01 -9.9766422213e-03 2.3624687263e-02
   endloop
 endfacet
 facet normal  -7.2315260920e-01 -1.3682525882e-01 6.7700011253e-01
   outer loop
     vertex 1.1500000000e-01 -9.9766422213e-03 2.3624687263e-02
     vertex 1.1637857658e-01 -1.0549598171e-02 2.4981446866e-02
     vertex 1.1500000000e-01 0.0000000000e+00 2.5641018766e-02
   endloop
 endfacet
 facet normal  -7.2315260920e-01 -1.3682525882e-01 6.7700011253e-01
   outer loop
     vertex 1.1637857658e-01 -1.0549598171e-02 2.4981446866e-02
     vertex 1.1637857658e-01 0.0000000000e+00 2.7113575759e-02
     vertex 1.1500000000e-01 0.0000000000e+00 2.5641018766e-02
   endloop
 endfacet
 facet normal  -7.2315260920e-01 1.3682525882e-01 6.7700011253e-01
   outer loop
     vertex 1.1500000000e-01 0.0000000000e+00 2.5641018766e-02
     vertex 1.1637857658e-01 0.0000000000e+00 2.7113575759e-02
     vertex 1.1637857658e-01 1.0549598171e-02 2.4981446866e-02
   endloop
 endfacet
 facet normal  -7.2315260920e-01 1.3682525882e-01 6.7700011253e-01
   outer loop
     vertex 1.1500000000e-01 0.0000000000e+00 2.5641018766e-02
     vertex 1.1637857658e-01 1.0549598171e-02 2.4981446866e-02
     vertex 1.1500000000e-01 9.9766422213e-03 2.3624687263e-02
   endloop
 endfacet
 facet normal  -7.2359063373e-01 3.8595013165e-01 5.7224041334e-01
   outer loop
     vertex 1.1500000000e-01 9.9766422213e-03 2.3624687263e-02
     vertex 1.1637857658e-01 1.0549598171e-02 2.4981446866e-02
     vertex 1.1637857658e-01 1.9168434065e-02 1.9168434065e-02
   endloop
 endfacet
 facet normal  -7.2359063373e-01 3.8595013165e-01 5.7224041334e-01
   outer loop
     vertex 1.1500000000e-01 9.9766422213e-03 2.3624687263e-02
     vertex 1.1637857658e-01 1.9168434065e-02 1.9168434065e-02
     vertex 1.1500000000e-01 1.8127383196e-02 1.8127383196e-02
   endloop
 endfacet
 facet normal  -7.2359063373e-01 5.7224041334e-01 3.8595013165e-01
   outer loop
     vertex 1.1500000000e-01 1.8127383196e-02 1.8127383196e-02
     vertex 1.1637857658e-01 1.9168434065e-02 1.9168434065e-02
     vertex 1.1637857658e-01 2.4981446866e-02 1.0549598171e-02
   endloop
 endfacet
 facet normal  -7.2359063373e-01 5.7224041334e-01 3.8595013165e-01
   outer loop
     vertex 1.1500000000e-01 1.8127383196e-02 1.8127383196e-02
     vertex 1.1637857658e-01 2.4981446866e-02 1.0549598171e-02
     vertex 1.1500000000e-01 2.3624687263e-02 9.9766422213e-03
   endloop
 endfacet
 facet normal  -7.2315260920e-01 6.7700011253e-01 1.3682525882e-01
   outer loop
     vertex 1.1500000000e-01 2.3624687263e-02 9.9766422213e-03
     vertex 1.1637857658e-01 2.4981446866e-02 1.0549598171e-02
     vertex 1.1637857658e-01 2.7113575759e-02 0.0000000000e+00
   endloop
 endfacet
 facet normal  -7.2315260920e-01 6.7700011253e-01 1.3682525882e-01
   outer loop
     vertex 1.1500000000e-01 2.3624687263e-02 9.9766422213e-03
     vertex 1.1637857658e-01 2.7113575759e-02 0.0000000000e+00
     vertex 1.1500000000e-01 2.5641018766e-02 0.0000000000e+00
   endloop
 endfacet
 facet normal  -9.8320782837e-01 -1.7887275609e-01 3.6151118286e-02
   outer loop
     vertex 1.1637857658e-01 2.7113575759e-02 0.0000000000e+00
     vertex 1.1573974066e-01 3.0625057818e-02 0.0000000000e+00
     vertex 1.1637857658e-01 2.4981446866e-02 -1.0549598171e-02
   endloop
 endfacet
 facet normal  -9.8320782837e-01 -1.7887275609e-01 3.6151118286e-02
   outer loop
     vertex 1.1573974066e-01 3.0625057818e-02 0.0000000000e+00
     vertex 1.1573974066e-01 2.8216796687e-02 -1.1915877744e-02
     vertex 1.1637857658e-01 2.4981446866e-02 -1.0549598171e-02
   endloop
 endfacet
 facet normal  -9.8324936754e-01 -1.5110865931e-01 1.0191591785e-01
   outer loop
     vertex 1.1637857658e-01 2.4981446866e-02 -1.0549598171e-02
     vertex 1.1573974066e-01 2.8216796687e-02 -1.1915877744e-02
     vertex 1.1637857658e-01 1.9168434065e-02 -1.9168434065e-02
   endloop
 endfacet
 facet normal  -9.8324936754e-01 -1.5110865931e-01 1.0191591785e-01
   outer loop
     vertex 1.1573974066e-01 2.8216796687e-02 -1.1915877744e-02
     vertex 1.1573974066e-01 2.1650939985e-02 -2.1650939985e-02
     vertex 1.1637857658e-01 1.9168434065e-02 -1.9168434065e-02
   endloop
 endfacet
 facet normal  -9.8324936754e-01 -1.0191591785e-01 1.5110865931e-01
   outer loop
     vertex 1.1637857658e-01 1.9168434065e-02 -1.9168434065e-02
     vertex 1.1573974066e-01 2.1650939985e-02 -2.1650939985e-02
     vertex 1.1637857658e-01 1.0549598171e-02 -2.4981446866e-02
   endloop
 endfacet
 facet normal  -9.8324936754e-01 -1.0191591785e-01 1.5110865931e-01
   outer loop
     vertex 1.1573974066e-01 2.1650939985e-02 -2.1650939985e-02
     vertex 1.1573974066e-01 1.1915877744e-02 -2.8216796687e-02
     vertex 1.1637857658e-01 1.0549598171e-02 -2.4981446866e-02
   endloop
 endfacet
 facet normal  -9.8320782837e-01 -3.6151118286e-02 1.7887275609e-01
   outer loop
     vertex 1.1637857658e-01 1.0549598171e-02 -2.4981446866e-02
     vertex 1.1573974066e-01 1.1915877744e-02 -2.8216796687e-02
     vertex 1.1637857658e-01 0.0000000000e+00 -2.7113575759e-02
   endloop
 endfacet
 facet normal  -9.8320782837e-01 -3.6151118286e-02 1.7887275609e-01
   outer loop
     vertex 1.1573974066e-01 1.1915877744e-02 -2.8216796687e-02
     vertex 1.1573974066e-01 0.0000000000e+00 -3.0625057818e-02
     vertex 1.1637857658e-01 0.0000000000e+00 -2.7113575759e-02
   endloop
 endfacet
 facet normal  -9.8320782837e-01 3.6151118286e-02 1.7887275609e-01
   outer loop
     vertex 1.1637857658e-01 0.0000000000e+00 -2.7113575759e-02
     vertex 1.1573974066e-01 0.0000000000e+00 -3.0625057818e-02
     vertex 1.1573974066e-01 -1.1915877744e-02 -2.8216796687e-02
   endloop
 endfacet
 facet normal  -9.8320782837e-01 3.6151118286e-02 1.7887275609e-01
   outer loop
     vertex 1.1637857658e-01 0.0000000000e+00 -2.7113575759e-02
     vertex 1.1573974066e-01 -1.1915877744e-02 -2.8216796687e-02
     vertex 1.1637857658e-01 -1.0549598171e-02 -2.4981446866e-02
   endloop
 endfacet
 facet normal  -9.8324936754e-01 1.0191591785e-01 1.5110865931e-01
   outer loop
     vertex 1.1637857658e-01 -1.0549598171e-02 -2.4981446866e-02
     vertex 1.1573974066e-01 -1.1915877744e-02 -2.8216796687e-02
     vertex 1.1573974066e-01 -2.1650939985e-02 -2.1650939985e-02
   endloop
 endfacet
 facet normal  -9.8324936754e-01 1.0191591785e-01 1.5110865931e-01
   outer loop
     vertex 1.1637857658e-01 -1.0549598171e-02 -2.4981446866e-02
     vertex 1.1573974066e-01 -2.1650939985e-02 -2.1650939985e-02
     vertex 1.1637857658e-01 -1.9168434065e-02 -1.9168434065e-02
   endloop
 endfacet
 facet normal  -9.8324936754e-01 1.5110865931e-01 1.0191591785e-01
   outer loop
     vertex 1.1637857658e-01 -1.9168434065e-02 -1.9168434065e-02
     vertex 1.1573974066e-01 -2.1650939985e-02 -2.1650939985e-02
     vertex 1.1573974066e-01 -2.8216796687e-02 -1.1915877744e-02
   endloop
 endfacet
 facet normal  -9.8324936754e-01 1.5110865931e-01 1.0191591785e-01
   outer loop
     vertex 1.1637857658e-01 -1.9168434065e-02 -1.9168434065e-02
     vertex 1.1573974066e-01 -2.8216796687e-02 -1.1915877744e-02
     vertex 1.1637857658e-01 -2.4981446866e-02 -1.0549598171e-02
   endloop
 endfacet
 facet normal  -9.8320782837e-01 1.7887275609e-01 3.6151118286e-02
   outer loop
     vertex 1.1637857658e-01 -2.4981446866e-02 -1.0549598171e-02
     vertex 1.1573974066e-01 -2.8216796687e-02 -1.1915877744e-02
     vertex 1.1573974066e-01 -3.0625057818e-02 0.0000000000e+00
   endloop
 endfacet
 facet normal  -9.8320782837e-01 1.7887275609e-01 3.6151118286e-02
   outer loop
     vertex 1.1637857658e-01 -2.4981446866e-02 -1.0549598171e-02
     vertex 1.1573974066e-01 -3.0625057818e-02 0.0000000000e+00
     vertex 1.1637857658e-01 -2.7113575759e-02 0.0000000000e+00
   endloop
 endfacet
 facet normal  -9.8320782837e-01 1.7887275609e-01 -3.6151118286e-02
   outer loop
     vertex 1.1637857658e-01 -2.7113575759e-02 0.0000000000e+00
     vertex 1.1573974066e-01 -3.0625057818e-02 0.0000000000e+00
     vertex 1.1637857658e-01 -2.4981446866e-02 1.0549598171e-02
   endloop
 endfacet
 facet normal  -9.8320782837e-01 1.7887275609e-01 -3.6151118286e-02
   outer loop
     vertex 1.1573974066e-01 -3.0625057818e-02 0.0000000000e+00
     vertex 1.1573974066e-01 -2.8216796687e-02 1.1915877744e-02
     vertex 1.1637857658e-01 -2.4981446866e-02 1.0549598171e-02
   endloop
 endfacet
 facet normal  -9.8324936754e-01 1.5110865931e-01 -1.0191591785e-01
   outer loop
     vertex 1.1637857658e-01 -2.4981446866e-02 1.0549598171e-02
     vertex 1.1573974066e-01 -2.8216796687e-02 1.1915877744e-02
     vertex 1.1637857658e-01 -1.9168434065e-02 1.9168434065e-02
   endloop
 endfacet
 facet normal  -9.8324936754e-01 1.5110865931e-01 -1.0191591785e-01
   outer loop
     vertex 1.1573974066e-01 -2.8216796687e-02 1.1915877744e-02
     vertex 1.1573974066e-01 -2.1650939985e-02 2.1650939985e-02
     vertex 1.1637857658e-01 -1.9168434065e-02 1.9168434065e-02
   endloop
 endfacet
 facet normal  -9.8324936754e-01 1.0191591785e-01 -1.5110865931e-01
   outer loop
     vertex 1.1637857658e-01 -1.9168434065e-02 1.9168434065e-02
     vertex 1.1573974066e-01 -2.1650939985e-02 2.1650939985e-02
     vertex 1.1637857658e-01 -1.0549598171e-02 2.4981446866e-02
   endloop
 endfacet
 facet normal  -9.8324936754e-01 1.0191591785e-01 -1.5110865931e-01
   outer loop
     vertex 1.1573974066e-01 -2.1650939985e-02 2.1650939985e-02
     vertex 1.1573974066e-01 -1.1915877744e-02 2.8216796687e-02
     vertex 1.1637857658e-01 -1.0549598171e-02 2.4981446866e-02
   endloop
 endfacet
 facet normal  -9.8320782837e-01 3.6151118286e-02 -1.7887275609e-01
   outer loop
     vertex 1.1637857658e-01 -1.0549598171e-02 2.4981446866e-02
     vertex 1.1573974066e-01 -1.1915877744e-02 2.8216796687e-02
     vertex 1.1637857658e-01 0.0000000000e+00 2.7113575759e-02
   endloop
 endfacet
 facet normal  -9.8320782837e-01 3.6151118286e-02 -1.7887275609e-01
   outer loop
     vertex 1.1573974066e-01 -1.1915877744e-02 2.8216796687e-02
     vertex 1.1573974066e-01 0.0000000000e+00 3.0625057818e-02
     vertex 1.1637857658e-01 0.0000000000e+00 2.7113575759e-02
   endloop
 endfacet
 facet normal  -9.8320782837e-01 -3.6151118286e-02 -1.7887275609e-01
   outer loop
     vertex 1.1637857658e-01 0.0000000000e+00 2.7113575759e-02
     vertex 1.1573974066e-01 0.0000000000e+00 3.0625057818e-02
     vertex 1.1573974066e-01 1.1915877744e-02 2.8216796687e-02
   endloop
 endfacet
 facet normal  -9.8320782837e-01 -3.6151118286e-02 -1.7887275609e-01
   outer loop
     vertex 1.1637857658e-01 0.0000000000e+00 2.7113575759e-02
     vertex 1.1573974066e-01 1.1915877744e-02 2.8216796687e-02
     vertex 1.1637857658e-01 1.0549598171e-02 2.4981446866e-02
   endloop
 endfacet
 facet normal  -9.8324936754e-01 -1.0191591785e-01 -1.5110865931e-01
   outer loop
     vertex 1.1637857658e-01 1.0549598171e-02 2.4981446866e-02
     vertex 1.1573974066e-01 1.1915877744e-02 2.8216796687e-02
     vertex 1.1573974066e-01 2.1650939985e-02 2.1650939985e-02
   endloop
 endfacet
 facet normal  -9.8324936754e-01 -1.0191591785e-01 -1.5110865931e-01
   outer loop
     vertex 1.1637857658e-01 1.0549598171e-02 2.4981446866e-02
     vertex 1.1573974066e-01 2.1650939985e-02 2.1650939985e-02
     vertex 1.1637857658e-01 1.9168434065e-02 1.9168434065e-02
   endloop
 endfacet
 facet normal  -9.8324936754e-01 -1.5110865931e-01 -1.0191591785e-01
   outer loop
     vertex 1.1637857658e-01 1.9168434065e-02 1.9168434065e-02
     vertex 1.1573974066e-01 2.1650939985e-02 2.1650939985e-02
     vertex 1.1573974066e-01 2.8216796687e-02 1.1915877744e-02
   endloop
 endfacet
 facet normal  -9.8324936754e-01 -1.5110865931e-01 -1.0191591785e-01
   outer loop
     vertex 1.1637857658e-01 1.9168434065e-02 1.9168434065e-02
     vertex 1.1573974066e-01 2.8216796687e-02 1.1915877744e-02
     vertex 1.1637857658e-01 2.4981446866e-02 1.0549598171e-02
   endloop
 endfacet
 facet normal  -9.8320782837e-01 -1.7887275609e-01 -3.6151118286e-02
   outer loop
     vertex 1.1637857658e-01 2.4981446866e-02 1.0549598171e-02
     vertex 1.1573974066e-01 2.8216796687e-02 1.1915877744e-02
     vertex 1.1573974066e-01 3.0625057818e-02 0.0000000000e+00
   endloop
 endfacet
 facet normal  -9.8320782837e-01 -1.7887275609e-01 -3.6151118286e-02
   outer loop
     vertex 1.1637857658e-01 2.4981446866e-02 1.0549598171e-02
     vertex 1.1573974066e-01 3.0625057818e-02 0.0000000000e+00
     vertex 1.1637857658e-01 2.7113575759e-02 0.0000000000e+00
   endloop
 endfacet
 facet normal  -9.5188940177e-01 -3.0036867174e-01 6.0706077430e-02
   outer loop
     vertex 1.1573974066e-01 3.0625057818e-02 0.0000000000e+00
     vertex 1.1441723169e-01 3.4816181566e-02 0.0000000000e+00
     vertex 1.1573974066e-01 2.8216796687e-02 -1.1915877744e-02
   endloop
 endfacet
 facet normal  -9.5188940177e-01 -3.0036867174e-01 6.0706077430e-02
   outer loop
     vertex 1.1441723169e-01 3.4816181566e-02 0.0000000000e+00
     vertex 1.1441723169e-01 3.2078343248e-02 -1.3546598525e-02
     vertex 1.1573974066e-01 2.8216796687e-02 -1.1915877744e-02
   endloop
 endfacet
 facet normal  -9.5200281662e-01 -2.5376585245e-01 1.7115352548e-01
   outer loop
     vertex 1.1573974066e-01 2.8216796687e-02 -1.1915877744e-02
     vertex 1.1441723169e-01 3.2078343248e-02 -1.3546598525e-02
     vertex 1.1573974066e-01 2.1650939985e-02 -2.1650939985e-02
   endloop
 endfacet
 facet normal  -9.5200281662e-01 -2.5376585245e-01 1.7115352548e-01
   outer loop
     vertex 1.1441723169e-01 3.2078343248e-02 -1.3546598525e-02
     vertex 1.1441723169e-01 2.4613930921e-02 -2.4613930921e-02
     vertex 1.1573974066e-01 2.1650939985e-02 -2.1650939985e-02
   endloop
 endfacet
 facet normal  -9.5200281662e-01 -1.7115352548e-01 2.5376585245e-01
   outer loop
     vertex 1.1573974066e-01 2.1650939985e-02 -2.1650939985e-02
     vertex 1.1441723169e-01 2.4613930921e-02 -2.4613930921e-02
     vertex 1.1573974066e-01 1.1915877744e-02 -2.8216796687e-02
   endloop
 endfacet
 facet normal  -9.5200281662e-01 -1.7115352548e-01 2.5376585245e-01
   outer loop
     vertex 1.1441723169e-01 2.4613930921e-02 -2.4613930921e-02
     vertex 1.1441723169e-01 1.3546598525e-02 -3.2078343248e-02
     vertex 1.1573974066e-01 1.1915877744e-02 -2.8216796687e-02
   endloop
 endfacet
 facet normal  -9.5188940177e-01 -6.0706077430e-02 3.0036867174e-01
   outer loop
     vertex 1.1573974066e-01 1.1915877744e-02 -2.8216796687e-02
     vertex 1.1441723169e-01 1.3546598525e-02 -3.2078343248e-02
     vertex 1.1573974066e-01 0.0000000000e+00 -3.0625057818e-02
   endloop
 endfacet
 facet normal  -9.5188940177e-01 -6.0706077430e-02 3.0036867174e-01
   outer loop
     vertex 1.1441723169e-01 1.3546598525e-02 -3.2078343248e-02
     vertex 1.1441723169e-01 0.0000000000e+00 -3.4816181566e-02
     vertex 1.1573974066e-01 0.0000000000e+00 -3.0625057818e-02
   endloop
 endfacet
 facet normal  -9.5188940177e-01 6.0706077430e-02 3.0036867174e-01
   outer loop
     vertex 1.1573974066e-01 0.0000000000e+00 -3.0625057818e-02
     vertex 1.1441723169e-01 0.0000000000e+00 -3.4816181566e-02
     vertex 1.1441723169e-01 -1.3546598525e-02 -3.2078343248e-02
   endloop
 endfacet
 facet normal  -9.5188940177e-01 6.0706077430e-02 3.0036867174e-01
   outer loop
     vertex 1.1573974066e-01 0.0000000000e+00 -3.0625057818e-02
     vertex 1.1441723169e-01 -1.3546598525e-02 -3.2078343248e-02
     vertex 1.1573974066e-01 -1.1915877744e-02 -2.8216796687e-02
   endloop
 endfacet
 facet normal  -9.5200281662e-01 1.7115352548e-01 2.5376585245e-01
   outer loop
     vertex 1.1573974066e-01 -1.1915877744e-02 -2.8216796687e-02
     vertex 1.1441723169e-01 -1.3546598525e-02 -3.2078343248e-02
     vertex 1.1441723169e-01 -2.4613930921e-02 -2.4613930921e-02
   endloop
 endfacet
 facet normal  -9.5200281662e-01 1.7115352548e-01 2.5376585245e-01
   outer loop
     vertex 1.1573974066e-01 -1.1915877744e-02 -2.8216796687e-02
     vertex 1.1441723169e-01 -2.4613930921e-02 -2.4613930921e-02
     vertex 1.1573974066e-01 -2.1650939985e-02 -2.1650939985e-02
   endloop
 endfacet
 facet normal  -9.5200281662e-01 2.5376585245e-01 1.7115352548e-01
   outer loop
     vertex 1.1573974066e-01 -2.1650939985e-02 -2.1650939985e-02
     vertex 1.1441723169e-01 -2.4613930921e-02 -2.4613930921e-02
     vertex 1.1441723169e-01 -3.2078343248e-02 -1.3546598525e-02
   endloop
 endfacet
 facet normal  -9.5200281662e-01 2.5376585245e-01 1.7115352548e-01
   outer loop
     vertex 1.1573974066e-01 -2.1650939985e-02 -2.1650939985e-02
     vertex 1.1441723169e-01 -3.2078343248e-02 -1.3546598525e-02
     vertex 1.1573974066e-01 -2.8216796687e-02 -1.1915877744e-02
   endloop
 endfacet
 facet normal  -9.5188940177e-01 3.0036867174e-01 6.0706077430e-02
   outer loop
     vertex 1.1573974066e-01 -2.8216796687e-02 -1.1915877744e-02
     vertex 1.1441723169e-01 -3.2078343248e-02 -1.3546598525e-02
     vertex 1.1441723169e-01 -3.4816181566e-02 0.0000000000e+00
   endloop
 endfacet
 facet normal  -9.5188940177e-01 3.0036867174e-01 6.0706077430e-02
   outer loop
     vertex 1.1573974066e-01 -2.8216796687e-02 -1.1915877744e-02
     vertex 1.1441723169e-01 -3.4816181566e-02 0.0000000000e+00
     vertex 1.1573974066e-01 -3.0625057818e-02 0.0000000000e+00
   endloop
 endfacet
 facet normal  -9.5188940177e-01 3.0036867174e-01 -6.0706077430e-02
   outer loop
     vertex 1.1573974066e-01 -3.0625057818e-02 0.0000000000e+00
     vertex 1.1441723169e-01 -3.4816181566e-02 0.0000000000e+00
     vertex 1.1573974066e-01 -2.8216796687e-02 1.1915877744e-02
   endloop
 endfacet
 facet normal  -9.5188940177e-01 3.0036867174e-01 -6.0706077430e-02
   outer loop
     vertex 1.1441723169e-01 -3.4816181566e-02 0.0000000000e+00
     vertex 1.1441723169e-01 -3.2078343248e-02 1.3546598525e-02
     vertex 1.1573974066e-01 -2.8216796687e-02 1.1915877744e-02
   endloop
 endfacet
 facet normal  -9.5200281662e-01 2.5376585245e-01 -1.7115352548e-01
   outer loop
     vertex 1.1573974066e-01 -2.8216796687e-02 1.1915877744e-02
     vertex 1.1441723169e-01 -3.2078343248e-02 1.3546598525e-02
     vertex 1.1573974066e-01 -2.1650939985e-02 2.1650939985e-02
   endloop
 endfacet
 facet normal  -9.5200281662e-01 2.5376585245e-01 -1.7115352548e-01
   outer loop
     vertex 1.1441723169e-01 -3.2078343248e-02 1.3546598525e-02
     vertex 1.1441723169e-01 -2.4613930921e-02 2.4613930921e-02
     vertex 1.1573974066e-01 -2.1650939985e-02 2.1650939985e-02
   endloop
 endfacet
 facet normal  -9.5200281662e-01 1.7115352548e-01 -2.5376585245e-01
   outer loop
     vertex 1.1573974066e-01 -2.1650939985e-02 2.1650939985e-02
     vertex 1.1441723169e-01 -2.4613930921e-02 2.4613930921e-02
     vertex 1.1573974066e-01 -1.1915877744e-02 2.8216796687e-02
   endloop
 endfacet
 facet normal  -9.5200281662e-01 1.7115352548e-01 -2.5376585245e-01
   outer loop
     vertex 1.1441723169e-01 -2.4613930921e-02 2.4613930921e-02
     vertex 1.1441723169e-01 -1.3546598525e-02 3.2078343248e-02
     vertex 1.1573974066e-01 -1.1915877744e-02 2.8216796687e-02
   endloop
 endfacet
 facet normal  -9.5188940177e-01 6.0706077430e-02 -3.0036867174e-01
   outer loop
     vertex 1.1573974066e-01 -1.1915877744e-02 2.8216796687e-02
     vertex 1.1441723169e-01 -1.3546598525e-02 3.2078343248e-02
     vertex 1.1573974066e-01 0.0000000000e+00 3.0625057818e-02
   endloop
 endfacet
 facet normal  -9.5188940177e-01 6.0706077430e-02 -3.0036867174e-01
   outer loop
     vertex 1.1441723169e-01 -1.3546598525e-02 3.2078343248e-02
     vertex 1.1441723169e-01 0.0000000000e+00 3.4816181566e-02
     vertex 1.1573974066e-01 0.0000000000e+00 3.0625057818e-02
   endloop
 endfacet
 facet normal  -9.5188940177e-01 -6.0706077430e-02 -3.0036867174e-01
   outer loop
     vertex 1.1573974066e-01 0.0000000000e+00 3.0625057818e-02
     vertex 1.1441723169e-01 0.0000000000e+00 3.4816181566e-02
     vertex 1.1441723169e-01 1.3546598525e-02 3.2078343248e-02
   endloop
 endfacet
 facet normal  -9.5188940177e-01 -6.0706077430e-02 -3.0036867174e-01
   outer loop
     vertex 1.1573974066e-01 0.0000000000e+00 3.0625057818e-02
     vertex 1.1441723169e-01 1.3546598525e-02 3.2078343248e-02
     vertex 1.1573974066e-01 1.1915877744e-02 2.8216796687e-02
   endloop
 endfacet
 facet normal  -9.5200281662e-01 -1.7115352548e-01 -2.5376585245e-01
   outer loop
     vertex 1.1573974066e-01 1.1915877744e-02 2.8216796687e-02
     vertex 1.1441723169e-01 1.3546598525e-02 3.2078343248e-02
     vertex 1.1441723169e-01 2.4613930921e-02 2.4613930921e-02
   endloop
 endfacet
 facet normal  -9.5200281662e-01 -1.7115352548e-01 -2.5376585245e-01
   outer loop
     vertex 1.1573974066e-01 1.1915877744e-02 2.8216796687e-02
     vertex 1.1441723169e-01 2.4613930921e-02 2.4613930921e-02
     vertex 1.1573974066e-01 2.1650939985e-02 2.1650939985e-02
   endloop
 endfacet
 facet normal  -9.5200281662e-01 -2.5376585245e-01 -1.7115352548e-01
   outer loop
     vertex 1.1573974066e-01 2.1650939985e-02 2.1650939985e-02
     vertex 1.1441723169e-01 2.4613930921e-02 2.4613930921e-02
     vertex 1.1441723169e-01 3.2078343248e-02 1.3546598525e-02
   endloop
 endfacet
 facet normal  -9.5200281662e-01 -2.5376585245e-01 -1.7115352548e-01
   outer loop
     vertex 1.1573974066e-01 2.1650939985e-02 2.1650939985e-02
     vertex 1.1441723169e-01 3.2078343248e-02 1.3546598525e-02
     vertex 1.1573974066e-01 2.8216796687e-02 1.1915877744e-02
   endloop
 endfacet
 facet normal  -9.5188940177e-01 -3.0036867174e-01 -6.0706077430e-02
   outer loop
     vertex 1.1573974066e-01 2.8216796687e-02 1.1915877744e-02
     vertex 1.1441723169e-01 3.2078343248e-02 1.3546598525e-02
     vertex 1.1441723169e-01 3.4816181566e-02 0.0000000000e+00
   endloop
 endfacet
 facet normal  -9.5188940177e-01 -3.0036867174e-01 -6.0706077430e-02
   outer loop
     vertex 1.1573974066e-01 2.8216796687e-02 1.1915877744e-02
     vertex 1.1441723169e-01 3.4816181566e-02 0.0000000000e+00
     vertex 1.1573974066e-01 3.0625057818e-02 0.0000000000e+00
   endloop
 endfacet
 facet normal  -9.8144478565e-01 -1.8794493568e-01 3.7984653167e-02
   outer loop
     vertex 1.1441723169e-01 3.4816181566e-02 0.0000000000e+00
     vertex 1.1374478910e-01 3.8327663626e-02 0.0000000000e+00
     vertex 1.1441723169e-01 3.2078343248e-02 -1.3546598525e-02
   endloop
 endfacet
 facet normal  -9.8144478565e-01 -1.8794493568e-01 3.7984653167e-02
   outer loop
     vertex 1.1374478910e-01 3.8327663626e-02 0.0000000000e+00
     vertex 1.1374478910e-01 3.5313693070e-02 -1.4912878098e-02
     vertex 1.1441723169e-01 3.2078343248e-02 -1.3546598525e-02
   endloop
 endfacet
 facet normal  -9.8149056336e-01 -1.5877337990e-01 1.0708542327e-01
   outer loop
     vertex 1.1441723169e-01 3.2078343248e-02 -1.3546598525e-02
     vertex 1.1374478910e-01 3.5313693070e-02 -1.4912878098e-02
     vertex 1.1441723169e-01 2.4613930921e-02 -2.4613930921e-02
   endloop
 endfacet
 facet normal  -9.8149056336e-01 -1.5877337990e-01 1.0708542327e-01
   outer loop
     vertex 1.1374478910e-01 3.5313693070e-02 -1.4912878098e-02
     vertex 1.1374478910e-01 2.7096436841e-02 -2.7096436841e-02
     vertex 1.1441723169e-01 2.4613930921e-02 -2.4613930921e-02
   endloop
 endfacet
 facet normal  -9.8149056336e-01 -1.0708542327e-01 1.5877337990e-01
   outer loop
     vertex 1.1441723169e-01 2.4613930921e-02 -2.4613930921e-02
     vertex 1.1374478910e-01 2.7096436841e-02 -2.7096436841e-02
     vertex 1.1441723169e-01 1.3546598525e-02 -3.2078343248e-02
   endloop
 endfacet
 facet normal  -9.8149056336e-01 -1.0708542327e-01 1.5877337990e-01
   outer loop
     vertex 1.1374478910e-01 2.7096436841e-02 -2.7096436841e-02
     vertex 1.1374478910e-01 1.4912878098e-02 -3.5313693070e-02
     vertex 1.1441723169e-01 1.3546598525e-02 -3.2078343248e-02
   endloop
 endfacet
 facet normal  -9.8144478565e-01 -3.7984653167e-02 1.8794493568e-01
   outer loop
     vertex 1.1441723169e-01 1.3546598525e-02 -3.2078343248e-02
     vertex 1.1374478910e-01 1.4912878098e-02 -3.5313693070e-02
     vertex 1.1441723169e-01 0.0000000000e+00 -3.4816181566e-02
   endloop
 endfacet
 facet normal  -9.8144478565e-01 -3.7984653167e-02 1.8794493568e-01
   outer loop
     vertex 1.1374478910e-01 1.4912878098e-02 -3.5313693070e-02
     vertex 1.1374478910e-01 0.0000000000e+00 -3.8327663626e-02
     vertex 1.1441723169e-01 0.0000000000e+00 -3.4816181566e-02
   endloop
 endfacet
 facet normal  -9.8144478565e-01 3.7984653167e-02 1.8794493568e-01
   outer loop
     vertex 1.1441723169e-01 0.0000000000e+00 -3.4816181566e-02
     vertex 1.1374478910e-01 0.0000000000e+00 -3.8327663626e-02
     vertex 1.1374478910e-01 -1.4912878098e-02 -3.5313693070e-02
   endloop
 endfacet
 facet normal  -9.8144478565e-01 3.7984653167e-02 1.8794493568e-01
   outer loop
     vertex 1.1441723169e-01 0.0000000000e+00 -3.4816181566e-02
     vertex 1.1374478910e-01 -1.4912878098e-02 -3.5313693070e-02
     vertex 1.1441723169e-01 -1.3546598525e-02 -3.2078343248e-02
   endloop
 endfacet
 facet normal  -9.8149056336e-01 1.0708542327e-01 1.5877337990e-01
   outer loop
     vertex 1.1441723169e-01 -1.3546598525e-02 -3.2078343248e-02
     vertex 1.1374478910e-01 -1.4912878098e-02 -3.5313693070e-02
     vertex 1.1374478910e-01 -2.7096436841e-02 -2.7096436841e-02
   endloop
 endfacet
 facet normal  -9.8149056336e-01 1.0708542327e-01 1.5877337990e-01
   outer loop
     vertex 1.1441723169e-01 -1.3546598525e-02 -3.2078343248e-02
     vertex 1.1374478910e-01 -2.7096436841e-02 -2.7096436841e-02
     vertex 1.1441723169e-01 -2.4613930921e-02 -2.4613930921e-02
   endloop
 endfacet
 facet normal  -9.8149056336e-01 1.5877337990e-01 1.0708542327e-01
   outer loop
     vertex 1.1441723169e-01 -2.4613930921e-02 -2.4613930921e-02
     vertex 1.1374478910e-01 -2.7096436841e-02 -2.7096436841e-02
     vertex 1.1374478910e-01 -3.5313693070e-02 -1.4912878098e-02
   endloop
 endfacet
 facet normal  -9.8149056336e-01 1.5877337990e-01 1.0708542327e-01
   outer loop
     vertex 1.1441723169e-01 -2.4613930921e-02 -2.4613930921e-02
     vertex 1.1374478910e-01 -3.5313693070e-02 -1.4912878098e-02
     vertex 1.1441723169e-01 -3.2078343248e-02 -1.3546598525e-02
   endloop
 endfacet
 facet normal  -9.8144478565e-01 1.8794493568e-01 3.7984653167e-02
   outer loop
     vertex 1.1441723169e-01 -3.2078343248e-02 -1.3546598525e-02
     vertex 1.1374478910e-01 -3.5313693070e-02 -1.4912878098e-02
     vertex 1.1374478910e-01 -3.8327663626e-02 0.0000000000e+00
   endloop
 endfacet
 facet normal  -9.8144478565e-01 1.8794493568e-01 3.7984653167e-02
   outer loop
     vertex 1.1441723169e-01 -3.2078343248e-02 -1.3546598525e-02
     vertex 1.1374478910e-01 -3.8327663626e-02 0.0000000000e+00
     vertex 1.1441723169e-01 -3.4816181566e-02 0.0000000000e+00
   endloop
 endfacet
 facet normal  -9.8144478565e-01 1.8794493568e-01 -3.7984653167e-02
   outer loop
     vertex 1.1441723169e-01 -3.4816181566e-02 0.0000000000e+00
     vertex 1.1374478910e-01 -3.8327663626e-02 0.0000000000e+00
     vertex 1.1441723169e-01 -3.2078343248e-02 1.3546598525e-02
   endloop
 endfacet
 facet normal  -9.8144478565e-01 1.8794493568e-01 -3.7984653167e-02
   outer loop
     vertex 1.1374478910e-01 -3.8327663626e-02 0.0000000000e+00
     vertex 1.1374478910e-01 -3.5313693070e-02 1.4912878098e-02
     vertex 1.1441723169e-01 -3.2078343248e-02 1.3546598525e-02
   endloop
 endfacet
 facet normal  -9.8149056336e-01 1.5877337990e-01 -1.0708542327e-01
   outer loop
     vertex 1.1441723169e-01 -3.2078343248e-02 1.3546598525e-02
     vertex 1.1374478910e-01 -3.5313693070e-02 1.4912878098e-02
     vertex 1.1441723169e-01 -2.4613930921e-02 2.4613930921e-02
   endloop
 endfacet
 facet normal  -9.8149056336e-01 1.5877337990e-01 -1.0708542327e-01
   outer loop
     vertex 1.1374478910e-01 -3.5313693070e-02 1.4912878098e-02
     vertex 1.1374478910e-01 -2.7096436841e-02 2.7096436841e-02
     vertex 1.1441723169e-01 -2.4613930921e-02 2.4613930921e-02
   endloop
 endfacet
 facet normal  -9.8149056336e-01 1.0708542327e-01 -1.5877337990e-01
   outer loop
     vertex 1.1441723169e-01 -2.4613930921e-02 2.4613930921e-02
     vertex 1.1374478910e-01 -2.7096436841e-02 2.7096436841e-02
     vertex 1.1441723169e-01 -1.3546598525e-02 3.2078343248e-02
   endloop
 endfacet
 facet normal  -9.8149056336e-01 1.0708542327e-01 -1.5877337990e-01
   outer loop
     vertex 1.1374478910e-01 -2.7096436841e-02 2.7096436841e-02
     vertex 1.1374478910e-01 -1.4912878098e-02 3.5313693070e-02
     vertex 1.1441723169e-01 -1.3546598525e-02 3.2078343248e-02
   endloop
 endfacet
 facet normal  -9.8144478565e-01 3.7984653167e-02 -1.8794493568e-01
   outer loop
     vertex 1.1441723169e-01 -1.3546598525e-02 3.2078343248e-02
     vertex 1.1374478910e-01 -1.4912878098e-02 3.5313693070e-02
     vertex 1.1441723169e-01 0.0000000000e+00 3.4816181566e-02
   endloop
 endfacet
 facet normal  -9.8144478565e-01 3.7984653167e-02 -1.8794493568e-01
   outer loop
     vertex 1.1374478910e-01 -1.4912878098e-02 3.5313693070e-02
     vertex 1.1374478910e-01 0.0000000000e+00 3.8327663626e-02
     vertex 1.1441723169e-01 0.0000000000e+00 3.4816181566e-02
   endloop
 endfacet
 facet normal  -9.8144478565e-01 -3.7984653167e-02 -1.8794493568e-01
   outer loop
     vertex 1.1441723169e-01 0.0000000000e+00 3.4816181566e-02
     vertex 1.1374478910e-01 0.0000000000e+00 3.8327663626e-02
     vertex 1.1374478910e-01 1.4912878098e-02 3.5313693070e-02
   endloop
 endfacet
 facet normal  -9.8144478565e-01 -3.7984653167e-02 -1.8794493568e-01
   outer loop
     vertex 1.1441723169e-01 0.0000000000e+00 3.4816181566e-02
     vertex 1.1374478910e-01 1.4912878098e-02 3.5313693070e-02
     vertex 1.1441723169e-01 1.3546598525e-02 3.2078343248e-02
   endloop
 endfacet
 facet normal  -9.8149056336e-01 -1.0708542327e-01 -1.5877337990e-01
   outer loop
     vertex 1.1441723169e-01 1.3546598525e-02 3.2078343248e-02
     vertex 1.1374478910e-01 1.4912878098e-02 3.5313693070e-02
     vertex 1.1374478910e-01 2.7096436841e-02 2.7096436841e-02
   endloop
 endfacet
 facet normal  -9.8149056336e-01 -1.0708542327e-01 -1.5877337990e-01
   outer loop
     vertex 1.1441723169e-01 1.3546598525e-02 3.2078343248e-02
     vertex 1.1374478910e-01 2.7096436841e-02 2.7096436841e-02
     vertex 1.1441723169e-01 2.4613930921e-02 2.4613930921e-02
   endloop
 endfacet
 facet normal  -9.8149056336e-01 -1.5877337990e-01 -1.0708542327e-01
   outer loop
     vertex 1.1441723169e-01 2.4613930921e-02 2.4613930921e-02
     vertex 1.1374478910e-01 2.7096436841e-02 2.7096436841e-02
     vertex 1.1374478910e-01 3.5313693070e-02 1.4912878098e-02
   endloop
 endfacet
 facet normal  -9.8149056336e-01 -1.5877337990e-01 -1.0708542327e-01
   outer loop
     vertex 1.1441723169e-01 2.4613930921e-02 2.4613930921e-02
     vertex 1.1374478910e-01 3.5313693070e-02 1.4912878098e-02
     vertex 1.1441723169e-01 3.2078343248e-02 1.3546598525e-02
   endloop
 endfacet
 facet normal  -9.8144478565e-01 -1.8794493568e-01 -3.7984653167e-02
   outer loop
     vertex 1.1441723169e-01 3.2078343248e-02 1.3546598525e-02
     vertex 1.1374478910e-01 3.5313693070e-02 1.4912878098e-02
     vertex 1.1374478910e-01 3.8327663626e-02 0.0000000000e+00
   endloop
 endfacet
 facet normal  -9.8144478565e-01 -1.8794493568e-01 -3.7984653167e-02
   outer loop
     vertex 1.1441723169e-01 3.2078343248e-02 1.3546598525e-02
     vertex 1.1374478910e-01 3.8327663626e-02 0.0000000000e+00
     vertex 1.1441723169e-01 3.4816181566e-02 0.0000000000e+00
   endloop
 endfacet
 facet normal  -7.4014284843e-01 6.5912295941e-01 -1.3321219280e-01
   outer loop
     vertex 1.1374478910e-01 3.8327663626e-02 0.0000000000e+00
     vertex 1.1505615234e-01 3.9800220618e-02 0.0000000000e+00
     vertex 1.1374478910e-01 3.5313693070e-02 -1.4912878098e-02
   endloop
 endfacet
 facet normal  -7.4014284843e-01 6.5912295941e-01 -1.3321219280e-01
   outer loop
     vertex 1.1505615234e-01 3.9800220618e-02 0.0000000000e+00
     vertex 1.1505615234e-01 3.6670452672e-02 -1.5485834048e-02
     vertex 1.1374478910e-01 3.5313693070e-02 -1.4912878098e-02
   endloop
 endfacet
 facet normal  -7.4056777985e-01 5.5711199792e-01 -3.7574670354e-01
   outer loop
     vertex 1.1374478910e-01 3.5313693070e-02 -1.4912878098e-02
     vertex 1.1505615234e-01 3.6670452672e-02 -1.5485834048e-02
     vertex 1.1374478910e-01 2.7096436841e-02 -2.7096436841e-02
   endloop
 endfacet
 facet normal  -7.4056777985e-01 5.5711199792e-01 -3.7574670354e-01
   outer loop
     vertex 1.1505615234e-01 3.6670452672e-02 -1.5485834048e-02
     vertex 1.1505615234e-01 2.8137487711e-02 -2.8137487711e-02
     vertex 1.1374478910e-01 2.7096436841e-02 -2.7096436841e-02
   endloop
 endfacet
 facet normal  -7.4056777985e-01 3.7574670354e-01 -5.5711199792e-01
   outer loop
     vertex 1.1374478910e-01 2.7096436841e-02 -2.7096436841e-02
     vertex 1.1505615234e-01 2.8137487711e-02 -2.8137487711e-02
     vertex 1.1374478910e-01 1.4912878098e-02 -3.5313693070e-02
   endloop
 endfacet
 facet normal  -7.4056777985e-01 3.7574670354e-01 -5.5711199792e-01
   outer loop
     vertex 1.1505615234e-01 2.8137487711e-02 -2.8137487711e-02
     vertex 1.1505615234e-01 1.5485834048e-02 -3.6670452672e-02
     vertex 1.1374478910e-01 1.4912878098e-02 -3.5313693070e-02
   endloop
 endfacet
 facet normal  -7.4014284843e-01 1.3321219280e-01 -6.5912295941e-01
   outer loop
     vertex 1.1374478910e-01 1.4912878098e-02 -3.5313693070e-02
     vertex 1.1505615234e-01 1.5485834048e-02 -3.6670452672e-02
     vertex 1.1374478910e-01 0.0000000000e+00 -3.8327663626e-02
   endloop
 endfacet
 facet normal  -7.4014284843e-01 1.3321219280e-01 -6.5912295941e-01
   outer loop
     vertex 1.1505615234e-01 1.5485834048e-02 -3.6670452672e-02
     vertex 1.1505615234e-01 0.0000000000e+00 -3.9800220618e-02
     vertex 1.1374478910e-01 0.0000000000e+00 -3.8327663626e-02
   endloop
 endfacet
 facet normal  -7.4014284843e-01 -1.3321219280e-01 -6.5912295941e-01
   outer loop
     vertex 1.1374478910e-01 0.0000000000e+00 -3.8327663626e-02
     vertex 1.1505615234e-01 0.0000000000e+00 -3.9800220618e-02
     vertex 1.1505615234e-01 -1.5485834048e-02 -3.6670452672e-02
   endloop
 endfacet
 facet normal  -7.4014284843e-01 -1.3321219280e-01 -6.5912295941e-01
   outer loop
     vertex 1.1374478910e-01 0.0000000000e+00 -3.8327663626e-02
     vertex 1.1505615234e-01 -1.5485834048e-02 -3.6670452672e-02
     vertex 1.1374478910e-01 -1.4912878098e-02 -3.5313693070e-02
   endloop
 endfacet
 facet normal  -7.4056777985e-01 -3.7574670354e-01 -5.5711199792e-01
   outer loop
     vertex 1.1374478910e-01 -1.4912878098e-02 -3.5313693070e-02
     vertex 1.1505615234e-01 -1.5485834048e-02 -3.6670452672e-02
     vertex 1.1505615234e-01 -2.8137487711e-02 -2.8137487711e-02
   endloop
 endfacet
 facet normal  -7.4056777985e-01 -3.7574670354e-01 -5.5711199792e-01
   outer loop
     vertex 1.1374478910e-01 -1.4912878098e-02 -3.5313693070e-02
     vertex 1.1505615234e-01 -2.8137487711e-02 -2.8137487711e-02
     vertex 1.1374478910e-01 -2.7096436841e-02 -2.7096436841e-02
   endloop
 endfacet
 facet normal  -7.4056777985e-01 -5.5711199792e-01 -3.7574670354e-01
   outer loop
     vertex 1.1374478910e-01 -2.7096436841e-02 -2.7096436841e-02
     vertex 1.1505615234e-01 -2.8137487711e-02 -2.8137487711e-02
     vertex 1.1505615234e-01 -3.6670452672e-02 -1.5485834048e-02
   endloop
 endfacet
 facet normal  -7.4056777985e-01 -5.5711199792e-01 -3.7574670354e-01
   outer loop
     vertex 1.1374478910e-01 -2.7096436841e-02 -2.7096436841e-02
     vertex 1.1505615234e-01 -3.6670452672e-02 -1.5485834048e-02
     vertex 1.1374478910e-01 -3.5313693070e-02 -1.4912878098e-02
   endloop
 endfacet
 facet normal  -7.4014284843e-01 -6.5912295941e-01 -1.3321219280e-01
   outer loop
     vertex 1.1374478910e-01 -3.5313693070e-02 -1.4912878098e-02
     vertex 1.1505615234e-01 -3.6670452672e-02 -1.5485834048e-02
     vertex 1.1505615234e-01 -3.9800220618e-02 0.0000000000e+00
   endloop
 endfacet
 facet normal  -7.4014284843e-01 -6.5912295941e-01 -1.3321219280e-01
   outer loop
     vertex 1.1374478910e-01 -3.5313693070e-02 -1.4912878098e-02
     vertex 1.1505615234e-01 -3.9800220618e-02 0.0000000000e+00
     vertex 1.1374478910e-01 -3.8327663626e-02 0.0000000000e+00
   endloop
 endfacet
 facet normal  -7.4014284843e-01 -6.5912295941e-01 1.3321219280e-01
   outer loop
     vertex 1.1374478910e-01 -3.8327663626e-02 0.0000000000e+00
     vertex 1.1505615234e-01 -3.9800220618e-02 0.0000000000e+00
     vertex 1.1374478910e-01 -3.5313693070e-02 1.4912878098e-02
   endloop
 endfacet
 facet normal  -7.4014284843e-01 -6.5912295941e-01 1.3321219280e-01
   outer loop
     vertex 1.1505615234e-01 -3.9800220618e-02 0.0000000000e+00
     vertex 1.1505615234e-01 -3.6670452672e-02 1.5485834048e-02
     vertex 1.1374478910e-01 -3.5313693070e-02 1.4912878098e-02
   endloop
 endfacet
 facet normal  -7.4056777985e-01 -5.5711199792e-01 3.7574670354e-01
   outer loop
     vertex 1.1374478910e-01 -3.5313693070e-02 1.4912878098e-02
     vertex 1.1505615234e-01 -3.6670452672e-02 1.5485834048e-02
     vertex 1.1374478910e-01 -2.7096436841e-02 2.7096436841e-02
   endloop
 endfacet
 facet normal  -7.4056777985e-01 -5.5711199792e-01 3.7574670354e-01
   outer loop
     vertex 1.1505615234e-01 -3.6670452672e-02 1.5485834048e-02
     vertex 1.1505615234e-01 -2.8137487711e-02 2.8137487711e-02
     vertex 1.1374478910e-01 -2.7096436841e-02 2.7096436841e-02
   endloop
 endfacet
 facet normal  -7.4056777985e-01 -3.7574670354e-01 5.5711199792e-01
   outer loop
     vertex 1.1374478910e-01 -2.7096436841e-02 2.7096436841e-02
     vertex 1.1505615234e-01 -2.8137487711e-02 2.8137487711e-02
     vertex 1.1374478910e-01 -1.4912878098e-02 3.5313693070e-02
   endloop
 endfacet
 facet normal  -7.4056777985e-01 -3.7574670354e-01 5.5711199792e-01
   outer loop
     vertex 1.1505615234e-01 -2.8137487711e-02 2.8137487711e-02
     vertex 1.1505615234e-01 -1.5485834048e-02 3.6670452672e-02
     vertex 1.1374478910e-01 -1.4912878098e-02 3.5313693070e-02
   endloop
 endfacet
 facet normal  -7.4014284843e-01 -1.3321219280e-01 6.5912295941e-01
   outer loop
     vertex 1.1374478910e-01 -1.4912878098e-02 3.5313693070e-02
     vertex 1.1505615234e-01 -1.5485834048e-02 3.6670452672e-02
     vertex 1.1374478910e-01 0.0000000000e+00 3.8327663626e-02
   endloop
 endfacet
 facet normal  -7.4014284843e-01 -1.3321219280e-01 6.5912295941e-01
   outer loop
     vertex 1.1505615234e-01 -1.5485834048e-02 3.6670452672e-02
     vertex 1.1505615234e-01 0.0000000000e+00 3.9800220618e-02
     vertex 1.1374478910e-01 0.0000000000e+00 3.8327663626e-02
   endloop
 endfacet
 facet normal  -7.4014284843e-01 1.3321219280e-01 6.5912295941e-01
   outer loop
     vertex 1.1374478910e-01 0.0000000000e+00 3.8327663626e-02
     vertex 1.1505615234e-01 0.0000000000e+00 3.9800220618e-02
     vertex 1.1505615234e-01 1.5485834048e-02 3.6670452672e-02
   endloop
 endfacet
 facet normal  -7.4014284843e-01 1.3321219280e-01 6.5912295941e-01
   outer loop
     vertex 1.1374478910e-01 0.0000000000e+00 3.8327663626e-02
     vertex 1.1505615234e-01 1.5485834048e-02 3.6670452672e-02
     vertex 1.1374478910e-01 1.4912878098e-02 3.5313693070e-02
   endloop
 endfacet
 facet normal  -7.4056777985e-01 3.7574670354e-01 5.5711199792e-01
   outer loop
     vertex 1.1374478910e-01 1.4912878098e-02 3.5313693070e-02
     vertex 1.1505615234e-01 1.5485834048e-02 3.6670452672e-02
     vertex 1.1505615234e-01 2.8137487711e-02 2.8137487711e-02
   endloop
 endfacet
 facet normal  -7.4056777985e-01 3.7574670354e-01 5.5711199792e-01
   outer loop
     vertex 1.1374478910e-01 1.4912878098e-02 3.5313693070e-02
     vertex 1.1505615234e-01 2.8137487711e-02 2.8137487711e-02
     vertex 1.1374478910e-01 2.7096436841e-02 2.7096436841e-02
   endloop
 endfacet
 facet normal  -7.4056777985e-01 5.5711199792e-01 3.7574670354e-01
   outer loop
     vertex 1.1374478910e-01 2.7096436841e-02 2.7096436841e-02
     vertex 1.1505615234e-01 2.8137487711e-02 2.8137487711e-02
     vertex 1.1505615234e-01 3.6670452672e-02 1.5485834048e-02
   endloop
 endfacet
 facet normal  -7.4056777985e-01 5.5711199792e-01 3.7574670354e-01
   outer loop
     vertex 1.1374478910e-01 2.7096436841e-02 2.7096436841e-02
     vertex 1.1505615234e-01 3.6670452672e-02 1.5485834048e-02
     vertex 1.1374478910e-01 3.5313693070e-02 1.4912878098e-02
   endloop
 endfacet
 facet normal  -7.4014284843e-01 6.5912295941e-01 1.3321219280e-01
   outer loop
     vertex 1.1374478910e-01 3.5313693070e-02 1.4912878098e-02
     vertex 1.1505615234e-01 3.6670452672e-02 1.5485834048e-02
     vertex 1.1505615234e-01 3.9800220618e-02 0.0000000000e+00
   endloop
 endfacet
 facet normal  -7.4014284843e-01 6.5912295941e-01 1.3321219280e-01
   outer loop
     vertex 1.1374478910e-01 3.5313693070e-02 1.4912878098e-02
     vertex 1.1505615234e-01 3.9800220618e-02 0.0000000000e+00
     vertex 1.1374478910e-01 3.8327663626e-02 0.0000000000e+00
   endloop
 endfacet
 facet normal  -6.9831546306e-01 7.0160449010e-01 -1.4179793204e-01
   outer loop
     vertex 1.1505615234e-01 3.9800220618e-02 0.0000000000e+00
     vertex 1.1649175020e-01 4.1229088586e-02 0.0000000000e+00
     vertex 1.1505615234e-01 3.6670452672e-02 -1.5485834048e-02
   endloop
 endfacet
 facet normal  -6.9831546306e-01 7.0160449010e-01 -1.4179793204e-01
   outer loop
     vertex 1.1649175020e-01 4.1229088586e-02 0.0000000000e+00
     vertex 1.1649175020e-01 3.7986958822e-02 -1.6041791073e-02
     vertex 1.1505615234e-01 3.6670452672e-02 -1.5485834048e-02
   endloop
 endfacet
 facet normal  -6.9876977754e-01 5.9306407816e-01 -3.9999474646e-01
   outer loop
     vertex 1.1505615234e-01 3.6670452672e-02 -1.5485834048e-02
     vertex 1.1649175020e-01 3.7986958822e-02 -1.6041791073e-02
     vertex 1.1505615234e-01 2.8137487711e-02 -2.8137487711e-02
   endloop
 endfacet
 facet normal  -6.9876977754e-01 5.9306407816e-01 -3.9999474646e-01
   outer loop
     vertex 1.1649175020e-01 3.7986958822e-02 -1.6041791073e-02
     vertex 1.1649175020e-01 2.9147651832e-02 -2.9147651832e-02
     vertex 1.1505615234e-01 2.8137487711e-02 -2.8137487711e-02
   endloop
 endfacet
 facet normal  -6.9876977754e-01 3.9999474646e-01 -5.9306407816e-01
   outer loop
     vertex 1.1505615234e-01 2.8137487711e-02 -2.8137487711e-02
     vertex 1.1649175020e-01 2.9147651832e-02 -2.9147651832e-02
     vertex 1.1505615234e-01 1.5485834048e-02 -3.6670452672e-02
   endloop
 endfacet
 facet normal  -6.9876977754e-01 3.9999474646e-01 -5.9306407816e-01
   outer loop
     vertex 1.1649175020e-01 2.9147651832e-02 -2.9147651832e-02
     vertex 1.1649175020e-01 1.6041791073e-02 -3.7986958822e-02
     vertex 1.1505615234e-01 1.5485834048e-02 -3.6670452672e-02
   endloop
 endfacet
 facet normal  -6.9831546306e-01 1.4179793204e-01 -7.0160449010e-01
   outer loop
     vertex 1.1505615234e-01 1.5485834048e-02 -3.6670452672e-02
     vertex 1.1649175020e-01 1.6041791073e-02 -3.7986958822e-02
     vertex 1.1505615234e-01 0.0000000000e+00 -3.9800220618e-02
   endloop
 endfacet
 facet normal  -6.9831546306e-01 1.4179793204e-01 -7.0160449010e-01
   outer loop
     vertex 1.1649175020e-01 1.6041791073e-02 -3.7986958822e-02
     vertex 1.1649175020e-01 0.0000000000e+00 -4.1229088586e-02
     vertex 1.1505615234e-01 0.0000000000e+00 -3.9800220618e-02
   endloop
 endfacet
 facet normal  -6.9831546306e-01 -1.4179793204e-01 -7.0160449010e-01
   outer loop
     vertex 1.1505615234e-01 0.0000000000e+00 -3.9800220618e-02
     vertex 1.1649175020e-01 0.0000000000e+00 -4.1229088586e-02
     vertex 1.1649175020e-01 -1.6041791073e-02 -3.7986958822e-02
   endloop
 endfacet
 facet normal  -6.9831546306e-01 -1.4179793204e-01 -7.0160449010e-01
   outer loop
     vertex 1.1505615234e-01 0.0000000000e+00 -3.9800220618e-02
     vertex 1.1649175020e-01 -1.6041791073e-02 -3.7986958822e-02
     vertex 1.1505615234e-01 -1.5485834048e-02 -3.6670452672e-02
   endloop
 endfacet
 facet normal  -6.9876977754e-01 -3.9999474646e-01 -5.9306407816e-01
   outer loop
     vertex 1.1505615234e-01 -1.5485834048e-02 -3.6670452672e-02
     vertex 1.1649175020e-01 -1.6041791073e-02 -3.7986958822e-02
     vertex 1.1649175020e-01 -2.9147651832e-02 -2.9147651832e-02
   endloop
 endfacet
 facet normal  -6.9876977754e-01 -3.9999474646e-01 -5.9306407816e-01
   outer loop
     vertex 1.1505615234e-01 -1.5485834048e-02 -3.6670452672e-02
     vertex 1.1649175020e-01 -2.9147651832e-02 -2.9147651832e-02
     vertex 1.1505615234e-01 -2.8137487711e-02 -2.8137487711e-02
   endloop
 endfacet
 facet normal  -6.9876977754e-01 -5.9306407816e-01 -3.9999474646e-01
   outer loop
     vertex 1.1505615234e-01 -2.8137487711e-02 -2.8137487711e-02
     vertex 1.1649175020e-01 -2.9147651832e-02 -2.9147651832e-02
     vertex 1.1649175020e-01 -3.7986958822e-02 -1.6041791073e-02
   endloop
 endfacet
 facet normal  -6.9876977754e-01 -5.9306407816e-01 -3.9999474646e-01
   outer loop
     vertex 1.1505615234e-01 -2.8137487711e-02 -2.8137487711e-02
     vertex 1.1649175020e-01 -3.7986958822e-02 -1.6041791073e-02
     vertex 1.1505615234e-01 -3.6670452672e-02 -1.5485834048e-02
   endloop
 endfacet
 facet normal  -6.9831546306e-01 -7.0160449010e-01 -1.4179793204e-01
   outer loop
     vertex 1.1505615234e-01 -3.6670452672e-02 -1.5485834048e-02
     vertex 1.1649175020e-01 -3.7986958822e-02 -1.6041791073e-02
     vertex 1.1649175020e-01 -4.1229088586e-02 0.0000000000e+00
   endloop
 endfacet
 facet normal  -6.9831546306e-01 -7.0160449010e-01 -1.4179793204e-01
   outer loop
     vertex 1.1505615234e-01 -3.6670452672e-02 -1.5485834048e-02
     vertex 1.1649175020e-01 -4.1229088586e-02 0.0000000000e+00
     vertex 1.1505615234e-01 -3.9800220618e-02 0.0000000000e+00
   endloop
 endfacet
 facet normal  -6.9831546306e-01 -7.0160449010e-01 1.4179793204e-01
   outer loop
     vertex 1.1505615234e-01 -3.9800220618e-02 0.0000000000e+00
     vertex 1.1649175020e-01 -4.1229088586e-02 0.0000000000e+00
     vertex 1.1505615234e-01 -3.6670452672e-02 1.5485834048e-02
   endloop
 endfacet
 facet normal  -6.9831546306e-01 -7.0160449010e-01 1.4179793204e-01
   outer loop
     vertex 1.1649175020e-01 -4.1229088586e-02 0.0000000000e+00
     vertex 1.1649175020e-01 -3.7986958822e-02 1.6041791073e-02
     vertex 1.1505615234e-01 -3.6670452672e-02 1.5485834048e-02
   endloop
 endfacet
 facet normal  -6.9876977754e-01 -5.9306407816e-01 3.9999474646e-01
   outer loop
     vertex 1.1505615234e-01 -3.6670452672e-02 1.5485834048e-02
     vertex 1.1649175020e-01 -3.7986958822e-02 1.6041791073e-02
     vertex 1.1505615234e-01 -2.8137487711e-02 2.8137487711e-02
   endloop
 endfacet
 facet normal  -6.9876977754e-01 -5.9306407816e-01 3.9999474646e-01
   outer loop
     vertex 1.1649175020e-01 -3.7986958822e-02 1.6041791073e-02
     vertex 1.1649175020e-01 -2.9147651832e-02 2.9147651832e-02
     vertex 1.1505615234e-01 -2.8137487711e-02 2.8137487711e-02
   endloop
 endfacet
 facet normal  -6.9876977754e-01 -3.9999474646e-01 5.9306407816e-01
   outer loop
     vertex 1.1505615234e-01 -2.8137487711e-02 2.8137487711e-02
     vertex 1.1649175020e-01 -2.9147651832e-02 2.9147651832e-02
     vertex 1.1505615234e-01 -1.5485834048e-02 3.6670452672e-02
   endloop
 endfacet
 facet normal  -6.9876977754e-01 -3.9999474646e-01 5.9306407816e-01
   outer loop
     vertex 1.1649175020e-01 -2.9147651832e-02 2.9147651832e-02
     vertex 1.1649175020e-01 -1.6041791073e-02 3.7986958822e-02
     vertex 1.1505615234e-01 -1.5485834048e-02 3.6670452672e-02
   endloop
 endfacet
 facet normal  -6.9831546306e-01 -1.4179793204e-01 7.0160449010e-01
   outer loop
     vertex 1.1505615234e-01 -1.5485834048e-02 3.6670452672e-02
     vertex 1.1649175020e-01 -1.6041791073e-02 3.7986958822e-02
     vertex 1.1505615234e-01 0.0000000000e+00 3.9800220618e-02
   endloop
 endfacet
 facet normal  -6.9831546306e-01 -1.4179793204e-01 7.0160449010e-01
   outer loop
     vertex 1.1649175020e-01 -1.6041791073e-02 3.7986958822e-02
     vertex 1.1649175020e-01 0.0000000000e+00 4.1229088586e-02
     vertex 1.1505615234e-01 0.0000000000e+00 3.9800220618e-02
   endloop
 endfacet
 facet normal  -6.9831546306e-01 1.4179793204e-01 7.0160449010e-01
   outer loop
     vertex 1.1505615234e-01 0.0000000000e+00 3.9800220618e-02
     vertex 1.1649175020e-01 0.0000000000e+00 4.1229088586e-02
     vertex 1.1649175020e-01 1.6041791073e-02 3.7986958822e-02
   endloop
 endfacet
 facet normal  -6.9831546306e-01 1.4179793204e-01 7.0160449010e-01
   outer loop
     vertex 1.1505615234e-01 0.0000000000e+00 3.9800220618e-02
     vertex 1.1649175020e-01 1.6041791073e-02 3.7986958822e-02
     vertex 1.1505615234e-01 1.5485834048e-02 3.6670452672e-02
   endloop
 endfacet
 facet normal  -6.9876977754e-01 3.9999474646e-01 5.9306407816e-01
   outer loop
     vertex 1.1505615234e-01 1.5485834048e-02 3.6670452672e-02
     vertex 1.1649175020e-01 1.6041791073e-02 3.7986958822e-02
     vertex 1.1649175020e-01 2.9147651832e-02 2.9147651832e-02
   endloop
 endfacet
 facet normal  -6.9876977754e-01 3.9999474646e-01 5.9306407816e-01
   outer loop
     vertex 1.1505615234e-01 1.5485834048e-02 3.6670452672e-02
     vertex 1.1649175020e-01 2.9147651832e-02 2.9147651832e-02
     vertex 1.1505615234e-01 2.8137487711e-02 2.8137487711e-02
   endloop
 endfacet
 facet normal  -6.9876977754e-01 5.9306407816e-01 3.9999474646e-01
   outer loop
     vertex 1.1505615234e-01 2.8137487711e-02 2.8137487711e-02
     vertex 1.1649175020e-01 2.9147651832e-02 2.9147651832e-02
     vertex 1.1649175020e-01 3.7986958822e-02 1.6041791073e-02
   endloop
 endfacet
 facet normal  -6.9876977754e-01 5.9306407816e-01 3.9999474646e-01
   outer loop
     vertex 1.1505615234e-01 2.8137487711e-02 2.8137487711e-02
     vertex 1.1649175020e-01 3.7986958822e-02 1.6041791073e-02
     vertex 1.1505615234e-01 3.6670452672e-02 1.5485834048e-02
   endloop
 endfacet
 facet normal  -6.9831546306e-01 7.0160449010e-01 1.4179793204e-01
   outer loop
     vertex 1.1505615234e-01 3.6670452672e-02 1.5485834048e-02
     vertex 1.1649175020e-01 3.7986958822e-02 1.6041791073e-02
     vertex 1.1649175020e-01 4.1229088586e-02 0.0000000000e+00
   endloop
 endfacet
 facet normal  -6.9831546306e-01 7.0160449010e-01 1.4179793204e-01
   outer loop
     vertex 1.1505615234e-01 3.6670452672e-02 1.5485834048e-02
     vertex 1.1649175020e-01 4.1229088586e-02 0.0000000000e+00
     vertex 1.1505615234e-01 3.9800220618e-02 0.0000000000e+00
   endloop
 endfacet
 facet normal  -9.9203836674e-01 -1.2344019131e-01 2.4947907410e-02
   outer loop
     vertex 1.1649175020e-01 4.1229088586e-02 0.0000000000e+00
     vertex 1.1606777685e-01 4.4636389125e-02 0.0000000000e+00
     vertex 1.1649175020e-01 3.7986958822e-02 -1.6041791073e-02
   endloop
 endfacet
 facet normal  -9.9203836674e-01 -1.2344019131e-01 2.4947907410e-02
   outer loop
     vertex 1.1606777685e-01 4.4636389125e-02 0.0000000000e+00
     vertex 1.1606777685e-01 4.1126319639e-02 -1.7367534746e-02
     vertex 1.1649175020e-01 3.7986958822e-02 -1.6041791073e-02
   endloop
 endfacet
 facet normal  -9.9205832632e-01 -1.0427786473e-01 7.0330676904e-02
   outer loop
     vertex 1.1649175020e-01 3.7986958822e-02 -1.6041791073e-02
     vertex 1.1606777685e-01 4.1126319639e-02 -1.7367534746e-02
     vertex 1.1649175020e-01 2.9147651832e-02 -2.9147651832e-02
   endloop
 endfacet
 facet normal  -9.9205832632e-01 -1.0427786473e-01 7.0330676904e-02
   outer loop
     vertex 1.1606777685e-01 4.1126319639e-02 -1.7367534746e-02
     vertex 1.1606777685e-01 3.1556504736e-02 -3.1556504736e-02
     vertex 1.1649175020e-01 2.9147651832e-02 -2.9147651832e-02
   endloop
 endfacet
 facet normal  -9.9205832632e-01 -7.0330676904e-02 1.0427786473e-01
   outer loop
     vertex 1.1649175020e-01 2.9147651832e-02 -2.9147651832e-02
     vertex 1.1606777685e-01 3.1556504736e-02 -3.1556504736e-02
     vertex 1.1649175020e-01 1.6041791073e-02 -3.7986958822e-02
   endloop
 endfacet
 facet normal  -9.9205832632e-01 -7.0330676904e-02 1.0427786473e-01
   outer loop
     vertex 1.1606777685e-01 3.1556504736e-02 -3.1556504736e-02
     vertex 1.1606777685e-01 1.7367534746e-02 -4.1126319639e-02
     vertex 1.1649175020e-01 1.6041791073e-02 -3.7986958822e-02
   endloop
 endfacet
 facet normal  -9.9203836674e-01 -2.4947907410e-02 1.2344019131e-01
   outer loop
     vertex 1.1649175020e-01 1.6041791073e-02 -3.7986958822e-02
     vertex 1.1606777685e-01 1.7367534746e-02 -4.1126319639e-02
     vertex 1.1649175020e-01 0.0000000000e+00 -4.1229088586e-02
   endloop
 endfacet
 facet normal  -9.9203836674e-01 -2.4947907410e-02 1.2344019131e-01
   outer loop
     vertex 1.1606777685e-01 1.7367534746e-02 -4.1126319639e-02
     vertex 1.1606777685e-01 0.0000000000e+00 -4.4636389125e-02
     vertex 1.1649175020e-01 0.0000000000e+00 -4.1229088586e-02
   endloop
 endfacet
 facet normal  -9.9203836674e-01 2.4947907410e-02 1.2344019131e-01
   outer loop
     vertex 1.1649175020e-01 0.0000000000e+00 -4.1229088586e-02
     vertex 1.1606777685e-01 0.0000000000e+00 -4.4636389125e-02
     vertex 1.1606777685e-01 -1.7367534746e-02 -4.1126319639e-02
   endloop
 endfacet
 facet normal  -9.9203836674e-01 2.4947907410e-02 1.2344019131e-01
   outer loop
     vertex 1.1649175020e-01 0.0000000000e+00 -4.1229088586e-02
     vertex 1.1606777685e-01 -1.7367534746e-02 -4.1126319639e-02
     vertex 1.1649175020e-01 -1.6041791073e-02 -3.7986958822e-02
   endloop
 endfacet
 facet normal  -9.9205832632e-01 7.0330676904e-02 1.0427786473e-01
   outer loop
     vertex 1.1649175020e-01 -1.6041791073e-02 -3.7986958822e-02
     vertex 1.1606777685e-01 -1.7367534746e-02 -4.1126319639e-02
     vertex 1.1606777685e-01 -3.1556504736e-02 -3.1556504736e-02
   endloop
 endfacet
 facet normal  -9.9205832632e-01 7.0330676904e-02 1.0427786473e-01
   outer loop
     vertex 1.1649175020e-01 -1.6041791073e-02 -3.7986958822e-02
     vertex 1.1606777685e-01 -3.1556504736e-02 -3.1556504736e-02
     vertex 1.1649175020e-01 -2.9147651832e-02 -2.9147651832e-02
   endloop
 endfacet
 facet normal  -9.9205832632e-01 1.0427786473e-01 7.0330676904e-02
   outer loop
     vertex 1.1649175020e-01 -2.9147651832e-02 -2.9147651832e-02
     vertex 1.1606777685e-01 -3.1556504736e-02 -3.1556504736e-02
     vertex 1.1606777685e-01 -4.1126319639e-02 -1.7367534746e-02
   endloop
 endfacet
 facet normal  -9.9205832632e-01 1.0427786473e-01 7.0330676904e-02
   outer loop
     vertex 1.1649175020e-01 -2.9147651832e-02 -2.9147651832e-02
     vertex 1.1606777685e-01 -4.1126319639e-02 -1.7367534746e-02
     vertex 1.1649175020e-01 -3.7986958822e-02 -1.6041791073e-02
   endloop
 endfacet
 facet normal  -9.9203836674e-01 1.2344019131e-01 2.4947907410e-02
   outer loop
     vertex 1.1649175020e-01 -3.7986958822e-02 -1.6041791073e-02
     vertex 1.1606777685e-01 -4.1126319639e-02 -1.7367534746e-02
     vertex 1.1606777685e-01 -4.4636389125e-02 0.0000000000e+00
   endloop
 endfacet
 facet normal  -9.9203836674e-01 1.2344019131e-01 2.4947907410e-02
   outer loop
     vertex 1.1649175020e-01 -3.7986958822e-02 -1.6041791073e-02
     vertex 1.1606777685e-01 -4.4636389125e-02 0.0000000000e+00
     vertex 1.1649175020e-01 -4.1229088586e-02 0.0000000000e+00
   endloop
 endfacet
 facet normal  -9.9203836674e-01 1.2344019131e-01 -2.4947907410e-02
   outer loop
     vertex 1.1649175020e-01 -4.1229088586e-02 0.0000000000e+00
     vertex 1.1606777685e-01 -4.4636389125e-02 0.0000000000e+00
     vertex 1.1649175020e-01 -3.7986958822e-02 1.6041791073e-02
   endloop
 endfacet
 facet normal  -9.9203836674e-01 1.2344019131e-01 -2.4947907410e-02
   outer loop
     vertex 1.1606777685e-01 -4.4636389125e-02 0.0000000000e+00
     vertex 1.1606777685e-01 -4.1126319639e-02 1.7367534746e-02
     vertex 1.1649175020e-01 -3.7986958822e-02 1.6041791073e-02
   endloop
 endfacet
 facet normal  -9.9205832632e-01 1.0427786473e-01 -7.0330676904e-02
   outer loop
     vertex 1.1649175020e-01 -3.7986958822e-02 1.6041791073e-02
     vertex 1.1606777685e-01 -4.1126319639e-02 1.7367534746e-02
     vertex 1.1649175020e-01 -2.9147651832e-02 2.9147651832e-02
   endloop
 endfacet
 facet normal  -9.9205832632e-01 1.0427786473e-01 -7.0330676904e-02
   outer loop
     vertex 1.1606777685e-01 -4.1126319639e-02 1.7367534746e-02
     vertex 1.1606777685e-01 -3.1556504736e-02 3.1556504736e-02
     vertex 1.1649175020e-01 -2.9147651832e-02 2.9147651832e-02
   endloop
 endfacet
 facet normal  -9.9205832632e-01 7.0330676904e-02 -1.0427786473e-01
   outer loop
     vertex 1.1649175020e-01 -2.9147651832e-02 2.9147651832e-02
     vertex 1.1606777685e-01 -3.1556504736e-02 3.1556504736e-02
     vertex 1.1649175020e-01 -1.6041791073e-02 3.7986958822e-02
   endloop
 endfacet
 facet normal  -9.9205832632e-01 7.0330676904e-02 -1.0427786473e-01
   outer loop
     vertex 1.1606777685e-01 -3.1556504736e-02 3.1556504736e-02
     vertex 1.1606777685e-01 -1.7367534746e-02 4.1126319639e-02
     vertex 1.1649175020e-01 -1.6041791073e-02 3.7986958822e-02
   endloop
 endfacet
 facet normal  -9.9203836674e-01 2.4947907410e-02 -1.2344019131e-01
   outer loop
     vertex 1.1649175020e-01 -1.6041791073e-02 3.7986958822e-02
     vertex 1.1606777685e-01 -1.7367534746e-02 4.1126319639e-02
     vertex 1.1649175020e-01 0.0000000000e+00 4.1229088586e-02
   endloop
 endfacet
 facet normal  -9.9203836674e-01 2.4947907410e-02 -1.2344019131e-01
   outer loop
     vertex 1.1606777685e-01 -1.7367534746e-02 4.1126319639e-02
     vertex 1.1606777685e-01 0.0000000000e+00 4.4636389125e-02
     vertex 1.1649175020e-01 0.0000000000e+00 4.1229088586e-02
   endloop
 endfacet
 facet normal  -9.9203836674e-01 -2.4947907410e-02 -1.2344019131e-01
   outer loop
     vertex 1.1649175020e-01 0.0000000000e+00 4.1229088586e-02
     vertex 1.1606777685e-01 0.0000000000e+00 4.4636389125e-02
     vertex 1.1606777685e-01 1.7367534746e-02 4.1126319639e-02
   endloop
 endfacet
 facet normal  -9.9203836674e-01 -2.4947907410e-02 -1.2344019131e-01
   outer loop
     vertex 1.1649175020e-01 0.0000000000e+00 4.1229088586e-02
     vertex 1.1606777685e-01 1.7367534746e-02 4.1126319639e-02
     vertex 1.1649175020e-01 1.6041791073e-02 3.7986958822e-02
   endloop
 endfacet
 facet normal  -9.9205832632e-01 -7.0330676904e-02 -1.0427786473e-01
   outer loop
     vertex 1.1649175020e-01 1.6041791073e-02 3.7986958822e-02
     vertex 1.1606777685e-01 1.7367534746e-02 4.1126319639e-02
     vertex 1.1606777685e-01 3.1556504736e-02 3.1556504736e-02
   endloop
 endfacet
 facet normal  -9.9205832632e-01 -7.0330676904e-02 -1.0427786473e-01
   outer loop
     vertex 1.1649175020e-01 1.6041791073e-02 3.7986958822e-02
     vertex 1.1606777685e-01 3.1556504736e-02 3.1556504736e-02
     vertex 1.1649175020e-01 2.9147651832e-02 2.9147651832e-02
   endloop
 endfacet
 facet normal  -9.9205832632e-01 -1.0427786473e-01 -7.0330676904e-02
   outer loop
     vertex 1.1649175020e-01 2.9147651832e-02 2.9147651832e-02
     vertex 1.1606777685e-01 3.1556504736e-02 3.1556504736e-02
     vertex 1.1606777685e-01 4.1126319639e-02 1.7367534746e-02
   endloop
 endfacet
 facet normal  -9.9205832632e-01 -1.0427786473e-01 -7.0330676904e-02
   outer loop
     vertex 1.1649175020e-01 2.9147651832e-02 2.9147651832e-02
     vertex 1.1606777685e-01 4.1126319639e-02 1.7367534746e-02
     vertex 1.1649175020e-01 3.7986958822e-02 1.6041791073e-02
   endloop
 endfacet
 facet normal  -9.9203836674e-01 -1.2344019131e-01 -2.4947907410e-02
   outer loop
     vertex 1.1649175020e-01 3.7986958822e-02 1.6041791073e-02
     vertex 1.1606777685e-01 4.1126319639e-02 1.7367534746e-02
     vertex 1.1606777685e-01 4.4636389125e-02 0.0000000000e+00
   endloop
 endfacet
 facet normal  -9.9203836674e-01 -1.2344019131e-01 -2.4947907410e-02
   outer loop
     vertex 1.1649175020e-01 3.7986958822e-02 1.6041791073e-02
     vertex 1.1606777685e-01 4.4636389125e-02 0.0000000000e+00
     vertex 1.1649175020e-01 4.1229088586e-02 0.0000000000e+00
   endloop
 endfacet
 facet normal  -9.6169913917e-01 -2.6867491538e-01 5.4300603728e-02
   outer loop
     vertex 1.1606777685e-01 4.4636389125e-02 0.0000000000e+00
     vertex 1.1493161981e-01 4.8703167187e-02 0.0000000000e+00
     vertex 1.1606777685e-01 4.1126319639e-02 -1.7367534746e-02
   endloop
 endfacet
 facet normal  -9.6169913917e-01 -2.6867491538e-01 5.4300603728e-02
   outer loop
     vertex 1.1493161981e-01 4.8703167187e-02 0.0000000000e+00
     vertex 1.1493161981e-01 4.4873298680e-02 -1.8949873970e-02
     vertex 1.1606777685e-01 4.1126319639e-02 -1.7367534746e-02
   endloop
 endfacet
 facet normal  -9.6179081442e-01 -2.2698404138e-01 1.5309041202e-01
   outer loop
     vertex 1.1606777685e-01 4.1126319639e-02 -1.7367534746e-02
     vertex 1.1493161981e-01 4.4873298680e-02 -1.8949873970e-02
     vertex 1.1606777685e-01 3.1556504736e-02 -3.1556504736e-02
   endloop
 endfacet
 facet normal  -9.6179081442e-01 -2.2698404138e-01 1.5309041202e-01
   outer loop
     vertex 1.1493161981e-01 4.4873298680e-02 -1.8949873970e-02
     vertex 1.1493161981e-01 3.4431587235e-02 -3.4431587235e-02
     vertex 1.1606777685e-01 3.1556504736e-02 -3.1556504736e-02
   endloop
 endfacet
 facet normal  -9.6179081442e-01 -1.5309041202e-01 2.2698404138e-01
   outer loop
     vertex 1.1606777685e-01 3.1556504736e-02 -3.1556504736e-02
     vertex 1.1493161981e-01 3.4431587235e-02 -3.4431587235e-02
     vertex 1.1606777685e-01 1.7367534746e-02 -4.1126319639e-02
   endloop
 endfacet
 facet normal  -9.6179081442e-01 -1.5309041202e-01 2.2698404138e-01
   outer loop
     vertex 1.1493161981e-01 3.4431587235e-02 -3.4431587235e-02
     vertex 1.1493161981e-01 1.8949873970e-02 -4.4873298680e-02
     vertex 1.1606777685e-01 1.7367534746e-02 -4.1126319639e-02
   endloop
 endfacet
 facet normal  -9.6169913917e-01 -5.4300603728e-02 2.6867491538e-01
   outer loop
     vertex 1.1606777685e-01 1.7367534746e-02 -4.1126319639e-02
     vertex 1.1493161981e-01 1.8949873970e-02 -4.4873298680e-02
     vertex 1.1606777685e-01 0.0000000000e+00 -4.4636389125e-02
   endloop
 endfacet
 facet normal  -9.6169913917e-01 -5.4300603728e-02 2.6867491538e-01
   outer loop
     vertex 1.1493161981e-01 1.8949873970e-02 -4.4873298680e-02
     vertex 1.1493161981e-01 0.0000000000e+00 -4.8703167187e-02
     vertex 1.1606777685e-01 0.0000000000e+00 -4.4636389125e-02
   endloop
 endfacet
 facet normal  -9.6169913917e-01 5.4300603728e-02 2.6867491538e-01
   outer loop
     vertex 1.1606777685e-01 0.0000000000e+00 -4.4636389125e-02
     vertex 1.1493161981e-01 0.0000000000e+00 -4.8703167187e-02
     vertex 1.1493161981e-01 -1.8949873970e-02 -4.4873298680e-02
   endloop
 endfacet
 facet normal  -9.6169913917e-01 5.4300603728e-02 2.6867491538e-01
   outer loop
     vertex 1.1606777685e-01 0.0000000000e+00 -4.4636389125e-02
     vertex 1.1493161981e-01 -1.8949873970e-02 -4.4873298680e-02
     vertex 1.1606777685e-01 -1.7367534746e-02 -4.1126319639e-02
   endloop
 endfacet
 facet normal  -9.6179081442e-01 1.5309041202e-01 2.2698404138e-01
   outer loop
     vertex 1.1606777685e-01 -1.7367534746e-02 -4.1126319639e-02
     vertex 1.1493161981e-01 -1.8949873970e-02 -4.4873298680e-02
     vertex 1.1493161981e-01 -3.4431587235e-02 -3.4431587235e-02
   endloop
 endfacet
 facet normal  -9.6179081442e-01 1.5309041202e-01 2.2698404138e-01
   outer loop
     vertex 1.1606777685e-01 -1.7367534746e-02 -4.1126319639e-02
     vertex 1.1493161981e-01 -3.4431587235e-02 -3.4431587235e-02
     vertex 1.1606777685e-01 -3.1556504736e-02 -3.1556504736e-02
   endloop
 endfacet
 facet normal  -9.6179081442e-01 2.2698404138e-01 1.5309041202e-01
   outer loop
     vertex 1.1606777685e-01 -3.1556504736e-02 -3.1556504736e-02
     vertex 1.1493161981e-01 -3.4431587235e-02 -3.4431587235e-02
     vertex 1.1493161981e-01 -4.4873298680e-02 -1.8949873970e-02
   endloop
 endfacet
 facet normal  -9.6179081442e-01 2.2698404138e-01 1.5309041202e-01
   outer loop
     vertex 1.1606777685e-01 -3.1556504736e-02 -3.1556504736e-02
     vertex 1.1493161981e-01 -4.4873298680e-02 -1.8949873970e-02
     vertex 1.1606777685e-01 -4.1126319639e-02 -1.7367534746e-02
   endloop
 endfacet
 facet normal  -9.6169913917e-01 2.6867491538e-01 5.4300603728e-02
   outer loop
     vertex 1.1606777685e-01 -4.1126319639e-02 -1.7367534746e-02
     vertex 1.1493161981e-01 -4.4873298680e-02 -1.8949873970e-02
     vertex 1.1493161981e-01 -4.8703167187e-02 0.0000000000e+00
   endloop
 endfacet
 facet normal  -9.6169913917e-01 2.6867491538e-01 5.4300603728e-02
   outer loop
     vertex 1.1606777685e-01 -4.1126319639e-02 -1.7367534746e-02
     vertex 1.1493161981e-01 -4.8703167187e-02 0.0000000000e+00
     vertex 1.1606777685e-01 -4.4636389125e-02 0.0000000000e+00
   endloop
 endfacet
 facet normal  -9.6169913917e-01 2.6867491538e-01 -5.4300603728e-02
   outer loop
     vertex 1.1606777685e-01 -4.4636389125e-02 0.0000000000e+00
     vertex 1.1493161981e-01 -4.8703167187e-02 0.0000000000e+00
     vertex 1.1606777685e-01 -4.1126319639e-02 1.7367534746e-02
   endloop
 endfacet
 facet normal  -9.6169913917e-01 2.6867491538e-01 -5.4300603728e-02
   outer loop
     vertex 1.1493161981e-01 -4.8703167187e-02 0.0000000000e+00
     vertex 1.1493161981e-01 -4.4873298680e-02 1.8949873970e-02
     vertex 1.1606777685e-01 -4.1126319639e-02 1.7367534746e-02
   endloop
 endfacet
 facet normal  -9.6179081442e-01 2.2698404138e-01 -1.5309041202e-01
   outer loop
     vertex 1.1606777685e-01 -4.1126319639e-02 1.7367534746e-02
     vertex 1.1493161981e-01 -4.4873298680e-02 1.8949873970e-02
     vertex 1.1606777685e-01 -3.1556504736e-02 3.1556504736e-02
   endloop
 endfacet
 facet normal  -9.6179081442e-01 2.2698404138e-01 -1.5309041202e-01
   outer loop
     vertex 1.1493161981e-01 -4.4873298680e-02 1.8949873970e-02
     vertex 1.1493161981e-01 -3.4431587235e-02 3.4431587235e-02
     vertex 1.1606777685e-01 -3.1556504736e-02 3.1556504736e-02
   endloop
 endfacet
 facet normal  -9.6179081442e-01 1.5309041202e-01 -2.2698404138e-01
   outer loop
     vertex 1.1606777685e-01 -3.1556504736e-02 3.1556504736e-02
     vertex 1.1493161981e-01 -3.4431587235e-02 3.4431587235e-02
     vertex 1.1606777685e-01 -1.7367534746e-02 4.1126319639e-02
   endloop
 endfacet
 facet normal  -9.6179081442e-01 1.5309041202e-01 -2.2698404138e-01
   outer loop
     vertex 1.1493161981e-01 -3.4431587235e-02 3.4431587235e-02
     vertex 1.1493161981e-01 -1.8949873970e-02 4.4873298680e-02
     vertex 1.1606777685e-01 -1.7367534746e-02 4.1126319639e-02
   endloop
 endfacet
 facet normal  -9.6169913917e-01 5.4300603728e-02 -2.6867491538e-01
   outer loop
     vertex 1.1606777685e-01 -1.7367534746e-02 4.1126319639e-02
     vertex 1.1493161981e-01 -1.8949873970e-02 4.4873298680e-02
     vertex 1.1606777685e-01 0.0000000000e+00 4.4636389125e-02
   endloop
 endfacet
 facet normal  -9.6169913917e-01 5.4300603728e-02 -2.6867491538e-01
   outer loop
     vertex 1.1493161981e-01 -1.8949873970e-02 4.4873298680e-02
     vertex 1.1493161981e-01 0.0000000000e+00 4.8703167187e-02
     vertex 1.1606777685e-01 0.0000000000e+00 4.4636389125e-02
   endloop
 endfacet
 facet normal  -9.6169913917e-01 -5.4300603728e-02 -2.6867491538e-01
   outer loop
     vertex 1.1606777685e-01 0.0000000000e+00 4.4636389125e-02
     vertex 1.1493161981e-01 0.0000000000e+00 4.8703167187e-02
     vertex 1.1493161981e-01 1.8949873970e-02 4.4873298680e-02
   endloop
 endfacet
 facet normal  -9.6169913917e-01 -5.4300603728e-02 -2.6867491538e-01
   outer loop
     vertex 1.1606777685e-01 0.0000000000e+00 4.4636389125e-02
     vertex 1.1493161981e-01 1.8949873970e-02 4.4873298680e-02
     vertex 1.1606777685e-01 1.7367534746e-02 4.1126319639e-02
   endloop
 endfacet
 facet normal  -9.6179081442e-01 -1.5309041202e-01 -2.2698404138e-01
   outer loop
     vertex 1.1606777685e-01 1.7367534746e-02 4.1126319639e-02
     vertex 1.1493161981e-01 1.8949873970e-02 4.4873298680e-02
     vertex 1.1493161981e-01 3.4431587235e-02 3.4431587235e-02
   endloop
 endfacet
 facet normal  -9.6179081442e-01 -1.5309041202e-01 -2.2698404138e-01
   outer loop
     vertex 1.1606777685e-01 1.7367534746e-02 4.1126319639e-02
     vertex 1.1493161981e-01 3.4431587235e-02 3.4431587235e-02
     vertex 1.1606777685e-01 3.1556504736e-02 3.1556504736e-02
   endloop
 endfacet
 facet normal  -9.6179081442e-01 -2.2698404138e-01 -1.5309041202e-01
   outer loop
     vertex 1.1606777685e-01 3.1556504736e-02 3.1556504736e-02
     vertex 1.1493161981e-01 3.4431587235e-02 3.4431587235e-02
     vertex 1.1493161981e-01 4.4873298680e-02 1.8949873970e-02
   endloop
 endfacet
 facet normal  -9.6179081442e-01 -2.2698404138e-01 -1.5309041202e-01
   outer loop
     vertex 1.1606777685e-01 3.1556504736e-02 3.1556504736e-02
     vertex 1.1493161981e-01 4.4873298680e-02 1.8949873970e-02
     vertex 1.1606777685e-01 4.1126319639e-02 1.7367534746e-02
   endloop
 endfacet
 facet normal  -9.6169913917e-01 -2.6867491538e-01 -5.4300603728e-02
   outer loop
     vertex 1.1606777685e-01 4.1126319639e-02 1.7367534746e-02
     vertex 1.1493161981e-01 4.4873298680e-02 1.8949873970e-02
     vertex 1.1493161981e-01 4.8703167187e-02 0.0000000000e+00
   endloop
 endfacet
 facet normal  -9.6169913917e-01 -2.6867491538e-01 -5.4300603728e-02
   outer loop
     vertex 1.1606777685e-01 4.1126319639e-02 1.7367534746e-02
     vertex 1.1493161981e-01 4.8703167187e-02 0.0000000000e+00
     vertex 1.1606777685e-01 4.4636389125e-02 0.0000000000e+00
   endloop
 endfacet
 facet normal  -9.7867702665e-01 -2.0133440254e-01 4.0690734354e-02
   outer loop
     vertex 1.1493161981e-01 4.8703167187e-02 0.0000000000e+00
     vertex 1.1423066658e-01 5.2110467726e-02 0.0000000000e+00
     vertex 1.1493161981e-01 4.4873298680e-02 -1.8949873970e-02
   endloop
 endfacet
 facet normal  -9.7867702665e-01 -2.0133440254e-01 4.0690734354e-02
   outer loop
     vertex 1.1423066658e-01 5.2110467726e-02 0.0000000000e+00
     vertex 1.1423066658e-01 4.8012659497e-02 -2.0275617643e-02
     vertex 1.1493161981e-01 4.4873298680e-02 -1.8949873970e-02
   endloop
 endfacet
 facet normal  -9.7872941163e-01 -1.7008579393e-01 1.1471513201e-01
   outer loop
     vertex 1.1493161981e-01 4.4873298680e-02 -1.8949873970e-02
     vertex 1.1423066658e-01 4.8012659497e-02 -2.0275617643e-02
     vertex 1.1493161981e-01 3.4431587235e-02 -3.4431587235e-02
   endloop
 endfacet
 facet normal  -9.7872941163e-01 -1.7008579393e-01 1.1471513201e-01
   outer loop
     vertex 1.1423066658e-01 4.8012659497e-02 -2.0275617643e-02
     vertex 1.1423066658e-01 3.6840440139e-02 -3.6840440139e-02
     vertex 1.1493161981e-01 3.4431587235e-02 -3.4431587235e-02
   endloop
 endfacet
 facet normal  -9.7872941163e-01 -1.1471513201e-01 1.7008579393e-01
   outer loop
     vertex 1.1493161981e-01 3.4431587235e-02 -3.4431587235e-02
     vertex 1.1423066658e-01 3.6840440139e-02 -3.6840440139e-02
     vertex 1.1493161981e-01 1.8949873970e-02 -4.4873298680e-02
   endloop
 endfacet
 facet normal  -9.7872941163e-01 -1.1471513201e-01 1.7008579393e-01
   outer loop
     vertex 1.1423066658e-01 3.6840440139e-02 -3.6840440139e-02
     vertex 1.1423066658e-01 2.0275617643e-02 -4.8012659497e-02
     vertex 1.1493161981e-01 1.8949873970e-02 -4.4873298680e-02
   endloop
 endfacet
 facet normal  -9.7867702665e-01 -4.0690734354e-02 2.0133440254e-01
   outer loop
     vertex 1.1493161981e-01 1.8949873970e-02 -4.4873298680e-02
     vertex 1.1423066658e-01 2.0275617643e-02 -4.8012659497e-02
     vertex 1.1493161981e-01 0.0000000000e+00 -4.8703167187e-02
   endloop
 endfacet
 facet normal  -9.7867702665e-01 -4.0690734354e-02 2.0133440254e-01
   outer loop
     vertex 1.1423066658e-01 2.0275617643e-02 -4.8012659497e-02
     vertex 1.1423066658e-01 0.0000000000e+00 -5.2110467726e-02
     vertex 1.1493161981e-01 0.0000000000e+00 -4.8703167187e-02
   endloop
 endfacet
 facet normal  -9.7867702665e-01 4.0690734354e-02 2.0133440254e-01
   outer loop
     vertex 1.1493161981e-01 0.0000000000e+00 -4.8703167187e-02
     vertex 1.1423066658e-01 0.0000000000e+00 -5.2110467726e-02
     vertex 1.1423066658e-01 -2.0275617643e-02 -4.8012659497e-02
   endloop
 endfacet
 facet normal  -9.7867702665e-01 4.0690734354e-02 2.0133440254e-01
   outer loop
     vertex 1.1493161981e-01 0.0000000000e+00 -4.8703167187e-02
     vertex 1.1423066658e-01 -2.0275617643e-02 -4.8012659497e-02
     vertex 1.1493161981e-01 -1.8949873970e-02 -4.4873298680e-02
   endloop
 endfacet
 facet normal  -9.7872941163e-01 1.1471513201e-01 1.7008579393e-01
   outer loop
     vertex 1.1493161981e-01 -1.8949873970e-02 -4.4873298680e-02
     vertex 1.1423066658e-01 -2.0275617643e-02 -4.8012659497e-02
     vertex 1.1423066658e-01 -3.6840440139e-02 -3.6840440139e-02
   endloop
 endfacet
 facet normal  -9.7872941163e-01 1.1471513201e-01 1.7008579393e-01
   outer loop
     vertex 1.1493161981e-01 -1.8949873970e-02 -4.4873298680e-02
     vertex 1.1423066658e-01 -3.6840440139e-02 -3.6840440139e-02
     vertex 1.1493161981e-01 -3.4431587235e-02 -3.4431587235e-02
   endloop
 endfacet
 facet normal  -9.7872941163e-01 1.7008579393e-01 1.1471513201e-01
   outer loop
     vertex 1.1493161981e-01 -3.4431587235e-02 -3.4431587235e-02
     vertex 1.1423066658e-01 -3.6840440139e-02 -3.6840440139e-02
     vertex 1.1423066658e-01 -4.8012659497e-02 -2.0275617643e-02
   endloop
 endfacet
 facet normal  -9.7872941163e-01 1.7008579393e-01 1.1471513201e-01
   outer loop
     vertex 1.1493161981e-01 -3.4431587235e-02 -3.4431587235e-02
     vertex 1.1423066658e-01 -4.8012659497e-02 -2.0275617643e-02
     vertex 1.1493161981e-01 -4.4873298680e-02 -1.8949873970e-02
   endloop
 endfacet
 facet normal  -9.7867702665e-01 2.0133440254e-01 4.0690734354e-02
   outer loop
     vertex 1.1493161981e-01 -4.4873298680e-02 -1.8949873970e-02
     vertex 1.1423066658e-01 -4.8012659497e-02 -2.0275617643e-02
     vertex 1.1423066658e-01 -5.2110467726e-02 0.0000000000e+00
   endloop
 endfacet
 facet normal  -9.7867702665e-01 2.0133440254e-01 4.0690734354e-02
   outer loop
     vertex 1.1493161981e-01 -4.4873298680e-02 -1.8949873970e-02
     vertex 1.1423066658e-01 -5.2110467726e-02 0.0000000000e+00
     vertex 1.1493161981e-01 -4.8703167187e-02 0.0000000000e+00
   endloop
 endfacet
 facet normal  -9.7867702665e-01 2.0133440254e-01 -4.0690734354e-02
   outer loop
     vertex 1.1493161981e-01 -4.8703167187e-02 0.0000000000e+00
     vertex 1.1423066658e-01 -5.2110467726e-02 0.0000000000e+00
     vertex 1.1493161981e-01 -4.4873298680e-02 1.8949873970e-02
   endloop
 endfacet
 facet normal  -9.7867702665e-01 2.0133440254e-01 -4.0690734354e-02
   outer loop
     vertex 1.1423066658e-01 -5.2110467726e-02 0.0000000000e+00
     vertex 1.1423066658e-01 -4.8012659497e-02 2.0275617643e-02
     vertex 1.1493161981e-01 -4.4873298680e-02 1.8949873970e-02
   endloop
 endfacet
 facet normal  -9.7872941163e-01 1.7008579393e-01 -1.1471513201e-01
   outer loop
     vertex 1.1493161981e-01 -4.4873298680e-02 1.8949873970e-02
     vertex 1.1423066658e-01 -4.8012659497e-02 2.0275617643e-02
     vertex 1.1493161981e-01 -3.4431587235e-02 3.4431587235e-02
   endloop
 endfacet
 facet normal  -9.7872941163e-01 1.7008579393e-01 -1.1471513201e-01
   outer loop
     vertex 1.1423066658e-01 -4.8012659497e-02 2.0275617643e-02
     vertex 1.1423066658e-01 -3.6840440139e-02 3.6840440139e-02
     vertex 1.1493161981e-01 -3.4431587235e-02 3.4431587235e-02
   endloop
 endfacet
 facet normal  -9.7872941163e-01 1.1471513201e-01 -1.7008579393e-01
   outer loop
     vertex 1.1493161981e-01 -3.4431587235e-02 3.4431587235e-02
     vertex 1.1423066658e-01 -3.6840440139e-02 3.6840440139e-02
     vertex 1.1493161981e-01 -1.8949873970e-02 4.4873298680e-02
   endloop
 endfacet
 facet normal  -9.7872941163e-01 1.1471513201e-01 -1.7008579393e-01
   outer loop
     vertex 1.1423066658e-01 -3.6840440139e-02 3.6840440139e-02
     vertex 1.1423066658e-01 -2.0275617643e-02 4.8012659497e-02
     vertex 1.1493161981e-01 -1.8949873970e-02 4.4873298680e-02
   endloop
 endfacet
 facet normal  -9.7867702665e-01 4.0690734354e-02 -2.0133440254e-01
   outer loop
     vertex 1.1493161981e-01 -1.8949873970e-02 4.4873298680e-02
     vertex 1.1423066658e-01 -2.0275617643e-02 4.8012659497e-02
     vertex 1.1493161981e-01 0.0000000000e+00 4.8703167187e-02
   endloop
 endfacet
 facet normal  -9.7867702665e-01 4.0690734354e-02 -2.0133440254e-01
   outer loop
     vertex 1.1423066658e-01 -2.0275617643e-02 4.8012659497e-02
     vertex 1.1423066658e-01 0.0000000000e+00 5.2110467726e-02
     vertex 1.1493161981e-01 0.0000000000e+00 4.8703167187e-02
   endloop
 endfacet
 facet normal  -9.7867702665e-01 -4.0690734354e-02 -2.0133440254e-01
   outer loop
     vertex 1.1493161981e-01 0.0000000000e+00 4.8703167187e-02
     vertex 1.1423066658e-01 0.0000000000e+00 5.2110467726e-02
     vertex 1.1423066658e-01 2.0275617643e-02 4.8012659497e-02
   endloop
 endfacet
 facet normal  -9.7867702665e-01 -4.0690734354e-02 -2.0133440254e-01
   outer loop
     vertex 1.1493161981e-01 0.0000000000e+00 4.8703167187e-02
     vertex 1.1423066658e-01 2.0275617643e-02 4.8012659497e-02
     vertex 1.1493161981e-01 1.8949873970e-02 4.4873298680e-02
   endloop
 endfacet
 facet normal  -9.7872941163e-01 -1.1471513201e-01 -1.7008579393e-01
   outer loop
     vertex 1.1493161981e-01 1.8949873970e-02 4.4873298680e-02
     vertex 1.1423066658e-01 2.0275617643e-02 4.8012659497e-02
     vertex 1.1423066658e-01 3.6840440139e-02 3.6840440139e-02
   endloop
 endfacet
 facet normal  -9.7872941163e-01 -1.1471513201e-01 -1.7008579393e-01
   outer loop
     vertex 1.1493161981e-01 1.8949873970e-02 4.4873298680e-02
     vertex 1.1423066658e-01 3.6840440139e-02 3.6840440139e-02
     vertex 1.1493161981e-01 3.4431587235e-02 3.4431587235e-02
   endloop
 endfacet
 facet normal  -9.7872941163e-01 -1.7008579393e-01 -1.1471513201e-01
   outer loop
     vertex 1.1493161981e-01 3.4431587235e-02 3.4431587235e-02
     vertex 1.1423066658e-01 3.6840440139e-02 3.6840440139e-02
     vertex 1.1423066658e-01 4.8012659497e-02 2.0275617643e-02
   endloop
 endfacet
 facet normal  -9.7872941163e-01 -1.7008579393e-01 -1.1471513201e-01
   outer loop
     vertex 1.1493161981e-01 3.4431587235e-02 3.4431587235e-02
     vertex 1.1423066658e-01 4.8012659497e-02 2.0275617643e-02
     vertex 1.1493161981e-01 4.4873298680e-02 1.8949873970e-02
   endloop
 endfacet
 facet normal  -9.7867702665e-01 -2.0133440254e-01 -4.0690734354e-02
   outer loop
     vertex 1.1493161981e-01 4.4873298680e-02 1.8949873970e-02
     vertex 1.1423066658e-01 4.8012659497e-02 2.0275617643e-02
     vertex 1.1423066658e-01 5.2110467726e-02 0.0000000000e+00
   endloop
 endfacet
 facet normal  -9.7867702665e-01 -2.0133440254e-01 -4.0690734354e-02
   outer loop
     vertex 1.1493161981e-01 4.4873298680e-02 1.8949873970e-02
     vertex 1.1423066658e-01 5.2110467726e-02 0.0000000000e+00
     vertex 1.1493161981e-01 4.8703167187e-02 0.0000000000e+00
   endloop
 endfacet
 facet normal  -8.4628458593e-01 5.2217332714e-01 -1.0553395681e-01
   outer loop
     vertex 1.1423066658e-01 5.2110467726e-02 0.0000000000e+00
     vertex 1.1511230469e-01 5.3539335693e-02 0.0000000000e+00
     vertex 1.1423066658e-01 4.8012659497e-02 -2.0275617643e-02
   endloop
 endfacet
 facet normal  -8.4628458593e-01 5.2217332714e-01 -1.0553395681e-01
   outer loop
     vertex 1.1511230469e-01 5.3539335693e-02 0.0000000000e+00
     vertex 1.1511230469e-01 4.9329165647e-02 -2.0831574668e-02
     vertex 1.1423066658e-01 4.8012659497e-02 -2.0275617643e-02
   endloop
 endfacet
 facet normal  -8.4658942944e-01 4.4126339351e-01 -2.9761208899e-01
   outer loop
     vertex 1.1423066658e-01 4.8012659497e-02 -2.0275617643e-02
     vertex 1.1511230469e-01 4.9329165647e-02 -2.0831574668e-02
     vertex 1.1423066658e-01 3.6840440139e-02 -3.6840440139e-02
   endloop
 endfacet
 facet normal  -8.4658942944e-01 4.4126339351e-01 -2.9761208899e-01
   outer loop
     vertex 1.1511230469e-01 4.9329165647e-02 -2.0831574668e-02
     vertex 1.1511230469e-01 3.7850604261e-02 -3.7850604261e-02
     vertex 1.1423066658e-01 3.6840440139e-02 -3.6840440139e-02
   endloop
 endfacet
 facet normal  -8.4658942944e-01 2.9761208899e-01 -4.4126339351e-01
   outer loop
     vertex 1.1423066658e-01 3.6840440139e-02 -3.6840440139e-02
     vertex 1.1511230469e-01 3.7850604261e-02 -3.7850604261e-02
     vertex 1.1423066658e-01 2.0275617643e-02 -4.8012659497e-02
   endloop
 endfacet
 facet normal  -8.4658942944e-01 2.9761208899e-01 -4.4126339351e-01
   outer loop
     vertex 1.1511230469e-01 3.7850604261e-02 -3.7850604261e-02
     vertex 1.1511230469e-01 2.0831574668e-02 -4.9329165647e-02
     vertex 1.1423066658e-01 2.0275617643e-02 -4.8012659497e-02
   endloop
 endfacet
 facet normal  -8.4628458593e-01 1.0553395681e-01 -5.2217332714e-01
   outer loop
     vertex 1.1423066658e-01 2.0275617643e-02 -4.8012659497e-02
     vertex 1.1511230469e-01 2.0831574668e-02 -4.9329165647e-02
     vertex 1.1423066658e-01 0.0000000000e+00 -5.2110467726e-02
   endloop
 endfacet
 facet normal  -8.4628458593e-01 1.0553395681e-01 -5.2217332714e-01
   outer loop
     vertex 1.1511230469e-01 2.0831574668e-02 -4.9329165647e-02
     vertex 1.1511230469e-01 0.0000000000e+00 -5.3539335693e-02
     vertex 1.1423066658e-01 0.0000000000e+00 -5.2110467726e-02
   endloop
 endfacet
 facet normal  -8.4628458593e-01 -1.0553395681e-01 -5.2217332714e-01
   outer loop
     vertex 1.1423066658e-01 0.0000000000e+00 -5.2110467726e-02
     vertex 1.1511230469e-01 0.0000000000e+00 -5.3539335693e-02
     vertex 1.1511230469e-01 -2.0831574668e-02 -4.9329165647e-02
   endloop
 endfacet
 facet normal  -8.4628458593e-01 -1.0553395681e-01 -5.2217332714e-01
   outer loop
     vertex 1.1423066658e-01 0.0000000000e+00 -5.2110467726e-02
     vertex 1.1511230469e-01 -2.0831574668e-02 -4.9329165647e-02
     vertex 1.1423066658e-01 -2.0275617643e-02 -4.8012659497e-02
   endloop
 endfacet
 facet normal  -8.4658942944e-01 -2.9761208899e-01 -4.4126339351e-01
   outer loop
     vertex 1.1423066658e-01 -2.0275617643e-02 -4.8012659497e-02
     vertex 1.1511230469e-01 -2.0831574668e-02 -4.9329165647e-02
     vertex 1.1511230469e-01 -3.7850604261e-02 -3.7850604261e-02
   endloop
 endfacet
 facet normal  -8.4658942944e-01 -2.9761208899e-01 -4.4126339351e-01
   outer loop
     vertex 1.1423066658e-01 -2.0275617643e-02 -4.8012659497e-02
     vertex 1.1511230469e-01 -3.7850604261e-02 -3.7850604261e-02
     vertex 1.1423066658e-01 -3.6840440139e-02 -3.6840440139e-02
   endloop
 endfacet
 facet normal  -8.4658942944e-01 -4.4126339351e-01 -2.9761208899e-01
   outer loop
     vertex 1.1423066658e-01 -3.6840440139e-02 -3.6840440139e-02
     vertex 1.1511230469e-01 -3.7850604261e-02 -3.7850604261e-02
     vertex 1.1511230469e-01 -4.9329165647e-02 -2.0831574668e-02
   endloop
 endfacet
 facet normal  -8.4658942944e-01 -4.4126339351e-01 -2.9761208899e-01
   outer loop
     vertex 1.1423066658e-01 -3.6840440139e-02 -3.6840440139e-02
     vertex 1.1511230469e-01 -4.9329165647e-02 -2.0831574668e-02
     vertex 1.1423066658e-01 -4.8012659497e-02 -2.0275617643e-02
   endloop
 endfacet
 facet normal  -8.4628458593e-01 -5.2217332714e-01 -1.0553395681e-01
   outer loop
     vertex 1.1423066658e-01 -4.8012659497e-02 -2.0275617643e-02
     vertex 1.1511230469e-01 -4.9329165647e-02 -2.0831574668e-02
     vertex 1.1511230469e-01 -5.3539335693e-02 0.0000000000e+00
   endloop
 endfacet
 facet normal  -8.4628458593e-01 -5.2217332714e-01 -1.0553395681e-01
   outer loop
     vertex 1.1423066658e-01 -4.8012659497e-02 -2.0275617643e-02
     vertex 1.1511230469e-01 -5.3539335693e-02 0.0000000000e+00
     vertex 1.1423066658e-01 -5.2110467726e-02 0.0000000000e+00
   endloop
 endfacet
 facet normal  -8.4628458593e-01 -5.2217332714e-01 1.0553395681e-01
   outer loop
     vertex 1.1423066658e-01 -5.2110467726e-02 0.0000000000e+00
     vertex 1.1511230469e-01 -5.3539335693e-02 0.0000000000e+00
     vertex 1.1423066658e-01 -4.8012659497e-02 2.0275617643e-02
   endloop
 endfacet
 facet normal  -8.4628458593e-01 -5.2217332714e-01 1.0553395681e-01
   outer loop
     vertex 1.1511230469e-01 -5.3539335693e-02 0.0000000000e+00
     vertex 1.1511230469e-01 -4.9329165647e-02 2.0831574668e-02
     vertex 1.1423066658e-01 -4.8012659497e-02 2.0275617643e-02
   endloop
 endfacet
 facet normal  -8.4658942944e-01 -4.4126339351e-01 2.9761208899e-01
   outer loop
     vertex 1.1423066658e-01 -4.8012659497e-02 2.0275617643e-02
     vertex 1.1511230469e-01 -4.9329165647e-02 2.0831574668e-02
     vertex 1.1423066658e-01 -3.6840440139e-02 3.6840440139e-02
   endloop
 endfacet
 facet normal  -8.4658942944e-01 -4.4126339351e-01 2.9761208899e-01
   outer loop
     vertex 1.1511230469e-01 -4.9329165647e-02 2.0831574668e-02
     vertex 1.1511230469e-01 -3.7850604261e-02 3.7850604261e-02
     vertex 1.1423066658e-01 -3.6840440139e-02 3.6840440139e-02
   endloop
 endfacet
 facet normal  -8.4658942944e-01 -2.9761208899e-01 4.4126339351e-01
   outer loop
     vertex 1.1423066658e-01 -3.6840440139e-02 3.6840440139e-02
     vertex 1.1511230469e-01 -3.7850604261e-02 3.7850604261e-02
     vertex 1.1423066658e-01 -2.0275617643e-02 4.8012659497e-02
   endloop
 endfacet
 facet normal  -8.4658942944e-01 -2.9761208899e-01 4.4126339351e-01
   outer loop
     vertex 1.1511230469e-01 -3.7850604261e-02 3.7850604261e-02
     vertex 1.1511230469e-01 -2.0831574668e-02 4.9329165647e-02
     vertex 1.1423066658e-01 -2.0275617643e-02 4.8012659497e-02
   endloop
 endfacet
 facet normal  -8.4628458593e-01 -1.0553395681e-01 5.2217332714e-01
   outer loop
     vertex 1.1423066658e-01 -2.0275617643e-02 4.8012659497e-02
     vertex 1.1511230469e-01 -2.0831574668e-02 4.9329165647e-02
     vertex 1.1423066658e-01 0.0000000000e+00 5.2110467726e-02
   endloop
 endfacet
 facet normal  -8.4628458593e-01 -1.0553395681e-01 5.2217332714e-01
   outer loop
     vertex 1.1511230469e-01 -2.0831574668e-02 4.9329165647e-02
     vertex 1.1511230469e-01 0.0000000000e+00 5.3539335693e-02
     vertex 1.1423066658e-01 0.0000000000e+00 5.2110467726e-02
   endloop
 endfacet
 facet normal  -8.4628458593e-01 1.0553395681e-01 5.2217332714e-01
   outer loop
     vertex 1.1423066658e-01 0.0000000000e+00 5.2110467726e-02
     vertex 1.1511230469e-01 0.0000000000e+00 5.3539335693e-02
     vertex 1.1511230469e-01 2.0831574668e-02 4.9329165647e-02
   endloop
 endfacet
 facet normal  -8.4628458593e-01 1.0553395681e-01 5.2217332714e-01
   outer loop
     vertex 1.1423066658e-01 0.0000000000e+00 5.2110467726e-02
     vertex 1.1511230469e-01 2.0831574668e-02 4.9329165647e-02
     vertex 1.1423066658e-01 2.0275617643e-02 4.8012659497e-02
   endloop
 endfacet
 facet normal  -8.4658942944e-01 2.9761208899e-01 4.4126339351e-01
   outer loop
     vertex 1.1423066658e-01 2.0275617643e-02 4.8012659497e-02
     vertex 1.1511230469e-01 2.0831574668e-02 4.9329165647e-02
     vertex 1.1511230469e-01 3.7850604261e-02 3.7850604261e-02
   endloop
 endfacet
 facet normal  -8.4658942944e-01 2.9761208899e-01 4.4126339351e-01
   outer loop
     vertex 1.1423066658e-01 2.0275617643e-02 4.8012659497e-02
     vertex 1.1511230469e-01 3.7850604261e-02 3.7850604261e-02
     vertex 1.1423066658e-01 3.6840440139e-02 3.6840440139e-02
   endloop
 endfacet
 facet normal  -8.4658942944e-01 4.4126339351e-01 2.9761208899e-01
   outer loop
     vertex 1.1423066658e-01 3.6840440139e-02 3.6840440139e-02
     vertex 1.1511230469e-01 3.7850604261e-02 3.7850604261e-02
     vertex 1.1511230469e-01 4.9329165647e-02 2.0831574668e-02
   endloop
 endfacet
 facet normal  -8.4658942944e-01 4.4126339351e-01 2.9761208899e-01
   outer loop
     vertex 1.1423066658e-01 3.6840440139e-02 3.6840440139e-02
     vertex 1.1511230469e-01 4.9329165647e-02 2.0831574668e-02
     vertex 1.1423066658e-01 4.8012659497e-02 2.0275617643e-02
   endloop
 endfacet
 facet normal  -8.4628458593e-01 5.2217332714e-01 1.0553395681e-01
   outer loop
     vertex 1.1423066658e-01 4.8012659497e-02 2.0275617643e-02
     vertex 1.1511230469e-01 4.9329165647e-02 2.0831574668e-02
     vertex 1.1511230469e-01 5.3539335693e-02 0.0000000000e+00
   endloop
 endfacet
 facet normal  -8.4628458593e-01 5.2217332714e-01 1.0553395681e-01
   outer loop
     vertex 1.1423066658e-01 4.8012659497e-02 2.0275617643e-02
     vertex 1.1511230469e-01 5.3539335693e-02 0.0000000000e+00
     vertex 1.1423066658e-01 5.2110467726e-02 0.0000000000e+00
   endloop
 endfacet
 facet normal  -6.7244915631e-01 7.2547504077e-01 -1.4662229501e-01
   outer loop
     vertex 1.1511230469e-01 5.3539335693e-02 0.0000000000e+00
     vertex 1.1626532245e-01 5.4608077940e-02 0.0000000000e+00
     vertex 1.1511230469e-01 4.9329165647e-02 -2.0831574668e-02
   endloop
 endfacet
 facet normal  -6.7244915631e-01 7.2547504077e-01 -1.4662229501e-01
   outer loop
     vertex 1.1626532245e-01 5.4608077940e-02 0.0000000000e+00
     vertex 1.1626532245e-01 5.0313865263e-02 -2.1247410681e-02
     vertex 1.1511230469e-01 4.9329165647e-02 -2.0831574668e-02
   endloop
 endfacet
 facet normal  -6.7291694955e-01 6.1326940049e-01 -4.1362231737e-01
   outer loop
     vertex 1.1511230469e-01 4.9329165647e-02 -2.0831574668e-02
     vertex 1.1626532245e-01 5.0313865263e-02 -2.1247410681e-02
     vertex 1.1511230469e-01 3.7850604261e-02 -3.7850604261e-02
   endloop
 endfacet
 facet normal  -6.7291694955e-01 6.1326940049e-01 -4.1362231737e-01
   outer loop
     vertex 1.1626532245e-01 5.0313865263e-02 -2.1247410681e-02
     vertex 1.1626532245e-01 3.8606170972e-02 -3.8606170972e-02
     vertex 1.1511230469e-01 3.7850604261e-02 -3.7850604261e-02
   endloop
 endfacet
 facet normal  -6.7291694955e-01 4.1362231737e-01 -6.1326940049e-01
   outer loop
     vertex 1.1511230469e-01 3.7850604261e-02 -3.7850604261e-02
     vertex 1.1626532245e-01 3.8606170972e-02 -3.8606170972e-02
     vertex 1.1511230469e-01 2.0831574668e-02 -4.9329165647e-02
   endloop
 endfacet
 facet normal  -6.7291694955e-01 4.1362231737e-01 -6.1326940049e-01
   outer loop
     vertex 1.1626532245e-01 3.8606170972e-02 -3.8606170972e-02
     vertex 1.1626532245e-01 2.1247410681e-02 -5.0313865263e-02
     vertex 1.1511230469e-01 2.0831574668e-02 -4.9329165647e-02
   endloop
 endfacet
 facet normal  -6.7244915631e-01 1.4662229501e-01 -7.2547504077e-01
   outer loop
     vertex 1.1511230469e-01 2.0831574668e-02 -4.9329165647e-02
     vertex 1.1626532245e-01 2.1247410681e-02 -5.0313865263e-02
     vertex 1.1511230469e-01 0.0000000000e+00 -5.3539335693e-02
   endloop
 endfacet
 facet normal  -6.7244915631e-01 1.4662229501e-01 -7.2547504077e-01
   outer loop
     vertex 1.1626532245e-01 2.1247410681e-02 -5.0313865263e-02
     vertex 1.1626532245e-01 0.0000000000e+00 -5.4608077940e-02
     vertex 1.1511230469e-01 0.0000000000e+00 -5.3539335693e-02
   endloop
 endfacet
 facet normal  -6.7244915631e-01 -1.4662229501e-01 -7.2547504077e-01
   outer loop
     vertex 1.1511230469e-01 0.0000000000e+00 -5.3539335693e-02
     vertex 1.1626532245e-01 0.0000000000e+00 -5.4608077940e-02
     vertex 1.1626532245e-01 -2.1247410681e-02 -5.0313865263e-02
   endloop
 endfacet
 facet normal  -6.7244915631e-01 -1.4662229501e-01 -7.2547504077e-01
   outer loop
     vertex 1.1511230469e-01 0.0000000000e+00 -5.3539335693e-02
     vertex 1.1626532245e-01 -2.1247410681e-02 -5.0313865263e-02
     vertex 1.1511230469e-01 -2.0831574668e-02 -4.9329165647e-02
   endloop
 endfacet
 facet normal  -6.7291694955e-01 -4.1362231737e-01 -6.1326940049e-01
   outer loop
     vertex 1.1511230469e-01 -2.0831574668e-02 -4.9329165647e-02
     vertex 1.1626532245e-01 -2.1247410681e-02 -5.0313865263e-02
     vertex 1.1626532245e-01 -3.8606170972e-02 -3.8606170972e-02
   endloop
 endfacet
 facet normal  -6.7291694955e-01 -4.1362231737e-01 -6.1326940049e-01
   outer loop
     vertex 1.1511230469e-01 -2.0831574668e-02 -4.9329165647e-02
     vertex 1.1626532245e-01 -3.8606170972e-02 -3.8606170972e-02
     vertex 1.1511230469e-01 -3.7850604261e-02 -3.7850604261e-02
   endloop
 endfacet
 facet normal  -6.7291694955e-01 -6.1326940049e-01 -4.1362231737e-01
   outer loop
     vertex 1.1511230469e-01 -3.7850604261e-02 -3.7850604261e-02
     vertex 1.1626532245e-01 -3.8606170972e-02 -3.8606170972e-02
     vertex 1.1626532245e-01 -5.0313865263e-02 -2.1247410681e-02
   endloop
 endfacet
 facet normal  -6.7291694955e-01 -6.1326940049e-01 -4.1362231737e-01
   outer loop
     vertex 1.1511230469e-01 -3.7850604261e-02 -3.7850604261e-02
     vertex 1.1626532245e-01 -5.0313865263e-02 -2.1247410681e-02
     vertex 1.1511230469e-01 -4.9329165647e-02 -2.0831574668e-02
   endloop
 endfacet
 facet normal  -6.7244915631e-01 -7.2547504077e-01 -1.4662229501e-01
   outer loop
     vertex 1.1511230469e-01 -4.9329165647e-02 -2.0831574668e-02
     vertex 1.1626532245e-01 -5.0313865263e-02 -2.1247410681e-02
     vertex 1.1626532245e-01 -5.4608077940e-02 0.0000000000e+00
   endloop
 endfacet
 facet normal  -6.7244915631e-01 -7.2547504077e-01 -1.4662229501e-01
   outer loop
     vertex 1.1511230469e-01 -4.9329165647e-02 -2.0831574668e-02
     vertex 1.1626532245e-01 -5.4608077940e-02 0.0000000000e+00
     vertex 1.1511230469e-01 -5.3539335693e-02 0.0000000000e+00
   endloop
 endfacet
 facet normal  -6.7244915631e-01 -7.2547504077e-01 1.4662229501e-01
   outer loop
     vertex 1.1511230469e-01 -5.3539335693e-02 0.0000000000e+00
     vertex 1.1626532245e-01 -5.4608077940e-02 0.0000000000e+00
     vertex 1.1511230469e-01 -4.9329165647e-02 2.0831574668e-02
   endloop
 endfacet
 facet normal  -6.7244915631e-01 -7.2547504077e-01 1.4662229501e-01
   outer loop
     vertex 1.1626532245e-01 -5.4608077940e-02 0.0000000000e+00
     vertex 1.1626532245e-01 -5.0313865263e-02 2.1247410681e-02
     vertex 1.1511230469e-01 -4.9329165647e-02 2.0831574668e-02
   endloop
 endfacet
 facet normal  -6.7291694955e-01 -6.1326940049e-01 4.1362231737e-01
   outer loop
     vertex 1.1511230469e-01 -4.9329165647e-02 2.0831574668e-02
     vertex 1.1626532245e-01 -5.0313865263e-02 2.1247410681e-02
     vertex 1.1511230469e-01 -3.7850604261e-02 3.7850604261e-02
   endloop
 endfacet
 facet normal  -6.7291694955e-01 -6.1326940049e-01 4.1362231737e-01
   outer loop
     vertex 1.1626532245e-01 -5.0313865263e-02 2.1247410681e-02
     vertex 1.1626532245e-01 -3.8606170972e-02 3.8606170972e-02
     vertex 1.1511230469e-01 -3.7850604261e-02 3.7850604261e-02
   endloop
 endfacet
 facet normal  -6.7291694955e-01 -4.1362231737e-01 6.1326940049e-01
   outer loop
     vertex 1.1511230469e-01 -3.7850604261e-02 3.7850604261e-02
     vertex 1.1626532245e-01 -3.8606170972e-02 3.8606170972e-02
     vertex 1.1511230469e-01 -2.0831574668e-02 4.9329165647e-02
   endloop
 endfacet
 facet normal  -6.7291694955e-01 -4.1362231737e-01 6.1326940049e-01
   outer loop
     vertex 1.1626532245e-01 -3.8606170972e-02 3.8606170972e-02
     vertex 1.1626532245e-01 -2.1247410681e-02 5.0313865263e-02
     vertex 1.1511230469e-01 -2.0831574668e-02 4.9329165647e-02
   endloop
 endfacet
 facet normal  -6.7244915631e-01 -1.4662229501e-01 7.2547504077e-01
   outer loop
     vertex 1.1511230469e-01 -2.0831574668e-02 4.9329165647e-02
     vertex 1.1626532245e-01 -2.1247410681e-02 5.0313865263e-02
     vertex 1.1511230469e-01 0.0000000000e+00 5.3539335693e-02
   endloop
 endfacet
 facet normal  -6.7244915631e-01 -1.4662229501e-01 7.2547504077e-01
   outer loop
     vertex 1.1626532245e-01 -2.1247410681e-02 5.0313865263e-02
     vertex 1.1626532245e-01 0.0000000000e+00 5.4608077940e-02
     vertex 1.1511230469e-01 0.0000000000e+00 5.3539335693e-02
   endloop
 endfacet
 facet normal  -6.7244915631e-01 1.4662229501e-01 7.2547504077e-01
   outer loop
     vertex 1.1511230469e-01 0.0000000000e+00 5.3539335693e-02
     vertex 1.1626532245e-01 0.0000000000e+00 5.4608077940e-02
     vertex 1.1626532245e-01 2.1247410681e-02 5.0313865263e-02
   endloop
 endfacet
 facet normal  -6.7244915631e-01 1.4662229501e-01 7.2547504077e-01
   outer loop
     vertex 1.1511230469e-01 0.0000000000e+00 5.3539335693e-02
     vertex 1.1626532245e-01 2.1247410681e-02 5.0313865263e-02
     vertex 1.1511230469e-01 2.0831574668e-02 4.9329165647e-02
   endloop
 endfacet
 facet normal  -6.7291694955e-01 4.1362231737e-01 6.1326940049e-01
   outer loop
     vertex 1.1511230469e-01 2.0831574668e-02 4.9329165647e-02
     vertex 1.1626532245e-01 2.1247410681e-02 5.0313865263e-02
     vertex 1.1626532245e-01 3.8606170972e-02 3.8606170972e-02
   endloop
 endfacet
 facet normal  -6.7291694955e-01 4.1362231737e-01 6.1326940049e-01
   outer loop
     vertex 1.1511230469e-01 2.0831574668e-02 4.9329165647e-02
     vertex 1.1626532245e-01 3.8606170972e-02 3.8606170972e-02
     vertex 1.1511230469e-01 3.7850604261e-02 3.7850604261e-02
   endloop
 endfacet
 facet normal  -6.7291694955e-01 6.1326940049e-01 4.1362231737e-01
   outer loop
     vertex 1.1511230469e-01 3.7850604261e-02 3.7850604261e-02
     vertex 1.1626532245e-01 3.8606170972e-02 3.8606170972e-02
     vertex 1.1626532245e-01 5.0313865263e-02 2.1247410681e-02
   endloop
 endfacet
 facet normal  -6.7291694955e-01 6.1326940049e-01 4.1362231737e-01
   outer loop
     vertex 1.1511230469e-01 3.7850604261e-02 3.7850604261e-02
     vertex 1.1626532245e-01 5.0313865263e-02 2.1247410681e-02
     vertex 1.1511230469e-01 4.9329165647e-02 2.0831574668e-02
   endloop
 endfacet
 facet normal  -6.7244915631e-01 7.2547504077e-01 1.4662229501e-01
   outer loop
     vertex 1.1511230469e-01 4.9329165647e-02 2.0831574668e-02
     vertex 1.1626532245e-01 5.0313865263e-02 2.1247410681e-02
     vertex 1.1626532245e-01 5.4608077940e-02 0.0000000000e+00
   endloop
 endfacet
 facet normal  -6.7244915631e-01 7.2547504077e-01 1.4662229501e-01
   outer loop
     vertex 1.1511230469e-01 4.9329165647e-02 2.0831574668e-02
     vertex 1.1626532245e-01 5.4608077940e-02 0.0000000000e+00
     vertex 1.1511230469e-01 5.3539335693e-02 0.0000000000e+00
   endloop
 endfacet
 facet normal  -9.9805703280e-01 -6.1072166649e-02 1.2343003869e-02
   outer loop
     vertex 1.1626532245e-01 5.4608077940e-02 0.0000000000e+00
     vertex 1.1610937464e-01 5.7156617142e-02 0.0000000000e+00
     vertex 1.1626532245e-01 5.0313865263e-02 -2.1247410681e-02
   endloop
 endfacet
 facet normal  -9.9805703280e-01 -6.1072166649e-02 1.2343003869e-02
   outer loop
     vertex 1.1610937464e-01 5.7156617142e-02 0.0000000000e+00
     vertex 1.1610937464e-01 5.2661995116e-02 -2.2239019636e-02
     vertex 1.1626532245e-01 5.0313865263e-02 -2.1247410681e-02
   endloop
 endfacet
 facet normal  -9.9806194800e-01 -5.1590801167e-02 3.4795648889e-02
   outer loop
     vertex 1.1626532245e-01 5.0313865263e-02 -2.1247410681e-02
     vertex 1.1610937464e-01 5.2661995116e-02 -2.2239019636e-02
     vertex 1.1626532245e-01 3.8606170972e-02 -3.8606170972e-02
   endloop
 endfacet
 facet normal  -9.9806194800e-01 -5.1590801167e-02 3.4795648889e-02
   outer loop
     vertex 1.1610937464e-01 5.2661995116e-02 -2.2239019636e-02
     vertex 1.1610937464e-01 4.0407906977e-02 -4.0407906977e-02
     vertex 1.1626532245e-01 3.8606170972e-02 -3.8606170972e-02
   endloop
 endfacet
 facet normal  -9.9806194800e-01 -3.4795648889e-02 5.1590801167e-02
   outer loop
     vertex 1.1626532245e-01 3.8606170972e-02 -3.8606170972e-02
     vertex 1.1610937464e-01 4.0407906977e-02 -4.0407906977e-02
     vertex 1.1626532245e-01 2.1247410681e-02 -5.0313865263e-02
   endloop
 endfacet
 facet normal  -9.9806194800e-01 -3.4795648889e-02 5.1590801167e-02
   outer loop
     vertex 1.1610937464e-01 4.0407906977e-02 -4.0407906977e-02
     vertex 1.1610937464e-01 2.2239019636e-02 -5.2661995116e-02
     vertex 1.1626532245e-01 2.1247410681e-02 -5.0313865263e-02
   endloop
 endfacet
 facet normal  -9.9805703280e-01 -1.2343003869e-02 6.1072166649e-02
   outer loop
     vertex 1.1626532245e-01 2.1247410681e-02 -5.0313865263e-02
     vertex 1.1610937464e-01 2.2239019636e-02 -5.2661995116e-02
     vertex 1.1626532245e-01 0.0000000000e+00 -5.4608077940e-02
   endloop
 endfacet
 facet normal  -9.9805703280e-01 -1.2343003869e-02 6.1072166649e-02
   outer loop
     vertex 1.1610937464e-01 2.2239019636e-02 -5.2661995116e-02
     vertex 1.1610937464e-01 0.0000000000e+00 -5.7156617142e-02
     vertex 1.1626532245e-01 0.0000000000e+00 -5.4608077940e-02
   endloop
 endfacet
 facet normal  -9.9805703280e-01 1.2343003869e-02 6.1072166649e-02
   outer loop
     vertex 1.1626532245e-01 0.0000000000e+00 -5.4608077940e-02
     vertex 1.1610937464e-01 0.0000000000e+00 -5.7156617142e-02
     vertex 1.1610937464e-01 -2.2239019636e-02 -5.2661995116e-02
   endloop
 endfacet
 facet normal  -9.9805703280e-01 1.2343003869e-02 6.1072166649e-02
   outer loop
     vertex 1.1626532245e-01 0.0000000000e+00 -5.4608077940e-02
     vertex 1.1610937464e-01 -2.2239019636e-02 -5.2661995116e-02
     vertex 1.1626532245e-01 -2.1247410681e-02 -5.0313865263e-02
   endloop
 endfacet
 facet normal  -9.9806194800e-01 3.4795648889e-02 5.1590801167e-02
   outer loop
     vertex 1.1626532245e-01 -2.1247410681e-02 -5.0313865263e-02
     vertex 1.1610937464e-01 -2.2239019636e-02 -5.2661995116e-02
     vertex 1.1610937464e-01 -4.0407906977e-02 -4.0407906977e-02
   endloop
 endfacet
 facet normal  -9.9806194800e-01 3.4795648889e-02 5.1590801167e-02
   outer loop
     vertex 1.1626532245e-01 -2.1247410681e-02 -5.0313865263e-02
     vertex 1.1610937464e-01 -4.0407906977e-02 -4.0407906977e-02
     vertex 1.1626532245e-01 -3.8606170972e-02 -3.8606170972e-02
   endloop
 endfacet
 facet normal  -9.9806194800e-01 5.1590801167e-02 3.4795648889e-02
   outer loop
     vertex 1.1626532245e-01 -3.8606170972e-02 -3.8606170972e-02
     vertex 1.1610937464e-01 -4.0407906977e-02 -4.0407906977e-02
     vertex 1.1610937464e-01 -5.2661995116e-02 -2.2239019636e-02
   endloop
 endfacet
 facet normal  -9.9806194800e-01 5.1590801167e-02 3.4795648889e-02
   outer loop
     vertex 1.1626532245e-01 -3.8606170972e-02 -3.8606170972e-02
     vertex 1.1610937464e-01 -5.2661995116e-02 -2.2239019636e-02
     vertex 1.1626532245e-01 -5.0313865263e-02 -2.1247410681e-02
   endloop
 endfacet
 facet normal  -9.9805703280e-01 6.1072166649e-02 1.2343003869e-02
   outer loop
     vertex 1.1626532245e-01 -5.0313865263e-02 -2.1247410681e-02
     vertex 1.1610937464e-01 -5.2661995116e-02 -2.2239019636e-02
     vertex 1.1610937464e-01 -5.7156617142e-02 0.0000000000e+00
   endloop
 endfacet
 facet normal  -9.9805703280e-01 6.1072166649e-02 1.2343003869e-02
   outer loop
     vertex 1.1626532245e-01 -5.0313865263e-02 -2.1247410681e-02
     vertex 1.1610937464e-01 -5.7156617142e-02 0.0000000000e+00
     vertex 1.1626532245e-01 -5.4608077940e-02 0.0000000000e+00
   endloop
 endfacet
 facet normal  -9.9805703280e-01 6.1072166649e-02 -1.2343003869e-02
   outer loop
     vertex 1.1626532245e-01 -5.4608077940e-02 0.0000000000e+00
     vertex 1.1610937464e-01 -5.7156617142e-02 0.0000000000e+00
     vertex 1.1626532245e-01 -5.0313865263e-02 2.1247410681e-02
   endloop
 endfacet
 facet normal  -9.9805703280e-01 6.1072166649e-02 -1.2343003869e-02
   outer loop
     vertex 1.1610937464e-01 -5.7156617142e-02 0.0000000000e+00
     vertex 1.1610937464e-01 -5.2661995116e-02 2.2239019636e-02
     vertex 1.1626532245e-01 -5.0313865263e-02 2.1247410681e-02
   endloop
 endfacet
 facet normal  -9.9806194800e-01 5.1590801167e-02 -3.4795648889e-02
   outer loop
     vertex 1.1626532245e-01 -5.0313865263e-02 2.1247410681e-02
     vertex 1.1610937464e-01 -5.2661995116e-02 2.2239019636e-02
     vertex 1.1626532245e-01 -3.8606170972e-02 3.8606170972e-02
   endloop
 endfacet
 facet normal  -9.9806194800e-01 5.1590801167e-02 -3.4795648889e-02
   outer loop
     vertex 1.1610937464e-01 -5.2661995116e-02 2.2239019636e-02
     vertex 1.1610937464e-01 -4.0407906977e-02 4.0407906977e-02
     vertex 1.1626532245e-01 -3.8606170972e-02 3.8606170972e-02
   endloop
 endfacet
 facet normal  -9.9806194800e-01 3.4795648889e-02 -5.1590801167e-02
   outer loop
     vertex 1.1626532245e-01 -3.8606170972e-02 3.8606170972e-02
     vertex 1.1610937464e-01 -4.0407906977e-02 4.0407906977e-02
     vertex 1.1626532245e-01 -2.1247410681e-02 5.0313865263e-02
   endloop
 endfacet
 facet normal  -9.9806194800e-01 3.4795648889e-02 -5.1590801167e-02
   outer loop
     vertex 1.1610937464e-01 -4.0407906977e-02 4.0407906977e-02
     vertex 1.1610937464e-01 -2.2239019636e-02 5.2661995116e-02
     vertex 1.1626532245e-01 -2.1247410681e-02 5.0313865263e-02
   endloop
 endfacet
 facet normal  -9.9805703280e-01 1.2343003869e-02 -6.1072166649e-02
   outer loop
     vertex 1.1626532245e-01 -2.1247410681e-02 5.0313865263e-02
     vertex 1.1610937464e-01 -2.2239019636e-02 5.2661995116e-02
     vertex 1.1626532245e-01 0.0000000000e+00 5.4608077940e-02
   endloop
 endfacet
 facet normal  -9.9805703280e-01 1.2343003869e-02 -6.1072166649e-02
   outer loop
     vertex 1.1610937464e-01 -2.2239019636e-02 5.2661995116e-02
     vertex 1.1610937464e-01 0.0000000000e+00 5.7156617142e-02
     vertex 1.1626532245e-01 0.0000000000e+00 5.4608077940e-02
   endloop
 endfacet
 facet normal  -9.9805703280e-01 -1.2343003869e-02 -6.1072166649e-02
   outer loop
     vertex 1.1626532245e-01 0.0000000000e+00 5.4608077940e-02
     vertex 1.1610937464e-01 0.0000000000e+00 5.7156617142e-02
     vertex 1.1610937464e-01 2.2239019636e-02 5.2661995116e-02
   endloop
 endfacet
 facet normal  -9.9805703280e-01 -1.2343003869e-02 -6.1072166649e-02
   outer loop
     vertex 1.1626532245e-01 0.0000000000e+00 5.4608077940e-02
     vertex 1.1610937464e-01 2.2239019636e-02 5.2661995116e-02
     vertex 1.1626532245e-01 2.1247410681e-02 5.0313865263e-02
   endloop
 endfacet
 facet normal  -9.9806194800e-01 -3.4795648889e-02 -5.1590801167e-02
   outer loop
     vertex 1.1626532245e-01 2.1247410681e-02 5.0313865263e-02
     vertex 1.1610937464e-01 2.2239019636e-02 5.2661995116e-02
     vertex 1.1610937464e-01 4.0407906977e-02 4.0407906977e-02
   endloop
 endfacet
 facet normal  -9.9806194800e-01 -3.4795648889e-02 -5.1590801167e-02
   outer loop
     vertex 1.1626532245e-01 2.1247410681e-02 5.0313865263e-02
     vertex 1.1610937464e-01 4.0407906977e-02 4.0407906977e-02
     vertex 1.1626532245e-01 3.8606170972e-02 3.8606170972e-02
   endloop
 endfacet
 facet normal  -9.9806194800e-01 -5.1590801167e-02 -3.4795648889e-02
   outer loop
     vertex 1.1626532245e-01 3.8606170972e-02 3.8606170972e-02
     vertex 1.1610937464e-01 4.0407906977e-02 4.0407906977e-02
     vertex 1.1610937464e-01 5.2661995116e-02 2.2239019636e-02
   endloop
 endfacet
 facet normal  -9.9806194800e-01 -5.1590801167e-02 -3.4795648889e-02
   outer loop
     vertex 1.1626532245e-01 3.8606170972e-02 3.8606170972e-02
     vertex 1.1610937464e-01 5.2661995116e-02 2.2239019636e-02
     vertex 1.1626532245e-01 5.0313865263e-02 2.1247410681e-02
   endloop
 endfacet
 facet normal  -9.9805703280e-01 -6.1072166649e-02 -1.2343003869e-02
   outer loop
     vertex 1.1626532245e-01 5.0313865263e-02 2.1247410681e-02
     vertex 1.1610937464e-01 5.2661995116e-02 2.2239019636e-02
     vertex 1.1610937464e-01 5.7156617142e-02 0.0000000000e+00
   endloop
 endfacet
 facet normal  -9.9805703280e-01 -6.1072166649e-02 -1.2343003869e-02
   outer loop
     vertex 1.1626532245e-01 5.0313865263e-02 2.1247410681e-02
     vertex 1.1610937464e-01 5.7156617142e-02 0.0000000000e+00
     vertex 1.1626532245e-01 5.4608077940e-02 0.0000000000e+00
   endloop
 endfacet
 facet normal  -9.7196694800e-01 -2.3045793150e-01 4.6576751672e-02
   outer loop
     vertex 1.1610937464e-01 5.7156617142e-02 0.0000000000e+00
     vertex 1.1538814842e-01 6.0198421997e-02 0.0000000000e+00
     vertex 1.1610937464e-01 5.2661995116e-02 -2.2239019636e-02
   endloop
 endfacet
 facet normal  -9.7196694800e-01 -2.3045793150e-01 4.6576751672e-02
   outer loop
     vertex 1.1538814842e-01 6.0198421997e-02 0.0000000000e+00
     vertex 1.1538814842e-01 5.5464601715e-02 -2.3422552904e-02
     vertex 1.1610937464e-01 5.2661995116e-02 -2.2239019636e-02
   endloop
 endfacet
 facet normal  -9.7203511545e-01 -1.9469236593e-01 1.3131114565e-01
   outer loop
     vertex 1.1610937464e-01 5.2661995116e-02 -2.2239019636e-02
     vertex 1.1538814842e-01 5.5464601715e-02 -2.3422552904e-02
     vertex 1.1610937464e-01 4.0407906977e-02 -4.0407906977e-02
   endloop
 endfacet
 facet normal  -9.7203511545e-01 -1.9469236593e-01 1.3131114565e-01
   outer loop
     vertex 1.1538814842e-01 5.5464601715e-02 -2.3422552904e-02
     vertex 1.1538814842e-01 4.2558366080e-02 -4.2558366080e-02
     vertex 1.1610937464e-01 4.0407906977e-02 -4.0407906977e-02
   endloop
 endfacet
 facet normal  -9.7203511545e-01 -1.3131114565e-01 1.9469236593e-01
   outer loop
     vertex 1.1610937464e-01 4.0407906977e-02 -4.0407906977e-02
     vertex 1.1538814842e-01 4.2558366080e-02 -4.2558366080e-02
     vertex 1.1610937464e-01 2.2239019636e-02 -5.2661995116e-02
   endloop
 endfacet
 facet normal  -9.7203511545e-01 -1.3131114565e-01 1.9469236593e-01
   outer loop
     vertex 1.1538814842e-01 4.2558366080e-02 -4.2558366080e-02
     vertex 1.1538814842e-01 2.3422552904e-02 -5.5464601715e-02
     vertex 1.1610937464e-01 2.2239019636e-02 -5.2661995116e-02
   endloop
 endfacet
 facet normal  -9.7196694800e-01 -4.6576751672e-02 2.3045793150e-01
   outer loop
     vertex 1.1610937464e-01 2.2239019636e-02 -5.2661995116e-02
     vertex 1.1538814842e-01 2.3422552904e-02 -5.5464601715e-02
     vertex 1.1610937464e-01 0.0000000000e+00 -5.7156617142e-02
   endloop
 endfacet
 facet normal  -9.7196694800e-01 -4.6576751672e-02 2.3045793150e-01
   outer loop
     vertex 1.1538814842e-01 2.3422552904e-02 -5.5464601715e-02
     vertex 1.1538814842e-01 0.0000000000e+00 -6.0198421997e-02
     vertex 1.1610937464e-01 0.0000000000e+00 -5.7156617142e-02
   endloop
 endfacet
 facet normal  -9.7196694800e-01 4.6576751672e-02 2.3045793150e-01
   outer loop
     vertex 1.1610937464e-01 0.0000000000e+00 -5.7156617142e-02
     vertex 1.1538814842e-01 0.0000000000e+00 -6.0198421997e-02
     vertex 1.1538814842e-01 -2.3422552904e-02 -5.5464601715e-02
   endloop
 endfacet
 facet normal  -9.7196694800e-01 4.6576751672e-02 2.3045793150e-01
   outer loop
     vertex 1.1610937464e-01 0.0000000000e+00 -5.7156617142e-02
     vertex 1.1538814842e-01 -2.3422552904e-02 -5.5464601715e-02
     vertex 1.1610937464e-01 -2.2239019636e-02 -5.2661995116e-02
   endloop
 endfacet
 facet normal  -9.7203511545e-01 1.3131114565e-01 1.9469236593e-01
   outer loop
     vertex 1.1610937464e-01 -2.2239019636e-02 -5.2661995116e-02
     vertex 1.1538814842e-01 -2.3422552904e-02 -5.5464601715e-02
     vertex 1.1538814842e-01 -4.2558366080e-02 -4.2558366080e-02
   endloop
 endfacet
 facet normal  -9.7203511545e-01 1.3131114565e-01 1.9469236593e-01
   outer loop
     vertex 1.1610937464e-01 -2.2239019636e-02 -5.2661995116e-02
     vertex 1.1538814842e-01 -4.2558366080e-02 -4.2558366080e-02
     vertex 1.1610937464e-01 -4.0407906977e-02 -4.0407906977e-02
   endloop
 endfacet
 facet normal  -9.7203511545e-01 1.9469236593e-01 1.3131114565e-01
   outer loop
     vertex 1.1610937464e-01 -4.0407906977e-02 -4.0407906977e-02
     vertex 1.1538814842e-01 -4.2558366080e-02 -4.2558366080e-02
     vertex 1.1538814842e-01 -5.5464601715e-02 -2.3422552904e-02
   endloop
 endfacet
 facet normal  -9.7203511545e-01 1.9469236593e-01 1.3131114565e-01
   outer loop
     vertex 1.1610937464e-01 -4.0407906977e-02 -4.0407906977e-02
     vertex 1.1538814842e-01 -5.5464601715e-02 -2.3422552904e-02
     vertex 1.1610937464e-01 -5.2661995116e-02 -2.2239019636e-02
   endloop
 endfacet
 facet normal  -9.7196694800e-01 2.3045793150e-01 4.6576751672e-02
   outer loop
     vertex 1.1610937464e-01 -5.2661995116e-02 -2.2239019636e-02
     vertex 1.1538814842e-01 -5.5464601715e-02 -2.3422552904e-02
     vertex 1.1538814842e-01 -6.0198421997e-02 0.0000000000e+00
   endloop
 endfacet
 facet normal  -9.7196694800e-01 2.3045793150e-01 4.6576751672e-02
   outer loop
     vertex 1.1610937464e-01 -5.2661995116e-02 -2.2239019636e-02
     vertex 1.1538814842e-01 -6.0198421997e-02 0.0000000000e+00
     vertex 1.1610937464e-01 -5.7156617142e-02 0.0000000000e+00
   endloop
 endfacet
 facet normal  -9.7196694800e-01 2.3045793150e-01 -4.6576751672e-02
   outer loop
     vertex 1.1610937464e-01 -5.7156617142e-02 0.0000000000e+00
     vertex 1.1538814842e-01 -6.0198421997e-02 0.0000000000e+00
     vertex 1.1610937464e-01 -5.2661995116e-02 2.2239019636e-02
   endloop
 endfacet
 facet normal  -9.7196694800e-01 2.3045793150e-01 -4.6576751672e-02
   outer loop
     vertex 1.1538814842e-01 -6.0198421997e-02 0.0000000000e+00
     vertex 1.1538814842e-01 -5.5464601715e-02 2.3422552904e-02
     vertex 1.1610937464e-01 -5.2661995116e-02 2.2239019636e-02
   endloop
 endfacet
 facet normal  -9.7203511545e-01 1.9469236593e-01 -1.3131114565e-01
   outer loop
     vertex 1.1610937464e-01 -5.2661995116e-02 2.2239019636e-02
     vertex 1.1538814842e-01 -5.5464601715e-02 2.3422552904e-02
     vertex 1.1610937464e-01 -4.0407906977e-02 4.0407906977e-02
   endloop
 endfacet
 facet normal  -9.7203511545e-01 1.9469236593e-01 -1.3131114565e-01
   outer loop
     vertex 1.1538814842e-01 -5.5464601715e-02 2.3422552904e-02
     vertex 1.1538814842e-01 -4.2558366080e-02 4.2558366080e-02
     vertex 1.1610937464e-01 -4.0407906977e-02 4.0407906977e-02
   endloop
 endfacet
 facet normal  -9.7203511545e-01 1.3131114565e-01 -1.9469236593e-01
   outer loop
     vertex 1.1610937464e-01 -4.0407906977e-02 4.0407906977e-02
     vertex 1.1538814842e-01 -4.2558366080e-02 4.2558366080e-02
     vertex 1.1610937464e-01 -2.2239019636e-02 5.2661995116e-02
   endloop
 endfacet
 facet normal  -9.7203511545e-01 1.3131114565e-01 -1.9469236593e-01
   outer loop
     vertex 1.1538814842e-01 -4.2558366080e-02 4.2558366080e-02
     vertex 1.1538814842e-01 -2.3422552904e-02 5.5464601715e-02
     vertex 1.1610937464e-01 -2.2239019636e-02 5.2661995116e-02
   endloop
 endfacet
 facet normal  -9.7196694800e-01 4.6576751672e-02 -2.3045793150e-01
   outer loop
     vertex 1.1610937464e-01 -2.2239019636e-02 5.2661995116e-02
     vertex 1.1538814842e-01 -2.3422552904e-02 5.5464601715e-02
     vertex 1.1610937464e-01 0.0000000000e+00 5.7156617142e-02
   endloop
 endfacet
 facet normal  -9.7196694800e-01 4.6576751672e-02 -2.3045793150e-01
   outer loop
     vertex 1.1538814842e-01 -2.3422552904e-02 5.5464601715e-02
     vertex 1.1538814842e-01 0.0000000000e+00 6.0198421997e-02
     vertex 1.1610937464e-01 0.0000000000e+00 5.7156617142e-02
   endloop
 endfacet
 facet normal  -9.7196694800e-01 -4.6576751672e-02 -2.3045793150e-01
   outer loop
     vertex 1.1610937464e-01 0.0000000000e+00 5.7156617142e-02
     vertex 1.1538814842e-01 0.0000000000e+00 6.0198421997e-02
     vertex 1.1538814842e-01 2.3422552904e-02 5.5464601715e-02
   endloop
 endfacet
 facet normal  -9.7196694800e-01 -4.6576751672e-02 -2.3045793150e-01
   outer loop
     vertex 1.1610937464e-01 0.0000000000e+00 5.7156617142e-02
     vertex 1.1538814842e-01 2.3422552904e-02 5.5464601715e-02
     vertex 1.1610937464e-01 2.2239019636e-02 5.2661995116e-02
   endloop
 endfacet
 facet normal  -9.7203511545e-01 -1.3131114565e-01 -1.9469236593e-01
   outer loop
     vertex 1.1610937464e-01 2.2239019636e-02 5.2661995116e-02
     vertex 1.1538814842e-01 2.3422552904e-02 5.5464601715e-02
     vertex 1.1538814842e-01 4.2558366080e-02 4.2558366080e-02
   endloop
 endfacet
 facet normal  -9.7203511545e-01 -1.3131114565e-01 -1.9469236593e-01
   outer loop
     vertex 1.1610937464e-01 2.2239019636e-02 5.2661995116e-02
     vertex 1.1538814842e-01 4.2558366080e-02 4.2558366080e-02
     vertex 1.1610937464e-01 4.0407906977e-02 4.0407906977e-02
   endloop
 endfacet
 facet normal  -9.7203511545e-01 -1.9469236593e-01 -1.3131114565e-01
   outer loop
     vertex 1.1610937464e-01 4.0407906977e-02 4.0407906977e-02
     vertex 1.1538814842e-01 4.2558366080e-02 4.2558366080e-02
     vertex 1.1538814842e-01 5.5464601715e-02 2.3422552904e-02
   endloop
 endfacet
 facet normal  -9.7203511545e-01 -1.9469236593e-01 -1.3131114565e-01
   outer loop
     vertex 1.1610937464e-01 4.0407906977e-02 4.0407906977e-02
     vertex 1.1538814842e-01 5.5464601715e-02 2.3422552904e-02
     vertex 1.1610937464e-01 5.2661995116e-02 2.2239019636e-02
   endloop
 endfacet
 facet normal  -9.7196694800e-01 -2.3045793150e-01 -4.6576751672e-02
   outer loop
     vertex 1.1610937464e-01 5.2661995116e-02 2.2239019636e-02
     vertex 1.1538814842e-01 5.5464601715e-02 2.3422552904e-02
     vertex 1.1538814842e-01 6.0198421997e-02 0.0000000000e+00
   endloop
 endfacet
 facet normal  -9.7196694800e-01 -2.3045793150e-01 -4.6576751672e-02
   outer loop
     vertex 1.1610937464e-01 5.2661995116e-02 2.2239019636e-02
     vertex 1.1538814842e-01 6.0198421997e-02 0.0000000000e+00
     vertex 1.1610937464e-01 5.7156617142e-02 0.0000000000e+00
   endloop
 endfacet
 facet normal  -9.7719527418e-01 -2.0813439833e-01 4.2065049020e-02
   outer loop
     vertex 1.1538814842e-01 6.0198421997e-02 0.0000000000e+00
     vertex 1.1484533094e-01 6.2746961200e-02 0.0000000000e+00
     vertex 1.1538814842e-01 5.5464601715e-02 -2.3422552904e-02
   endloop
 endfacet
 facet normal  -9.7719527418e-01 -2.0813439833e-01 4.2065049020e-02
   outer loop
     vertex 1.1484533094e-01 6.2746961200e-02 0.0000000000e+00
     vertex 1.1484533094e-01 5.7812731569e-02 -2.4414161858e-02
     vertex 1.1538814842e-01 5.5464601715e-02 -2.3422552904e-02
   endloop
 endfacet
 facet normal  -9.7725117303e-01 -1.7583102589e-01 1.1859002966e-01
   outer loop
     vertex 1.1538814842e-01 5.5464601715e-02 -2.3422552904e-02
     vertex 1.1484533094e-01 5.7812731569e-02 -2.4414161858e-02
     vertex 1.1538814842e-01 4.2558366080e-02 -4.2558366080e-02
   endloop
 endfacet
 facet normal  -9.7725117303e-01 -1.7583102589e-01 1.1859002966e-01
   outer loop
     vertex 1.1484533094e-01 5.7812731569e-02 -2.4414161858e-02
     vertex 1.1484533094e-01 4.4360102085e-02 -4.4360102085e-02
     vertex 1.1538814842e-01 4.2558366080e-02 -4.2558366080e-02
   endloop
 endfacet
 facet normal  -9.7725117303e-01 -1.1859002966e-01 1.7583102589e-01
   outer loop
     vertex 1.1538814842e-01 4.2558366080e-02 -4.2558366080e-02
     vertex 1.1484533094e-01 4.4360102085e-02 -4.4360102085e-02
     vertex 1.1538814842e-01 2.3422552904e-02 -5.5464601715e-02
   endloop
 endfacet
 facet normal  -9.7725117303e-01 -1.1859002966e-01 1.7583102589e-01
   outer loop
     vertex 1.1484533094e-01 4.4360102085e-02 -4.4360102085e-02
     vertex 1.1484533094e-01 2.4414161858e-02 -5.7812731569e-02
     vertex 1.1538814842e-01 2.3422552904e-02 -5.5464601715e-02
   endloop
 endfacet
 facet normal  -9.7719527418e-01 -4.2065049020e-02 2.0813439833e-01
   outer loop
     vertex 1.1538814842e-01 2.3422552904e-02 -5.5464601715e-02
     vertex 1.1484533094e-01 2.4414161858e-02 -5.7812731569e-02
     vertex 1.1538814842e-01 0.0000000000e+00 -6.0198421997e-02
   endloop
 endfacet
 facet normal  -9.7719527418e-01 -4.2065049020e-02 2.0813439833e-01
   outer loop
     vertex 1.1484533094e-01 2.4414161858e-02 -5.7812731569e-02
     vertex 1.1484533094e-01 0.0000000000e+00 -6.2746961200e-02
     vertex 1.1538814842e-01 0.0000000000e+00 -6.0198421997e-02
   endloop
 endfacet
 facet normal  -9.7719527418e-01 4.2065049020e-02 2.0813439833e-01
   outer loop
     vertex 1.1538814842e-01 0.0000000000e+00 -6.0198421997e-02
     vertex 1.1484533094e-01 0.0000000000e+00 -6.2746961200e-02
     vertex 1.1484533094e-01 -2.4414161858e-02 -5.7812731569e-02
   endloop
 endfacet
 facet normal  -9.7719527418e-01 4.2065049020e-02 2.0813439833e-01
   outer loop
     vertex 1.1538814842e-01 0.0000000000e+00 -6.0198421997e-02
     vertex 1.1484533094e-01 -2.4414161858e-02 -5.7812731569e-02
     vertex 1.1538814842e-01 -2.3422552904e-02 -5.5464601715e-02
   endloop
 endfacet
 facet normal  -9.7725117303e-01 1.1859002966e-01 1.7583102589e-01
   outer loop
     vertex 1.1538814842e-01 -2.3422552904e-02 -5.5464601715e-02
     vertex 1.1484533094e-01 -2.4414161858e-02 -5.7812731569e-02
     vertex 1.1484533094e-01 -4.4360102085e-02 -4.4360102085e-02
   endloop
 endfacet
 facet normal  -9.7725117303e-01 1.1859002966e-01 1.7583102589e-01
   outer loop
     vertex 1.1538814842e-01 -2.3422552904e-02 -5.5464601715e-02
     vertex 1.1484533094e-01 -4.4360102085e-02 -4.4360102085e-02
     vertex 1.1538814842e-01 -4.2558366080e-02 -4.2558366080e-02
   endloop
 endfacet
 facet normal  -9.7725117303e-01 1.7583102589e-01 1.1859002966e-01
   outer loop
     vertex 1.1538814842e-01 -4.2558366080e-02 -4.2558366080e-02
     vertex 1.1484533094e-01 -4.4360102085e-02 -4.4360102085e-02
     vertex 1.1484533094e-01 -5.7812731569e-02 -2.4414161858e-02
   endloop
 endfacet
 facet normal  -9.7725117303e-01 1.7583102589e-01 1.1859002966e-01
   outer loop
     vertex 1.1538814842e-01 -4.2558366080e-02 -4.2558366080e-02
     vertex 1.1484533094e-01 -5.7812731569e-02 -2.4414161858e-02
     vertex 1.1538814842e-01 -5.5464601715e-02 -2.3422552904e-02
   endloop
 endfacet
 facet normal  -9.7719527418e-01 2.0813439833e-01 4.2065049020e-02
   outer loop
     vertex 1.1538814842e-01 -5.5464601715e-02 -2.3422552904e-02
     vertex 1.1484533094e-01 -5.7812731569e-02 -2.4414161858e-02
     vertex 1.1484533094e-01 -6.2746961200e-02 0.0000000000e+00
   endloop
 endfacet
 facet normal  -9.7719527418e-01 2.0813439833e-01 4.2065049020e-02
   outer loop
     vertex 1.1538814842e-01 -5.5464601715e-02 -2.3422552904e-02
     vertex 1.1484533094e-01 -6.2746961200e-02 0.0000000000e+00
     vertex 1.1538814842e-01 -6.0198421997e-02 0.0000000000e+00
   endloop
 endfacet
 facet normal  -9.7719527418e-01 2.0813439833e-01 -4.2065049020e-02
   outer loop
     vertex 1.1538814842e-01 -6.0198421997e-02 0.0000000000e+00
     vertex 1.1484533094e-01 -6.2746961200e-02 0.0000000000e+00
     vertex 1.1538814842e-01 -5.5464601715e-02 2.3422552904e-02
   endloop
 endfacet
 facet normal  -9.7719527418e-01 2.0813439833e-01 -4.2065049020e-02
   outer loop
     vertex 1.1484533094e-01 -6.2746961200e-02 0.0000000000e+00
     vertex 1.1484533094e-01 -5.7812731569e-02 2.4414161858e-02
     vertex 1.1538814842e-01 -5.5464601715e-02 2.3422552904e-02
   endloop
 endfacet
 facet normal  -9.7725117303e-01 1.7583102589e-01 -1.1859002966e-01
   outer loop
     vertex 1.1538814842e-01 -5.5464601715e-02 2.3422552904e-02
     vertex 1.1484533094e-01 -5.7812731569e-02 2.4414161858e-02
     vertex 1.1538814842e-01 -4.2558366080e-02 4.2558366080e-02
   endloop
 endfacet
 facet normal  -9.7725117303e-01 1.7583102589e-01 -1.1859002966e-01
   outer loop
     vertex 1.1484533094e-01 -5.7812731569e-02 2.4414161858e-02
     vertex 1.1484533094e-01 -4.4360102085e-02 4.4360102085e-02
     vertex 1.1538814842e-01 -4.2558366080e-02 4.2558366080e-02
   endloop
 endfacet
 facet normal  -9.7725117303e-01 1.1859002966e-01 -1.7583102589e-01
   outer loop
     vertex 1.1538814842e-01 -4.2558366080e-02 4.2558366080e-02
     vertex 1.1484533094e-01 -4.4360102085e-02 4.4360102085e-02
     vertex 1.1538814842e-01 -2.3422552904e-02 5.5464601715e-02
   endloop
 endfacet
 facet normal  -9.7725117303e-01 1.1859002966e-01 -1.7583102589e-01
   outer loop
     vertex 1.1484533094e-01 -4.4360102085e-02 4.4360102085e-02
     vertex 1.1484533094e-01 -2.4414161858e-02 5.7812731569e-02
     vertex 1.1538814842e-01 -2.3422552904e-02 5.5464601715e-02
   endloop
 endfacet
 facet normal  -9.7719527418e-01 4.2065049020e-02 -2.0813439833e-01
   outer loop
     vertex 1.1538814842e-01 -2.3422552904e-02 5.5464601715e-02
     vertex 1.1484533094e-01 -2.4414161858e-02 5.7812731569e-02
     vertex 1.1538814842e-01 0.0000000000e+00 6.0198421997e-02
   endloop
 endfacet
 facet normal  -9.7719527418e-01 4.2065049020e-02 -2.0813439833e-01
   outer loop
     vertex 1.1484533094e-01 -2.4414161858e-02 5.7812731569e-02
     vertex 1.1484533094e-01 0.0000000000e+00 6.2746961200e-02
     vertex 1.1538814842e-01 0.0000000000e+00 6.0198421997e-02
   endloop
 endfacet
 facet normal  -9.7719527418e-01 -4.2065049020e-02 -2.0813439833e-01
   outer loop
     vertex 1.1538814842e-01 0.0000000000e+00 6.0198421997e-02
     vertex 1.1484533094e-01 0.0000000000e+00 6.2746961200e-02
     vertex 1.1484533094e-01 2.4414161858e-02 5.7812731569e-02
   endloop
 endfacet
 facet normal  -9.7719527418e-01 -4.2065049020e-02 -2.0813439833e-01
   outer loop
     vertex 1.1538814842e-01 0.0000000000e+00 6.0198421997e-02
     vertex 1.1484533094e-01 2.4414161858e-02 5.7812731569e-02
     vertex 1.1538814842e-01 2.3422552904e-02 5.5464601715e-02
   endloop
 endfacet
 facet normal  -9.7725117303e-01 -1.1859002966e-01 -1.7583102589e-01
   outer loop
     vertex 1.1538814842e-01 2.3422552904e-02 5.5464601715e-02
     vertex 1.1484533094e-01 2.4414161858e-02 5.7812731569e-02
     vertex 1.1484533094e-01 4.4360102085e-02 4.4360102085e-02
   endloop
 endfacet
 facet normal  -9.7725117303e-01 -1.1859002966e-01 -1.7583102589e-01
   outer loop
     vertex 1.1538814842e-01 2.3422552904e-02 5.5464601715e-02
     vertex 1.1484533094e-01 4.4360102085e-02 4.4360102085e-02
     vertex 1.1538814842e-01 4.2558366080e-02 4.2558366080e-02
   endloop
 endfacet
 facet normal  -9.7725117303e-01 -1.7583102589e-01 -1.1859002966e-01
   outer loop
     vertex 1.1538814842e-01 4.2558366080e-02 4.2558366080e-02
     vertex 1.1484533094e-01 4.4360102085e-02 4.4360102085e-02
     vertex 1.1484533094e-01 5.7812731569e-02 2.4414161858e-02
   endloop
 endfacet
 facet normal  -9.7725117303e-01 -1.7583102589e-01 -1.1859002966e-01
   outer loop
     vertex 1.1538814842e-01 4.2558366080e-02 4.2558366080e-02
     vertex 1.1484533094e-01 5.7812731569e-02 2.4414161858e-02
     vertex 1.1538814842e-01 5.5464601715e-02 2.3422552904e-02
   endloop
 endfacet
 facet normal  -9.7719527418e-01 -2.0813439833e-01 -4.2065049020e-02
   outer loop
     vertex 1.1538814842e-01 5.5464601715e-02 2.3422552904e-02
     vertex 1.1484533094e-01 5.7812731569e-02 2.4414161858e-02
     vertex 1.1484533094e-01 6.2746961200e-02 0.0000000000e+00
   endloop
 endfacet
 facet normal  -9.7719527418e-01 -2.0813439833e-01 -4.2065049020e-02
   outer loop
     vertex 1.1538814842e-01 5.5464601715e-02 2.3422552904e-02
     vertex 1.1484533094e-01 6.2746961200e-02 0.0000000000e+00
     vertex 1.1538814842e-01 6.0198421997e-02 0.0000000000e+00
   endloop
 endfacet
 facet normal  -9.4026905617e-01 3.3368548822e-01 -6.7439580059e-02
   outer loop
     vertex 1.1484533094e-01 6.2746961200e-02 0.0000000000e+00
     vertex 1.1522460938e-01 6.3815703446e-02 0.0000000000e+00
     vertex 1.1484533094e-01 5.7812731569e-02 -2.4414161858e-02
   endloop
 endfacet
 facet normal  -9.4026905617e-01 3.3368548822e-01 -6.7439580059e-02
   outer loop
     vertex 1.1522460938e-01 6.3815703446e-02 0.0000000000e+00
     vertex 1.1522460938e-01 5.8797431185e-02 -2.4829997872e-02
     vertex 1.1484533094e-01 5.7812731569e-02 -2.4414161858e-02
   endloop
 endfacet
 facet normal  -9.4040732335e-01 2.8192136155e-01 -1.9014313577e-01
   outer loop
     vertex 1.1484533094e-01 5.7812731569e-02 -2.4414161858e-02
     vertex 1.1522460938e-01 5.8797431185e-02 -2.4829997872e-02
     vertex 1.1484533094e-01 4.4360102085e-02 -4.4360102085e-02
   endloop
 endfacet
 facet normal  -9.4040732335e-01 2.8192136155e-01 -1.9014313577e-01
   outer loop
     vertex 1.1522460938e-01 5.8797431185e-02 -2.4829997872e-02
     vertex 1.1522460938e-01 4.5115668797e-02 -4.5115668797e-02
     vertex 1.1484533094e-01 4.4360102085e-02 -4.4360102085e-02
   endloop
 endfacet
 facet normal  -9.4040732335e-01 1.9014313577e-01 -2.8192136155e-01
   outer loop
     vertex 1.1484533094e-01 4.4360102085e-02 -4.4360102085e-02
     vertex 1.1522460938e-01 4.5115668797e-02 -4.5115668797e-02
     vertex 1.1484533094e-01 2.4414161858e-02 -5.7812731569e-02
   endloop
 endfacet
 facet normal  -9.4040732335e-01 1.9014313577e-01 -2.8192136155e-01
   outer loop
     vertex 1.1522460938e-01 4.5115668797e-02 -4.5115668797e-02
     vertex 1.1522460938e-01 2.4829997872e-02 -5.8797431185e-02
     vertex 1.1484533094e-01 2.4414161858e-02 -5.7812731569e-02
   endloop
 endfacet
 facet normal  -9.4026905617e-01 6.7439580059e-02 -3.3368548822e-01
   outer loop
     vertex 1.1484533094e-01 2.4414161858e-02 -5.7812731569e-02
     vertex 1.1522460938e-01 2.4829997872e-02 -5.8797431185e-02
     vertex 1.1484533094e-01 0.0000000000e+00 -6.2746961200e-02
   endloop
 endfacet
 facet normal  -9.4026905617e-01 6.7439580059e-02 -3.3368548822e-01
   outer loop
     vertex 1.1522460938e-01 2.4829997872e-02 -5.8797431185e-02
     vertex 1.1522460938e-01 0.0000000000e+00 -6.3815703446e-02
     vertex 1.1484533094e-01 0.0000000000e+00 -6.2746961200e-02
   endloop
 endfacet
 facet normal  -9.4026905617e-01 -6.7439580059e-02 -3.3368548822e-01
   outer loop
     vertex 1.1484533094e-01 0.0000000000e+00 -6.2746961200e-02
     vertex 1.1522460938e-01 0.0000000000e+00 -6.3815703446e-02
     vertex 1.1522460938e-01 -2.4829997872e-02 -5.8797431185e-02
   endloop
 endfacet
 facet normal  -9.4026905617e-01 -6.7439580059e-02 -3.3368548822e-01
   outer loop
     vertex 1.1484533094e-01 0.0000000000e+00 -6.2746961200e-02
     vertex 1.1522460938e-01 -2.4829997872e-02 -5.8797431185e-02
     vertex 1.1484533094e-01 -2.4414161858e-02 -5.7812731569e-02
   endloop
 endfacet
 facet normal  -9.4040732335e-01 -1.9014313577e-01 -2.8192136155e-01
   outer loop
     vertex 1.1484533094e-01 -2.4414161858e-02 -5.7812731569e-02
     vertex 1.1522460938e-01 -2.4829997872e-02 -5.8797431185e-02
     vertex 1.1522460938e-01 -4.5115668797e-02 -4.5115668797e-02
   endloop
 endfacet
 facet normal  -9.4040732335e-01 -1.9014313577e-01 -2.8192136155e-01
   outer loop
     vertex 1.1484533094e-01 -2.4414161858e-02 -5.7812731569e-02
     vertex 1.1522460938e-01 -4.5115668797e-02 -4.5115668797e-02
     vertex 1.1484533094e-01 -4.4360102085e-02 -4.4360102085e-02
   endloop
 endfacet
 facet normal  -9.4040732335e-01 -2.8192136155e-01 -1.9014313577e-01
   outer loop
     vertex 1.1484533094e-01 -4.4360102085e-02 -4.4360102085e-02
     vertex 1.1522460938e-01 -4.5115668797e-02 -4.5115668797e-02
     vertex 1.1522460938e-01 -5.8797431185e-02 -2.4829997872e-02
   endloop
 endfacet
 facet normal  -9.4040732335e-01 -2.8192136155e-01 -1.9014313577e-01
   outer loop
     vertex 1.1484533094e-01 -4.4360102085e-02 -4.4360102085e-02
     vertex 1.1522460938e-01 -5.8797431185e-02 -2.4829997872e-02
     vertex 1.1484533094e-01 -5.7812731569e-02 -2.4414161858e-02
   endloop
 endfacet
 facet normal  -9.4026905617e-01 -3.3368548822e-01 -6.7439580059e-02
   outer loop
     vertex 1.1484533094e-01 -5.7812731569e-02 -2.4414161858e-02
     vertex 1.1522460938e-01 -5.8797431185e-02 -2.4829997872e-02
     vertex 1.1522460938e-01 -6.3815703446e-02 0.0000000000e+00
   endloop
 endfacet
 facet normal  -9.4026905617e-01 -3.3368548822e-01 -6.7439580059e-02
   outer loop
     vertex 1.1484533094e-01 -5.7812731569e-02 -2.4414161858e-02
     vertex 1.1522460938e-01 -6.3815703446e-02 0.0000000000e+00
     vertex 1.1484533094e-01 -6.2746961200e-02 0.0000000000e+00
   endloop
 endfacet
 facet normal  -9.4026905617e-01 -3.3368548822e-01 6.7439580059e-02
   outer loop
     vertex 1.1484533094e-01 -6.2746961200e-02 0.0000000000e+00
     vertex 1.1522460938e-01 -6.3815703446e-02 0.0000000000e+00
     vertex 1.1484533094e-01 -5.7812731569e-02 2.4414161858e-02
   endloop
 endfacet
 facet normal  -9.4026905617e-01 -3.3368548822e-01 6.7439580059e-02
   outer loop
     vertex 1.1522460938e-01 -6.3815703446e-02 0.0000000000e+00
     vertex 1.1522460938e-01 -5.8797431185e-02 2.4829997872e-02
     vertex 1.1484533094e-01 -5.7812731569e-02 2.4414161858e-02
   endloop
 endfacet
 facet normal  -9.4040732335e-01 -2.8192136155e-01 1.9014313577e-01
   outer loop
     vertex 1.1484533094e-01 -5.7812731569e-02 2.4414161858e-02
     vertex 1.1522460938e-01 -5.8797431185e-02 2.4829997872e-02
     vertex 1.1484533094e-01 -4.4360102085e-02 4.4360102085e-02
   endloop
 endfacet
 facet normal  -9.4040732335e-01 -2.8192136155e-01 1.9014313577e-01
   outer loop
     vertex 1.1522460938e-01 -5.8797431185e-02 2.4829997872e-02
     vertex 1.1522460938e-01 -4.5115668797e-02 4.5115668797e-02
     vertex 1.1484533094e-01 -4.4360102085e-02 4.4360102085e-02
   endloop
 endfacet
 facet normal  -9.4040732335e-01 -1.9014313577e-01 2.8192136155e-01
   outer loop
     vertex 1.1484533094e-01 -4.4360102085e-02 4.4360102085e-02
     vertex 1.1522460938e-01 -4.5115668797e-02 4.5115668797e-02
     vertex 1.1484533094e-01 -2.4414161858e-02 5.7812731569e-02
   endloop
 endfacet
 facet normal  -9.4040732335e-01 -1.9014313577e-01 2.8192136155e-01
   outer loop
     vertex 1.1522460938e-01 -4.5115668797e-02 4.5115668797e-02
     vertex 1.1522460938e-01 -2.4829997872e-02 5.8797431185e-02
     vertex 1.1484533094e-01 -2.4414161858e-02 5.7812731569e-02
   endloop
 endfacet
 facet normal  -9.4026905617e-01 -6.7439580059e-02 3.3368548822e-01
   outer loop
     vertex 1.1484533094e-01 -2.4414161858e-02 5.7812731569e-02
     vertex 1.1522460938e-01 -2.4829997872e-02 5.8797431185e-02
     vertex 1.1484533094e-01 0.0000000000e+00 6.2746961200e-02
   endloop
 endfacet
 facet normal  -9.4026905617e-01 -6.7439580059e-02 3.3368548822e-01
   outer loop
     vertex 1.1522460938e-01 -2.4829997872e-02 5.8797431185e-02
     vertex 1.1522460938e-01 0.0000000000e+00 6.3815703446e-02
     vertex 1.1484533094e-01 0.0000000000e+00 6.2746961200e-02
   endloop
 endfacet
 facet normal  -9.4026905617e-01 6.7439580059e-02 3.3368548822e-01
   outer loop
     vertex 1.1484533094e-01 0.0000000000e+00 6.2746961200e-02
     vertex 1.1522460938e-01 0.0000000000e+00 6.3815703446e-02
     vertex 1.1522460938e-01 2.4829997872e-02 5.8797431185e-02
   endloop
 endfacet
 facet normal  -9.4026905617e-01 6.7439580059e-02 3.3368548822e-01
   outer loop
     vertex 1.1484533094e-01 0.0000000000e+00 6.2746961200e-02
     vertex 1.1522460938e-01 2.4829997872e-02 5.8797431185e-02
     vertex 1.1484533094e-01 2.4414161858e-02 5.7812731569e-02
   endloop
 endfacet
 facet normal  -9.4040732335e-01 1.9014313577e-01 2.8192136155e-01
   outer loop
     vertex 1.1484533094e-01 2.4414161858e-02 5.7812731569e-02
     vertex 1.1522460938e-01 2.4829997872e-02 5.8797431185e-02
     vertex 1.1522460938e-01 4.5115668797e-02 4.5115668797e-02
   endloop
 endfacet
 facet normal  -9.4040732335e-01 1.9014313577e-01 2.8192136155e-01
   outer loop
     vertex 1.1484533094e-01 2.4414161858e-02 5.7812731569e-02
     vertex 1.1522460938e-01 4.5115668797e-02 4.5115668797e-02
     vertex 1.1484533094e-01 4.4360102085e-02 4.4360102085e-02
   endloop
 endfacet
 facet normal  -9.4040732335e-01 2.8192136155e-01 1.9014313577e-01
   outer loop
     vertex 1.1484533094e-01 4.4360102085e-02 4.4360102085e-02
     vertex 1.1522460938e-01 4.5115668797e-02 4.5115668797e-02
     vertex 1.1522460938e-01 5.8797431185e-02 2.4829997872e-02
   endloop
 endfacet
 facet normal  -9.4040732335e-01 2.8192136155e-01 1.9014313577e-01
   outer loop
     vertex 1.1484533094e-01 4.4360102085e-02 4.4360102085e-02
     vertex 1.1522460938e-01 5.8797431185e-02 2.4829997872e-02
     vertex 1.1484533094e-01 5.7812731569e-02 2.4414161858e-02
   endloop
 endfacet
 facet normal  -9.4026905617e-01 3.3368548822e-01 6.7439580059e-02
   outer loop
     vertex 1.1484533094e-01 5.7812731569e-02 2.4414161858e-02
     vertex 1.1522460938e-01 5.8797431185e-02 2.4829997872e-02
     vertex 1.1522460938e-01 6.3815703446e-02 0.0000000000e+00
   endloop
 endfacet
 facet normal  -9.4026905617e-01 3.3368548822e-01 6.7439580059e-02
   outer loop
     vertex 1.1484533094e-01 5.7812731569e-02 2.4414161858e-02
     vertex 1.1522460938e-01 6.3815703446e-02 0.0000000000e+00
     vertex 1.1484533094e-01 6.2746961200e-02 0.0000000000e+00
   endloop
 endfacet
 facet normal  -6.3544198154e-01 7.5684605387e-01 -1.5296254061e-01
   outer loop
     vertex 1.1522460938e-01 6.3815703446e-02 0.0000000000e+00
     vertex 1.1589802346e-01 6.4381096602e-02 0.0000000000e+00
     vertex 1.1522460938e-01 5.8797431185e-02 -2.4829997872e-02
   endloop
 endfacet
 facet normal  -6.3544198154e-01 7.5684605387e-01 -1.5296254061e-01
   outer loop
     vertex 1.1589802346e-01 6.4381096602e-02 0.0000000000e+00
     vertex 1.1589802346e-01 5.9318363548e-02 -2.5049986215e-02
     vertex 1.1522460938e-01 5.8797431185e-02 -2.4829997872e-02
   endloop
 endfacet
 facet normal  -6.3592313166e-01 6.3982775520e-01 -4.3153471968e-01
   outer loop
     vertex 1.1522460938e-01 5.8797431185e-02 -2.4829997872e-02
     vertex 1.1589802346e-01 5.9318363548e-02 -2.5049986215e-02
     vertex 1.1522460938e-01 4.5115668797e-02 -4.5115668797e-02
   endloop
 endfacet
 facet normal  -6.3592313166e-01 6.3982775520e-01 -4.3153471968e-01
   outer loop
     vertex 1.1589802346e-01 5.9318363548e-02 -2.5049986215e-02
     vertex 1.1589802346e-01 4.5515383742e-02 -4.5515383742e-02
     vertex 1.1522460938e-01 4.5115668797e-02 -4.5115668797e-02
   endloop
 endfacet
 facet normal  -6.3592313166e-01 4.3153471968e-01 -6.3982775520e-01
   outer loop
     vertex 1.1522460938e-01 4.5115668797e-02 -4.5115668797e-02
     vertex 1.1589802346e-01 4.5515383742e-02 -4.5515383742e-02
     vertex 1.1522460938e-01 2.4829997872e-02 -5.8797431185e-02
   endloop
 endfacet
 facet normal  -6.3592313166e-01 4.3153471968e-01 -6.3982775520e-01
   outer loop
     vertex 1.1589802346e-01 4.5515383742e-02 -4.5515383742e-02
     vertex 1.1589802346e-01 2.5049986215e-02 -5.9318363548e-02
     vertex 1.1522460938e-01 2.4829997872e-02 -5.8797431185e-02
   endloop
 endfacet
 facet normal  -6.3544198154e-01 1.5296254061e-01 -7.5684605387e-01
   outer loop
     vertex 1.1522460938e-01 2.4829997872e-02 -5.8797431185e-02
     vertex 1.1589802346e-01 2.5049986215e-02 -5.9318363548e-02
     vertex 1.1522460938e-01 0.0000000000e+00 -6.3815703446e-02
   endloop
 endfacet
 facet normal  -6.3544198154e-01 1.5296254061e-01 -7.5684605387e-01
   outer loop
     vertex 1.1589802346e-01 2.5049986215e-02 -5.9318363548e-02
     vertex 1.1589802346e-01 0.0000000000e+00 -6.4381096602e-02
     vertex 1.1522460938e-01 0.0000000000e+00 -6.3815703446e-02
   endloop
 endfacet
 facet normal  -6.3544198154e-01 -1.5296254061e-01 -7.5684605387e-01
   outer loop
     vertex 1.1522460938e-01 0.0000000000e+00 -6.3815703446e-02
     vertex 1.1589802346e-01 0.0000000000e+00 -6.4381096602e-02
     vertex 1.1589802346e-01 -2.5049986215e-02 -5.9318363548e-02
   endloop
 endfacet
 facet normal  -6.3544198154e-01 -1.5296254061e-01 -7.5684605387e-01
   outer loop
     vertex 1.1522460938e-01 0.0000000000e+00 -6.3815703446e-02
     vertex 1.1589802346e-01 -2.5049986215e-02 -5.9318363548e-02
     vertex 1.1522460938e-01 -2.4829997872e-02 -5.8797431185e-02
   endloop
 endfacet
 facet normal  -6.3592313166e-01 -4.3153471968e-01 -6.3982775520e-01
   outer loop
     vertex 1.1522460938e-01 -2.4829997872e-02 -5.8797431185e-02
     vertex 1.1589802346e-01 -2.5049986215e-02 -5.9318363548e-02
     vertex 1.1589802346e-01 -4.5515383742e-02 -4.5515383742e-02
   endloop
 endfacet
 facet normal  -6.3592313166e-01 -4.3153471968e-01 -6.3982775520e-01
   outer loop
     vertex 1.1522460938e-01 -2.4829997872e-02 -5.8797431185e-02
     vertex 1.1589802346e-01 -4.5515383742e-02 -4.5515383742e-02
     vertex 1.1522460938e-01 -4.5115668797e-02 -4.5115668797e-02
   endloop
 endfacet
 facet normal  -6.3592313166e-01 -6.3982775520e-01 -4.3153471968e-01
   outer loop
     vertex 1.1522460938e-01 -4.5115668797e-02 -4.5115668797e-02
     vertex 1.1589802346e-01 -4.5515383742e-02 -4.5515383742e-02
     vertex 1.1589802346e-01 -5.9318363548e-02 -2.5049986215e-02
   endloop
 endfacet
 facet normal  -6.3592313166e-01 -6.3982775520e-01 -4.3153471968e-01
   outer loop
     vertex 1.1522460938e-01 -4.5115668797e-02 -4.5115668797e-02
     vertex 1.1589802346e-01 -5.9318363548e-02 -2.5049986215e-02
     vertex 1.1522460938e-01 -5.8797431185e-02 -2.4829997872e-02
   endloop
 endfacet
 facet normal  -6.3544198154e-01 -7.5684605387e-01 -1.5296254061e-01
   outer loop
     vertex 1.1522460938e-01 -5.8797431185e-02 -2.4829997872e-02
     vertex 1.1589802346e-01 -5.9318363548e-02 -2.5049986215e-02
     vertex 1.1589802346e-01 -6.4381096602e-02 0.0000000000e+00
   endloop
 endfacet
 facet normal  -6.3544198154e-01 -7.5684605387e-01 -1.5296254061e-01
   outer loop
     vertex 1.1522460938e-01 -5.8797431185e-02 -2.4829997872e-02
     vertex 1.1589802346e-01 -6.4381096602e-02 0.0000000000e+00
     vertex 1.1522460938e-01 -6.3815703446e-02 0.0000000000e+00
   endloop
 endfacet
 facet normal  -6.3544198154e-01 -7.5684605387e-01 1.5296254061e-01
   outer loop
     vertex 1.1522460938e-01 -6.3815703446e-02 0.0000000000e+00
     vertex 1.1589802346e-01 -6.4381096602e-02 0.0000000000e+00
     vertex 1.1522460938e-01 -5.8797431185e-02 2.4829997872e-02
   endloop
 endfacet
 facet normal  -6.3544198154e-01 -7.5684605387e-01 1.5296254061e-01
   outer loop
     vertex 1.1589802346e-01 -6.4381096602e-02 0.0000000000e+00
     vertex 1.1589802346e-01 -5.9318363548e-02 2.5049986215e-02
     vertex 1.1522460938e-01 -5.8797431185e-02 2.4829997872e-02
   endloop
 endfacet
 facet normal  -6.3592313166e-01 -6.3982775520e-01 4.3153471968e-01
   outer loop
     vertex 1.1522460938e-01 -5.8797431185e-02 2.4829997872e-02
     vertex 1.1589802346e-01 -5.9318363548e-02 2.5049986215e-02
     vertex 1.1522460938e-01 -4.5115668797e-02 4.5115668797e-02
   endloop
 endfacet
 facet normal  -6.3592313166e-01 -6.3982775520e-01 4.3153471968e-01
   outer loop
     vertex 1.1589802346e-01 -5.9318363548e-02 2.5049986215e-02
     vertex 1.1589802346e-01 -4.5515383742e-02 4.5515383742e-02
     vertex 1.1522460938e-01 -4.5115668797e-02 4.5115668797e-02
   endloop
 endfacet
 facet normal  -6.3592313166e-01 -4.3153471968e-01 6.3982775520e-01
   outer loop
     vertex 1.1522460938e-01 -4.5115668797e-02 4.5115668797e-02
     vertex 1.1589802346e-01 -4.5515383742e-02 4.5515383742e-02
     vertex 1.1522460938e-01 -2.4829997872e-02 5.8797431185e-02
   endloop
 endfacet
 facet normal  -6.3592313166e-01 -4.3153471968e-01 6.3982775520e-01
   outer loop
     vertex 1.1589802346e-01 -4.5515383742e-02 4.5515383742e-02
     vertex 1.1589802346e-01 -2.5049986215e-02 5.9318363548e-02
     vertex 1.1522460938e-01 -2.4829997872e-02 5.8797431185e-02
   endloop
 endfacet
 facet normal  -6.3544198154e-01 -1.5296254061e-01 7.5684605387e-01
   outer loop
     vertex 1.1522460938e-01 -2.4829997872e-02 5.8797431185e-02
     vertex 1.1589802346e-01 -2.5049986215e-02 5.9318363548e-02
     vertex 1.1522460938e-01 0.0000000000e+00 6.3815703446e-02
   endloop
 endfacet
 facet normal  -6.3544198154e-01 -1.5296254061e-01 7.5684605387e-01
   outer loop
     vertex 1.1589802346e-01 -2.5049986215e-02 5.9318363548e-02
     vertex 1.1589802346e-01 0.0000000000e+00 6.4381096602e-02
     vertex 1.1522460938e-01 0.0000000000e+00 6.3815703446e-02
   endloop
 endfacet
 facet normal  -6.3544198154e-01 1.5296254061e-01 7.5684605387e-01
   outer loop
     vertex 1.1522460938e-01 0.0000000000e+00 6.3815703446e-02
     vertex 1.1589802346e-01 0.0000000000e+00 6.4381096602e-02
     vertex 1.1589802346e-01 2.5049986215e-02 5.9318363548e-02
   endloop
 endfacet
 facet normal  -6.3544198154e-01 1.5296254061e-01 7.5684605387e-01
   outer loop
     vertex 1.1522460938e-01 0.0000000000e+00 6.3815703446e-02
     vertex 1.1589802346e-01 2.5049986215e-02 5.9318363548e-02
     vertex 1.1522460938e-01 2.4829997872e-02 5.8797431185e-02
   endloop
 endfacet
 facet normal  -6.3592313166e-01 4.3153471968e-01 6.3982775520e-01
   outer loop
     vertex 1.1522460938e-01 2.4829997872e-02 5.8797431185e-02
     vertex 1.1589802346e-01 2.5049986215e-02 5.9318363548e-02
     vertex 1.1589802346e-01 4.5515383742e-02 4.5515383742e-02
   endloop
 endfacet
 facet normal  -6.3592313166e-01 4.3153471968e-01 6.3982775520e-01
   outer loop
     vertex 1.1522460938e-01 2.4829997872e-02 5.8797431185e-02
     vertex 1.1589802346e-01 4.5515383742e-02 4.5515383742e-02
     vertex 1.1522460938e-01 4.5115668797e-02 4.5115668797e-02
   endloop
 endfacet
 facet normal  -6.3592313166e-01 6.3982775520e-01 4.3153471968e-01
   outer loop
     vertex 1.1522460938e-01 4.5115668797e-02 4.5115668797e-02
     vertex 1.1589802346e-01 4.5515383742e-02 4.5515383742e-02
     vertex 1.1589802346e-01 5.9318363548e-02 2.5049986215e-02
   endloop
 endfacet
 facet normal  -6.3592313166e-01 6.3982775520e-01 4.3153471968e-01
   outer loop
     vertex 1.1522460938e-01 4.5115668797e-02 4.5115668797e-02
     vertex 1.1589802346e-01 5.9318363548e-02 2.5049986215e-02
     vertex 1.1522460938e-01 5.8797431185e-02 2.4829997872e-02
   endloop
 endfacet
 facet normal  -6.3544198154e-01 7.5684605387e-01 1.5296254061e-01
   outer loop
     vertex 1.1522460938e-01 5.8797431185e-02 2.4829997872e-02
     vertex 1.1589802346e-01 5.9318363548e-02 2.5049986215e-02
     vertex 1.1589802346e-01 6.4381096602e-02 0.0000000000e+00
   endloop
 endfacet
 facet normal  -6.3544198154e-01 7.5684605387e-01 1.5296254061e-01
   outer loop
     vertex 1.1522460938e-01 5.8797431185e-02 2.4829997872e-02
     vertex 1.1589802346e-01 6.4381096602e-02 0.0000000000e+00
     vertex 1.1522460938e-01 6.3815703446e-02 0.0000000000e+00
   endloop
 endfacet
 facet normal  -9.9928656333e-01 3.7018761959e-02 -7.4816851465e-03
   outer loop
     vertex 1.1589802346e-01 6.4381096602e-02 0.0000000000e+00
     vertex 1.1594796946e-01 6.5729341822e-02 0.0000000000e+00
     vertex 1.1589802346e-01 5.9318363548e-02 -2.5049986215e-02
   endloop
 endfacet
 facet normal  -9.9928656333e-01 3.7018761959e-02 -7.4816851465e-03
   outer loop
     vertex 1.1594796946e-01 6.5729341822e-02 0.0000000000e+00
     vertex 1.1594796946e-01 6.0560586876e-02 -2.5574573803e-02
     vertex 1.1589802346e-01 5.9318363548e-02 -2.5049986215e-02
   endloop
 endfacet
 facet normal  -9.9928837147e-01 3.1271555321e-02 -2.1091241744e-02
   outer loop
     vertex 1.1589802346e-01 5.9318363548e-02 -2.5049986215e-02
     vertex 1.1594796946e-01 6.0560586876e-02 -2.5574573803e-02
     vertex 1.1589802346e-01 4.5515383742e-02 -4.5515383742e-02
   endloop
 endfacet
 facet normal  -9.9928837147e-01 3.1271555321e-02 -2.1091241744e-02
   outer loop
     vertex 1.1594796946e-01 6.0560586876e-02 -2.5574573803e-02
     vertex 1.1594796946e-01 4.6468550149e-02 -4.6468550149e-02
     vertex 1.1589802346e-01 4.5515383742e-02 -4.5515383742e-02
   endloop
 endfacet
 facet normal  -9.9928837147e-01 2.1091241744e-02 -3.1271555321e-02
   outer loop
     vertex 1.1589802346e-01 4.5515383742e-02 -4.5515383742e-02
     vertex 1.1594796946e-01 4.6468550149e-02 -4.6468550149e-02
     vertex 1.1589802346e-01 2.5049986215e-02 -5.9318363548e-02
   endloop
 endfacet
 facet normal  -9.9928837147e-01 2.1091241744e-02 -3.1271555321e-02
   outer loop
     vertex 1.1594796946e-01 4.6468550149e-02 -4.6468550149e-02
     vertex 1.1594796946e-01 2.5574573803e-02 -6.0560586876e-02
     vertex 1.1589802346e-01 2.5049986215e-02 -5.9318363548e-02
   endloop
 endfacet
 facet normal  -9.9928656333e-01 7.4816851465e-03 -3.7018761959e-02
   outer loop
     vertex 1.1589802346e-01 2.5049986215e-02 -5.9318363548e-02
     vertex 1.1594796946e-01 2.5574573803e-02 -6.0560586876e-02
     vertex 1.1589802346e-01 0.0000000000e+00 -6.4381096602e-02
   endloop
 endfacet
 facet normal  -9.9928656333e-01 7.4816851465e-03 -3.7018761959e-02
   outer loop
     vertex 1.1594796946e-01 2.5574573803e-02 -6.0560586876e-02
     vertex 1.1594796946e-01 0.0000000000e+00 -6.5729341822e-02
     vertex 1.1589802346e-01 0.0000000000e+00 -6.4381096602e-02
   endloop
 endfacet
 facet normal  -9.9928656333e-01 -7.4816851465e-03 -3.7018761959e-02
   outer loop
     vertex 1.1589802346e-01 0.0000000000e+00 -6.4381096602e-02
     vertex 1.1594796946e-01 0.0000000000e+00 -6.5729341822e-02
     vertex 1.1594796946e-01 -2.5574573803e-02 -6.0560586876e-02
   endloop
 endfacet
 facet normal  -9.9928656333e-01 -7.4816851465e-03 -3.7018761959e-02
   outer loop
     vertex 1.1589802346e-01 0.0000000000e+00 -6.4381096602e-02
     vertex 1.1594796946e-01 -2.5574573803e-02 -6.0560586876e-02
     vertex 1.1589802346e-01 -2.5049986215e-02 -5.9318363548e-02
   endloop
 endfacet
 facet normal  -9.9928837147e-01 -2.1091241744e-02 -3.1271555321e-02
   outer loop
     vertex 1.1589802346e-01 -2.5049986215e-02 -5.9318363548e-02
     vertex 1.1594796946e-01 -2.5574573803e-02 -6.0560586876e-02
     vertex 1.1594796946e-01 -4.6468550149e-02 -4.6468550149e-02
   endloop
 endfacet
 facet normal  -9.9928837147e-01 -2.1091241744e-02 -3.1271555321e-02
   outer loop
     vertex 1.1589802346e-01 -2.5049986215e-02 -5.9318363548e-02
     vertex 1.1594796946e-01 -4.6468550149e-02 -4.6468550149e-02
     vertex 1.1589802346e-01 -4.5515383742e-02 -4.5515383742e-02
   endloop
 endfacet
 facet normal  -9.9928837147e-01 -3.1271555321e-02 -2.1091241744e-02
   outer loop
     vertex 1.1589802346e-01 -4.5515383742e-02 -4.5515383742e-02
     vertex 1.1594796946e-01 -4.6468550149e-02 -4.6468550149e-02
     vertex 1.1594796946e-01 -6.0560586876e-02 -2.5574573803e-02
   endloop
 endfacet
 facet normal  -9.9928837147e-01 -3.1271555321e-02 -2.1091241744e-02
   outer loop
     vertex 1.1589802346e-01 -4.5515383742e-02 -4.5515383742e-02
     vertex 1.1594796946e-01 -6.0560586876e-02 -2.5574573803e-02
     vertex 1.1589802346e-01 -5.9318363548e-02 -2.5049986215e-02
   endloop
 endfacet
 facet normal  -9.9928656333e-01 -3.7018761959e-02 -7.4816851465e-03
   outer loop
     vertex 1.1589802346e-01 -5.9318363548e-02 -2.5049986215e-02
     vertex 1.1594796946e-01 -6.0560586876e-02 -2.5574573803e-02
     vertex 1.1594796946e-01 -6.5729341822e-02 0.0000000000e+00
   endloop
 endfacet
 facet normal  -9.9928656333e-01 -3.7018761959e-02 -7.4816851465e-03
   outer loop
     vertex 1.1589802346e-01 -5.9318363548e-02 -2.5049986215e-02
     vertex 1.1594796946e-01 -6.5729341822e-02 0.0000000000e+00
     vertex 1.1589802346e-01 -6.4381096602e-02 0.0000000000e+00
   endloop
 endfacet
 facet normal  -9.9928656333e-01 -3.7018761959e-02 7.4816851465e-03
   outer loop
     vertex 1.1589802346e-01 -6.4381096602e-02 0.0000000000e+00
     vertex 1.1594796946e-01 -6.5729341822e-02 0.0000000000e+00
     vertex 1.1589802346e-01 -5.9318363548e-02 2.5049986215e-02
   endloop
 endfacet
 facet normal  -9.9928656333e-01 -3.7018761959e-02 7.4816851465e-03
   outer loop
     vertex 1.1594796946e-01 -6.5729341822e-02 0.0000000000e+00
     vertex 1.1594796946e-01 -6.0560586876e-02 2.5574573803e-02
     vertex 1.1589802346e-01 -5.9318363548e-02 2.5049986215e-02
   endloop
 endfacet
 facet normal  -9.9928837147e-01 -3.1271555321e-02 2.1091241744e-02
   outer loop
     vertex 1.1589802346e-01 -5.9318363548e-02 2.5049986215e-02
     vertex 1.1594796946e-01 -6.0560586876e-02 2.5574573803e-02
     vertex 1.1589802346e-01 -4.5515383742e-02 4.5515383742e-02
   endloop
 endfacet
 facet normal  -9.9928837147e-01 -3.1271555321e-02 2.1091241744e-02
   outer loop
     vertex 1.1594796946e-01 -6.0560586876e-02 2.5574573803e-02
     vertex 1.1594796946e-01 -4.6468550149e-02 4.6468550149e-02
     vertex 1.1589802346e-01 -4.5515383742e-02 4.5515383742e-02
   endloop
 endfacet
 facet normal  -9.9928837147e-01 -2.1091241744e-02 3.1271555321e-02
   outer loop
     vertex 1.1589802346e-01 -4.5515383742e-02 4.5515383742e-02
     vertex 1.1594796946e-01 -4.6468550149e-02 4.6468550149e-02
     vertex 1.1589802346e-01 -2.5049986215e-02 5.9318363548e-02
   endloop
 endfacet
 facet normal  -9.9928837147e-01 -2.1091241744e-02 3.1271555321e-02
   outer loop
     vertex 1.1594796946e-01 -4.6468550149e-02 4.6468550149e-02
     vertex 1.1594796946e-01 -2.5574573803e-02 6.0560586876e-02
     vertex 1.1589802346e-01 -2.5049986215e-02 5.9318363548e-02
   endloop
 endfacet
 facet normal  -9.9928656333e-01 -7.4816851465e-03 3.7018761959e-02
   outer loop
     vertex 1.1589802346e-01 -2.5049986215e-02 5.9318363548e-02
     vertex 1.1594796946e-01 -2.5574573803e-02 6.0560586876e-02
     vertex 1.1589802346e-01 0.0000000000e+00 6.4381096602e-02
   endloop
 endfacet
 facet normal  -9.9928656333e-01 -7.4816851465e-03 3.7018761959e-02
   outer loop
     vertex 1.1594796946e-01 -2.5574573803e-02 6.0560586876e-02
     vertex 1.1594796946e-01 0.0000000000e+00 6.5729341822e-02
     vertex 1.1589802346e-01 0.0000000000e+00 6.4381096602e-02
   endloop
 endfacet
 facet normal  -9.9928656333e-01 7.4816851465e-03 3.7018761959e-02
   outer loop
     vertex 1.1589802346e-01 0.0000000000e+00 6.4381096602e-02
     vertex 1.1594796946e-01 0.0000000000e+00 6.5729341822e-02
     vertex 1.1594796946e-01 2.5574573803e-02 6.0560586876e-02
   endloop
 endfacet
 facet normal  -9.9928656333e-01 7.4816851465e-03 3.7018761959e-02
   outer loop
     vertex 1.1589802346e-01 0.0000000000e+00 6.4381096602e-02
     vertex 1.1594796946e-01 2.5574573803e-02 6.0560586876e-02
     vertex 1.1589802346e-01 2.5049986215e-02 5.9318363548e-02
   endloop
 endfacet
 facet normal  -9.9928837147e-01 2.1091241744e-02 3.1271555321e-02
   outer loop
     vertex 1.1589802346e-01 2.5049986215e-02 5.9318363548e-02
     vertex 1.1594796946e-01 2.5574573803e-02 6.0560586876e-02
     vertex 1.1594796946e-01 4.6468550149e-02 4.6468550149e-02
   endloop
 endfacet
 facet normal  -9.9928837147e-01 2.1091241744e-02 3.1271555321e-02
   outer loop
     vertex 1.1589802346e-01 2.5049986215e-02 5.9318363548e-02
     vertex 1.1594796946e-01 4.6468550149e-02 4.6468550149e-02
     vertex 1.1589802346e-01 4.5515383742e-02 4.5515383742e-02
   endloop
 endfacet
 facet normal  -9.9928837147e-01 3.1271555321e-02 2.1091241744e-02
   outer loop
     vertex 1.1589802346e-01 4.5515383742e-02 4.5515383742e-02
     vertex 1.1594796946e-01 4.6468550149e-02 4.6468550149e-02
     vertex 1.1594796946e-01 6.0560586876e-02 2.5574573803e-02
   endloop
 endfacet
 facet normal  -9.9928837147e-01 3.1271555321e-02 2.1091241744e-02
   outer loop
     vertex 1.1589802346e-01 4.5515383742e-02 4.5515383742e-02
     vertex 1.1594796946e-01 6.0560586876e-02 2.5574573803e-02
     vertex 1.1589802346e-01 5.9318363548e-02 2.5049986215e-02
   endloop
 endfacet
 facet normal  -9.9928656333e-01 3.7018761959e-02 7.4816851465e-03
   outer loop
     vertex 1.1589802346e-01 5.9318363548e-02 2.5049986215e-02
     vertex 1.1594796946e-01 6.0560586876e-02 2.5574573803e-02
     vertex 1.1594796946e-01 6.5729341822e-02 0.0000000000e+00
   endloop
 endfacet
 facet normal  -9.9928656333e-01 3.7018761959e-02 7.4816851465e-03
   outer loop
     vertex 1.1589802346e-01 5.9318363548e-02 2.5049986215e-02
     vertex 1.1594796946e-01 6.5729341822e-02 0.0000000000e+00
     vertex 1.1589802346e-01 6.4381096602e-02 0.0000000000e+00
   endloop
 endfacet
 facet normal  -9.8624997080e-01 -1.6198522919e-01 3.2738060893e-02
   outer loop
     vertex 1.1594796946e-01 6.5729341822e-02 0.0000000000e+00
     vertex 1.1568366936e-01 6.7338537729e-02 0.0000000000e+00
     vertex 1.1594796946e-01 6.0560586876e-02 -2.5574573803e-02
   endloop
 endfacet
 facet normal  -9.8624997080e-01 -1.6198522919e-01 3.2738060893e-02
   outer loop
     vertex 1.1568366936e-01 6.7338537729e-02 0.0000000000e+00
     vertex 1.1568366936e-01 6.2043240526e-02 -2.6200694472e-02
     vertex 1.1594796946e-01 6.0560586876e-02 -2.5574573803e-02
   endloop
 endfacet
 facet normal  -9.8628414174e-01 -1.3684132394e-01 9.2293249058e-02
   outer loop
     vertex 1.1594796946e-01 6.0560586876e-02 -2.5574573803e-02
     vertex 1.1568366936e-01 6.2043240526e-02 -2.6200694472e-02
     vertex 1.1594796946e-01 4.6468550149e-02 -4.6468550149e-02
   endloop
 endfacet
 facet normal  -9.8628414174e-01 -1.3684132394e-01 9.2293249058e-02
   outer loop
     vertex 1.1568366936e-01 6.2043240526e-02 -2.6200694472e-02
     vertex 1.1568366936e-01 4.7606200377e-02 -4.7606200377e-02
     vertex 1.1594796946e-01 4.6468550149e-02 -4.6468550149e-02
   endloop
 endfacet
 facet normal  -9.8628414174e-01 -9.2293249058e-02 1.3684132394e-01
   outer loop
     vertex 1.1594796946e-01 4.6468550149e-02 -4.6468550149e-02
     vertex 1.1568366936e-01 4.7606200377e-02 -4.7606200377e-02
     vertex 1.1594796946e-01 2.5574573803e-02 -6.0560586876e-02
   endloop
 endfacet
 facet normal  -9.8628414174e-01 -9.2293249058e-02 1.3684132394e-01
   outer loop
     vertex 1.1568366936e-01 4.7606200377e-02 -4.7606200377e-02
     vertex 1.1568366936e-01 2.6200694472e-02 -6.2043240526e-02
     vertex 1.1594796946e-01 2.5574573803e-02 -6.0560586876e-02
   endloop
 endfacet
 facet normal  -9.8624997080e-01 -3.2738060893e-02 1.6198522919e-01
   outer loop
     vertex 1.1594796946e-01 2.5574573803e-02 -6.0560586876e-02
     vertex 1.1568366936e-01 2.6200694472e-02 -6.2043240526e-02
     vertex 1.1594796946e-01 0.0000000000e+00 -6.5729341822e-02
   endloop
 endfacet
 facet normal  -9.8624997080e-01 -3.2738060893e-02 1.6198522919e-01
   outer loop
     vertex 1.1568366936e-01 2.6200694472e-02 -6.2043240526e-02
     vertex 1.1568366936e-01 0.0000000000e+00 -6.7338537729e-02
     vertex 1.1594796946e-01 0.0000000000e+00 -6.5729341822e-02
   endloop
 endfacet
 facet normal  -9.8624997080e-01 3.2738060893e-02 1.6198522919e-01
   outer loop
     vertex 1.1594796946e-01 0.0000000000e+00 -6.5729341822e-02
     vertex 1.1568366936e-01 0.0000000000e+00 -6.7338537729e-02
     vertex 1.1568366936e-01 -2.6200694472e-02 -6.2043240526e-02
   endloop
 endfacet
 facet normal  -9.8624997080e-01 3.2738060893e-02 1.6198522919e-01
   outer loop
     vertex 1.1594796946e-01 0.0000000000e+00 -6.5729341822e-02
     vertex 1.1568366936e-01 -2.6200694472e-02 -6.2043240526e-02
     vertex 1.1594796946e-01 -2.5574573803e-02 -6.0560586876e-02
   endloop
 endfacet
 facet normal  -9.8628414174e-01 9.2293249058e-02 1.3684132394e-01
   outer loop
     vertex 1.1594796946e-01 -2.5574573803e-02 -6.0560586876e-02
     vertex 1.1568366936e-01 -2.6200694472e-02 -6.2043240526e-02
     vertex 1.1568366936e-01 -4.7606200377e-02 -4.7606200377e-02
   endloop
 endfacet
 facet normal  -9.8628414174e-01 9.2293249058e-02 1.3684132394e-01
   outer loop
     vertex 1.1594796946e-01 -2.5574573803e-02 -6.0560586876e-02
     vertex 1.1568366936e-01 -4.7606200377e-02 -4.7606200377e-02
     vertex 1.1594796946e-01 -4.6468550149e-02 -4.6468550149e-02
   endloop
 endfacet
 facet normal  -9.8628414174e-01 1.3684132394e-01 9.2293249058e-02
   outer loop
     vertex 1.1594796946e-01 -4.6468550149e-02 -4.6468550149e-02
     vertex 1.1568366936e-01 -4.7606200377e-02 -4.7606200377e-02
     vertex 1.1568366936e-01 -6.2043240526e-02 -2.6200694472e-02
   endloop
 endfacet
 facet normal  -9.8628414174e-01 1.3684132394e-01 9.2293249058e-02
   outer loop
     vertex 1.1594796946e-01 -4.6468550149e-02 -4.6468550149e-02
     vertex 1.1568366936e-01 -6.2043240526e-02 -2.6200694472e-02
     vertex 1.1594796946e-01 -6.0560586876e-02 -2.5574573803e-02
   endloop
 endfacet
 facet normal  -9.8624997080e-01 1.6198522919e-01 3.2738060893e-02
   outer loop
     vertex 1.1594796946e-01 -6.0560586876e-02 -2.5574573803e-02
     vertex 1.1568366936e-01 -6.2043240526e-02 -2.6200694472e-02
     vertex 1.1568366936e-01 -6.7338537729e-02 0.0000000000e+00
   endloop
 endfacet
 facet normal  -9.8624997080e-01 1.6198522919e-01 3.2738060893e-02
   outer loop
     vertex 1.1594796946e-01 -6.0560586876e-02 -2.5574573803e-02
     vertex 1.1568366936e-01 -6.7338537729e-02 0.0000000000e+00
     vertex 1.1594796946e-01 -6.5729341822e-02 0.0000000000e+00
   endloop
 endfacet
 facet normal  -9.8624997080e-01 1.6198522919e-01 -3.2738060893e-02
   outer loop
     vertex 1.1594796946e-01 -6.5729341822e-02 0.0000000000e+00
     vertex 1.1568366936e-01 -6.7338537729e-02 0.0000000000e+00
     vertex 1.1594796946e-01 -6.0560586876e-02 2.5574573803e-02
   endloop
 endfacet
 facet normal  -9.8624997080e-01 1.6198522919e-01 -3.2738060893e-02
   outer loop
     vertex 1.1568366936e-01 -6.7338537729e-02 0.0000000000e+00
     vertex 1.1568366936e-01 -6.2043240526e-02 2.6200694472e-02
     vertex 1.1594796946e-01 -6.0560586876e-02 2.5574573803e-02
   endloop
 endfacet
 facet normal  -9.8628414174e-01 1.3684132394e-01 -9.2293249058e-02
   outer loop
     vertex 1.1594796946e-01 -6.0560586876e-02 2.5574573803e-02
     vertex 1.1568366936e-01 -6.2043240526e-02 2.6200694472e-02
     vertex 1.1594796946e-01 -4.6468550149e-02 4.6468550149e-02
   endloop
 endfacet
 facet normal  -9.8628414174e-01 1.3684132394e-01 -9.2293249058e-02
   outer loop
     vertex 1.1568366936e-01 -6.2043240526e-02 2.6200694472e-02
     vertex 1.1568366936e-01 -4.7606200377e-02 4.7606200377e-02
     vertex 1.1594796946e-01 -4.6468550149e-02 4.6468550149e-02
   endloop
 endfacet
 facet normal  -9.8628414174e-01 9.2293249058e-02 -1.3684132394e-01
   outer loop
     vertex 1.1594796946e-01 -4.6468550149e-02 4.6468550149e-02
     vertex 1.1568366936e-01 -4.7606200377e-02 4.7606200377e-02
     vertex 1.1594796946e-01 -2.5574573803e-02 6.0560586876e-02
   endloop
 endfacet
 facet normal  -9.8628414174e-01 9.2293249058e-02 -1.3684132394e-01
   outer loop
     vertex 1.1568366936e-01 -4.7606200377e-02 4.7606200377e-02
     vertex 1.1568366936e-01 -2.6200694472e-02 6.2043240526e-02
     vertex 1.1594796946e-01 -2.5574573803e-02 6.0560586876e-02
   endloop
 endfacet
 facet normal  -9.8624997080e-01 3.2738060893e-02 -1.6198522919e-01
   outer loop
     vertex 1.1594796946e-01 -2.5574573803e-02 6.0560586876e-02
     vertex 1.1568366936e-01 -2.6200694472e-02 6.2043240526e-02
     vertex 1.1594796946e-01 0.0000000000e+00 6.5729341822e-02
   endloop
 endfacet
 facet normal  -9.8624997080e-01 3.2738060893e-02 -1.6198522919e-01
   outer loop
     vertex 1.1568366936e-01 -2.6200694472e-02 6.2043240526e-02
     vertex 1.1568366936e-01 0.0000000000e+00 6.7338537729e-02
     vertex 1.1594796946e-01 0.0000000000e+00 6.5729341822e-02
   endloop
 endfacet
 facet normal  -9.8624997080e-01 -3.2738060893e-02 -1.6198522919e-01
   outer loop
     vertex 1.1594796946e-01 0.0000000000e+00 6.5729341822e-02
     vertex 1.1568366936e-01 0.0000000000e+00 6.7338537729e-02
     vertex 1.1568366936e-01 2.6200694472e-02 6.2043240526e-02
   endloop
 endfacet
 facet normal  -9.8624997080e-01 -3.2738060893e-02 -1.6198522919e-01
   outer loop
     vertex 1.1594796946e-01 0.0000000000e+00 6.5729341822e-02
     vertex 1.1568366936e-01 2.6200694472e-02 6.2043240526e-02
     vertex 1.1594796946e-01 2.5574573803e-02 6.0560586876e-02
   endloop
 endfacet
 facet normal  -9.8628414174e-01 -9.2293249058e-02 -1.3684132394e-01
   outer loop
     vertex 1.1594796946e-01 2.5574573803e-02 6.0560586876e-02
     vertex 1.1568366936e-01 2.6200694472e-02 6.2043240526e-02
     vertex 1.1568366936e-01 4.7606200377e-02 4.7606200377e-02
   endloop
 endfacet
 facet normal  -9.8628414174e-01 -9.2293249058e-02 -1.3684132394e-01
   outer loop
     vertex 1.1594796946e-01 2.5574573803e-02 6.0560586876e-02
     vertex 1.1568366936e-01 4.7606200377e-02 4.7606200377e-02
     vertex 1.1594796946e-01 4.6468550149e-02 4.6468550149e-02
   endloop
 endfacet
 facet normal  -9.8628414174e-01 -1.3684132394e-01 -9.2293249058e-02
   outer loop
     vertex 1.1594796946e-01 4.6468550149e-02 4.6468550149e-02
     vertex 1.1568366936e-01 4.7606200377e-02 4.7606200377e-02
     vertex 1.1568366936e-01 6.2043240526e-02 2.6200694472e-02
   endloop
 endfacet
 facet normal  -9.8628414174e-01 -1.3684132394e-01 -9.2293249058e-02
   outer loop
     vertex 1.1594796946e-01 4.6468550149e-02 4.6468550149e-02
     vertex 1.1568366936e-01 6.2043240526e-02 2.6200694472e-02
     vertex 1.1594796946e-01 6.0560586876e-02 2.5574573803e-02
   endloop
 endfacet
 facet normal  -9.8624997080e-01 -1.6198522919e-01 -3.2738060893e-02
   outer loop
     vertex 1.1594796946e-01 6.0560586876e-02 2.5574573803e-02
     vertex 1.1568366936e-01 6.2043240526e-02 2.6200694472e-02
     vertex 1.1568366936e-01 6.7338537729e-02 0.0000000000e+00
   endloop
 endfacet
 facet normal  -9.8624997080e-01 -1.6198522919e-01 -3.2738060893e-02
   outer loop
     vertex 1.1594796946e-01 6.0560586876e-02 2.5574573803e-02
     vertex 1.1568366936e-01 6.7338537729e-02 0.0000000000e+00
     vertex 1.1594796946e-01 6.5729341822e-02 0.0000000000e+00
   endloop
 endfacet
 facet normal  -9.7985847601e-01 -1.9573563093e-01 3.9559193367e-02
   outer loop
     vertex 1.1568366936e-01 6.7338537729e-02 0.0000000000e+00
     vertex 1.1541434513e-01 6.8686782949e-02 0.0000000000e+00
     vertex 1.1568366936e-01 6.2043240526e-02 -2.6200694472e-02
   endloop
 endfacet
 facet normal  -9.7985847601e-01 -1.9573563093e-01 3.9559193367e-02
   outer loop
     vertex 1.1541434513e-01 6.8686782949e-02 0.0000000000e+00
     vertex 1.1541434513e-01 6.3285463854e-02 -2.6725282060e-02
     vertex 1.1568366936e-01 6.2043240526e-02 -2.6200694472e-02
   endloop
 endfacet
 facet normal  -9.7990804757e-01 -1.6535550822e-01 1.1152476945e-01
   outer loop
     vertex 1.1568366936e-01 6.2043240526e-02 -2.6200694472e-02
     vertex 1.1541434513e-01 6.3285463854e-02 -2.6725282060e-02
     vertex 1.1568366936e-01 4.7606200377e-02 -4.7606200377e-02
   endloop
 endfacet
 facet normal  -9.7990804757e-01 -1.6535550822e-01 1.1152476945e-01
   outer loop
     vertex 1.1541434513e-01 6.3285463854e-02 -2.6725282060e-02
     vertex 1.1541434513e-01 4.8559366784e-02 -4.8559366784e-02
     vertex 1.1568366936e-01 4.7606200377e-02 -4.7606200377e-02
   endloop
 endfacet
 facet normal  -9.7990804757e-01 -1.1152476945e-01 1.6535550822e-01
   outer loop
     vertex 1.1568366936e-01 4.7606200377e-02 -4.7606200377e-02
     vertex 1.1541434513e-01 4.8559366784e-02 -4.8559366784e-02
     vertex 1.1568366936e-01 2.6200694472e-02 -6.2043240526e-02
   endloop
 endfacet
 facet normal  -9.7990804757e-01 -1.1152476945e-01 1.6535550822e-01
   outer loop
     vertex 1.1541434513e-01 4.8559366784e-02 -4.8559366784e-02
     vertex 1.1541434513e-01 2.6725282060e-02 -6.3285463854e-02
     vertex 1.1568366936e-01 2.6200694472e-02 -6.2043240526e-02
   endloop
 endfacet
 facet normal  -9.7985847601e-01 -3.9559193367e-02 1.9573563093e-01
   outer loop
     vertex 1.1568366936e-01 2.6200694472e-02 -6.2043240526e-02
     vertex 1.1541434513e-01 2.6725282060e-02 -6.3285463854e-02
     vertex 1.1568366936e-01 0.0000000000e+00 -6.7338537729e-02
   endloop
 endfacet
 facet normal  -9.7985847601e-01 -3.9559193367e-02 1.9573563093e-01
   outer loop
     vertex 1.1541434513e-01 2.6725282060e-02 -6.3285463854e-02
     vertex 1.1541434513e-01 0.0000000000e+00 -6.8686782949e-02
     vertex 1.1568366936e-01 0.0000000000e+00 -6.7338537729e-02
   endloop
 endfacet
 facet normal  -9.7985847601e-01 3.9559193367e-02 1.9573563093e-01
   outer loop
     vertex 1.1568366936e-01 0.0000000000e+00 -6.7338537729e-02
     vertex 1.1541434513e-01 0.0000000000e+00 -6.8686782949e-02
     vertex 1.1541434513e-01 -2.6725282060e-02 -6.3285463854e-02
   endloop
 endfacet
 facet normal  -9.7985847601e-01 3.9559193367e-02 1.9573563093e-01
   outer loop
     vertex 1.1568366936e-01 0.0000000000e+00 -6.7338537729e-02
     vertex 1.1541434513e-01 -2.6725282060e-02 -6.3285463854e-02
     vertex 1.1568366936e-01 -2.6200694472e-02 -6.2043240526e-02
   endloop
 endfacet
 facet normal  -9.7990804757e-01 1.1152476945e-01 1.6535550822e-01
   outer loop
     vertex 1.1568366936e-01 -2.6200694472e-02 -6.2043240526e-02
     vertex 1.1541434513e-01 -2.6725282060e-02 -6.3285463854e-02
     vertex 1.1541434513e-01 -4.8559366784e-02 -4.8559366784e-02
   endloop
 endfacet
 facet normal  -9.7990804757e-01 1.1152476945e-01 1.6535550822e-01
   outer loop
     vertex 1.1568366936e-01 -2.6200694472e-02 -6.2043240526e-02
     vertex 1.1541434513e-01 -4.8559366784e-02 -4.8559366784e-02
     vertex 1.1568366936e-01 -4.7606200377e-02 -4.7606200377e-02
   endloop
 endfacet
 facet normal  -9.7990804757e-01 1.6535550822e-01 1.1152476945e-01
   outer loop
     vertex 1.1568366936e-01 -4.7606200377e-02 -4.7606200377e-02
     vertex 1.1541434513e-01 -4.8559366784e-02 -4.8559366784e-02
     vertex 1.1541434513e-01 -6.3285463854e-02 -2.6725282060e-02
   endloop
 endfacet
 facet normal  -9.7990804757e-01 1.6535550822e-01 1.1152476945e-01
   outer loop
     vertex 1.1568366936e-01 -4.7606200377e-02 -4.7606200377e-02
     vertex 1.1541434513e-01 -6.3285463854e-02 -2.6725282060e-02
     vertex 1.1568366936e-01 -6.2043240526e-02 -2.6200694472e-02
   endloop
 endfacet
 facet normal  -9.7985847601e-01 1.9573563093e-01 3.9559193367e-02
   outer loop
     vertex 1.1568366936e-01 -6.2043240526e-02 -2.6200694472e-02
     vertex 1.1541434513e-01 -6.3285463854e-02 -2.6725282060e-02
     vertex 1.1541434513e-01 -6.8686782949e-02 0.0000000000e+00
   endloop
 endfacet
 facet normal  -9.7985847601e-01 1.9573563093e-01 3.9559193367e-02
   outer loop
     vertex 1.1568366936e-01 -6.2043240526e-02 -2.6200694472e-02
     vertex 1.1541434513e-01 -6.8686782949e-02 0.0000000000e+00
     vertex 1.1568366936e-01 -6.7338537729e-02 0.0000000000e+00
   endloop
 endfacet
 facet normal  -9.7985847601e-01 1.9573563093e-01 -3.9559193367e-02
   outer loop
     vertex 1.1568366936e-01 -6.7338537729e-02 0.0000000000e+00
     vertex 1.1541434513e-01 -6.8686782949e-02 0.0000000000e+00
     vertex 1.1568366936e-01 -6.2043240526e-02 2.6200694472e-02
   endloop
 endfacet
 facet normal  -9.7985847601e-01 1.9573563093e-01 -3.9559193367e-02
   outer loop
     vertex 1.1541434513e-01 -6.8686782949e-02 0.0000000000e+00
     vertex 1.1541434513e-01 -6.3285463854e-02 2.6725282060e-02
     vertex 1.1568366936e-01 -6.2043240526e-02 2.6200694472e-02
   endloop
 endfacet
 facet normal  -9.7990804757e-01 1.6535550822e-01 -1.1152476945e-01
   outer loop
     vertex 1.1568366936e-01 -6.2043240526e-02 2.6200694472e-02
     vertex 1.1541434513e-01 -6.3285463854e-02 2.6725282060e-02
     vertex 1.1568366936e-01 -4.7606200377e-02 4.7606200377e-02
   endloop
 endfacet
 facet normal  -9.7990804757e-01 1.6535550822e-01 -1.1152476945e-01
   outer loop
     vertex 1.1541434513e-01 -6.3285463854e-02 2.6725282060e-02
     vertex 1.1541434513e-01 -4.8559366784e-02 4.8559366784e-02
     vertex 1.1568366936e-01 -4.7606200377e-02 4.7606200377e-02
   endloop
 endfacet
 facet normal  -9.7990804757e-01 1.1152476945e-01 -1.6535550822e-01
   outer loop
     vertex 1.1568366936e-01 -4.7606200377e-02 4.7606200377e-02
     vertex 1.1541434513e-01 -4.8559366784e-02 4.8559366784e-02
     vertex 1.1568366936e-01 -2.6200694472e-02 6.2043240526e-02
   endloop
 endfacet
 facet normal  -9.7990804757e-01 1.1152476945e-01 -1.6535550822e-01
   outer loop
     vertex 1.1541434513e-01 -4.8559366784e-02 4.8559366784e-02
     vertex 1.1541434513e-01 -2.6725282060e-02 6.3285463854e-02
     vertex 1.1568366936e-01 -2.6200694472e-02 6.2043240526e-02
   endloop
 endfacet
 facet normal  -9.7985847601e-01 3.9559193367e-02 -1.9573563093e-01
   outer loop
     vertex 1.1568366936e-01 -2.6200694472e-02 6.2043240526e-02
     vertex 1.1541434513e-01 -2.6725282060e-02 6.3285463854e-02
     vertex 1.1568366936e-01 0.0000000000e+00 6.7338537729e-02
   endloop
 endfacet
 facet normal  -9.7985847601e-01 3.9559193367e-02 -1.9573563093e-01
   outer loop
     vertex 1.1541434513e-01 -2.6725282060e-02 6.3285463854e-02
     vertex 1.1541434513e-01 0.0000000000e+00 6.8686782949e-02
     vertex 1.1568366936e-01 0.0000000000e+00 6.7338537729e-02
   endloop
 endfacet
 facet normal  -9.7985847601e-01 -3.9559193367e-02 -1.9573563093e-01
   outer loop
     vertex 1.1568366936e-01 0.0000000000e+00 6.7338537729e-02
     vertex 1.1541434513e-01 0.0000000000e+00 6.8686782949e-02
     vertex 1.1541434513e-01 2.6725282060e-02 6.3285463854e-02
   endloop
 endfacet
 facet normal  -9.7985847601e-01 -3.9559193367e-02 -1.9573563093e-01
   outer loop
     vertex 1.1568366936e-01 0.0000000000e+00 6.7338537729e-02
     vertex 1.1541434513e-01 2.6725282060e-02 6.3285463854e-02
     vertex 1.1568366936e-01 2.6200694472e-02 6.2043240526e-02
   endloop
 endfacet
 facet normal  -9.7990804757e-01 -1.1152476945e-01 -1.6535550822e-01
   outer loop
     vertex 1.1568366936e-01 2.6200694472e-02 6.2043240526e-02
     vertex 1.1541434513e-01 2.6725282060e-02 6.3285463854e-02
     vertex 1.1541434513e-01 4.8559366784e-02 4.8559366784e-02
   endloop
 endfacet
 facet normal  -9.7990804757e-01 -1.1152476945e-01 -1.6535550822e-01
   outer loop
     vertex 1.1568366936e-01 2.6200694472e-02 6.2043240526e-02
     vertex 1.1541434513e-01 4.8559366784e-02 4.8559366784e-02
     vertex 1.1568366936e-01 4.7606200377e-02 4.7606200377e-02
   endloop
 endfacet
 facet normal  -9.7990804757e-01 -1.6535550822e-01 -1.1152476945e-01
   outer loop
     vertex 1.1568366936e-01 4.7606200377e-02 4.7606200377e-02
     vertex 1.1541434513e-01 4.8559366784e-02 4.8559366784e-02
     vertex 1.1541434513e-01 6.3285463854e-02 2.6725282060e-02
   endloop
 endfacet
 facet normal  -9.7990804757e-01 -1.6535550822e-01 -1.1152476945e-01
   outer loop
     vertex 1.1568366936e-01 4.7606200377e-02 4.7606200377e-02
     vertex 1.1541434513e-01 6.3285463854e-02 2.6725282060e-02
     vertex 1.1568366936e-01 6.2043240526e-02 2.6200694472e-02
   endloop
 endfacet
 facet normal  -9.7985847601e-01 -1.9573563093e-01 -3.9559193367e-02
   outer loop
     vertex 1.1568366936e-01 6.2043240526e-02 2.6200694472e-02
     vertex 1.1541434513e-01 6.3285463854e-02 2.6725282060e-02
     vertex 1.1541434513e-01 6.8686782949e-02 0.0000000000e+00
   endloop
 endfacet
 facet normal  -9.7985847601e-01 -1.9573563093e-01 -3.9559193367e-02
   outer loop
     vertex 1.1568366936e-01 6.2043240526e-02 2.6200694472e-02
     vertex 1.1541434513e-01 6.8686782949e-02 0.0000000000e+00
     vertex 1.1568366936e-01 6.7338537729e-02 0.0000000000e+00
   endloop
 endfacet
 facet normal  -9.9802593154e-01 6.1558540943e-02 -1.2441302654e-02
   outer loop
     vertex 1.1541434513e-01 6.8686782949e-02 0.0000000000e+00
     vertex 1.1544921875e-01 6.9252176105e-02 0.0000000000e+00
     vertex 1.1541434513e-01 6.3285463854e-02 -2.6725282060e-02
   endloop
 endfacet
 facet normal  -9.9802593154e-01 6.1558540943e-02 -1.2441302654e-02
   outer loop
     vertex 1.1544921875e-01 6.9252176105e-02 0.0000000000e+00
     vertex 1.1544921875e-01 6.3806396218e-02 -2.6945270403e-02
     vertex 1.1541434513e-01 6.3285463854e-02 -2.6725282060e-02
   endloop
 endfacet
 facet normal  -9.9803092519e-01 5.2001670652e-02 -3.5072761669e-02
   outer loop
     vertex 1.1541434513e-01 6.3285463854e-02 -2.6725282060e-02
     vertex 1.1544921875e-01 6.3806396218e-02 -2.6945270403e-02
     vertex 1.1541434513e-01 4.8559366784e-02 -4.8559366784e-02
   endloop
 endfacet
 facet normal  -9.9803092519e-01 5.2001670652e-02 -3.5072761669e-02
   outer loop
     vertex 1.1544921875e-01 6.3806396218e-02 -2.6945270403e-02
     vertex 1.1544921875e-01 4.8959081729e-02 -4.8959081729e-02
     vertex 1.1541434513e-01 4.8559366784e-02 -4.8559366784e-02
   endloop
 endfacet
 facet normal  -9.9803092519e-01 3.5072761669e-02 -5.2001670652e-02
   outer loop
     vertex 1.1541434513e-01 4.8559366784e-02 -4.8559366784e-02
     vertex 1.1544921875e-01 4.8959081729e-02 -4.8959081729e-02
     vertex 1.1541434513e-01 2.6725282060e-02 -6.3285463854e-02
   endloop
 endfacet
 facet normal  -9.9803092519e-01 3.5072761669e-02 -5.2001670652e-02
   outer loop
     vertex 1.1544921875e-01 4.8959081729e-02 -4.8959081729e-02
     vertex 1.1544921875e-01 2.6945270403e-02 -6.3806396218e-02
     vertex 1.1541434513e-01 2.6725282060e-02 -6.3285463854e-02
   endloop
 endfacet
 facet normal  -9.9802593154e-01 1.2441302654e-02 -6.1558540943e-02
   outer loop
     vertex 1.1541434513e-01 2.6725282060e-02 -6.3285463854e-02
     vertex 1.1544921875e-01 2.6945270403e-02 -6.3806396218e-02
     vertex 1.1541434513e-01 0.0000000000e+00 -6.8686782949e-02
   endloop
 endfacet
 facet normal  -9.9802593154e-01 1.2441302654e-02 -6.1558540943e-02
   outer loop
     vertex 1.1544921875e-01 2.6945270403e-02 -6.3806396218e-02
     vertex 1.1544921875e-01 0.0000000000e+00 -6.9252176105e-02
     vertex 1.1541434513e-01 0.0000000000e+00 -6.8686782949e-02
   endloop
 endfacet
 facet normal  -9.9802593154e-01 -1.2441302654e-02 -6.1558540943e-02
   outer loop
     vertex 1.1541434513e-01 0.0000000000e+00 -6.8686782949e-02
     vertex 1.1544921875e-01 0.0000000000e+00 -6.9252176105e-02
     vertex 1.1544921875e-01 -2.6945270403e-02 -6.3806396218e-02
   endloop
 endfacet
 facet normal  -9.9802593154e-01 -1.2441302654e-02 -6.1558540943e-02
   outer loop
     vertex 1.1541434513e-01 0.0000000000e+00 -6.8686782949e-02
     vertex 1.1544921875e-01 -2.6945270403e-02 -6.3806396218e-02
     vertex 1.1541434513e-01 -2.6725282060e-02 -6.3285463854e-02
   endloop
 endfacet
 facet normal  -9.9803092519e-01 -3.5072761669e-02 -5.2001670652e-02
   outer loop
     vertex 1.1541434513e-01 -2.6725282060e-02 -6.3285463854e-02
     vertex 1.1544921875e-01 -2.6945270403e-02 -6.3806396218e-02
     vertex 1.1544921875e-01 -4.8959081729e-02 -4.8959081729e-02
   endloop
 endfacet
 facet normal  -9.9803092519e-01 -3.5072761669e-02 -5.2001670652e-02
   outer loop
     vertex 1.1541434513e-01 -2.6725282060e-02 -6.3285463854e-02
     vertex 1.1544921875e-01 -4.8959081729e-02 -4.8959081729e-02
     vertex 1.1541434513e-01 -4.8559366784e-02 -4.8559366784e-02
   endloop
 endfacet
 facet normal  -9.9803092519e-01 -5.2001670652e-02 -3.5072761669e-02
   outer loop
     vertex 1.1541434513e-01 -4.8559366784e-02 -4.8559366784e-02
     vertex 1.1544921875e-01 -4.8959081729e-02 -4.8959081729e-02
     vertex 1.1544921875e-01 -6.3806396218e-02 -2.6945270403e-02
   endloop
 endfacet
 facet normal  -9.9803092519e-01 -5.2001670652e-02 -3.5072761669e-02
   outer loop
     vertex 1.1541434513e-01 -4.8559366784e-02 -4.8559366784e-02
     vertex 1.1544921875e-01 -6.3806396218e-02 -2.6945270403e-02
     vertex 1.1541434513e-01 -6.3285463854e-02 -2.6725282060e-02
   endloop
 endfacet
 facet normal  -9.9802593154e-01 -6.1558540943e-02 -1.2441302654e-02
   outer loop
     vertex 1.1541434513e-01 -6.3285463854e-02 -2.6725282060e-02
     vertex 1.1544921875e-01 -6.3806396218e-02 -2.6945270403e-02
     vertex 1.1544921875e-01 -6.9252176105e-02 0.0000000000e+00
   endloop
 endfacet
 facet normal  -9.9802593154e-01 -6.1558540943e-02 -1.2441302654e-02
   outer loop
     vertex 1.1541434513e-01 -6.3285463854e-02 -2.6725282060e-02
     vertex 1.1544921875e-01 -6.9252176105e-02 0.0000000000e+00
     vertex 1.1541434513e-01 -6.8686782949e-02 0.0000000000e+00
   endloop
 endfacet
 facet normal  -9.9802593154e-01 -6.1558540943e-02 1.2441302654e-02
   outer loop
     vertex 1.1541434513e-01 -6.8686782949e-02 0.0000000000e+00
     vertex 1.1544921875e-01 -6.9252176105e-02 0.0000000000e+00
     vertex 1.1541434513e-01 -6.3285463854e-02 2.6725282060e-02
   endloop
 endfacet
 facet normal  -9.9802593154e-01 -6.1558540943e-02 1.2441302654e-02
   outer loop
     vertex 1.1544921875e-01 -6.9252176105e-02 0.0000000000e+00
     vertex 1.1544921875e-01 -6.3806396218e-02 2.6945270403e-02
     vertex 1.1541434513e-01 -6.3285463854e-02 2.6725282060e-02
   endloop
 endfacet
 facet normal  -9.9803092519e-01 -5.2001670652e-02 3.5072761669e-02
   outer loop
     vertex 1.1541434513e-01 -6.3285463854e-02 2.6725282060e-02
     vertex 1.1544921875e-01 -6.3806396218e-02 2.6945270403e-02
     vertex 1.1541434513e-01 -4.8559366784e-02 4.8559366784e-02
   endloop
 endfacet
 facet normal  -9.9803092519e-01 -5.2001670652e-02 3.5072761669e-02
   outer loop
     vertex 1.1544921875e-01 -6.3806396218e-02 2.6945270403e-02
     vertex 1.1544921875e-01 -4.8959081729e-02 4.8959081729e-02
     vertex 1.1541434513e-01 -4.8559366784e-02 4.8559366784e-02
   endloop
 endfacet
 facet normal  -9.9803092519e-01 -3.5072761669e-02 5.2001670652e-02
   outer loop
     vertex 1.1541434513e-01 -4.8559366784e-02 4.8559366784e-02
     vertex 1.1544921875e-01 -4.8959081729e-02 4.8959081729e-02
     vertex 1.1541434513e-01 -2.6725282060e-02 6.3285463854e-02
   endloop
 endfacet
 facet normal  -9.9803092519e-01 -3.5072761669e-02 5.2001670652e-02
   outer loop
     vertex 1.1544921875e-01 -4.8959081729e-02 4.8959081729e-02
     vertex 1.1544921875e-01 -2.6945270403e-02 6.3806396218e-02
     vertex 1.1541434513e-01 -2.6725282060e-02 6.3285463854e-02
   endloop
 endfacet
 facet normal  -9.9802593154e-01 -1.2441302654e-02 6.1558540943e-02
   outer loop
     vertex 1.1541434513e-01 -2.6725282060e-02 6.3285463854e-02
     vertex 1.1544921875e-01 -2.6945270403e-02 6.3806396218e-02
     vertex 1.1541434513e-01 0.0000000000e+00 6.8686782949e-02
   endloop
 endfacet
 facet normal  -9.9802593154e-01 -1.2441302654e-02 6.1558540943e-02
   outer loop
     vertex 1.1544921875e-01 -2.6945270403e-02 6.3806396218e-02
     vertex 1.1544921875e-01 0.0000000000e+00 6.9252176105e-02
     vertex 1.1541434513e-01 0.0000000000e+00 6.8686782949e-02
   endloop
 endfacet
 facet normal  -9.9802593154e-01 1.2441302654e-02 6.1558540943e-02
   outer loop
     vertex 1.1541434513e-01 0.0000000000e+00 6.8686782949e-02
     vertex 1.1544921875e-01 0.0000000000e+00 6.9252176105e-02
     vertex 1.1544921875e-01 2.6945270403e-02 6.3806396218e-02
   endloop
 endfacet
 facet normal  -9.9802593154e-01 1.2441302654e-02 6.1558540943e-02
   outer loop
     vertex 1.1541434513e-01 0.0000000000e+00 6.8686782949e-02
     vertex 1.1544921875e-01 2.6945270403e-02 6.3806396218e-02
     vertex 1.1541434513e-01 2.6725282060e-02 6.3285463854e-02
   endloop
 endfacet
 facet normal  -9.9803092519e-01 3.5072761669e-02 5.2001670652e-02
   outer loop
     vertex 1.1541434513e-01 2.6725282060e-02 6.3285463854e-02
     vertex 1.1544921875e-01 2.6945270403e-02 6.3806396218e-02
     vertex 1.1544921875e-01 4.8959081729e-02 4.8959081729e-02
   endloop
 endfacet
 facet normal  -9.9803092519e-01 3.5072761669e-02 5.2001670652e-02
   outer loop
     vertex 1.1541434513e-01 2.6725282060e-02 6.3285463854e-02
     vertex 1.1544921875e-01 4.8959081729e-02 4.8959081729e-02
     vertex 1.1541434513e-01 4.8559366784e-02 4.8559366784e-02
   endloop
 endfacet
 facet normal  -9.9803092519e-01 5.2001670652e-02 3.5072761669e-02
   outer loop
     vertex 1.1541434513e-01 4.8559366784e-02 4.8559366784e-02
     vertex 1.1544921875e-01 4.8959081729e-02 4.8959081729e-02
     vertex 1.1544921875e-01 6.3806396218e-02 2.6945270403e-02
   endloop
 endfacet
 facet normal  -9.9803092519e-01 5.2001670652e-02 3.5072761669e-02
   outer loop
     vertex 1.1541434513e-01 4.8559366784e-02 4.8559366784e-02
     vertex 1.1544921875e-01 6.3806396218e-02 2.6945270403e-02
     vertex 1.1541434513e-01 6.3285463854e-02 2.6725282060e-02
   endloop
 endfacet
 facet normal  -9.9802593154e-01 6.1558540943e-02 1.2441302654e-02
   outer loop
     vertex 1.1541434513e-01 6.3285463854e-02 2.6725282060e-02
     vertex 1.1544921875e-01 6.3806396218e-02 2.6945270403e-02
     vertex 1.1544921875e-01 6.9252176105e-02 0.0000000000e+00
   endloop
 endfacet
 facet normal  -9.9802593154e-01 6.1558540943e-02 1.2441302654e-02
   outer loop
     vertex 1.1541434513e-01 6.3285463854e-02 2.6725282060e-02
     vertex 1.1544921875e-01 6.9252176105e-02 0.0000000000e+00
     vertex 1.1541434513e-01 6.8686782949e-02 0.0000000000e+00
   endloop
 endfacet
 facet normal  -5.6815917223e-01 8.0660994750e-01 -1.6302008344e-01
   outer loop
     vertex 1.1544921875e-01 6.9252176105e-02 0.0000000000e+00
     vertex 1.1565281091e-01 6.9395582164e-02 0.0000000000e+00
     vertex 1.1544921875e-01 6.3806396218e-02 -2.6945270403e-02
   endloop
 endfacet
 facet normal  -5.6815917223e-01 8.0660994750e-01 -1.6302008344e-01
   outer loop
     vertex 1.1565281091e-01 6.9395582164e-02 0.0000000000e+00
     vertex 1.1565281091e-01 6.3938525261e-02 -2.7001068144e-02
     vertex 1.1544921875e-01 6.3806396218e-02 -2.6945270403e-02
   endloop
 endfacet
 facet normal  -5.6864788511e-01 6.8196766818e-01 -4.5995617434e-01
   outer loop
     vertex 1.1544921875e-01 6.3806396218e-02 -2.6945270403e-02
     vertex 1.1565281091e-01 6.3938525261e-02 -2.7001068144e-02
     vertex 1.1544921875e-01 4.8959081729e-02 -4.8959081729e-02
   endloop
 endfacet
 facet normal  -5.6864788511e-01 6.8196766818e-01 -4.5995617434e-01
   outer loop
     vertex 1.1565281091e-01 6.3938525261e-02 -2.7001068144e-02
     vertex 1.1565281091e-01 4.9060465243e-02 -4.9060465243e-02
     vertex 1.1544921875e-01 4.8959081729e-02 -4.8959081729e-02
   endloop
 endfacet
 facet normal  -5.6864788511e-01 4.5995617434e-01 -6.8196766818e-01
   outer loop
     vertex 1.1544921875e-01 4.8959081729e-02 -4.8959081729e-02
     vertex 1.1565281091e-01 4.9060465243e-02 -4.9060465243e-02
     vertex 1.1544921875e-01 2.6945270403e-02 -6.3806396218e-02
   endloop
 endfacet
 facet normal  -5.6864788511e-01 4.5995617434e-01 -6.8196766818e-01
   outer loop
     vertex 1.1565281091e-01 4.9060465243e-02 -4.9060465243e-02
     vertex 1.1565281091e-01 2.7001068144e-02 -6.3938525261e-02
     vertex 1.1544921875e-01 2.6945270403e-02 -6.3806396218e-02
   endloop
 endfacet
 facet normal  -5.6815917223e-01 1.6302008344e-01 -8.0660994750e-01
   outer loop
     vertex 1.1544921875e-01 2.6945270403e-02 -6.3806396218e-02
     vertex 1.1565281091e-01 2.7001068144e-02 -6.3938525261e-02
     vertex 1.1544921875e-01 0.0000000000e+00 -6.9252176105e-02
   endloop
 endfacet
 facet normal  -5.6815917223e-01 1.6302008344e-01 -8.0660994750e-01
   outer loop
     vertex 1.1565281091e-01 2.7001068144e-02 -6.3938525261e-02
     vertex 1.1565281091e-01 0.0000000000e+00 -6.9395582164e-02
     vertex 1.1544921875e-01 0.0000000000e+00 -6.9252176105e-02
   endloop
 endfacet
 facet normal  -5.6815917223e-01 -1.6302008344e-01 -8.0660994750e-01
   outer loop
     vertex 1.1544921875e-01 0.0000000000e+00 -6.9252176105e-02
     vertex 1.1565281091e-01 0.0000000000e+00 -6.9395582164e-02
     vertex 1.1565281091e-01 -2.7001068144e-02 -6.3938525261e-02
   endloop
 endfacet
 facet normal  -5.6815917223e-01 -1.6302008344e-01 -8.0660994750e-01
   outer loop
     vertex 1.1544921875e-01 0.0000000000e+00 -6.9252176105e-02
     vertex 1.1565281091e-01 -2.7001068144e-02 -6.3938525261e-02
     vertex 1.1544921875e-01 -2.6945270403e-02 -6.3806396218e-02
   endloop
 endfacet
 facet normal  -5.6864788511e-01 -4.5995617434e-01 -6.8196766818e-01
   outer loop
     vertex 1.1544921875e-01 -2.6945270403e-02 -6.3806396218e-02
     vertex 1.1565281091e-01 -2.7001068144e-02 -6.3938525261e-02
     vertex 1.1565281091e-01 -4.9060465243e-02 -4.9060465243e-02
   endloop
 endfacet
 facet normal  -5.6864788511e-01 -4.5995617434e-01 -6.8196766818e-01
   outer loop
     vertex 1.1544921875e-01 -2.6945270403e-02 -6.3806396218e-02
     vertex 1.1565281091e-01 -4.9060465243e-02 -4.9060465243e-02
     vertex 1.1544921875e-01 -4.8959081729e-02 -4.8959081729e-02
   endloop
 endfacet
 facet normal  -5.6864788511e-01 -6.8196766818e-01 -4.5995617434e-01
   outer loop
     vertex 1.1544921875e-01 -4.8959081729e-02 -4.8959081729e-02
     vertex 1.1565281091e-01 -4.9060465243e-02 -4.9060465243e-02
     vertex 1.1565281091e-01 -6.3938525261e-02 -2.7001068144e-02
   endloop
 endfacet
 facet normal  -5.6864788511e-01 -6.8196766818e-01 -4.5995617434e-01
   outer loop
     vertex 1.1544921875e-01 -4.8959081729e-02 -4.8959081729e-02
     vertex 1.1565281091e-01 -6.3938525261e-02 -2.7001068144e-02
     vertex 1.1544921875e-01 -6.3806396218e-02 -2.6945270403e-02
   endloop
 endfacet
 facet normal  -5.6815917223e-01 -8.0660994750e-01 -1.6302008344e-01
   outer loop
     vertex 1.1544921875e-01 -6.3806396218e-02 -2.6945270403e-02
     vertex 1.1565281091e-01 -6.3938525261e-02 -2.7001068144e-02
     vertex 1.1565281091e-01 -6.9395582164e-02 0.0000000000e+00
   endloop
 endfacet
 facet normal  -5.6815917223e-01 -8.0660994750e-01 -1.6302008344e-01
   outer loop
     vertex 1.1544921875e-01 -6.3806396218e-02 -2.6945270403e-02
     vertex 1.1565281091e-01 -6.9395582164e-02 0.0000000000e+00
     vertex 1.1544921875e-01 -6.9252176105e-02 0.0000000000e+00
   endloop
 endfacet
 facet normal  -5.6815917223e-01 -8.0660994750e-01 1.6302008344e-01
   outer loop
     vertex 1.1544921875e-01 -6.9252176105e-02 0.0000000000e+00
     vertex 1.1565281091e-01 -6.9395582164e-02 0.0000000000e+00
     vertex 1.1544921875e-01 -6.3806396218e-02 2.6945270403e-02
   endloop
 endfacet
 facet normal  -5.6815917223e-01 -8.0660994750e-01 1.6302008344e-01
   outer loop
     vertex 1.1565281091e-01 -6.9395582164e-02 0.0000000000e+00
     vertex 1.1565281091e-01 -6.3938525261e-02 2.7001068144e-02
     vertex 1.1544921875e-01 -6.3806396218e-02 2.6945270403e-02
   endloop
 endfacet
 facet normal  -5.6864788511e-01 -6.8196766818e-01 4.5995617434e-01
   outer loop
     vertex 1.1544921875e-01 -6.3806396218e-02 2.6945270403e-02
     vertex 1.1565281091e-01 -6.3938525261e-02 2.7001068144e-02
     vertex 1.1544921875e-01 -4.8959081729e-02 4.8959081729e-02
   endloop
 endfacet
 facet normal  -5.6864788511e-01 -6.8196766818e-01 4.5995617434e-01
   outer loop
     vertex 1.1565281091e-01 -6.3938525261e-02 2.7001068144e-02
     vertex 1.1565281091e-01 -4.9060465243e-02 4.9060465243e-02
     vertex 1.1544921875e-01 -4.8959081729e-02 4.8959081729e-02
   endloop
 endfacet
 facet normal  -5.6864788511e-01 -4.5995617434e-01 6.8196766818e-01
   outer loop
     vertex 1.1544921875e-01 -4.8959081729e-02 4.8959081729e-02
     vertex 1.1565281091e-01 -4.9060465243e-02 4.9060465243e-02
     vertex 1.1544921875e-01 -2.6945270403e-02 6.3806396218e-02
   endloop
 endfacet
 facet normal  -5.6864788511e-01 -4.5995617434e-01 6.8196766818e-01
   outer loop
     vertex 1.1565281091e-01 -4.9060465243e-02 4.9060465243e-02
     vertex 1.1565281091e-01 -2.7001068144e-02 6.3938525261e-02
     vertex 1.1544921875e-01 -2.6945270403e-02 6.3806396218e-02
   endloop
 endfacet
 facet normal  -5.6815917223e-01 -1.6302008344e-01 8.0660994750e-01
   outer loop
     vertex 1.1544921875e-01 -2.6945270403e-02 6.3806396218e-02
     vertex 1.1565281091e-01 -2.7001068144e-02 6.3938525261e-02
     vertex 1.1544921875e-01 0.0000000000e+00 6.9252176105e-02
   endloop
 endfacet
 facet normal  -5.6815917223e-01 -1.6302008344e-01 8.0660994750e-01
   outer loop
     vertex 1.1565281091e-01 -2.7001068144e-02 6.3938525261e-02
     vertex 1.1565281091e-01 0.0000000000e+00 6.9395582164e-02
     vertex 1.1544921875e-01 0.0000000000e+00 6.9252176105e-02
   endloop
 endfacet
 facet normal  -5.6815917223e-01 1.6302008344e-01 8.0660994750e-01
   outer loop
     vertex 1.1544921875e-01 0.0000000000e+00 6.9252176105e-02
     vertex 1.1565281091e-01 0.0000000000e+00 6.9395582164e-02
     vertex 1.1565281091e-01 2.7001068144e-02 6.3938525261e-02
   endloop
 endfacet
 facet normal  -5.6815917223e-01 1.6302008344e-01 8.0660994750e-01
   outer loop
     vertex 1.1544921875e-01 0.0000000000e+00 6.9252176105e-02
     vertex 1.1565281091e-01 2.7001068144e-02 6.3938525261e-02
     vertex 1.1544921875e-01 2.6945270403e-02 6.3806396218e-02
   endloop
 endfacet
 facet normal  -5.6864788511e-01 4.5995617434e-01 6.8196766818e-01
   outer loop
     vertex 1.1544921875e-01 2.6945270403e-02 6.3806396218e-02
     vertex 1.1565281091e-01 2.7001068144e-02 6.3938525261e-02
     vertex 1.1565281091e-01 4.9060465243e-02 4.9060465243e-02
   endloop
 endfacet
 facet normal  -5.6864788511e-01 4.5995617434e-01 6.8196766818e-01
   outer loop
     vertex 1.1544921875e-01 2.6945270403e-02 6.3806396218e-02
     vertex 1.1565281091e-01 4.9060465243e-02 4.9060465243e-02
     vertex 1.1544921875e-01 4.8959081729e-02 4.8959081729e-02
   endloop
 endfacet
 facet normal  -5.6864788511e-01 6.8196766818e-01 4.5995617434e-01
   outer loop
     vertex 1.1544921875e-01 4.8959081729e-02 4.8959081729e-02
     vertex 1.1565281091e-01 4.9060465243e-02 4.9060465243e-02
     vertex 1.1565281091e-01 6.3938525261e-02 2.7001068144e-02
   endloop
 endfacet
 facet normal  -5.6864788511e-01 6.8196766818e-01 4.5995617434e-01
   outer loop
     vertex 1.1544921875e-01 4.8959081729e-02 4.8959081729e-02
     vertex 1.1565281091e-01 6.3938525261e-02 2.7001068144e-02
     vertex 1.1544921875e-01 6.3806396218e-02 2.6945270403e-02
   endloop
 endfacet
 facet normal  -5.6815917223e-01 8.0660994750e-01 1.6302008344e-01
   outer loop
     vertex 1.1544921875e-01 6.3806396218e-02 2.6945270403e-02
     vertex 1.1565281091e-01 6.3938525261e-02 2.7001068144e-02
     vertex 1.1565281091e-01 6.9395582164e-02 0.0000000000e+00
   endloop
 endfacet
 facet normal  -5.6815917223e-01 8.0660994750e-01 1.6302008344e-01
   outer loop
     vertex 1.1544921875e-01 6.3806396218e-02 2.6945270403e-02
     vertex 1.1565281091e-01 6.9395582164e-02 0.0000000000e+00
     vertex 1.1544921875e-01 6.9252176105e-02 0.0000000000e+00
   endloop
 endfacet
 facet normal  -9.7455310994e-01 2.1971434823e-01 -4.4405417378e-02
   outer loop
     vertex 1.1565281091e-01 6.9395582164e-02 0.0000000000e+00
     vertex 1.1572990814e-01 6.9737550457e-02 0.0000000000e+00
     vertex 1.1565281091e-01 6.3938525261e-02 -2.7001068144e-02
   endloop
 endfacet
 facet normal  -9.7455310994e-01 2.1971434823e-01 -4.4405417378e-02
   outer loop
     vertex 1.1572990814e-01 6.9737550457e-02 0.0000000000e+00
     vertex 1.1572990814e-01 6.4253602211e-02 -2.7134124297e-02
     vertex 1.1565281091e-01 6.3938525261e-02 -2.7001068144e-02
   endloop
 endfacet
 facet normal  -9.7461523408e-01 1.8561493112e-01 -1.2518882874e-01
   outer loop
     vertex 1.1565281091e-01 6.3938525261e-02 -2.7001068144e-02
     vertex 1.1572990814e-01 6.4253602211e-02 -2.7134124297e-02
     vertex 1.1565281091e-01 4.9060465243e-02 -4.9060465243e-02
   endloop
 endfacet
 facet normal  -9.7461523408e-01 1.8561493112e-01 -1.2518882874e-01
   outer loop
     vertex 1.1572990814e-01 6.4253602211e-02 -2.7134124297e-02
     vertex 1.1572990814e-01 4.9302225929e-02 -4.9302225929e-02
     vertex 1.1565281091e-01 4.9060465243e-02 -4.9060465243e-02
   endloop
 endfacet
 facet normal  -9.7461523408e-01 1.2518882874e-01 -1.8561493112e-01
   outer loop
     vertex 1.1565281091e-01 4.9060465243e-02 -4.9060465243e-02
     vertex 1.1572990814e-01 4.9302225929e-02 -4.9302225929e-02
     vertex 1.1565281091e-01 2.7001068144e-02 -6.3938525261e-02
   endloop
 endfacet
 facet normal  -9.7461523408e-01 1.2518882874e-01 -1.8561493112e-01
   outer loop
     vertex 1.1572990814e-01 4.9302225929e-02 -4.9302225929e-02
     vertex 1.1572990814e-01 2.7134124297e-02 -6.4253602211e-02
     vertex 1.1565281091e-01 2.7001068144e-02 -6.3938525261e-02
   endloop
 endfacet
 facet normal  -9.7455310994e-01 4.4405417378e-02 -2.1971434823e-01
   outer loop
     vertex 1.1565281091e-01 2.7001068144e-02 -6.3938525261e-02
     vertex 1.1572990814e-01 2.7134124297e-02 -6.4253602211e-02
     vertex 1.1565281091e-01 0.0000000000e+00 -6.9395582164e-02
   endloop
 endfacet
 facet normal  -9.7455310994e-01 4.4405417378e-02 -2.1971434823e-01
   outer loop
     vertex 1.1572990814e-01 2.7134124297e-02 -6.4253602211e-02
     vertex 1.1572990814e-01 0.0000000000e+00 -6.9737550457e-02
     vertex 1.1565281091e-01 0.0000000000e+00 -6.9395582164e-02
   endloop
 endfacet
 facet normal  -9.7455310994e-01 -4.4405417378e-02 -2.1971434823e-01
   outer loop
     vertex 1.1565281091e-01 0.0000000000e+00 -6.9395582164e-02
     vertex 1.1572990814e-01 0.0000000000e+00 -6.9737550457e-02
     vertex 1.1572990814e-01 -2.7134124297e-02 -6.4253602211e-02
   endloop
 endfacet
 facet normal  -9.7455310994e-01 -4.4405417378e-02 -2.1971434823e-01
   outer loop
     vertex 1.1565281091e-01 0.0000000000e+00 -6.9395582164e-02
     vertex 1.1572990814e-01 -2.7134124297e-02 -6.4253602211e-02
     vertex 1.1565281091e-01 -2.7001068144e-02 -6.3938525261e-02
   endloop
 endfacet
 facet normal  -9.7461523408e-01 -1.2518882874e-01 -1.8561493112e-01
   outer loop
     vertex 1.1565281091e-01 -2.7001068144e-02 -6.3938525261e-02
     vertex 1.1572990814e-01 -2.7134124297e-02 -6.4253602211e-02
     vertex 1.1572990814e-01 -4.9302225929e-02 -4.9302225929e-02
   endloop
 endfacet
 facet normal  -9.7461523408e-01 -1.2518882874e-01 -1.8561493112e-01
   outer loop
     vertex 1.1565281091e-01 -2.7001068144e-02 -6.3938525261e-02
     vertex 1.1572990814e-01 -4.9302225929e-02 -4.9302225929e-02
     vertex 1.1565281091e-01 -4.9060465243e-02 -4.9060465243e-02
   endloop
 endfacet
 facet normal  -9.7461523408e-01 -1.8561493112e-01 -1.2518882874e-01
   outer loop
     vertex 1.1565281091e-01 -4.9060465243e-02 -4.9060465243e-02
     vertex 1.1572990814e-01 -4.9302225929e-02 -4.9302225929e-02
     vertex 1.1572990814e-01 -6.4253602211e-02 -2.7134124297e-02
   endloop
 endfacet
 facet normal  -9.7461523408e-01 -1.8561493112e-01 -1.2518882874e-01
   outer loop
     vertex 1.1565281091e-01 -4.9060465243e-02 -4.9060465243e-02
     vertex 1.1572990814e-01 -6.4253602211e-02 -2.7134124297e-02
     vertex 1.1565281091e-01 -6.3938525261e-02 -2.7001068144e-02
   endloop
 endfacet
 facet normal  -9.7455310994e-01 -2.1971434823e-01 -4.4405417378e-02
   outer loop
     vertex 1.1565281091e-01 -6.3938525261e-02 -2.7001068144e-02
     vertex 1.1572990814e-01 -6.4253602211e-02 -2.7134124297e-02
     vertex 1.1572990814e-01 -6.9737550457e-02 0.0000000000e+00
   endloop
 endfacet
 facet normal  -9.7455310994e-01 -2.1971434823e-01 -4.4405417378e-02
   outer loop
     vertex 1.1565281091e-01 -6.3938525261e-02 -2.7001068144e-02
     vertex 1.1572990814e-01 -6.9737550457e-02 0.0000000000e+00
     vertex 1.1565281091e-01 -6.9395582164e-02 0.0000000000e+00
   endloop
 endfacet
 facet normal  -9.7455310994e-01 -2.1971434823e-01 4.4405417378e-02
   outer loop
     vertex 1.1565281091e-01 -6.9395582164e-02 0.0000000000e+00
     vertex 1.1572990814e-01 -6.9737550457e-02 0.0000000000e+00
     vertex 1.1565281091e-01 -6.3938525261e-02 2.7001068144e-02
   endloop
 endfacet
 facet normal  -9.7455310994e-01 -2.1971434823e-01 4.4405417378e-02
   outer loop
     vertex 1.1572990814e-01 -6.9737550457e-02 0.0000000000e+00
     vertex 1.1572990814e-01 -6.4253602211e-02 2.7134124297e-02
     vertex 1.1565281091e-01 -6.3938525261e-02 2.7001068144e-02
   endloop
 endfacet
 facet normal  -9.7461523408e-01 -1.8561493112e-01 1.2518882874e-01
   outer loop
     vertex 1.1565281091e-01 -6.3938525261e-02 2.7001068144e-02
     vertex 1.1572990814e-01 -6.4253602211e-02 2.7134124297e-02
     vertex 1.1565281091e-01 -4.9060465243e-02 4.9060465243e-02
   endloop
 endfacet
 facet normal  -9.7461523408e-01 -1.8561493112e-01 1.2518882874e-01
   outer loop
     vertex 1.1572990814e-01 -6.4253602211e-02 2.7134124297e-02
     vertex 1.1572990814e-01 -4.9302225929e-02 4.9302225929e-02
     vertex 1.1565281091e-01 -4.9060465243e-02 4.9060465243e-02
   endloop
 endfacet
 facet normal  -9.7461523408e-01 -1.2518882874e-01 1.8561493112e-01
   outer loop
     vertex 1.1565281091e-01 -4.9060465243e-02 4.9060465243e-02
     vertex 1.1572990814e-01 -4.9302225929e-02 4.9302225929e-02
     vertex 1.1565281091e-01 -2.7001068144e-02 6.3938525261e-02
   endloop
 endfacet
 facet normal  -9.7461523408e-01 -1.2518882874e-01 1.8561493112e-01
   outer loop
     vertex 1.1572990814e-01 -4.9302225929e-02 4.9302225929e-02
     vertex 1.1572990814e-01 -2.7134124297e-02 6.4253602211e-02
     vertex 1.1565281091e-01 -2.7001068144e-02 6.3938525261e-02
   endloop
 endfacet
 facet normal  -9.7455310994e-01 -4.4405417378e-02 2.1971434823e-01
   outer loop
     vertex 1.1565281091e-01 -2.7001068144e-02 6.3938525261e-02
     vertex 1.1572990814e-01 -2.7134124297e-02 6.4253602211e-02
     vertex 1.1565281091e-01 0.0000000000e+00 6.9395582164e-02
   endloop
 endfacet
 facet normal  -9.7455310994e-01 -4.4405417378e-02 2.1971434823e-01
   outer loop
     vertex 1.1572990814e-01 -2.7134124297e-02 6.4253602211e-02
     vertex 1.1572990814e-01 0.0000000000e+00 6.9737550457e-02
     vertex 1.1565281091e-01 0.0000000000e+00 6.9395582164e-02
   endloop
 endfacet
 facet normal  -9.7455310994e-01 4.4405417378e-02 2.1971434823e-01
   outer loop
     vertex 1.1565281091e-01 0.0000000000e+00 6.9395582164e-02
     vertex 1.1572990814e-01 0.0000000000e+00 6.9737550457e-02
     vertex 1.1572990814e-01 2.7134124297e-02 6.4253602211e-02
   endloop
 endfacet
 facet normal  -9.7455310994e-01 4.4405417378e-02 2.1971434823e-01
   outer loop
     vertex 1.1565281091e-01 0.0000000000e+00 6.9395582164e-02
     vertex 1.1572990814e-01 2.7134124297e-02 6.4253602211e-02
     vertex 1.1565281091e-01 2.7001068144e-02 6.3938525261e-02
   endloop
 endfacet
 facet normal  -9.7461523408e-01 1.2518882874e-01 1.8561493112e-01
   outer loop
     vertex 1.1565281091e-01 2.7001068144e-02 6.3938525261e-02
     vertex 1.1572990814e-01 2.7134124297e-02 6.4253602211e-02
     vertex 1.1572990814e-01 4.9302225929e-02 4.9302225929e-02
   endloop
 endfacet
 facet normal  -9.7461523408e-01 1.2518882874e-01 1.8561493112e-01
   outer loop
     vertex 1.1565281091e-01 2.7001068144e-02 6.3938525261e-02
     vertex 1.1572990814e-01 4.9302225929e-02 4.9302225929e-02
     vertex 1.1565281091e-01 4.9060465243e-02 4.9060465243e-02
   endloop
 endfacet
 facet normal  -9.7461523408e-01 1.8561493112e-01 1.2518882874e-01
   outer loop
     vertex 1.1565281091e-01 4.9060465243e-02 4.9060465243e-02
     vertex 1.1572990814e-01 4.9302225929e-02 4.9302225929e-02
     vertex 1.1572990814e-01 6.4253602211e-02 2.7134124297e-02
   endloop
 endfacet
 facet normal  -9.7461523408e-01 1.8561493112e-01 1.2518882874e-01
   outer loop
     vertex 1.1565281091e-01 4.9060465243e-02 4.9060465243e-02
     vertex 1.1572990814e-01 6.4253602211e-02 2.7134124297e-02
     vertex 1.1565281091e-01 6.3938525261e-02 2.7001068144e-02
   endloop
 endfacet
 facet normal  -9.7455310994e-01 2.1971434823e-01 4.4405417378e-02
   outer loop
     vertex 1.1565281091e-01 6.3938525261e-02 2.7001068144e-02
     vertex 1.1572990814e-01 6.4253602211e-02 2.7134124297e-02
     vertex 1.1572990814e-01 6.9737550457e-02 0.0000000000e+00
   endloop
 endfacet
 facet normal  -9.7455310994e-01 2.1971434823e-01 4.4405417378e-02
   outer loop
     vertex 1.1565281091e-01 6.3938525261e-02 2.7001068144e-02
     vertex 1.1572990814e-01 6.9737550457e-02 0.0000000000e+00
     vertex 1.1565281091e-01 6.9395582164e-02 0.0000000000e+00
   endloop
 endfacet
 facet normal  -9.9872483709e-01 4.9484136117e-02 -1.0001002372e-02
   outer loop
     vertex 1.1572990814e-01 6.9737550457e-02 0.0000000000e+00
     vertex 1.1575013116e-01 7.0145706162e-02 0.0000000000e+00
     vertex 1.1572990814e-01 6.4253602211e-02 -2.7134124297e-02
   endloop
 endfacet
 facet normal  -9.9872483709e-01 4.9484136117e-02 -1.0001002372e-02
   outer loop
     vertex 1.1575013116e-01 7.0145706162e-02 0.0000000000e+00
     vertex 1.1575013116e-01 6.4629661796e-02 -2.7292933254e-02
     vertex 1.1572990814e-01 6.4253602211e-02 -2.7134124297e-02
   endloop
 endfacet
 facet normal  -9.9872806615e-01 4.1801724893e-02 -2.8193362177e-02
   outer loop
     vertex 1.1572990814e-01 6.4253602211e-02 -2.7134124297e-02
     vertex 1.1575013116e-01 6.4629661796e-02 -2.7292933254e-02
     vertex 1.1572990814e-01 4.9302225929e-02 -4.9302225929e-02
   endloop
 endfacet
 facet normal  -9.9872806615e-01 4.1801724893e-02 -2.8193362177e-02
   outer loop
     vertex 1.1575013116e-01 6.4629661796e-02 -2.7292933254e-02
     vertex 1.1575013116e-01 4.9590779006e-02 -4.9590779006e-02
     vertex 1.1572990814e-01 4.9302225929e-02 -4.9302225929e-02
   endloop
 endfacet
 facet normal  -9.9872806615e-01 2.8193362177e-02 -4.1801724893e-02
   outer loop
     vertex 1.1572990814e-01 4.9302225929e-02 -4.9302225929e-02
     vertex 1.1575013116e-01 4.9590779006e-02 -4.9590779006e-02
     vertex 1.1572990814e-01 2.7134124297e-02 -6.4253602211e-02
   endloop
 endfacet
 facet normal  -9.9872806615e-01 2.8193362177e-02 -4.1801724893e-02
   outer loop
     vertex 1.1575013116e-01 4.9590779006e-02 -4.9590779006e-02
     vertex 1.1575013116e-01 2.7292933254e-02 -6.4629661796e-02
     vertex 1.1572990814e-01 2.7134124297e-02 -6.4253602211e-02
   endloop
 endfacet
 facet normal  -9.9872483709e-01 1.0001002372e-02 -4.9484136117e-02
   outer loop
     vertex 1.1572990814e-01 2.7134124297e-02 -6.4253602211e-02
     vertex 1.1575013116e-01 2.7292933254e-02 -6.4629661796e-02
     vertex 1.1572990814e-01 0.0000000000e+00 -6.9737550457e-02
   endloop
 endfacet
 facet normal  -9.9872483709e-01 1.0001002372e-02 -4.9484136117e-02
   outer loop
     vertex 1.1575013116e-01 2.7292933254e-02 -6.4629661796e-02
     vertex 1.1575013116e-01 0.0000000000e+00 -7.0145706162e-02
     vertex 1.1572990814e-01 0.0000000000e+00 -6.9737550457e-02
   endloop
 endfacet
 facet normal  -9.9872483709e-01 -1.0001002372e-02 -4.9484136117e-02
   outer loop
     vertex 1.1572990814e-01 0.0000000000e+00 -6.9737550457e-02
     vertex 1.1575013116e-01 0.0000000000e+00 -7.0145706162e-02
     vertex 1.1575013116e-01 -2.7292933254e-02 -6.4629661796e-02
   endloop
 endfacet
 facet normal  -9.9872483709e-01 -1.0001002372e-02 -4.9484136117e-02
   outer loop
     vertex 1.1572990814e-01 0.0000000000e+00 -6.9737550457e-02
     vertex 1.1575013116e-01 -2.7292933254e-02 -6.4629661796e-02
     vertex 1.1572990814e-01 -2.7134124297e-02 -6.4253602211e-02
   endloop
 endfacet
 facet normal  -9.9872806615e-01 -2.8193362177e-02 -4.1801724893e-02
   outer loop
     vertex 1.1572990814e-01 -2.7134124297e-02 -6.4253602211e-02
     vertex 1.1575013116e-01 -2.7292933254e-02 -6.4629661796e-02
     vertex 1.1575013116e-01 -4.9590779006e-02 -4.9590779006e-02
   endloop
 endfacet
 facet normal  -9.9872806615e-01 -2.8193362177e-02 -4.1801724893e-02
   outer loop
     vertex 1.1572990814e-01 -2.7134124297e-02 -6.4253602211e-02
     vertex 1.1575013116e-01 -4.9590779006e-02 -4.9590779006e-02
     vertex 1.1572990814e-01 -4.9302225929e-02 -4.9302225929e-02
   endloop
 endfacet
 facet normal  -9.9872806615e-01 -4.1801724893e-02 -2.8193362177e-02
   outer loop
     vertex 1.1572990814e-01 -4.9302225929e-02 -4.9302225929e-02
     vertex 1.1575013116e-01 -4.9590779006e-02 -4.9590779006e-02
     vertex 1.1575013116e-01 -6.4629661796e-02 -2.7292933254e-02
   endloop
 endfacet
 facet normal  -9.9872806615e-01 -4.1801724893e-02 -2.8193362177e-02
   outer loop
     vertex 1.1572990814e-01 -4.9302225929e-02 -4.9302225929e-02
     vertex 1.1575013116e-01 -6.4629661796e-02 -2.7292933254e-02
     vertex 1.1572990814e-01 -6.4253602211e-02 -2.7134124297e-02
   endloop
 endfacet
 facet normal  -9.9872483709e-01 -4.9484136117e-02 -1.0001002372e-02
   outer loop
     vertex 1.1572990814e-01 -6.4253602211e-02 -2.7134124297e-02
     vertex 1.1575013116e-01 -6.4629661796e-02 -2.7292933254e-02
     vertex 1.1575013116e-01 -7.0145706162e-02 0.0000000000e+00
   endloop
 endfacet
 facet normal  -9.9872483709e-01 -4.9484136117e-02 -1.0001002372e-02
   outer loop
     vertex 1.1572990814e-01 -6.4253602211e-02 -2.7134124297e-02
     vertex 1.1575013116e-01 -7.0145706162e-02 0.0000000000e+00
     vertex 1.1572990814e-01 -6.9737550457e-02 0.0000000000e+00
   endloop
 endfacet
 facet normal  -9.9872483709e-01 -4.9484136117e-02 1.0001002372e-02
   outer loop
     vertex 1.1572990814e-01 -6.9737550457e-02 0.0000000000e+00
     vertex 1.1575013116e-01 -7.0145706162e-02 0.0000000000e+00
     vertex 1.1572990814e-01 -6.4253602211e-02 2.7134124297e-02
   endloop
 endfacet
 facet normal  -9.9872483709e-01 -4.9484136117e-02 1.0001002372e-02
   outer loop
     vertex 1.1575013116e-01 -7.0145706162e-02 0.0000000000e+00
     vertex 1.1575013116e-01 -6.4629661796e-02 2.7292933254e-02
     vertex 1.1572990814e-01 -6.4253602211e-02 2.7134124297e-02
   endloop
 endfacet
 facet normal  -9.9872806615e-01 -4.1801724893e-02 2.8193362177e-02
   outer loop
     vertex 1.1572990814e-01 -6.4253602211e-02 2.7134124297e-02
     vertex 1.1575013116e-01 -6.4629661796e-02 2.7292933254e-02
     vertex 1.1572990814e-01 -4.9302225929e-02 4.9302225929e-02
   endloop
 endfacet
 facet normal  -9.9872806615e-01 -4.1801724893e-02 2.8193362177e-02
   outer loop
     vertex 1.1575013116e-01 -6.4629661796e-02 2.7292933254e-02
     vertex 1.1575013116e-01 -4.9590779006e-02 4.9590779006e-02
     vertex 1.1572990814e-01 -4.9302225929e-02 4.9302225929e-02
   endloop
 endfacet
 facet normal  -9.9872806615e-01 -2.8193362177e-02 4.1801724893e-02
   outer loop
     vertex 1.1572990814e-01 -4.9302225929e-02 4.9302225929e-02
     vertex 1.1575013116e-01 -4.9590779006e-02 4.9590779006e-02
     vertex 1.1572990814e-01 -2.7134124297e-02 6.4253602211e-02
   endloop
 endfacet
 facet normal  -9.9872806615e-01 -2.8193362177e-02 4.1801724893e-02
   outer loop
     vertex 1.1575013116e-01 -4.9590779006e-02 4.9590779006e-02
     vertex 1.1575013116e-01 -2.7292933254e-02 6.4629661796e-02
     vertex 1.1572990814e-01 -2.7134124297e-02 6.4253602211e-02
   endloop
 endfacet
 facet normal  -9.9872483709e-01 -1.0001002372e-02 4.9484136117e-02
   outer loop
     vertex 1.1572990814e-01 -2.7134124297e-02 6.4253602211e-02
     vertex 1.1575013116e-01 -2.7292933254e-02 6.4629661796e-02
     vertex 1.1572990814e-01 0.0000000000e+00 6.9737550457e-02
   endloop
 endfacet
 facet normal  -9.9872483709e-01 -1.0001002372e-02 4.9484136117e-02
   outer loop
     vertex 1.1575013116e-01 -2.7292933254e-02 6.4629661796e-02
     vertex 1.1575013116e-01 0.0000000000e+00 7.0145706162e-02
     vertex 1.1572990814e-01 0.0000000000e+00 6.9737550457e-02
   endloop
 endfacet
 facet normal  -9.9872483709e-01 1.0001002372e-02 4.9484136117e-02
   outer loop
     vertex 1.1572990814e-01 0.0000000000e+00 6.9737550457e-02
     vertex 1.1575013116e-01 0.0000000000e+00 7.0145706162e-02
     vertex 1.1575013116e-01 2.7292933254e-02 6.4629661796e-02
   endloop
 endfacet
 facet normal  -9.9872483709e-01 1.0001002372e-02 4.9484136117e-02
   outer loop
     vertex 1.1572990814e-01 0.0000000000e+00 6.9737550457e-02
     vertex 1.1575013116e-01 2.7292933254e-02 6.4629661796e-02
     vertex 1.1572990814e-01 2.7134124297e-02 6.4253602211e-02
   endloop
 endfacet
 facet normal  -9.9872806615e-01 2.8193362177e-02 4.1801724893e-02
   outer loop
     vertex 1.1572990814e-01 2.7134124297e-02 6.4253602211e-02
     vertex 1.1575013116e-01 2.7292933254e-02 6.4629661796e-02
     vertex 1.1575013116e-01 4.9590779006e-02 4.9590779006e-02
   endloop
 endfacet
 facet normal  -9.9872806615e-01 2.8193362177e-02 4.1801724893e-02
   outer loop
     vertex 1.1572990814e-01 2.7134124297e-02 6.4253602211e-02
     vertex 1.1575013116e-01 4.9590779006e-02 4.9590779006e-02
     vertex 1.1572990814e-01 4.9302225929e-02 4.9302225929e-02
   endloop
 endfacet
 facet normal  -9.9872806615e-01 4.1801724893e-02 2.8193362177e-02
   outer loop
     vertex 1.1572990814e-01 4.9302225929e-02 4.9302225929e-02
     vertex 1.1575013116e-01 4.9590779006e-02 4.9590779006e-02
     vertex 1.1575013116e-01 6.4629661796e-02 2.7292933254e-02
   endloop
 endfacet
 facet normal  -9.9872806615e-01 4.1801724893e-02 2.8193362177e-02
   outer loop
     vertex 1.1572990814e-01 4.9302225929e-02 4.9302225929e-02
     vertex 1.1575013116e-01 6.4629661796e-02 2.7292933254e-02
     vertex 1.1572990814e-01 6.4253602211e-02 2.7134124297e-02
   endloop
 endfacet
 facet normal  -9.9872483709e-01 4.9484136117e-02 1.0001002372e-02
   outer loop
     vertex 1.1572990814e-01 6.4253602211e-02 2.7134124297e-02
     vertex 1.1575013116e-01 6.4629661796e-02 2.7292933254e-02
     vertex 1.1575013116e-01 7.0145706162e-02 0.0000000000e+00
   endloop
 endfacet
 facet normal  -9.9872483709e-01 4.9484136117e-02 1.0001002372e-02
   outer loop
     vertex 1.1572990814e-01 6.4253602211e-02 2.7134124297e-02
     vertex 1.1575013116e-01 7.0145706162e-02 0.0000000000e+00
     vertex 1.1572990814e-01 6.9737550457e-02 0.0000000000e+00
   endloop
 endfacet
 facet normal  -9.9519743191e-01 9.5948095043e-02 -1.9391611160e-02
   outer loop
     vertex 1.1575013116e-01 7.0145706162e-02 0.0000000000e+00
     vertex 1.1578310070e-01 7.0487674455e-02 0.0000000000e+00
     vertex 1.1575013116e-01 6.4629661796e-02 -2.7292933254e-02
   endloop
 endfacet
 facet normal  -9.9519743191e-01 9.5948095043e-02 -1.9391611160e-02
   outer loop
     vertex 1.1578310070e-01 7.0487674455e-02 0.0000000000e+00
     vertex 1.1578310070e-01 6.4944738746e-02 -2.7425989407e-02
     vertex 1.1575013116e-01 6.4629661796e-02 -2.7292933254e-02
   endloop
 endfacet
 facet normal  -9.9520952915e-01 8.1052878229e-02 -5.4666479847e-02
   outer loop
     vertex 1.1575013116e-01 6.4629661796e-02 -2.7292933254e-02
     vertex 1.1578310070e-01 6.4944738746e-02 -2.7425989407e-02
     vertex 1.1575013116e-01 4.9590779006e-02 -4.9590779006e-02
   endloop
 endfacet
 facet normal  -9.9520952915e-01 8.1052878229e-02 -5.4666479847e-02
   outer loop
     vertex 1.1578310070e-01 6.4944738746e-02 -2.7425989407e-02
     vertex 1.1578310070e-01 4.9832539693e-02 -4.9832539693e-02
     vertex 1.1575013116e-01 4.9590779006e-02 -4.9590779006e-02
   endloop
 endfacet
 facet normal  -9.9520952915e-01 5.4666479847e-02 -8.1052878229e-02
   outer loop
     vertex 1.1575013116e-01 4.9590779006e-02 -4.9590779006e-02
     vertex 1.1578310070e-01 4.9832539693e-02 -4.9832539693e-02
     vertex 1.1575013116e-01 2.7292933254e-02 -6.4629661796e-02
   endloop
 endfacet
 facet normal  -9.9520952915e-01 5.4666479847e-02 -8.1052878229e-02
   outer loop
     vertex 1.1578310070e-01 4.9832539693e-02 -4.9832539693e-02
     vertex 1.1578310070e-01 2.7425989407e-02 -6.4944738746e-02
     vertex 1.1575013116e-01 2.7292933254e-02 -6.4629661796e-02
   endloop
 endfacet
 facet normal  -9.9519743191e-01 1.9391611160e-02 -9.5948095043e-02
   outer loop
     vertex 1.1575013116e-01 2.7292933254e-02 -6.4629661796e-02
     vertex 1.1578310070e-01 2.7425989407e-02 -6.4944738746e-02
     vertex 1.1575013116e-01 0.0000000000e+00 -7.0145706162e-02
   endloop
 endfacet
 facet normal  -9.9519743191e-01 1.9391611160e-02 -9.5948095043e-02
   outer loop
     vertex 1.1578310070e-01 2.7425989407e-02 -6.4944738746e-02
     vertex 1.1578310070e-01 0.0000000000e+00 -7.0487674455e-02
     vertex 1.1575013116e-01 0.0000000000e+00 -7.0145706162e-02
   endloop
 endfacet
 facet normal  -9.9519743191e-01 -1.9391611160e-02 -9.5948095043e-02
   outer loop
     vertex 1.1575013116e-01 0.0000000000e+00 -7.0145706162e-02
     vertex 1.1578310070e-01 0.0000000000e+00 -7.0487674455e-02
     vertex 1.1578310070e-01 -2.7425989407e-02 -6.4944738746e-02
   endloop
 endfacet
 facet normal  -9.9519743191e-01 -1.9391611160e-02 -9.5948095043e-02
   outer loop
     vertex 1.1575013116e-01 0.0000000000e+00 -7.0145706162e-02
     vertex 1.1578310070e-01 -2.7425989407e-02 -6.4944738746e-02
     vertex 1.1575013116e-01 -2.7292933254e-02 -6.4629661796e-02
   endloop
 endfacet
 facet normal  -9.9520952915e-01 -5.4666479847e-02 -8.1052878229e-02
   outer loop
     vertex 1.1575013116e-01 -2.7292933254e-02 -6.4629661796e-02
     vertex 1.1578310070e-01 -2.7425989407e-02 -6.4944738746e-02
     vertex 1.1578310070e-01 -4.9832539693e-02 -4.9832539693e-02
   endloop
 endfacet
 facet normal  -9.9520952915e-01 -5.4666479847e-02 -8.1052878229e-02
   outer loop
     vertex 1.1575013116e-01 -2.7292933254e-02 -6.4629661796e-02
     vertex 1.1578310070e-01 -4.9832539693e-02 -4.9832539693e-02
     vertex 1.1575013116e-01 -4.9590779006e-02 -4.9590779006e-02
   endloop
 endfacet
 facet normal  -9.9520952915e-01 -8.1052878229e-02 -5.4666479847e-02
   outer loop
     vertex 1.1575013116e-01 -4.9590779006e-02 -4.9590779006e-02
     vertex 1.1578310070e-01 -4.9832539693e-02 -4.9832539693e-02
     vertex 1.1578310070e-01 -6.4944738746e-02 -2.7425989407e-02
   endloop
 endfacet
 facet normal  -9.9520952915e-01 -8.1052878229e-02 -5.4666479847e-02
   outer loop
     vertex 1.1575013116e-01 -4.9590779006e-02 -4.9590779006e-02
     vertex 1.1578310070e-01 -6.4944738746e-02 -2.7425989407e-02
     vertex 1.1575013116e-01 -6.4629661796e-02 -2.7292933254e-02
   endloop
 endfacet
 facet normal  -9.9519743191e-01 -9.5948095043e-02 -1.9391611160e-02
   outer loop
     vertex 1.1575013116e-01 -6.4629661796e-02 -2.7292933254e-02
     vertex 1.1578310070e-01 -6.4944738746e-02 -2.7425989407e-02
     vertex 1.1578310070e-01 -7.0487674455e-02 0.0000000000e+00
   endloop
 endfacet
 facet normal  -9.9519743191e-01 -9.5948095043e-02 -1.9391611160e-02
   outer loop
     vertex 1.1575013116e-01 -6.4629661796e-02 -2.7292933254e-02
     vertex 1.1578310070e-01 -7.0487674455e-02 0.0000000000e+00
     vertex 1.1575013116e-01 -7.0145706162e-02 0.0000000000e+00
   endloop
 endfacet
 facet normal  -9.9519743191e-01 -9.5948095043e-02 1.9391611160e-02
   outer loop
     vertex 1.1575013116e-01 -7.0145706162e-02 0.0000000000e+00
     vertex 1.1578310070e-01 -7.0487674455e-02 0.0000000000e+00
     vertex 1.1575013116e-01 -6.4629661796e-02 2.7292933254e-02
   endloop
 endfacet
 facet normal  -9.9519743191e-01 -9.5948095043e-02 1.9391611160e-02
   outer loop
     vertex 1.1578310070e-01 -7.0487674455e-02 0.0000000000e+00
     vertex 1.1578310070e-01 -6.4944738746e-02 2.7425989407e-02
     vertex 1.1575013116e-01 -6.4629661796e-02 2.7292933254e-02
   endloop
 endfacet
 facet normal  -9.9520952915e-01 -8.1052878229e-02 5.4666479847e-02
   outer loop
     vertex 1.1575013116e-01 -6.4629661796e-02 2.7292933254e-02
     vertex 1.1578310070e-01 -6.4944738746e-02 2.7425989407e-02
     vertex 1.1575013116e-01 -4.9590779006e-02 4.9590779006e-02
   endloop
 endfacet
 facet normal  -9.9520952915e-01 -8.1052878229e-02 5.4666479847e-02
   outer loop
     vertex 1.1578310070e-01 -6.4944738746e-02 2.7425989407e-02
     vertex 1.1578310070e-01 -4.9832539693e-02 4.9832539693e-02
     vertex 1.1575013116e-01 -4.9590779006e-02 4.9590779006e-02
   endloop
 endfacet
 facet normal  -9.9520952915e-01 -5.4666479847e-02 8.1052878229e-02
   outer loop
     vertex 1.1575013116e-01 -4.9590779006e-02 4.9590779006e-02
     vertex 1.1578310070e-01 -4.9832539693e-02 4.9832539693e-02
     vertex 1.1575013116e-01 -2.7292933254e-02 6.4629661796e-02
   endloop
 endfacet
 facet normal  -9.9520952915e-01 -5.4666479847e-02 8.1052878229e-02
   outer loop
     vertex 1.1578310070e-01 -4.9832539693e-02 4.9832539693e-02
     vertex 1.1578310070e-01 -2.7425989407e-02 6.4944738746e-02
     vertex 1.1575013116e-01 -2.7292933254e-02 6.4629661796e-02
   endloop
 endfacet
 facet normal  -9.9519743191e-01 -1.9391611160e-02 9.5948095043e-02
   outer loop
     vertex 1.1575013116e-01 -2.7292933254e-02 6.4629661796e-02
     vertex 1.1578310070e-01 -2.7425989407e-02 6.4944738746e-02
     vertex 1.1575013116e-01 0.0000000000e+00 7.0145706162e-02
   endloop
 endfacet
 facet normal  -9.9519743191e-01 -1.9391611160e-02 9.5948095043e-02
   outer loop
     vertex 1.1578310070e-01 -2.7425989407e-02 6.4944738746e-02
     vertex 1.1578310070e-01 0.0000000000e+00 7.0487674455e-02
     vertex 1.1575013116e-01 0.0000000000e+00 7.0145706162e-02
   endloop
 endfacet
 facet normal  -9.9519743191e-01 1.9391611160e-02 9.5948095043e-02
   outer loop
     vertex 1.1575013116e-01 0.0000000000e+00 7.0145706162e-02
     vertex 1.1578310070e-01 0.0000000000e+00 7.0487674455e-02
     vertex 1.1578310070e-01 2.7425989407e-02 6.4944738746e-02
   endloop
 endfacet
 facet normal  -9.9519743191e-01 1.9391611160e-02 9.5948095043e-02
   outer loop
     vertex 1.1575013116e-01 0.0000000000e+00 7.0145706162e-02
     vertex 1.1578310070e-01 2.7425989407e-02 6.4944738746e-02
     vertex 1.1575013116e-01 2.7292933254e-02 6.4629661796e-02
   endloop
 endfacet
 facet normal  -9.9520952915e-01 5.4666479847e-02 8.1052878229e-02
   outer loop
     vertex 1.1575013116e-01 2.7292933254e-02 6.4629661796e-02
     vertex 1.1578310070e-01 2.7425989407e-02 6.4944738746e-02
     vertex 1.1578310070e-01 4.9832539693e-02 4.9832539693e-02
   endloop
 endfacet
 facet normal  -9.9520952915e-01 5.4666479847e-02 8.1052878229e-02
   outer loop
     vertex 1.1575013116e-01 2.7292933254e-02 6.4629661796e-02
     vertex 1.1578310070e-01 4.9832539693e-02 4.9832539693e-02
     vertex 1.1575013116e-01 4.9590779006e-02 4.9590779006e-02
   endloop
 endfacet
 facet normal  -9.9520952915e-01 8.1052878229e-02 5.4666479847e-02
   outer loop
     vertex 1.1575013116e-01 4.9590779006e-02 4.9590779006e-02
     vertex 1.1578310070e-01 4.9832539693e-02 4.9832539693e-02
     vertex 1.1578310070e-01 6.4944738746e-02 2.7425989407e-02
   endloop
 endfacet
 facet normal  -9.9520952915e-01 8.1052878229e-02 5.4666479847e-02
   outer loop
     vertex 1.1575013116e-01 4.9590779006e-02 4.9590779006e-02
     vertex 1.1578310070e-01 6.4944738746e-02 2.7425989407e-02
     vertex 1.1575013116e-01 6.4629661796e-02 2.7292933254e-02
   endloop
 endfacet
 facet normal  -9.9519743191e-01 9.5948095043e-02 1.9391611160e-02
   outer loop
     vertex 1.1575013116e-01 6.4629661796e-02 2.7292933254e-02
     vertex 1.1578310070e-01 6.4944738746e-02 2.7425989407e-02
     vertex 1.1578310070e-01 7.0487674455e-02 0.0000000000e+00
   endloop
 endfacet
 facet normal  -9.9519743191e-01 9.5948095043e-02 1.9391611160e-02
   outer loop
     vertex 1.1575013116e-01 6.4629661796e-02 2.7292933254e-02
     vertex 1.1578310070e-01 7.0487674455e-02 0.0000000000e+00
     vertex 1.1575013116e-01 7.0145706162e-02 0.0000000000e+00
   endloop
 endfacet
 facet normal  -7.7306737405e-01 6.2175278753e-01 -1.2565948587e-01
   outer loop
     vertex 1.1578310070e-01 7.0487674455e-02 0.0000000000e+00
     vertex 1.1589843750e-01 7.0631080514e-02 0.0000000000e+00
     vertex 1.1578310070e-01 6.4944738746e-02 -2.7425989407e-02
   endloop
 endfacet
 facet normal  -7.7306737405e-01 6.2175278753e-01 -1.2565948587e-01
   outer loop
     vertex 1.1589843750e-01 7.0631080514e-02 0.0000000000e+00
     vertex 1.1589843750e-01 6.5076867790e-02 -2.7481787148e-02
     vertex 1.1578310070e-01 6.4944738746e-02 -2.7425989407e-02
   endloop
 endfacet
 facet normal  -7.7346226941e-01 5.2549227347e-01 -3.5442063755e-01
   outer loop
     vertex 1.1578310070e-01 6.4944738746e-02 -2.7425989407e-02
     vertex 1.1589843750e-01 6.5076867790e-02 -2.7481787148e-02
     vertex 1.1578310070e-01 4.9832539693e-02 -4.9832539693e-02
   endloop
 endfacet
 facet normal  -7.7346226941e-01 5.2549227347e-01 -3.5442063755e-01
   outer loop
     vertex 1.1589843750e-01 6.5076867790e-02 -2.7481787148e-02
     vertex 1.1589843750e-01 4.9933923206e-02 -4.9933923206e-02
     vertex 1.1578310070e-01 4.9832539693e-02 -4.9832539693e-02
   endloop
 endfacet
 facet normal  -7.7346226941e-01 3.5442063755e-01 -5.2549227347e-01
   outer loop
     vertex 1.1578310070e-01 4.9832539693e-02 -4.9832539693e-02
     vertex 1.1589843750e-01 4.9933923206e-02 -4.9933923206e-02
     vertex 1.1578310070e-01 2.7425989407e-02 -6.4944738746e-02
   endloop
 endfacet
 facet normal  -7.7346226941e-01 3.5442063755e-01 -5.2549227347e-01
   outer loop
     vertex 1.1589843750e-01 4.9933923206e-02 -4.9933923206e-02
     vertex 1.1589843750e-01 2.7481787148e-02 -6.5076867790e-02
     vertex 1.1578310070e-01 2.7425989407e-02 -6.4944738746e-02
   endloop
 endfacet
 facet normal  -7.7306737405e-01 1.2565948587e-01 -6.2175278753e-01
   outer loop
     vertex 1.1578310070e-01 2.7425989407e-02 -6.4944738746e-02
     vertex 1.1589843750e-01 2.7481787148e-02 -6.5076867790e-02
     vertex 1.1578310070e-01 0.0000000000e+00 -7.0487674455e-02
   endloop
 endfacet
 facet normal  -7.7306737405e-01 1.2565948587e-01 -6.2175278753e-01
   outer loop
     vertex 1.1589843750e-01 2.7481787148e-02 -6.5076867790e-02
     vertex 1.1589843750e-01 0.0000000000e+00 -7.0631080514e-02
     vertex 1.1578310070e-01 0.0000000000e+00 -7.0487674455e-02
   endloop
 endfacet
 facet normal  -7.7306737405e-01 -1.2565948587e-01 -6.2175278753e-01
   outer loop
     vertex 1.1578310070e-01 0.0000000000e+00 -7.0487674455e-02
     vertex 1.1589843750e-01 0.0000000000e+00 -7.0631080514e-02
     vertex 1.1589843750e-01 -2.7481787148e-02 -6.5076867790e-02
   endloop
 endfacet
 facet normal  -7.7306737405e-01 -1.2565948587e-01 -6.2175278753e-01
   outer loop
     vertex 1.1578310070e-01 0.0000000000e+00 -7.0487674455e-02
     vertex 1.1589843750e-01 -2.7481787148e-02 -6.5076867790e-02
     vertex 1.1578310070e-01 -2.7425989407e-02 -6.4944738746e-02
   endloop
 endfacet
 facet normal  -7.7346226941e-01 -3.5442063755e-01 -5.2549227347e-01
   outer loop
     vertex 1.1578310070e-01 -2.7425989407e-02 -6.4944738746e-02
     vertex 1.1589843750e-01 -2.7481787148e-02 -6.5076867790e-02
     vertex 1.1589843750e-01 -4.9933923206e-02 -4.9933923206e-02
   endloop
 endfacet
 facet normal  -7.7346226941e-01 -3.5442063755e-01 -5.2549227347e-01
   outer loop
     vertex 1.1578310070e-01 -2.7425989407e-02 -6.4944738746e-02
     vertex 1.1589843750e-01 -4.9933923206e-02 -4.9933923206e-02
     vertex 1.1578310070e-01 -4.9832539693e-02 -4.9832539693e-02
   endloop
 endfacet
 facet normal  -7.7346226941e-01 -5.2549227347e-01 -3.5442063755e-01
   outer loop
     vertex 1.1578310070e-01 -4.9832539693e-02 -4.9832539693e-02
     vertex 1.1589843750e-01 -4.9933923206e-02 -4.9933923206e-02
     vertex 1.1589843750e-01 -6.5076867790e-02 -2.7481787148e-02
   endloop
 endfacet
 facet normal  -7.7346226941e-01 -5.2549227347e-01 -3.5442063755e-01
   outer loop
     vertex 1.1578310070e-01 -4.9832539693e-02 -4.9832539693e-02
     vertex 1.1589843750e-01 -6.5076867790e-02 -2.7481787148e-02
     vertex 1.1578310070e-01 -6.4944738746e-02 -2.7425989407e-02
   endloop
 endfacet
 facet normal  -7.7306737405e-01 -6.2175278753e-01 -1.2565948587e-01
   outer loop
     vertex 1.1578310070e-01 -6.4944738746e-02 -2.7425989407e-02
     vertex 1.1589843750e-01 -6.5076867790e-02 -2.7481787148e-02
     vertex 1.1589843750e-01 -7.0631080514e-02 0.0000000000e+00
   endloop
 endfacet
 facet normal  -7.7306737405e-01 -6.2175278753e-01 -1.2565948587e-01
   outer loop
     vertex 1.1578310070e-01 -6.4944738746e-02 -2.7425989407e-02
     vertex 1.1589843750e-01 -7.0631080514e-02 0.0000000000e+00
     vertex 1.1578310070e-01 -7.0487674455e-02 0.0000000000e+00
   endloop
 endfacet
 facet normal  -7.7306737405e-01 -6.2175278753e-01 1.2565948587e-01
   outer loop
     vertex 1.1578310070e-01 -7.0487674455e-02 0.0000000000e+00
     vertex 1.1589843750e-01 -7.0631080514e-02 0.0000000000e+00
     vertex 1.1578310070e-01 -6.4944738746e-02 2.7425989407e-02
   endloop
 endfacet
 facet normal  -7.7306737405e-01 -6.2175278753e-01 1.2565948587e-01
   outer loop
     vertex 1.1589843750e-01 -7.0631080514e-02 0.0000000000e+00
     vertex 1.1589843750e-01 -6.5076867790e-02 2.7481787148e-02
     vertex 1.1578310070e-01 -6.4944738746e-02 2.7425989407e-02
   endloop
 endfacet
 facet normal  -7.7346226941e-01 -5.2549227347e-01 3.5442063755e-01
   outer loop
     vertex 1.1578310070e-01 -6.4944738746e-02 2.7425989407e-02
     vertex 1.1589843750e-01 -6.5076867790e-02 2.7481787148e-02
     vertex 1.1578310070e-01 -4.9832539693e-02 4.9832539693e-02
   endloop
 endfacet
 facet normal  -7.7346226941e-01 -5.2549227347e-01 3.5442063755e-01
   outer loop
     vertex 1.1589843750e-01 -6.5076867790e-02 2.7481787148e-02
     vertex 1.1589843750e-01 -4.9933923206e-02 4.9933923206e-02
     vertex 1.1578310070e-01 -4.9832539693e-02 4.9832539693e-02
   endloop
 endfacet
 facet normal  -7.7346226941e-01 -3.5442063755e-01 5.2549227347e-01
   outer loop
     vertex 1.1578310070e-01 -4.9832539693e-02 4.9832539693e-02
     vertex 1.1589843750e-01 -4.9933923206e-02 4.9933923206e-02
     vertex 1.1578310070e-01 -2.7425989407e-02 6.4944738746e-02
   endloop
 endfacet
 facet normal  -7.7346226941e-01 -3.5442063755e-01 5.2549227347e-01
   outer loop
     vertex 1.1589843750e-01 -4.9933923206e-02 4.9933923206e-02
     vertex 1.1589843750e-01 -2.7481787148e-02 6.5076867790e-02
     vertex 1.1578310070e-01 -2.7425989407e-02 6.4944738746e-02
   endloop
 endfacet
 facet normal  -7.7306737405e-01 -1.2565948587e-01 6.2175278753e-01
   outer loop
     vertex 1.1578310070e-01 -2.7425989407e-02 6.4944738746e-02
     vertex 1.1589843750e-01 -2.7481787148e-02 6.5076867790e-02
     vertex 1.1578310070e-01 0.0000000000e+00 7.0487674455e-02
   endloop
 endfacet
 facet normal  -7.7306737405e-01 -1.2565948587e-01 6.2175278753e-01
   outer loop
     vertex 1.1589843750e-01 -2.7481787148e-02 6.5076867790e-02
     vertex 1.1589843750e-01 0.0000000000e+00 7.0631080514e-02
     vertex 1.1578310070e-01 0.0000000000e+00 7.0487674455e-02
   endloop
 endfacet
 facet normal  -7.7306737405e-01 1.2565948587e-01 6.2175278753e-01
   outer loop
     vertex 1.1578310070e-01 0.0000000000e+00 7.0487674455e-02
     vertex 1.1589843750e-01 0.0000000000e+00 7.0631080514e-02
     vertex 1.1589843750e-01 2.7481787148e-02 6.5076867790e-02
   endloop
 endfacet
 facet normal  -7.7306737405e-01 1.2565948587e-01 6.2175278753e-01
   outer loop
     vertex 1.1578310070e-01 0.0000000000e+00 7.0487674455e-02
     vertex 1.1589843750e-01 2.7481787148e-02 6.5076867790e-02
     vertex 1.1578310070e-01 2.7425989407e-02 6.4944738746e-02
   endloop
 endfacet
 facet normal  -7.7346226941e-01 3.5442063755e-01 5.2549227347e-01
   outer loop
     vertex 1.1578310070e-01 2.7425989407e-02 6.4944738746e-02
     vertex 1.1589843750e-01 2.7481787148e-02 6.5076867790e-02
     vertex 1.1589843750e-01 4.9933923206e-02 4.9933923206e-02
   endloop
 endfacet
 facet normal  -7.7346226941e-01 3.5442063755e-01 5.2549227347e-01
   outer loop
     vertex 1.1578310070e-01 2.7425989407e-02 6.4944738746e-02
     vertex 1.1589843750e-01 4.9933923206e-02 4.9933923206e-02
     vertex 1.1578310070e-01 4.9832539693e-02 4.9832539693e-02
   endloop
 endfacet
 facet normal  -7.7346226941e-01 5.2549227347e-01 3.5442063755e-01
   outer loop
     vertex 1.1578310070e-01 4.9832539693e-02 4.9832539693e-02
     vertex 1.1589843750e-01 4.9933923206e-02 4.9933923206e-02
     vertex 1.1589843750e-01 6.5076867790e-02 2.7481787148e-02
   endloop
 endfacet
 facet normal  -7.7346226941e-01 5.2549227347e-01 3.5442063755e-01
   outer loop
     vertex 1.1578310070e-01 4.9832539693e-02 4.9832539693e-02
     vertex 1.1589843750e-01 6.5076867790e-02 2.7481787148e-02
     vertex 1.1578310070e-01 6.4944738746e-02 2.7425989407e-02
   endloop
 endfacet
 facet normal  -7.7306737405e-01 6.2175278753e-01 1.2565948587e-01
   outer loop
     vertex 1.1578310070e-01 6.4944738746e-02 2.7425989407e-02
     vertex 1.1589843750e-01 6.5076867790e-02 2.7481787148e-02
     vertex 1.1589843750e-01 7.0631080514e-02 0.0000000000e+00
   endloop
 endfacet
 facet normal  -7.7306737405e-01 6.2175278753e-01 1.2565948587e-01
   outer loop
     vertex 1.1578310070e-01 6.4944738746e-02 2.7425989407e-02
     vertex 1.1589843750e-01 7.0631080514e-02 0.0000000000e+00
     vertex 1.1578310070e-01 7.0487674455e-02 0.0000000000e+00
   endloop
 endfacet
 facet normal  -1.0731495250e-02 9.8012539816e-01 -1.9808846231e-01
   outer loop
     vertex 1.1589843750e-01 7.0631080514e-02 0.0000000000e+00
     vertex 1.1607814412e-01 7.0633048140e-02 0.0000000000e+00
     vertex 1.1607814412e-01 6.5078680688e-02 -2.7482552731e-02
   endloop
 endfacet
 facet normal  -1.0731495250e-02 9.8012539816e-01 -1.9808846231e-01
   outer loop
     vertex 1.1589843750e-01 7.0631080514e-02 0.0000000000e+00
     vertex 1.1607814412e-01 6.5078680688e-02 -2.7482552731e-02
     vertex 1.1589843750e-01 6.5076867790e-02 -2.7481787148e-02
   endloop
 endfacet
 facet normal  -1.0745133145e-02 8.2901046445e-01 -5.5912985249e-01
   outer loop
     vertex 1.1589843750e-01 6.5076867790e-02 -2.7481787148e-02
     vertex 1.1607814412e-01 6.5078680688e-02 -2.7482552731e-02
     vertex 1.1607814412e-01 4.9935314256e-02 -4.9935314256e-02
   endloop
 endfacet
 facet normal  -1.0745133145e-02 8.2901046445e-01 -5.5912985249e-01
   outer loop
     vertex 1.1589843750e-01 6.5076867790e-02 -2.7481787148e-02
     vertex 1.1607814412e-01 4.9935314256e-02 -4.9935314256e-02
     vertex 1.1589843750e-01 4.9933923206e-02 -4.9933923206e-02
   endloop
 endfacet
 facet normal  -1.0745133145e-02 5.5912985249e-01 -8.2901046445e-01
   outer loop
     vertex 1.1589843750e-01 4.9933923206e-02 -4.9933923206e-02
     vertex 1.1607814412e-01 4.9935314256e-02 -4.9935314256e-02
     vertex 1.1607814412e-01 2.7482552731e-02 -6.5078680688e-02
   endloop
 endfacet
 facet normal  -1.0745133145e-02 5.5912985249e-01 -8.2901046445e-01
   outer loop
     vertex 1.1589843750e-01 4.9933923206e-02 -4.9933923206e-02
     vertex 1.1607814412e-01 2.7482552731e-02 -6.5078680688e-02
     vertex 1.1589843750e-01 2.7481787148e-02 -6.5076867790e-02
   endloop
 endfacet
 facet normal  -1.0731495250e-02 1.9808846231e-01 -9.8012539816e-01
   outer loop
     vertex 1.1589843750e-01 2.7481787148e-02 -6.5076867790e-02
     vertex 1.1607814412e-01 2.7482552731e-02 -6.5078680688e-02
     vertex 1.1607814412e-01 0.0000000000e+00 -7.0633048140e-02
   endloop
 endfacet
 facet normal  -1.0731495250e-02 1.9808846231e-01 -9.8012539816e-01
   outer loop
     vertex 1.1589843750e-01 2.7481787148e-02 -6.5076867790e-02
     vertex 1.1607814412e-01 0.0000000000e+00 -7.0633048140e-02
     vertex 1.1589843750e-01 0.0000000000e+00 -7.0631080514e-02
   endloop
 endfacet
 facet normal  -1.0731495250e-02 -1.9808846231e-01 -9.8012539816e-01
   outer loop
     vertex 1.1589843750e-01 0.0000000000e+00 -7.0631080514e-02
     vertex 1.1607814412e-01 0.0000000000e+00 -7.0633048140e-02
     vertex 1.1589843750e-01 -2.7481787148e-02 -6.5076867790e-02
   endloop
 endfacet
 facet normal  -1.0731495250e-02 -1.9808846231e-01 -9.8012539816e-01
   outer loop
     vertex 1.1607814412e-01 0.0000000000e+00 -7.0633048140e-02
     vertex 1.1607814412e-01 -2.7482552731e-02 -6.5078680688e-02
     vertex 1.1589843750e-01 -2.7481787148e-02 -6.5076867790e-02
   endloop
 endfacet
 facet normal  -1.0745133145e-02 -5.5912985249e-01 -8.2901046445e-01
   outer loop
     vertex 1.1589843750e-01 -2.7481787148e-02 -6.5076867790e-02
     vertex 1.1607814412e-01 -2.7482552731e-02 -6.5078680688e-02
     vertex 1.1589843750e-01 -4.9933923206e-02 -4.9933923206e-02
   endloop
 endfacet
 facet normal  -1.0745133145e-02 -5.5912985249e-01 -8.2901046445e-01
   outer loop
     vertex 1.1607814412e-01 -2.7482552731e-02 -6.5078680688e-02
     vertex 1.1607814412e-01 -4.9935314256e-02 -4.9935314256e-02
     vertex 1.1589843750e-01 -4.9933923206e-02 -4.9933923206e-02
   endloop
 endfacet
 facet normal  -1.0745133145e-02 -8.2901046445e-01 -5.5912985249e-01
   outer loop
     vertex 1.1589843750e-01 -4.9933923206e-02 -4.9933923206e-02
     vertex 1.1607814412e-01 -4.9935314256e-02 -4.9935314256e-02
     vertex 1.1589843750e-01 -6.5076867790e-02 -2.7481787148e-02
   endloop
 endfacet
 facet normal  -1.0745133145e-02 -8.2901046445e-01 -5.5912985249e-01
   outer loop
     vertex 1.1607814412e-01 -4.9935314256e-02 -4.9935314256e-02
     vertex 1.1607814412e-01 -6.5078680688e-02 -2.7482552731e-02
     vertex 1.1589843750e-01 -6.5076867790e-02 -2.7481787148e-02
   endloop
 endfacet
 facet normal  -1.0731495250e-02 -9.8012539816e-01 -1.9808846231e-01
   outer loop
     vertex 1.1589843750e-01 -6.5076867790e-02 -2.7481787148e-02
     vertex 1.1607814412e-01 -6.5078680688e-02 -2.7482552731e-02
     vertex 1.1589843750e-01 -7.0631080514e-02 0.0000000000e+00
   endloop
 endfacet
 facet normal  -1.0731495250e-02 -9.8012539816e-01 -1.9808846231e-01
   outer loop
     vertex 1.1607814412e-01 -6.5078680688e-02 -2.7482552731e-02
     vertex 1.1607814412e-01 -7.0633048140e-02 0.0000000000e+00
     vertex 1.1589843750e-01 -7.0631080514e-02 0.0000000000e+00
   endloop
 endfacet
 facet normal  -1.0731495250e-02 -9.8012539816e-01 1.9808846231e-01
   outer loop
     vertex 1.1589843750e-01 -7.0631080514e-02 0.0000000000e+00
     vertex 1.1607814412e-01 -7.0633048140e-02 0.0000000000e+00
     vertex 1.1607814412e-01 -6.5078680688e-02 2.7482552731e-02
   endloop
 endfacet
 facet normal  -1.0731495250e-02 -9.8012539816e-01 1.9808846231e-01
   outer loop
     vertex 1.1589843750e-01 -7.0631080514e-02 0.0000000000e+00
     vertex 1.1607814412e-01 -6.5078680688e-02 2.7482552731e-02
     vertex 1.1589843750e-01 -6.5076867790e-02 2.7481787148e-02
   endloop
 endfacet
 facet normal  -1.0745133145e-02 -8.2901046445e-01 5.5912985249e-01
   outer loop
     vertex 1.1589843750e-01 -6.5076867790e-02 2.7481787148e-02
     vertex 1.1607814412e-01 -6.5078680688e-02 2.7482552731e-02
     vertex 1.1607814412e-01 -4.9935314256e-02 4.9935314256e-02
   endloop
 endfacet
 facet normal  -1.0745133145e-02 -8.2901046445e-01 5.5912985249e-01
   outer loop
     vertex 1.1589843750e-01 -6.5076867790e-02 2.7481787148e-02
     vertex 1.1607814412e-01 -4.9935314256e-02 4.9935314256e-02
     vertex 1.1589843750e-01 -4.9933923206e-02 4.9933923206e-02
   endloop
 endfacet
 facet normal  -1.0745133145e-02 -5.5912985249e-01 8.2901046445e-01
   outer loop
     vertex 1.1589843750e-01 -4.9933923206e-02 4.9933923206e-02
     vertex 1.1607814412e-01 -4.9935314256e-02 4.9935314256e-02
     vertex 1.1607814412e-01 -2.7482552731e-02 6.5078680688e-02
   endloop
 endfacet
 facet normal  -1.0745133145e-02 -5.5912985249e-01 8.2901046445e-01
   outer loop
     vertex 1.1589843750e-01 -4.9933923206e-02 4.9933923206e-02
     vertex 1.1607814412e-01 -2.7482552731e-02 6.5078680688e-02
     vertex 1.1589843750e-01 -2.7481787148e-02 6.5076867790e-02
   endloop
 endfacet
 facet normal  -1.0731495250e-02 -1.9808846231e-01 9.8012539816e-01
   outer loop
     vertex 1.1589843750e-01 -2.7481787148e-02 6.5076867790e-02
     vertex 1.1607814412e-01 -2.7482552731e-02 6.5078680688e-02
     vertex 1.1607814412e-01 0.0000000000e+00 7.0633048140e-02
   endloop
 endfacet
 facet normal  -1.0731495250e-02 -1.9808846231e-01 9.8012539816e-01
   outer loop
     vertex 1.1589843750e-01 -2.7481787148e-02 6.5076867790e-02
     vertex 1.1607814412e-01 0.0000000000e+00 7.0633048140e-02
     vertex 1.1589843750e-01 0.0000000000e+00 7.0631080514e-02
   endloop
 endfacet
 facet normal  -1.0731495250e-02 1.9808846231e-01 9.8012539816e-01
   outer loop
     vertex 1.1589843750e-01 0.0000000000e+00 7.0631080514e-02
     vertex 1.1607814412e-01 0.0000000000e+00 7.0633048140e-02
     vertex 1.1589843750e-01 2.7481787148e-02 6.5076867790e-02
   endloop
 endfacet
 facet normal  -1.0731495250e-02 1.9808846231e-01 9.8012539816e-01
   outer loop
     vertex 1.1607814412e-01 0.0000000000e+00 7.0633048140e-02
     vertex 1.1607814412e-01 2.7482552731e-02 6.5078680688e-02
     vertex 1.1589843750e-01 2.7481787148e-02 6.5076867790e-02
   endloop
 endfacet
 facet normal  -1.0745133145e-02 5.5912985249e-01 8.2901046445e-01
   outer loop
     vertex 1.1589843750e-01 2.7481787148e-02 6.5076867790e-02
     vertex 1.1607814412e-01 2.7482552731e-02 6.5078680688e-02
     vertex 1.1589843750e-01 4.9933923206e-02 4.9933923206e-02
   endloop
 endfacet
 facet normal  -1.0745133145e-02 5.5912985249e-01 8.2901046445e-01
   outer loop
     vertex 1.1607814412e-01 2.7482552731e-02 6.5078680688e-02
     vertex 1.1607814412e-01 4.9935314256e-02 4.9935314256e-02
     vertex 1.1589843750e-01 4.9933923206e-02 4.9933923206e-02
   endloop
 endfacet
 facet normal  -1.0745133145e-02 8.2901046445e-01 5.5912985249e-01
   outer loop
     vertex 1.1589843750e-01 4.9933923206e-02 4.9933923206e-02
     vertex 1.1607814412e-01 4.9935314256e-02 4.9935314256e-02
     vertex 1.1589843750e-01 6.5076867790e-02 2.7481787148e-02
   endloop
 endfacet
 facet normal  -1.0745133145e-02 8.2901046445e-01 5.5912985249e-01
   outer loop
     vertex 1.1607814412e-01 4.9935314256e-02 4.9935314256e-02
     vertex 1.1607814412e-01 6.5078680688e-02 2.7482552731e-02
     vertex 1.1589843750e-01 6.5076867790e-02 2.7481787148e-02
   endloop
 endfacet
 facet normal  -1.0731495250e-02 9.8012539816e-01 1.9808846231e-01
   outer loop
     vertex 1.1589843750e-01 6.5076867790e-02 2.7481787148e-02
     vertex 1.1607814412e-01 6.5078680688e-02 2.7482552731e-02
     vertex 1.1589843750e-01 7.0631080514e-02 0.0000000000e+00
   endloop
 endfacet
 facet normal  -1.0731495250e-02 9.8012539816e-01 1.9808846231e-01
   outer loop
     vertex 1.1607814412e-01 6.5078680688e-02 2.7482552731e-02
     vertex 1.1607814412e-01 7.0633048140e-02 0.0000000000e+00
     vertex 1.1589843750e-01 7.0631080514e-02 0.0000000000e+00
   endloop
 endfacet
 facet normal  -2.5587667060e-02 9.7986091196e-01 -1.9803500827e-01
   outer loop
     vertex 1.1607814412e-01 7.0633048140e-02 0.0000000000e+00
     vertex 1.1625782206e-01 7.0637740173e-02 0.0000000000e+00
     vertex 1.1625782206e-01 6.5083003753e-02 -2.7484378350e-02
   endloop
 endfacet
 facet normal  -2.5587667060e-02 9.7986091196e-01 -1.9803500827e-01
   outer loop
     vertex 1.1607814412e-01 7.0633048140e-02 0.0000000000e+00
     vertex 1.1625782206e-01 6.5083003753e-02 -2.7484378350e-02
     vertex 1.1607814412e-01 6.5078680688e-02 -2.7482552731e-02
   endloop
 endfacet
 facet normal  -2.5620167026e-02 8.2878618781e-01 -5.5897858809e-01
   outer loop
     vertex 1.1607814412e-01 6.5078680688e-02 -2.7482552731e-02
     vertex 1.1625782206e-01 6.5083003753e-02 -2.7484378350e-02
     vertex 1.1625782206e-01 4.9938631373e-02 -4.9938631373e-02
   endloop
 endfacet
 facet normal  -2.5620167026e-02 8.2878618781e-01 -5.5897858809e-01
   outer loop
     vertex 1.1607814412e-01 6.5078680688e-02 -2.7482552731e-02
     vertex 1.1625782206e-01 4.9938631373e-02 -4.9938631373e-02
     vertex 1.1607814412e-01 4.9935314256e-02 -4.9935314256e-02
   endloop
 endfacet
 facet normal  -2.5620167026e-02 5.5897858809e-01 -8.2878618781e-01
   outer loop
     vertex 1.1607814412e-01 4.9935314256e-02 -4.9935314256e-02
     vertex 1.1625782206e-01 4.9938631373e-02 -4.9938631373e-02
     vertex 1.1625782206e-01 2.7484378350e-02 -6.5083003753e-02
   endloop
 endfacet
 facet normal  -2.5620167026e-02 5.5897858809e-01 -8.2878618781e-01
   outer loop
     vertex 1.1607814412e-01 4.9935314256e-02 -4.9935314256e-02
     vertex 1.1625782206e-01 2.7484378350e-02 -6.5083003753e-02
     vertex 1.1607814412e-01 2.7482552731e-02 -6.5078680688e-02
   endloop
 endfacet
 facet normal  -2.5587667060e-02 1.9803500827e-01 -9.7986091196e-01
   outer loop
     vertex 1.1607814412e-01 2.7482552731e-02 -6.5078680688e-02
     vertex 1.1625782206e-01 2.7484378350e-02 -6.5083003753e-02
     vertex 1.1625782206e-01 0.0000000000e+00 -7.0637740173e-02
   endloop
 endfacet
 facet normal  -2.5587667060e-02 1.9803500827e-01 -9.7986091196e-01
   outer loop
     vertex 1.1607814412e-01 2.7482552731e-02 -6.5078680688e-02
     vertex 1.1625782206e-01 0.0000000000e+00 -7.0637740173e-02
     vertex 1.1607814412e-01 0.0000000000e+00 -7.0633048140e-02
   endloop
 endfacet
 facet normal  -2.5587667060e-02 -1.9803500827e-01 -9.7986091196e-01
   outer loop
     vertex 1.1607814412e-01 0.0000000000e+00 -7.0633048140e-02
     vertex 1.1625782206e-01 0.0000000000e+00 -7.0637740173e-02
     vertex 1.1607814412e-01 -2.7482552731e-02 -6.5078680688e-02
   endloop
 endfacet
 facet normal  -2.5587667060e-02 -1.9803500827e-01 -9.7986091196e-01
   outer loop
     vertex 1.1625782206e-01 0.0000000000e+00 -7.0637740173e-02
     vertex 1.1625782206e-01 -2.7484378350e-02 -6.5083003753e-02
     vertex 1.1607814412e-01 -2.7482552731e-02 -6.5078680688e-02
   endloop
 endfacet
 facet normal  -2.5620167026e-02 -5.5897858809e-01 -8.2878618781e-01
   outer loop
     vertex 1.1607814412e-01 -2.7482552731e-02 -6.5078680688e-02
     vertex 1.1625782206e-01 -2.7484378350e-02 -6.5083003753e-02
     vertex 1.1607814412e-01 -4.9935314256e-02 -4.9935314256e-02
   endloop
 endfacet
 facet normal  -2.5620167026e-02 -5.5897858809e-01 -8.2878618781e-01
   outer loop
     vertex 1.1625782206e-01 -2.7484378350e-02 -6.5083003753e-02
     vertex 1.1625782206e-01 -4.9938631373e-02 -4.9938631373e-02
     vertex 1.1607814412e-01 -4.9935314256e-02 -4.9935314256e-02
   endloop
 endfacet
 facet normal  -2.5620167026e-02 -8.2878618781e-01 -5.5897858809e-01
   outer loop
     vertex 1.1607814412e-01 -4.9935314256e-02 -4.9935314256e-02
     vertex 1.1625782206e-01 -4.9938631373e-02 -4.9938631373e-02
     vertex 1.1607814412e-01 -6.5078680688e-02 -2.7482552731e-02
   endloop
 endfacet
 facet normal  -2.5620167026e-02 -8.2878618781e-01 -5.5897858809e-01
   outer loop
     vertex 1.1625782206e-01 -4.9938631373e-02 -4.9938631373e-02
     vertex 1.1625782206e-01 -6.5083003753e-02 -2.7484378350e-02
     vertex 1.1607814412e-01 -6.5078680688e-02 -2.7482552731e-02
   endloop
 endfacet
 facet normal  -2.5587667060e-02 -9.7986091196e-01 -1.9803500827e-01
   outer loop
     vertex 1.1607814412e-01 -6.5078680688e-02 -2.7482552731e-02
     vertex 1.1625782206e-01 -6.5083003753e-02 -2.7484378350e-02
     vertex 1.1607814412e-01 -7.0633048140e-02 0.0000000000e+00
   endloop
 endfacet
 facet normal  -2.5587667060e-02 -9.7986091196e-01 -1.9803500827e-01
   outer loop
     vertex 1.1625782206e-01 -6.5083003753e-02 -2.7484378350e-02
     vertex 1.1625782206e-01 -7.0637740173e-02 0.0000000000e+00
     vertex 1.1607814412e-01 -7.0633048140e-02 0.0000000000e+00
   endloop
 endfacet
 facet normal  -2.5587667060e-02 -9.7986091196e-01 1.9803500827e-01
   outer loop
     vertex 1.1607814412e-01 -7.0633048140e-02 0.0000000000e+00
     vertex 1.1625782206e-01 -7.0637740173e-02 0.0000000000e+00
     vertex 1.1625782206e-01 -6.5083003753e-02 2.7484378350e-02
   endloop
 endfacet
 facet normal  -2.5587667060e-02 -9.7986091196e-01 1.9803500827e-01
   outer loop
     vertex 1.1607814412e-01 -7.0633048140e-02 0.0000000000e+00
     vertex 1.1625782206e-01 -6.5083003753e-02 2.7484378350e-02
     vertex 1.1607814412e-01 -6.5078680688e-02 2.7482552731e-02
   endloop
 endfacet
 facet normal  -2.5620167026e-02 -8.2878618781e-01 5.5897858809e-01
   outer loop
     vertex 1.1607814412e-01 -6.5078680688e-02 2.7482552731e-02
     vertex 1.1625782206e-01 -6.5083003753e-02 2.7484378350e-02
     vertex 1.1625782206e-01 -4.9938631373e-02 4.9938631373e-02
   endloop
 endfacet
 facet normal  -2.5620167026e-02 -8.2878618781e-01 5.5897858809e-01
   outer loop
     vertex 1.1607814412e-01 -6.5078680688e-02 2.7482552731e-02
     vertex 1.1625782206e-01 -4.9938631373e-02 4.9938631373e-02
     vertex 1.1607814412e-01 -4.9935314256e-02 4.9935314256e-02
   endloop
 endfacet
 facet normal  -2.5620167026e-02 -5.5897858809e-01 8.2878618781e-01
   outer loop
     vertex 1.1607814412e-01 -4.9935314256e-02 4.9935314256e-02
     vertex 1.1625782206e-01 -4.9938631373e-02 4.9938631373e-02
     vertex 1.1625782206e-01 -2.7484378350e-02 6.5083003753e-02
   endloop
 endfacet
 facet normal  -2.5620167026e-02 -5.5897858809e-01 8.2878618781e-01
   outer loop
     vertex 1.1607814412e-01 -4.9935314256e-02 4.9935314256e-02
     vertex 1.1625782206e-01 -2.7484378350e-02 6.5083003753e-02
     vertex 1.1607814412e-01 -2.7482552731e-02 6.5078680688e-02
   endloop
 endfacet
 facet normal  -2.5587667060e-02 -1.9803500827e-01 9.7986091196e-01
   outer loop
     vertex 1.1607814412e-01 -2.7482552731e-02 6.5078680688e-02
     vertex 1.1625782206e-01 -2.7484378350e-02 6.5083003753e-02
     vertex 1.1625782206e-01 0.0000000000e+00 7.0637740173e-02
   endloop
 endfacet
 facet normal  -2.5587667060e-02 -1.9803500827e-01 9.7986091196e-01
   outer loop
     vertex 1.1607814412e-01 -2.7482552731e-02 6.5078680688e-02
     vertex 1.1625782206e-01 0.0000000000e+00 7.0637740173e-02
     vertex 1.1607814412e-01 0.0000000000e+00 7.0633048140e-02
   endloop
 endfacet
 facet normal  -2.5587667060e-02 1.9803500827e-01 9.7986091196e-01
   outer loop
     vertex 1.1607814412e-01 0.0000000000e+00 7.0633048140e-02
     vertex 1.1625782206e-01 0.0000000000e+00 7.0637740173e-02
     vertex 1.1607814412e-01 2.7482552731e-02 6.5078680688e-02
   endloop
 endfacet
 facet normal  -2.5587667060e-02 1.9803500827e-01 9.7986091196e-01
   outer loop
     vertex 1.1625782206e-01 0.0000000000e+00 7.0637740173e-02
     vertex 1.1625782206e-01 2.7484378350e-02 6.5083003753e-02
     vertex 1.1607814412e-01 2.7482552731e-02 6.5078680688e-02
   endloop
 endfacet
 facet normal  -2.5620167026e-02 5.5897858809e-01 8.2878618781e-01
   outer loop
     vertex 1.1607814412e-01 2.7482552731e-02 6.5078680688e-02
     vertex 1.1625782206e-01 2.7484378350e-02 6.5083003753e-02
     vertex 1.1607814412e-01 4.9935314256e-02 4.9935314256e-02
   endloop
 endfacet
 facet normal  -2.5620167026e-02 5.5897858809e-01 8.2878618781e-01
   outer loop
     vertex 1.1625782206e-01 2.7484378350e-02 6.5083003753e-02
     vertex 1.1625782206e-01 4.9938631373e-02 4.9938631373e-02
     vertex 1.1607814412e-01 4.9935314256e-02 4.9935314256e-02
   endloop
 endfacet
 facet normal  -2.5620167026e-02 8.2878618781e-01 5.5897858809e-01
   outer loop
     vertex 1.1607814412e-01 4.9935314256e-02 4.9935314256e-02
     vertex 1.1625782206e-01 4.9938631373e-02 4.9938631373e-02
     vertex 1.1607814412e-01 6.5078680688e-02 2.7482552731e-02
   endloop
 endfacet
 facet normal  -2.5620167026e-02 8.2878618781e-01 5.5897858809e-01
   outer loop
     vertex 1.1625782206e-01 4.9938631373e-02 4.9938631373e-02
     vertex 1.1625782206e-01 6.5083003753e-02 2.7484378350e-02
     vertex 1.1607814412e-01 6.5078680688e-02 2.7482552731e-02
   endloop
 endfacet
 facet normal  -2.5587667060e-02 9.7986091196e-01 1.9803500827e-01
   outer loop
     vertex 1.1607814412e-01 6.5078680688e-02 2.7482552731e-02
     vertex 1.1625782206e-01 6.5083003753e-02 2.7484378350e-02
     vertex 1.1607814412e-01 7.0633048140e-02 0.0000000000e+00
   endloop
 endfacet
 facet normal  -2.5587667060e-02 9.7986091196e-01 1.9803500827e-01
   outer loop
     vertex 1.1625782206e-01 6.5083003753e-02 2.7484378350e-02
     vertex 1.1625782206e-01 7.0637740173e-02 0.0000000000e+00
     vertex 1.1607814412e-01 7.0633048140e-02 0.0000000000e+00
   endloop
 endfacet
 facet normal  -3.0537498420e-02 9.7972470569e-01 -1.9800748027e-01
   outer loop
     vertex 1.1625782206e-01 7.0637740173e-02 0.0000000000e+00
     vertex 1.1643749044e-01 7.0643340341e-02 0.0000000000e+00
     vertex 1.1643749044e-01 6.5088163541e-02 -2.7486557314e-02
   endloop
 endfacet
 facet normal  -3.0537498420e-02 9.7972470569e-01 -1.9800748027e-01
   outer loop
     vertex 1.1625782206e-01 7.0637740173e-02 0.0000000000e+00
     vertex 1.1643749044e-01 6.5088163541e-02 -2.7486557314e-02
     vertex 1.1625782206e-01 6.5083003753e-02 -2.7484378350e-02
   endloop
 endfacet
 facet normal  -3.0576274571e-02 8.2867068901e-01 -5.5890068940e-01
   outer loop
     vertex 1.1625782206e-01 6.5083003753e-02 -2.7484378350e-02
     vertex 1.1643749044e-01 6.5088163541e-02 -2.7486557314e-02
     vertex 1.1643749044e-01 4.9942590513e-02 -4.9942590513e-02
   endloop
 endfacet
 facet normal  -3.0576274571e-02 8.2867068901e-01 -5.5890068940e-01
   outer loop
     vertex 1.1625782206e-01 6.5083003753e-02 -2.7484378350e-02
     vertex 1.1643749044e-01 4.9942590513e-02 -4.9942590513e-02
     vertex 1.1625782206e-01 4.9938631373e-02 -4.9938631373e-02
   endloop
 endfacet
 facet normal  -3.0576274571e-02 5.5890068940e-01 -8.2867068901e-01
   outer loop
     vertex 1.1625782206e-01 4.9938631373e-02 -4.9938631373e-02
     vertex 1.1643749044e-01 4.9942590513e-02 -4.9942590513e-02
     vertex 1.1643749044e-01 2.7486557314e-02 -6.5088163541e-02
   endloop
 endfacet
 facet normal  -3.0576274571e-02 5.5890068940e-01 -8.2867068901e-01
   outer loop
     vertex 1.1625782206e-01 4.9938631373e-02 -4.9938631373e-02
     vertex 1.1643749044e-01 2.7486557314e-02 -6.5088163541e-02
     vertex 1.1625782206e-01 2.7484378350e-02 -6.5083003753e-02
   endloop
 endfacet
 facet normal  -3.0537498420e-02 1.9800748027e-01 -9.7972470569e-01
   outer loop
     vertex 1.1625782206e-01 2.7484378350e-02 -6.5083003753e-02
     vertex 1.1643749044e-01 2.7486557314e-02 -6.5088163541e-02
     vertex 1.1643749044e-01 0.0000000000e+00 -7.0643340341e-02
   endloop
 endfacet
 facet normal  -3.0537498420e-02 1.9800748027e-01 -9.7972470569e-01
   outer loop
     vertex 1.1625782206e-01 2.7484378350e-02 -6.5083003753e-02
     vertex 1.1643749044e-01 0.0000000000e+00 -7.0643340341e-02
     vertex 1.1625782206e-01 0.0000000000e+00 -7.0637740173e-02
   endloop
 endfacet
 facet normal  -3.0537498420e-02 -1.9800748027e-01 -9.7972470569e-01
   outer loop
     vertex 1.1625782206e-01 0.0000000000e+00 -7.0637740173e-02
     vertex 1.1643749044e-01 0.0000000000e+00 -7.0643340341e-02
     vertex 1.1625782206e-01 -2.7484378350e-02 -6.5083003753e-02
   endloop
 endfacet
 facet normal  -3.0537498420e-02 -1.9800748027e-01 -9.7972470569e-01
   outer loop
     vertex 1.1643749044e-01 0.0000000000e+00 -7.0643340341e-02
     vertex 1.1643749044e-01 -2.7486557314e-02 -6.5088163541e-02
     vertex 1.1625782206e-01 -2.7484378350e-02 -6.5083003753e-02
   endloop
 endfacet
 facet normal  -3.0576274571e-02 -5.5890068940e-01 -8.2867068901e-01
   outer loop
     vertex 1.1625782206e-01 -2.7484378350e-02 -6.5083003753e-02
     vertex 1.1643749044e-01 -2.7486557314e-02 -6.5088163541e-02
     vertex 1.1625782206e-01 -4.9938631373e-02 -4.9938631373e-02
   endloop
 endfacet
 facet normal  -3.0576274571e-02 -5.5890068940e-01 -8.2867068901e-01
   outer loop
     vertex 1.1643749044e-01 -2.7486557314e-02 -6.5088163541e-02
     vertex 1.1643749044e-01 -4.9942590513e-02 -4.9942590513e-02
     vertex 1.1625782206e-01 -4.9938631373e-02 -4.9938631373e-02
   endloop
 endfacet
 facet normal  -3.0576274571e-02 -8.2867068901e-01 -5.5890068940e-01
   outer loop
     vertex 1.1625782206e-01 -4.9938631373e-02 -4.9938631373e-02
     vertex 1.1643749044e-01 -4.9942590513e-02 -4.9942590513e-02
     vertex 1.1625782206e-01 -6.5083003753e-02 -2.7484378350e-02
   endloop
 endfacet
 facet normal  -3.0576274571e-02 -8.2867068901e-01 -5.5890068940e-01
   outer loop
     vertex 1.1643749044e-01 -4.9942590513e-02 -4.9942590513e-02
     vertex 1.1643749044e-01 -6.5088163541e-02 -2.7486557314e-02
     vertex 1.1625782206e-01 -6.5083003753e-02 -2.7484378350e-02
   endloop
 endfacet
 facet normal  -3.0537498420e-02 -9.7972470569e-01 -1.9800748027e-01
   outer loop
     vertex 1.1625782206e-01 -6.5083003753e-02 -2.7484378350e-02
     vertex 1.1643749044e-01 -6.5088163541e-02 -2.7486557314e-02
     vertex 1.1625782206e-01 -7.0637740173e-02 0.0000000000e+00
   endloop
 endfacet
 facet normal  -3.0537498420e-02 -9.7972470569e-01 -1.9800748027e-01
   outer loop
     vertex 1.1643749044e-01 -6.5088163541e-02 -2.7486557314e-02
     vertex 1.1643749044e-01 -7.0643340341e-02 0.0000000000e+00
     vertex 1.1625782206e-01 -7.0637740173e-02 0.0000000000e+00
   endloop
 endfacet
 facet normal  -3.0537498420e-02 -9.7972470569e-01 1.9800748027e-01
   outer loop
     vertex 1.1625782206e-01 -7.0637740173e-02 0.0000000000e+00
     vertex 1.1643749044e-01 -7.0643340341e-02 0.0000000000e+00
     vertex 1.1643749044e-01 -6.5088163541e-02 2.7486557314e-02
   endloop
 endfacet
 facet normal  -3.0537498420e-02 -9.7972470569e-01 1.9800748027e-01
   outer loop
     vertex 1.1625782206e-01 -7.0637740173e-02 0.0000000000e+00
     vertex 1.1643749044e-01 -6.5088163541e-02 2.7486557314e-02
     vertex 1.1625782206e-01 -6.5083003753e-02 2.7484378350e-02
   endloop
 endfacet
 facet normal  -3.0576274571e-02 -8.2867068901e-01 5.5890068940e-01
   outer loop
     vertex 1.1625782206e-01 -6.5083003753e-02 2.7484378350e-02
     vertex 1.1643749044e-01 -6.5088163541e-02 2.7486557314e-02
     vertex 1.1643749044e-01 -4.9942590513e-02 4.9942590513e-02
   endloop
 endfacet
 facet normal  -3.0576274571e-02 -8.2867068901e-01 5.5890068940e-01
   outer loop
     vertex 1.1625782206e-01 -6.5083003753e-02 2.7484378350e-02
     vertex 1.1643749044e-01 -4.9942590513e-02 4.9942590513e-02
     vertex 1.1625782206e-01 -4.9938631373e-02 4.9938631373e-02
   endloop
 endfacet
 facet normal  -3.0576274571e-02 -5.5890068940e-01 8.2867068901e-01
   outer loop
     vertex 1.1625782206e-01 -4.9938631373e-02 4.9938631373e-02
     vertex 1.1643749044e-01 -4.9942590513e-02 4.9942590513e-02
     vertex 1.1643749044e-01 -2.7486557314e-02 6.5088163541e-02
   endloop
 endfacet
 facet normal  -3.0576274571e-02 -5.5890068940e-01 8.2867068901e-01
   outer loop
     vertex 1.1625782206e-01 -4.9938631373e-02 4.9938631373e-02
     vertex 1.1643749044e-01 -2.7486557314e-02 6.5088163541e-02
     vertex 1.1625782206e-01 -2.7484378350e-02 6.5083003753e-02
   endloop
 endfacet
 facet normal  -3.0537498420e-02 -1.9800748027e-01 9.7972470569e-01
   outer loop
     vertex 1.1625782206e-01 -2.7484378350e-02 6.5083003753e-02
     vertex 1.1643749044e-01 -2.7486557314e-02 6.5088163541e-02
     vertex 1.1643749044e-01 0.0000000000e+00 7.0643340341e-02
   endloop
 endfacet
 facet normal  -3.0537498420e-02 -1.9800748027e-01 9.7972470569e-01
   outer loop
     vertex 1.1625782206e-01 -2.7484378350e-02 6.5083003753e-02
     vertex 1.1643749044e-01 0.0000000000e+00 7.0643340341e-02
     vertex 1.1625782206e-01 0.0000000000e+00 7.0637740173e-02
   endloop
 endfacet
 facet normal  -3.0537498420e-02 1.9800748027e-01 9.7972470569e-01
   outer loop
     vertex 1.1625782206e-01 0.0000000000e+00 7.0637740173e-02
     vertex 1.1643749044e-01 0.0000000000e+00 7.0643340341e-02
     vertex 1.1625782206e-01 2.7484378350e-02 6.5083003753e-02
   endloop
 endfacet
 facet normal  -3.0537498420e-02 1.9800748027e-01 9.7972470569e-01
   outer loop
     vertex 1.1643749044e-01 0.0000000000e+00 7.0643340341e-02
     vertex 1.1643749044e-01 2.7486557314e-02 6.5088163541e-02
     vertex 1.1625782206e-01 2.7484378350e-02 6.5083003753e-02
   endloop
 endfacet
 facet normal  -3.0576274571e-02 5.5890068940e-01 8.2867068901e-01
   outer loop
     vertex 1.1625782206e-01 2.7484378350e-02 6.5083003753e-02
     vertex 1.1643749044e-01 2.7486557314e-02 6.5088163541e-02
     vertex 1.1625782206e-01 4.9938631373e-02 4.9938631373e-02
   endloop
 endfacet
 facet normal  -3.0576274571e-02 5.5890068940e-01 8.2867068901e-01
   outer loop
     vertex 1.1643749044e-01 2.7486557314e-02 6.5088163541e-02
     vertex 1.1643749044e-01 4.9942590513e-02 4.9942590513e-02
     vertex 1.1625782206e-01 4.9938631373e-02 4.9938631373e-02
   endloop
 endfacet
 facet normal  -3.0576274571e-02 8.2867068901e-01 5.5890068940e-01
   outer loop
     vertex 1.1625782206e-01 4.9938631373e-02 4.9938631373e-02
     vertex 1.1643749044e-01 4.9942590513e-02 4.9942590513e-02
     vertex 1.1625782206e-01 6.5083003753e-02 2.7484378350e-02
   endloop
 endfacet
 facet normal  -3.0576274571e-02 8.2867068901e-01 5.5890068940e-01
   outer loop
     vertex 1.1643749044e-01 4.9942590513e-02 4.9942590513e-02
     vertex 1.1643749044e-01 6.5088163541e-02 2.7486557314e-02
     vertex 1.1625782206e-01 6.5083003753e-02 2.7484378350e-02
   endloop
 endfacet
 facet normal  -3.0537498420e-02 9.7972470569e-01 1.9800748027e-01
   outer loop
     vertex 1.1625782206e-01 6.5083003753e-02 2.7484378350e-02
     vertex 1.1643749044e-01 6.5088163541e-02 2.7486557314e-02
     vertex 1.1625782206e-01 7.0637740173e-02 0.0000000000e+00
   endloop
 endfacet
 facet normal  -3.0537498420e-02 9.7972470569e-01 1.9800748027e-01
   outer loop
     vertex 1.1643749044e-01 6.5088163541e-02 2.7486557314e-02
     vertex 1.1643749044e-01 7.0643340341e-02 0.0000000000e+00
     vertex 1.1625782206e-01 7.0637740173e-02 0.0000000000e+00
   endloop
 endfacet
 facet normal  -2.5587667060e-02 9.7986091196e-01 -1.9803500827e-01
   outer loop
     vertex 1.1643749044e-01 7.0643340341e-02 0.0000000000e+00
     vertex 1.1661716838e-01 7.0648032373e-02 0.0000000000e+00
     vertex 1.1661716838e-01 6.5092486607e-02 -2.7488382933e-02
   endloop
 endfacet
 facet normal  -2.5587667060e-02 9.7986091196e-01 -1.9803500827e-01
   outer loop
     vertex 1.1643749044e-01 7.0643340341e-02 0.0000000000e+00
     vertex 1.1661716838e-01 6.5092486607e-02 -2.7488382933e-02
     vertex 1.1643749044e-01 6.5088163541e-02 -2.7486557314e-02
   endloop
 endfacet
 facet normal  -2.5620167026e-02 8.2878618781e-01 -5.5897858809e-01
   outer loop
     vertex 1.1643749044e-01 6.5088163541e-02 -2.7486557314e-02
     vertex 1.1661716838e-01 6.5092486607e-02 -2.7488382933e-02
     vertex 1.1661716838e-01 4.9945907631e-02 -4.9945907631e-02
   endloop
 endfacet
 facet normal  -2.5620167026e-02 8.2878618781e-01 -5.5897858809e-01
   outer loop
     vertex 1.1643749044e-01 6.5088163541e-02 -2.7486557314e-02
     vertex 1.1661716838e-01 4.9945907631e-02 -4.9945907631e-02
     vertex 1.1643749044e-01 4.9942590513e-02 -4.9942590513e-02
   endloop
 endfacet
 facet normal  -2.5620167026e-02 5.5897858809e-01 -8.2878618781e-01
   outer loop
     vertex 1.1643749044e-01 4.9942590513e-02 -4.9942590513e-02
     vertex 1.1661716838e-01 4.9945907631e-02 -4.9945907631e-02
     vertex 1.1661716838e-01 2.7488382933e-02 -6.5092486607e-02
   endloop
 endfacet
 facet normal  -2.5620167026e-02 5.5897858809e-01 -8.2878618781e-01
   outer loop
     vertex 1.1643749044e-01 4.9942590513e-02 -4.9942590513e-02
     vertex 1.1661716838e-01 2.7488382933e-02 -6.5092486607e-02
     vertex 1.1643749044e-01 2.7486557314e-02 -6.5088163541e-02
   endloop
 endfacet
 facet normal  -2.5587667060e-02 1.9803500827e-01 -9.7986091196e-01
   outer loop
     vertex 1.1643749044e-01 2.7486557314e-02 -6.5088163541e-02
     vertex 1.1661716838e-01 2.7488382933e-02 -6.5092486607e-02
     vertex 1.1661716838e-01 0.0000000000e+00 -7.0648032373e-02
   endloop
 endfacet
 facet normal  -2.5587667060e-02 1.9803500827e-01 -9.7986091196e-01
   outer loop
     vertex 1.1643749044e-01 2.7486557314e-02 -6.5088163541e-02
     vertex 1.1661716838e-01 0.0000000000e+00 -7.0648032373e-02
     vertex 1.1643749044e-01 0.0000000000e+00 -7.0643340341e-02
   endloop
 endfacet
 facet normal  -2.5587667060e-02 -1.9803500827e-01 -9.7986091196e-01
   outer loop
     vertex 1.1643749044e-01 0.0000000000e+00 -7.0643340341e-02
     vertex 1.1661716838e-01 0.0000000000e+00 -7.0648032373e-02
     vertex 1.1643749044e-01 -2.7486557314e-02 -6.5088163541e-02
   endloop
 endfacet
 facet normal  -2.5587667060e-02 -1.9803500827e-01 -9.7986091196e-01
   outer loop
     vertex 1.1661716838e-01 0.0000000000e+00 -7.0648032373e-02
     vertex 1.1661716838e-01 -2.7488382933e-02 -6.5092486607e-02
     vertex 1.1643749044e-01 -2.7486557314e-02 -6.5088163541e-02
   endloop
 endfacet
 facet normal  -2.5620167026e-02 -5.5897858809e-01 -8.2878618781e-01
   outer loop
     vertex 1.1643749044e-01 -2.7486557314e-02 -6.5088163541e-02
     vertex 1.1661716838e-01 -2.7488382933e-02 -6.5092486607e-02
     vertex 1.1643749044e-01 -4.9942590513e-02 -4.9942590513e-02
   endloop
 endfacet
 facet normal  -2.5620167026e-02 -5.5897858809e-01 -8.2878618781e-01
   outer loop
     vertex 1.1661716838e-01 -2.7488382933e-02 -6.5092486607e-02
     vertex 1.1661716838e-01 -4.9945907631e-02 -4.9945907631e-02
     vertex 1.1643749044e-01 -4.9942590513e-02 -4.9942590513e-02
   endloop
 endfacet
 facet normal  -2.5620167026e-02 -8.2878618781e-01 -5.5897858809e-01
   outer loop
     vertex 1.1643749044e-01 -4.9942590513e-02 -4.9942590513e-02
     vertex 1.1661716838e-01 -4.9945907631e-02 -4.9945907631e-02
     vertex 1.1643749044e-01 -6.5088163541e-02 -2.7486557314e-02
   endloop
 endfacet
 facet normal  -2.5620167026e-02 -8.2878618781e-01 -5.5897858809e-01
   outer loop
     vertex 1.1661716838e-01 -4.9945907631e-02 -4.9945907631e-02
     vertex 1.1661716838e-01 -6.5092486607e-02 -2.7488382933e-02
     vertex 1.1643749044e-01 -6.5088163541e-02 -2.7486557314e-02
   endloop
 endfacet
 facet normal  -2.5587667060e-02 -9.7986091196e-01 -1.9803500827e-01
   outer loop
     vertex 1.1643749044e-01 -6.5088163541e-02 -2.7486557314e-02
     vertex 1.1661716838e-01 -6.5092486607e-02 -2.7488382933e-02
     vertex 1.1643749044e-01 -7.0643340341e-02 0.0000000000e+00
   endloop
 endfacet
 facet normal  -2.5587667060e-02 -9.7986091196e-01 -1.9803500827e-01
   outer loop
     vertex 1.1661716838e-01 -6.5092486607e-02 -2.7488382933e-02
     vertex 1.1661716838e-01 -7.0648032373e-02 0.0000000000e+00
     vertex 1.1643749044e-01 -7.0643340341e-02 0.0000000000e+00
   endloop
 endfacet
 facet normal  -2.5587667060e-02 -9.7986091196e-01 1.9803500827e-01
   outer loop
     vertex 1.1643749044e-01 -7.0643340341e-02 0.0000000000e+00
     vertex 1.1661716838e-01 -7.0648032373e-02 0.0000000000e+00
     vertex 1.1661716838e-01 -6.5092486607e-02 2.7488382933e-02
   endloop
 endfacet
 facet normal  -2.5587667060e-02 -9.7986091196e-01 1.9803500827e-01
   outer loop
     vertex 1.1643749044e-01 -7.0643340341e-02 0.0000000000e+00
     vertex 1.1661716838e-01 -6.5092486607e-02 2.7488382933e-02
     vertex 1.1643749044e-01 -6.5088163541e-02 2.7486557314e-02
   endloop
 endfacet
 facet normal  -2.5620167026e-02 -8.2878618781e-01 5.5897858809e-01
   outer loop
     vertex 1.1643749044e-01 -6.5088163541e-02 2.7486557314e-02
     vertex 1.1661716838e-01 -6.5092486607e-02 2.7488382933e-02
     vertex 1.1661716838e-01 -4.9945907631e-02 4.9945907631e-02
   endloop
 endfacet
 facet normal  -2.5620167026e-02 -8.2878618781e-01 5.5897858809e-01
   outer loop
     vertex 1.1643749044e-01 -6.5088163541e-02 2.7486557314e-02
     vertex 1.1661716838e-01 -4.9945907631e-02 4.9945907631e-02
     vertex 1.1643749044e-01 -4.9942590513e-02 4.9942590513e-02
   endloop
 endfacet
 facet normal  -2.5620167026e-02 -5.5897858809e-01 8.2878618781e-01
   outer loop
     vertex 1.1643749044e-01 -4.9942590513e-02 4.9942590513e-02
     vertex 1.1661716838e-01 -4.9945907631e-02 4.9945907631e-02
     vertex 1.1661716838e-01 -2.7488382933e-02 6.5092486607e-02
   endloop
 endfacet
 facet normal  -2.5620167026e-02 -5.5897858809e-01 8.2878618781e-01
   outer loop
     vertex 1.1643749044e-01 -4.9942590513e-02 4.9942590513e-02
     vertex 1.1661716838e-01 -2.7488382933e-02 6.5092486607e-02
     vertex 1.1643749044e-01 -2.7486557314e-02 6.5088163541e-02
   endloop
 endfacet
 facet normal  -2.5587667060e-02 -1.9803500827e-01 9.7986091196e-01
   outer loop
     vertex 1.1643749044e-01 -2.7486557314e-02 6.5088163541e-02
     vertex 1.1661716838e-01 -2.7488382933e-02 6.5092486607e-02
     vertex 1.1661716838e-01 0.0000000000e+00 7.0648032373e-02
   endloop
 endfacet
 facet normal  -2.5587667060e-02 -1.9803500827e-01 9.7986091196e-01
   outer loop
     vertex 1.1643749044e-01 -2.7486557314e-02 6.5088163541e-02
     vertex 1.1661716838e-01 0.0000000000e+00 7.0648032373e-02
     vertex 1.1643749044e-01 0.0000000000e+00 7.0643340341e-02
   endloop
 endfacet
 facet normal  -2.5587667060e-02 1.9803500827e-01 9.7986091196e-01
   outer loop
     vertex 1.1643749044e-01 0.0000000000e+00 7.0643340341e-02
     vertex 1.1661716838e-01 0.0000000000e+00 7.0648032373e-02
     vertex 1.1643749044e-01 2.7486557314e-02 6.5088163541e-02
   endloop
 endfacet
 facet normal  -2.5587667060e-02 1.9803500827e-01 9.7986091196e-01
   outer loop
     vertex 1.1661716838e-01 0.0000000000e+00 7.0648032373e-02
     vertex 1.1661716838e-01 2.7488382933e-02 6.5092486607e-02
     vertex 1.1643749044e-01 2.7486557314e-02 6.5088163541e-02
   endloop
 endfacet
 facet normal  -2.5620167026e-02 5.5897858809e-01 8.2878618781e-01
   outer loop
     vertex 1.1643749044e-01 2.7486557314e-02 6.5088163541e-02
     vertex 1.1661716838e-01 2.7488382933e-02 6.5092486607e-02
     vertex 1.1643749044e-01 4.9942590513e-02 4.9942590513e-02
   endloop
 endfacet
 facet normal  -2.5620167026e-02 5.5897858809e-01 8.2878618781e-01
   outer loop
     vertex 1.1661716838e-01 2.7488382933e-02 6.5092486607e-02
     vertex 1.1661716838e-01 4.9945907631e-02 4.9945907631e-02
     vertex 1.1643749044e-01 4.9942590513e-02 4.9942590513e-02
   endloop
 endfacet
 facet normal  -2.5620167026e-02 8.2878618781e-01 5.5897858809e-01
   outer loop
     vertex 1.1643749044e-01 4.9942590513e-02 4.9942590513e-02
     vertex 1.1661716838e-01 4.9945907631e-02 4.9945907631e-02
     vertex 1.1643749044e-01 6.5088163541e-02 2.7486557314e-02
   endloop
 endfacet
 facet normal  -2.5620167026e-02 8.2878618781e-01 5.5897858809e-01
   outer loop
     vertex 1.1661716838e-01 4.9945907631e-02 4.9945907631e-02
     vertex 1.1661716838e-01 6.5092486607e-02 2.7488382933e-02
     vertex 1.1643749044e-01 6.5088163541e-02 2.7486557314e-02
   endloop
 endfacet
 facet normal  -2.5587667060e-02 9.7986091196e-01 1.9803500827e-01
   outer loop
     vertex 1.1643749044e-01 6.5088163541e-02 2.7486557314e-02
     vertex 1.1661716838e-01 6.5092486607e-02 2.7488382933e-02
     vertex 1.1643749044e-01 7.0643340341e-02 0.0000000000e+00
   endloop
 endfacet
 facet normal  -2.5587667060e-02 9.7986091196e-01 1.9803500827e-01
   outer loop
     vertex 1.1661716838e-01 6.5092486607e-02 2.7488382933e-02
     vertex 1.1661716838e-01 7.0648032373e-02 0.0000000000e+00
     vertex 1.1643749044e-01 7.0643340341e-02 0.0000000000e+00
   endloop
 endfacet
 facet normal  -1.0731495250e-02 9.8012539816e-01 -1.9808846231e-01
   outer loop
     vertex 1.1661716838e-01 7.0648032373e-02 0.0000000000e+00
     vertex 1.1679687500e-01 7.0650000000e-02 0.0000000000e+00
     vertex 1.1679687500e-01 6.5094299505e-02 -2.7489148515e-02
   endloop
 endfacet
 facet normal  -1.0731495250e-02 9.8012539816e-01 -1.9808846231e-01
   outer loop
     vertex 1.1661716838e-01 7.0648032373e-02 0.0000000000e+00
     vertex 1.1679687500e-01 6.5094299505e-02 -2.7489148515e-02
     vertex 1.1661716838e-01 6.5092486607e-02 -2.7488382933e-02
   endloop
 endfacet
 facet normal  -1.0745133145e-02 8.2901046445e-01 -5.5912985249e-01
   outer loop
     vertex 1.1661716838e-01 6.5092486607e-02 -2.7488382933e-02
     vertex 1.1679687500e-01 6.5094299505e-02 -2.7489148515e-02
     vertex 1.1679687500e-01 4.9947298680e-02 -4.9947298680e-02
   endloop
 endfacet
 facet normal  -1.0745133145e-02 8.2901046445e-01 -5.5912985249e-01
   outer loop
     vertex 1.1661716838e-01 6.5092486607e-02 -2.7488382933e-02
     vertex 1.1679687500e-01 4.9947298680e-02 -4.9947298680e-02
     vertex 1.1661716838e-01 4.9945907631e-02 -4.9945907631e-02
   endloop
 endfacet
 facet normal  -1.0745133145e-02 5.5912985249e-01 -8.2901046445e-01
   outer loop
     vertex 1.1661716838e-01 4.9945907631e-02 -4.9945907631e-02
     vertex 1.1679687500e-01 4.9947298680e-02 -4.9947298680e-02
     vertex 1.1679687500e-01 2.7489148515e-02 -6.5094299505e-02
   endloop
 endfacet
 facet normal  -1.0745133145e-02 5.5912985249e-01 -8.2901046445e-01
   outer loop
     vertex 1.1661716838e-01 4.9945907631e-02 -4.9945907631e-02
     vertex 1.1679687500e-01 2.7489148515e-02 -6.5094299505e-02
     vertex 1.1661716838e-01 2.7488382933e-02 -6.5092486607e-02
   endloop
 endfacet
 facet normal  -1.0731495250e-02 1.9808846231e-01 -9.8012539816e-01
   outer loop
     vertex 1.1661716838e-01 2.7488382933e-02 -6.5092486607e-02
     vertex 1.1679687500e-01 2.7489148515e-02 -6.5094299505e-02
     vertex 1.1679687500e-01 0.0000000000e+00 -7.0650000000e-02
   endloop
 endfacet
 facet normal  -1.0731495250e-02 1.9808846231e-01 -9.8012539816e-01
   outer loop
     vertex 1.1661716838e-01 2.7488382933e-02 -6.5092486607e-02
     vertex 1.1679687500e-01 0.0000000000e+00 -7.0650000000e-02
     vertex 1.1661716838e-01 0.0000000000e+00 -7.0648032373e-02
   endloop
 endfacet
 facet normal  -1.0731495250e-02 -1.9808846231e-01 -9.8012539816e-01
   outer loop
     vertex 1.1661716838e-01 0.0000000000e+00 -7.0648032373e-02
     vertex 1.1679687500e-01 0.0000000000e+00 -7.0650000000e-02
     vertex 1.1661716838e-01 -2.7488382933e-02 -6.5092486607e-02
   endloop
 endfacet
 facet normal  -1.0731495250e-02 -1.9808846231e-01 -9.8012539816e-01
   outer loop
     vertex 1.1679687500e-01 0.0000000000e+00 -7.0650000000e-02
     vertex 1.1679687500e-01 -2.7489148515e-02 -6.5094299505e-02
     vertex 1.1661716838e-01 -2.7488382933e-02 -6.5092486607e-02
   endloop
 endfacet
 facet normal  -1.0745133145e-02 -5.5912985249e-01 -8.2901046445e-01
   outer loop
     vertex 1.1661716838e-01 -2.7488382933e-02 -6.5092486607e-02
     vertex 1.1679687500e-01 -2.7489148515e-02 -6.5094299505e-02
     vertex 1.1661716838e-01 -4.9945907631e-02 -4.9945907631e-02
   endloop
 endfacet
 facet normal  -1.0745133145e-02 -5.5912985249e-01 -8.2901046445e-01
   outer loop
     vertex 1.1679687500e-01 -2.7489148515e-02 -6.5094299505e-02
     vertex 1.1679687500e-01 -4.9947298680e-02 -4.9947298680e-02
     vertex 1.1661716838e-01 -4.9945907631e-02 -4.9945907631e-02
   endloop
 endfacet
 facet normal  -1.0745133145e-02 -8.2901046445e-01 -5.5912985249e-01
   outer loop
     vertex 1.1661716838e-01 -4.9945907631e-02 -4.9945907631e-02
     vertex 1.1679687500e-01 -4.9947298680e-02 -4.9947298680e-02
     vertex 1.1661716838e-01 -6.5092486607e-02 -2.7488382933e-02
   endloop
 endfacet
 facet normal  -1.0745133145e-02 -8.2901046445e-01 -5.5912985249e-01
   outer loop
     vertex 1.1679687500e-01 -4.9947298680e-02 -4.9947298680e-02
     vertex 1.1679687500e-01 -6.5094299505e-02 -2.7489148515e-02
     vertex 1.1661716838e-01 -6.5092486607e-02 -2.7488382933e-02
   endloop
 endfacet
 facet normal  -1.0731495250e-02 -9.8012539816e-01 -1.9808846231e-01
   outer loop
     vertex 1.1661716838e-01 -6.5092486607e-02 -2.7488382933e-02
     vertex 1.1679687500e-01 -6.5094299505e-02 -2.7489148515e-02
     vertex 1.1661716838e-01 -7.0648032373e-02 0.0000000000e+00
   endloop
 endfacet
 facet normal  -1.0731495250e-02 -9.8012539816e-01 -1.9808846231e-01
   outer loop
     vertex 1.1679687500e-01 -6.5094299505e-02 -2.7489148515e-02
     vertex 1.1679687500e-01 -7.0650000000e-02 0.0000000000e+00
     vertex 1.1661716838e-01 -7.0648032373e-02 0.0000000000e+00
   endloop
 endfacet
 facet normal  -1.0731495250e-02 -9.8012539816e-01 1.9808846231e-01
   outer loop
     vertex 1.1661716838e-01 -7.0648032373e-02 0.0000000000e+00
     vertex 1.1679687500e-01 -7.0650000000e-02 0.0000000000e+00
     vertex 1.1679687500e-01 -6.5094299505e-02 2.7489148515e-02
   endloop
 endfacet
 facet normal  -1.0731495250e-02 -9.8012539816e-01 1.9808846231e-01
   outer loop
     vertex 1.1661716838e-01 -7.0648032373e-02 0.0000000000e+00
     vertex 1.1679687500e-01 -6.5094299505e-02 2.7489148515e-02
     vertex 1.1661716838e-01 -6.5092486607e-02 2.7488382933e-02
   endloop
 endfacet
 facet normal  -1.0745133145e-02 -8.2901046445e-01 5.5912985249e-01
   outer loop
     vertex 1.1661716838e-01 -6.5092486607e-02 2.7488382933e-02
     vertex 1.1679687500e-01 -6.5094299505e-02 2.7489148515e-02
     vertex 1.1679687500e-01 -4.9947298680e-02 4.9947298680e-02
   endloop
 endfacet
 facet normal  -1.0745133145e-02 -8.2901046445e-01 5.5912985249e-01
   outer loop
     vertex 1.1661716838e-01 -6.5092486607e-02 2.7488382933e-02
     vertex 1.1679687500e-01 -4.9947298680e-02 4.9947298680e-02
     vertex 1.1661716838e-01 -4.9945907631e-02 4.9945907631e-02
   endloop
 endfacet
 facet normal  -1.0745133145e-02 -5.5912985249e-01 8.2901046445e-01
   outer loop
     vertex 1.1661716838e-01 -4.9945907631e-02 4.9945907631e-02
     vertex 1.1679687500e-01 -4.9947298680e-02 4.9947298680e-02
     vertex 1.1679687500e-01 -2.7489148515e-02 6.5094299505e-02
   endloop
 endfacet
 facet normal  -1.0745133145e-02 -5.5912985249e-01 8.2901046445e-01
   outer loop
     vertex 1.1661716838e-01 -4.9945907631e-02 4.9945907631e-02
     vertex 1.1679687500e-01 -2.7489148515e-02 6.5094299505e-02
     vertex 1.1661716838e-01 -2.7488382933e-02 6.5092486607e-02
   endloop
 endfacet
 facet normal  -1.0731495250e-02 -1.9808846231e-01 9.8012539816e-01
   outer loop
     vertex 1.1661716838e-01 -2.7488382933e-02 6.5092486607e-02
     vertex 1.1679687500e-01 -2.7489148515e-02 6.5094299505e-02
     vertex 1.1679687500e-01 0.0000000000e+00 7.0650000000e-02
   endloop
 endfacet
 facet normal  -1.0731495250e-02 -1.9808846231e-01 9.8012539816e-01
   outer loop
     vertex 1.1661716838e-01 -2.7488382933e-02 6.5092486607e-02
     vertex 1.1679687500e-01 0.0000000000e+00 7.0650000000e-02
     vertex 1.1661716838e-01 0.0000000000e+00 7.0648032373e-02
   endloop
 endfacet
 facet normal  -1.0731495250e-02 1.9808846231e-01 9.8012539816e-01
   outer loop
     vertex 1.1661716838e-01 0.0000000000e+00 7.0648032373e-02
     vertex 1.1679687500e-01 0.0000000000e+00 7.0650000000e-02
     vertex 1.1661716838e-01 2.7488382933e-02 6.5092486607e-02
   endloop
 endfacet
 facet normal  -1.0731495250e-02 1.9808846231e-01 9.8012539816e-01
   outer loop
     vertex 1.1679687500e-01 0.0000000000e+00 7.0650000000e-02
     vertex 1.1679687500e-01 2.7489148515e-02 6.5094299505e-02
     vertex 1.1661716838e-01 2.7488382933e-02 6.5092486607e-02
   endloop
 endfacet
 facet normal  -1.0745133145e-02 5.5912985249e-01 8.2901046445e-01
   outer loop
     vertex 1.1661716838e-01 2.7488382933e-02 6.5092486607e-02
     vertex 1.1679687500e-01 2.7489148515e-02 6.5094299505e-02
     vertex 1.1661716838e-01 4.9945907631e-02 4.9945907631e-02
   endloop
 endfacet
 facet normal  -1.0745133145e-02 5.5912985249e-01 8.2901046445e-01
   outer loop
     vertex 1.1679687500e-01 2.7489148515e-02 6.5094299505e-02
     vertex 1.1679687500e-01 4.9947298680e-02 4.9947298680e-02
     vertex 1.1661716838e-01 4.9945907631e-02 4.9945907631e-02
   endloop
 endfacet
 facet normal  -1.0745133145e-02 8.2901046445e-01 5.5912985249e-01
   outer loop
     vertex 1.1661716838e-01 4.9945907631e-02 4.9945907631e-02
     vertex 1.1679687500e-01 4.9947298680e-02 4.9947298680e-02
     vertex 1.1661716838e-01 6.5092486607e-02 2.7488382933e-02
   endloop
 endfacet
 facet normal  -1.0745133145e-02 8.2901046445e-01 5.5912985249e-01
   outer loop
     vertex 1.1679687500e-01 4.9947298680e-02 4.9947298680e-02
     vertex 1.1679687500e-01 6.5094299505e-02 2.7489148515e-02
     vertex 1.1661716838e-01 6.5092486607e-02 2.7488382933e-02
   endloop
 endfacet
 facet normal  -1.0731495250e-02 9.8012539816e-01 1.9808846231e-01
   outer loop
     vertex 1.1661716838e-01 6.5092486607e-02 2.7488382933e-02
     vertex 1.1679687500e-01 6.5094299505e-02 2.7489148515e-02
     vertex 1.1661716838e-01 7.0648032373e-02 0.0000000000e+00
   endloop
 endfacet
 facet normal  -1.0731495250e-02 9.8012539816e-01 1.9808846231e-01
   outer loop
     vertex 1.1679687500e-01 6.5094299505e-02 2.7489148515e-02
     vertex 1.1679687500e-01 7.0650000000e-02 0.0000000000e+00
     vertex 1.1661716838e-01 7.0648032373e-02 0.0000000000e+00
   endloop
 endfacet
 facet normal  0.0000000000e+00 9.8018184110e-01 -1.9809986972e-01
   outer loop
     vertex 1.1679687500e-01 7.0650000000e-02 0.0000000000e+00
     vertex 1.1704127550e-01 7.0650000000e-02 0.0000000000e+00
     vertex 1.1704127550e-01 6.5094299505e-02 -2.7489148515e-02
   endloop
 endfacet
 facet normal  0.0000000000e+00 9.8018184110e-01 -1.9809986972e-01
   outer loop
     vertex 1.1679687500e-01 7.0650000000e-02 0.0000000000e+00
     vertex 1.1704127550e-01 6.5094299505e-02 -2.7489148515e-02
     vertex 1.1679687500e-01 6.5094299505e-02 -2.7489148515e-02
   endloop
 endfacet
 facet normal  0.0000000000e+00 8.2905832649e-01 -5.5916213326e-01
   outer loop
     vertex 1.1679687500e-01 6.5094299505e-02 -2.7489148515e-02
     vertex 1.1704127550e-01 6.5094299505e-02 -2.7489148515e-02
     vertex 1.1704127550e-01 4.9947298680e-02 -4.9947298680e-02
   endloop
 endfacet
 facet normal  0.0000000000e+00 8.2905832649e-01 -5.5916213326e-01
   outer loop
     vertex 1.1679687500e-01 6.5094299505e-02 -2.7489148515e-02
     vertex 1.1704127550e-01 4.9947298680e-02 -4.9947298680e-02
     vertex 1.1679687500e-01 4.9947298680e-02 -4.9947298680e-02
   endloop
 endfacet
 facet normal  0.0000000000e+00 5.5916213326e-01 -8.2905832649e-01
   outer loop
     vertex 1.1679687500e-01 4.9947298680e-02 -4.9947298680e-02
     vertex 1.1704127550e-01 4.9947298680e-02 -4.9947298680e-02
     vertex 1.1704127550e-01 2.7489148515e-02 -6.5094299505e-02
   endloop
 endfacet
 facet normal  0.0000000000e+00 5.5916213326e-01 -8.2905832649e-01
   outer loop
     vertex 1.1679687500e-01 4.9947298680e-02 -4.9947298680e-02
     vertex 1.1704127550e-01 2.7489148515e-02 -6.5094299505e-02
     vertex 1.1679687500e-01 2.7489148515e-02 -6.5094299505e-02
   endloop
 endfacet
 facet normal  0.0000000000e+00 1.9809986972e-01 -9.8018184110e-01
   outer loop
     vertex 1.1679687500e-01 2.7489148515e-02 -6.5094299505e-02
     vertex 1.1704127550e-01 2.7489148515e-02 -6.5094299505e-02
     vertex 1.1704127550e-01 0.0000000000e+00 -7.0650000000e-02
   endloop
 endfacet
 facet normal  0.0000000000e+00 1.9809986972e-01 -9.8018184110e-01
   outer loop
     vertex 1.1679687500e-01 2.7489148515e-02 -6.5094299505e-02
     vertex 1.1704127550e-01 0.0000000000e+00 -7.0650000000e-02
     vertex 1.1679687500e-01 0.0000000000e+00 -7.0650000000e-02
   endloop
 endfacet
 facet normal  -0.0000000000e+00 -1.9809986972e-01 -9.8018184110e-01
   outer loop
     vertex 1.1679687500e-01 0.0000000000e+00 -7.0650000000e-02
     vertex 1.1704127550e-01 0.0000000000e+00 -7.0650000000e-02
     vertex 1.1679687500e-01 -2.7489148515e-02 -6.5094299505e-02
   endloop
 endfacet
 facet normal  -0.0000000000e+00 -1.9809986972e-01 -9.8018184110e-01
   outer loop
     vertex 1.1704127550e-01 0.0000000000e+00 -7.0650000000e-02
     vertex 1.1704127550e-01 -2.7489148515e-02 -6.5094299505e-02
     vertex 1.1679687500e-01 -2.7489148515e-02 -6.5094299505e-02
   endloop
 endfacet
 facet normal  -0.0000000000e+00 -5.5916213326e-01 -8.2905832649e-01
   outer loop
     vertex 1.1679687500e-01 -2.7489148515e-02 -6.5094299505e-02
     vertex 1.1704127550e-01 -2.7489148515e-02 -6.5094299505e-02
     vertex 1.1679687500e-01 -4.9947298680e-02 -4.9947298680e-02
   endloop
 endfacet
 facet normal  -0.0000000000e+00 -5.5916213326e-01 -8.2905832649e-01
   outer loop
     vertex 1.1704127550e-01 -2.7489148515e-02 -6.5094299505e-02
     vertex 1.1704127550e-01 -4.9947298680e-02 -4.9947298680e-02
     vertex 1.1679687500e-01 -4.9947298680e-02 -4.9947298680e-02
   endloop
 endfacet
 facet normal  -0.0000000000e+00 -8.2905832649e-01 -5.5916213326e-01
   outer loop
     vertex 1.1679687500e-01 -4.9947298680e-02 -4.9947298680e-02
     vertex 1.1704127550e-01 -4.9947298680e-02 -4.9947298680e-02
     vertex 1.1679687500e-01 -6.5094299505e-02 -2.7489148515e-02
   endloop
 endfacet
 facet normal  -0.0000000000e+00 -8.2905832649e-01 -5.5916213326e-01
   outer loop
     vertex 1.1704127550e-01 -4.9947298680e-02 -4.9947298680e-02
     vertex 1.1704127550e-01 -6.5094299505e-02 -2.7489148515e-02
     vertex 1.1679687500e-01 -6.5094299505e-02 -2.7489148515e-02
   endloop
 endfacet
 facet normal  -0.0000000000e+00 -9.8018184110e-01 -1.9809986972e-01
   outer loop
     vertex 1.1679687500e-01 -6.5094299505e-02 -2.7489148515e-02
     vertex 1.1704127550e-01 -6.5094299505e-02 -2.7489148515e-02
     vertex 1.1679687500e-01 -7.0650000000e-02 0.0000000000e+00
   endloop
 endfacet
 facet normal  -0.0000000000e+00 -9.8018184110e-01 -1.9809986972e-01
   outer loop
     vertex 1.1704127550e-01 -6.5094299505e-02 -2.7489148515e-02
     vertex 1.1704127550e-01 -7.0650000000e-02 0.0000000000e+00
     vertex 1.1679687500e-01 -7.0650000000e-02 0.0000000000e+00
   endloop
 endfacet
 facet normal  0.0000000000e+00 -9.8018184110e-01 1.9809986972e-01
   outer loop
     vertex 1.1679687500e-01 -7.0650000000e-02 0.0000000000e+00
     vertex 1.1704127550e-01 -7.0650000000e-02 0.0000000000e+00
     vertex 1.1704127550e-01 -6.5094299505e-02 2.7489148515e-02
   endloop
 endfacet
 facet normal  0.0000000000e+00 -9.8018184110e-01 1.9809986972e-01
   outer loop
     vertex 1.1679687500e-01 -7.0650000000e-02 0.0000000000e+00
     vertex 1.1704127550e-01 -6.5094299505e-02 2.7489148515e-02
     vertex 1.1679687500e-01 -6.5094299505e-02 2.7489148515e-02
   endloop
 endfacet
 facet normal  0.0000000000e+00 -8.2905832649e-01 5.5916213326e-01
   outer loop
     vertex 1.1679687500e-01 -6.5094299505e-02 2.7489148515e-02
     vertex 1.1704127550e-01 -6.5094299505e-02 2.7489148515e-02
     vertex 1.1704127550e-01 -4.9947298680e-02 4.9947298680e-02
   endloop
 endfacet
 facet normal  0.0000000000e+00 -8.2905832649e-01 5.5916213326e-01
   outer loop
     vertex 1.1679687500e-01 -6.5094299505e-02 2.7489148515e-02
     vertex 1.1704127550e-01 -4.9947298680e-02 4.9947298680e-02
     vertex 1.1679687500e-01 -4.9947298680e-02 4.9947298680e-02
   endloop
 endfacet
 facet normal  0.0000000000e+00 -5.5916213326e-01 8.2905832649e-01
   outer loop
     vertex 1.1679687500e-01 -4.9947298680e-02 4.9947298680e-02
     vertex 1.1704127550e-01 -4.9947298680e-02 4.9947298680e-02
     vertex 1.1704127550e-01 -2.7489148515e-02 6.5094299505e-02
   endloop
 endfacet
 facet normal  0.0000000000e+00 -5.5916213326e-01 8.2905832649e-01
   outer loop
     vertex 1.1679687500e-01 -4.9947298680e-02 4.9947298680e-02
     vertex 1.1704127550e-01 -2.7489148515e-02 6.5094299505e-02
     vertex 1.1679687500e-01 -2.7489148515e-02 6.5094299505e-02
   endloop
 endfacet
 facet normal  0.0000000000e+00 -1.9809986972e-01 9.8018184110e-01
   outer loop
     vertex 1.1679687500e-01 -2.7489148515e-02 6.5094299505e-02
     vertex 1.1704127550e-01 -2.7489148515e-02 6.5094299505e-02
     vertex 1.1704127550e-01 0.0000000000e+00 7.0650000000e-02
   endloop
 endfacet
 facet normal  0.0000000000e+00 -1.9809986972e-01 9.8018184110e-01
   outer loop
     vertex 1.1679687500e-01 -2.7489148515e-02 6.5094299505e-02
     vertex 1.1704127550e-01 0.0000000000e+00 7.0650000000e-02
     vertex 1.1679687500e-01 0.0000000000e+00 7.0650000000e-02
   endloop
 endfacet
 facet normal  0.0000000000e+00 1.9809986972e-01 9.8018184110e-01
   outer loop
     vertex 1.1679687500e-01 0.0000000000e+00 7.0650000000e-02
     vertex 1.1704127550e-01 0.0000000000e+00 7.0650000000e-02
     vertex 1.1679687500e-01 2.7489148515e-02 6.5094299505e-02
   endloop
 endfacet
 facet normal  0.0000000000e+00 1.9809986972e-01 9.8018184110e-01
   outer loop
     vertex 1.1704127550e-01 0.0000000000e+00 7.0650000000e-02
     vertex 1.1704127550e-01 2.7489148515e-02 6.5094299505e-02
     vertex 1.1679687500e-01 2.7489148515e-02 6.5094299505e-02
   endloop
 endfacet
 facet normal  0.0000000000e+00 5.5916213326e-01 8.2905832649e-01
   outer loop
     vertex 1.1679687500e-01 2.7489148515e-02 6.5094299505e-02
     vertex 1.1704127550e-01 2.7489148515e-02 6.5094299505e-02
     vertex 1.1679687500e-01 4.9947298680e-02 4.9947298680e-02
   endloop
 endfacet
 facet normal  0.0000000000e+00 5.5916213326e-01 8.2905832649e-01
   outer loop
     vertex 1.1704127550e-01 2.7489148515e-02 6.5094299505e-02
     vertex 1.1704127550e-01 4.9947298680e-02 4.9947298680e-02
     vertex 1.1679687500e-01 4.9947298680e-02 4.9947298680e-02
   endloop
 endfacet
 facet normal  0.0000000000e+00 8.2905832649e-01 5.5916213326e-01
   outer loop
     vertex 1.1679687500e-01 4.9947298680e-02 4.9947298680e-02
     vertex 1.1704127550e-01 4.9947298680e-02 4.9947298680e-02
     vertex 1.1679687500e-01 6.5094299505e-02 2.7489148515e-02
   endloop
 endfacet
 facet normal  0.0000000000e+00 8.2905832649e-01 5.5916213326e-01
   outer loop
     vertex 1.1704127550e-01 4.9947298680e-02 4.9947298680e-02
     vertex 1.1704127550e-01 6.5094299505e-02 2.7489148515e-02
     vertex 1.1679687500e-01 6.5094299505e-02 2.7489148515e-02
   endloop
 endfacet
 facet normal  0.0000000000e+00 9.8018184110e-01 1.9809986972e-01
   outer loop
     vertex 1.1679687500e-01 6.5094299505e-02 2.7489148515e-02
     vertex 1.1704127550e-01 6.5094299505e-02 2.7489148515e-02
     vertex 1.1679687500e-01 7.0650000000e-02 0.0000000000e+00
   endloop
 endfacet
 facet normal  0.0000000000e+00 9.8018184110e-01 1.9809986972e-01
   outer loop
     vertex 1.1704127550e-01 6.5094299505e-02 2.7489148515e-02
     vertex 1.1704127550e-01 7.0650000000e-02 0.0000000000e+00
     vertex 1.1679687500e-01 7.0650000000e-02 0.0000000000e+00
   endloop
 endfacet
 facet normal  0.0000000000e+00 9.8018184110e-01 -1.9809986972e-01
   outer loop
     vertex 1.1704127550e-01 7.0650000000e-02 0.0000000000e+00
     vertex 1.1738627868e-01 7.0650000000e-02 0.0000000000e+00
     vertex 1.1738627868e-01 6.5094299505e-02 -2.7489148515e-02
   endloop
 endfacet
 facet normal  0.0000000000e+00 9.8018184110e-01 -1.9809986972e-01
   outer loop
     vertex 1.1704127550e-01 7.0650000000e-02 0.0000000000e+00
     vertex 1.1738627868e-01 6.5094299505e-02 -2.7489148515e-02
     vertex 1.1704127550e-01 6.5094299505e-02 -2.7489148515e-02
   endloop
 endfacet
 facet normal  0.0000000000e+00 8.2905832649e-01 -5.5916213326e-01
   outer loop
     vertex 1.1704127550e-01 6.5094299505e-02 -2.7489148515e-02
     vertex 1.1738627868e-01 6.5094299505e-02 -2.7489148515e-02
     vertex 1.1738627868e-01 4.9947298680e-02 -4.9947298680e-02
   endloop
 endfacet
 facet normal  2.7920653636e-14 8.2905832649e-01 -5.5916213326e-01
   outer loop
     vertex 1.1704127550e-01 6.5094299505e-02 -2.7489148515e-02
     vertex 1.1738627868e-01 4.9947298680e-02 -4.9947298680e-02
     vertex 1.1704127550e-01 4.9947298680e-02 -4.9947298680e-02
   endloop
 endfacet
 facet normal  2.7920653636e-14 5.5916213326e-01 -8.2905832649e-01
   outer loop
     vertex 1.1704127550e-01 4.9947298680e-02 -4.9947298680e-02
     vertex 1.1738627868e-01 4.9947298680e-02 -4.9947298680e-02
     vertex 1.1738627868e-01 2.7489148515e-02 -6.5094299505e-02
   endloop
 endfacet
 facet normal  0.0000000000e+00 5.5916213326e-01 -8.2905832649e-01
   outer loop
     vertex 1.1704127550e-01 4.9947298680e-02 -4.9947298680e-02
     vertex 1.1738627868e-01 2.7489148515e-02 -6.5094299505e-02
     vertex 1.1704127550e-01 2.7489148515e-02 -6.5094299505e-02
   endloop
 endfacet
 facet normal  0.0000000000e+00 1.9809986972e-01 -9.8018184110e-01
   outer loop
     vertex 1.1704127550e-01 2.7489148515e-02 -6.5094299505e-02
     vertex 1.1738627868e-01 2.7489148515e-02 -6.5094299505e-02
     vertex 1.1738627868e-01 0.0000000000e+00 -7.0650000000e-02
   endloop
 endfacet
 facet normal  0.0000000000e+00 1.9809986972e-01 -9.8018184110e-01
   outer loop
     vertex 1.1704127550e-01 2.7489148515e-02 -6.5094299505e-02
     vertex 1.1738627868e-01 0.0000000000e+00 -7.0650000000e-02
     vertex 1.1704127550e-01 0.0000000000e+00 -7.0650000000e-02
   endloop
 endfacet
 facet normal  -0.0000000000e+00 -1.9809986972e-01 -9.8018184110e-01
   outer loop
     vertex 1.1704127550e-01 0.0000000000e+00 -7.0650000000e-02
     vertex 1.1738627868e-01 0.0000000000e+00 -7.0650000000e-02
     vertex 1.1704127550e-01 -2.7489148515e-02 -6.5094299505e-02
   endloop
 endfacet
 facet normal  1.9921467837e-15 -1.9809986972e-01 -9.8018184110e-01
   outer loop
     vertex 1.1738627868e-01 0.0000000000e+00 -7.0650000000e-02
     vertex 1.1738627868e-01 -2.7489148515e-02 -6.5094299505e-02
     vertex 1.1704127550e-01 -2.7489148515e-02 -6.5094299505e-02
   endloop
 endfacet
 facet normal  5.6230882275e-15 -5.5916213326e-01 -8.2905832649e-01
   outer loop
     vertex 1.1704127550e-01 -2.7489148515e-02 -6.5094299505e-02
     vertex 1.1738627868e-01 -2.7489148515e-02 -6.5094299505e-02
     vertex 1.1704127550e-01 -4.9947298680e-02 -4.9947298680e-02
   endloop
 endfacet
 facet normal  1.6674477181e-14 -5.5916213326e-01 -8.2905832649e-01
   outer loop
     vertex 1.1738627868e-01 -2.7489148515e-02 -6.5094299505e-02
     vertex 1.1738627868e-01 -4.9947298680e-02 -4.9947298680e-02
     vertex 1.1704127550e-01 -4.9947298680e-02 -4.9947298680e-02
   endloop
 endfacet
 facet normal  1.1246176455e-14 -8.2905832649e-01 -5.5916213326e-01
   outer loop
     vertex 1.1704127550e-01 -4.9947298680e-02 -4.9947298680e-02
     vertex 1.1738627868e-01 -4.9947298680e-02 -4.9947298680e-02
     vertex 1.1704127550e-01 -6.5094299505e-02 -2.7489148515e-02
   endloop
 endfacet
 facet normal  -0.0000000000e+00 -8.2905832649e-01 -5.5916213326e-01
   outer loop
     vertex 1.1738627868e-01 -4.9947298680e-02 -4.9947298680e-02
     vertex 1.1738627868e-01 -6.5094299505e-02 -2.7489148515e-02
     vertex 1.1704127550e-01 -6.5094299505e-02 -2.7489148515e-02
   endloop
 endfacet
 facet normal  -0.0000000000e+00 -9.8018184110e-01 -1.9809986972e-01
   outer loop
     vertex 1.1704127550e-01 -6.5094299505e-02 -2.7489148515e-02
     vertex 1.1738627868e-01 -6.5094299505e-02 -2.7489148515e-02
     vertex 1.1704127550e-01 -7.0650000000e-02 0.0000000000e+00
   endloop
 endfacet
 facet normal  -0.0000000000e+00 -9.8018184110e-01 -1.9809986972e-01
   outer loop
     vertex 1.1738627868e-01 -6.5094299505e-02 -2.7489148515e-02
     vertex 1.1738627868e-01 -7.0650000000e-02 0.0000000000e+00
     vertex 1.1704127550e-01 -7.0650000000e-02 0.0000000000e+00
   endloop
 endfacet
 facet normal  0.0000000000e+00 -9.8018184110e-01 1.9809986972e-01
   outer loop
     vertex 1.1704127550e-01 -7.0650000000e-02 0.0000000000e+00
     vertex 1.1738627868e-01 -7.0650000000e-02 0.0000000000e+00
     vertex 1.1738627868e-01 -6.5094299505e-02 2.7489148515e-02
   endloop
 endfacet
 facet normal  0.0000000000e+00 -9.8018184110e-01 1.9809986972e-01
   outer loop
     vertex 1.1704127550e-01 -7.0650000000e-02 0.0000000000e+00
     vertex 1.1738627868e-01 -6.5094299505e-02 2.7489148515e-02
     vertex 1.1704127550e-01 -6.5094299505e-02 2.7489148515e-02
   endloop
 endfacet
 facet normal  0.0000000000e+00 -8.2905832649e-01 5.5916213326e-01
   outer loop
     vertex 1.1704127550e-01 -6.5094299505e-02 2.7489148515e-02
     vertex 1.1738627868e-01 -6.5094299505e-02 2.7489148515e-02
     vertex 1.1738627868e-01 -4.9947298680e-02 4.9947298680e-02
   endloop
 endfacet
 facet normal  1.1246176455e-14 -8.2905832649e-01 5.5916213326e-01
   outer loop
     vertex 1.1704127550e-01 -6.5094299505e-02 2.7489148515e-02
     vertex 1.1738627868e-01 -4.9947298680e-02 4.9947298680e-02
     vertex 1.1704127550e-01 -4.9947298680e-02 4.9947298680e-02
   endloop
 endfacet
 facet normal  1.6674477181e-14 -5.5916213326e-01 8.2905832649e-01
   outer loop
     vertex 1.1704127550e-01 -4.9947298680e-02 4.9947298680e-02
     vertex 1.1738627868e-01 -4.9947298680e-02 4.9947298680e-02
     vertex 1.1738627868e-01 -2.7489148515e-02 6.5094299505e-02
   endloop
 endfacet
 facet normal  5.6230882275e-15 -5.5916213326e-01 8.2905832649e-01
   outer loop
     vertex 1.1704127550e-01 -4.9947298680e-02 4.9947298680e-02
     vertex 1.1738627868e-01 -2.7489148515e-02 6.5094299505e-02
     vertex 1.1704127550e-01 -2.7489148515e-02 6.5094299505e-02
   endloop
 endfacet
 facet normal  1.9921467837e-15 -1.9809986972e-01 9.8018184110e-01
   outer loop
     vertex 1.1704127550e-01 -2.7489148515e-02 6.5094299505e-02
     vertex 1.1738627868e-01 -2.7489148515e-02 6.5094299505e-02
     vertex 1.1738627868e-01 0.0000000000e+00 7.0650000000e-02
   endloop
 endfacet
 facet normal  0.0000000000e+00 -1.9809986972e-01 9.8018184110e-01
   outer loop
     vertex 1.1704127550e-01 -2.7489148515e-02 6.5094299505e-02
     vertex 1.1738627868e-01 0.0000000000e+00 7.0650000000e-02
     vertex 1.1704127550e-01 0.0000000000e+00 7.0650000000e-02
   endloop
 endfacet
 facet normal  0.0000000000e+00 1.9809986972e-01 9.8018184110e-01
   outer loop
     vertex 1.1704127550e-01 0.0000000000e+00 7.0650000000e-02
     vertex 1.1738627868e-01 0.0000000000e+00 7.0650000000e-02
     vertex 1.1704127550e-01 2.7489148515e-02 6.5094299505e-02
   endloop
 endfacet
 facet normal  0.0000000000e+00 1.9809986972e-01 9.8018184110e-01
   outer loop
     vertex 1.1738627868e-01 0.0000000000e+00 7.0650000000e-02
     vertex 1.1738627868e-01 2.7489148515e-02 6.5094299505e-02
     vertex 1.1704127550e-01 2.7489148515e-02 6.5094299505e-02
   endloop
 endfacet
 facet normal  0.0000000000e+00 5.5916213326e-01 8.2905832649e-01
   outer loop
     vertex 1.1704127550e-01 2.7489148515e-02 6.5094299505e-02
     vertex 1.1738627868e-01 2.7489148515e-02 6.5094299505e-02
     vertex 1.1704127550e-01 4.9947298680e-02 4.9947298680e-02
   endloop
 endfacet
 facet normal  2.7920653636e-14 5.5916213326e-01 8.2905832649e-01
   outer loop
     vertex 1.1738627868e-01 2.7489148515e-02 6.5094299505e-02
     vertex 1.1738627868e-01 4.9947298680e-02 4.9947298680e-02
     vertex 1.1704127550e-01 4.9947298680e-02 4.9947298680e-02
   endloop
 endfacet
 facet normal  2.7920653636e-14 8.2905832649e-01 5.5916213326e-01
   outer loop
     vertex 1.1704127550e-01 4.9947298680e-02 4.9947298680e-02
     vertex 1.1738627868e-01 4.9947298680e-02 4.9947298680e-02
     vertex 1.1704127550e-01 6.5094299505e-02 2.7489148515e-02
   endloop
 endfacet
 facet normal  0.0000000000e+00 8.2905832649e-01 5.5916213326e-01
   outer loop
     vertex 1.1738627868e-01 4.9947298680e-02 4.9947298680e-02
     vertex 1.1738627868e-01 6.5094299505e-02 2.7489148515e-02
     vertex 1.1704127550e-01 6.5094299505e-02 2.7489148515e-02
   endloop
 endfacet
 facet normal  0.0000000000e+00 9.8018184110e-01 1.9809986972e-01
   outer loop
     vertex 1.1704127550e-01 6.5094299505e-02 2.7489148515e-02
     vertex 1.1738627868e-01 6.5094299505e-02 2.7489148515e-02
     vertex 1.1704127550e-01 7.0650000000e-02 0.0000000000e+00
   endloop
 endfacet
 facet normal  0.0000000000e+00 9.8018184110e-01 1.9809986972e-01
   outer loop
     vertex 1.1738627868e-01 6.5094299505e-02 2.7489148515e-02
     vertex 1.1738627868e-01 7.0650000000e-02 0.0000000000e+00
     vertex 1.1704127550e-01 7.0650000000e-02 0.0000000000e+00
   endloop
 endfacet
 facet normal  0.0000000000e+00 9.8018184110e-01 -1.9809986972e-01
   outer loop
     vertex 1.1738627868e-01 7.0650000000e-02 0.0000000000e+00
     vertex 1.1778876912e-01 7.0650000000e-02 0.0000000000e+00
     vertex 1.1778876912e-01 6.5094299505e-02 -2.7489148515e-02
   endloop
 endfacet
 facet normal  1.7076107213e-15 9.8018184110e-01 -1.9809986972e-01
   outer loop
     vertex 1.1738627868e-01 7.0650000000e-02 0.0000000000e+00
     vertex 1.1778876912e-01 6.5094299505e-02 -2.7489148515e-02
     vertex 1.1738627868e-01 6.5094299505e-02 -2.7489148515e-02
   endloop
 endfacet
 facet normal  4.8199489228e-15 8.2905832649e-01 -5.5916213326e-01
   outer loop
     vertex 1.1738627868e-01 6.5094299505e-02 -2.7489148515e-02
     vertex 1.1778876912e-01 6.5094299505e-02 -2.7489148515e-02
     vertex 1.1778876912e-01 4.9947298680e-02 -4.9947298680e-02
   endloop
 endfacet
 facet normal  0.0000000000e+00 8.2905832649e-01 -5.5916213326e-01
   outer loop
     vertex 1.1738627868e-01 6.5094299505e-02 -2.7489148515e-02
     vertex 1.1778876912e-01 4.9947298680e-02 -4.9947298680e-02
     vertex 1.1738627868e-01 4.9947298680e-02 -4.9947298680e-02
   endloop
 endfacet
 facet normal  0.0000000000e+00 5.5916213326e-01 -8.2905832649e-01
   outer loop
     vertex 1.1738627868e-01 4.9947298680e-02 -4.9947298680e-02
     vertex 1.1778876912e-01 4.9947298680e-02 -4.9947298680e-02
     vertex 1.1778876912e-01 2.7489148515e-02 -6.5094299505e-02
   endloop
 endfacet
 facet normal  4.8199489228e-15 5.5916213326e-01 -8.2905832649e-01
   outer loop
     vertex 1.1738627868e-01 4.9947298680e-02 -4.9947298680e-02
     vertex 1.1778876912e-01 2.7489148515e-02 -6.5094299505e-02
     vertex 1.1738627868e-01 2.7489148515e-02 -6.5094299505e-02
   endloop
 endfacet
 facet normal  1.7076107213e-15 1.9809986972e-01 -9.8018184110e-01
   outer loop
     vertex 1.1738627868e-01 2.7489148515e-02 -6.5094299505e-02
     vertex 1.1778876912e-01 2.7489148515e-02 -6.5094299505e-02
     vertex 1.1778876912e-01 0.0000000000e+00 -7.0650000000e-02
   endloop
 endfacet
 facet normal  0.0000000000e+00 1.9809986972e-01 -9.8018184110e-01
   outer loop
     vertex 1.1738627868e-01 2.7489148515e-02 -6.5094299505e-02
     vertex 1.1778876912e-01 0.0000000000e+00 -7.0650000000e-02
     vertex 1.1738627868e-01 0.0000000000e+00 -7.0650000000e-02
   endloop
 endfacet
 facet normal  -0.0000000000e+00 -1.9809986972e-01 -9.8018184110e-01
   outer loop
     vertex 1.1738627868e-01 0.0000000000e+00 -7.0650000000e-02
     vertex 1.1778876912e-01 0.0000000000e+00 -7.0650000000e-02
     vertex 1.1738627868e-01 -2.7489148515e-02 -6.5094299505e-02
   endloop
 endfacet
 facet normal  -0.0000000000e+00 -1.9809986972e-01 -9.8018184110e-01
   outer loop
     vertex 1.1778876912e-01 0.0000000000e+00 -7.0650000000e-02
     vertex 1.1778876912e-01 -2.7489148515e-02 -6.5094299505e-02
     vertex 1.1738627868e-01 -2.7489148515e-02 -6.5094299505e-02
   endloop
 endfacet
 facet normal  -0.0000000000e+00 -5.5916213326e-01 -8.2905832649e-01
   outer loop
     vertex 1.1738627868e-01 -2.7489148515e-02 -6.5094299505e-02
     vertex 1.1778876912e-01 -2.7489148515e-02 -6.5094299505e-02
     vertex 1.1738627868e-01 -4.9947298680e-02 -4.9947298680e-02
   endloop
 endfacet
 facet normal  -0.0000000000e+00 -5.5916213326e-01 -8.2905832649e-01
   outer loop
     vertex 1.1778876912e-01 -2.7489148515e-02 -6.5094299505e-02
     vertex 1.1778876912e-01 -4.9947298680e-02 -4.9947298680e-02
     vertex 1.1738627868e-01 -4.9947298680e-02 -4.9947298680e-02
   endloop
 endfacet
 facet normal  -0.0000000000e+00 -8.2905832649e-01 -5.5916213326e-01
   outer loop
     vertex 1.1738627868e-01 -4.9947298680e-02 -4.9947298680e-02
     vertex 1.1778876912e-01 -4.9947298680e-02 -4.9947298680e-02
     vertex 1.1738627868e-01 -6.5094299505e-02 -2.7489148515e-02
   endloop
 endfacet
 facet normal  4.8199489228e-15 -8.2905832649e-01 -5.5916213326e-01
   outer loop
     vertex 1.1778876912e-01 -4.9947298680e-02 -4.9947298680e-02
     vertex 1.1778876912e-01 -6.5094299505e-02 -2.7489148515e-02
     vertex 1.1738627868e-01 -6.5094299505e-02 -2.7489148515e-02
   endloop
 endfacet
 facet normal  1.7076107213e-15 -9.8018184110e-01 -1.9809986972e-01
   outer loop
     vertex 1.1738627868e-01 -6.5094299505e-02 -2.7489148515e-02
     vertex 1.1778876912e-01 -6.5094299505e-02 -2.7489148515e-02
     vertex 1.1738627868e-01 -7.0650000000e-02 0.0000000000e+00
   endloop
 endfacet
 facet normal  -0.0000000000e+00 -9.8018184110e-01 -1.9809986972e-01
   outer loop
     vertex 1.1778876912e-01 -6.5094299505e-02 -2.7489148515e-02
     vertex 1.1778876912e-01 -7.0650000000e-02 0.0000000000e+00
     vertex 1.1738627868e-01 -7.0650000000e-02 0.0000000000e+00
   endloop
 endfacet
 facet normal  0.0000000000e+00 -9.8018184110e-01 1.9809986972e-01
   outer loop
     vertex 1.1738627868e-01 -7.0650000000e-02 0.0000000000e+00
     vertex 1.1778876912e-01 -7.0650000000e-02 0.0000000000e+00
     vertex 1.1778876912e-01 -6.5094299505e-02 2.7489148515e-02
   endloop
 endfacet
 facet normal  1.7076107213e-15 -9.8018184110e-01 1.9809986972e-01
   outer loop
     vertex 1.1738627868e-01 -7.0650000000e-02 0.0000000000e+00
     vertex 1.1778876912e-01 -6.5094299505e-02 2.7489148515e-02
     vertex 1.1738627868e-01 -6.5094299505e-02 2.7489148515e-02
   endloop
 endfacet
 facet normal  4.8199489228e-15 -8.2905832649e-01 5.5916213326e-01
   outer loop
     vertex 1.1738627868e-01 -6.5094299505e-02 2.7489148515e-02
     vertex 1.1778876912e-01 -6.5094299505e-02 2.7489148515e-02
     vertex 1.1778876912e-01 -4.9947298680e-02 4.9947298680e-02
   endloop
 endfacet
 facet normal  0.0000000000e+00 -8.2905832649e-01 5.5916213326e-01
   outer loop
     vertex 1.1738627868e-01 -6.5094299505e-02 2.7489148515e-02
     vertex 1.1778876912e-01 -4.9947298680e-02 4.9947298680e-02
     vertex 1.1738627868e-01 -4.9947298680e-02 4.9947298680e-02
   endloop
 endfacet
 facet normal  0.0000000000e+00 -5.5916213326e-01 8.2905832649e-01
   outer loop
     vertex 1.1738627868e-01 -4.9947298680e-02 4.9947298680e-02
     vertex 1.1778876912e-01 -4.9947298680e-02 4.9947298680e-02
     vertex 1.1778876912e-01 -2.7489148515e-02 6.5094299505e-02
   endloop
 endfacet
 facet normal  0.0000000000e+00 -5.5916213326e-01 8.2905832649e-01
   outer loop
     vertex 1.1738627868e-01 -4.9947298680e-02 4.9947298680e-02
     vertex 1.1778876912e-01 -2.7489148515e-02 6.5094299505e-02
     vertex 1.1738627868e-01 -2.7489148515e-02 6.5094299505e-02
   endloop
 endfacet
 facet normal  0.0000000000e+00 -1.9809986972e-01 9.8018184110e-01
   outer loop
     vertex 1.1738627868e-01 -2.7489148515e-02 6.5094299505e-02
     vertex 1.1778876912e-01 -2.7489148515e-02 6.5094299505e-02
     vertex 1.1778876912e-01 0.0000000000e+00 7.0650000000e-02
   endloop
 endfacet
 facet normal  0.0000000000e+00 -1.9809986972e-01 9.8018184110e-01
   outer loop
     vertex 1.1738627868e-01 -2.7489148515e-02 6.5094299505e-02
     vertex 1.1778876912e-01 0.0000000000e+00 7.0650000000e-02
     vertex 1.1738627868e-01 0.0000000000e+00 7.0650000000e-02
   endloop
 endfacet
 facet normal  0.0000000000e+00 1.9809986972e-01 9.8018184110e-01
   outer loop
     vertex 1.1738627868e-01 0.0000000000e+00 7.0650000000e-02
     vertex 1.1778876912e-01 0.0000000000e+00 7.0650000000e-02
     vertex 1.1738627868e-01 2.7489148515e-02 6.5094299505e-02
   endloop
 endfacet
 facet normal  1.7076107213e-15 1.9809986972e-01 9.8018184110e-01
   outer loop
     vertex 1.1778876912e-01 0.0000000000e+00 7.0650000000e-02
     vertex 1.1778876912e-01 2.7489148515e-02 6.5094299505e-02
     vertex 1.1738627868e-01 2.7489148515e-02 6.5094299505e-02
   endloop
 endfacet
 facet normal  4.8199489228e-15 5.5916213326e-01 8.2905832649e-01
   outer loop
     vertex 1.1738627868e-01 2.7489148515e-02 6.5094299505e-02
     vertex 1.1778876912e-01 2.7489148515e-02 6.5094299505e-02
     vertex 1.1738627868e-01 4.9947298680e-02 4.9947298680e-02
   endloop
 endfacet
 facet normal  0.0000000000e+00 5.5916213326e-01 8.2905832649e-01
   outer loop
     vertex 1.1778876912e-01 2.7489148515e-02 6.5094299505e-02
     vertex 1.1778876912e-01 4.9947298680e-02 4.9947298680e-02
     vertex 1.1738627868e-01 4.9947298680e-02 4.9947298680e-02
   endloop
 endfacet
 facet normal  0.0000000000e+00 8.2905832649e-01 5.5916213326e-01
   outer loop
     vertex 1.1738627868e-01 4.9947298680e-02 4.9947298680e-02
     vertex 1.1778876912e-01 4.9947298680e-02 4.9947298680e-02
     vertex 1.1738627868e-01 6.5094299505e-02 2.7489148515e-02
   endloop
 endfacet
 facet normal  4.8199489228e-15 8.2905832649e-01 5.5916213326e-01
   outer loop
     vertex 1.1778876912e-01 4.9947298680e-02 4.9947298680e-02
     vertex 1.1778876912e-01 6.5094299505e-02 2.7489148515e-02
     vertex 1.1738627868e-01 6.5094299505e-02 2.7489148515e-02
   endloop
 endfacet
 facet normal  1.7076107213e-15 9.8018184110e-01 1.9809986972e-01
   outer loop
     vertex 1.1738627868e-01 6.5094299505e-02 2.7489148515e-02
     vertex 1.1778876912e-01 6.5094299505e-02 2.7489148515e-02
     vertex 1.1738627868e-01 7.0650000000e-02 0.0000000000e+00
   endloop
 endfacet
 facet normal  0.0000000000e+00 9.8018184110e-01 1.9809986972e-01
   outer loop
     vertex 1.1778876912e-01 6.5094299505e-02 2.7489148515e-02
     vertex 1.1778876912e-01 7.0650000000e-02 0.0000000000e+00
     vertex 1.1738627868e-01 7.0650000000e-02 0.0000000000e+00
   endloop
 endfacet
 facet normal  0.0000000000e+00 9.8018184110e-01 -1.9809986972e-01
   outer loop
     vertex 1.1778876912e-01 7.0650000000e-02 0.0000000000e+00
     vertex 1.1820563137e-01 7.0650000000e-02 0.0000000000e+00
     vertex 1.1820563137e-01 6.5094299505e-02 -2.7489148515e-02
   endloop
 endfacet
 facet normal  0.0000000000e+00 9.8018184110e-01 -1.9809986972e-01
   outer loop
     vertex 1.1778876912e-01 7.0650000000e-02 0.0000000000e+00
     vertex 1.1820563137e-01 6.5094299505e-02 -2.7489148515e-02
     vertex 1.1778876912e-01 6.5094299505e-02 -2.7489148515e-02
   endloop
 endfacet
 facet normal  0.0000000000e+00 8.2905832649e-01 -5.5916213326e-01
   outer loop
     vertex 1.1778876912e-01 6.5094299505e-02 -2.7489148515e-02
     vertex 1.1820563137e-01 6.5094299505e-02 -2.7489148515e-02
     vertex 1.1820563137e-01 4.9947298680e-02 -4.9947298680e-02
   endloop
 endfacet
 facet normal  0.0000000000e+00 8.2905832649e-01 -5.5916213326e-01
   outer loop
     vertex 1.1778876912e-01 6.5094299505e-02 -2.7489148515e-02
     vertex 1.1820563137e-01 4.9947298680e-02 -4.9947298680e-02
     vertex 1.1778876912e-01 4.9947298680e-02 -4.9947298680e-02
   endloop
 endfacet
 facet normal  0.0000000000e+00 5.5916213326e-01 -8.2905832649e-01
   outer loop
     vertex 1.1778876912e-01 4.9947298680e-02 -4.9947298680e-02
     vertex 1.1820563137e-01 4.9947298680e-02 -4.9947298680e-02
     vertex 1.1820563137e-01 2.7489148515e-02 -6.5094299505e-02
   endloop
 endfacet
 facet normal  0.0000000000e+00 5.5916213326e-01 -8.2905832649e-01
   outer loop
     vertex 1.1778876912e-01 4.9947298680e-02 -4.9947298680e-02
     vertex 1.1820563137e-01 2.7489148515e-02 -6.5094299505e-02
     vertex 1.1778876912e-01 2.7489148515e-02 -6.5094299505e-02
   endloop
 endfacet
 facet normal  0.0000000000e+00 1.9809986972e-01 -9.8018184110e-01
   outer loop
     vertex 1.1778876912e-01 2.7489148515e-02 -6.5094299505e-02
     vertex 1.1820563137e-01 2.7489148515e-02 -6.5094299505e-02
     vertex 1.1820563137e-01 0.0000000000e+00 -7.0650000000e-02
   endloop
 endfacet
 facet normal  0.0000000000e+00 1.9809986972e-01 -9.8018184110e-01
   outer loop
     vertex 1.1778876912e-01 2.7489148515e-02 -6.5094299505e-02
     vertex 1.1820563137e-01 0.0000000000e+00 -7.0650000000e-02
     vertex 1.1778876912e-01 0.0000000000e+00 -7.0650000000e-02
   endloop
 endfacet
 facet normal  -0.0000000000e+00 -1.9809986972e-01 -9.8018184110e-01
   outer loop
     vertex 1.1778876912e-01 0.0000000000e+00 -7.0650000000e-02
     vertex 1.1820563137e-01 0.0000000000e+00 -7.0650000000e-02
     vertex 1.1778876912e-01 -2.7489148515e-02 -6.5094299505e-02
   endloop
 endfacet
 facet normal  -1.6487388471e-15 -1.9809986972e-01 -9.8018184110e-01
   outer loop
     vertex 1.1820563137e-01 0.0000000000e+00 -7.0650000000e-02
     vertex 1.1820563137e-01 -2.7489148515e-02 -6.5094299505e-02
     vertex 1.1778876912e-01 -2.7489148515e-02 -6.5094299505e-02
   endloop
 endfacet
 facet normal  -4.6537755536e-15 -5.5916213326e-01 -8.2905832649e-01
   outer loop
     vertex 1.1778876912e-01 -2.7489148515e-02 -6.5094299505e-02
     vertex 1.1820563137e-01 -2.7489148515e-02 -6.5094299505e-02
     vertex 1.1778876912e-01 -4.9947298680e-02 -4.9947298680e-02
   endloop
 endfacet
 facet normal  -0.0000000000e+00 -5.5916213326e-01 -8.2905832649e-01
   outer loop
     vertex 1.1820563137e-01 -2.7489148515e-02 -6.5094299505e-02
     vertex 1.1820563137e-01 -4.9947298680e-02 -4.9947298680e-02
     vertex 1.1778876912e-01 -4.9947298680e-02 -4.9947298680e-02
   endloop
 endfacet
 facet normal  -0.0000000000e+00 -8.2905832649e-01 -5.5916213326e-01
   outer loop
     vertex 1.1778876912e-01 -4.9947298680e-02 -4.9947298680e-02
     vertex 1.1820563137e-01 -4.9947298680e-02 -4.9947298680e-02
     vertex 1.1778876912e-01 -6.5094299505e-02 -2.7489148515e-02
   endloop
 endfacet
 facet normal  -0.0000000000e+00 -8.2905832649e-01 -5.5916213326e-01
   outer loop
     vertex 1.1820563137e-01 -4.9947298680e-02 -4.9947298680e-02
     vertex 1.1820563137e-01 -6.5094299505e-02 -2.7489148515e-02
     vertex 1.1778876912e-01 -6.5094299505e-02 -2.7489148515e-02
   endloop
 endfacet
 facet normal  -0.0000000000e+00 -9.8018184110e-01 -1.9809986972e-01
   outer loop
     vertex 1.1778876912e-01 -6.5094299505e-02 -2.7489148515e-02
     vertex 1.1820563137e-01 -6.5094299505e-02 -2.7489148515e-02
     vertex 1.1778876912e-01 -7.0650000000e-02 0.0000000000e+00
   endloop
 endfacet
 facet normal  -0.0000000000e+00 -9.8018184110e-01 -1.9809986972e-01
   outer loop
     vertex 1.1820563137e-01 -6.5094299505e-02 -2.7489148515e-02
     vertex 1.1820563137e-01 -7.0650000000e-02 0.0000000000e+00
     vertex 1.1778876912e-01 -7.0650000000e-02 0.0000000000e+00
   endloop
 endfacet
 facet normal  0.0000000000e+00 -9.8018184110e-01 1.9809986972e-01
   outer loop
     vertex 1.1778876912e-01 -7.0650000000e-02 0.0000000000e+00
     vertex 1.1820563137e-01 -7.0650000000e-02 0.0000000000e+00
     vertex 1.1820563137e-01 -6.5094299505e-02 2.7489148515e-02
   endloop
 endfacet
 facet normal  0.0000000000e+00 -9.8018184110e-01 1.9809986972e-01
   outer loop
     vertex 1.1778876912e-01 -7.0650000000e-02 0.0000000000e+00
     vertex 1.1820563137e-01 -6.5094299505e-02 2.7489148515e-02
     vertex 1.1778876912e-01 -6.5094299505e-02 2.7489148515e-02
   endloop
 endfacet
 facet normal  0.0000000000e+00 -8.2905832649e-01 5.5916213326e-01
   outer loop
     vertex 1.1778876912e-01 -6.5094299505e-02 2.7489148515e-02
     vertex 1.1820563137e-01 -6.5094299505e-02 2.7489148515e-02
     vertex 1.1820563137e-01 -4.9947298680e-02 4.9947298680e-02
   endloop
 endfacet
 facet normal  0.0000000000e+00 -8.2905832649e-01 5.5916213326e-01
   outer loop
     vertex 1.1778876912e-01 -6.5094299505e-02 2.7489148515e-02
     vertex 1.1820563137e-01 -4.9947298680e-02 4.9947298680e-02
     vertex 1.1778876912e-01 -4.9947298680e-02 4.9947298680e-02
   endloop
 endfacet
 facet normal  0.0000000000e+00 -5.5916213326e-01 8.2905832649e-01
   outer loop
     vertex 1.1778876912e-01 -4.9947298680e-02 4.9947298680e-02
     vertex 1.1820563137e-01 -4.9947298680e-02 4.9947298680e-02
     vertex 1.1820563137e-01 -2.7489148515e-02 6.5094299505e-02
   endloop
 endfacet
 facet normal  -4.6537755536e-15 -5.5916213326e-01 8.2905832649e-01
   outer loop
     vertex 1.1778876912e-01 -4.9947298680e-02 4.9947298680e-02
     vertex 1.1820563137e-01 -2.7489148515e-02 6.5094299505e-02
     vertex 1.1778876912e-01 -2.7489148515e-02 6.5094299505e-02
   endloop
 endfacet
 facet normal  -1.6487388471e-15 -1.9809986972e-01 9.8018184110e-01
   outer loop
     vertex 1.1778876912e-01 -2.7489148515e-02 6.5094299505e-02
     vertex 1.1820563137e-01 -2.7489148515e-02 6.5094299505e-02
     vertex 1.1820563137e-01 0.0000000000e+00 7.0650000000e-02
   endloop
 endfacet
 facet normal  0.0000000000e+00 -1.9809986972e-01 9.8018184110e-01
   outer loop
     vertex 1.1778876912e-01 -2.7489148515e-02 6.5094299505e-02
     vertex 1.1820563137e-01 0.0000000000e+00 7.0650000000e-02
     vertex 1.1778876912e-01 0.0000000000e+00 7.0650000000e-02
   endloop
 endfacet
 facet normal  0.0000000000e+00 1.9809986972e-01 9.8018184110e-01
   outer loop
     vertex 1.1778876912e-01 0.0000000000e+00 7.0650000000e-02
     vertex 1.1820563137e-01 0.0000000000e+00 7.0650000000e-02
     vertex 1.1778876912e-01 2.7489148515e-02 6.5094299505e-02
   endloop
 endfacet
 facet normal  0.0000000000e+00 1.9809986972e-01 9.8018184110e-01
   outer loop
     vertex 1.1820563137e-01 0.0000000000e+00 7.0650000000e-02
     vertex 1.1820563137e-01 2.7489148515e-02 6.5094299505e-02
     vertex 1.1778876912e-01 2.7489148515e-02 6.5094299505e-02
   endloop
 endfacet
 facet normal  0.0000000000e+00 5.5916213326e-01 8.2905832649e-01
   outer loop
     vertex 1.1778876912e-01 2.7489148515e-02 6.5094299505e-02
     vertex 1.1820563137e-01 2.7489148515e-02 6.5094299505e-02
     vertex 1.1778876912e-01 4.9947298680e-02 4.9947298680e-02
   endloop
 endfacet
 facet normal  0.0000000000e+00 5.5916213326e-01 8.2905832649e-01
   outer loop
     vertex 1.1820563137e-01 2.7489148515e-02 6.5094299505e-02
     vertex 1.1820563137e-01 4.9947298680e-02 4.9947298680e-02
     vertex 1.1778876912e-01 4.9947298680e-02 4.9947298680e-02
   endloop
 endfacet
 facet normal  0.0000000000e+00 8.2905832649e-01 5.5916213326e-01
   outer loop
     vertex 1.1778876912e-01 4.9947298680e-02 4.9947298680e-02
     vertex 1.1820563137e-01 4.9947298680e-02 4.9947298680e-02
     vertex 1.1778876912e-01 6.5094299505e-02 2.7489148515e-02
   endloop
 endfacet
 facet normal  0.0000000000e+00 8.2905832649e-01 5.5916213326e-01
   outer loop
     vertex 1.1820563137e-01 4.9947298680e-02 4.9947298680e-02
     vertex 1.1820563137e-01 6.5094299505e-02 2.7489148515e-02
     vertex 1.1778876912e-01 6.5094299505e-02 2.7489148515e-02
   endloop
 endfacet
 facet normal  0.0000000000e+00 9.8018184110e-01 1.9809986972e-01
   outer loop
     vertex 1.1778876912e-01 6.5094299505e-02 2.7489148515e-02
     vertex 1.1820563137e-01 6.5094299505e-02 2.7489148515e-02
     vertex 1.1778876912e-01 7.0650000000e-02 0.0000000000e+00
   endloop
 endfacet
 facet normal  0.0000000000e+00 9.8018184110e-01 1.9809986972e-01
   outer loop
     vertex 1.1820563137e-01 6.5094299505e-02 2.7489148515e-02
     vertex 1.1820563137e-01 7.0650000000e-02 0.0000000000e+00
     vertex 1.1778876912e-01 7.0650000000e-02 0.0000000000e+00
   endloop
 endfacet
 facet normal  0.0000000000e+00 9.8018184110e-01 -1.9809986972e-01
   outer loop
     vertex 1.1820563137e-01 7.0650000000e-02 0.0000000000e+00
     vertex 1.1859375000e-01 7.0650000000e-02 0.0000000000e+00
     vertex 1.1859375000e-01 6.5094299505e-02 -2.7489148515e-02
   endloop
 endfacet
 facet normal  -1.7708425799e-15 9.8018184110e-01 -1.9809986972e-01
   outer loop
     vertex 1.1820563137e-01 7.0650000000e-02 0.0000000000e+00
     vertex 1.1859375000e-01 6.5094299505e-02 -2.7489148515e-02
     vertex 1.1820563137e-01 6.5094299505e-02 -2.7489148515e-02
   endloop
 endfacet
 facet normal  -4.9984289035e-15 8.2905832649e-01 -5.5916213326e-01
   outer loop
     vertex 1.1820563137e-01 6.5094299505e-02 -2.7489148515e-02
     vertex 1.1859375000e-01 6.5094299505e-02 -2.7489148515e-02
     vertex 1.1859375000e-01 4.9947298680e-02 -4.9947298680e-02
   endloop
 endfacet
 facet normal  -2.4818995628e-14 8.2905832649e-01 -5.5916213326e-01
   outer loop
     vertex 1.1820563137e-01 6.5094299505e-02 -2.7489148515e-02
     vertex 1.1859375000e-01 4.9947298680e-02 -4.9947298680e-02
     vertex 1.1820563137e-01 4.9947298680e-02 -4.9947298680e-02
   endloop
 endfacet
 facet normal  -2.4818995628e-14 5.5916213326e-01 -8.2905832649e-01
   outer loop
     vertex 1.1820563137e-01 4.9947298680e-02 -4.9947298680e-02
     vertex 1.1859375000e-01 4.9947298680e-02 -4.9947298680e-02
     vertex 1.1859375000e-01 2.7489148515e-02 -6.5094299505e-02
   endloop
 endfacet
 facet normal  -4.9984289035e-15 5.5916213326e-01 -8.2905832649e-01
   outer loop
     vertex 1.1820563137e-01 4.9947298680e-02 -4.9947298680e-02
     vertex 1.1859375000e-01 2.7489148515e-02 -6.5094299505e-02
     vertex 1.1820563137e-01 2.7489148515e-02 -6.5094299505e-02
   endloop
 endfacet
 facet normal  -1.7708425799e-15 1.9809986972e-01 -9.8018184110e-01
   outer loop
     vertex 1.1820563137e-01 2.7489148515e-02 -6.5094299505e-02
     vertex 1.1859375000e-01 2.7489148515e-02 -6.5094299505e-02
     vertex 1.1859375000e-01 0.0000000000e+00 -7.0650000000e-02
   endloop
 endfacet
 facet normal  0.0000000000e+00 1.9809986972e-01 -9.8018184110e-01
   outer loop
     vertex 1.1820563137e-01 2.7489148515e-02 -6.5094299505e-02
     vertex 1.1859375000e-01 0.0000000000e+00 -7.0650000000e-02
     vertex 1.1820563137e-01 0.0000000000e+00 -7.0650000000e-02
   endloop
 endfacet
 facet normal  -0.0000000000e+00 -1.9809986972e-01 -9.8018184110e-01
   outer loop
     vertex 1.1820563137e-01 0.0000000000e+00 -7.0650000000e-02
     vertex 1.1859375000e-01 0.0000000000e+00 -7.0650000000e-02
     vertex 1.1820563137e-01 -2.7489148515e-02 -6.5094299505e-02
   endloop
 endfacet
 facet normal  -0.0000000000e+00 -1.9809986972e-01 -9.8018184110e-01
   outer loop
     vertex 1.1859375000e-01 0.0000000000e+00 -7.0650000000e-02
     vertex 1.1859375000e-01 -2.7489148515e-02 -6.5094299505e-02
     vertex 1.1820563137e-01 -2.7489148515e-02 -6.5094299505e-02
   endloop
 endfacet
 facet normal  -0.0000000000e+00 -5.5916213326e-01 -8.2905832649e-01
   outer loop
     vertex 1.1820563137e-01 -2.7489148515e-02 -6.5094299505e-02
     vertex 1.1859375000e-01 -2.7489148515e-02 -6.5094299505e-02
     vertex 1.1820563137e-01 -4.9947298680e-02 -4.9947298680e-02
   endloop
 endfacet
 facet normal  -1.4822137821e-14 -5.5916213326e-01 -8.2905832649e-01
   outer loop
     vertex 1.1859375000e-01 -2.7489148515e-02 -6.5094299505e-02
     vertex 1.1859375000e-01 -4.9947298680e-02 -4.9947298680e-02
     vertex 1.1820563137e-01 -4.9947298680e-02 -4.9947298680e-02
   endloop
 endfacet
 facet normal  -9.9968578070e-15 -8.2905832649e-01 -5.5916213326e-01
   outer loop
     vertex 1.1820563137e-01 -4.9947298680e-02 -4.9947298680e-02
     vertex 1.1859375000e-01 -4.9947298680e-02 -4.9947298680e-02
     vertex 1.1820563137e-01 -6.5094299505e-02 -2.7489148515e-02
   endloop
 endfacet
 facet normal  -4.9984289035e-15 -8.2905832649e-01 -5.5916213326e-01
   outer loop
     vertex 1.1859375000e-01 -4.9947298680e-02 -4.9947298680e-02
     vertex 1.1859375000e-01 -6.5094299505e-02 -2.7489148515e-02
     vertex 1.1820563137e-01 -6.5094299505e-02 -2.7489148515e-02
   endloop
 endfacet
 facet normal  -1.7708425799e-15 -9.8018184110e-01 -1.9809986972e-01
   outer loop
     vertex 1.1820563137e-01 -6.5094299505e-02 -2.7489148515e-02
     vertex 1.1859375000e-01 -6.5094299505e-02 -2.7489148515e-02
     vertex 1.1820563137e-01 -7.0650000000e-02 0.0000000000e+00
   endloop
 endfacet
 facet normal  -0.0000000000e+00 -9.8018184110e-01 -1.9809986972e-01
   outer loop
     vertex 1.1859375000e-01 -6.5094299505e-02 -2.7489148515e-02
     vertex 1.1859375000e-01 -7.0650000000e-02 0.0000000000e+00
     vertex 1.1820563137e-01 -7.0650000000e-02 0.0000000000e+00
   endloop
 endfacet
 facet normal  0.0000000000e+00 -9.8018184110e-01 1.9809986972e-01
   outer loop
     vertex 1.1820563137e-01 -7.0650000000e-02 0.0000000000e+00
     vertex 1.1859375000e-01 -7.0650000000e-02 0.0000000000e+00
     vertex 1.1859375000e-01 -6.5094299505e-02 2.7489148515e-02
   endloop
 endfacet
 facet normal  -1.7708425799e-15 -9.8018184110e-01 1.9809986972e-01
   outer loop
     vertex 1.1820563137e-01 -7.0650000000e-02 0.0000000000e+00
     vertex 1.1859375000e-01 -6.5094299505e-02 2.7489148515e-02
     vertex 1.1820563137e-01 -6.5094299505e-02 2.7489148515e-02
   endloop
 endfacet
 facet normal  -4.9984289035e-15 -8.2905832649e-01 5.5916213326e-01
   outer loop
     vertex 1.1820563137e-01 -6.5094299505e-02 2.7489148515e-02
     vertex 1.1859375000e-01 -6.5094299505e-02 2.7489148515e-02
     vertex 1.1859375000e-01 -4.9947298680e-02 4.9947298680e-02
   endloop
 endfacet
 facet normal  -9.9968578070e-15 -8.2905832649e-01 5.5916213326e-01
   outer loop
     vertex 1.1820563137e-01 -6.5094299505e-02 2.7489148515e-02
     vertex 1.1859375000e-01 -4.9947298680e-02 4.9947298680e-02
     vertex 1.1820563137e-01 -4.9947298680e-02 4.9947298680e-02
   endloop
 endfacet
 facet normal  -1.4822137821e-14 -5.5916213326e-01 8.2905832649e-01
   outer loop
     vertex 1.1820563137e-01 -4.9947298680e-02 4.9947298680e-02
     vertex 1.1859375000e-01 -4.9947298680e-02 4.9947298680e-02
     vertex 1.1859375000e-01 -2.7489148515e-02 6.5094299505e-02
   endloop
 endfacet
 facet normal  0.0000000000e+00 -5.5916213326e-01 8.2905832649e-01
   outer loop
     vertex 1.1820563137e-01 -4.9947298680e-02 4.9947298680e-02
     vertex 1.1859375000e-01 -2.7489148515e-02 6.5094299505e-02
     vertex 1.1820563137e-01 -2.7489148515e-02 6.5094299505e-02
   endloop
 endfacet
 facet normal  0.0000000000e+00 -1.9809986972e-01 9.8018184110e-01
   outer loop
     vertex 1.1820563137e-01 -2.7489148515e-02 6.5094299505e-02
     vertex 1.1859375000e-01 -2.7489148515e-02 6.5094299505e-02
     vertex 1.1859375000e-01 0.0000000000e+00 7.0650000000e-02
   endloop
 endfacet
 facet normal  0.0000000000e+00 -1.9809986972e-01 9.8018184110e-01
   outer loop
     vertex 1.1820563137e-01 -2.7489148515e-02 6.5094299505e-02
     vertex 1.1859375000e-01 0.0000000000e+00 7.0650000000e-02
     vertex 1.1820563137e-01 0.0000000000e+00 7.0650000000e-02
   endloop
 endfacet
 facet normal  0.0000000000e+00 1.9809986972e-01 9.8018184110e-01
   outer loop
     vertex 1.1820563137e-01 0.0000000000e+00 7.0650000000e-02
     vertex 1.1859375000e-01 0.0000000000e+00 7.0650000000e-02
     vertex 1.1820563137e-01 2.7489148515e-02 6.5094299505e-02
   endloop
 endfacet
 facet normal  -1.7708425799e-15 1.9809986972e-01 9.8018184110e-01
   outer loop
     vertex 1.1859375000e-01 0.0000000000e+00 7.0650000000e-02
     vertex 1.1859375000e-01 2.7489148515e-02 6.5094299505e-02
     vertex 1.1820563137e-01 2.7489148515e-02 6.5094299505e-02
   endloop
 endfacet
 facet normal  -4.9984289035e-15 5.5916213326e-01 8.2905832649e-01
   outer loop
     vertex 1.1820563137e-01 2.7489148515e-02 6.5094299505e-02
     vertex 1.1859375000e-01 2.7489148515e-02 6.5094299505e-02
     vertex 1.1820563137e-01 4.9947298680e-02 4.9947298680e-02
   endloop
 endfacet
 facet normal  -2.4818995628e-14 5.5916213326e-01 8.2905832649e-01
   outer loop
     vertex 1.1859375000e-01 2.7489148515e-02 6.5094299505e-02
     vertex 1.1859375000e-01 4.9947298680e-02 4.9947298680e-02
     vertex 1.1820563137e-01 4.9947298680e-02 4.9947298680e-02
   endloop
 endfacet
 facet normal  -2.4818995628e-14 8.2905832649e-01 5.5916213326e-01
   outer loop
     vertex 1.1820563137e-01 4.9947298680e-02 4.9947298680e-02
     vertex 1.1859375000e-01 4.9947298680e-02 4.9947298680e-02
     vertex 1.1820563137e-01 6.5094299505e-02 2.7489148515e-02
   endloop
 endfacet
 facet normal  -4.9984289035e-15 8.2905832649e-01 5.5916213326e-01
   outer loop
     vertex 1.1859375000e-01 4.9947298680e-02 4.9947298680e-02
     vertex 1.1859375000e-01 6.5094299505e-02 2.7489148515e-02
     vertex 1.1820563137e-01 6.5094299505e-02 2.7489148515e-02
   endloop
 endfacet
 facet normal  -1.7708425799e-15 9.8018184110e-01 1.9809986972e-01
   outer loop
     vertex 1.1820563137e-01 6.5094299505e-02 2.7489148515e-02
     vertex 1.1859375000e-01 6.5094299505e-02 2.7489148515e-02
     vertex 1.1820563137e-01 7.0650000000e-02 0.0000000000e+00
   endloop
 endfacet
 facet normal  0.0000000000e+00 9.8018184110e-01 1.9809986972e-01
   outer loop
     vertex 1.1859375000e-01 6.5094299505e-02 2.7489148515e-02
     vertex 1.1859375000e-01 7.0650000000e-02 0.0000000000e+00
     vertex 1.1820563137e-01 7.0650000000e-02 0.0000000000e+00
   endloop
 endfacet
 facet normal  0.0000000000e+00 9.8018184110e-01 -1.9809986972e-01
   outer loop
     vertex 1.1859375000e-01 7.0650000000e-02 0.0000000000e+00
     vertex 1.1908250000e-01 7.0650000000e-02 0.0000000000e+00
     vertex 1.1908250000e-01 6.5094299505e-02 -2.7489148515e-02
   endloop
 endfacet
 facet normal  0.0000000000e+00 9.8018184110e-01 -1.9809986972e-01
   outer loop
     vertex 1.1859375000e-01 7.0650000000e-02 0.0000000000e+00
     vertex 1.1908250000e-01 6.5094299505e-02 -2.7489148515e-02
     vertex 1.1859375000e-01 6.5094299505e-02 -2.7489148515e-02
   endloop
 endfacet
 facet normal  0.0000000000e+00 8.2905832649e-01 -5.5916213326e-01
   outer loop
     vertex 1.1859375000e-01 6.5094299505e-02 -2.7489148515e-02
     vertex 1.1908250000e-01 6.5094299505e-02 -2.7489148515e-02
     vertex 1.1908250000e-01 4.9947298680e-02 -4.9947298680e-02
   endloop
 endfacet
 facet normal  0.0000000000e+00 8.2905832649e-01 -5.5916213326e-01
   outer loop
     vertex 1.1859375000e-01 6.5094299505e-02 -2.7489148515e-02
     vertex 1.1908250000e-01 4.9947298680e-02 -4.9947298680e-02
     vertex 1.1859375000e-01 4.9947298680e-02 -4.9947298680e-02
   endloop
 endfacet
 facet normal  0.0000000000e+00 5.5916213326e-01 -8.2905832649e-01
   outer loop
     vertex 1.1859375000e-01 4.9947298680e-02 -4.9947298680e-02
     vertex 1.1908250000e-01 4.9947298680e-02 -4.9947298680e-02
     vertex 1.1908250000e-01 2.7489148515e-02 -6.5094299505e-02
   endloop
 endfacet
 facet normal  0.0000000000e+00 5.5916213326e-01 -8.2905832649e-01
   outer loop
     vertex 1.1859375000e-01 4.9947298680e-02 -4.9947298680e-02
     vertex 1.1908250000e-01 2.7489148515e-02 -6.5094299505e-02
     vertex 1.1859375000e-01 2.7489148515e-02 -6.5094299505e-02
   endloop
 endfacet
 facet normal  0.0000000000e+00 1.9809986972e-01 -9.8018184110e-01
   outer loop
     vertex 1.1859375000e-01 2.7489148515e-02 -6.5094299505e-02
     vertex 1.1908250000e-01 2.7489148515e-02 -6.5094299505e-02
     vertex 1.1908250000e-01 0.0000000000e+00 -7.0650000000e-02
   endloop
 endfacet
 facet normal  0.0000000000e+00 1.9809986972e-01 -9.8018184110e-01
   outer loop
     vertex 1.1859375000e-01 2.7489148515e-02 -6.5094299505e-02
     vertex 1.1908250000e-01 0.0000000000e+00 -7.0650000000e-02
     vertex 1.1859375000e-01 0.0000000000e+00 -7.0650000000e-02
   endloop
 endfacet
 facet normal  -0.0000000000e+00 -1.9809986972e-01 -9.8018184110e-01
   outer loop
     vertex 1.1859375000e-01 0.0000000000e+00 -7.0650000000e-02
     vertex 1.1908250000e-01 0.0000000000e+00 -7.0650000000e-02
     vertex 1.1859375000e-01 -2.7489148515e-02 -6.5094299505e-02
   endloop
 endfacet
 facet normal  -0.0000000000e+00 -1.9809986972e-01 -9.8018184110e-01
   outer loop
     vertex 1.1908250000e-01 0.0000000000e+00 -7.0650000000e-02
     vertex 1.1908250000e-01 -2.7489148515e-02 -6.5094299505e-02
     vertex 1.1859375000e-01 -2.7489148515e-02 -6.5094299505e-02
   endloop
 endfacet
 facet normal  -0.0000000000e+00 -5.5916213326e-01 -8.2905832649e-01
   outer loop
     vertex 1.1859375000e-01 -2.7489148515e-02 -6.5094299505e-02
     vertex 1.1908250000e-01 -2.7489148515e-02 -6.5094299505e-02
     vertex 1.1859375000e-01 -4.9947298680e-02 -4.9947298680e-02
   endloop
 endfacet
 facet normal  -0.0000000000e+00 -5.5916213326e-01 -8.2905832649e-01
   outer loop
     vertex 1.1908250000e-01 -2.7489148515e-02 -6.5094299505e-02
     vertex 1.1908250000e-01 -4.9947298680e-02 -4.9947298680e-02
     vertex 1.1859375000e-01 -4.9947298680e-02 -4.9947298680e-02
   endloop
 endfacet
 facet normal  -0.0000000000e+00 -8.2905832649e-01 -5.5916213326e-01
   outer loop
     vertex 1.1859375000e-01 -4.9947298680e-02 -4.9947298680e-02
     vertex 1.1908250000e-01 -4.9947298680e-02 -4.9947298680e-02
     vertex 1.1859375000e-01 -6.5094299505e-02 -2.7489148515e-02
   endloop
 endfacet
 facet normal  -0.0000000000e+00 -8.2905832649e-01 -5.5916213326e-01
   outer loop
     vertex 1.1908250000e-01 -4.9947298680e-02 -4.9947298680e-02
     vertex 1.1908250000e-01 -6.5094299505e-02 -2.7489148515e-02
     vertex 1.1859375000e-01 -6.5094299505e-02 -2.7489148515e-02
   endloop
 endfacet
 facet normal  -0.0000000000e+00 -9.8018184110e-01 -1.9809986972e-01
   outer loop
     vertex 1.1859375000e-01 -6.5094299505e-02 -2.7489148515e-02
     vertex 1.1908250000e-01 -6.5094299505e-02 -2.7489148515e-02
     vertex 1.1859375000e-01 -7.0650000000e-02 0.0000000000e+00
   endloop
 endfacet
 facet normal  -0.0000000000e+00 -9.8018184110e-01 -1.9809986972e-01
   outer loop
     vertex 1.1908250000e-01 -6.5094299505e-02 -2.7489148515e-02
     vertex 1.1908250000e-01 -7.0650000000e-02 0.0000000000e+00
     vertex 1.1859375000e-01 -7.0650000000e-02 0.0000000000e+00
   endloop
 endfacet
 facet normal  0.0000000000e+00 -9.8018184110e-01 1.9809986972e-01
   outer loop
     vertex 1.1859375000e-01 -7.0650000000e-02 0.0000000000e+00
     vertex 1.1908250000e-01 -7.0650000000e-02 0.0000000000e+00
     vertex 1.1908250000e-01 -6.5094299505e-02 2.7489148515e-02
   endloop
 endfacet
 facet normal  0.0000000000e+00 -9.8018184110e-01 1.9809986972e-01
   outer loop
     vertex 1.1859375000e-01 -7.0650000000e-02 0.0000000000e+00
     vertex 1.1908250000e-01 -6.5094299505e-02 2.7489148515e-02
     vertex 1.1859375000e-01 -6.5094299505e-02 2.7489148515e-02
   endloop
 endfacet
 facet normal  0.0000000000e+00 -8.2905832649e-01 5.5916213326e-01
   outer loop
     vertex 1.1859375000e-01 -6.5094299505e-02 2.7489148515e-02
     vertex 1.1908250000e-01 -6.5094299505e-02 2.7489148515e-02
     vertex 1.1908250000e-01 -4.9947298680e-02 4.9947298680e-02
   endloop
 endfacet
 facet normal  0.0000000000e+00 -8.2905832649e-01 5.5916213326e-01
   outer loop
     vertex 1.1859375000e-01 -6.5094299505e-02 2.7489148515e-02
     vertex 1.1908250000e-01 -4.9947298680e-02 4.9947298680e-02
     vertex 1.1859375000e-01 -4.9947298680e-02 4.9947298680e-02
   endloop
 endfacet
 facet normal  0.0000000000e+00 -5.5916213326e-01 8.2905832649e-01
   outer loop
     vertex 1.1859375000e-01 -4.9947298680e-02 4.9947298680e-02
     vertex 1.1908250000e-01 -4.9947298680e-02 4.9947298680e-02
     vertex 1.1908250000e-01 -2.7489148515e-02 6.5094299505e-02
   endloop
 endfacet
 facet normal  0.0000000000e+00 -5.5916213326e-01 8.2905832649e-01
   outer loop
     vertex 1.1859375000e-01 -4.9947298680e-02 4.9947298680e-02
     vertex 1.1908250000e-01 -2.7489148515e-02 6.5094299505e-02
     vertex 1.1859375000e-01 -2.7489148515e-02 6.5094299505e-02
   endloop
 endfacet
 facet normal  0.0000000000e+00 -1.9809986972e-01 9.8018184110e-01
   outer loop
     vertex 1.1859375000e-01 -2.7489148515e-02 6.5094299505e-02
     vertex 1.1908250000e-01 -2.7489148515e-02 6.5094299505e-02
     vertex 1.1908250000e-01 0.0000000000e+00 7.0650000000e-02
   endloop
 endfacet
 facet normal  0.0000000000e+00 -1.9809986972e-01 9.8018184110e-01
   outer loop
     vertex 1.1859375000e-01 -2.7489148515e-02 6.5094299505e-02
     vertex 1.1908250000e-01 0.0000000000e+00 7.0650000000e-02
     vertex 1.1859375000e-01 0.0000000000e+00 7.0650000000e-02
   endloop
 endfacet
 facet normal  0.0000000000e+00 1.9809986972e-01 9.8018184110e-01
   outer loop
     vertex 1.1859375000e-01 0.0000000000e+00 7.0650000000e-02
     vertex 1.1908250000e-01 0.0000000000e+00 7.0650000000e-02
     vertex 1.1859375000e-01 2.7489148515e-02 6.5094299505e-02
   endloop
 endfacet
 facet normal  0.0000000000e+00 1.9809986972e-01 9.8018184110e-01
   outer loop
     vertex 1.1908250000e-01 0.0000000000e+00 7.0650000000e-02
     vertex 1.1908250000e-01 2.7489148515e-02 6.5094299505e-02
     vertex 1.1859375000e-01 2.7489148515e-02 6.5094299505e-02
   endloop
 endfacet
 facet normal  0.0000000000e+00 5.5916213326e-01 8.2905832649e-01
   outer loop
     vertex 1.1859375000e-01 2.7489148515e-02 6.5094299505e-02
     vertex 1.1908250000e-01 2.7489148515e-02 6.5094299505e-02
     vertex 1.1859375000e-01 4.9947298680e-02 4.9947298680e-02
   endloop
 endfacet
 facet normal  0.0000000000e+00 5.5916213326e-01 8.2905832649e-01
   outer loop
     vertex 1.1908250000e-01 2.7489148515e-02 6.5094299505e-02
     vertex 1.1908250000e-01 4.9947298680e-02 4.9947298680e-02
     vertex 1.1859375000e-01 4.9947298680e-02 4.9947298680e-02
   endloop
 endfacet
 facet normal  0.0000000000e+00 8.2905832649e-01 5.5916213326e-01
   outer loop
     vertex 1.1859375000e-01 4.9947298680e-02 4.9947298680e-02
     vertex 1.1908250000e-01 4.9947298680e-02 4.9947298680e-02
     vertex 1.1859375000e-01 6.5094299505e-02 2.7489148515e-02
   endloop
 endfacet
 facet normal  0.0000000000e+00 8.2905832649e-01 5.5916213326e-01
   outer loop
     vertex 1.1908250000e-01 4.9947298680e-02 4.9947298680e-02
     vertex 1.1908250000e-01 6.5094299505e-02 2.7489148515e-02
     vertex 1.1859375000e-01 6.5094299505e-02 2.7489148515e-02
   endloop
 endfacet
 facet normal  0.0000000000e+00 9.8018184110e-01 1.9809986972e-01
   outer loop
     vertex 1.1859375000e-01 6.5094299505e-02 2.7489148515e-02
     vertex 1.1908250000e-01 6.5094299505e-02 2.7489148515e-02
     vertex 1.1859375000e-01 7.0650000000e-02 0.0000000000e+00
   endloop
 endfacet
 facet normal  0.0000000000e+00 9.8018184110e-01 1.9809986972e-01
   outer loop
     vertex 1.1908250000e-01 6.5094299505e-02 2.7489148515e-02
     vertex 1.1908250000e-01 7.0650000000e-02 0.0000000000e+00
     vertex 1.1859375000e-01 7.0650000000e-02 0.0000000000e+00
   endloop
 endfacet
 facet normal  0.0000000000e+00 9.8018184110e-01 -1.9809986972e-01
   outer loop
     vertex 1.1908250000e-01 7.0650000000e-02 0.0000000000e+00
     vertex 1.1977250000e-01 7.0650000000e-02 0.0000000000e+00
     vertex 1.1977250000e-01 6.5094299505e-02 -2.7489148515e-02
   endloop
 endfacet
 facet normal  0.0000000000e+00 9.8018184110e-01 -1.9809986972e-01
   outer loop
     vertex 1.1908250000e-01 7.0650000000e-02 0.0000000000e+00
     vertex 1.1977250000e-01 6.5094299505e-02 -2.7489148515e-02
     vertex 1.1908250000e-01 6.5094299505e-02 -2.7489148515e-02
   endloop
 endfacet
 facet normal  0.0000000000e+00 8.2905832649e-01 -5.5916213326e-01
   outer loop
     vertex 1.1908250000e-01 6.5094299505e-02 -2.7489148515e-02
     vertex 1.1977250000e-01 6.5094299505e-02 -2.7489148515e-02
     vertex 1.1977250000e-01 4.9947298680e-02 -4.9947298680e-02
   endloop
 endfacet
 facet normal  1.3960455776e-14 8.2905832649e-01 -5.5916213326e-01
   outer loop
     vertex 1.1908250000e-01 6.5094299505e-02 -2.7489148515e-02
     vertex 1.1977250000e-01 4.9947298680e-02 -4.9947298680e-02
     vertex 1.1908250000e-01 4.9947298680e-02 -4.9947298680e-02
   endloop
 endfacet
 facet normal  1.3960455776e-14 5.5916213326e-01 -8.2905832649e-01
   outer loop
     vertex 1.1908250000e-01 4.9947298680e-02 -4.9947298680e-02
     vertex 1.1977250000e-01 4.9947298680e-02 -4.9947298680e-02
     vertex 1.1977250000e-01 2.7489148515e-02 -6.5094299505e-02
   endloop
 endfacet
 facet normal  0.0000000000e+00 5.5916213326e-01 -8.2905832649e-01
   outer loop
     vertex 1.1908250000e-01 4.9947298680e-02 -4.9947298680e-02
     vertex 1.1977250000e-01 2.7489148515e-02 -6.5094299505e-02
     vertex 1.1908250000e-01 2.7489148515e-02 -6.5094299505e-02
   endloop
 endfacet
 facet normal  0.0000000000e+00 1.9809986972e-01 -9.8018184110e-01
   outer loop
     vertex 1.1908250000e-01 2.7489148515e-02 -6.5094299505e-02
     vertex 1.1977250000e-01 2.7489148515e-02 -6.5094299505e-02
     vertex 1.1977250000e-01 0.0000000000e+00 -7.0650000000e-02
   endloop
 endfacet
 facet normal  0.0000000000e+00 1.9809986972e-01 -9.8018184110e-01
   outer loop
     vertex 1.1908250000e-01 2.7489148515e-02 -6.5094299505e-02
     vertex 1.1977250000e-01 0.0000000000e+00 -7.0650000000e-02
     vertex 1.1908250000e-01 0.0000000000e+00 -7.0650000000e-02
   endloop
 endfacet
 facet normal  -0.0000000000e+00 -1.9809986972e-01 -9.8018184110e-01
   outer loop
     vertex 1.1908250000e-01 0.0000000000e+00 -7.0650000000e-02
     vertex 1.1977250000e-01 0.0000000000e+00 -7.0650000000e-02
     vertex 1.1908250000e-01 -2.7489148515e-02 -6.5094299505e-02
   endloop
 endfacet
 facet normal  9.9608259304e-16 -1.9809986972e-01 -9.8018184110e-01
   outer loop
     vertex 1.1977250000e-01 0.0000000000e+00 -7.0650000000e-02
     vertex 1.1977250000e-01 -2.7489148515e-02 -6.5094299505e-02
     vertex 1.1908250000e-01 -2.7489148515e-02 -6.5094299505e-02
   endloop
 endfacet
 facet normal  2.8115700853e-15 -5.5916213326e-01 -8.2905832649e-01
   outer loop
     vertex 1.1908250000e-01 -2.7489148515e-02 -6.5094299505e-02
     vertex 1.1977250000e-01 -2.7489148515e-02 -6.5094299505e-02
     vertex 1.1908250000e-01 -4.9947298680e-02 -4.9947298680e-02
   endloop
 endfacet
 facet normal  8.3373156054e-15 -5.5916213326e-01 -8.2905832649e-01
   outer loop
     vertex 1.1977250000e-01 -2.7489148515e-02 -6.5094299505e-02
     vertex 1.1977250000e-01 -4.9947298680e-02 -4.9947298680e-02
     vertex 1.1908250000e-01 -4.9947298680e-02 -4.9947298680e-02
   endloop
 endfacet
 facet normal  5.6231401707e-15 -8.2905832649e-01 -5.5916213326e-01
   outer loop
     vertex 1.1908250000e-01 -4.9947298680e-02 -4.9947298680e-02
     vertex 1.1977250000e-01 -4.9947298680e-02 -4.9947298680e-02
     vertex 1.1908250000e-01 -6.5094299505e-02 -2.7489148515e-02
   endloop
 endfacet
 facet normal  -0.0000000000e+00 -8.2905832649e-01 -5.5916213326e-01
   outer loop
     vertex 1.1977250000e-01 -4.9947298680e-02 -4.9947298680e-02
     vertex 1.1977250000e-01 -6.5094299505e-02 -2.7489148515e-02
     vertex 1.1908250000e-01 -6.5094299505e-02 -2.7489148515e-02
   endloop
 endfacet
 facet normal  -0.0000000000e+00 -9.8018184110e-01 -1.9809986972e-01
   outer loop
     vertex 1.1908250000e-01 -6.5094299505e-02 -2.7489148515e-02
     vertex 1.1977250000e-01 -6.5094299505e-02 -2.7489148515e-02
     vertex 1.1908250000e-01 -7.0650000000e-02 0.0000000000e+00
   endloop
 endfacet
 facet normal  -0.0000000000e+00 -9.8018184110e-01 -1.9809986972e-01
   outer loop
     vertex 1.1977250000e-01 -6.5094299505e-02 -2.7489148515e-02
     vertex 1.1977250000e-01 -7.0650000000e-02 0.0000000000e+00
     vertex 1.1908250000e-01 -7.0650000000e-02 0.0000000000e+00
   endloop
 endfacet
 facet normal  0.0000000000e+00 -9.8018184110e-01 1.9809986972e-01
   outer loop
     vertex 1.1908250000e-01 -7.0650000000e-02 0.0000000000e+00
     vertex 1.1977250000e-01 -7.0650000000e-02 0.0000000000e+00
     vertex 1.1977250000e-01 -6.5094299505e-02 2.7489148515e-02
   endloop
 endfacet
 facet normal  0.0000000000e+00 -9.8018184110e-01 1.9809986972e-01
   outer loop
     vertex 1.1908250000e-01 -7.0650000000e-02 0.0000000000e+00
     vertex 1.1977250000e-01 -6.5094299505e-02 2.7489148515e-02
     vertex 1.1908250000e-01 -6.5094299505e-02 2.7489148515e-02
   endloop
 endfacet
 facet normal  0.0000000000e+00 -8.2905832649e-01 5.5916213326e-01
   outer loop
     vertex 1.1908250000e-01 -6.5094299505e-02 2.7489148515e-02
     vertex 1.1977250000e-01 -6.5094299505e-02 2.7489148515e-02
     vertex 1.1977250000e-01 -4.9947298680e-02 4.9947298680e-02
   endloop
 endfacet
 facet normal  5.6231401707e-15 -8.2905832649e-01 5.5916213326e-01
   outer loop
     vertex 1.1908250000e-01 -6.5094299505e-02 2.7489148515e-02
     vertex 1.1977250000e-01 -4.9947298680e-02 4.9947298680e-02
     vertex 1.1908250000e-01 -4.9947298680e-02 4.9947298680e-02
   endloop
 endfacet
 facet normal  8.3373156054e-15 -5.5916213326e-01 8.2905832649e-01
   outer loop
     vertex 1.1908250000e-01 -4.9947298680e-02 4.9947298680e-02
     vertex 1.1977250000e-01 -4.9947298680e-02 4.9947298680e-02
     vertex 1.1977250000e-01 -2.7489148515e-02 6.5094299505e-02
   endloop
 endfacet
 facet normal  2.8115700853e-15 -5.5916213326e-01 8.2905832649e-01
   outer loop
     vertex 1.1908250000e-01 -4.9947298680e-02 4.9947298680e-02
     vertex 1.1977250000e-01 -2.7489148515e-02 6.5094299505e-02
     vertex 1.1908250000e-01 -2.7489148515e-02 6.5094299505e-02
   endloop
 endfacet
 facet normal  9.9608259304e-16 -1.9809986972e-01 9.8018184110e-01
   outer loop
     vertex 1.1908250000e-01 -2.7489148515e-02 6.5094299505e-02
     vertex 1.1977250000e-01 -2.7489148515e-02 6.5094299505e-02
     vertex 1.1977250000e-01 0.0000000000e+00 7.0650000000e-02
   endloop
 endfacet
 facet normal  0.0000000000e+00 -1.9809986972e-01 9.8018184110e-01
   outer loop
     vertex 1.1908250000e-01 -2.7489148515e-02 6.5094299505e-02
     vertex 1.1977250000e-01 0.0000000000e+00 7.0650000000e-02
     vertex 1.1908250000e-01 0.0000000000e+00 7.0650000000e-02
   endloop
 endfacet
 facet normal  0.0000000000e+00 1.9809986972e-01 9.8018184110e-01
   outer loop
     vertex 1.1908250000e-01 0.0000000000e+00 7.0650000000e-02
     vertex 1.1977250000e-01 0.0000000000e+00 7.0650000000e-02
     vertex 1.1908250000e-01 2.7489148515e-02 6.5094299505e-02
   endloop
 endfacet
 facet normal  0.0000000000e+00 1.9809986972e-01 9.8018184110e-01
   outer loop
     vertex 1.1977250000e-01 0.0000000000e+00 7.0650000000e-02
     vertex 1.1977250000e-01 2.7489148515e-02 6.5094299505e-02
     vertex 1.1908250000e-01 2.7489148515e-02 6.5094299505e-02
   endloop
 endfacet
 facet normal  0.0000000000e+00 5.5916213326e-01 8.2905832649e-01
   outer loop
     vertex 1.1908250000e-01 2.7489148515e-02 6.5094299505e-02
     vertex 1.1977250000e-01 2.7489148515e-02 6.5094299505e-02
     vertex 1.1908250000e-01 4.9947298680e-02 4.9947298680e-02
   endloop
 endfacet
 facet normal  1.3960455776e-14 5.5916213326e-01 8.2905832649e-01
   outer loop
     vertex 1.1977250000e-01 2.7489148515e-02 6.5094299505e-02
     vertex 1.1977250000e-01 4.9947298680e-02 4.9947298680e-02
     vertex 1.1908250000e-01 4.9947298680e-02 4.9947298680e-02
   endloop
 endfacet
 facet normal  1.3960455776e-14 8.2905832649e-01 5.5916213326e-01
   outer loop
     vertex 1.1908250000e-01 4.9947298680e-02 4.9947298680e-02
     vertex 1.1977250000e-01 4.9947298680e-02 4.9947298680e-02
     vertex 1.1908250000e-01 6.5094299505e-02 2.7489148515e-02
   endloop
 endfacet
 facet normal  0.0000000000e+00 8.2905832649e-01 5.5916213326e-01
   outer loop
     vertex 1.1977250000e-01 4.9947298680e-02 4.9947298680e-02
     vertex 1.1977250000e-01 6.5094299505e-02 2.7489148515e-02
     vertex 1.1908250000e-01 6.5094299505e-02 2.7489148515e-02
   endloop
 endfacet
 facet normal  0.0000000000e+00 9.8018184110e-01 1.9809986972e-01
   outer loop
     vertex 1.1908250000e-01 6.5094299505e-02 2.7489148515e-02
     vertex 1.1977250000e-01 6.5094299505e-02 2.7489148515e-02
     vertex 1.1908250000e-01 7.0650000000e-02 0.0000000000e+00
   endloop
 endfacet
 facet normal  0.0000000000e+00 9.8018184110e-01 1.9809986972e-01
   outer loop
     vertex 1.1977250000e-01 6.5094299505e-02 2.7489148515e-02
     vertex 1.1977250000e-01 7.0650000000e-02 0.0000000000e+00
     vertex 1.1908250000e-01 7.0650000000e-02 0.0000000000e+00
   endloop
 endfacet
 facet normal  0.0000000000e+00 9.8018184110e-01 -1.9809986972e-01
   outer loop
     vertex 1.1977250000e-01 7.0650000000e-02 0.0000000000e+00
     vertex 1.2057750000e-01 7.0650000000e-02 0.0000000000e+00
     vertex 1.2057750000e-01 6.5094299505e-02 -2.7489148515e-02
   endloop
 endfacet
 facet normal  8.5378507975e-16 9.8018184110e-01 -1.9809986972e-01
   outer loop
     vertex 1.1977250000e-01 7.0650000000e-02 0.0000000000e+00
     vertex 1.2057750000e-01 6.5094299505e-02 -2.7489148515e-02
     vertex 1.1977250000e-01 6.5094299505e-02 -2.7489148515e-02
   endloop
 endfacet
 facet normal  2.4099172160e-15 8.2905832649e-01 -5.5916213326e-01
   outer loop
     vertex 1.1977250000e-01 6.5094299505e-02 -2.7489148515e-02
     vertex 1.2057750000e-01 6.5094299505e-02 -2.7489148515e-02
     vertex 1.2057750000e-01 4.9947298680e-02 -4.9947298680e-02
   endloop
 endfacet
 facet normal  0.0000000000e+00 8.2905832649e-01 -5.5916213326e-01
   outer loop
     vertex 1.1977250000e-01 6.5094299505e-02 -2.7489148515e-02
     vertex 1.2057750000e-01 4.9947298680e-02 -4.9947298680e-02
     vertex 1.1977250000e-01 4.9947298680e-02 -4.9947298680e-02
   endloop
 endfacet
 facet normal  0.0000000000e+00 5.5916213326e-01 -8.2905832649e-01
   outer loop
     vertex 1.1977250000e-01 4.9947298680e-02 -4.9947298680e-02
     vertex 1.2057750000e-01 4.9947298680e-02 -4.9947298680e-02
     vertex 1.2057750000e-01 2.7489148515e-02 -6.5094299505e-02
   endloop
 endfacet
 facet normal  2.4099172160e-15 5.5916213326e-01 -8.2905832649e-01
   outer loop
     vertex 1.1977250000e-01 4.9947298680e-02 -4.9947298680e-02
     vertex 1.2057750000e-01 2.7489148515e-02 -6.5094299505e-02
     vertex 1.1977250000e-01 2.7489148515e-02 -6.5094299505e-02
   endloop
 endfacet
 facet normal  8.5378507975e-16 1.9809986972e-01 -9.8018184110e-01
   outer loop
     vertex 1.1977250000e-01 2.7489148515e-02 -6.5094299505e-02
     vertex 1.2057750000e-01 2.7489148515e-02 -6.5094299505e-02
     vertex 1.2057750000e-01 0.0000000000e+00 -7.0650000000e-02
   endloop
 endfacet
 facet normal  0.0000000000e+00 1.9809986972e-01 -9.8018184110e-01
   outer loop
     vertex 1.1977250000e-01 2.7489148515e-02 -6.5094299505e-02
     vertex 1.2057750000e-01 0.0000000000e+00 -7.0650000000e-02
     vertex 1.1977250000e-01 0.0000000000e+00 -7.0650000000e-02
   endloop
 endfacet
 facet normal  -0.0000000000e+00 -1.9809986972e-01 -9.8018184110e-01
   outer loop
     vertex 1.1977250000e-01 0.0000000000e+00 -7.0650000000e-02
     vertex 1.2057750000e-01 0.0000000000e+00 -7.0650000000e-02
     vertex 1.1977250000e-01 -2.7489148515e-02 -6.5094299505e-02
   endloop
 endfacet
 facet normal  -0.0000000000e+00 -1.9809986972e-01 -9.8018184110e-01
   outer loop
     vertex 1.2057750000e-01 0.0000000000e+00 -7.0650000000e-02
     vertex 1.2057750000e-01 -2.7489148515e-02 -6.5094299505e-02
     vertex 1.1977250000e-01 -2.7489148515e-02 -6.5094299505e-02
   endloop
 endfacet
 facet normal  -0.0000000000e+00 -5.5916213326e-01 -8.2905832649e-01
   outer loop
     vertex 1.1977250000e-01 -2.7489148515e-02 -6.5094299505e-02
     vertex 1.2057750000e-01 -2.7489148515e-02 -6.5094299505e-02
     vertex 1.1977250000e-01 -4.9947298680e-02 -4.9947298680e-02
   endloop
 endfacet
 facet normal  -0.0000000000e+00 -5.5916213326e-01 -8.2905832649e-01
   outer loop
     vertex 1.2057750000e-01 -2.7489148515e-02 -6.5094299505e-02
     vertex 1.2057750000e-01 -4.9947298680e-02 -4.9947298680e-02
     vertex 1.1977250000e-01 -4.9947298680e-02 -4.9947298680e-02
   endloop
 endfacet
 facet normal  -0.0000000000e+00 -8.2905832649e-01 -5.5916213326e-01
   outer loop
     vertex 1.1977250000e-01 -4.9947298680e-02 -4.9947298680e-02
     vertex 1.2057750000e-01 -4.9947298680e-02 -4.9947298680e-02
     vertex 1.1977250000e-01 -6.5094299505e-02 -2.7489148515e-02
   endloop
 endfacet
 facet normal  2.4099172160e-15 -8.2905832649e-01 -5.5916213326e-01
   outer loop
     vertex 1.2057750000e-01 -4.9947298680e-02 -4.9947298680e-02
     vertex 1.2057750000e-01 -6.5094299505e-02 -2.7489148515e-02
     vertex 1.1977250000e-01 -6.5094299505e-02 -2.7489148515e-02
   endloop
 endfacet
 facet normal  8.5378507975e-16 -9.8018184110e-01 -1.9809986972e-01
   outer loop
     vertex 1.1977250000e-01 -6.5094299505e-02 -2.7489148515e-02
     vertex 1.2057750000e-01 -6.5094299505e-02 -2.7489148515e-02
     vertex 1.1977250000e-01 -7.0650000000e-02 0.0000000000e+00
   endloop
 endfacet
 facet normal  -0.0000000000e+00 -9.8018184110e-01 -1.9809986972e-01
   outer loop
     vertex 1.2057750000e-01 -6.5094299505e-02 -2.7489148515e-02
     vertex 1.2057750000e-01 -7.0650000000e-02 0.0000000000e+00
     vertex 1.1977250000e-01 -7.0650000000e-02 0.0000000000e+00
   endloop
 endfacet
 facet normal  0.0000000000e+00 -9.8018184110e-01 1.9809986972e-01
   outer loop
     vertex 1.1977250000e-01 -7.0650000000e-02 0.0000000000e+00
     vertex 1.2057750000e-01 -7.0650000000e-02 0.0000000000e+00
     vertex 1.2057750000e-01 -6.5094299505e-02 2.7489148515e-02
   endloop
 endfacet
 facet normal  8.5378507975e-16 -9.8018184110e-01 1.9809986972e-01
   outer loop
     vertex 1.1977250000e-01 -7.0650000000e-02 0.0000000000e+00
     vertex 1.2057750000e-01 -6.5094299505e-02 2.7489148515e-02
     vertex 1.1977250000e-01 -6.5094299505e-02 2.7489148515e-02
   endloop
 endfacet
 facet normal  2.4099172160e-15 -8.2905832649e-01 5.5916213326e-01
   outer loop
     vertex 1.1977250000e-01 -6.5094299505e-02 2.7489148515e-02
     vertex 1.2057750000e-01 -6.5094299505e-02 2.7489148515e-02
     vertex 1.2057750000e-01 -4.9947298680e-02 4.9947298680e-02
   endloop
 endfacet
 facet normal  0.0000000000e+00 -8.2905832649e-01 5.5916213326e-01
   outer loop
     vertex 1.1977250000e-01 -6.5094299505e-02 2.7489148515e-02
     vertex 1.2057750000e-01 -4.9947298680e-02 4.9947298680e-02
     vertex 1.1977250000e-01 -4.9947298680e-02 4.9947298680e-02
   endloop
 endfacet
 facet normal  0.0000000000e+00 -5.5916213326e-01 8.2905832649e-01
   outer loop
     vertex 1.1977250000e-01 -4.9947298680e-02 4.9947298680e-02
     vertex 1.2057750000e-01 -4.9947298680e-02 4.9947298680e-02
     vertex 1.2057750000e-01 -2.7489148515e-02 6.5094299505e-02
   endloop
 endfacet
 facet normal  0.0000000000e+00 -5.5916213326e-01 8.2905832649e-01
   outer loop
     vertex 1.1977250000e-01 -4.9947298680e-02 4.9947298680e-02
     vertex 1.2057750000e-01 -2.7489148515e-02 6.5094299505e-02
     vertex 1.1977250000e-01 -2.7489148515e-02 6.5094299505e-02
   endloop
 endfacet
 facet normal  0.0000000000e+00 -1.9809986972e-01 9.8018184110e-01
   outer loop
     vertex 1.1977250000e-01 -2.7489148515e-02 6.5094299505e-02
     vertex 1.2057750000e-01 -2.7489148515e-02 6.5094299505e-02
     vertex 1.2057750000e-01 0.0000000000e+00 7.0650000000e-02
   endloop
 endfacet
 facet normal  0.0000000000e+00 -1.9809986972e-01 9.8018184110e-01
   outer loop
     vertex 1.1977250000e-01 -2.7489148515e-02 6.5094299505e-02
     vertex 1.2057750000e-01 0.0000000000e+00 7.0650000000e-02
     vertex 1.1977250000e-01 0.0000000000e+00 7.0650000000e-02
   endloop
 endfacet
 facet normal  0.0000000000e+00 1.9809986972e-01 9.8018184110e-01
   outer loop
     vertex 1.1977250000e-01 0.0000000000e+00 7.0650000000e-02
     vertex 1.2057750000e-01 0.0000000000e+00 7.0650000000e-02
     vertex 1.1977250000e-01 2.7489148515e-02 6.5094299505e-02
   endloop
 endfacet
 facet normal  8.5378507975e-16 1.9809986972e-01 9.8018184110e-01
   outer loop
     vertex 1.2057750000e-01 0.0000000000e+00 7.0650000000e-02
     vertex 1.2057750000e-01 2.7489148515e-02 6.5094299505e-02
     vertex 1.1977250000e-01 2.7489148515e-02 6.5094299505e-02
   endloop
 endfacet
 facet normal  2.4099172160e-15 5.5916213326e-01 8.2905832649e-01
   outer loop
     vertex 1.1977250000e-01 2.7489148515e-02 6.5094299505e-02
     vertex 1.2057750000e-01 2.7489148515e-02 6.5094299505e-02
     vertex 1.1977250000e-01 4.9947298680e-02 4.9947298680e-02
   endloop
 endfacet
 facet normal  0.0000000000e+00 5.5916213326e-01 8.2905832649e-01
   outer loop
     vertex 1.2057750000e-01 2.7489148515e-02 6.5094299505e-02
     vertex 1.2057750000e-01 4.9947298680e-02 4.9947298680e-02
     vertex 1.1977250000e-01 4.9947298680e-02 4.9947298680e-02
   endloop
 endfacet
 facet normal  0.0000000000e+00 8.2905832649e-01 5.5916213326e-01
   outer loop
     vertex 1.1977250000e-01 4.9947298680e-02 4.9947298680e-02
     vertex 1.2057750000e-01 4.9947298680e-02 4.9947298680e-02
     vertex 1.1977250000e-01 6.5094299505e-02 2.7489148515e-02
   endloop
 endfacet
 facet normal  2.4099172160e-15 8.2905832649e-01 5.5916213326e-01
   outer loop
     vertex 1.2057750000e-01 4.9947298680e-02 4.9947298680e-02
     vertex 1.2057750000e-01 6.5094299505e-02 2.7489148515e-02
     vertex 1.1977250000e-01 6.5094299505e-02 2.7489148515e-02
   endloop
 endfacet
 facet normal  8.5378507975e-16 9.8018184110e-01 1.9809986972e-01
   outer loop
     vertex 1.1977250000e-01 6.5094299505e-02 2.7489148515e-02
     vertex 1.2057750000e-01 6.5094299505e-02 2.7489148515e-02
     vertex 1.1977250000e-01 7.0650000000e-02 0.0000000000e+00
   endloop
 endfacet
 facet normal  0.0000000000e+00 9.8018184110e-01 1.9809986972e-01
   outer loop
     vertex 1.2057750000e-01 6.5094299505e-02 2.7489148515e-02
     vertex 1.2057750000e-01 7.0650000000e-02 0.0000000000e+00
     vertex 1.1977250000e-01 7.0650000000e-02 0.0000000000e+00
   endloop
 endfacet
 facet normal  0.0000000000e+00 9.8018184110e-01 -1.9809986972e-01
   outer loop
     vertex 1.2057750000e-01 7.0650000000e-02 0.0000000000e+00
     vertex 1.2141125000e-01 7.0650000000e-02 0.0000000000e+00
     vertex 1.2141125000e-01 6.5094299505e-02 -2.7489148515e-02
   endloop
 endfacet
 facet normal  0.0000000000e+00 9.8018184110e-01 -1.9809986972e-01
   outer loop
     vertex 1.2057750000e-01 7.0650000000e-02 0.0000000000e+00
     vertex 1.2141125000e-01 6.5094299505e-02 -2.7489148515e-02
     vertex 1.2057750000e-01 6.5094299505e-02 -2.7489148515e-02
   endloop
 endfacet
 facet normal  0.0000000000e+00 8.2905832649e-01 -5.5916213326e-01
   outer loop
     vertex 1.2057750000e-01 6.5094299505e-02 -2.7489148515e-02
     vertex 1.2141125000e-01 6.5094299505e-02 -2.7489148515e-02
     vertex 1.2141125000e-01 4.9947298680e-02 -4.9947298680e-02
   endloop
 endfacet
 facet normal  0.0000000000e+00 8.2905832649e-01 -5.5916213326e-01
   outer loop
     vertex 1.2057750000e-01 6.5094299505e-02 -2.7489148515e-02
     vertex 1.2141125000e-01 4.9947298680e-02 -4.9947298680e-02
     vertex 1.2057750000e-01 4.9947298680e-02 -4.9947298680e-02
   endloop
 endfacet
 facet normal  0.0000000000e+00 5.5916213326e-01 -8.2905832649e-01
   outer loop
     vertex 1.2057750000e-01 4.9947298680e-02 -4.9947298680e-02
     vertex 1.2141125000e-01 4.9947298680e-02 -4.9947298680e-02
     vertex 1.2141125000e-01 2.7489148515e-02 -6.5094299505e-02
   endloop
 endfacet
 facet normal  0.0000000000e+00 5.5916213326e-01 -8.2905832649e-01
   outer loop
     vertex 1.2057750000e-01 4.9947298680e-02 -4.9947298680e-02
     vertex 1.2141125000e-01 2.7489148515e-02 -6.5094299505e-02
     vertex 1.2057750000e-01 2.7489148515e-02 -6.5094299505e-02
   endloop
 endfacet
 facet normal  0.0000000000e+00 1.9809986972e-01 -9.8018184110e-01
   outer loop
     vertex 1.2057750000e-01 2.7489148515e-02 -6.5094299505e-02
     vertex 1.2141125000e-01 2.7489148515e-02 -6.5094299505e-02
     vertex 1.2141125000e-01 0.0000000000e+00 -7.0650000000e-02
   endloop
 endfacet
 facet normal  0.0000000000e+00 1.9809986972e-01 -9.8018184110e-01
   outer loop
     vertex 1.2057750000e-01 2.7489148515e-02 -6.5094299505e-02
     vertex 1.2141125000e-01 0.0000000000e+00 -7.0650000000e-02
     vertex 1.2057750000e-01 0.0000000000e+00 -7.0650000000e-02
   endloop
 endfacet
 facet normal  -0.0000000000e+00 -1.9809986972e-01 -9.8018184110e-01
   outer loop
     vertex 1.2057750000e-01 0.0000000000e+00 -7.0650000000e-02
     vertex 1.2141125000e-01 0.0000000000e+00 -7.0650000000e-02
     vertex 1.2057750000e-01 -2.7489148515e-02 -6.5094299505e-02
   endloop
 endfacet
 facet normal  -8.2434421493e-16 -1.9809986972e-01 -9.8018184110e-01
   outer loop
     vertex 1.2141125000e-01 0.0000000000e+00 -7.0650000000e-02
     vertex 1.2141125000e-01 -2.7489148515e-02 -6.5094299505e-02
     vertex 1.2057750000e-01 -2.7489148515e-02 -6.5094299505e-02
   endloop
 endfacet
 facet normal  -2.3268166223e-15 -5.5916213326e-01 -8.2905832649e-01
   outer loop
     vertex 1.2057750000e-01 -2.7489148515e-02 -6.5094299505e-02
     vertex 1.2141125000e-01 -2.7489148515e-02 -6.5094299505e-02
     vertex 1.2057750000e-01 -4.9947298680e-02 -4.9947298680e-02
   endloop
 endfacet
 facet normal  -0.0000000000e+00 -5.5916213326e-01 -8.2905832649e-01
   outer loop
     vertex 1.2141125000e-01 -2.7489148515e-02 -6.5094299505e-02
     vertex 1.2141125000e-01 -4.9947298680e-02 -4.9947298680e-02
     vertex 1.2057750000e-01 -4.9947298680e-02 -4.9947298680e-02
   endloop
 endfacet
 facet normal  -0.0000000000e+00 -8.2905832649e-01 -5.5916213326e-01
   outer loop
     vertex 1.2057750000e-01 -4.9947298680e-02 -4.9947298680e-02
     vertex 1.2141125000e-01 -4.9947298680e-02 -4.9947298680e-02
     vertex 1.2057750000e-01 -6.5094299505e-02 -2.7489148515e-02
   endloop
 endfacet
 facet normal  -0.0000000000e+00 -8.2905832649e-01 -5.5916213326e-01
   outer loop
     vertex 1.2141125000e-01 -4.9947298680e-02 -4.9947298680e-02
     vertex 1.2141125000e-01 -6.5094299505e-02 -2.7489148515e-02
     vertex 1.2057750000e-01 -6.5094299505e-02 -2.7489148515e-02
   endloop
 endfacet
 facet normal  -0.0000000000e+00 -9.8018184110e-01 -1.9809986972e-01
   outer loop
     vertex 1.2057750000e-01 -6.5094299505e-02 -2.7489148515e-02
     vertex 1.2141125000e-01 -6.5094299505e-02 -2.7489148515e-02
     vertex 1.2057750000e-01 -7.0650000000e-02 0.0000000000e+00
   endloop
 endfacet
 facet normal  -0.0000000000e+00 -9.8018184110e-01 -1.9809986972e-01
   outer loop
     vertex 1.2141125000e-01 -6.5094299505e-02 -2.7489148515e-02
     vertex 1.2141125000e-01 -7.0650000000e-02 0.0000000000e+00
     vertex 1.2057750000e-01 -7.0650000000e-02 0.0000000000e+00
   endloop
 endfacet
 facet normal  0.0000000000e+00 -9.8018184110e-01 1.9809986972e-01
   outer loop
     vertex 1.2057750000e-01 -7.0650000000e-02 0.0000000000e+00
     vertex 1.2141125000e-01 -7.0650000000e-02 0.0000000000e+00
     vertex 1.2141125000e-01 -6.5094299505e-02 2.7489148515e-02
   endloop
 endfacet
 facet normal  0.0000000000e+00 -9.8018184110e-01 1.9809986972e-01
   outer loop
     vertex 1.2057750000e-01 -7.0650000000e-02 0.0000000000e+00
     vertex 1.2141125000e-01 -6.5094299505e-02 2.7489148515e-02
     vertex 1.2057750000e-01 -6.5094299505e-02 2.7489148515e-02
   endloop
 endfacet
 facet normal  0.0000000000e+00 -8.2905832649e-01 5.5916213326e-01
   outer loop
     vertex 1.2057750000e-01 -6.5094299505e-02 2.7489148515e-02
     vertex 1.2141125000e-01 -6.5094299505e-02 2.7489148515e-02
     vertex 1.2141125000e-01 -4.9947298680e-02 4.9947298680e-02
   endloop
 endfacet
 facet normal  0.0000000000e+00 -8.2905832649e-01 5.5916213326e-01
   outer loop
     vertex 1.2057750000e-01 -6.5094299505e-02 2.7489148515e-02
     vertex 1.2141125000e-01 -4.9947298680e-02 4.9947298680e-02
     vertex 1.2057750000e-01 -4.9947298680e-02 4.9947298680e-02
   endloop
 endfacet
 facet normal  0.0000000000e+00 -5.5916213326e-01 8.2905832649e-01
   outer loop
     vertex 1.2057750000e-01 -4.9947298680e-02 4.9947298680e-02
     vertex 1.2141125000e-01 -4.9947298680e-02 4.9947298680e-02
     vertex 1.2141125000e-01 -2.7489148515e-02 6.5094299505e-02
   endloop
 endfacet
 facet normal  -2.3268166223e-15 -5.5916213326e-01 8.2905832649e-01
   outer loop
     vertex 1.2057750000e-01 -4.9947298680e-02 4.9947298680e-02
     vertex 1.2141125000e-01 -2.7489148515e-02 6.5094299505e-02
     vertex 1.2057750000e-01 -2.7489148515e-02 6.5094299505e-02
   endloop
 endfacet
 facet normal  -8.2434421493e-16 -1.9809986972e-01 9.8018184110e-01
   outer loop
     vertex 1.2057750000e-01 -2.7489148515e-02 6.5094299505e-02
     vertex 1.2141125000e-01 -2.7489148515e-02 6.5094299505e-02
     vertex 1.2141125000e-01 0.0000000000e+00 7.0650000000e-02
   endloop
 endfacet
 facet normal  0.0000000000e+00 -1.9809986972e-01 9.8018184110e-01
   outer loop
     vertex 1.2057750000e-01 -2.7489148515e-02 6.5094299505e-02
     vertex 1.2141125000e-01 0.0000000000e+00 7.0650000000e-02
     vertex 1.2057750000e-01 0.0000000000e+00 7.0650000000e-02
   endloop
 endfacet
 facet normal  0.0000000000e+00 1.9809986972e-01 9.8018184110e-01
   outer loop
     vertex 1.2057750000e-01 0.0000000000e+00 7.0650000000e-02
     vertex 1.2141125000e-01 0.0000000000e+00 7.0650000000e-02
     vertex 1.2057750000e-01 2.7489148515e-02 6.5094299505e-02
   endloop
 endfacet
 facet normal  0.0000000000e+00 1.9809986972e-01 9.8018184110e-01
   outer loop
     vertex 1.2141125000e-01 0.0000000000e+00 7.0650000000e-02
     vertex 1.2141125000e-01 2.7489148515e-02 6.5094299505e-02
     vertex 1.2057750000e-01 2.7489148515e-02 6.5094299505e-02
   endloop
 endfacet
 facet normal  0.0000000000e+00 5.5916213326e-01 8.2905832649e-01
   outer loop
     vertex 1.2057750000e-01 2.7489148515e-02 6.5094299505e-02
     vertex 1.2141125000e-01 2.7489148515e-02 6.5094299505e-02
     vertex 1.2057750000e-01 4.9947298680e-02 4.9947298680e-02
   endloop
 endfacet
 facet normal  0.0000000000e+00 5.5916213326e-01 8.2905832649e-01
   outer loop
     vertex 1.2141125000e-01 2.7489148515e-02 6.5094299505e-02
     vertex 1.2141125000e-01 4.9947298680e-02 4.9947298680e-02
     vertex 1.2057750000e-01 4.9947298680e-02 4.9947298680e-02
   endloop
 endfacet
 facet normal  0.0000000000e+00 8.2905832649e-01 5.5916213326e-01
   outer loop
     vertex 1.2057750000e-01 4.9947298680e-02 4.9947298680e-02
     vertex 1.2141125000e-01 4.9947298680e-02 4.9947298680e-02
     vertex 1.2057750000e-01 6.5094299505e-02 2.7489148515e-02
   endloop
 endfacet
 facet normal  0.0000000000e+00 8.2905832649e-01 5.5916213326e-01
   outer loop
     vertex 1.2141125000e-01 4.9947298680e-02 4.9947298680e-02
     vertex 1.2141125000e-01 6.5094299505e-02 2.7489148515e-02
     vertex 1.2057750000e-01 6.5094299505e-02 2.7489148515e-02
   endloop
 endfacet
 facet normal  0.0000000000e+00 9.8018184110e-01 1.9809986972e-01
   outer loop
     vertex 1.2057750000e-01 6.5094299505e-02 2.7489148515e-02
     vertex 1.2141125000e-01 6.5094299505e-02 2.7489148515e-02
     vertex 1.2057750000e-01 7.0650000000e-02 0.0000000000e+00
   endloop
 endfacet
 facet normal  0.0000000000e+00 9.8018184110e-01 1.9809986972e-01
   outer loop
     vertex 1.2141125000e-01 6.5094299505e-02 2.7489148515e-02
     vertex 1.2141125000e-01 7.0650000000e-02 0.0000000000e+00
     vertex 1.2057750000e-01 7.0650000000e-02 0.0000000000e+00
   endloop
 endfacet
 facet normal  0.0000000000e+00 9.8018184110e-01 -1.9809986972e-01
   outer loop
     vertex 1.2141125000e-01 7.0650000000e-02 0.0000000000e+00
     vertex 1.2218750000e-01 7.0650000000e-02 0.0000000000e+00
     vertex 1.2218750000e-01 6.5094299505e-02 -2.7489148515e-02
   endloop
 endfacet
 facet normal  -8.8540674937e-16 9.8018184110e-01 -1.9809986972e-01
   outer loop
     vertex 1.2141125000e-01 7.0650000000e-02 0.0000000000e+00
     vertex 1.2218750000e-01 6.5094299505e-02 -2.7489148515e-02
     vertex 1.2141125000e-01 6.5094299505e-02 -2.7489148515e-02
   endloop
 endfacet
 facet normal  -2.4991734092e-15 8.2905832649e-01 -5.5916213326e-01
   outer loop
     vertex 1.2141125000e-01 6.5094299505e-02 -2.7489148515e-02
     vertex 1.2218750000e-01 6.5094299505e-02 -2.7489148515e-02
     vertex 1.2218750000e-01 4.9947298680e-02 -4.9947298680e-02
   endloop
 endfacet
 facet normal  -1.2409294023e-14 8.2905832649e-01 -5.5916213326e-01
   outer loop
     vertex 1.2141125000e-01 6.5094299505e-02 -2.7489148515e-02
     vertex 1.2218750000e-01 4.9947298680e-02 -4.9947298680e-02
     vertex 1.2141125000e-01 4.9947298680e-02 -4.9947298680e-02
   endloop
 endfacet
 facet normal  -1.2409294023e-14 5.5916213326e-01 -8.2905832649e-01
   outer loop
     vertex 1.2141125000e-01 4.9947298680e-02 -4.9947298680e-02
     vertex 1.2218750000e-01 4.9947298680e-02 -4.9947298680e-02
     vertex 1.2218750000e-01 2.7489148515e-02 -6.5094299505e-02
   endloop
 endfacet
 facet normal  -2.4991734092e-15 5.5916213326e-01 -8.2905832649e-01
   outer loop
     vertex 1.2141125000e-01 4.9947298680e-02 -4.9947298680e-02
     vertex 1.2218750000e-01 2.7489148515e-02 -6.5094299505e-02
     vertex 1.2141125000e-01 2.7489148515e-02 -6.5094299505e-02
   endloop
 endfacet
 facet normal  -8.8540674937e-16 1.9809986972e-01 -9.8018184110e-01
   outer loop
     vertex 1.2141125000e-01 2.7489148515e-02 -6.5094299505e-02
     vertex 1.2218750000e-01 2.7489148515e-02 -6.5094299505e-02
     vertex 1.2218750000e-01 0.0000000000e+00 -7.0650000000e-02
   endloop
 endfacet
 facet normal  0.0000000000e+00 1.9809986972e-01 -9.8018184110e-01
   outer loop
     vertex 1.2141125000e-01 2.7489148515e-02 -6.5094299505e-02
     vertex 1.2218750000e-01 0.0000000000e+00 -7.0650000000e-02
     vertex 1.2141125000e-01 0.0000000000e+00 -7.0650000000e-02
   endloop
 endfacet
 facet normal  -0.0000000000e+00 -1.9809986972e-01 -9.8018184110e-01
   outer loop
     vertex 1.2141125000e-01 0.0000000000e+00 -7.0650000000e-02
     vertex 1.2218750000e-01 0.0000000000e+00 -7.0650000000e-02
     vertex 1.2141125000e-01 -2.7489148515e-02 -6.5094299505e-02
   endloop
 endfacet
 facet normal  -0.0000000000e+00 -1.9809986972e-01 -9.8018184110e-01
   outer loop
     vertex 1.2218750000e-01 0.0000000000e+00 -7.0650000000e-02
     vertex 1.2218750000e-01 -2.7489148515e-02 -6.5094299505e-02
     vertex 1.2141125000e-01 -2.7489148515e-02 -6.5094299505e-02
   endloop
 endfacet
 facet normal  -0.0000000000e+00 -5.5916213326e-01 -8.2905832649e-01
   outer loop
     vertex 1.2141125000e-01 -2.7489148515e-02 -6.5094299505e-02
     vertex 1.2218750000e-01 -2.7489148515e-02 -6.5094299505e-02
     vertex 1.2141125000e-01 -4.9947298680e-02 -4.9947298680e-02
   endloop
 endfacet
 facet normal  -7.4109472048e-15 -5.5916213326e-01 -8.2905832649e-01
   outer loop
     vertex 1.2218750000e-01 -2.7489148515e-02 -6.5094299505e-02
     vertex 1.2218750000e-01 -4.9947298680e-02 -4.9947298680e-02
     vertex 1.2141125000e-01 -4.9947298680e-02 -4.9947298680e-02
   endloop
 endfacet
 facet normal  -4.9983468184e-15 -8.2905832649e-01 -5.5916213326e-01
   outer loop
     vertex 1.2141125000e-01 -4.9947298680e-02 -4.9947298680e-02
     vertex 1.2218750000e-01 -4.9947298680e-02 -4.9947298680e-02
     vertex 1.2141125000e-01 -6.5094299505e-02 -2.7489148515e-02
   endloop
 endfacet
 facet normal  -2.4991734092e-15 -8.2905832649e-01 -5.5916213326e-01
   outer loop
     vertex 1.2218750000e-01 -4.9947298680e-02 -4.9947298680e-02
     vertex 1.2218750000e-01 -6.5094299505e-02 -2.7489148515e-02
     vertex 1.2141125000e-01 -6.5094299505e-02 -2.7489148515e-02
   endloop
 endfacet
 facet normal  -8.8540674937e-16 -9.8018184110e-01 -1.9809986972e-01
   outer loop
     vertex 1.2141125000e-01 -6.5094299505e-02 -2.7489148515e-02
     vertex 1.2218750000e-01 -6.5094299505e-02 -2.7489148515e-02
     vertex 1.2141125000e-01 -7.0650000000e-02 0.0000000000e+00
   endloop
 endfacet
 facet normal  -0.0000000000e+00 -9.8018184110e-01 -1.9809986972e-01
   outer loop
     vertex 1.2218750000e-01 -6.5094299505e-02 -2.7489148515e-02
     vertex 1.2218750000e-01 -7.0650000000e-02 0.0000000000e+00
     vertex 1.2141125000e-01 -7.0650000000e-02 0.0000000000e+00
   endloop
 endfacet
 facet normal  0.0000000000e+00 -9.8018184110e-01 1.9809986972e-01
   outer loop
     vertex 1.2141125000e-01 -7.0650000000e-02 0.0000000000e+00
     vertex 1.2218750000e-01 -7.0650000000e-02 0.0000000000e+00
     vertex 1.2218750000e-01 -6.5094299505e-02 2.7489148515e-02
   endloop
 endfacet
 facet normal  -8.8540674937e-16 -9.8018184110e-01 1.9809986972e-01
   outer loop
     vertex 1.2141125000e-01 -7.0650000000e-02 0.0000000000e+00
     vertex 1.2218750000e-01 -6.5094299505e-02 2.7489148515e-02
     vertex 1.2141125000e-01 -6.5094299505e-02 2.7489148515e-02
   endloop
 endfacet
 facet normal  -2.4991734092e-15 -8.2905832649e-01 5.5916213326e-01
   outer loop
     vertex 1.2141125000e-01 -6.5094299505e-02 2.7489148515e-02
     vertex 1.2218750000e-01 -6.5094299505e-02 2.7489148515e-02
     vertex 1.2218750000e-01 -4.9947298680e-02 4.9947298680e-02
   endloop
 endfacet
 facet normal  -4.9983468184e-15 -8.2905832649e-01 5.5916213326e-01
   outer loop
     vertex 1.2141125000e-01 -6.5094299505e-02 2.7489148515e-02
     vertex 1.2218750000e-01 -4.9947298680e-02 4.9947298680e-02
     vertex 1.2141125000e-01 -4.9947298680e-02 4.9947298680e-02
   endloop
 endfacet
 facet normal  -7.4109472048e-15 -5.5916213326e-01 8.2905832649e-01
   outer loop
     vertex 1.2141125000e-01 -4.9947298680e-02 4.9947298680e-02
     vertex 1.2218750000e-01 -4.9947298680e-02 4.9947298680e-02
     vertex 1.2218750000e-01 -2.7489148515e-02 6.5094299505e-02
   endloop
 endfacet
 facet normal  0.0000000000e+00 -5.5916213326e-01 8.2905832649e-01
   outer loop
     vertex 1.2141125000e-01 -4.9947298680e-02 4.9947298680e-02
     vertex 1.2218750000e-01 -2.7489148515e-02 6.5094299505e-02
     vertex 1.2141125000e-01 -2.7489148515e-02 6.5094299505e-02
   endloop
 endfacet
 facet normal  0.0000000000e+00 -1.9809986972e-01 9.8018184110e-01
   outer loop
     vertex 1.2141125000e-01 -2.7489148515e-02 6.5094299505e-02
     vertex 1.2218750000e-01 -2.7489148515e-02 6.5094299505e-02
     vertex 1.2218750000e-01 0.0000000000e+00 7.0650000000e-02
   endloop
 endfacet
 facet normal  0.0000000000e+00 -1.9809986972e-01 9.8018184110e-01
   outer loop
     vertex 1.2141125000e-01 -2.7489148515e-02 6.5094299505e-02
     vertex 1.2218750000e-01 0.0000000000e+00 7.0650000000e-02
     vertex 1.2141125000e-01 0.0000000000e+00 7.0650000000e-02
   endloop
 endfacet
 facet normal  0.0000000000e+00 1.9809986972e-01 9.8018184110e-01
   outer loop
     vertex 1.2141125000e-01 0.0000000000e+00 7.0650000000e-02
     vertex 1.2218750000e-01 0.0000000000e+00 7.0650000000e-02
     vertex 1.2141125000e-01 2.7489148515e-02 6.5094299505e-02
   endloop
 endfacet
 facet normal  -8.8540674937e-16 1.9809986972e-01 9.8018184110e-01
   outer loop
     vertex 1.2218750000e-01 0.0000000000e+00 7.0650000000e-02
     vertex 1.2218750000e-01 2.7489148515e-02 6.5094299505e-02
     vertex 1.2141125000e-01 2.7489148515e-02 6.5094299505e-02
   endloop
 endfacet
 facet normal  -2.4991734092e-15 5.5916213326e-01 8.2905832649e-01
   outer loop
     vertex 1.2141125000e-01 2.7489148515e-02 6.5094299505e-02
     vertex 1.2218750000e-01 2.7489148515e-02 6.5094299505e-02
     vertex 1.2141125000e-01 4.9947298680e-02 4.9947298680e-02
   endloop
 endfacet
 facet normal  -1.2409294023e-14 5.5916213326e-01 8.2905832649e-01
   outer loop
     vertex 1.2218750000e-01 2.7489148515e-02 6.5094299505e-02
     vertex 1.2218750000e-01 4.9947298680e-02 4.9947298680e-02
     vertex 1.2141125000e-01 4.9947298680e-02 4.9947298680e-02
   endloop
 endfacet
 facet normal  -1.2409294023e-14 8.2905832649e-01 5.5916213326e-01
   outer loop
     vertex 1.2141125000e-01 4.9947298680e-02 4.9947298680e-02
     vertex 1.2218750000e-01 4.9947298680e-02 4.9947298680e-02
     vertex 1.2141125000e-01 6.5094299505e-02 2.7489148515e-02
   endloop
 endfacet
 facet normal  -2.4991734092e-15 8.2905832649e-01 5.5916213326e-01
   outer loop
     vertex 1.2218750000e-01 4.9947298680e-02 4.9947298680e-02
     vertex 1.2218750000e-01 6.5094299505e-02 2.7489148515e-02
     vertex 1.2141125000e-01 6.5094299505e-02 2.7489148515e-02
   endloop
 endfacet
 facet normal  -8.8540674937e-16 9.8018184110e-01 1.9809986972e-01
   outer loop
     vertex 1.2141125000e-01 6.5094299505e-02 2.7489148515e-02
     vertex 1.2218750000e-01 6.5094299505e-02 2.7489148515e-02
     vertex 1.2141125000e-01 7.0650000000e-02 0.0000000000e+00
   endloop
 endfacet
 facet normal  0.0000000000e+00 9.8018184110e-01 1.9809986972e-01
   outer loop
     vertex 1.2218750000e-01 6.5094299505e-02 2.7489148515e-02
     vertex 1.2218750000e-01 7.0650000000e-02 0.0000000000e+00
     vertex 1.2141125000e-01 7.0650000000e-02 0.0000000000e+00
   endloop
 endfacet
 facet normal  0.0000000000e+00 9.8018184110e-01 -1.9809986972e-01
   outer loop
     vertex 1.2218750000e-01 7.0650000000e-02 0.0000000000e+00
     vertex 1.2316500000e-01 7.0650000000e-02 0.0000000000e+00
     vertex 1.2316500000e-01 6.5094299505e-02 -2.7489148515e-02
   endloop
 endfacet
 facet normal  0.0000000000e+00 9.8018184110e-01 -1.9809986972e-01
   outer loop
     vertex 1.2218750000e-01 7.0650000000e-02 0.0000000000e+00
     vertex 1.2316500000e-01 6.5094299505e-02 -2.7489148515e-02
     vertex 1.2218750000e-01 6.5094299505e-02 -2.7489148515e-02
   endloop
 endfacet
 facet normal  0.0000000000e+00 8.2905832649e-01 -5.5916213326e-01
   outer loop
     vertex 1.2218750000e-01 6.5094299505e-02 -2.7489148515e-02
     vertex 1.2316500000e-01 6.5094299505e-02 -2.7489148515e-02
     vertex 1.2316500000e-01 4.9947298680e-02 -4.9947298680e-02
   endloop
 endfacet
 facet normal  0.0000000000e+00 8.2905832649e-01 -5.5916213326e-01
   outer loop
     vertex 1.2218750000e-01 6.5094299505e-02 -2.7489148515e-02
     vertex 1.2316500000e-01 4.9947298680e-02 -4.9947298680e-02
     vertex 1.2218750000e-01 4.9947298680e-02 -4.9947298680e-02
   endloop
 endfacet
 facet normal  0.0000000000e+00 5.5916213326e-01 -8.2905832649e-01
   outer loop
     vertex 1.2218750000e-01 4.9947298680e-02 -4.9947298680e-02
     vertex 1.2316500000e-01 4.9947298680e-02 -4.9947298680e-02
     vertex 1.2316500000e-01 2.7489148515e-02 -6.5094299505e-02
   endloop
 endfacet
 facet normal  0.0000000000e+00 5.5916213326e-01 -8.2905832649e-01
   outer loop
     vertex 1.2218750000e-01 4.9947298680e-02 -4.9947298680e-02
     vertex 1.2316500000e-01 2.7489148515e-02 -6.5094299505e-02
     vertex 1.2218750000e-01 2.7489148515e-02 -6.5094299505e-02
   endloop
 endfacet
 facet normal  0.0000000000e+00 1.9809986972e-01 -9.8018184110e-01
   outer loop
     vertex 1.2218750000e-01 2.7489148515e-02 -6.5094299505e-02
     vertex 1.2316500000e-01 2.7489148515e-02 -6.5094299505e-02
     vertex 1.2316500000e-01 0.0000000000e+00 -7.0650000000e-02
   endloop
 endfacet
 facet normal  0.0000000000e+00 1.9809986972e-01 -9.8018184110e-01
   outer loop
     vertex 1.2218750000e-01 2.7489148515e-02 -6.5094299505e-02
     vertex 1.2316500000e-01 0.0000000000e+00 -7.0650000000e-02
     vertex 1.2218750000e-01 0.0000000000e+00 -7.0650000000e-02
   endloop
 endfacet
 facet normal  -0.0000000000e+00 -1.9809986972e-01 -9.8018184110e-01
   outer loop
     vertex 1.2218750000e-01 0.0000000000e+00 -7.0650000000e-02
     vertex 1.2316500000e-01 0.0000000000e+00 -7.0650000000e-02
     vertex 1.2218750000e-01 -2.7489148515e-02 -6.5094299505e-02
   endloop
 endfacet
 facet normal  -0.0000000000e+00 -1.9809986972e-01 -9.8018184110e-01
   outer loop
     vertex 1.2316500000e-01 0.0000000000e+00 -7.0650000000e-02
     vertex 1.2316500000e-01 -2.7489148515e-02 -6.5094299505e-02
     vertex 1.2218750000e-01 -2.7489148515e-02 -6.5094299505e-02
   endloop
 endfacet
 facet normal  -0.0000000000e+00 -5.5916213326e-01 -8.2905832649e-01
   outer loop
     vertex 1.2218750000e-01 -2.7489148515e-02 -6.5094299505e-02
     vertex 1.2316500000e-01 -2.7489148515e-02 -6.5094299505e-02
     vertex 1.2218750000e-01 -4.9947298680e-02 -4.9947298680e-02
   endloop
 endfacet
 facet normal  -0.0000000000e+00 -5.5916213326e-01 -8.2905832649e-01
   outer loop
     vertex 1.2316500000e-01 -2.7489148515e-02 -6.5094299505e-02
     vertex 1.2316500000e-01 -4.9947298680e-02 -4.9947298680e-02
     vertex 1.2218750000e-01 -4.9947298680e-02 -4.9947298680e-02
   endloop
 endfacet
 facet normal  -0.0000000000e+00 -8.2905832649e-01 -5.5916213326e-01
   outer loop
     vertex 1.2218750000e-01 -4.9947298680e-02 -4.9947298680e-02
     vertex 1.2316500000e-01 -4.9947298680e-02 -4.9947298680e-02
     vertex 1.2218750000e-01 -6.5094299505e-02 -2.7489148515e-02
   endloop
 endfacet
 facet normal  -0.0000000000e+00 -8.2905832649e-01 -5.5916213326e-01
   outer loop
     vertex 1.2316500000e-01 -4.9947298680e-02 -4.9947298680e-02
     vertex 1.2316500000e-01 -6.5094299505e-02 -2.7489148515e-02
     vertex 1.2218750000e-01 -6.5094299505e-02 -2.7489148515e-02
   endloop
 endfacet
 facet normal  -0.0000000000e+00 -9.8018184110e-01 -1.9809986972e-01
   outer loop
     vertex 1.2218750000e-01 -6.5094299505e-02 -2.7489148515e-02
     vertex 1.2316500000e-01 -6.5094299505e-02 -2.7489148515e-02
     vertex 1.2218750000e-01 -7.0650000000e-02 0.0000000000e+00
   endloop
 endfacet
 facet normal  -0.0000000000e+00 -9.8018184110e-01 -1.9809986972e-01
   outer loop
     vertex 1.2316500000e-01 -6.5094299505e-02 -2.7489148515e-02
     vertex 1.2316500000e-01 -7.0650000000e-02 0.0000000000e+00
     vertex 1.2218750000e-01 -7.0650000000e-02 0.0000000000e+00
   endloop
 endfacet
 facet normal  0.0000000000e+00 -9.8018184110e-01 1.9809986972e-01
   outer loop
     vertex 1.2218750000e-01 -7.0650000000e-02 0.0000000000e+00
     vertex 1.2316500000e-01 -7.0650000000e-02 0.0000000000e+00
     vertex 1.2316500000e-01 -6.5094299505e-02 2.7489148515e-02
   endloop
 endfacet
 facet normal  0.0000000000e+00 -9.8018184110e-01 1.9809986972e-01
   outer loop
     vertex 1.2218750000e-01 -7.0650000000e-02 0.0000000000e+00
     vertex 1.2316500000e-01 -6.5094299505e-02 2.7489148515e-02
     vertex 1.2218750000e-01 -6.5094299505e-02 2.7489148515e-02
   endloop
 endfacet
 facet normal  0.0000000000e+00 -8.2905832649e-01 5.5916213326e-01
   outer loop
     vertex 1.2218750000e-01 -6.5094299505e-02 2.7489148515e-02
     vertex 1.2316500000e-01 -6.5094299505e-02 2.7489148515e-02
     vertex 1.2316500000e-01 -4.9947298680e-02 4.9947298680e-02
   endloop
 endfacet
 facet normal  0.0000000000e+00 -8.2905832649e-01 5.5916213326e-01
   outer loop
     vertex 1.2218750000e-01 -6.5094299505e-02 2.7489148515e-02
     vertex 1.2316500000e-01 -4.9947298680e-02 4.9947298680e-02
     vertex 1.2218750000e-01 -4.9947298680e-02 4.9947298680e-02
   endloop
 endfacet
 facet normal  0.0000000000e+00 -5.5916213326e-01 8.2905832649e-01
   outer loop
     vertex 1.2218750000e-01 -4.9947298680e-02 4.9947298680e-02
     vertex 1.2316500000e-01 -4.9947298680e-02 4.9947298680e-02
     vertex 1.2316500000e-01 -2.7489148515e-02 6.5094299505e-02
   endloop
 endfacet
 facet normal  0.0000000000e+00 -5.5916213326e-01 8.2905832649e-01
   outer loop
     vertex 1.2218750000e-01 -4.9947298680e-02 4.9947298680e-02
     vertex 1.2316500000e-01 -2.7489148515e-02 6.5094299505e-02
     vertex 1.2218750000e-01 -2.7489148515e-02 6.5094299505e-02
   endloop
 endfacet
 facet normal  0.0000000000e+00 -1.9809986972e-01 9.8018184110e-01
   outer loop
     vertex 1.2218750000e-01 -2.7489148515e-02 6.5094299505e-02
     vertex 1.2316500000e-01 -2.7489148515e-02 6.5094299505e-02
     vertex 1.2316500000e-01 0.0000000000e+00 7.0650000000e-02
   endloop
 endfacet
 facet normal  0.0000000000e+00 -1.9809986972e-01 9.8018184110e-01
   outer loop
     vertex 1.2218750000e-01 -2.7489148515e-02 6.5094299505e-02
     vertex 1.2316500000e-01 0.0000000000e+00 7.0650000000e-02
     vertex 1.2218750000e-01 0.0000000000e+00 7.0650000000e-02
   endloop
 endfacet
 facet normal  0.0000000000e+00 1.9809986972e-01 9.8018184110e-01
   outer loop
     vertex 1.2218750000e-01 0.0000000000e+00 7.0650000000e-02
     vertex 1.2316500000e-01 0.0000000000e+00 7.0650000000e-02
     vertex 1.2218750000e-01 2.7489148515e-02 6.5094299505e-02
   endloop
 endfacet
 facet normal  0.0000000000e+00 1.9809986972e-01 9.8018184110e-01
   outer loop
     vertex 1.2316500000e-01 0.0000000000e+00 7.0650000000e-02
     vertex 1.2316500000e-01 2.7489148515e-02 6.5094299505e-02
     vertex 1.2218750000e-01 2.7489148515e-02 6.5094299505e-02
   endloop
 endfacet
 facet normal  0.0000000000e+00 5.5916213326e-01 8.2905832649e-01
   outer loop
     vertex 1.2218750000e-01 2.7489148515e-02 6.5094299505e-02
     vertex 1.2316500000e-01 2.7489148515e-02 6.5094299505e-02
     vertex 1.2218750000e-01 4.9947298680e-02 4.9947298680e-02
   endloop
 endfacet
 facet normal  0.0000000000e+00 5.5916213326e-01 8.2905832649e-01
   outer loop
     vertex 1.2316500000e-01 2.7489148515e-02 6.5094299505e-02
     vertex 1.2316500000e-01 4.9947298680e-02 4.9947298680e-02
     vertex 1.2218750000e-01 4.9947298680e-02 4.9947298680e-02
   endloop
 endfacet
 facet normal  0.0000000000e+00 8.2905832649e-01 5.5916213326e-01
   outer loop
     vertex 1.2218750000e-01 4.9947298680e-02 4.9947298680e-02
     vertex 1.2316500000e-01 4.9947298680e-02 4.9947298680e-02
     vertex 1.2218750000e-01 6.5094299505e-02 2.7489148515e-02
   endloop
 endfacet
 facet normal  0.0000000000e+00 8.2905832649e-01 5.5916213326e-01
   outer loop
     vertex 1.2316500000e-01 4.9947298680e-02 4.9947298680e-02
     vertex 1.2316500000e-01 6.5094299505e-02 2.7489148515e-02
     vertex 1.2218750000e-01 6.5094299505e-02 2.7489148515e-02
   endloop
 endfacet
 facet normal  0.0000000000e+00 9.8018184110e-01 1.9809986972e-01
   outer loop
     vertex 1.2218750000e-01 6.5094299505e-02 2.7489148515e-02
     vertex 1.2316500000e-01 6.5094299505e-02 2.7489148515e-02
     vertex 1.2218750000e-01 7.0650000000e-02 0.0000000000e+00
   endloop
 endfacet
 facet normal  0.0000000000e+00 9.8018184110e-01 1.9809986972e-01
   outer loop
     vertex 1.2316500000e-01 6.5094299505e-02 2.7489148515e-02
     vertex 1.2316500000e-01 7.0650000000e-02 0.0000000000e+00
     vertex 1.2218750000e-01 7.0650000000e-02 0.0000000000e+00
   endloop
 endfacet
 facet normal  0.0000000000e+00 9.8018184110e-01 -1.9809986972e-01
   outer loop
     vertex 1.2316500000e-01 7.0650000000e-02 0.0000000000e+00
     vertex 1.2454500000e-01 7.0650000000e-02 0.0000000000e+00
     vertex 1.2454500000e-01 6.5094299505e-02 -2.7489148515e-02
   endloop
 endfacet
 facet normal  0.0000000000e+00 9.8018184110e-01 -1.9809986972e-01
   outer loop
     vertex 1.2316500000e-01 7.0650000000e-02 0.0000000000e+00
     vertex 1.2454500000e-01 6.5094299505e-02 -2.7489148515e-02
     vertex 1.2316500000e-01 6.5094299505e-02 -2.7489148515e-02
   endloop
 endfacet
 facet normal  0.0000000000e+00 8.2905832649e-01 -5.5916213326e-01
   outer loop
     vertex 1.2316500000e-01 6.5094299505e-02 -2.7489148515e-02
     vertex 1.2454500000e-01 6.5094299505e-02 -2.7489148515e-02
     vertex 1.2454500000e-01 4.9947298680e-02 -4.9947298680e-02
   endloop
 endfacet
 facet normal  6.9802278880e-15 8.2905832649e-01 -5.5916213326e-01
   outer loop
     vertex 1.2316500000e-01 6.5094299505e-02 -2.7489148515e-02
     vertex 1.2454500000e-01 4.9947298680e-02 -4.9947298680e-02
     vertex 1.2316500000e-01 4.9947298680e-02 -4.9947298680e-02
   endloop
 endfacet
 facet normal  6.9802278880e-15 5.5916213326e-01 -8.2905832649e-01
   outer loop
     vertex 1.2316500000e-01 4.9947298680e-02 -4.9947298680e-02
     vertex 1.2454500000e-01 4.9947298680e-02 -4.9947298680e-02
     vertex 1.2454500000e-01 2.7489148515e-02 -6.5094299505e-02
   endloop
 endfacet
 facet normal  0.0000000000e+00 5.5916213326e-01 -8.2905832649e-01
   outer loop
     vertex 1.2316500000e-01 4.9947298680e-02 -4.9947298680e-02
     vertex 1.2454500000e-01 2.7489148515e-02 -6.5094299505e-02
     vertex 1.2316500000e-01 2.7489148515e-02 -6.5094299505e-02
   endloop
 endfacet
 facet normal  0.0000000000e+00 1.9809986972e-01 -9.8018184110e-01
   outer loop
     vertex 1.2316500000e-01 2.7489148515e-02 -6.5094299505e-02
     vertex 1.2454500000e-01 2.7489148515e-02 -6.5094299505e-02
     vertex 1.2454500000e-01 0.0000000000e+00 -7.0650000000e-02
   endloop
 endfacet
 facet normal  0.0000000000e+00 1.9809986972e-01 -9.8018184110e-01
   outer loop
     vertex 1.2316500000e-01 2.7489148515e-02 -6.5094299505e-02
     vertex 1.2454500000e-01 0.0000000000e+00 -7.0650000000e-02
     vertex 1.2316500000e-01 0.0000000000e+00 -7.0650000000e-02
   endloop
 endfacet
 facet normal  -0.0000000000e+00 -1.9809986972e-01 -9.8018184110e-01
   outer loop
     vertex 1.2316500000e-01 0.0000000000e+00 -7.0650000000e-02
     vertex 1.2454500000e-01 0.0000000000e+00 -7.0650000000e-02
     vertex 1.2316500000e-01 -2.7489148515e-02 -6.5094299505e-02
   endloop
 endfacet
 facet normal  4.9804129652e-16 -1.9809986972e-01 -9.8018184110e-01
   outer loop
     vertex 1.2454500000e-01 0.0000000000e+00 -7.0650000000e-02
     vertex 1.2454500000e-01 -2.7489148515e-02 -6.5094299505e-02
     vertex 1.2316500000e-01 -2.7489148515e-02 -6.5094299505e-02
   endloop
 endfacet
 facet normal  1.4057850427e-15 -5.5916213326e-01 -8.2905832649e-01
   outer loop
     vertex 1.2316500000e-01 -2.7489148515e-02 -6.5094299505e-02
     vertex 1.2454500000e-01 -2.7489148515e-02 -6.5094299505e-02
     vertex 1.2316500000e-01 -4.9947298680e-02 -4.9947298680e-02
   endloop
 endfacet
 facet normal  4.1686578027e-15 -5.5916213326e-01 -8.2905832649e-01
   outer loop
     vertex 1.2454500000e-01 -2.7489148515e-02 -6.5094299505e-02
     vertex 1.2454500000e-01 -4.9947298680e-02 -4.9947298680e-02
     vertex 1.2316500000e-01 -4.9947298680e-02 -4.9947298680e-02
   endloop
 endfacet
 facet normal  2.8115700853e-15 -8.2905832649e-01 -5.5916213326e-01
   outer loop
     vertex 1.2316500000e-01 -4.9947298680e-02 -4.9947298680e-02
     vertex 1.2454500000e-01 -4.9947298680e-02 -4.9947298680e-02
     vertex 1.2316500000e-01 -6.5094299505e-02 -2.7489148515e-02
   endloop
 endfacet
 facet normal  -0.0000000000e+00 -8.2905832649e-01 -5.5916213326e-01
   outer loop
     vertex 1.2454500000e-01 -4.9947298680e-02 -4.9947298680e-02
     vertex 1.2454500000e-01 -6.5094299505e-02 -2.7489148515e-02
     vertex 1.2316500000e-01 -6.5094299505e-02 -2.7489148515e-02
   endloop
 endfacet
 facet normal  -0.0000000000e+00 -9.8018184110e-01 -1.9809986972e-01
   outer loop
     vertex 1.2316500000e-01 -6.5094299505e-02 -2.7489148515e-02
     vertex 1.2454500000e-01 -6.5094299505e-02 -2.7489148515e-02
     vertex 1.2316500000e-01 -7.0650000000e-02 0.0000000000e+00
   endloop
 endfacet
 facet normal  -0.0000000000e+00 -9.8018184110e-01 -1.9809986972e-01
   outer loop
     vertex 1.2454500000e-01 -6.5094299505e-02 -2.7489148515e-02
     vertex 1.2454500000e-01 -7.0650000000e-02 0.0000000000e+00
     vertex 1.2316500000e-01 -7.0650000000e-02 0.0000000000e+00
   endloop
 endfacet
 facet normal  0.0000000000e+00 -9.8018184110e-01 1.9809986972e-01
   outer loop
     vertex 1.2316500000e-01 -7.0650000000e-02 0.0000000000e+00
     vertex 1.2454500000e-01 -7.0650000000e-02 0.0000000000e+00
     vertex 1.2454500000e-01 -6.5094299505e-02 2.7489148515e-02
   endloop
 endfacet
 facet normal  0.0000000000e+00 -9.8018184110e-01 1.9809986972e-01
   outer loop
     vertex 1.2316500000e-01 -7.0650000000e-02 0.0000000000e+00
     vertex 1.2454500000e-01 -6.5094299505e-02 2.7489148515e-02
     vertex 1.2316500000e-01 -6.5094299505e-02 2.7489148515e-02
   endloop
 endfacet
 facet normal  0.0000000000e+00 -8.2905832649e-01 5.5916213326e-01
   outer loop
     vertex 1.2316500000e-01 -6.5094299505e-02 2.7489148515e-02
     vertex 1.2454500000e-01 -6.5094299505e-02 2.7489148515e-02
     vertex 1.2454500000e-01 -4.9947298680e-02 4.9947298680e-02
   endloop
 endfacet
 facet normal  2.8115700853e-15 -8.2905832649e-01 5.5916213326e-01
   outer loop
     vertex 1.2316500000e-01 -6.5094299505e-02 2.7489148515e-02
     vertex 1.2454500000e-01 -4.9947298680e-02 4.9947298680e-02
     vertex 1.2316500000e-01 -4.9947298680e-02 4.9947298680e-02
   endloop
 endfacet
 facet normal  4.1686578027e-15 -5.5916213326e-01 8.2905832649e-01
   outer loop
     vertex 1.2316500000e-01 -4.9947298680e-02 4.9947298680e-02
     vertex 1.2454500000e-01 -4.9947298680e-02 4.9947298680e-02
     vertex 1.2454500000e-01 -2.7489148515e-02 6.5094299505e-02
   endloop
 endfacet
 facet normal  1.4057850427e-15 -5.5916213326e-01 8.2905832649e-01
   outer loop
     vertex 1.2316500000e-01 -4.9947298680e-02 4.9947298680e-02
     vertex 1.2454500000e-01 -2.7489148515e-02 6.5094299505e-02
     vertex 1.2316500000e-01 -2.7489148515e-02 6.5094299505e-02
   endloop
 endfacet
 facet normal  4.9804129652e-16 -1.9809986972e-01 9.8018184110e-01
   outer loop
     vertex 1.2316500000e-01 -2.7489148515e-02 6.5094299505e-02
     vertex 1.2454500000e-01 -2.7489148515e-02 6.5094299505e-02
     vertex 1.2454500000e-01 0.0000000000e+00 7.0650000000e-02
   endloop
 endfacet
 facet normal  0.0000000000e+00 -1.9809986972e-01 9.8018184110e-01
   outer loop
     vertex 1.2316500000e-01 -2.7489148515e-02 6.5094299505e-02
     vertex 1.2454500000e-01 0.0000000000e+00 7.0650000000e-02
     vertex 1.2316500000e-01 0.0000000000e+00 7.0650000000e-02
   endloop
 endfacet
 facet normal  0.0000000000e+00 1.9809986972e-01 9.8018184110e-01
   outer loop
     vertex 1.2316500000e-01 0.0000000000e+00 7.0650000000e-02
     vertex 1.2454500000e-01 0.0000000000e+00 7.0650000000e-02
     vertex 1.2316500000e-01 2.7489148515e-02 6.5094299505e-02
   endloop
 endfacet
 facet normal  0.0000000000e+00 1.9809986972e-01 9.8018184110e-01
   outer loop
     vertex 1.2454500000e-01 0.0000000000e+00 7.0650000000e-02
     vertex 1.2454500000e-01 2.7489148515e-02 6.5094299505e-02
     vertex 1.2316500000e-01 2.7489148515e-02 6.5094299505e-02
   endloop
 endfacet
 facet normal  0.0000000000e+00 5.5916213326e-01 8.2905832649e-01
   outer loop
     vertex 1.2316500000e-01 2.7489148515e-02 6.5094299505e-02
     vertex 1.2454500000e-01 2.7489148515e-02 6.5094299505e-02
     vertex 1.2316500000e-01 4.9947298680e-02 4.9947298680e-02
   endloop
 endfacet
 facet normal  6.9802278880e-15 5.5916213326e-01 8.2905832649e-01
   outer loop
     vertex 1.2454500000e-01 2.7489148515e-02 6.5094299505e-02
     vertex 1.2454500000e-01 4.9947298680e-02 4.9947298680e-02
     vertex 1.2316500000e-01 4.9947298680e-02 4.9947298680e-02
   endloop
 endfacet
 facet normal  6.9802278880e-15 8.2905832649e-01 5.5916213326e-01
   outer loop
     vertex 1.2316500000e-01 4.9947298680e-02 4.9947298680e-02
     vertex 1.2454500000e-01 4.9947298680e-02 4.9947298680e-02
     vertex 1.2316500000e-01 6.5094299505e-02 2.7489148515e-02
   endloop
 endfacet
 facet normal  0.0000000000e+00 8.2905832649e-01 5.5916213326e-01
   outer loop
     vertex 1.2454500000e-01 4.9947298680e-02 4.9947298680e-02
     vertex 1.2454500000e-01 6.5094299505e-02 2.7489148515e-02
     vertex 1.2316500000e-01 6.5094299505e-02 2.7489148515e-02
   endloop
 endfacet
 facet normal  0.0000000000e+00 9.8018184110e-01 1.9809986972e-01
   outer loop
     vertex 1.2316500000e-01 6.5094299505e-02 2.7489148515e-02
     vertex 1.2454500000e-01 6.5094299505e-02 2.7489148515e-02
     vertex 1.2316500000e-01 7.0650000000e-02 0.0000000000e+00
   endloop
 endfacet
 facet normal  0.0000000000e+00 9.8018184110e-01 1.9809986972e-01
   outer loop
     vertex 1.2454500000e-01 6.5094299505e-02 2.7489148515e-02
     vertex 1.2454500000e-01 7.0650000000e-02 0.0000000000e+00
     vertex 1.2316500000e-01 7.0650000000e-02 0.0000000000e+00
   endloop
 endfacet
 facet normal  0.0000000000e+00 9.8018184110e-01 -1.9809986972e-01
   outer loop
     vertex 1.2454500000e-01 7.0650000000e-02 0.0000000000e+00
     vertex 1.2615500000e-01 7.0650000000e-02 0.0000000000e+00
     vertex 1.2615500000e-01 6.5094299505e-02 -2.7489148515e-02
   endloop
 endfacet
 facet normal  4.2689253988e-16 9.8018184110e-01 -1.9809986972e-01
   outer loop
     vertex 1.2454500000e-01 7.0650000000e-02 0.0000000000e+00
     vertex 1.2615500000e-01 6.5094299505e-02 -2.7489148515e-02
     vertex 1.2454500000e-01 6.5094299505e-02 -2.7489148515e-02
   endloop
 endfacet
 facet normal  1.2049586080e-15 8.2905832649e-01 -5.5916213326e-01
   outer loop
     vertex 1.2454500000e-01 6.5094299505e-02 -2.7489148515e-02
     vertex 1.2615500000e-01 6.5094299505e-02 -2.7489148515e-02
     vertex 1.2615500000e-01 4.9947298680e-02 -4.9947298680e-02
   endloop
 endfacet
 facet normal  0.0000000000e+00 8.2905832649e-01 -5.5916213326e-01
   outer loop
     vertex 1.2454500000e-01 6.5094299505e-02 -2.7489148515e-02
     vertex 1.2615500000e-01 4.9947298680e-02 -4.9947298680e-02
     vertex 1.2454500000e-01 4.9947298680e-02 -4.9947298680e-02
   endloop
 endfacet
 facet normal  0.0000000000e+00 5.5916213326e-01 -8.2905832649e-01
   outer loop
     vertex 1.2454500000e-01 4.9947298680e-02 -4.9947298680e-02
     vertex 1.2615500000e-01 4.9947298680e-02 -4.9947298680e-02
     vertex 1.2615500000e-01 2.7489148515e-02 -6.5094299505e-02
   endloop
 endfacet
 facet normal  1.2049586080e-15 5.5916213326e-01 -8.2905832649e-01
   outer loop
     vertex 1.2454500000e-01 4.9947298680e-02 -4.9947298680e-02
     vertex 1.2615500000e-01 2.7489148515e-02 -6.5094299505e-02
     vertex 1.2454500000e-01 2.7489148515e-02 -6.5094299505e-02
   endloop
 endfacet
 facet normal  4.2689253988e-16 1.9809986972e-01 -9.8018184110e-01
   outer loop
     vertex 1.2454500000e-01 2.7489148515e-02 -6.5094299505e-02
     vertex 1.2615500000e-01 2.7489148515e-02 -6.5094299505e-02
     vertex 1.2615500000e-01 0.0000000000e+00 -7.0650000000e-02
   endloop
 endfacet
 facet normal  0.0000000000e+00 1.9809986972e-01 -9.8018184110e-01
   outer loop
     vertex 1.2454500000e-01 2.7489148515e-02 -6.5094299505e-02
     vertex 1.2615500000e-01 0.0000000000e+00 -7.0650000000e-02
     vertex 1.2454500000e-01 0.0000000000e+00 -7.0650000000e-02
   endloop
 endfacet
 facet normal  -0.0000000000e+00 -1.9809986972e-01 -9.8018184110e-01
   outer loop
     vertex 1.2454500000e-01 0.0000000000e+00 -7.0650000000e-02
     vertex 1.2615500000e-01 0.0000000000e+00 -7.0650000000e-02
     vertex 1.2454500000e-01 -2.7489148515e-02 -6.5094299505e-02
   endloop
 endfacet
 facet normal  -0.0000000000e+00 -1.9809986972e-01 -9.8018184110e-01
   outer loop
     vertex 1.2615500000e-01 0.0000000000e+00 -7.0650000000e-02
     vertex 1.2615500000e-01 -2.7489148515e-02 -6.5094299505e-02
     vertex 1.2454500000e-01 -2.7489148515e-02 -6.5094299505e-02
   endloop
 endfacet
 facet normal  -0.0000000000e+00 -5.5916213326e-01 -8.2905832649e-01
   outer loop
     vertex 1.2454500000e-01 -2.7489148515e-02 -6.5094299505e-02
     vertex 1.2615500000e-01 -2.7489148515e-02 -6.5094299505e-02
     vertex 1.2454500000e-01 -4.9947298680e-02 -4.9947298680e-02
   endloop
 endfacet
 facet normal  -0.0000000000e+00 -5.5916213326e-01 -8.2905832649e-01
   outer loop
     vertex 1.2615500000e-01 -2.7489148515e-02 -6.5094299505e-02
     vertex 1.2615500000e-01 -4.9947298680e-02 -4.9947298680e-02
     vertex 1.2454500000e-01 -4.9947298680e-02 -4.9947298680e-02
   endloop
 endfacet
 facet normal  -0.0000000000e+00 -8.2905832649e-01 -5.5916213326e-01
   outer loop
     vertex 1.2454500000e-01 -4.9947298680e-02 -4.9947298680e-02
     vertex 1.2615500000e-01 -4.9947298680e-02 -4.9947298680e-02
     vertex 1.2454500000e-01 -6.5094299505e-02 -2.7489148515e-02
   endloop
 endfacet
 facet normal  1.2049586080e-15 -8.2905832649e-01 -5.5916213326e-01
   outer loop
     vertex 1.2615500000e-01 -4.9947298680e-02 -4.9947298680e-02
     vertex 1.2615500000e-01 -6.5094299505e-02 -2.7489148515e-02
     vertex 1.2454500000e-01 -6.5094299505e-02 -2.7489148515e-02
   endloop
 endfacet
 facet normal  4.2689253988e-16 -9.8018184110e-01 -1.9809986972e-01
   outer loop
     vertex 1.2454500000e-01 -6.5094299505e-02 -2.7489148515e-02
     vertex 1.2615500000e-01 -6.5094299505e-02 -2.7489148515e-02
     vertex 1.2454500000e-01 -7.0650000000e-02 0.0000000000e+00
   endloop
 endfacet
 facet normal  -0.0000000000e+00 -9.8018184110e-01 -1.9809986972e-01
   outer loop
     vertex 1.2615500000e-01 -6.5094299505e-02 -2.7489148515e-02
     vertex 1.2615500000e-01 -7.0650000000e-02 0.0000000000e+00
     vertex 1.2454500000e-01 -7.0650000000e-02 0.0000000000e+00
   endloop
 endfacet
 facet normal  0.0000000000e+00 -9.8018184110e-01 1.9809986972e-01
   outer loop
     vertex 1.2454500000e-01 -7.0650000000e-02 0.0000000000e+00
     vertex 1.2615500000e-01 -7.0650000000e-02 0.0000000000e+00
     vertex 1.2615500000e-01 -6.5094299505e-02 2.7489148515e-02
   endloop
 endfacet
 facet normal  4.2689253988e-16 -9.8018184110e-01 1.9809986972e-01
   outer loop
     vertex 1.2454500000e-01 -7.0650000000e-02 0.0000000000e+00
     vertex 1.2615500000e-01 -6.5094299505e-02 2.7489148515e-02
     vertex 1.2454500000e-01 -6.5094299505e-02 2.7489148515e-02
   endloop
 endfacet
 facet normal  1.2049586080e-15 -8.2905832649e-01 5.5916213326e-01
   outer loop
     vertex 1.2454500000e-01 -6.5094299505e-02 2.7489148515e-02
     vertex 1.2615500000e-01 -6.5094299505e-02 2.7489148515e-02
     vertex 1.2615500000e-01 -4.9947298680e-02 4.9947298680e-02
   endloop
 endfacet
 facet normal  0.0000000000e+00 -8.2905832649e-01 5.5916213326e-01
   outer loop
     vertex 1.2454500000e-01 -6.5094299505e-02 2.7489148515e-02
     vertex 1.2615500000e-01 -4.9947298680e-02 4.9947298680e-02
     vertex 1.2454500000e-01 -4.9947298680e-02 4.9947298680e-02
   endloop
 endfacet
 facet normal  0.0000000000e+00 -5.5916213326e-01 8.2905832649e-01
   outer loop
     vertex 1.2454500000e-01 -4.9947298680e-02 4.9947298680e-02
     vertex 1.2615500000e-01 -4.9947298680e-02 4.9947298680e-02
     vertex 1.2615500000e-01 -2.7489148515e-02 6.5094299505e-02
   endloop
 endfacet
 facet normal  0.0000000000e+00 -5.5916213326e-01 8.2905832649e-01
   outer loop
     vertex 1.2454500000e-01 -4.9947298680e-02 4.9947298680e-02
     vertex 1.2615500000e-01 -2.7489148515e-02 6.5094299505e-02
     vertex 1.2454500000e-01 -2.7489148515e-02 6.5094299505e-02
   endloop
 endfacet
 facet normal  0.0000000000e+00 -1.9809986972e-01 9.8018184110e-01
   outer loop
     vertex 1.2454500000e-01 -2.7489148515e-02 6.5094299505e-02
     vertex 1.2615500000e-01 -2.7489148515e-02 6.5094299505e-02
     vertex 1.2615500000e-01 0.0000000000e+00 7.0650000000e-02
   endloop
 endfacet
 facet normal  0.0000000000e+00 -1.9809986972e-01 9.8018184110e-01
   outer loop
     vertex 1.2454500000e-01 -2.7489148515e-02 6.5094299505e-02
     vertex 1.2615500000e-01 0.0000000000e+00 7.0650000000e-02
     vertex 1.2454500000e-01 0.0000000000e+00 7.0650000000e-02
   endloop
 endfacet
 facet normal  0.0000000000e+00 1.9809986972e-01 9.8018184110e-01
   outer loop
     vertex 1.2454500000e-01 0.0000000000e+00 7.0650000000e-02
     vertex 1.2615500000e-01 0.0000000000e+00 7.0650000000e-02
     vertex 1.2454500000e-01 2.7489148515e-02 6.5094299505e-02
   endloop
 endfacet
 facet normal  4.2689253988e-16 1.9809986972e-01 9.8018184110e-01
   outer loop
     vertex 1.2615500000e-01 0.0000000000e+00 7.0650000000e-02
     vertex 1.2615500000e-01 2.7489148515e-02 6.5094299505e-02
     vertex 1.2454500000e-01 2.7489148515e-02 6.5094299505e-02
   endloop
 endfacet
 facet normal  1.2049586080e-15 5.5916213326e-01 8.2905832649e-01
   outer loop
     vertex 1.2454500000e-01 2.7489148515e-02 6.5094299505e-02
     vertex 1.2615500000e-01 2.7489148515e-02 6.5094299505e-02
     vertex 1.2454500000e-01 4.9947298680e-02 4.9947298680e-02
   endloop
 endfacet
 facet normal  0.0000000000e+00 5.5916213326e-01 8.2905832649e-01
   outer loop
     vertex 1.2615500000e-01 2.7489148515e-02 6.5094299505e-02
     vertex 1.2615500000e-01 4.9947298680e-02 4.9947298680e-02
     vertex 1.2454500000e-01 4.9947298680e-02 4.9947298680e-02
   endloop
 endfacet
 facet normal  0.0000000000e+00 8.2905832649e-01 5.5916213326e-01
   outer loop
     vertex 1.2454500000e-01 4.9947298680e-02 4.9947298680e-02
     vertex 1.2615500000e-01 4.9947298680e-02 4.9947298680e-02
     vertex 1.2454500000e-01 6.5094299505e-02 2.7489148515e-02
   endloop
 endfacet
 facet normal  1.2049586080e-15 8.2905832649e-01 5.5916213326e-01
   outer loop
     vertex 1.2615500000e-01 4.9947298680e-02 4.9947298680e-02
     vertex 1.2615500000e-01 6.5094299505e-02 2.7489148515e-02
     vertex 1.2454500000e-01 6.5094299505e-02 2.7489148515e-02
   endloop
 endfacet
 facet normal  4.2689253988e-16 9.8018184110e-01 1.9809986972e-01
   outer loop
     vertex 1.2454500000e-01 6.5094299505e-02 2.7489148515e-02
     vertex 1.2615500000e-01 6.5094299505e-02 2.7489148515e-02
     vertex 1.2454500000e-01 7.0650000000e-02 0.0000000000e+00
   endloop
 endfacet
 facet normal  0.0000000000e+00 9.8018184110e-01 1.9809986972e-01
   outer loop
     vertex 1.2615500000e-01 6.5094299505e-02 2.7489148515e-02
     vertex 1.2615500000e-01 7.0650000000e-02 0.0000000000e+00
     vertex 1.2454500000e-01 7.0650000000e-02 0.0000000000e+00
   endloop
 endfacet
 facet normal  0.0000000000e+00 9.8018184110e-01 -1.9809986972e-01
   outer loop
     vertex 1.2615500000e-01 7.0650000000e-02 0.0000000000e+00
     vertex 1.2782250000e-01 7.0650000000e-02 0.0000000000e+00
     vertex 1.2782250000e-01 6.5094299505e-02 -2.7489148515e-02
   endloop
 endfacet
 facet normal  0.0000000000e+00 9.8018184110e-01 -1.9809986972e-01
   outer loop
     vertex 1.2615500000e-01 7.0650000000e-02 0.0000000000e+00
     vertex 1.2782250000e-01 6.5094299505e-02 -2.7489148515e-02
     vertex 1.2615500000e-01 6.5094299505e-02 -2.7489148515e-02
   endloop
 endfacet
 facet normal  0.0000000000e+00 8.2905832649e-01 -5.5916213326e-01
   outer loop
     vertex 1.2615500000e-01 6.5094299505e-02 -2.7489148515e-02
     vertex 1.2782250000e-01 6.5094299505e-02 -2.7489148515e-02
     vertex 1.2782250000e-01 4.9947298680e-02 -4.9947298680e-02
   endloop
 endfacet
 facet normal  0.0000000000e+00 8.2905832649e-01 -5.5916213326e-01
   outer loop
     vertex 1.2615500000e-01 6.5094299505e-02 -2.7489148515e-02
     vertex 1.2782250000e-01 4.9947298680e-02 -4.9947298680e-02
     vertex 1.2615500000e-01 4.9947298680e-02 -4.9947298680e-02
   endloop
 endfacet
 facet normal  0.0000000000e+00 5.5916213326e-01 -8.2905832649e-01
   outer loop
     vertex 1.2615500000e-01 4.9947298680e-02 -4.9947298680e-02
     vertex 1.2782250000e-01 4.9947298680e-02 -4.9947298680e-02
     vertex 1.2782250000e-01 2.7489148515e-02 -6.5094299505e-02
   endloop
 endfacet
 facet normal  0.0000000000e+00 5.5916213326e-01 -8.2905832649e-01
   outer loop
     vertex 1.2615500000e-01 4.9947298680e-02 -4.9947298680e-02
     vertex 1.2782250000e-01 2.7489148515e-02 -6.5094299505e-02
     vertex 1.2615500000e-01 2.7489148515e-02 -6.5094299505e-02
   endloop
 endfacet
 facet normal  0.0000000000e+00 1.9809986972e-01 -9.8018184110e-01
   outer loop
     vertex 1.2615500000e-01 2.7489148515e-02 -6.5094299505e-02
     vertex 1.2782250000e-01 2.7489148515e-02 -6.5094299505e-02
     vertex 1.2782250000e-01 0.0000000000e+00 -7.0650000000e-02
   endloop
 endfacet
 facet normal  0.0000000000e+00 1.9809986972e-01 -9.8018184110e-01
   outer loop
     vertex 1.2615500000e-01 2.7489148515e-02 -6.5094299505e-02
     vertex 1.2782250000e-01 0.0000000000e+00 -7.0650000000e-02
     vertex 1.2615500000e-01 0.0000000000e+00 -7.0650000000e-02
   endloop
 endfacet
 facet normal  -0.0000000000e+00 -1.9809986972e-01 -9.8018184110e-01
   outer loop
     vertex 1.2615500000e-01 0.0000000000e+00 -7.0650000000e-02
     vertex 1.2782250000e-01 0.0000000000e+00 -7.0650000000e-02
     vertex 1.2615500000e-01 -2.7489148515e-02 -6.5094299505e-02
   endloop
 endfacet
 facet normal  -4.1217210747e-16 -1.9809986972e-01 -9.8018184110e-01
   outer loop
     vertex 1.2782250000e-01 0.0000000000e+00 -7.0650000000e-02
     vertex 1.2782250000e-01 -2.7489148515e-02 -6.5094299505e-02
     vertex 1.2615500000e-01 -2.7489148515e-02 -6.5094299505e-02
   endloop
 endfacet
 facet normal  -1.1634083112e-15 -5.5916213326e-01 -8.2905832649e-01
   outer loop
     vertex 1.2615500000e-01 -2.7489148515e-02 -6.5094299505e-02
     vertex 1.2782250000e-01 -2.7489148515e-02 -6.5094299505e-02
     vertex 1.2615500000e-01 -4.9947298680e-02 -4.9947298680e-02
   endloop
 endfacet
 facet normal  -0.0000000000e+00 -5.5916213326e-01 -8.2905832649e-01
   outer loop
     vertex 1.2782250000e-01 -2.7489148515e-02 -6.5094299505e-02
     vertex 1.2782250000e-01 -4.9947298680e-02 -4.9947298680e-02
     vertex 1.2615500000e-01 -4.9947298680e-02 -4.9947298680e-02
   endloop
 endfacet
 facet normal  -0.0000000000e+00 -8.2905832649e-01 -5.5916213326e-01
   outer loop
     vertex 1.2615500000e-01 -4.9947298680e-02 -4.9947298680e-02
     vertex 1.2782250000e-01 -4.9947298680e-02 -4.9947298680e-02
     vertex 1.2615500000e-01 -6.5094299505e-02 -2.7489148515e-02
   endloop
 endfacet
 facet normal  -0.0000000000e+00 -8.2905832649e-01 -5.5916213326e-01
   outer loop
     vertex 1.2782250000e-01 -4.9947298680e-02 -4.9947298680e-02
     vertex 1.2782250000e-01 -6.5094299505e-02 -2.7489148515e-02
     vertex 1.2615500000e-01 -6.5094299505e-02 -2.7489148515e-02
   endloop
 endfacet
 facet normal  -0.0000000000e+00 -9.8018184110e-01 -1.9809986972e-01
   outer loop
     vertex 1.2615500000e-01 -6.5094299505e-02 -2.7489148515e-02
     vertex 1.2782250000e-01 -6.5094299505e-02 -2.7489148515e-02
     vertex 1.2615500000e-01 -7.0650000000e-02 0.0000000000e+00
   endloop
 endfacet
 facet normal  -0.0000000000e+00 -9.8018184110e-01 -1.9809986972e-01
   outer loop
     vertex 1.2782250000e-01 -6.5094299505e-02 -2.7489148515e-02
     vertex 1.2782250000e-01 -7.0650000000e-02 0.0000000000e+00
     vertex 1.2615500000e-01 -7.0650000000e-02 0.0000000000e+00
   endloop
 endfacet
 facet normal  0.0000000000e+00 -9.8018184110e-01 1.9809986972e-01
   outer loop
     vertex 1.2615500000e-01 -7.0650000000e-02 0.0000000000e+00
     vertex 1.2782250000e-01 -7.0650000000e-02 0.0000000000e+00
     vertex 1.2782250000e-01 -6.5094299505e-02 2.7489148515e-02
   endloop
 endfacet
 facet normal  0.0000000000e+00 -9.8018184110e-01 1.9809986972e-01
   outer loop
     vertex 1.2615500000e-01 -7.0650000000e-02 0.0000000000e+00
     vertex 1.2782250000e-01 -6.5094299505e-02 2.7489148515e-02
     vertex 1.2615500000e-01 -6.5094299505e-02 2.7489148515e-02
   endloop
 endfacet
 facet normal  0.0000000000e+00 -8.2905832649e-01 5.5916213326e-01
   outer loop
     vertex 1.2615500000e-01 -6.5094299505e-02 2.7489148515e-02
     vertex 1.2782250000e-01 -6.5094299505e-02 2.7489148515e-02
     vertex 1.2782250000e-01 -4.9947298680e-02 4.9947298680e-02
   endloop
 endfacet
 facet normal  0.0000000000e+00 -8.2905832649e-01 5.5916213326e-01
   outer loop
     vertex 1.2615500000e-01 -6.5094299505e-02 2.7489148515e-02
     vertex 1.2782250000e-01 -4.9947298680e-02 4.9947298680e-02
     vertex 1.2615500000e-01 -4.9947298680e-02 4.9947298680e-02
   endloop
 endfacet
 facet normal  0.0000000000e+00 -5.5916213326e-01 8.2905832649e-01
   outer loop
     vertex 1.2615500000e-01 -4.9947298680e-02 4.9947298680e-02
     vertex 1.2782250000e-01 -4.9947298680e-02 4.9947298680e-02
     vertex 1.2782250000e-01 -2.7489148515e-02 6.5094299505e-02
   endloop
 endfacet
 facet normal  -1.1634083112e-15 -5.5916213326e-01 8.2905832649e-01
   outer loop
     vertex 1.2615500000e-01 -4.9947298680e-02 4.9947298680e-02
     vertex 1.2782250000e-01 -2.7489148515e-02 6.5094299505e-02
     vertex 1.2615500000e-01 -2.7489148515e-02 6.5094299505e-02
   endloop
 endfacet
 facet normal  -4.1217210747e-16 -1.9809986972e-01 9.8018184110e-01
   outer loop
     vertex 1.2615500000e-01 -2.7489148515e-02 6.5094299505e-02
     vertex 1.2782250000e-01 -2.7489148515e-02 6.5094299505e-02
     vertex 1.2782250000e-01 0.0000000000e+00 7.0650000000e-02
   endloop
 endfacet
 facet normal  0.0000000000e+00 -1.9809986972e-01 9.8018184110e-01
   outer loop
     vertex 1.2615500000e-01 -2.7489148515e-02 6.5094299505e-02
     vertex 1.2782250000e-01 0.0000000000e+00 7.0650000000e-02
     vertex 1.2615500000e-01 0.0000000000e+00 7.0650000000e-02
   endloop
 endfacet
 facet normal  0.0000000000e+00 1.9809986972e-01 9.8018184110e-01
   outer loop
     vertex 1.2615500000e-01 0.0000000000e+00 7.0650000000e-02
     vertex 1.2782250000e-01 0.0000000000e+00 7.0650000000e-02
     vertex 1.2615500000e-01 2.7489148515e-02 6.5094299505e-02
   endloop
 endfacet
 facet normal  0.0000000000e+00 1.9809986972e-01 9.8018184110e-01
   outer loop
     vertex 1.2782250000e-01 0.0000000000e+00 7.0650000000e-02
     vertex 1.2782250000e-01 2.7489148515e-02 6.5094299505e-02
     vertex 1.2615500000e-01 2.7489148515e-02 6.5094299505e-02
   endloop
 endfacet
 facet normal  0.0000000000e+00 5.5916213326e-01 8.2905832649e-01
   outer loop
     vertex 1.2615500000e-01 2.7489148515e-02 6.5094299505e-02
     vertex 1.2782250000e-01 2.7489148515e-02 6.5094299505e-02
     vertex 1.2615500000e-01 4.9947298680e-02 4.9947298680e-02
   endloop
 endfacet
 facet normal  0.0000000000e+00 5.5916213326e-01 8.2905832649e-01
   outer loop
     vertex 1.2782250000e-01 2.7489148515e-02 6.5094299505e-02
     vertex 1.2782250000e-01 4.9947298680e-02 4.9947298680e-02
     vertex 1.2615500000e-01 4.9947298680e-02 4.9947298680e-02
   endloop
 endfacet
 facet normal  0.0000000000e+00 8.2905832649e-01 5.5916213326e-01
   outer loop
     vertex 1.2615500000e-01 4.9947298680e-02 4.9947298680e-02
     vertex 1.2782250000e-01 4.9947298680e-02 4.9947298680e-02
     vertex 1.2615500000e-01 6.5094299505e-02 2.7489148515e-02
   endloop
 endfacet
 facet normal  0.0000000000e+00 8.2905832649e-01 5.5916213326e-01
   outer loop
     vertex 1.2782250000e-01 4.9947298680e-02 4.9947298680e-02
     vertex 1.2782250000e-01 6.5094299505e-02 2.7489148515e-02
     vertex 1.2615500000e-01 6.5094299505e-02 2.7489148515e-02
   endloop
 endfacet
 facet normal  0.0000000000e+00 9.8018184110e-01 1.9809986972e-01
   outer loop
     vertex 1.2615500000e-01 6.5094299505e-02 2.7489148515e-02
     vertex 1.2782250000e-01 6.5094299505e-02 2.7489148515e-02
     vertex 1.2615500000e-01 7.0650000000e-02 0.0000000000e+00
   endloop
 endfacet
 facet normal  0.0000000000e+00 9.8018184110e-01 1.9809986972e-01
   outer loop
     vertex 1.2782250000e-01 6.5094299505e-02 2.7489148515e-02
     vertex 1.2782250000e-01 7.0650000000e-02 0.0000000000e+00
     vertex 1.2615500000e-01 7.0650000000e-02 0.0000000000e+00
   endloop
 endfacet
 facet normal  0.0000000000e+00 9.8018184110e-01 -1.9809986972e-01
   outer loop
     vertex 1.2782250000e-01 7.0650000000e-02 0.0000000000e+00
     vertex 1.2937500000e-01 7.0650000000e-02 0.0000000000e+00
     vertex 1.2937500000e-01 6.5094299505e-02 -2.7489148515e-02
   endloop
 endfacet
 facet normal  -4.4270337469e-16 9.8018184110e-01 -1.9809986972e-01
   outer loop
     vertex 1.2782250000e-01 7.0650000000e-02 0.0000000000e+00
     vertex 1.2937500000e-01 6.5094299505e-02 -2.7489148515e-02
     vertex 1.2782250000e-01 6.5094299505e-02 -2.7489148515e-02
   endloop
 endfacet
 facet normal  -1.2495867046e-15 8.2905832649e-01 -5.5916213326e-01
   outer loop
     vertex 1.2782250000e-01 6.5094299505e-02 -2.7489148515e-02
     vertex 1.2937500000e-01 6.5094299505e-02 -2.7489148515e-02
     vertex 1.2937500000e-01 4.9947298680e-02 -4.9947298680e-02
   endloop
 endfacet
 facet normal  -6.2046470116e-15 8.2905832649e-01 -5.5916213326e-01
   outer loop
     vertex 1.2782250000e-01 6.5094299505e-02 -2.7489148515e-02
     vertex 1.2937500000e-01 4.9947298680e-02 -4.9947298680e-02
     vertex 1.2782250000e-01 4.9947298680e-02 -4.9947298680e-02
   endloop
 endfacet
 facet normal  -6.2046470116e-15 5.5916213326e-01 -8.2905832649e-01
   outer loop
     vertex 1.2782250000e-01 4.9947298680e-02 -4.9947298680e-02
     vertex 1.2937500000e-01 4.9947298680e-02 -4.9947298680e-02
     vertex 1.2937500000e-01 2.7489148515e-02 -6.5094299505e-02
   endloop
 endfacet
 facet normal  -1.2495867046e-15 5.5916213326e-01 -8.2905832649e-01
   outer loop
     vertex 1.2782250000e-01 4.9947298680e-02 -4.9947298680e-02
     vertex 1.2937500000e-01 2.7489148515e-02 -6.5094299505e-02
     vertex 1.2782250000e-01 2.7489148515e-02 -6.5094299505e-02
   endloop
 endfacet
 facet normal  -4.4270337469e-16 1.9809986972e-01 -9.8018184110e-01
   outer loop
     vertex 1.2782250000e-01 2.7489148515e-02 -6.5094299505e-02
     vertex 1.2937500000e-01 2.7489148515e-02 -6.5094299505e-02
     vertex 1.2937500000e-01 0.0000000000e+00 -7.0650000000e-02
   endloop
 endfacet
 facet normal  0.0000000000e+00 1.9809986972e-01 -9.8018184110e-01
   outer loop
     vertex 1.2782250000e-01 2.7489148515e-02 -6.5094299505e-02
     vertex 1.2937500000e-01 0.0000000000e+00 -7.0650000000e-02
     vertex 1.2782250000e-01 0.0000000000e+00 -7.0650000000e-02
   endloop
 endfacet
 facet normal  -0.0000000000e+00 -1.9809986972e-01 -9.8018184110e-01
   outer loop
     vertex 1.2782250000e-01 0.0000000000e+00 -7.0650000000e-02
     vertex 1.2937500000e-01 0.0000000000e+00 -7.0650000000e-02
     vertex 1.2782250000e-01 -2.7489148515e-02 -6.5094299505e-02
   endloop
 endfacet
 facet normal  -0.0000000000e+00 -1.9809986972e-01 -9.8018184110e-01
   outer loop
     vertex 1.2937500000e-01 0.0000000000e+00 -7.0650000000e-02
     vertex 1.2937500000e-01 -2.7489148515e-02 -6.5094299505e-02
     vertex 1.2782250000e-01 -2.7489148515e-02 -6.5094299505e-02
   endloop
 endfacet
 facet normal  -0.0000000000e+00 -5.5916213326e-01 -8.2905832649e-01
   outer loop
     vertex 1.2782250000e-01 -2.7489148515e-02 -6.5094299505e-02
     vertex 1.2937500000e-01 -2.7489148515e-02 -6.5094299505e-02
     vertex 1.2782250000e-01 -4.9947298680e-02 -4.9947298680e-02
   endloop
 endfacet
 facet normal  -3.7054736024e-15 -5.5916213326e-01 -8.2905832649e-01
   outer loop
     vertex 1.2937500000e-01 -2.7489148515e-02 -6.5094299505e-02
     vertex 1.2937500000e-01 -4.9947298680e-02 -4.9947298680e-02
     vertex 1.2782250000e-01 -4.9947298680e-02 -4.9947298680e-02
   endloop
 endfacet
 facet normal  -2.4991734092e-15 -8.2905832649e-01 -5.5916213326e-01
   outer loop
     vertex 1.2782250000e-01 -4.9947298680e-02 -4.9947298680e-02
     vertex 1.2937500000e-01 -4.9947298680e-02 -4.9947298680e-02
     vertex 1.2782250000e-01 -6.5094299505e-02 -2.7489148515e-02
   endloop
 endfacet
 facet normal  -1.2495867046e-15 -8.2905832649e-01 -5.5916213326e-01
   outer loop
     vertex 1.2937500000e-01 -4.9947298680e-02 -4.9947298680e-02
     vertex 1.2937500000e-01 -6.5094299505e-02 -2.7489148515e-02
     vertex 1.2782250000e-01 -6.5094299505e-02 -2.7489148515e-02
   endloop
 endfacet
 facet normal  -4.4270337469e-16 -9.8018184110e-01 -1.9809986972e-01
   outer loop
     vertex 1.2782250000e-01 -6.5094299505e-02 -2.7489148515e-02
     vertex 1.2937500000e-01 -6.5094299505e-02 -2.7489148515e-02
     vertex 1.2782250000e-01 -7.0650000000e-02 0.0000000000e+00
   endloop
 endfacet
 facet normal  -0.0000000000e+00 -9.8018184110e-01 -1.9809986972e-01
   outer loop
     vertex 1.2937500000e-01 -6.5094299505e-02 -2.7489148515e-02
     vertex 1.2937500000e-01 -7.0650000000e-02 0.0000000000e+00
     vertex 1.2782250000e-01 -7.0650000000e-02 0.0000000000e+00
   endloop
 endfacet
 facet normal  0.0000000000e+00 -9.8018184110e-01 1.9809986972e-01
   outer loop
     vertex 1.2782250000e-01 -7.0650000000e-02 0.0000000000e+00
     vertex 1.2937500000e-01 -7.0650000000e-02 0.0000000000e+00
     vertex 1.2937500000e-01 -6.5094299505e-02 2.7489148515e-02
   endloop
 endfacet
 facet normal  -4.4270337469e-16 -9.8018184110e-01 1.9809986972e-01
   outer loop
     vertex 1.2782250000e-01 -7.0650000000e-02 0.0000000000e+00
     vertex 1.2937500000e-01 -6.5094299505e-02 2.7489148515e-02
     vertex 1.2782250000e-01 -6.5094299505e-02 2.7489148515e-02
   endloop
 endfacet
 facet normal  -1.2495867046e-15 -8.2905832649e-01 5.5916213326e-01
   outer loop
     vertex 1.2782250000e-01 -6.5094299505e-02 2.7489148515e-02
     vertex 1.2937500000e-01 -6.5094299505e-02 2.7489148515e-02
     vertex 1.2937500000e-01 -4.9947298680e-02 4.9947298680e-02
   endloop
 endfacet
 facet normal  -2.4991734092e-15 -8.2905832649e-01 5.5916213326e-01
   outer loop
     vertex 1.2782250000e-01 -6.5094299505e-02 2.7489148515e-02
     vertex 1.2937500000e-01 -4.9947298680e-02 4.9947298680e-02
     vertex 1.2782250000e-01 -4.9947298680e-02 4.9947298680e-02
   endloop
 endfacet
 facet normal  -3.7054736024e-15 -5.5916213326e-01 8.2905832649e-01
   outer loop
     vertex 1.2782250000e-01 -4.9947298680e-02 4.9947298680e-02
     vertex 1.2937500000e-01 -4.9947298680e-02 4.9947298680e-02
     vertex 1.2937500000e-01 -2.7489148515e-02 6.5094299505e-02
   endloop
 endfacet
 facet normal  0.0000000000e+00 -5.5916213326e-01 8.2905832649e-01
   outer loop
     vertex 1.2782250000e-01 -4.9947298680e-02 4.9947298680e-02
     vertex 1.2937500000e-01 -2.7489148515e-02 6.5094299505e-02
     vertex 1.2782250000e-01 -2.7489148515e-02 6.5094299505e-02
   endloop
 endfacet
 facet normal  0.0000000000e+00 -1.9809986972e-01 9.8018184110e-01
   outer loop
     vertex 1.2782250000e-01 -2.7489148515e-02 6.5094299505e-02
     vertex 1.2937500000e-01 -2.7489148515e-02 6.5094299505e-02
     vertex 1.2937500000e-01 0.0000000000e+00 7.0650000000e-02
   endloop
 endfacet
 facet normal  0.0000000000e+00 -1.9809986972e-01 9.8018184110e-01
   outer loop
     vertex 1.2782250000e-01 -2.7489148515e-02 6.5094299505e-02
     vertex 1.2937500000e-01 0.0000000000e+00 7.0650000000e-02
     vertex 1.2782250000e-01 0.0000000000e+00 7.0650000000e-02
   endloop
 endfacet
 facet normal  0.0000000000e+00 1.9809986972e-01 9.8018184110e-01
   outer loop
     vertex 1.2782250000e-01 0.0000000000e+00 7.0650000000e-02
     vertex 1.2937500000e-01 0.0000000000e+00 7.0650000000e-02
     vertex 1.2782250000e-01 2.7489148515e-02 6.5094299505e-02
   endloop
 endfacet
 facet normal  -4.4270337469e-16 1.9809986972e-01 9.8018184110e-01
   outer loop
     vertex 1.2937500000e-01 0.0000000000e+00 7.0650000000e-02
     vertex 1.2937500000e-01 2.7489148515e-02 6.5094299505e-02
     vertex 1.2782250000e-01 2.7489148515e-02 6.5094299505e-02
   endloop
 endfacet
 facet normal  -1.2495867046e-15 5.5916213326e-01 8.2905832649e-01
   outer loop
     vertex 1.2782250000e-01 2.7489148515e-02 6.5094299505e-02
     vertex 1.2937500000e-01 2.7489148515e-02 6.5094299505e-02
     vertex 1.2782250000e-01 4.9947298680e-02 4.9947298680e-02
   endloop
 endfacet
 facet normal  -6.2046470116e-15 5.5916213326e-01 8.2905832649e-01
   outer loop
     vertex 1.2937500000e-01 2.7489148515e-02 6.5094299505e-02
     vertex 1.2937500000e-01 4.9947298680e-02 4.9947298680e-02
     vertex 1.2782250000e-01 4.9947298680e-02 4.9947298680e-02
   endloop
 endfacet
 facet normal  -6.2046470116e-15 8.2905832649e-01 5.5916213326e-01
   outer loop
     vertex 1.2782250000e-01 4.9947298680e-02 4.9947298680e-02
     vertex 1.2937500000e-01 4.9947298680e-02 4.9947298680e-02
     vertex 1.2782250000e-01 6.5094299505e-02 2.7489148515e-02
   endloop
 endfacet
 facet normal  -1.2495867046e-15 8.2905832649e-01 5.5916213326e-01
   outer loop
     vertex 1.2937500000e-01 4.9947298680e-02 4.9947298680e-02
     vertex 1.2937500000e-01 6.5094299505e-02 2.7489148515e-02
     vertex 1.2782250000e-01 6.5094299505e-02 2.7489148515e-02
   endloop
 endfacet
 facet normal  -4.4270337469e-16 9.8018184110e-01 1.9809986972e-01
   outer loop
     vertex 1.2782250000e-01 6.5094299505e-02 2.7489148515e-02
     vertex 1.2937500000e-01 6.5094299505e-02 2.7489148515e-02
     vertex 1.2782250000e-01 7.0650000000e-02 0.0000000000e+00
   endloop
 endfacet
 facet normal  0.0000000000e+00 9.8018184110e-01 1.9809986972e-01
   outer loop
     vertex 1.2937500000e-01 6.5094299505e-02 2.7489148515e-02
     vertex 1.2937500000e-01 7.0650000000e-02 0.0000000000e+00
     vertex 1.2782250000e-01 7.0650000000e-02 0.0000000000e+00
   endloop
 endfacet
 facet normal  0.0000000000e+00 9.8018184110e-01 -1.9809986972e-01
   outer loop
     vertex 1.2937500000e-01 7.0650000000e-02 0.0000000000e+00
     vertex 1.3133000000e-01 7.0650000000e-02 0.0000000000e+00
     vertex 1.3133000000e-01 6.5094299505e-02 -2.7489148515e-02
   endloop
 endfacet
 facet normal  0.0000000000e+00 9.8018184110e-01 -1.9809986972e-01
   outer loop
     vertex 1.2937500000e-01 7.0650000000e-02 0.0000000000e+00
     vertex 1.3133000000e-01 6.5094299505e-02 -2.7489148515e-02
     vertex 1.2937500000e-01 6.5094299505e-02 -2.7489148515e-02
   endloop
 endfacet
 facet normal  0.0000000000e+00 8.2905832649e-01 -5.5916213326e-01
   outer loop
     vertex 1.2937500000e-01 6.5094299505e-02 -2.7489148515e-02
     vertex 1.3133000000e-01 6.5094299505e-02 -2.7489148515e-02
     vertex 1.3133000000e-01 4.9947298680e-02 -4.9947298680e-02
   endloop
 endfacet
 facet normal  0.0000000000e+00 8.2905832649e-01 -5.5916213326e-01
   outer loop
     vertex 1.2937500000e-01 6.5094299505e-02 -2.7489148515e-02
     vertex 1.3133000000e-01 4.9947298680e-02 -4.9947298680e-02
     vertex 1.2937500000e-01 4.9947298680e-02 -4.9947298680e-02
   endloop
 endfacet
 facet normal  0.0000000000e+00 5.5916213326e-01 -8.2905832649e-01
   outer loop
     vertex 1.2937500000e-01 4.9947298680e-02 -4.9947298680e-02
     vertex 1.3133000000e-01 4.9947298680e-02 -4.9947298680e-02
     vertex 1.3133000000e-01 2.7489148515e-02 -6.5094299505e-02
   endloop
 endfacet
 facet normal  0.0000000000e+00 5.5916213326e-01 -8.2905832649e-01
   outer loop
     vertex 1.2937500000e-01 4.9947298680e-02 -4.9947298680e-02
     vertex 1.3133000000e-01 2.7489148515e-02 -6.5094299505e-02
     vertex 1.2937500000e-01 2.7489148515e-02 -6.5094299505e-02
   endloop
 endfacet
 facet normal  0.0000000000e+00 1.9809986972e-01 -9.8018184110e-01
   outer loop
     vertex 1.2937500000e-01 2.7489148515e-02 -6.5094299505e-02
     vertex 1.3133000000e-01 2.7489148515e-02 -6.5094299505e-02
     vertex 1.3133000000e-01 0.0000000000e+00 -7.0650000000e-02
   endloop
 endfacet
 facet normal  0.0000000000e+00 1.9809986972e-01 -9.8018184110e-01
   outer loop
     vertex 1.2937500000e-01 2.7489148515e-02 -6.5094299505e-02
     vertex 1.3133000000e-01 0.0000000000e+00 -7.0650000000e-02
     vertex 1.2937500000e-01 0.0000000000e+00 -7.0650000000e-02
   endloop
 endfacet
 facet normal  -0.0000000000e+00 -1.9809986972e-01 -9.8018184110e-01
   outer loop
     vertex 1.2937500000e-01 0.0000000000e+00 -7.0650000000e-02
     vertex 1.3133000000e-01 0.0000000000e+00 -7.0650000000e-02
     vertex 1.2937500000e-01 -2.7489148515e-02 -6.5094299505e-02
   endloop
 endfacet
 facet normal  -0.0000000000e+00 -1.9809986972e-01 -9.8018184110e-01
   outer loop
     vertex 1.3133000000e-01 0.0000000000e+00 -7.0650000000e-02
     vertex 1.3133000000e-01 -2.7489148515e-02 -6.5094299505e-02
     vertex 1.2937500000e-01 -2.7489148515e-02 -6.5094299505e-02
   endloop
 endfacet
 facet normal  -0.0000000000e+00 -5.5916213326e-01 -8.2905832649e-01
   outer loop
     vertex 1.2937500000e-01 -2.7489148515e-02 -6.5094299505e-02
     vertex 1.3133000000e-01 -2.7489148515e-02 -6.5094299505e-02
     vertex 1.2937500000e-01 -4.9947298680e-02 -4.9947298680e-02
   endloop
 endfacet
 facet normal  -0.0000000000e+00 -5.5916213326e-01 -8.2905832649e-01
   outer loop
     vertex 1.3133000000e-01 -2.7489148515e-02 -6.5094299505e-02
     vertex 1.3133000000e-01 -4.9947298680e-02 -4.9947298680e-02
     vertex 1.2937500000e-01 -4.9947298680e-02 -4.9947298680e-02
   endloop
 endfacet
 facet normal  -0.0000000000e+00 -8.2905832649e-01 -5.5916213326e-01
   outer loop
     vertex 1.2937500000e-01 -4.9947298680e-02 -4.9947298680e-02
     vertex 1.3133000000e-01 -4.9947298680e-02 -4.9947298680e-02
     vertex 1.2937500000e-01 -6.5094299505e-02 -2.7489148515e-02
   endloop
 endfacet
 facet normal  -0.0000000000e+00 -8.2905832649e-01 -5.5916213326e-01
   outer loop
     vertex 1.3133000000e-01 -4.9947298680e-02 -4.9947298680e-02
     vertex 1.3133000000e-01 -6.5094299505e-02 -2.7489148515e-02
     vertex 1.2937500000e-01 -6.5094299505e-02 -2.7489148515e-02
   endloop
 endfacet
 facet normal  -0.0000000000e+00 -9.8018184110e-01 -1.9809986972e-01
   outer loop
     vertex 1.2937500000e-01 -6.5094299505e-02 -2.7489148515e-02
     vertex 1.3133000000e-01 -6.5094299505e-02 -2.7489148515e-02
     vertex 1.2937500000e-01 -7.0650000000e-02 0.0000000000e+00
   endloop
 endfacet
 facet normal  -0.0000000000e+00 -9.8018184110e-01 -1.9809986972e-01
   outer loop
     vertex 1.3133000000e-01 -6.5094299505e-02 -2.7489148515e-02
     vertex 1.3133000000e-01 -7.0650000000e-02 0.0000000000e+00
     vertex 1.2937500000e-01 -7.0650000000e-02 0.0000000000e+00
   endloop
 endfacet
 facet normal  0.0000000000e+00 -9.8018184110e-01 1.9809986972e-01
   outer loop
     vertex 1.2937500000e-01 -7.0650000000e-02 0.0000000000e+00
     vertex 1.3133000000e-01 -7.0650000000e-02 0.0000000000e+00
     vertex 1.3133000000e-01 -6.5094299505e-02 2.7489148515e-02
   endloop
 endfacet
 facet normal  0.0000000000e+00 -9.8018184110e-01 1.9809986972e-01
   outer loop
     vertex 1.2937500000e-01 -7.0650000000e-02 0.0000000000e+00
     vertex 1.3133000000e-01 -6.5094299505e-02 2.7489148515e-02
     vertex 1.2937500000e-01 -6.5094299505e-02 2.7489148515e-02
   endloop
 endfacet
 facet normal  0.0000000000e+00 -8.2905832649e-01 5.5916213326e-01
   outer loop
     vertex 1.2937500000e-01 -6.5094299505e-02 2.7489148515e-02
     vertex 1.3133000000e-01 -6.5094299505e-02 2.7489148515e-02
     vertex 1.3133000000e-01 -4.9947298680e-02 4.9947298680e-02
   endloop
 endfacet
 facet normal  0.0000000000e+00 -8.2905832649e-01 5.5916213326e-01
   outer loop
     vertex 1.2937500000e-01 -6.5094299505e-02 2.7489148515e-02
     vertex 1.3133000000e-01 -4.9947298680e-02 4.9947298680e-02
     vertex 1.2937500000e-01 -4.9947298680e-02 4.9947298680e-02
   endloop
 endfacet
 facet normal  0.0000000000e+00 -5.5916213326e-01 8.2905832649e-01
   outer loop
     vertex 1.2937500000e-01 -4.9947298680e-02 4.9947298680e-02
     vertex 1.3133000000e-01 -4.9947298680e-02 4.9947298680e-02
     vertex 1.3133000000e-01 -2.7489148515e-02 6.5094299505e-02
   endloop
 endfacet
 facet normal  0.0000000000e+00 -5.5916213326e-01 8.2905832649e-01
   outer loop
     vertex 1.2937500000e-01 -4.9947298680e-02 4.9947298680e-02
     vertex 1.3133000000e-01 -2.7489148515e-02 6.5094299505e-02
     vertex 1.2937500000e-01 -2.7489148515e-02 6.5094299505e-02
   endloop
 endfacet
 facet normal  0.0000000000e+00 -1.9809986972e-01 9.8018184110e-01
   outer loop
     vertex 1.2937500000e-01 -2.7489148515e-02 6.5094299505e-02
     vertex 1.3133000000e-01 -2.7489148515e-02 6.5094299505e-02
     vertex 1.3133000000e-01 0.0000000000e+00 7.0650000000e-02
   endloop
 endfacet
 facet normal  0.0000000000e+00 -1.9809986972e-01 9.8018184110e-01
   outer loop
     vertex 1.2937500000e-01 -2.7489148515e-02 6.5094299505e-02
     vertex 1.3133000000e-01 0.0000000000e+00 7.0650000000e-02
     vertex 1.2937500000e-01 0.0000000000e+00 7.0650000000e-02
   endloop
 endfacet
 facet normal  0.0000000000e+00 1.9809986972e-01 9.8018184110e-01
   outer loop
     vertex 1.2937500000e-01 0.0000000000e+00 7.0650000000e-02
     vertex 1.3133000000e-01 0.0000000000e+00 7.0650000000e-02
     vertex 1.2937500000e-01 2.7489148515e-02 6.5094299505e-02
   endloop
 endfacet
 facet normal  0.0000000000e+00 1.9809986972e-01 9.8018184110e-01
   outer loop
     vertex 1.3133000000e-01 0.0000000000e+00 7.0650000000e-02
     vertex 1.3133000000e-01 2.7489148515e-02 6.5094299505e-02
     vertex 1.2937500000e-01 2.7489148515e-02 6.5094299505e-02
   endloop
 endfacet
 facet normal  0.0000000000e+00 5.5916213326e-01 8.2905832649e-01
   outer loop
     vertex 1.2937500000e-01 2.7489148515e-02 6.5094299505e-02
     vertex 1.3133000000e-01 2.7489148515e-02 6.5094299505e-02
     vertex 1.2937500000e-01 4.9947298680e-02 4.9947298680e-02
   endloop
 endfacet
 facet normal  0.0000000000e+00 5.5916213326e-01 8.2905832649e-01
   outer loop
     vertex 1.3133000000e-01 2.7489148515e-02 6.5094299505e-02
     vertex 1.3133000000e-01 4.9947298680e-02 4.9947298680e-02
     vertex 1.2937500000e-01 4.9947298680e-02 4.9947298680e-02
   endloop
 endfacet
 facet normal  0.0000000000e+00 8.2905832649e-01 5.5916213326e-01
   outer loop
     vertex 1.2937500000e-01 4.9947298680e-02 4.9947298680e-02
     vertex 1.3133000000e-01 4.9947298680e-02 4.9947298680e-02
     vertex 1.2937500000e-01 6.5094299505e-02 2.7489148515e-02
   endloop
 endfacet
 facet normal  0.0000000000e+00 8.2905832649e-01 5.5916213326e-01
   outer loop
     vertex 1.3133000000e-01 4.9947298680e-02 4.9947298680e-02
     vertex 1.3133000000e-01 6.5094299505e-02 2.7489148515e-02
     vertex 1.2937500000e-01 6.5094299505e-02 2.7489148515e-02
   endloop
 endfacet
 facet normal  0.0000000000e+00 9.8018184110e-01 1.9809986972e-01
   outer loop
     vertex 1.2937500000e-01 6.5094299505e-02 2.7489148515e-02
     vertex 1.3133000000e-01 6.5094299505e-02 2.7489148515e-02
     vertex 1.2937500000e-01 7.0650000000e-02 0.0000000000e+00
   endloop
 endfacet
 facet normal  0.0000000000e+00 9.8018184110e-01 1.9809986972e-01
   outer loop
     vertex 1.3133000000e-01 6.5094299505e-02 2.7489148515e-02
     vertex 1.3133000000e-01 7.0650000000e-02 0.0000000000e+00
     vertex 1.2937500000e-01 7.0650000000e-02 0.0000000000e+00
   endloop
 endfacet
 facet normal  0.0000000000e+00 9.8018184110e-01 -1.9809986972e-01
   outer loop
     vertex 1.3133000000e-01 7.0650000000e-02 0.0000000000e+00
     vertex 1.3409000000e-01 7.0650000000e-02 0.0000000000e+00
     vertex 1.3409000000e-01 6.5094299505e-02 -2.7489148515e-02
   endloop
 endfacet
 facet normal  0.0000000000e+00 9.8018184110e-01 -1.9809986972e-01
   outer loop
     vertex 1.3133000000e-01 7.0650000000e-02 0.0000000000e+00
     vertex 1.3409000000e-01 6.5094299505e-02 -2.7489148515e-02
     vertex 1.3133000000e-01 6.5094299505e-02 -2.7489148515e-02
   endloop
 endfacet
 facet normal  0.0000000000e+00 8.2905832649e-01 -5.5916213326e-01
   outer loop
     vertex 1.3133000000e-01 6.5094299505e-02 -2.7489148515e-02
     vertex 1.3409000000e-01 6.5094299505e-02 -2.7489148515e-02
     vertex 1.3409000000e-01 4.9947298680e-02 -4.9947298680e-02
   endloop
 endfacet
 facet normal  3.4901139440e-15 8.2905832649e-01 -5.5916213326e-01
   outer loop
     vertex 1.3133000000e-01 6.5094299505e-02 -2.7489148515e-02
     vertex 1.3409000000e-01 4.9947298680e-02 -4.9947298680e-02
     vertex 1.3133000000e-01 4.9947298680e-02 -4.9947298680e-02
   endloop
 endfacet
 facet normal  3.4901139440e-15 5.5916213326e-01 -8.2905832649e-01
   outer loop
     vertex 1.3133000000e-01 4.9947298680e-02 -4.9947298680e-02
     vertex 1.3409000000e-01 4.9947298680e-02 -4.9947298680e-02
     vertex 1.3409000000e-01 2.7489148515e-02 -6.5094299505e-02
   endloop
 endfacet
 facet normal  0.0000000000e+00 5.5916213326e-01 -8.2905832649e-01
   outer loop
     vertex 1.3133000000e-01 4.9947298680e-02 -4.9947298680e-02
     vertex 1.3409000000e-01 2.7489148515e-02 -6.5094299505e-02
     vertex 1.3133000000e-01 2.7489148515e-02 -6.5094299505e-02
   endloop
 endfacet
 facet normal  0.0000000000e+00 1.9809986972e-01 -9.8018184110e-01
   outer loop
     vertex 1.3133000000e-01 2.7489148515e-02 -6.5094299505e-02
     vertex 1.3409000000e-01 2.7489148515e-02 -6.5094299505e-02
     vertex 1.3409000000e-01 0.0000000000e+00 -7.0650000000e-02
   endloop
 endfacet
 facet normal  0.0000000000e+00 1.9809986972e-01 -9.8018184110e-01
   outer loop
     vertex 1.3133000000e-01 2.7489148515e-02 -6.5094299505e-02
     vertex 1.3409000000e-01 0.0000000000e+00 -7.0650000000e-02
     vertex 1.3133000000e-01 0.0000000000e+00 -7.0650000000e-02
   endloop
 endfacet
 facet normal  -0.0000000000e+00 -1.9809986972e-01 -9.8018184110e-01
   outer loop
     vertex 1.3133000000e-01 0.0000000000e+00 -7.0650000000e-02
     vertex 1.3409000000e-01 0.0000000000e+00 -7.0650000000e-02
     vertex 1.3133000000e-01 -2.7489148515e-02 -6.5094299505e-02
   endloop
 endfacet
 facet normal  2.4902064826e-16 -1.9809986972e-01 -9.8018184110e-01
   outer loop
     vertex 1.3409000000e-01 0.0000000000e+00 -7.0650000000e-02
     vertex 1.3409000000e-01 -2.7489148515e-02 -6.5094299505e-02
     vertex 1.3133000000e-01 -2.7489148515e-02 -6.5094299505e-02
   endloop
 endfacet
 facet normal  7.0289252133e-16 -5.5916213326e-01 -8.2905832649e-01
   outer loop
     vertex 1.3133000000e-01 -2.7489148515e-02 -6.5094299505e-02
     vertex 1.3409000000e-01 -2.7489148515e-02 -6.5094299505e-02
     vertex 1.3133000000e-01 -4.9947298680e-02 -4.9947298680e-02
   endloop
 endfacet
 facet normal  2.0843289013e-15 -5.5916213326e-01 -8.2905832649e-01
   outer loop
     vertex 1.3409000000e-01 -2.7489148515e-02 -6.5094299505e-02
     vertex 1.3409000000e-01 -4.9947298680e-02 -4.9947298680e-02
     vertex 1.3133000000e-01 -4.9947298680e-02 -4.9947298680e-02
   endloop
 endfacet
 facet normal  1.4057850427e-15 -8.2905832649e-01 -5.5916213326e-01
   outer loop
     vertex 1.3133000000e-01 -4.9947298680e-02 -4.9947298680e-02
     vertex 1.3409000000e-01 -4.9947298680e-02 -4.9947298680e-02
     vertex 1.3133000000e-01 -6.5094299505e-02 -2.7489148515e-02
   endloop
 endfacet
 facet normal  -0.0000000000e+00 -8.2905832649e-01 -5.5916213326e-01
   outer loop
     vertex 1.3409000000e-01 -4.9947298680e-02 -4.9947298680e-02
     vertex 1.3409000000e-01 -6.5094299505e-02 -2.7489148515e-02
     vertex 1.3133000000e-01 -6.5094299505e-02 -2.7489148515e-02
   endloop
 endfacet
 facet normal  -0.0000000000e+00 -9.8018184110e-01 -1.9809986972e-01
   outer loop
     vertex 1.3133000000e-01 -6.5094299505e-02 -2.7489148515e-02
     vertex 1.3409000000e-01 -6.5094299505e-02 -2.7489148515e-02
     vertex 1.3133000000e-01 -7.0650000000e-02 0.0000000000e+00
   endloop
 endfacet
 facet normal  -0.0000000000e+00 -9.8018184110e-01 -1.9809986972e-01
   outer loop
     vertex 1.3409000000e-01 -6.5094299505e-02 -2.7489148515e-02
     vertex 1.3409000000e-01 -7.0650000000e-02 0.0000000000e+00
     vertex 1.3133000000e-01 -7.0650000000e-02 0.0000000000e+00
   endloop
 endfacet
 facet normal  0.0000000000e+00 -9.8018184110e-01 1.9809986972e-01
   outer loop
     vertex 1.3133000000e-01 -7.0650000000e-02 0.0000000000e+00
     vertex 1.3409000000e-01 -7.0650000000e-02 0.0000000000e+00
     vertex 1.3409000000e-01 -6.5094299505e-02 2.7489148515e-02
   endloop
 endfacet
 facet normal  0.0000000000e+00 -9.8018184110e-01 1.9809986972e-01
   outer loop
     vertex 1.3133000000e-01 -7.0650000000e-02 0.0000000000e+00
     vertex 1.3409000000e-01 -6.5094299505e-02 2.7489148515e-02
     vertex 1.3133000000e-01 -6.5094299505e-02 2.7489148515e-02
   endloop
 endfacet
 facet normal  0.0000000000e+00 -8.2905832649e-01 5.5916213326e-01
   outer loop
     vertex 1.3133000000e-01 -6.5094299505e-02 2.7489148515e-02
     vertex 1.3409000000e-01 -6.5094299505e-02 2.7489148515e-02
     vertex 1.3409000000e-01 -4.9947298680e-02 4.9947298680e-02
   endloop
 endfacet
 facet normal  1.4057850427e-15 -8.2905832649e-01 5.5916213326e-01
   outer loop
     vertex 1.3133000000e-01 -6.5094299505e-02 2.7489148515e-02
     vertex 1.3409000000e-01 -4.9947298680e-02 4.9947298680e-02
     vertex 1.3133000000e-01 -4.9947298680e-02 4.9947298680e-02
   endloop
 endfacet
 facet normal  2.0843289013e-15 -5.5916213326e-01 8.2905832649e-01
   outer loop
     vertex 1.3133000000e-01 -4.9947298680e-02 4.9947298680e-02
     vertex 1.3409000000e-01 -4.9947298680e-02 4.9947298680e-02
     vertex 1.3409000000e-01 -2.7489148515e-02 6.5094299505e-02
   endloop
 endfacet
 facet normal  7.0289252133e-16 -5.5916213326e-01 8.2905832649e-01
   outer loop
     vertex 1.3133000000e-01 -4.9947298680e-02 4.9947298680e-02
     vertex 1.3409000000e-01 -2.7489148515e-02 6.5094299505e-02
     vertex 1.3133000000e-01 -2.7489148515e-02 6.5094299505e-02
   endloop
 endfacet
 facet normal  2.4902064826e-16 -1.9809986972e-01 9.8018184110e-01
   outer loop
     vertex 1.3133000000e-01 -2.7489148515e-02 6.5094299505e-02
     vertex 1.3409000000e-01 -2.7489148515e-02 6.5094299505e-02
     vertex 1.3409000000e-01 0.0000000000e+00 7.0650000000e-02
   endloop
 endfacet
 facet normal  0.0000000000e+00 -1.9809986972e-01 9.8018184110e-01
   outer loop
     vertex 1.3133000000e-01 -2.7489148515e-02 6.5094299505e-02
     vertex 1.3409000000e-01 0.0000000000e+00 7.0650000000e-02
     vertex 1.3133000000e-01 0.0000000000e+00 7.0650000000e-02
   endloop
 endfacet
 facet normal  0.0000000000e+00 1.9809986972e-01 9.8018184110e-01
   outer loop
     vertex 1.3133000000e-01 0.0000000000e+00 7.0650000000e-02
     vertex 1.3409000000e-01 0.0000000000e+00 7.0650000000e-02
     vertex 1.3133000000e-01 2.7489148515e-02 6.5094299505e-02
   endloop
 endfacet
 facet normal  0.0000000000e+00 1.9809986972e-01 9.8018184110e-01
   outer loop
     vertex 1.3409000000e-01 0.0000000000e+00 7.0650000000e-02
     vertex 1.3409000000e-01 2.7489148515e-02 6.5094299505e-02
     vertex 1.3133000000e-01 2.7489148515e-02 6.5094299505e-02
   endloop
 endfacet
 facet normal  0.0000000000e+00 5.5916213326e-01 8.2905832649e-01
   outer loop
     vertex 1.3133000000e-01 2.7489148515e-02 6.5094299505e-02
     vertex 1.3409000000e-01 2.7489148515e-02 6.5094299505e-02
     vertex 1.3133000000e-01 4.9947298680e-02 4.9947298680e-02
   endloop
 endfacet
 facet normal  3.4901139440e-15 5.5916213326e-01 8.2905832649e-01
   outer loop
     vertex 1.3409000000e-01 2.7489148515e-02 6.5094299505e-02
     vertex 1.3409000000e-01 4.9947298680e-02 4.9947298680e-02
     vertex 1.3133000000e-01 4.9947298680e-02 4.9947298680e-02
   endloop
 endfacet
 facet normal  3.4901139440e-15 8.2905832649e-01 5.5916213326e-01
   outer loop
     vertex 1.3133000000e-01 4.9947298680e-02 4.9947298680e-02
     vertex 1.3409000000e-01 4.9947298680e-02 4.9947298680e-02
     vertex 1.3133000000e-01 6.5094299505e-02 2.7489148515e-02
   endloop
 endfacet
 facet normal  0.0000000000e+00 8.2905832649e-01 5.5916213326e-01
   outer loop
     vertex 1.3409000000e-01 4.9947298680e-02 4.9947298680e-02
     vertex 1.3409000000e-01 6.5094299505e-02 2.7489148515e-02
     vertex 1.3133000000e-01 6.5094299505e-02 2.7489148515e-02
   endloop
 endfacet
 facet normal  0.0000000000e+00 9.8018184110e-01 1.9809986972e-01
   outer loop
     vertex 1.3133000000e-01 6.5094299505e-02 2.7489148515e-02
     vertex 1.3409000000e-01 6.5094299505e-02 2.7489148515e-02
     vertex 1.3133000000e-01 7.0650000000e-02 0.0000000000e+00
   endloop
 endfacet
 facet normal  0.0000000000e+00 9.8018184110e-01 1.9809986972e-01
   outer loop
     vertex 1.3409000000e-01 6.5094299505e-02 2.7489148515e-02
     vertex 1.3409000000e-01 7.0650000000e-02 0.0000000000e+00
     vertex 1.3133000000e-01 7.0650000000e-02 0.0000000000e+00
   endloop
 endfacet
 facet normal  0.0000000000e+00 9.8018184110e-01 -1.9809986972e-01
   outer loop
     vertex 1.3409000000e-01 7.0650000000e-02 0.0000000000e+00
     vertex 1.3731000000e-01 7.0650000000e-02 0.0000000000e+00
     vertex 1.3731000000e-01 6.5094299505e-02 -2.7489148515e-02
   endloop
 endfacet
 facet normal  2.1344626994e-16 9.8018184110e-01 -1.9809986972e-01
   outer loop
     vertex 1.3409000000e-01 7.0650000000e-02 0.0000000000e+00
     vertex 1.3731000000e-01 6.5094299505e-02 -2.7489148515e-02
     vertex 1.3409000000e-01 6.5094299505e-02 -2.7489148515e-02
   endloop
 endfacet
 facet normal  6.0247930400e-16 8.2905832649e-01 -5.5916213326e-01
   outer loop
     vertex 1.3409000000e-01 6.5094299505e-02 -2.7489148515e-02
     vertex 1.3731000000e-01 6.5094299505e-02 -2.7489148515e-02
     vertex 1.3731000000e-01 4.9947298680e-02 -4.9947298680e-02
   endloop
 endfacet
 facet normal  0.0000000000e+00 8.2905832649e-01 -5.5916213326e-01
   outer loop
     vertex 1.3409000000e-01 6.5094299505e-02 -2.7489148515e-02
     vertex 1.3731000000e-01 4.9947298680e-02 -4.9947298680e-02
     vertex 1.3409000000e-01 4.9947298680e-02 -4.9947298680e-02
   endloop
 endfacet
 facet normal  0.0000000000e+00 5.5916213326e-01 -8.2905832649e-01
   outer loop
     vertex 1.3409000000e-01 4.9947298680e-02 -4.9947298680e-02
     vertex 1.3731000000e-01 4.9947298680e-02 -4.9947298680e-02
     vertex 1.3731000000e-01 2.7489148515e-02 -6.5094299505e-02
   endloop
 endfacet
 facet normal  6.0247930400e-16 5.5916213326e-01 -8.2905832649e-01
   outer loop
     vertex 1.3409000000e-01 4.9947298680e-02 -4.9947298680e-02
     vertex 1.3731000000e-01 2.7489148515e-02 -6.5094299505e-02
     vertex 1.3409000000e-01 2.7489148515e-02 -6.5094299505e-02
   endloop
 endfacet
 facet normal  2.1344626994e-16 1.9809986972e-01 -9.8018184110e-01
   outer loop
     vertex 1.3409000000e-01 2.7489148515e-02 -6.5094299505e-02
     vertex 1.3731000000e-01 2.7489148515e-02 -6.5094299505e-02
     vertex 1.3731000000e-01 0.0000000000e+00 -7.0650000000e-02
   endloop
 endfacet
 facet normal  0.0000000000e+00 1.9809986972e-01 -9.8018184110e-01
   outer loop
     vertex 1.3409000000e-01 2.7489148515e-02 -6.5094299505e-02
     vertex 1.3731000000e-01 0.0000000000e+00 -7.0650000000e-02
     vertex 1.3409000000e-01 0.0000000000e+00 -7.0650000000e-02
   endloop
 endfacet
 facet normal  -0.0000000000e+00 -1.9809986972e-01 -9.8018184110e-01
   outer loop
     vertex 1.3409000000e-01 0.0000000000e+00 -7.0650000000e-02
     vertex 1.3731000000e-01 0.0000000000e+00 -7.0650000000e-02
     vertex 1.3409000000e-01 -2.7489148515e-02 -6.5094299505e-02
   endloop
 endfacet
 facet normal  -0.0000000000e+00 -1.9809986972e-01 -9.8018184110e-01
   outer loop
     vertex 1.3731000000e-01 0.0000000000e+00 -7.0650000000e-02
     vertex 1.3731000000e-01 -2.7489148515e-02 -6.5094299505e-02
     vertex 1.3409000000e-01 -2.7489148515e-02 -6.5094299505e-02
   endloop
 endfacet
 facet normal  -0.0000000000e+00 -5.5916213326e-01 -8.2905832649e-01
   outer loop
     vertex 1.3409000000e-01 -2.7489148515e-02 -6.5094299505e-02
     vertex 1.3731000000e-01 -2.7489148515e-02 -6.5094299505e-02
     vertex 1.3409000000e-01 -4.9947298680e-02 -4.9947298680e-02
   endloop
 endfacet
 facet normal  -0.0000000000e+00 -5.5916213326e-01 -8.2905832649e-01
   outer loop
     vertex 1.3731000000e-01 -2.7489148515e-02 -6.5094299505e-02
     vertex 1.3731000000e-01 -4.9947298680e-02 -4.9947298680e-02
     vertex 1.3409000000e-01 -4.9947298680e-02 -4.9947298680e-02
   endloop
 endfacet
 facet normal  -0.0000000000e+00 -8.2905832649e-01 -5.5916213326e-01
   outer loop
     vertex 1.3409000000e-01 -4.9947298680e-02 -4.9947298680e-02
     vertex 1.3731000000e-01 -4.9947298680e-02 -4.9947298680e-02
     vertex 1.3409000000e-01 -6.5094299505e-02 -2.7489148515e-02
   endloop
 endfacet
 facet normal  6.0247930400e-16 -8.2905832649e-01 -5.5916213326e-01
   outer loop
     vertex 1.3731000000e-01 -4.9947298680e-02 -4.9947298680e-02
     vertex 1.3731000000e-01 -6.5094299505e-02 -2.7489148515e-02
     vertex 1.3409000000e-01 -6.5094299505e-02 -2.7489148515e-02
   endloop
 endfacet
 facet normal  2.1344626994e-16 -9.8018184110e-01 -1.9809986972e-01
   outer loop
     vertex 1.3409000000e-01 -6.5094299505e-02 -2.7489148515e-02
     vertex 1.3731000000e-01 -6.5094299505e-02 -2.7489148515e-02
     vertex 1.3409000000e-01 -7.0650000000e-02 0.0000000000e+00
   endloop
 endfacet
 facet normal  -0.0000000000e+00 -9.8018184110e-01 -1.9809986972e-01
   outer loop
     vertex 1.3731000000e-01 -6.5094299505e-02 -2.7489148515e-02
     vertex 1.3731000000e-01 -7.0650000000e-02 0.0000000000e+00
     vertex 1.3409000000e-01 -7.0650000000e-02 0.0000000000e+00
   endloop
 endfacet
 facet normal  0.0000000000e+00 -9.8018184110e-01 1.9809986972e-01
   outer loop
     vertex 1.3409000000e-01 -7.0650000000e-02 0.0000000000e+00
     vertex 1.3731000000e-01 -7.0650000000e-02 0.0000000000e+00
     vertex 1.3731000000e-01 -6.5094299505e-02 2.7489148515e-02
   endloop
 endfacet
 facet normal  2.1344626994e-16 -9.8018184110e-01 1.9809986972e-01
   outer loop
     vertex 1.3409000000e-01 -7.0650000000e-02 0.0000000000e+00
     vertex 1.3731000000e-01 -6.5094299505e-02 2.7489148515e-02
     vertex 1.3409000000e-01 -6.5094299505e-02 2.7489148515e-02
   endloop
 endfacet
 facet normal  6.0247930400e-16 -8.2905832649e-01 5.5916213326e-01
   outer loop
     vertex 1.3409000000e-01 -6.5094299505e-02 2.7489148515e-02
     vertex 1.3731000000e-01 -6.5094299505e-02 2.7489148515e-02
     vertex 1.3731000000e-01 -4.9947298680e-02 4.9947298680e-02
   endloop
 endfacet
 facet normal  0.0000000000e+00 -8.2905832649e-01 5.5916213326e-01
   outer loop
     vertex 1.3409000000e-01 -6.5094299505e-02 2.7489148515e-02
     vertex 1.3731000000e-01 -4.9947298680e-02 4.9947298680e-02
     vertex 1.3409000000e-01 -4.9947298680e-02 4.9947298680e-02
   endloop
 endfacet
 facet normal  0.0000000000e+00 -5.5916213326e-01 8.2905832649e-01
   outer loop
     vertex 1.3409000000e-01 -4.9947298680e-02 4.9947298680e-02
     vertex 1.3731000000e-01 -4.9947298680e-02 4.9947298680e-02
     vertex 1.3731000000e-01 -2.7489148515e-02 6.5094299505e-02
   endloop
 endfacet
 facet normal  0.0000000000e+00 -5.5916213326e-01 8.2905832649e-01
   outer loop
     vertex 1.3409000000e-01 -4.9947298680e-02 4.9947298680e-02
     vertex 1.3731000000e-01 -2.7489148515e-02 6.5094299505e-02
     vertex 1.3409000000e-01 -2.7489148515e-02 6.5094299505e-02
   endloop
 endfacet
 facet normal  0.0000000000e+00 -1.9809986972e-01 9.8018184110e-01
   outer loop
     vertex 1.3409000000e-01 -2.7489148515e-02 6.5094299505e-02
     vertex 1.3731000000e-01 -2.7489148515e-02 6.5094299505e-02
     vertex 1.3731000000e-01 0.0000000000e+00 7.0650000000e-02
   endloop
 endfacet
 facet normal  0.0000000000e+00 -1.9809986972e-01 9.8018184110e-01
   outer loop
     vertex 1.3409000000e-01 -2.7489148515e-02 6.5094299505e-02
     vertex 1.3731000000e-01 0.0000000000e+00 7.0650000000e-02
     vertex 1.3409000000e-01 0.0000000000e+00 7.0650000000e-02
   endloop
 endfacet
 facet normal  0.0000000000e+00 1.9809986972e-01 9.8018184110e-01
   outer loop
     vertex 1.3409000000e-01 0.0000000000e+00 7.0650000000e-02
     vertex 1.3731000000e-01 0.0000000000e+00 7.0650000000e-02
     vertex 1.3409000000e-01 2.7489148515e-02 6.5094299505e-02
   endloop
 endfacet
 facet normal  2.1344626994e-16 1.9809986972e-01 9.8018184110e-01
   outer loop
     vertex 1.3731000000e-01 0.0000000000e+00 7.0650000000e-02
     vertex 1.3731000000e-01 2.7489148515e-02 6.5094299505e-02
     vertex 1.3409000000e-01 2.7489148515e-02 6.5094299505e-02
   endloop
 endfacet
 facet normal  6.0247930400e-16 5.5916213326e-01 8.2905832649e-01
   outer loop
     vertex 1.3409000000e-01 2.7489148515e-02 6.5094299505e-02
     vertex 1.3731000000e-01 2.7489148515e-02 6.5094299505e-02
     vertex 1.3409000000e-01 4.9947298680e-02 4.9947298680e-02
   endloop
 endfacet
 facet normal  0.0000000000e+00 5.5916213326e-01 8.2905832649e-01
   outer loop
     vertex 1.3731000000e-01 2.7489148515e-02 6.5094299505e-02
     vertex 1.3731000000e-01 4.9947298680e-02 4.9947298680e-02
     vertex 1.3409000000e-01 4.9947298680e-02 4.9947298680e-02
   endloop
 endfacet
 facet normal  0.0000000000e+00 8.2905832649e-01 5.5916213326e-01
   outer loop
     vertex 1.3409000000e-01 4.9947298680e-02 4.9947298680e-02
     vertex 1.3731000000e-01 4.9947298680e-02 4.9947298680e-02
     vertex 1.3409000000e-01 6.5094299505e-02 2.7489148515e-02
   endloop
 endfacet
 facet normal  6.0247930400e-16 8.2905832649e-01 5.5916213326e-01
   outer loop
     vertex 1.3731000000e-01 4.9947298680e-02 4.9947298680e-02
     vertex 1.3731000000e-01 6.5094299505e-02 2.7489148515e-02
     vertex 1.3409000000e-01 6.5094299505e-02 2.7489148515e-02
   endloop
 endfacet
 facet normal  2.1344626994e-16 9.8018184110e-01 1.9809986972e-01
   outer loop
     vertex 1.3409000000e-01 6.5094299505e-02 2.7489148515e-02
     vertex 1.3731000000e-01 6.5094299505e-02 2.7489148515e-02
     vertex 1.3409000000e-01 7.0650000000e-02 0.0000000000e+00
   endloop
 endfacet
 facet normal  0.0000000000e+00 9.8018184110e-01 1.9809986972e-01
   outer loop
     vertex 1.3731000000e-01 6.5094299505e-02 2.7489148515e-02
     vertex 1.3731000000e-01 7.0650000000e-02 0.0000000000e+00
     vertex 1.3409000000e-01 7.0650000000e-02 0.0000000000e+00
   endloop
 endfacet
 facet normal  0.0000000000e+00 9.8018184110e-01 -1.9809986972e-01
   outer loop
     vertex 1.3731000000e-01 7.0650000000e-02 0.0000000000e+00
     vertex 1.4064500000e-01 7.0650000000e-02 0.0000000000e+00
     vertex 1.4064500000e-01 6.5094299505e-02 -2.7489148515e-02
   endloop
 endfacet
 facet normal  0.0000000000e+00 9.8018184110e-01 -1.9809986972e-01
   outer loop
     vertex 1.3731000000e-01 7.0650000000e-02 0.0000000000e+00
     vertex 1.4064500000e-01 6.5094299505e-02 -2.7489148515e-02
     vertex 1.3731000000e-01 6.5094299505e-02 -2.7489148515e-02
   endloop
 endfacet
 facet normal  0.0000000000e+00 8.2905832649e-01 -5.5916213326e-01
   outer loop
     vertex 1.3731000000e-01 6.5094299505e-02 -2.7489148515e-02
     vertex 1.4064500000e-01 6.5094299505e-02 -2.7489148515e-02
     vertex 1.4064500000e-01 4.9947298680e-02 -4.9947298680e-02
   endloop
 endfacet
 facet normal  0.0000000000e+00 8.2905832649e-01 -5.5916213326e-01
   outer loop
     vertex 1.3731000000e-01 6.5094299505e-02 -2.7489148515e-02
     vertex 1.4064500000e-01 4.9947298680e-02 -4.9947298680e-02
     vertex 1.3731000000e-01 4.9947298680e-02 -4.9947298680e-02
   endloop
 endfacet
 facet normal  0.0000000000e+00 5.5916213326e-01 -8.2905832649e-01
   outer loop
     vertex 1.3731000000e-01 4.9947298680e-02 -4.9947298680e-02
     vertex 1.4064500000e-01 4.9947298680e-02 -4.9947298680e-02
     vertex 1.4064500000e-01 2.7489148515e-02 -6.5094299505e-02
   endloop
 endfacet
 facet normal  0.0000000000e+00 5.5916213326e-01 -8.2905832649e-01
   outer loop
     vertex 1.3731000000e-01 4.9947298680e-02 -4.9947298680e-02
     vertex 1.4064500000e-01 2.7489148515e-02 -6.5094299505e-02
     vertex 1.3731000000e-01 2.7489148515e-02 -6.5094299505e-02
   endloop
 endfacet
 facet normal  0.0000000000e+00 1.9809986972e-01 -9.8018184110e-01
   outer loop
     vertex 1.3731000000e-01 2.7489148515e-02 -6.5094299505e-02
     vertex 1.4064500000e-01 2.7489148515e-02 -6.5094299505e-02
     vertex 1.4064500000e-01 0.0000000000e+00 -7.0650000000e-02
   endloop
 endfacet
 facet normal  0.0000000000e+00 1.9809986972e-01 -9.8018184110e-01
   outer loop
     vertex 1.3731000000e-01 2.7489148515e-02 -6.5094299505e-02
     vertex 1.4064500000e-01 0.0000000000e+00 -7.0650000000e-02
     vertex 1.3731000000e-01 0.0000000000e+00 -7.0650000000e-02
   endloop
 endfacet
 facet normal  -0.0000000000e+00 -1.9809986972e-01 -9.8018184110e-01
   outer loop
     vertex 1.3731000000e-01 0.0000000000e+00 -7.0650000000e-02
     vertex 1.4064500000e-01 0.0000000000e+00 -7.0650000000e-02
     vertex 1.3731000000e-01 -2.7489148515e-02 -6.5094299505e-02
   endloop
 endfacet
 facet normal  -2.0608605373e-16 -1.9809986972e-01 -9.8018184110e-01
   outer loop
     vertex 1.4064500000e-01 0.0000000000e+00 -7.0650000000e-02
     vertex 1.4064500000e-01 -2.7489148515e-02 -6.5094299505e-02
     vertex 1.3731000000e-01 -2.7489148515e-02 -6.5094299505e-02
   endloop
 endfacet
 facet normal  -5.8170415559e-16 -5.5916213326e-01 -8.2905832649e-01
   outer loop
     vertex 1.3731000000e-01 -2.7489148515e-02 -6.5094299505e-02
     vertex 1.4064500000e-01 -2.7489148515e-02 -6.5094299505e-02
     vertex 1.3731000000e-01 -4.9947298680e-02 -4.9947298680e-02
   endloop
 endfacet
 facet normal  -0.0000000000e+00 -5.5916213326e-01 -8.2905832649e-01
   outer loop
     vertex 1.4064500000e-01 -2.7489148515e-02 -6.5094299505e-02
     vertex 1.4064500000e-01 -4.9947298680e-02 -4.9947298680e-02
     vertex 1.3731000000e-01 -4.9947298680e-02 -4.9947298680e-02
   endloop
 endfacet
 facet normal  -0.0000000000e+00 -8.2905832649e-01 -5.5916213326e-01
   outer loop
     vertex 1.3731000000e-01 -4.9947298680e-02 -4.9947298680e-02
     vertex 1.4064500000e-01 -4.9947298680e-02 -4.9947298680e-02
     vertex 1.3731000000e-01 -6.5094299505e-02 -2.7489148515e-02
   endloop
 endfacet
 facet normal  -0.0000000000e+00 -8.2905832649e-01 -5.5916213326e-01
   outer loop
     vertex 1.4064500000e-01 -4.9947298680e-02 -4.9947298680e-02
     vertex 1.4064500000e-01 -6.5094299505e-02 -2.7489148515e-02
     vertex 1.3731000000e-01 -6.5094299505e-02 -2.7489148515e-02
   endloop
 endfacet
 facet normal  -0.0000000000e+00 -9.8018184110e-01 -1.9809986972e-01
   outer loop
     vertex 1.3731000000e-01 -6.5094299505e-02 -2.7489148515e-02
     vertex 1.4064500000e-01 -6.5094299505e-02 -2.7489148515e-02
     vertex 1.3731000000e-01 -7.0650000000e-02 0.0000000000e+00
   endloop
 endfacet
 facet normal  -0.0000000000e+00 -9.8018184110e-01 -1.9809986972e-01
   outer loop
     vertex 1.4064500000e-01 -6.5094299505e-02 -2.7489148515e-02
     vertex 1.4064500000e-01 -7.0650000000e-02 0.0000000000e+00
     vertex 1.3731000000e-01 -7.0650000000e-02 0.0000000000e+00
   endloop
 endfacet
 facet normal  0.0000000000e+00 -9.8018184110e-01 1.9809986972e-01
   outer loop
     vertex 1.3731000000e-01 -7.0650000000e-02 0.0000000000e+00
     vertex 1.4064500000e-01 -7.0650000000e-02 0.0000000000e+00
     vertex 1.4064500000e-01 -6.5094299505e-02 2.7489148515e-02
   endloop
 endfacet
 facet normal  0.0000000000e+00 -9.8018184110e-01 1.9809986972e-01
   outer loop
     vertex 1.3731000000e-01 -7.0650000000e-02 0.0000000000e+00
     vertex 1.4064500000e-01 -6.5094299505e-02 2.7489148515e-02
     vertex 1.3731000000e-01 -6.5094299505e-02 2.7489148515e-02
   endloop
 endfacet
 facet normal  0.0000000000e+00 -8.2905832649e-01 5.5916213326e-01
   outer loop
     vertex 1.3731000000e-01 -6.5094299505e-02 2.7489148515e-02
     vertex 1.4064500000e-01 -6.5094299505e-02 2.7489148515e-02
     vertex 1.4064500000e-01 -4.9947298680e-02 4.9947298680e-02
   endloop
 endfacet
 facet normal  0.0000000000e+00 -8.2905832649e-01 5.5916213326e-01
   outer loop
     vertex 1.3731000000e-01 -6.5094299505e-02 2.7489148515e-02
     vertex 1.4064500000e-01 -4.9947298680e-02 4.9947298680e-02
     vertex 1.3731000000e-01 -4.9947298680e-02 4.9947298680e-02
   endloop
 endfacet
 facet normal  0.0000000000e+00 -5.5916213326e-01 8.2905832649e-01
   outer loop
     vertex 1.3731000000e-01 -4.9947298680e-02 4.9947298680e-02
     vertex 1.4064500000e-01 -4.9947298680e-02 4.9947298680e-02
     vertex 1.4064500000e-01 -2.7489148515e-02 6.5094299505e-02
   endloop
 endfacet
 facet normal  -5.8170415559e-16 -5.5916213326e-01 8.2905832649e-01
   outer loop
     vertex 1.3731000000e-01 -4.9947298680e-02 4.9947298680e-02
     vertex 1.4064500000e-01 -2.7489148515e-02 6.5094299505e-02
     vertex 1.3731000000e-01 -2.7489148515e-02 6.5094299505e-02
   endloop
 endfacet
 facet normal  -2.0608605373e-16 -1.9809986972e-01 9.8018184110e-01
   outer loop
     vertex 1.3731000000e-01 -2.7489148515e-02 6.5094299505e-02
     vertex 1.4064500000e-01 -2.7489148515e-02 6.5094299505e-02
     vertex 1.4064500000e-01 0.0000000000e+00 7.0650000000e-02
   endloop
 endfacet
 facet normal  0.0000000000e+00 -1.9809986972e-01 9.8018184110e-01
   outer loop
     vertex 1.3731000000e-01 -2.7489148515e-02 6.5094299505e-02
     vertex 1.4064500000e-01 0.0000000000e+00 7.0650000000e-02
     vertex 1.3731000000e-01 0.0000000000e+00 7.0650000000e-02
   endloop
 endfacet
 facet normal  0.0000000000e+00 1.9809986972e-01 9.8018184110e-01
   outer loop
     vertex 1.3731000000e-01 0.0000000000e+00 7.0650000000e-02
     vertex 1.4064500000e-01 0.0000000000e+00 7.0650000000e-02
     vertex 1.3731000000e-01 2.7489148515e-02 6.5094299505e-02
   endloop
 endfacet
 facet normal  0.0000000000e+00 1.9809986972e-01 9.8018184110e-01
   outer loop
     vertex 1.4064500000e-01 0.0000000000e+00 7.0650000000e-02
     vertex 1.4064500000e-01 2.7489148515e-02 6.5094299505e-02
     vertex 1.3731000000e-01 2.7489148515e-02 6.5094299505e-02
   endloop
 endfacet
 facet normal  0.0000000000e+00 5.5916213326e-01 8.2905832649e-01
   outer loop
     vertex 1.3731000000e-01 2.7489148515e-02 6.5094299505e-02
     vertex 1.4064500000e-01 2.7489148515e-02 6.5094299505e-02
     vertex 1.3731000000e-01 4.9947298680e-02 4.9947298680e-02
   endloop
 endfacet
 facet normal  0.0000000000e+00 5.5916213326e-01 8.2905832649e-01
   outer loop
     vertex 1.4064500000e-01 2.7489148515e-02 6.5094299505e-02
     vertex 1.4064500000e-01 4.9947298680e-02 4.9947298680e-02
     vertex 1.3731000000e-01 4.9947298680e-02 4.9947298680e-02
   endloop
 endfacet
 facet normal  0.0000000000e+00 8.2905832649e-01 5.5916213326e-01
   outer loop
     vertex 1.3731000000e-01 4.9947298680e-02 4.9947298680e-02
     vertex 1.4064500000e-01 4.9947298680e-02 4.9947298680e-02
     vertex 1.3731000000e-01 6.5094299505e-02 2.7489148515e-02
   endloop
 endfacet
 facet normal  0.0000000000e+00 8.2905832649e-01 5.5916213326e-01
   outer loop
     vertex 1.4064500000e-01 4.9947298680e-02 4.9947298680e-02
     vertex 1.4064500000e-01 6.5094299505e-02 2.7489148515e-02
     vertex 1.3731000000e-01 6.5094299505e-02 2.7489148515e-02
   endloop
 endfacet
 facet normal  0.0000000000e+00 9.8018184110e-01 1.9809986972e-01
   outer loop
     vertex 1.3731000000e-01 6.5094299505e-02 2.7489148515e-02
     vertex 1.4064500000e-01 6.5094299505e-02 2.7489148515e-02
     vertex 1.3731000000e-01 7.0650000000e-02 0.0000000000e+00
   endloop
 endfacet
 facet normal  0.0000000000e+00 9.8018184110e-01 1.9809986972e-01
   outer loop
     vertex 1.4064500000e-01 6.5094299505e-02 2.7489148515e-02
     vertex 1.4064500000e-01 7.0650000000e-02 0.0000000000e+00
     vertex 1.3731000000e-01 7.0650000000e-02 0.0000000000e+00
   endloop
 endfacet
 facet normal  0.0000000000e+00 9.8018184110e-01 -1.9809986972e-01
   outer loop
     vertex 1.4064500000e-01 7.0650000000e-02 0.0000000000e+00
     vertex 1.4375000000e-01 7.0650000000e-02 0.0000000000e+00
     vertex 1.4375000000e-01 6.5094299505e-02 -2.7489148515e-02
   endloop
 endfacet
 facet normal  -2.2135168734e-16 9.8018184110e-01 -1.9809986972e-01
   outer loop
     vertex 1.4064500000e-01 7.0650000000e-02 0.0000000000e+00
     vertex 1.4375000000e-01 6.5094299505e-02 -2.7489148515e-02
     vertex 1.4064500000e-01 6.5094299505e-02 -2.7489148515e-02
   endloop
 endfacet
 facet normal  -6.2479335230e-16 8.2905832649e-01 -5.5916213326e-01
   outer loop
     vertex 1.4064500000e-01 6.5094299505e-02 -2.7489148515e-02
     vertex 1.4375000000e-01 6.5094299505e-02 -2.7489148515e-02
     vertex 1.4375000000e-01 4.9947298680e-02 -4.9947298680e-02
   endloop
 endfacet
 facet normal  -3.1023235058e-15 8.2905832649e-01 -5.5916213326e-01
   outer loop
     vertex 1.4064500000e-01 6.5094299505e-02 -2.7489148515e-02
     vertex 1.4375000000e-01 4.9947298680e-02 -4.9947298680e-02
     vertex 1.4064500000e-01 4.9947298680e-02 -4.9947298680e-02
   endloop
 endfacet
 facet normal  -3.1023235058e-15 5.5916213326e-01 -8.2905832649e-01
   outer loop
     vertex 1.4064500000e-01 4.9947298680e-02 -4.9947298680e-02
     vertex 1.4375000000e-01 4.9947298680e-02 -4.9947298680e-02
     vertex 1.4375000000e-01 2.7489148515e-02 -6.5094299505e-02
   endloop
 endfacet
 facet normal  -6.2479335230e-16 5.5916213326e-01 -8.2905832649e-01
   outer loop
     vertex 1.4064500000e-01 4.9947298680e-02 -4.9947298680e-02
     vertex 1.4375000000e-01 2.7489148515e-02 -6.5094299505e-02
     vertex 1.4064500000e-01 2.7489148515e-02 -6.5094299505e-02
   endloop
 endfacet
 facet normal  -2.2135168734e-16 1.9809986972e-01 -9.8018184110e-01
   outer loop
     vertex 1.4064500000e-01 2.7489148515e-02 -6.5094299505e-02
     vertex 1.4375000000e-01 2.7489148515e-02 -6.5094299505e-02
     vertex 1.4375000000e-01 0.0000000000e+00 -7.0650000000e-02
   endloop
 endfacet
 facet normal  0.0000000000e+00 1.9809986972e-01 -9.8018184110e-01
   outer loop
     vertex 1.4064500000e-01 2.7489148515e-02 -6.5094299505e-02
     vertex 1.4375000000e-01 0.0000000000e+00 -7.0650000000e-02
     vertex 1.4064500000e-01 0.0000000000e+00 -7.0650000000e-02
   endloop
 endfacet
 facet normal  -0.0000000000e+00 -1.9809986972e-01 -9.8018184110e-01
   outer loop
     vertex 1.4064500000e-01 0.0000000000e+00 -7.0650000000e-02
     vertex 1.4375000000e-01 0.0000000000e+00 -7.0650000000e-02
     vertex 1.4064500000e-01 -2.7489148515e-02 -6.5094299505e-02
   endloop
 endfacet
 facet normal  -0.0000000000e+00 -1.9809986972e-01 -9.8018184110e-01
   outer loop
     vertex 1.4375000000e-01 0.0000000000e+00 -7.0650000000e-02
     vertex 1.4375000000e-01 -2.7489148515e-02 -6.5094299505e-02
     vertex 1.4064500000e-01 -2.7489148515e-02 -6.5094299505e-02
   endloop
 endfacet
 facet normal  -0.0000000000e+00 -5.5916213326e-01 -8.2905832649e-01
   outer loop
     vertex 1.4064500000e-01 -2.7489148515e-02 -6.5094299505e-02
     vertex 1.4375000000e-01 -2.7489148515e-02 -6.5094299505e-02
     vertex 1.4064500000e-01 -4.9947298680e-02 -4.9947298680e-02
   endloop
 endfacet
 facet normal  -1.8527368012e-15 -5.5916213326e-01 -8.2905832649e-01
   outer loop
     vertex 1.4375000000e-01 -2.7489148515e-02 -6.5094299505e-02
     vertex 1.4375000000e-01 -4.9947298680e-02 -4.9947298680e-02
     vertex 1.4064500000e-01 -4.9947298680e-02 -4.9947298680e-02
   endloop
 endfacet
 facet normal  -1.2495867046e-15 -8.2905832649e-01 -5.5916213326e-01
   outer loop
     vertex 1.4064500000e-01 -4.9947298680e-02 -4.9947298680e-02
     vertex 1.4375000000e-01 -4.9947298680e-02 -4.9947298680e-02
     vertex 1.4064500000e-01 -6.5094299505e-02 -2.7489148515e-02
   endloop
 endfacet
 facet normal  -6.2479335230e-16 -8.2905832649e-01 -5.5916213326e-01
   outer loop
     vertex 1.4375000000e-01 -4.9947298680e-02 -4.9947298680e-02
     vertex 1.4375000000e-01 -6.5094299505e-02 -2.7489148515e-02
     vertex 1.4064500000e-01 -6.5094299505e-02 -2.7489148515e-02
   endloop
 endfacet
 facet normal  -2.2135168734e-16 -9.8018184110e-01 -1.9809986972e-01
   outer loop
     vertex 1.4064500000e-01 -6.5094299505e-02 -2.7489148515e-02
     vertex 1.4375000000e-01 -6.5094299505e-02 -2.7489148515e-02
     vertex 1.4064500000e-01 -7.0650000000e-02 0.0000000000e+00
   endloop
 endfacet
 facet normal  -0.0000000000e+00 -9.8018184110e-01 -1.9809986972e-01
   outer loop
     vertex 1.4375000000e-01 -6.5094299505e-02 -2.7489148515e-02
     vertex 1.4375000000e-01 -7.0650000000e-02 0.0000000000e+00
     vertex 1.4064500000e-01 -7.0650000000e-02 0.0000000000e+00
   endloop
 endfacet
 facet normal  0.0000000000e+00 -9.8018184110e-01 1.9809986972e-01
   outer loop
     vertex 1.4064500000e-01 -7.0650000000e-02 0.0000000000e+00
     vertex 1.4375000000e-01 -7.0650000000e-02 0.0000000000e+00
     vertex 1.4375000000e-01 -6.5094299505e-02 2.7489148515e-02
   endloop
 endfacet
 facet normal  -2.2135168734e-16 -9.8018184110e-01 1.9809986972e-01
   outer loop
     vertex 1.4064500000e-01 -7.0650000000e-02 0.0000000000e+00
     vertex 1.4375000000e-01 -6.5094299505e-02 2.7489148515e-02
     vertex 1.4064500000e-01 -6.5094299505e-02 2.7489148515e-02
   endloop
 endfacet
 facet normal  -6.2479335230e-16 -8.2905832649e-01 5.5916213326e-01
   outer loop
     vertex 1.4064500000e-01 -6.5094299505e-02 2.7489148515e-02
     vertex 1.4375000000e-01 -6.5094299505e-02 2.7489148515e-02
     vertex 1.4375000000e-01 -4.9947298680e-02 4.9947298680e-02
   endloop
 endfacet
 facet normal  -1.2495867046e-15 -8.2905832649e-01 5.5916213326e-01
   outer loop
     vertex 1.4064500000e-01 -6.5094299505e-02 2.7489148515e-02
     vertex 1.4375000000e-01 -4.9947298680e-02 4.9947298680e-02
     vertex 1.4064500000e-01 -4.9947298680e-02 4.9947298680e-02
   endloop
 endfacet
 facet normal  -1.8527368012e-15 -5.5916213326e-01 8.2905832649e-01
   outer loop
     vertex 1.4064500000e-01 -4.9947298680e-02 4.9947298680e-02
     vertex 1.4375000000e-01 -4.9947298680e-02 4.9947298680e-02
     vertex 1.4375000000e-01 -2.7489148515e-02 6.5094299505e-02
   endloop
 endfacet
 facet normal  0.0000000000e+00 -5.5916213326e-01 8.2905832649e-01
   outer loop
     vertex 1.4064500000e-01 -4.9947298680e-02 4.9947298680e-02
     vertex 1.4375000000e-01 -2.7489148515e-02 6.5094299505e-02
     vertex 1.4064500000e-01 -2.7489148515e-02 6.5094299505e-02
   endloop
 endfacet
 facet normal  0.0000000000e+00 -1.9809986972e-01 9.8018184110e-01
   outer loop
     vertex 1.4064500000e-01 -2.7489148515e-02 6.5094299505e-02
     vertex 1.4375000000e-01 -2.7489148515e-02 6.5094299505e-02
     vertex 1.4375000000e-01 0.0000000000e+00 7.0650000000e-02
   endloop
 endfacet
 facet normal  0.0000000000e+00 -1.9809986972e-01 9.8018184110e-01
   outer loop
     vertex 1.4064500000e-01 -2.7489148515e-02 6.5094299505e-02
     vertex 1.4375000000e-01 0.0000000000e+00 7.0650000000e-02
     vertex 1.4064500000e-01 0.0000000000e+00 7.0650000000e-02
   endloop
 endfacet
 facet normal  0.0000000000e+00 1.9809986972e-01 9.8018184110e-01
   outer loop
     vertex 1.4064500000e-01 0.0000000000e+00 7.0650000000e-02
     vertex 1.4375000000e-01 0.0000000000e+00 7.0650000000e-02
     vertex 1.4064500000e-01 2.7489148515e-02 6.5094299505e-02
   endloop
 endfacet
 facet normal  -2.2135168734e-16 1.9809986972e-01 9.8018184110e-01
   outer loop
     vertex 1.4375000000e-01 0.0000000000e+00 7.0650000000e-02
     vertex 1.4375000000e-01 2.7489148515e-02 6.5094299505e-02
     vertex 1.4064500000e-01 2.7489148515e-02 6.5094299505e-02
   endloop
 endfacet
 facet normal  -6.2479335230e-16 5.5916213326e-01 8.2905832649e-01
   outer loop
     vertex 1.4064500000e-01 2.7489148515e-02 6.5094299505e-02
     vertex 1.4375000000e-01 2.7489148515e-02 6.5094299505e-02
     vertex 1.4064500000e-01 4.9947298680e-02 4.9947298680e-02
   endloop
 endfacet
 facet normal  -3.1023235058e-15 5.5916213326e-01 8.2905832649e-01
   outer loop
     vertex 1.4375000000e-01 2.7489148515e-02 6.5094299505e-02
     vertex 1.4375000000e-01 4.9947298680e-02 4.9947298680e-02
     vertex 1.4064500000e-01 4.9947298680e-02 4.9947298680e-02
   endloop
 endfacet
 facet normal  -3.1023235058e-15 8.2905832649e-01 5.5916213326e-01
   outer loop
     vertex 1.4064500000e-01 4.9947298680e-02 4.9947298680e-02
     vertex 1.4375000000e-01 4.9947298680e-02 4.9947298680e-02
     vertex 1.4064500000e-01 6.5094299505e-02 2.7489148515e-02
   endloop
 endfacet
 facet normal  -6.2479335230e-16 8.2905832649e-01 5.5916213326e-01
   outer loop
     vertex 1.4375000000e-01 4.9947298680e-02 4.9947298680e-02
     vertex 1.4375000000e-01 6.5094299505e-02 2.7489148515e-02
     vertex 1.4064500000e-01 6.5094299505e-02 2.7489148515e-02
   endloop
 endfacet
 facet normal  -2.2135168734e-16 9.8018184110e-01 1.9809986972e-01
   outer loop
     vertex 1.4064500000e-01 6.5094299505e-02 2.7489148515e-02
     vertex 1.4375000000e-01 6.5094299505e-02 2.7489148515e-02
     vertex 1.4064500000e-01 7.0650000000e-02 0.0000000000e+00
   endloop
 endfacet
 facet normal  0.0000000000e+00 9.8018184110e-01 1.9809986972e-01
   outer loop
     vertex 1.4375000000e-01 6.5094299505e-02 2.7489148515e-02
     vertex 1.4375000000e-01 7.0650000000e-02 0.0000000000e+00
     vertex 1.4064500000e-01 7.0650000000e-02 0.0000000000e+00
   endloop
 endfacet
 facet normal  0.0000000000e+00 9.8018184110e-01 -1.9809986972e-01
   outer loop
     vertex 1.4375000000e-01 7.0650000000e-02 0.0000000000e+00
     vertex 1.4766000000e-01 7.0650000000e-02 0.0000000000e+00
     vertex 1.4766000000e-01 6.5094299505e-02 -2.7489148515e-02
   endloop
 endfacet
 facet normal  0.0000000000e+00 9.8018184110e-01 -1.9809986972e-01
   outer loop
     vertex 1.4375000000e-01 7.0650000000e-02 0.0000000000e+00
     vertex 1.4766000000e-01 6.5094299505e-02 -2.7489148515e-02
     vertex 1.4375000000e-01 6.5094299505e-02 -2.7489148515e-02
   endloop
 endfacet
 facet normal  0.0000000000e+00 8.2905832649e-01 -5.5916213326e-01
   outer loop
     vertex 1.4375000000e-01 6.5094299505e-02 -2.7489148515e-02
     vertex 1.4766000000e-01 6.5094299505e-02 -2.7489148515e-02
     vertex 1.4766000000e-01 4.9947298680e-02 -4.9947298680e-02
   endloop
 endfacet
 facet normal  0.0000000000e+00 8.2905832649e-01 -5.5916213326e-01
   outer loop
     vertex 1.4375000000e-01 6.5094299505e-02 -2.7489148515e-02
     vertex 1.4766000000e-01 4.9947298680e-02 -4.9947298680e-02
     vertex 1.4375000000e-01 4.9947298680e-02 -4.9947298680e-02
   endloop
 endfacet
 facet normal  0.0000000000e+00 5.5916213326e-01 -8.2905832649e-01
   outer loop
     vertex 1.4375000000e-01 4.9947298680e-02 -4.9947298680e-02
     vertex 1.4766000000e-01 4.9947298680e-02 -4.9947298680e-02
     vertex 1.4766000000e-01 2.7489148515e-02 -6.5094299505e-02
   endloop
 endfacet
 facet normal  0.0000000000e+00 5.5916213326e-01 -8.2905832649e-01
   outer loop
     vertex 1.4375000000e-01 4.9947298680e-02 -4.9947298680e-02
     vertex 1.4766000000e-01 2.7489148515e-02 -6.5094299505e-02
     vertex 1.4375000000e-01 2.7489148515e-02 -6.5094299505e-02
   endloop
 endfacet
 facet normal  0.0000000000e+00 1.9809986972e-01 -9.8018184110e-01
   outer loop
     vertex 1.4375000000e-01 2.7489148515e-02 -6.5094299505e-02
     vertex 1.4766000000e-01 2.7489148515e-02 -6.5094299505e-02
     vertex 1.4766000000e-01 0.0000000000e+00 -7.0650000000e-02
   endloop
 endfacet
 facet normal  0.0000000000e+00 1.9809986972e-01 -9.8018184110e-01
   outer loop
     vertex 1.4375000000e-01 2.7489148515e-02 -6.5094299505e-02
     vertex 1.4766000000e-01 0.0000000000e+00 -7.0650000000e-02
     vertex 1.4375000000e-01 0.0000000000e+00 -7.0650000000e-02
   endloop
 endfacet
 facet normal  -0.0000000000e+00 -1.9809986972e-01 -9.8018184110e-01
   outer loop
     vertex 1.4375000000e-01 0.0000000000e+00 -7.0650000000e-02
     vertex 1.4766000000e-01 0.0000000000e+00 -7.0650000000e-02
     vertex 1.4375000000e-01 -2.7489148515e-02 -6.5094299505e-02
   endloop
 endfacet
 facet normal  -0.0000000000e+00 -1.9809986972e-01 -9.8018184110e-01
   outer loop
     vertex 1.4766000000e-01 0.0000000000e+00 -7.0650000000e-02
     vertex 1.4766000000e-01 -2.7489148515e-02 -6.5094299505e-02
     vertex 1.4375000000e-01 -2.7489148515e-02 -6.5094299505e-02
   endloop
 endfacet
 facet normal  -0.0000000000e+00 -5.5916213326e-01 -8.2905832649e-01
   outer loop
     vertex 1.4375000000e-01 -2.7489148515e-02 -6.5094299505e-02
     vertex 1.4766000000e-01 -2.7489148515e-02 -6.5094299505e-02
     vertex 1.4375000000e-01 -4.9947298680e-02 -4.9947298680e-02
   endloop
 endfacet
 facet normal  -0.0000000000e+00 -5.5916213326e-01 -8.2905832649e-01
   outer loop
     vertex 1.4766000000e-01 -2.7489148515e-02 -6.5094299505e-02
     vertex 1.4766000000e-01 -4.9947298680e-02 -4.9947298680e-02
     vertex 1.4375000000e-01 -4.9947298680e-02 -4.9947298680e-02
   endloop
 endfacet
 facet normal  -0.0000000000e+00 -8.2905832649e-01 -5.5916213326e-01
   outer loop
     vertex 1.4375000000e-01 -4.9947298680e-02 -4.9947298680e-02
     vertex 1.4766000000e-01 -4.9947298680e-02 -4.9947298680e-02
     vertex 1.4375000000e-01 -6.5094299505e-02 -2.7489148515e-02
   endloop
 endfacet
 facet normal  -0.0000000000e+00 -8.2905832649e-01 -5.5916213326e-01
   outer loop
     vertex 1.4766000000e-01 -4.9947298680e-02 -4.9947298680e-02
     vertex 1.4766000000e-01 -6.5094299505e-02 -2.7489148515e-02
     vertex 1.4375000000e-01 -6.5094299505e-02 -2.7489148515e-02
   endloop
 endfacet
 facet normal  -0.0000000000e+00 -9.8018184110e-01 -1.9809986972e-01
   outer loop
     vertex 1.4375000000e-01 -6.5094299505e-02 -2.7489148515e-02
     vertex 1.4766000000e-01 -6.5094299505e-02 -2.7489148515e-02
     vertex 1.4375000000e-01 -7.0650000000e-02 0.0000000000e+00
   endloop
 endfacet
 facet normal  -0.0000000000e+00 -9.8018184110e-01 -1.9809986972e-01
   outer loop
     vertex 1.4766000000e-01 -6.5094299505e-02 -2.7489148515e-02
     vertex 1.4766000000e-01 -7.0650000000e-02 0.0000000000e+00
     vertex 1.4375000000e-01 -7.0650000000e-02 0.0000000000e+00
   endloop
 endfacet
 facet normal  0.0000000000e+00 -9.8018184110e-01 1.9809986972e-01
   outer loop
     vertex 1.4375000000e-01 -7.0650000000e-02 0.0000000000e+00
     vertex 1.4766000000e-01 -7.0650000000e-02 0.0000000000e+00
     vertex 1.4766000000e-01 -6.5094299505e-02 2.7489148515e-02
   endloop
 endfacet
 facet normal  0.0000000000e+00 -9.8018184110e-01 1.9809986972e-01
   outer loop
     vertex 1.4375000000e-01 -7.0650000000e-02 0.0000000000e+00
     vertex 1.4766000000e-01 -6.5094299505e-02 2.7489148515e-02
     vertex 1.4375000000e-01 -6.5094299505e-02 2.7489148515e-02
   endloop
 endfacet
 facet normal  0.0000000000e+00 -8.2905832649e-01 5.5916213326e-01
   outer loop
     vertex 1.4375000000e-01 -6.5094299505e-02 2.7489148515e-02
     vertex 1.4766000000e-01 -6.5094299505e-02 2.7489148515e-02
     vertex 1.4766000000e-01 -4.9947298680e-02 4.9947298680e-02
   endloop
 endfacet
 facet normal  0.0000000000e+00 -8.2905832649e-01 5.5916213326e-01
   outer loop
     vertex 1.4375000000e-01 -6.5094299505e-02 2.7489148515e-02
     vertex 1.4766000000e-01 -4.9947298680e-02 4.9947298680e-02
     vertex 1.4375000000e-01 -4.9947298680e-02 4.9947298680e-02
   endloop
 endfacet
 facet normal  0.0000000000e+00 -5.5916213326e-01 8.2905832649e-01
   outer loop
     vertex 1.4375000000e-01 -4.9947298680e-02 4.9947298680e-02
     vertex 1.4766000000e-01 -4.9947298680e-02 4.9947298680e-02
     vertex 1.4766000000e-01 -2.7489148515e-02 6.5094299505e-02
   endloop
 endfacet
 facet normal  0.0000000000e+00 -5.5916213326e-01 8.2905832649e-01
   outer loop
     vertex 1.4375000000e-01 -4.9947298680e-02 4.9947298680e-02
     vertex 1.4766000000e-01 -2.7489148515e-02 6.5094299505e-02
     vertex 1.4375000000e-01 -2.7489148515e-02 6.5094299505e-02
   endloop
 endfacet
 facet normal  0.0000000000e+00 -1.9809986972e-01 9.8018184110e-01
   outer loop
     vertex 1.4375000000e-01 -2.7489148515e-02 6.5094299505e-02
     vertex 1.4766000000e-01 -2.7489148515e-02 6.5094299505e-02
     vertex 1.4766000000e-01 0.0000000000e+00 7.0650000000e-02
   endloop
 endfacet
 facet normal  0.0000000000e+00 -1.9809986972e-01 9.8018184110e-01
   outer loop
     vertex 1.4375000000e-01 -2.7489148515e-02 6.5094299505e-02
     vertex 1.4766000000e-01 0.0000000000e+00 7.0650000000e-02
     vertex 1.4375000000e-01 0.0000000000e+00 7.0650000000e-02
   endloop
 endfacet
 facet normal  0.0000000000e+00 1.9809986972e-01 9.8018184110e-01
   outer loop
     vertex 1.4375000000e-01 0.0000000000e+00 7.0650000000e-02
     vertex 1.4766000000e-01 0.0000000000e+00 7.0650000000e-02
     vertex 1.4375000000e-01 2.7489148515e-02 6.5094299505e-02
   endloop
 endfacet
 facet normal  0.0000000000e+00 1.9809986972e-01 9.8018184110e-01
   outer loop
     vertex 1.4766000000e-01 0.0000000000e+00 7.0650000000e-02
     vertex 1.4766000000e-01 2.7489148515e-02 6.5094299505e-02
     vertex 1.4375000000e-01 2.7489148515e-02 6.5094299505e-02
   endloop
 endfacet
 facet normal  0.0000000000e+00 5.5916213326e-01 8.2905832649e-01
   outer loop
     vertex 1.4375000000e-01 2.7489148515e-02 6.5094299505e-02
     vertex 1.4766000000e-01 2.7489148515e-02 6.5094299505e-02
     vertex 1.4375000000e-01 4.9947298680e-02 4.9947298680e-02
   endloop
 endfacet
 facet normal  0.0000000000e+00 5.5916213326e-01 8.2905832649e-01
   outer loop
     vertex 1.4766000000e-01 2.7489148515e-02 6.5094299505e-02
     vertex 1.4766000000e-01 4.9947298680e-02 4.9947298680e-02
     vertex 1.4375000000e-01 4.9947298680e-02 4.9947298680e-02
   endloop
 endfacet
 facet normal  0.0000000000e+00 8.2905832649e-01 5.5916213326e-01
   outer loop
     vertex 1.4375000000e-01 4.9947298680e-02 4.9947298680e-02
     vertex 1.4766000000e-01 4.9947298680e-02 4.9947298680e-02
     vertex 1.4375000000e-01 6.5094299505e-02 2.7489148515e-02
   endloop
 endfacet
 facet normal  0.0000000000e+00 8.2905832649e-01 5.5916213326e-01
   outer loop
     vertex 1.4766000000e-01 4.9947298680e-02 4.9947298680e-02
     vertex 1.4766000000e-01 6.5094299505e-02 2.7489148515e-02
     vertex 1.4375000000e-01 6.5094299505e-02 2.7489148515e-02
   endloop
 endfacet
 facet normal  0.0000000000e+00 9.8018184110e-01 1.9809986972e-01
   outer loop
     vertex 1.4375000000e-01 6.5094299505e-02 2.7489148515e-02
     vertex 1.4766000000e-01 6.5094299505e-02 2.7489148515e-02
     vertex 1.4375000000e-01 7.0650000000e-02 0.0000000000e+00
   endloop
 endfacet
 facet normal  0.0000000000e+00 9.8018184110e-01 1.9809986972e-01
   outer loop
     vertex 1.4766000000e-01 6.5094299505e-02 2.7489148515e-02
     vertex 1.4766000000e-01 7.0650000000e-02 0.0000000000e+00
     vertex 1.4375000000e-01 7.0650000000e-02 0.0000000000e+00
   endloop
 endfacet
 facet normal  0.0000000000e+00 9.8018184110e-01 -1.9809986972e-01
   outer loop
     vertex 1.4766000000e-01 7.0650000000e-02 0.0000000000e+00
     vertex 1.5318000000e-01 7.0650000000e-02 0.0000000000e+00
     vertex 1.5318000000e-01 6.5094299505e-02 -2.7489148515e-02
   endloop
 endfacet
 facet normal  0.0000000000e+00 9.8018184110e-01 -1.9809986972e-01
   outer loop
     vertex 1.4766000000e-01 7.0650000000e-02 0.0000000000e+00
     vertex 1.5318000000e-01 6.5094299505e-02 -2.7489148515e-02
     vertex 1.4766000000e-01 6.5094299505e-02 -2.7489148515e-02
   endloop
 endfacet
 facet normal  0.0000000000e+00 8.2905832649e-01 -5.5916213326e-01
   outer loop
     vertex 1.4766000000e-01 6.5094299505e-02 -2.7489148515e-02
     vertex 1.5318000000e-01 6.5094299505e-02 -2.7489148515e-02
     vertex 1.5318000000e-01 4.9947298680e-02 -4.9947298680e-02
   endloop
 endfacet
 facet normal  1.7450569720e-15 8.2905832649e-01 -5.5916213326e-01
   outer loop
     vertex 1.4766000000e-01 6.5094299505e-02 -2.7489148515e-02
     vertex 1.5318000000e-01 4.9947298680e-02 -4.9947298680e-02
     vertex 1.4766000000e-01 4.9947298680e-02 -4.9947298680e-02
   endloop
 endfacet
 facet normal  1.7450569720e-15 5.5916213326e-01 -8.2905832649e-01
   outer loop
     vertex 1.4766000000e-01 4.9947298680e-02 -4.9947298680e-02
     vertex 1.5318000000e-01 4.9947298680e-02 -4.9947298680e-02
     vertex 1.5318000000e-01 2.7489148515e-02 -6.5094299505e-02
   endloop
 endfacet
 facet normal  0.0000000000e+00 5.5916213326e-01 -8.2905832649e-01
   outer loop
     vertex 1.4766000000e-01 4.9947298680e-02 -4.9947298680e-02
     vertex 1.5318000000e-01 2.7489148515e-02 -6.5094299505e-02
     vertex 1.4766000000e-01 2.7489148515e-02 -6.5094299505e-02
   endloop
 endfacet
 facet normal  0.0000000000e+00 1.9809986972e-01 -9.8018184110e-01
   outer loop
     vertex 1.4766000000e-01 2.7489148515e-02 -6.5094299505e-02
     vertex 1.5318000000e-01 2.7489148515e-02 -6.5094299505e-02
     vertex 1.5318000000e-01 0.0000000000e+00 -7.0650000000e-02
   endloop
 endfacet
 facet normal  0.0000000000e+00 1.9809986972e-01 -9.8018184110e-01
   outer loop
     vertex 1.4766000000e-01 2.7489148515e-02 -6.5094299505e-02
     vertex 1.5318000000e-01 0.0000000000e+00 -7.0650000000e-02
     vertex 1.4766000000e-01 0.0000000000e+00 -7.0650000000e-02
   endloop
 endfacet
 facet normal  -0.0000000000e+00 -1.9809986972e-01 -9.8018184110e-01
   outer loop
     vertex 1.4766000000e-01 0.0000000000e+00 -7.0650000000e-02
     vertex 1.5318000000e-01 0.0000000000e+00 -7.0650000000e-02
     vertex 1.4766000000e-01 -2.7489148515e-02 -6.5094299505e-02
   endloop
 endfacet
 facet normal  1.2451032413e-16 -1.9809986972e-01 -9.8018184110e-01
   outer loop
     vertex 1.5318000000e-01 0.0000000000e+00 -7.0650000000e-02
     vertex 1.5318000000e-01 -2.7489148515e-02 -6.5094299505e-02
     vertex 1.4766000000e-01 -2.7489148515e-02 -6.5094299505e-02
   endloop
 endfacet
 facet normal  3.5144626067e-16 -5.5916213326e-01 -8.2905832649e-01
   outer loop
     vertex 1.4766000000e-01 -2.7489148515e-02 -6.5094299505e-02
     vertex 1.5318000000e-01 -2.7489148515e-02 -6.5094299505e-02
     vertex 1.4766000000e-01 -4.9947298680e-02 -4.9947298680e-02
   endloop
 endfacet
 facet normal  1.0421644507e-15 -5.5916213326e-01 -8.2905832649e-01
   outer loop
     vertex 1.5318000000e-01 -2.7489148515e-02 -6.5094299505e-02
     vertex 1.5318000000e-01 -4.9947298680e-02 -4.9947298680e-02
     vertex 1.4766000000e-01 -4.9947298680e-02 -4.9947298680e-02
   endloop
 endfacet
 facet normal  7.0289252133e-16 -8.2905832649e-01 -5.5916213326e-01
   outer loop
     vertex 1.4766000000e-01 -4.9947298680e-02 -4.9947298680e-02
     vertex 1.5318000000e-01 -4.9947298680e-02 -4.9947298680e-02
     vertex 1.4766000000e-01 -6.5094299505e-02 -2.7489148515e-02
   endloop
 endfacet
 facet normal  -0.0000000000e+00 -8.2905832649e-01 -5.5916213326e-01
   outer loop
     vertex 1.5318000000e-01 -4.9947298680e-02 -4.9947298680e-02
     vertex 1.5318000000e-01 -6.5094299505e-02 -2.7489148515e-02
     vertex 1.4766000000e-01 -6.5094299505e-02 -2.7489148515e-02
   endloop
 endfacet
 facet normal  -0.0000000000e+00 -9.8018184110e-01 -1.9809986972e-01
   outer loop
     vertex 1.4766000000e-01 -6.5094299505e-02 -2.7489148515e-02
     vertex 1.5318000000e-01 -6.5094299505e-02 -2.7489148515e-02
     vertex 1.4766000000e-01 -7.0650000000e-02 0.0000000000e+00
   endloop
 endfacet
 facet normal  -0.0000000000e+00 -9.8018184110e-01 -1.9809986972e-01
   outer loop
     vertex 1.5318000000e-01 -6.5094299505e-02 -2.7489148515e-02
     vertex 1.5318000000e-01 -7.0650000000e-02 0.0000000000e+00
     vertex 1.4766000000e-01 -7.0650000000e-02 0.0000000000e+00
   endloop
 endfacet
 facet normal  0.0000000000e+00 -9.8018184110e-01 1.9809986972e-01
   outer loop
     vertex 1.4766000000e-01 -7.0650000000e-02 0.0000000000e+00
     vertex 1.5318000000e-01 -7.0650000000e-02 0.0000000000e+00
     vertex 1.5318000000e-01 -6.5094299505e-02 2.7489148515e-02
   endloop
 endfacet
 facet normal  0.0000000000e+00 -9.8018184110e-01 1.9809986972e-01
   outer loop
     vertex 1.4766000000e-01 -7.0650000000e-02 0.0000000000e+00
     vertex 1.5318000000e-01 -6.5094299505e-02 2.7489148515e-02
     vertex 1.4766000000e-01 -6.5094299505e-02 2.7489148515e-02
   endloop
 endfacet
 facet normal  0.0000000000e+00 -8.2905832649e-01 5.5916213326e-01
   outer loop
     vertex 1.4766000000e-01 -6.5094299505e-02 2.7489148515e-02
     vertex 1.5318000000e-01 -6.5094299505e-02 2.7489148515e-02
     vertex 1.5318000000e-01 -4.9947298680e-02 4.9947298680e-02
   endloop
 endfacet
 facet normal  7.0289252133e-16 -8.2905832649e-01 5.5916213326e-01
   outer loop
     vertex 1.4766000000e-01 -6.5094299505e-02 2.7489148515e-02
     vertex 1.5318000000e-01 -4.9947298680e-02 4.9947298680e-02
     vertex 1.4766000000e-01 -4.9947298680e-02 4.9947298680e-02
   endloop
 endfacet
 facet normal  1.0421644507e-15 -5.5916213326e-01 8.2905832649e-01
   outer loop
     vertex 1.4766000000e-01 -4.9947298680e-02 4.9947298680e-02
     vertex 1.5318000000e-01 -4.9947298680e-02 4.9947298680e-02
     vertex 1.5318000000e-01 -2.7489148515e-02 6.5094299505e-02
   endloop
 endfacet
 facet normal  3.5144626067e-16 -5.5916213326e-01 8.2905832649e-01
   outer loop
     vertex 1.4766000000e-01 -4.9947298680e-02 4.9947298680e-02
     vertex 1.5318000000e-01 -2.7489148515e-02 6.5094299505e-02
     vertex 1.4766000000e-01 -2.7489148515e-02 6.5094299505e-02
   endloop
 endfacet
 facet normal  1.2451032413e-16 -1.9809986972e-01 9.8018184110e-01
   outer loop
     vertex 1.4766000000e-01 -2.7489148515e-02 6.5094299505e-02
     vertex 1.5318000000e-01 -2.7489148515e-02 6.5094299505e-02
     vertex 1.5318000000e-01 0.0000000000e+00 7.0650000000e-02
   endloop
 endfacet
 facet normal  0.0000000000e+00 -1.9809986972e-01 9.8018184110e-01
   outer loop
     vertex 1.4766000000e-01 -2.7489148515e-02 6.5094299505e-02
     vertex 1.5318000000e-01 0.0000000000e+00 7.0650000000e-02
     vertex 1.4766000000e-01 0.0000000000e+00 7.0650000000e-02
   endloop
 endfacet
 facet normal  0.0000000000e+00 1.9809986972e-01 9.8018184110e-01
   outer loop
     vertex 1.4766000000e-01 0.0000000000e+00 7.0650000000e-02
     vertex 1.5318000000e-01 0.0000000000e+00 7.0650000000e-02
     vertex 1.4766000000e-01 2.7489148515e-02 6.5094299505e-02
   endloop
 endfacet
 facet normal  0.0000000000e+00 1.9809986972e-01 9.8018184110e-01
   outer loop
     vertex 1.5318000000e-01 0.0000000000e+00 7.0650000000e-02
     vertex 1.5318000000e-01 2.7489148515e-02 6.5094299505e-02
     vertex 1.4766000000e-01 2.7489148515e-02 6.5094299505e-02
   endloop
 endfacet
 facet normal  0.0000000000e+00 5.5916213326e-01 8.2905832649e-01
   outer loop
     vertex 1.4766000000e-01 2.7489148515e-02 6.5094299505e-02
     vertex 1.5318000000e-01 2.7489148515e-02 6.5094299505e-02
     vertex 1.4766000000e-01 4.9947298680e-02 4.9947298680e-02
   endloop
 endfacet
 facet normal  1.7450569720e-15 5.5916213326e-01 8.2905832649e-01
   outer loop
     vertex 1.5318000000e-01 2.7489148515e-02 6.5094299505e-02
     vertex 1.5318000000e-01 4.9947298680e-02 4.9947298680e-02
     vertex 1.4766000000e-01 4.9947298680e-02 4.9947298680e-02
   endloop
 endfacet
 facet normal  1.7450569720e-15 8.2905832649e-01 5.5916213326e-01
   outer loop
     vertex 1.4766000000e-01 4.9947298680e-02 4.9947298680e-02
     vertex 1.5318000000e-01 4.9947298680e-02 4.9947298680e-02
     vertex 1.4766000000e-01 6.5094299505e-02 2.7489148515e-02
   endloop
 endfacet
 facet normal  0.0000000000e+00 8.2905832649e-01 5.5916213326e-01
   outer loop
     vertex 1.5318000000e-01 4.9947298680e-02 4.9947298680e-02
     vertex 1.5318000000e-01 6.5094299505e-02 2.7489148515e-02
     vertex 1.4766000000e-01 6.5094299505e-02 2.7489148515e-02
   endloop
 endfacet
 facet normal  0.0000000000e+00 9.8018184110e-01 1.9809986972e-01
   outer loop
     vertex 1.4766000000e-01 6.5094299505e-02 2.7489148515e-02
     vertex 1.5318000000e-01 6.5094299505e-02 2.7489148515e-02
     vertex 1.4766000000e-01 7.0650000000e-02 0.0000000000e+00
   endloop
 endfacet
 facet normal  0.0000000000e+00 9.8018184110e-01 1.9809986972e-01
   outer loop
     vertex 1.5318000000e-01 6.5094299505e-02 2.7489148515e-02
     vertex 1.5318000000e-01 7.0650000000e-02 0.0000000000e+00
     vertex 1.4766000000e-01 7.0650000000e-02 0.0000000000e+00
   endloop
 endfacet
 facet normal  0.0000000000e+00 9.8018184110e-01 -1.9809986972e-01
   outer loop
     vertex 1.5318000000e-01 7.0650000000e-02 0.0000000000e+00
     vertex 1.5962000000e-01 7.0650000000e-02 0.0000000000e+00
     vertex 1.5962000000e-01 6.5094299505e-02 -2.7489148515e-02
   endloop
 endfacet
 facet normal  1.0672313497e-16 9.8018184110e-01 -1.9809986972e-01
   outer loop
     vertex 1.5318000000e-01 7.0650000000e-02 0.0000000000e+00
     vertex 1.5962000000e-01 6.5094299505e-02 -2.7489148515e-02
     vertex 1.5318000000e-01 6.5094299505e-02 -2.7489148515e-02
   endloop
 endfacet
 facet normal  3.0123965200e-16 8.2905832649e-01 -5.5916213326e-01
   outer loop
     vertex 1.5318000000e-01 6.5094299505e-02 -2.7489148515e-02
     vertex 1.5962000000e-01 6.5094299505e-02 -2.7489148515e-02
     vertex 1.5962000000e-01 4.9947298680e-02 -4.9947298680e-02
   endloop
 endfacet
 facet normal  0.0000000000e+00 8.2905832649e-01 -5.5916213326e-01
   outer loop
     vertex 1.5318000000e-01 6.5094299505e-02 -2.7489148515e-02
     vertex 1.5962000000e-01 4.9947298680e-02 -4.9947298680e-02
     vertex 1.5318000000e-01 4.9947298680e-02 -4.9947298680e-02
   endloop
 endfacet
 facet normal  0.0000000000e+00 5.5916213326e-01 -8.2905832649e-01
   outer loop
     vertex 1.5318000000e-01 4.9947298680e-02 -4.9947298680e-02
     vertex 1.5962000000e-01 4.9947298680e-02 -4.9947298680e-02
     vertex 1.5962000000e-01 2.7489148515e-02 -6.5094299505e-02
   endloop
 endfacet
 facet normal  3.0123965200e-16 5.5916213326e-01 -8.2905832649e-01
   outer loop
     vertex 1.5318000000e-01 4.9947298680e-02 -4.9947298680e-02
     vertex 1.5962000000e-01 2.7489148515e-02 -6.5094299505e-02
     vertex 1.5318000000e-01 2.7489148515e-02 -6.5094299505e-02
   endloop
 endfacet
 facet normal  1.0672313497e-16 1.9809986972e-01 -9.8018184110e-01
   outer loop
     vertex 1.5318000000e-01 2.7489148515e-02 -6.5094299505e-02
     vertex 1.5962000000e-01 2.7489148515e-02 -6.5094299505e-02
     vertex 1.5962000000e-01 0.0000000000e+00 -7.0650000000e-02
   endloop
 endfacet
 facet normal  0.0000000000e+00 1.9809986972e-01 -9.8018184110e-01
   outer loop
     vertex 1.5318000000e-01 2.7489148515e-02 -6.5094299505e-02
     vertex 1.5962000000e-01 0.0000000000e+00 -7.0650000000e-02
     vertex 1.5318000000e-01 0.0000000000e+00 -7.0650000000e-02
   endloop
 endfacet
 facet normal  -0.0000000000e+00 -1.9809986972e-01 -9.8018184110e-01
   outer loop
     vertex 1.5318000000e-01 0.0000000000e+00 -7.0650000000e-02
     vertex 1.5962000000e-01 0.0000000000e+00 -7.0650000000e-02
     vertex 1.5318000000e-01 -2.7489148515e-02 -6.5094299505e-02
   endloop
 endfacet
 facet normal  -0.0000000000e+00 -1.9809986972e-01 -9.8018184110e-01
   outer loop
     vertex 1.5962000000e-01 0.0000000000e+00 -7.0650000000e-02
     vertex 1.5962000000e-01 -2.7489148515e-02 -6.5094299505e-02
     vertex 1.5318000000e-01 -2.7489148515e-02 -6.5094299505e-02
   endloop
 endfacet
 facet normal  -0.0000000000e+00 -5.5916213326e-01 -8.2905832649e-01
   outer loop
     vertex 1.5318000000e-01 -2.7489148515e-02 -6.5094299505e-02
     vertex 1.5962000000e-01 -2.7489148515e-02 -6.5094299505e-02
     vertex 1.5318000000e-01 -4.9947298680e-02 -4.9947298680e-02
   endloop
 endfacet
 facet normal  -0.0000000000e+00 -5.5916213326e-01 -8.2905832649e-01
   outer loop
     vertex 1.5962000000e-01 -2.7489148515e-02 -6.5094299505e-02
     vertex 1.5962000000e-01 -4.9947298680e-02 -4.9947298680e-02
     vertex 1.5318000000e-01 -4.9947298680e-02 -4.9947298680e-02
   endloop
 endfacet
 facet normal  -0.0000000000e+00 -8.2905832649e-01 -5.5916213326e-01
   outer loop
     vertex 1.5318000000e-01 -4.9947298680e-02 -4.9947298680e-02
     vertex 1.5962000000e-01 -4.9947298680e-02 -4.9947298680e-02
     vertex 1.5318000000e-01 -6.5094299505e-02 -2.7489148515e-02
   endloop
 endfacet
 facet normal  3.0123965200e-16 -8.2905832649e-01 -5.5916213326e-01
   outer loop
     vertex 1.5962000000e-01 -4.9947298680e-02 -4.9947298680e-02
     vertex 1.5962000000e-01 -6.5094299505e-02 -2.7489148515e-02
     vertex 1.5318000000e-01 -6.5094299505e-02 -2.7489148515e-02
   endloop
 endfacet
 facet normal  1.0672313497e-16 -9.8018184110e-01 -1.9809986972e-01
   outer loop
     vertex 1.5318000000e-01 -6.5094299505e-02 -2.7489148515e-02
     vertex 1.5962000000e-01 -6.5094299505e-02 -2.7489148515e-02
     vertex 1.5318000000e-01 -7.0650000000e-02 0.0000000000e+00
   endloop
 endfacet
 facet normal  -0.0000000000e+00 -9.8018184110e-01 -1.9809986972e-01
   outer loop
     vertex 1.5962000000e-01 -6.5094299505e-02 -2.7489148515e-02
     vertex 1.5962000000e-01 -7.0650000000e-02 0.0000000000e+00
     vertex 1.5318000000e-01 -7.0650000000e-02 0.0000000000e+00
   endloop
 endfacet
 facet normal  0.0000000000e+00 -9.8018184110e-01 1.9809986972e-01
   outer loop
     vertex 1.5318000000e-01 -7.0650000000e-02 0.0000000000e+00
     vertex 1.5962000000e-01 -7.0650000000e-02 0.0000000000e+00
     vertex 1.5962000000e-01 -6.5094299505e-02 2.7489148515e-02
   endloop
 endfacet
 facet normal  1.0672313497e-16 -9.8018184110e-01 1.9809986972e-01
   outer loop
     vertex 1.5318000000e-01 -7.0650000000e-02 0.0000000000e+00
     vertex 1.5962000000e-01 -6.5094299505e-02 2.7489148515e-02
     vertex 1.5318000000e-01 -6.5094299505e-02 2.7489148515e-02
   endloop
 endfacet
 facet normal  3.0123965200e-16 -8.2905832649e-01 5.5916213326e-01
   outer loop
     vertex 1.5318000000e-01 -6.5094299505e-02 2.7489148515e-02
     vertex 1.5962000000e-01 -6.5094299505e-02 2.7489148515e-02
     vertex 1.5962000000e-01 -4.9947298680e-02 4.9947298680e-02
   endloop
 endfacet
 facet normal  0.0000000000e+00 -8.2905832649e-01 5.5916213326e-01
   outer loop
     vertex 1.5318000000e-01 -6.5094299505e-02 2.7489148515e-02
     vertex 1.5962000000e-01 -4.9947298680e-02 4.9947298680e-02
     vertex 1.5318000000e-01 -4.9947298680e-02 4.9947298680e-02
   endloop
 endfacet
 facet normal  0.0000000000e+00 -5.5916213326e-01 8.2905832649e-01
   outer loop
     vertex 1.5318000000e-01 -4.9947298680e-02 4.9947298680e-02
     vertex 1.5962000000e-01 -4.9947298680e-02 4.9947298680e-02
     vertex 1.5962000000e-01 -2.7489148515e-02 6.5094299505e-02
   endloop
 endfacet
 facet normal  0.0000000000e+00 -5.5916213326e-01 8.2905832649e-01
   outer loop
     vertex 1.5318000000e-01 -4.9947298680e-02 4.9947298680e-02
     vertex 1.5962000000e-01 -2.7489148515e-02 6.5094299505e-02
     vertex 1.5318000000e-01 -2.7489148515e-02 6.5094299505e-02
   endloop
 endfacet
 facet normal  0.0000000000e+00 -1.9809986972e-01 9.8018184110e-01
   outer loop
     vertex 1.5318000000e-01 -2.7489148515e-02 6.5094299505e-02
     vertex 1.5962000000e-01 -2.7489148515e-02 6.5094299505e-02
     vertex 1.5962000000e-01 0.0000000000e+00 7.0650000000e-02
   endloop
 endfacet
 facet normal  0.0000000000e+00 -1.9809986972e-01 9.8018184110e-01
   outer loop
     vertex 1.5318000000e-01 -2.7489148515e-02 6.5094299505e-02
     vertex 1.5962000000e-01 0.0000000000e+00 7.0650000000e-02
     vertex 1.5318000000e-01 0.0000000000e+00 7.0650000000e-02
   endloop
 endfacet
 facet normal  0.0000000000e+00 1.9809986972e-01 9.8018184110e-01
   outer loop
     vertex 1.5318000000e-01 0.0000000000e+00 7.0650000000e-02
     vertex 1.5962000000e-01 0.0000000000e+00 7.0650000000e-02
     vertex 1.5318000000e-01 2.7489148515e-02 6.5094299505e-02
   endloop
 endfacet
 facet normal  1.0672313497e-16 1.9809986972e-01 9.8018184110e-01
   outer loop
     vertex 1.5962000000e-01 0.0000000000e+00 7.0650000000e-02
     vertex 1.5962000000e-01 2.7489148515e-02 6.5094299505e-02
     vertex 1.5318000000e-01 2.7489148515e-02 6.5094299505e-02
   endloop
 endfacet
 facet normal  3.0123965200e-16 5.5916213326e-01 8.2905832649e-01
   outer loop
     vertex 1.5318000000e-01 2.7489148515e-02 6.5094299505e-02
     vertex 1.5962000000e-01 2.7489148515e-02 6.5094299505e-02
     vertex 1.5318000000e-01 4.9947298680e-02 4.9947298680e-02
   endloop
 endfacet
 facet normal  0.0000000000e+00 5.5916213326e-01 8.2905832649e-01
   outer loop
     vertex 1.5962000000e-01 2.7489148515e-02 6.5094299505e-02
     vertex 1.5962000000e-01 4.9947298680e-02 4.9947298680e-02
     vertex 1.5318000000e-01 4.9947298680e-02 4.9947298680e-02
   endloop
 endfacet
 facet normal  0.0000000000e+00 8.2905832649e-01 5.5916213326e-01
   outer loop
     vertex 1.5318000000e-01 4.9947298680e-02 4.9947298680e-02
     vertex 1.5962000000e-01 4.9947298680e-02 4.9947298680e-02
     vertex 1.5318000000e-01 6.5094299505e-02 2.7489148515e-02
   endloop
 endfacet
 facet normal  3.0123965200e-16 8.2905832649e-01 5.5916213326e-01
   outer loop
     vertex 1.5962000000e-01 4.9947298680e-02 4.9947298680e-02
     vertex 1.5962000000e-01 6.5094299505e-02 2.7489148515e-02
     vertex 1.5318000000e-01 6.5094299505e-02 2.7489148515e-02
   endloop
 endfacet
 facet normal  1.0672313497e-16 9.8018184110e-01 1.9809986972e-01
   outer loop
     vertex 1.5318000000e-01 6.5094299505e-02 2.7489148515e-02
     vertex 1.5962000000e-01 6.5094299505e-02 2.7489148515e-02
     vertex 1.5318000000e-01 7.0650000000e-02 0.0000000000e+00
   endloop
 endfacet
 facet normal  0.0000000000e+00 9.8018184110e-01 1.9809986972e-01
   outer loop
     vertex 1.5962000000e-01 6.5094299505e-02 2.7489148515e-02
     vertex 1.5962000000e-01 7.0650000000e-02 0.0000000000e+00
     vertex 1.5318000000e-01 7.0650000000e-02 0.0000000000e+00
   endloop
 endfacet
 facet normal  0.0000000000e+00 9.8018184110e-01 -1.9809986972e-01
   outer loop
     vertex 1.5962000000e-01 7.0650000000e-02 0.0000000000e+00
     vertex 1.6629000000e-01 7.0650000000e-02 0.0000000000e+00
     vertex 1.6629000000e-01 6.5094299505e-02 -2.7489148515e-02
   endloop
 endfacet
 facet normal  0.0000000000e+00 9.8018184110e-01 -1.9809986972e-01
   outer loop
     vertex 1.5962000000e-01 7.0650000000e-02 0.0000000000e+00
     vertex 1.6629000000e-01 6.5094299505e-02 -2.7489148515e-02
     vertex 1.5962000000e-01 6.5094299505e-02 -2.7489148515e-02
   endloop
 endfacet
 facet normal  0.0000000000e+00 8.2905832649e-01 -5.5916213326e-01
   outer loop
     vertex 1.5962000000e-01 6.5094299505e-02 -2.7489148515e-02
     vertex 1.6629000000e-01 6.5094299505e-02 -2.7489148515e-02
     vertex 1.6629000000e-01 4.9947298680e-02 -4.9947298680e-02
   endloop
 endfacet
 facet normal  0.0000000000e+00 8.2905832649e-01 -5.5916213326e-01
   outer loop
     vertex 1.5962000000e-01 6.5094299505e-02 -2.7489148515e-02
     vertex 1.6629000000e-01 4.9947298680e-02 -4.9947298680e-02
     vertex 1.5962000000e-01 4.9947298680e-02 -4.9947298680e-02
   endloop
 endfacet
 facet normal  0.0000000000e+00 5.5916213326e-01 -8.2905832649e-01
   outer loop
     vertex 1.5962000000e-01 4.9947298680e-02 -4.9947298680e-02
     vertex 1.6629000000e-01 4.9947298680e-02 -4.9947298680e-02
     vertex 1.6629000000e-01 2.7489148515e-02 -6.5094299505e-02
   endloop
 endfacet
 facet normal  0.0000000000e+00 5.5916213326e-01 -8.2905832649e-01
   outer loop
     vertex 1.5962000000e-01 4.9947298680e-02 -4.9947298680e-02
     vertex 1.6629000000e-01 2.7489148515e-02 -6.5094299505e-02
     vertex 1.5962000000e-01 2.7489148515e-02 -6.5094299505e-02
   endloop
 endfacet
 facet normal  0.0000000000e+00 1.9809986972e-01 -9.8018184110e-01
   outer loop
     vertex 1.5962000000e-01 2.7489148515e-02 -6.5094299505e-02
     vertex 1.6629000000e-01 2.7489148515e-02 -6.5094299505e-02
     vertex 1.6629000000e-01 0.0000000000e+00 -7.0650000000e-02
   endloop
 endfacet
 facet normal  0.0000000000e+00 1.9809986972e-01 -9.8018184110e-01
   outer loop
     vertex 1.5962000000e-01 2.7489148515e-02 -6.5094299505e-02
     vertex 1.6629000000e-01 0.0000000000e+00 -7.0650000000e-02
     vertex 1.5962000000e-01 0.0000000000e+00 -7.0650000000e-02
   endloop
 endfacet
 facet normal  -0.0000000000e+00 -1.9809986972e-01 -9.8018184110e-01
   outer loop
     vertex 1.5962000000e-01 0.0000000000e+00 -7.0650000000e-02
     vertex 1.6629000000e-01 0.0000000000e+00 -7.0650000000e-02
     vertex 1.5962000000e-01 -2.7489148515e-02 -6.5094299505e-02
   endloop
 endfacet
 facet normal  -1.0304302687e-16 -1.9809986972e-01 -9.8018184110e-01
   outer loop
     vertex 1.6629000000e-01 0.0000000000e+00 -7.0650000000e-02
     vertex 1.6629000000e-01 -2.7489148515e-02 -6.5094299505e-02
     vertex 1.5962000000e-01 -2.7489148515e-02 -6.5094299505e-02
   endloop
 endfacet
 facet normal  -2.9085207779e-16 -5.5916213326e-01 -8.2905832649e-01
   outer loop
     vertex 1.5962000000e-01 -2.7489148515e-02 -6.5094299505e-02
     vertex 1.6629000000e-01 -2.7489148515e-02 -6.5094299505e-02
     vertex 1.5962000000e-01 -4.9947298680e-02 -4.9947298680e-02
   endloop
 endfacet
 facet normal  -0.0000000000e+00 -5.5916213326e-01 -8.2905832649e-01
   outer loop
     vertex 1.6629000000e-01 -2.7489148515e-02 -6.5094299505e-02
     vertex 1.6629000000e-01 -4.9947298680e-02 -4.9947298680e-02
     vertex 1.5962000000e-01 -4.9947298680e-02 -4.9947298680e-02
   endloop
 endfacet
 facet normal  -0.0000000000e+00 -8.2905832649e-01 -5.5916213326e-01
   outer loop
     vertex 1.5962000000e-01 -4.9947298680e-02 -4.9947298680e-02
     vertex 1.6629000000e-01 -4.9947298680e-02 -4.9947298680e-02
     vertex 1.5962000000e-01 -6.5094299505e-02 -2.7489148515e-02
   endloop
 endfacet
 facet normal  -0.0000000000e+00 -8.2905832649e-01 -5.5916213326e-01
   outer loop
     vertex 1.6629000000e-01 -4.9947298680e-02 -4.9947298680e-02
     vertex 1.6629000000e-01 -6.5094299505e-02 -2.7489148515e-02
     vertex 1.5962000000e-01 -6.5094299505e-02 -2.7489148515e-02
   endloop
 endfacet
 facet normal  -0.0000000000e+00 -9.8018184110e-01 -1.9809986972e-01
   outer loop
     vertex 1.5962000000e-01 -6.5094299505e-02 -2.7489148515e-02
     vertex 1.6629000000e-01 -6.5094299505e-02 -2.7489148515e-02
     vertex 1.5962000000e-01 -7.0650000000e-02 0.0000000000e+00
   endloop
 endfacet
 facet normal  -0.0000000000e+00 -9.8018184110e-01 -1.9809986972e-01
   outer loop
     vertex 1.6629000000e-01 -6.5094299505e-02 -2.7489148515e-02
     vertex 1.6629000000e-01 -7.0650000000e-02 0.0000000000e+00
     vertex 1.5962000000e-01 -7.0650000000e-02 0.0000000000e+00
   endloop
 endfacet
 facet normal  0.0000000000e+00 -9.8018184110e-01 1.9809986972e-01
   outer loop
     vertex 1.5962000000e-01 -7.0650000000e-02 0.0000000000e+00
     vertex 1.6629000000e-01 -7.0650000000e-02 0.0000000000e+00
     vertex 1.6629000000e-01 -6.5094299505e-02 2.7489148515e-02
   endloop
 endfacet
 facet normal  0.0000000000e+00 -9.8018184110e-01 1.9809986972e-01
   outer loop
     vertex 1.5962000000e-01 -7.0650000000e-02 0.0000000000e+00
     vertex 1.6629000000e-01 -6.5094299505e-02 2.7489148515e-02
     vertex 1.5962000000e-01 -6.5094299505e-02 2.7489148515e-02
   endloop
 endfacet
 facet normal  0.0000000000e+00 -8.2905832649e-01 5.5916213326e-01
   outer loop
     vertex 1.5962000000e-01 -6.5094299505e-02 2.7489148515e-02
     vertex 1.6629000000e-01 -6.5094299505e-02 2.7489148515e-02
     vertex 1.6629000000e-01 -4.9947298680e-02 4.9947298680e-02
   endloop
 endfacet
 facet normal  0.0000000000e+00 -8.2905832649e-01 5.5916213326e-01
   outer loop
     vertex 1.5962000000e-01 -6.5094299505e-02 2.7489148515e-02
     vertex 1.6629000000e-01 -4.9947298680e-02 4.9947298680e-02
     vertex 1.5962000000e-01 -4.9947298680e-02 4.9947298680e-02
   endloop
 endfacet
 facet normal  0.0000000000e+00 -5.5916213326e-01 8.2905832649e-01
   outer loop
     vertex 1.5962000000e-01 -4.9947298680e-02 4.9947298680e-02
     vertex 1.6629000000e-01 -4.9947298680e-02 4.9947298680e-02
     vertex 1.6629000000e-01 -2.7489148515e-02 6.5094299505e-02
   endloop
 endfacet
 facet normal  -2.9085207779e-16 -5.5916213326e-01 8.2905832649e-01
   outer loop
     vertex 1.5962000000e-01 -4.9947298680e-02 4.9947298680e-02
     vertex 1.6629000000e-01 -2.7489148515e-02 6.5094299505e-02
     vertex 1.5962000000e-01 -2.7489148515e-02 6.5094299505e-02
   endloop
 endfacet
 facet normal  -1.0304302687e-16 -1.9809986972e-01 9.8018184110e-01
   outer loop
     vertex 1.5962000000e-01 -2.7489148515e-02 6.5094299505e-02
     vertex 1.6629000000e-01 -2.7489148515e-02 6.5094299505e-02
     vertex 1.6629000000e-01 0.0000000000e+00 7.0650000000e-02
   endloop
 endfacet
 facet normal  0.0000000000e+00 -1.9809986972e-01 9.8018184110e-01
   outer loop
     vertex 1.5962000000e-01 -2.7489148515e-02 6.5094299505e-02
     vertex 1.6629000000e-01 0.0000000000e+00 7.0650000000e-02
     vertex 1.5962000000e-01 0.0000000000e+00 7.0650000000e-02
   endloop
 endfacet
 facet normal  0.0000000000e+00 1.9809986972e-01 9.8018184110e-01
   outer loop
     vertex 1.5962000000e-01 0.0000000000e+00 7.0650000000e-02
     vertex 1.6629000000e-01 0.0000000000e+00 7.0650000000e-02
     vertex 1.5962000000e-01 2.7489148515e-02 6.5094299505e-02
   endloop
 endfacet
 facet normal  0.0000000000e+00 1.9809986972e-01 9.8018184110e-01
   outer loop
     vertex 1.6629000000e-01 0.0000000000e+00 7.0650000000e-02
     vertex 1.6629000000e-01 2.7489148515e-02 6.5094299505e-02
     vertex 1.5962000000e-01 2.7489148515e-02 6.5094299505e-02
   endloop
 endfacet
 facet normal  0.0000000000e+00 5.5916213326e-01 8.2905832649e-01
   outer loop
     vertex 1.5962000000e-01 2.7489148515e-02 6.5094299505e-02
     vertex 1.6629000000e-01 2.7489148515e-02 6.5094299505e-02
     vertex 1.5962000000e-01 4.9947298680e-02 4.9947298680e-02
   endloop
 endfacet
 facet normal  0.0000000000e+00 5.5916213326e-01 8.2905832649e-01
   outer loop
     vertex 1.6629000000e-01 2.7489148515e-02 6.5094299505e-02
     vertex 1.6629000000e-01 4.9947298680e-02 4.9947298680e-02
     vertex 1.5962000000e-01 4.9947298680e-02 4.9947298680e-02
   endloop
 endfacet
 facet normal  0.0000000000e+00 8.2905832649e-01 5.5916213326e-01
   outer loop
     vertex 1.5962000000e-01 4.9947298680e-02 4.9947298680e-02
     vertex 1.6629000000e-01 4.9947298680e-02 4.9947298680e-02
     vertex 1.5962000000e-01 6.5094299505e-02 2.7489148515e-02
   endloop
 endfacet
 facet normal  0.0000000000e+00 8.2905832649e-01 5.5916213326e-01
   outer loop
     vertex 1.6629000000e-01 4.9947298680e-02 4.9947298680e-02
     vertex 1.6629000000e-01 6.5094299505e-02 2.7489148515e-02
     vertex 1.5962000000e-01 6.5094299505e-02 2.7489148515e-02
   endloop
 endfacet
 facet normal  0.0000000000e+00 9.8018184110e-01 1.9809986972e-01
   outer loop
     vertex 1.5962000000e-01 6.5094299505e-02 2.7489148515e-02
     vertex 1.6629000000e-01 6.5094299505e-02 2.7489148515e-02
     vertex 1.5962000000e-01 7.0650000000e-02 0.0000000000e+00
   endloop
 endfacet
 facet normal  0.0000000000e+00 9.8018184110e-01 1.9809986972e-01
   outer loop
     vertex 1.6629000000e-01 6.5094299505e-02 2.7489148515e-02
     vertex 1.6629000000e-01 7.0650000000e-02 0.0000000000e+00
     vertex 1.5962000000e-01 7.0650000000e-02 0.0000000000e+00
   endloop
 endfacet
 facet normal  0.0000000000e+00 9.8018184110e-01 -1.9809986972e-01
   outer loop
     vertex 1.6629000000e-01 7.0650000000e-02 0.0000000000e+00
     vertex 1.7250000000e-01 7.0650000000e-02 0.0000000000e+00
     vertex 1.7250000000e-01 6.5094299505e-02 -2.7489148515e-02
   endloop
 endfacet
 facet normal  -1.1067584367e-16 9.8018184110e-01 -1.9809986972e-01
   outer loop
     vertex 1.6629000000e-01 7.0650000000e-02 0.0000000000e+00
     vertex 1.7250000000e-01 6.5094299505e-02 -2.7489148515e-02
     vertex 1.6629000000e-01 6.5094299505e-02 -2.7489148515e-02
   endloop
 endfacet
 facet normal  -3.1239667615e-16 8.2905832649e-01 -5.5916213326e-01
   outer loop
     vertex 1.6629000000e-01 6.5094299505e-02 -2.7489148515e-02
     vertex 1.7250000000e-01 6.5094299505e-02 -2.7489148515e-02
     vertex 1.7250000000e-01 4.9947298680e-02 -4.9947298680e-02
   endloop
 endfacet
 facet normal  -1.5511617529e-15 8.2905832649e-01 -5.5916213326e-01
   outer loop
     vertex 1.6629000000e-01 6.5094299505e-02 -2.7489148515e-02
     vertex 1.7250000000e-01 4.9947298680e-02 -4.9947298680e-02
     vertex 1.6629000000e-01 4.9947298680e-02 -4.9947298680e-02
   endloop
 endfacet
 facet normal  -1.5511617529e-15 5.5916213326e-01 -8.2905832649e-01
   outer loop
     vertex 1.6629000000e-01 4.9947298680e-02 -4.9947298680e-02
     vertex 1.7250000000e-01 4.9947298680e-02 -4.9947298680e-02
     vertex 1.7250000000e-01 2.7489148515e-02 -6.5094299505e-02
   endloop
 endfacet
 facet normal  -3.1239667615e-16 5.5916213326e-01 -8.2905832649e-01
   outer loop
     vertex 1.6629000000e-01 4.9947298680e-02 -4.9947298680e-02
     vertex 1.7250000000e-01 2.7489148515e-02 -6.5094299505e-02
     vertex 1.6629000000e-01 2.7489148515e-02 -6.5094299505e-02
   endloop
 endfacet
 facet normal  -1.1067584367e-16 1.9809986972e-01 -9.8018184110e-01
   outer loop
     vertex 1.6629000000e-01 2.7489148515e-02 -6.5094299505e-02
     vertex 1.7250000000e-01 2.7489148515e-02 -6.5094299505e-02
     vertex 1.7250000000e-01 0.0000000000e+00 -7.0650000000e-02
   endloop
 endfacet
 facet normal  0.0000000000e+00 1.9809986972e-01 -9.8018184110e-01
   outer loop
     vertex 1.6629000000e-01 2.7489148515e-02 -6.5094299505e-02
     vertex 1.7250000000e-01 0.0000000000e+00 -7.0650000000e-02
     vertex 1.6629000000e-01 0.0000000000e+00 -7.0650000000e-02
   endloop
 endfacet
 facet normal  -0.0000000000e+00 -1.9809986972e-01 -9.8018184110e-01
   outer loop
     vertex 1.6629000000e-01 0.0000000000e+00 -7.0650000000e-02
     vertex 1.7250000000e-01 0.0000000000e+00 -7.0650000000e-02
     vertex 1.6629000000e-01 -2.7489148515e-02 -6.5094299505e-02
   endloop
 endfacet
 facet normal  -0.0000000000e+00 -1.9809986972e-01 -9.8018184110e-01
   outer loop
     vertex 1.7250000000e-01 0.0000000000e+00 -7.0650000000e-02
     vertex 1.7250000000e-01 -2.7489148515e-02 -6.5094299505e-02
     vertex 1.6629000000e-01 -2.7489148515e-02 -6.5094299505e-02
   endloop
 endfacet
 facet normal  -0.0000000000e+00 -5.5916213326e-01 -8.2905832649e-01
   outer loop
     vertex 1.6629000000e-01 -2.7489148515e-02 -6.5094299505e-02
     vertex 1.7250000000e-01 -2.7489148515e-02 -6.5094299505e-02
     vertex 1.6629000000e-01 -4.9947298680e-02 -4.9947298680e-02
   endloop
 endfacet
 facet normal  -9.2636840060e-16 -5.5916213326e-01 -8.2905832649e-01
   outer loop
     vertex 1.7250000000e-01 -2.7489148515e-02 -6.5094299505e-02
     vertex 1.7250000000e-01 -4.9947298680e-02 -4.9947298680e-02
     vertex 1.6629000000e-01 -4.9947298680e-02 -4.9947298680e-02
   endloop
 endfacet
 facet normal  -6.2479335230e-16 -8.2905832649e-01 -5.5916213326e-01
   outer loop
     vertex 1.6629000000e-01 -4.9947298680e-02 -4.9947298680e-02
     vertex 1.7250000000e-01 -4.9947298680e-02 -4.9947298680e-02
     vertex 1.6629000000e-01 -6.5094299505e-02 -2.7489148515e-02
   endloop
 endfacet
 facet normal  -3.1239667615e-16 -8.2905832649e-01 -5.5916213326e-01
   outer loop
     vertex 1.7250000000e-01 -4.9947298680e-02 -4.9947298680e-02
     vertex 1.7250000000e-01 -6.5094299505e-02 -2.7489148515e-02
     vertex 1.6629000000e-01 -6.5094299505e-02 -2.7489148515e-02
   endloop
 endfacet
 facet normal  -1.1067584367e-16 -9.8018184110e-01 -1.9809986972e-01
   outer loop
     vertex 1.6629000000e-01 -6.5094299505e-02 -2.7489148515e-02
     vertex 1.7250000000e-01 -6.5094299505e-02 -2.7489148515e-02
     vertex 1.6629000000e-01 -7.0650000000e-02 0.0000000000e+00
   endloop
 endfacet
 facet normal  -0.0000000000e+00 -9.8018184110e-01 -1.9809986972e-01
   outer loop
     vertex 1.7250000000e-01 -6.5094299505e-02 -2.7489148515e-02
     vertex 1.7250000000e-01 -7.0650000000e-02 0.0000000000e+00
     vertex 1.6629000000e-01 -7.0650000000e-02 0.0000000000e+00
   endloop
 endfacet
 facet normal  0.0000000000e+00 -9.8018184110e-01 1.9809986972e-01
   outer loop
     vertex 1.6629000000e-01 -7.0650000000e-02 0.0000000000e+00
     vertex 1.7250000000e-01 -7.0650000000e-02 0.0000000000e+00
     vertex 1.7250000000e-01 -6.5094299505e-02 2.7489148515e-02
   endloop
 endfacet
 facet normal  -1.1067584367e-16 -9.8018184110e-01 1.9809986972e-01
   outer loop
     vertex 1.6629000000e-01 -7.0650000000e-02 0.0000000000e+00
     vertex 1.7250000000e-01 -6.5094299505e-02 2.7489148515e-02
     vertex 1.6629000000e-01 -6.5094299505e-02 2.7489148515e-02
   endloop
 endfacet
 facet normal  -3.1239667615e-16 -8.2905832649e-01 5.5916213326e-01
   outer loop
     vertex 1.6629000000e-01 -6.5094299505e-02 2.7489148515e-02
     vertex 1.7250000000e-01 -6.5094299505e-02 2.7489148515e-02
     vertex 1.7250000000e-01 -4.9947298680e-02 4.9947298680e-02
   endloop
 endfacet
 facet normal  -6.2479335230e-16 -8.2905832649e-01 5.5916213326e-01
   outer loop
     vertex 1.6629000000e-01 -6.5094299505e-02 2.7489148515e-02
     vertex 1.7250000000e-01 -4.9947298680e-02 4.9947298680e-02
     vertex 1.6629000000e-01 -4.9947298680e-02 4.9947298680e-02
   endloop
 endfacet
 facet normal  -9.2636840060e-16 -5.5916213326e-01 8.2905832649e-01
   outer loop
     vertex 1.6629000000e-01 -4.9947298680e-02 4.9947298680e-02
     vertex 1.7250000000e-01 -4.9947298680e-02 4.9947298680e-02
     vertex 1.7250000000e-01 -2.7489148515e-02 6.5094299505e-02
   endloop
 endfacet
 facet normal  0.0000000000e+00 -5.5916213326e-01 8.2905832649e-01
   outer loop
     vertex 1.6629000000e-01 -4.9947298680e-02 4.9947298680e-02
     vertex 1.7250000000e-01 -2.7489148515e-02 6.5094299505e-02
     vertex 1.6629000000e-01 -2.7489148515e-02 6.5094299505e-02
   endloop
 endfacet
 facet normal  0.0000000000e+00 -1.9809986972e-01 9.8018184110e-01
   outer loop
     vertex 1.6629000000e-01 -2.7489148515e-02 6.5094299505e-02
     vertex 1.7250000000e-01 -2.7489148515e-02 6.5094299505e-02
     vertex 1.7250000000e-01 0.0000000000e+00 7.0650000000e-02
   endloop
 endfacet
 facet normal  0.0000000000e+00 -1.9809986972e-01 9.8018184110e-01
   outer loop
     vertex 1.6629000000e-01 -2.7489148515e-02 6.5094299505e-02
     vertex 1.7250000000e-01 0.0000000000e+00 7.0650000000e-02
     vertex 1.6629000000e-01 0.0000000000e+00 7.0650000000e-02
   endloop
 endfacet
 facet normal  0.0000000000e+00 1.9809986972e-01 9.8018184110e-01
   outer loop
     vertex 1.6629000000e-01 0.0000000000e+00 7.0650000000e-02
     vertex 1.7250000000e-01 0.0000000000e+00 7.0650000000e-02
     vertex 1.6629000000e-01 2.7489148515e-02 6.5094299505e-02
   endloop
 endfacet
 facet normal  -1.1067584367e-16 1.9809986972e-01 9.8018184110e-01
   outer loop
     vertex 1.7250000000e-01 0.0000000000e+00 7.0650000000e-02
     vertex 1.7250000000e-01 2.7489148515e-02 6.5094299505e-02
     vertex 1.6629000000e-01 2.7489148515e-02 6.5094299505e-02
   endloop
 endfacet
 facet normal  -3.1239667615e-16 5.5916213326e-01 8.2905832649e-01
   outer loop
     vertex 1.6629000000e-01 2.7489148515e-02 6.5094299505e-02
     vertex 1.7250000000e-01 2.7489148515e-02 6.5094299505e-02
     vertex 1.6629000000e-01 4.9947298680e-02 4.9947298680e-02
   endloop
 endfacet
 facet normal  -1.5511617529e-15 5.5916213326e-01 8.2905832649e-01
   outer loop
     vertex 1.7250000000e-01 2.7489148515e-02 6.5094299505e-02
     vertex 1.7250000000e-01 4.9947298680e-02 4.9947298680e-02
     vertex 1.6629000000e-01 4.9947298680e-02 4.9947298680e-02
   endloop
 endfacet
 facet normal  -1.5511617529e-15 8.2905832649e-01 5.5916213326e-01
   outer loop
     vertex 1.6629000000e-01 4.9947298680e-02 4.9947298680e-02
     vertex 1.7250000000e-01 4.9947298680e-02 4.9947298680e-02
     vertex 1.6629000000e-01 6.5094299505e-02 2.7489148515e-02
   endloop
 endfacet
 facet normal  -3.1239667615e-16 8.2905832649e-01 5.5916213326e-01
   outer loop
     vertex 1.7250000000e-01 4.9947298680e-02 4.9947298680e-02
     vertex 1.7250000000e-01 6.5094299505e-02 2.7489148515e-02
     vertex 1.6629000000e-01 6.5094299505e-02 2.7489148515e-02
   endloop
 endfacet
 facet normal  -1.1067584367e-16 9.8018184110e-01 1.9809986972e-01
   outer loop
     vertex 1.6629000000e-01 6.5094299505e-02 2.7489148515e-02
     vertex 1.7250000000e-01 6.5094299505e-02 2.7489148515e-02
     vertex 1.6629000000e-01 7.0650000000e-02 0.0000000000e+00
   endloop
 endfacet
 facet normal  0.0000000000e+00 9.8018184110e-01 1.9809986972e-01
   outer loop
     vertex 1.7250000000e-01 6.5094299505e-02 2.7489148515e-02
     vertex 1.7250000000e-01 7.0650000000e-02 0.0000000000e+00
     vertex 1.6629000000e-01 7.0650000000e-02 0.0000000000e+00
   endloop
 endfacet
 facet normal  -1.0947708206e-01 9.7429073750e-01 -1.9690690016e-01
   outer loop
     vertex 1.7250000000e-01 7.0650000000e-02 0.0000000000e+00
     vertex 1.8118419264e-01 7.1625807358e-02 -5.5511151231e-20
     vertex 1.8118419264e-01 6.5994789687e-02 -2.7862143761e-02
   endloop
 endfacet
 facet normal  -1.0948447050e-01 9.7428948416e-01 -1.9690899361e-01
   outer loop
     vertex 1.7250000000e-01 7.0650000000e-02 0.0000000000e+00
     vertex 1.8118419264e-01 6.5994789687e-02 -2.7862143761e-02
     vertex 1.7250000000e-01 6.5094299505e-02 -2.7489148515e-02
   endloop
 endfacet
 facet normal  -1.0932712784e-01 8.2414441246e-01 -5.5572796091e-01
   outer loop
     vertex 1.7250000000e-01 6.5094299505e-02 -2.7489148515e-02
     vertex 1.8118419264e-01 6.5994789687e-02 -2.7862143761e-02
     vertex 1.8118419264e-01 5.0637298680e-02 -5.0637298680e-02
   endloop
 endfacet
 facet normal  -1.0963574198e-01 8.2406062415e-01 -5.5579141034e-01
   outer loop
     vertex 1.7250000000e-01 6.5094299505e-02 -2.7489148515e-02
     vertex 1.8118419264e-01 5.0637298680e-02 -5.0637298680e-02
     vertex 1.7250000000e-01 4.9947298680e-02 -4.9947298680e-02
   endloop
 endfacet
 facet normal  -1.0963363439e-01 5.5570908674e-01 -8.2411642207e-01
   outer loop
     vertex 1.7250000000e-01 4.9947298680e-02 -4.9947298680e-02
     vertex 1.8118419264e-01 5.0637298680e-02 -5.0637298680e-02
     vertex 1.8118419264e-01 2.7862143761e-02 -6.5994789687e-02
   endloop
 endfacet
 facet normal  -1.0932492995e-01 5.5581055246e-01 -8.2408900579e-01
   outer loop
     vertex 1.7250000000e-01 4.9947298680e-02 -4.9947298680e-02
     vertex 1.8118419264e-01 2.7862143761e-02 -6.5994789687e-02
     vertex 1.7250000000e-01 2.7489148515e-02 -6.5094299505e-02
   endloop
 endfacet
 facet normal  -1.0948442150e-01 1.9690674002e-01 -9.7428994513e-01
   outer loop
     vertex 1.7250000000e-01 2.7489148515e-02 -6.5094299505e-02
     vertex 1.8118419264e-01 2.7862143761e-02 -6.5994789687e-02
     vertex 1.8118419264e-01 -1.2880294414e-19 -7.1625807358e-02
   endloop
 endfacet
 facet normal  -1.0947703147e-01 1.9690915593e-01 -9.7429028728e-01
   outer loop
     vertex 1.7250000000e-01 2.7489148515e-02 -6.5094299505e-02
     vertex 1.8118419264e-01 -1.2880294414e-19 -7.1625807358e-02
     vertex 1.7250000000e-01 0.0000000000e+00 -7.0650000000e-02
   endloop
 endfacet
 facet normal  -1.0947703147e-01 -1.9690915593e-01 -9.7429028728e-01
   outer loop
     vertex 1.7250000000e-01 0.0000000000e+00 -7.0650000000e-02
     vertex 1.8118419264e-01 -1.2880294414e-19 -7.1625807358e-02
     vertex 1.7250000000e-01 -2.7489148515e-02 -6.5094299505e-02
   endloop
 endfacet
 facet normal  -1.0948442150e-01 -1.9690674002e-01 -9.7428994513e-01
   outer loop
     vertex 1.8118419264e-01 -1.2880294414e-19 -7.1625807358e-02
     vertex 1.8118419264e-01 -2.7862143761e-02 -6.5994789687e-02
     vertex 1.7250000000e-01 -2.7489148515e-02 -6.5094299505e-02
   endloop
 endfacet
 facet normal  -1.0932492995e-01 -5.5581055246e-01 -8.2408900579e-01
   outer loop
     vertex 1.7250000000e-01 -2.7489148515e-02 -6.5094299505e-02
     vertex 1.8118419264e-01 -2.7862143761e-02 -6.5994789687e-02
     vertex 1.7250000000e-01 -4.9947298680e-02 -4.9947298680e-02
   endloop
 endfacet
 facet normal  -1.0963363439e-01 -5.5570908674e-01 -8.2411642207e-01
   outer loop
     vertex 1.8118419264e-01 -2.7862143761e-02 -6.5994789687e-02
     vertex 1.8118419264e-01 -5.0637298680e-02 -5.0637298680e-02
     vertex 1.7250000000e-01 -4.9947298680e-02 -4.9947298680e-02
   endloop
 endfacet
 facet normal  -1.0963574198e-01 -8.2406062415e-01 -5.5579141034e-01
   outer loop
     vertex 1.7250000000e-01 -4.9947298680e-02 -4.9947298680e-02
     vertex 1.8118419264e-01 -5.0637298680e-02 -5.0637298680e-02
     vertex 1.7250000000e-01 -6.5094299505e-02 -2.7489148515e-02
   endloop
 endfacet
 facet normal  -1.0932712784e-01 -8.2414441246e-01 -5.5572796091e-01
   outer loop
     vertex 1.8118419264e-01 -5.0637298680e-02 -5.0637298680e-02
     vertex 1.8118419264e-01 -6.5994789687e-02 -2.7862143761e-02
     vertex 1.7250000000e-01 -6.5094299505e-02 -2.7489148515e-02
   endloop
 endfacet
 facet normal  -1.0948447050e-01 -9.7428948416e-01 -1.9690899361e-01
   outer loop
     vertex 1.7250000000e-01 -6.5094299505e-02 -2.7489148515e-02
     vertex 1.8118419264e-01 -6.5994789687e-02 -2.7862143761e-02
     vertex 1.7250000000e-01 -7.0650000000e-02 0.0000000000e+00
   endloop
 endfacet
 facet normal  -1.0947708206e-01 -9.7429073750e-01 -1.9690690016e-01
   outer loop
     vertex 1.8118419264e-01 -6.5994789687e-02 -2.7862143761e-02
     vertex 1.8118419264e-01 -7.1625807358e-02 -1.6738139462e-19
     vertex 1.7250000000e-01 -7.0650000000e-02 0.0000000000e+00
   endloop
 endfacet
 facet normal  -1.0947708206e-01 -9.7429073750e-01 1.9690690016e-01
   outer loop
     vertex 1.7250000000e-01 -7.0650000000e-02 0.0000000000e+00
     vertex 1.8118419264e-01 -7.1625807358e-02 -1.6738139462e-19
     vertex 1.8118419264e-01 -6.5994789687e-02 2.7862143761e-02
   endloop
 endfacet
 facet normal  -1.0948447050e-01 -9.7428948416e-01 1.9690899361e-01
   outer loop
     vertex 1.7250000000e-01 -7.0650000000e-02 0.0000000000e+00
     vertex 1.8118419264e-01 -6.5994789687e-02 2.7862143761e-02
     vertex 1.7250000000e-01 -6.5094299505e-02 2.7489148515e-02
   endloop
 endfacet
 facet normal  -1.0932712784e-01 -8.2414441246e-01 5.5572796091e-01
   outer loop
     vertex 1.7250000000e-01 -6.5094299505e-02 2.7489148515e-02
     vertex 1.8118419264e-01 -6.5994789687e-02 2.7862143761e-02
     vertex 1.8118419264e-01 -5.0637298680e-02 5.0637298680e-02
   endloop
 endfacet
 facet normal  -1.0963574198e-01 -8.2406062415e-01 5.5579141034e-01
   outer loop
     vertex 1.7250000000e-01 -6.5094299505e-02 2.7489148515e-02
     vertex 1.8118419264e-01 -5.0637298680e-02 5.0637298680e-02
     vertex 1.7250000000e-01 -4.9947298680e-02 4.9947298680e-02
   endloop
 endfacet
 facet normal  -1.0963363439e-01 -5.5570908674e-01 8.2411642207e-01
   outer loop
     vertex 1.7250000000e-01 -4.9947298680e-02 4.9947298680e-02
     vertex 1.8118419264e-01 -5.0637298680e-02 5.0637298680e-02
     vertex 1.8118419264e-01 -2.7862143761e-02 6.5994789687e-02
   endloop
 endfacet
 facet normal  -1.0932492995e-01 -5.5581055246e-01 8.2408900579e-01
   outer loop
     vertex 1.7250000000e-01 -4.9947298680e-02 4.9947298680e-02
     vertex 1.8118419264e-01 -2.7862143761e-02 6.5994789687e-02
     vertex 1.7250000000e-01 -2.7489148515e-02 6.5094299505e-02
   endloop
 endfacet
 facet normal  -1.0948442150e-01 -1.9690674002e-01 9.7428994513e-01
   outer loop
     vertex 1.7250000000e-01 -2.7489148515e-02 6.5094299505e-02
     vertex 1.8118419264e-01 -2.7862143761e-02 6.5994789687e-02
     vertex 1.8118419264e-01 -4.4296010096e-19 7.1625807358e-02
   endloop
 endfacet
 facet normal  -1.0947703147e-01 -1.9690915593e-01 9.7429028728e-01
   outer loop
     vertex 1.7250000000e-01 -2.7489148515e-02 6.5094299505e-02
     vertex 1.8118419264e-01 -4.4296010096e-19 7.1625807358e-02
     vertex 1.7250000000e-01 0.0000000000e+00 7.0650000000e-02
   endloop
 endfacet
 facet normal  -1.0947703147e-01 1.9690915593e-01 9.7429028728e-01
   outer loop
     vertex 1.7250000000e-01 0.0000000000e+00 7.0650000000e-02
     vertex 1.8118419264e-01 -4.4296010096e-19 7.1625807358e-02
     vertex 1.7250000000e-01 2.7489148515e-02 6.5094299505e-02
   endloop
 endfacet
 facet normal  -1.0948442150e-01 1.9690674002e-01 9.7428994513e-01
   outer loop
     vertex 1.8118419264e-01 -4.4296010096e-19 7.1625807358e-02
     vertex 1.8118419264e-01 2.7862143761e-02 6.5994789687e-02
     vertex 1.7250000000e-01 2.7489148515e-02 6.5094299505e-02
   endloop
 endfacet
 facet normal  -1.0932492995e-01 5.5581055246e-01 8.2408900579e-01
   outer loop
     vertex 1.7250000000e-01 2.7489148515e-02 6.5094299505e-02
     vertex 1.8118419264e-01 2.7862143761e-02 6.5994789687e-02
     vertex 1.7250000000e-01 4.9947298680e-02 4.9947298680e-02
   endloop
 endfacet
 facet normal  -1.0963363439e-01 5.5570908674e-01 8.2411642207e-01
   outer loop
     vertex 1.8118419264e-01 2.7862143761e-02 6.5994789687e-02
     vertex 1.8118419264e-01 5.0637298680e-02 5.0637298680e-02
     vertex 1.7250000000e-01 4.9947298680e-02 4.9947298680e-02
   endloop
 endfacet
 facet normal  -1.0963574198e-01 8.2406062415e-01 5.5579141034e-01
   outer loop
     vertex 1.7250000000e-01 4.9947298680e-02 4.9947298680e-02
     vertex 1.8118419264e-01 5.0637298680e-02 5.0637298680e-02
     vertex 1.7250000000e-01 6.5094299505e-02 2.7489148515e-02
   endloop
 endfacet
 facet normal  -1.0932712784e-01 8.2414441246e-01 5.5572796091e-01
   outer loop
     vertex 1.8118419264e-01 5.0637298680e-02 5.0637298680e-02
     vertex 1.8118419264e-01 6.5994789687e-02 2.7862143761e-02
     vertex 1.7250000000e-01 6.5094299505e-02 2.7489148515e-02
   endloop
 endfacet
 facet normal  -1.0948447050e-01 9.7428948416e-01 1.9690899361e-01
   outer loop
     vertex 1.7250000000e-01 6.5094299505e-02 2.7489148515e-02
     vertex 1.8118419264e-01 6.5994789687e-02 2.7862143761e-02
     vertex 1.7250000000e-01 7.0650000000e-02 0.0000000000e+00
   endloop
 endfacet
 facet normal  -1.0947708206e-01 9.7429073750e-01 1.9690690016e-01
   outer loop
     vertex 1.8118419264e-01 6.5994789687e-02 2.7862143761e-02
     vertex 1.8118419264e-01 7.1625807358e-02 0.0000000000e+00
     vertex 1.7250000000e-01 7.0650000000e-02 0.0000000000e+00
   endloop
 endfacet
 facet normal  -1.4816487253e-01 9.6936457920e-01 -1.9590682258e-01
   outer loop
     vertex 1.8118419264e-01 7.1625807358e-02 -5.5511151231e-20
     vertex 1.9395257793e-01 7.3577422074e-02 -1.6653345369e-19
     vertex 1.9395257793e-01 6.7795770050e-02 -2.8608134253e-02
   endloop
 endfacet
 facet normal  -1.4817457516e-01 9.6936228307e-01 -1.9591084565e-01
   outer loop
     vertex 1.8118419264e-01 7.1625807358e-02 -5.5511151231e-20
     vertex 1.9395257793e-01 6.7795770050e-02 -2.8608134253e-02
     vertex 1.8118419264e-01 6.5994789687e-02 -2.7862143761e-02
   endloop
 endfacet
 facet normal  -1.4796948680e-01 8.2009347395e-01 -5.5276733348e-01
   outer loop
     vertex 1.8118419264e-01 6.5994789687e-02 -2.7862143761e-02
     vertex 1.9395257793e-01 6.7795770050e-02 -2.8608134253e-02
     vertex 1.9395257793e-01 5.2017298680e-02 -5.2017298680e-02
   endloop
 endfacet
 facet normal  -1.4837447596e-01 8.1993700936e-01 -5.5289087130e-01
   outer loop
     vertex 1.8118419264e-01 6.5994789687e-02 -2.7862143761e-02
     vertex 1.9395257793e-01 5.2017298680e-02 -5.2017298680e-02
     vertex 1.8118419264e-01 5.0637298680e-02 -5.0637298680e-02
   endloop
 endfacet
 facet normal  -1.4836905326e-01 5.5273387416e-01 -8.2004383322e-01
   outer loop
     vertex 1.8118419264e-01 5.0637298680e-02 -5.0637298680e-02
     vertex 1.9395257793e-01 5.2017298680e-02 -5.2017298680e-02
     vertex 1.9395257793e-01 2.8608134253e-02 -6.7795770050e-02
   endloop
 endfacet
 facet normal  -1.4796383961e-01 5.5292526738e-01 -8.1998801873e-01
   outer loop
     vertex 1.8118419264e-01 5.0637298680e-02 -5.0637298680e-02
     vertex 1.9395257793e-01 2.8608134253e-02 -6.7795770050e-02
     vertex 1.8118419264e-01 2.7862143761e-02 -6.5994789687e-02
   endloop
 endfacet
 facet normal  -1.4817444901e-01 1.9590653836e-01 -9.6936317286e-01
   outer loop
     vertex 1.8118419264e-01 2.7862143761e-02 -6.5994789687e-02
     vertex 1.9395257793e-01 2.8608134253e-02 -6.7795770050e-02
     vertex 1.9395257793e-01 -3.8640883243e-19 -7.3577422074e-02
   endloop
 endfacet
 facet normal  -1.4816474228e-01 1.9591113749e-01 -9.6936372707e-01
   outer loop
     vertex 1.8118419264e-01 2.7862143761e-02 -6.5994789687e-02
     vertex 1.9395257793e-01 -3.8640883243e-19 -7.3577422074e-02
     vertex 1.8118419264e-01 -1.2880294414e-19 -7.1625807358e-02
   endloop
 endfacet
 facet normal  -1.4816474228e-01 -1.9591113749e-01 -9.6936372707e-01
   outer loop
     vertex 1.8118419264e-01 -1.2880294414e-19 -7.1625807358e-02
     vertex 1.9395257793e-01 -3.8640883243e-19 -7.3577422074e-02
     vertex 1.8118419264e-01 -2.7862143761e-02 -6.5994789687e-02
   endloop
 endfacet
 facet normal  -1.4817444901e-01 -1.9590653836e-01 -9.6936317286e-01
   outer loop
     vertex 1.9395257793e-01 -3.8640883243e-19 -7.3577422074e-02
     vertex 1.9395257793e-01 -2.8608134253e-02 -6.7795770050e-02
     vertex 1.8118419264e-01 -2.7862143761e-02 -6.5994789687e-02
   endloop
 endfacet
 facet normal  -1.4796383961e-01 -5.5292526738e-01 -8.1998801873e-01
   outer loop
     vertex 1.8118419264e-01 -2.7862143761e-02 -6.5994789687e-02
     vertex 1.9395257793e-01 -2.8608134253e-02 -6.7795770050e-02
     vertex 1.8118419264e-01 -5.0637298680e-02 -5.0637298680e-02
   endloop
 endfacet
 facet normal  -1.4836905326e-01 -5.5273387416e-01 -8.2004383322e-01
   outer loop
     vertex 1.9395257793e-01 -2.8608134253e-02 -6.7795770050e-02
     vertex 1.9395257793e-01 -5.2017298680e-02 -5.2017298680e-02
     vertex 1.8118419264e-01 -5.0637298680e-02 -5.0637298680e-02
   endloop
 endfacet
 facet normal  -1.4837447596e-01 -8.1993700936e-01 -5.5289087130e-01
   outer loop
     vertex 1.8118419264e-01 -5.0637298680e-02 -5.0637298680e-02
     vertex 1.9395257793e-01 -5.2017298680e-02 -5.2017298680e-02
     vertex 1.8118419264e-01 -6.5994789687e-02 -2.7862143761e-02
   endloop
 endfacet
 facet normal  -1.4796948680e-01 -8.2009347395e-01 -5.5276733348e-01
   outer loop
     vertex 1.9395257793e-01 -5.2017298680e-02 -5.2017298680e-02
     vertex 1.9395257793e-01 -6.7795770050e-02 -2.8608134253e-02
     vertex 1.8118419264e-01 -6.5994789687e-02 -2.7862143761e-02
   endloop
 endfacet
 facet normal  -1.4817457516e-01 -9.6936228307e-01 -1.9591084565e-01
   outer loop
     vertex 1.8118419264e-01 -6.5994789687e-02 -2.7862143761e-02
     vertex 1.9395257793e-01 -6.7795770050e-02 -2.8608134253e-02
     vertex 1.8118419264e-01 -7.1625807358e-02 -1.6738139462e-19
   endloop
 endfacet
 facet normal  -1.4816487253e-01 -9.6936457920e-01 -1.9590682258e-01
   outer loop
     vertex 1.9395257793e-01 -6.7795770050e-02 -2.8608134253e-02
     vertex 1.9395257793e-01 -7.3577422074e-02 -5.0214418386e-19
     vertex 1.8118419264e-01 -7.1625807358e-02 -1.6738139462e-19
   endloop
 endfacet
 facet normal  -1.4816487253e-01 -9.6936457920e-01 1.9590682258e-01
   outer loop
     vertex 1.8118419264e-01 -7.1625807358e-02 -1.6738139462e-19
     vertex 1.9395257793e-01 -7.3577422074e-02 -5.0214418386e-19
     vertex 1.9395257793e-01 -6.7795770050e-02 2.8608134253e-02
   endloop
 endfacet
 facet normal  -1.4817457516e-01 -9.6936228307e-01 1.9591084565e-01
   outer loop
     vertex 1.8118419264e-01 -7.1625807358e-02 -1.6738139462e-19
     vertex 1.9395257793e-01 -6.7795770050e-02 2.8608134253e-02
     vertex 1.8118419264e-01 -6.5994789687e-02 2.7862143761e-02
   endloop
 endfacet
 facet normal  -1.4796948680e-01 -8.2009347395e-01 5.5276733348e-01
   outer loop
     vertex 1.8118419264e-01 -6.5994789687e-02 2.7862143761e-02
     vertex 1.9395257793e-01 -6.7795770050e-02 2.8608134253e-02
     vertex 1.9395257793e-01 -5.2017298680e-02 5.2017298680e-02
   endloop
 endfacet
 facet normal  -1.4837447596e-01 -8.1993700936e-01 5.5289087130e-01
   outer loop
     vertex 1.8118419264e-01 -6.5994789687e-02 2.7862143761e-02
     vertex 1.9395257793e-01 -5.2017298680e-02 5.2017298680e-02
     vertex 1.8118419264e-01 -5.0637298680e-02 5.0637298680e-02
   endloop
 endfacet
 facet normal  -1.4836905326e-01 -5.5273387416e-01 8.2004383322e-01
   outer loop
     vertex 1.8118419264e-01 -5.0637298680e-02 5.0637298680e-02
     vertex 1.9395257793e-01 -5.2017298680e-02 5.2017298680e-02
     vertex 1.9395257793e-01 -2.8608134253e-02 6.7795770050e-02
   endloop
 endfacet
 facet normal  -1.4796383961e-01 -5.5292526738e-01 8.1998801873e-01
   outer loop
     vertex 1.8118419264e-01 -5.0637298680e-02 5.0637298680e-02
     vertex 1.9395257793e-01 -2.8608134253e-02 6.7795770050e-02
     vertex 1.8118419264e-01 -2.7862143761e-02 6.5994789687e-02
   endloop
 endfacet
 facet normal  -1.4817444901e-01 -1.9590653836e-01 9.6936317286e-01
   outer loop
     vertex 1.8118419264e-01 -2.7862143761e-02 6.5994789687e-02
     vertex 1.9395257793e-01 -2.8608134253e-02 6.7795770050e-02
     vertex 1.9395257793e-01 -1.3288803029e-18 7.3577422074e-02
   endloop
 endfacet
 facet normal  -1.4816474228e-01 -1.9591113749e-01 9.6936372707e-01
   outer loop
     vertex 1.8118419264e-01 -2.7862143761e-02 6.5994789687e-02
     vertex 1.9395257793e-01 -1.3288803029e-18 7.3577422074e-02
     vertex 1.8118419264e-01 -4.4296010096e-19 7.1625807358e-02
   endloop
 endfacet
 facet normal  -1.4816474228e-01 1.9591113749e-01 9.6936372707e-01
   outer loop
     vertex 1.8118419264e-01 -4.4296010096e-19 7.1625807358e-02
     vertex 1.9395257793e-01 -1.3288803029e-18 7.3577422074e-02
     vertex 1.8118419264e-01 2.7862143761e-02 6.5994789687e-02
   endloop
 endfacet
 facet normal  -1.4817444901e-01 1.9590653836e-01 9.6936317286e-01
   outer loop
     vertex 1.9395257793e-01 -1.3288803029e-18 7.3577422074e-02
     vertex 1.9395257793e-01 2.8608134253e-02 6.7795770050e-02
     vertex 1.8118419264e-01 2.7862143761e-02 6.5994789687e-02
   endloop
 endfacet
 facet normal  -1.4796383961e-01 5.5292526738e-01 8.1998801873e-01
   outer loop
     vertex 1.8118419264e-01 2.7862143761e-02 6.5994789687e-02
     vertex 1.9395257793e-01 2.8608134253e-02 6.7795770050e-02
     vertex 1.8118419264e-01 5.0637298680e-02 5.0637298680e-02
   endloop
 endfacet
 facet normal  -1.4836905326e-01 5.5273387416e-01 8.2004383322e-01
   outer loop
     vertex 1.9395257793e-01 2.8608134253e-02 6.7795770050e-02
     vertex 1.9395257793e-01 5.2017298680e-02 5.2017298680e-02
     vertex 1.8118419264e-01 5.0637298680e-02 5.0637298680e-02
   endloop
 endfacet
 facet normal  -1.4837447596e-01 8.1993700936e-01 5.5289087130e-01
   outer loop
     vertex 1.8118419264e-01 5.0637298680e-02 5.0637298680e-02
     vertex 1.9395257793e-01 5.2017298680e-02 5.2017298680e-02
     vertex 1.8118419264e-01 6.5994789687e-02 2.7862143761e-02
   endloop
 endfacet
 facet normal  -1.4796948680e-01 8.2009347395e-01 5.5276733348e-01
   outer loop
     vertex 1.9395257793e-01 5.2017298680e-02 5.2017298680e-02
     vertex 1.9395257793e-01 6.7795770050e-02 2.8608134253e-02
     vertex 1.8118419264e-01 6.5994789687e-02 2.7862143761e-02
   endloop
 endfacet
 facet normal  -1.4817457516e-01 9.6936228307e-01 1.9591084565e-01
   outer loop
     vertex 1.8118419264e-01 6.5994789687e-02 2.7862143761e-02
     vertex 1.9395257793e-01 6.7795770050e-02 2.8608134253e-02
     vertex 1.8118419264e-01 7.1625807358e-02 0.0000000000e+00
   endloop
 endfacet
 facet normal  -1.4816487253e-01 9.6936457920e-01 1.9590682258e-01
   outer loop
     vertex 1.9395257793e-01 6.7795770050e-02 2.8608134253e-02
     vertex 1.9395257793e-01 7.3577422074e-02 0.0000000000e+00
     vertex 1.8118419264e-01 7.1625807358e-02 0.0000000000e+00
   endloop
 endfacet
 facet normal  -1.0069027471e-01 9.7520234112e-01 -1.9708338959e-01
   outer loop
     vertex 1.9395257793e-01 7.3577422074e-02 -1.6653345369e-19
     vertex 2.0812886689e-01 7.5041133111e-02 -2.4980018054e-19
     vertex 2.0812886689e-01 6.9146505323e-02 -2.9167627122e-02
   endloop
 endfacet
 facet normal  -1.0069679716e-01 9.7520106613e-01 -1.9708636599e-01
   outer loop
     vertex 1.9395257793e-01 7.3577422074e-02 -1.6653345369e-19
     vertex 2.0812886689e-01 6.9146505323e-02 -2.9167627122e-02
     vertex 1.9395257793e-01 6.7795770050e-02 -2.8608134253e-02
   endloop
 endfacet
 facet normal  -1.0055860513e-01 8.2509476787e-01 -5.5597355239e-01
   outer loop
     vertex 1.9395257793e-01 6.7795770050e-02 -2.8608134253e-02
     vertex 2.0812886689e-01 6.9146505323e-02 -2.9167627122e-02
     vertex 2.0812886689e-01 5.3052298680e-02 -5.3052298680e-02
   endloop
 endfacet
 facet normal  -1.0083064775e-01 8.2499556421e-01 -5.5607148777e-01
   outer loop
     vertex 1.9395257793e-01 6.7795770050e-02 -2.8608134253e-02
     vertex 2.0812886689e-01 5.3052298680e-02 -5.3052298680e-02
     vertex 1.9395257793e-01 5.2017298680e-02 -5.2017298680e-02
   endloop
 endfacet
 facet normal  -1.0082797744e-01 5.5595831792e-01 -8.2507215909e-01
   outer loop
     vertex 1.9395257793e-01 5.2017298680e-02 -5.2017298680e-02
     vertex 2.0812886689e-01 5.3052298680e-02 -5.3052298680e-02
     vertex 2.0812886689e-01 2.9167627122e-02 -6.9146505323e-02
   endloop
 endfacet
 facet normal  -1.0055582916e-01 5.5608703342e-01 -8.2501862796e-01
   outer loop
     vertex 1.9395257793e-01 5.2017298680e-02 -5.2017298680e-02
     vertex 2.0812886689e-01 2.9167627122e-02 -6.9146505323e-02
     vertex 1.9395257793e-01 2.8608134253e-02 -6.7795770050e-02
   endloop
 endfacet
 facet normal  -1.0069673500e-01 1.9708326007e-01 -9.7520170025e-01
   outer loop
     vertex 1.9395257793e-01 2.8608134253e-02 -6.7795770050e-02
     vertex 2.0812886689e-01 2.9167627122e-02 -6.9146505323e-02
     vertex 2.0812886689e-01 -5.7961324864e-19 -7.5041133111e-02
   endloop
 endfacet
 facet normal  -1.0069021053e-01 1.9708649805e-01 -9.7520171954e-01
   outer loop
     vertex 1.9395257793e-01 2.8608134253e-02 -6.7795770050e-02
     vertex 2.0812886689e-01 -5.7961324864e-19 -7.5041133111e-02
     vertex 1.9395257793e-01 -3.8640883243e-19 -7.3577422074e-02
   endloop
 endfacet
 facet normal  -1.0069021053e-01 -1.9708649805e-01 -9.7520171954e-01
   outer loop
     vertex 1.9395257793e-01 -3.8640883243e-19 -7.3577422074e-02
     vertex 2.0812886689e-01 -5.7961324864e-19 -7.5041133111e-02
     vertex 1.9395257793e-01 -2.8608134253e-02 -6.7795770050e-02
   endloop
 endfacet
 facet normal  -1.0069673500e-01 -1.9708326007e-01 -9.7520170025e-01
   outer loop
     vertex 2.0812886689e-01 -5.7961324864e-19 -7.5041133111e-02
     vertex 2.0812886689e-01 -2.9167627122e-02 -6.9146505323e-02
     vertex 1.9395257793e-01 -2.8608134253e-02 -6.7795770050e-02
   endloop
 endfacet
 facet normal  -1.0055582916e-01 -5.5608703342e-01 -8.2501862796e-01
   outer loop
     vertex 1.9395257793e-01 -2.8608134253e-02 -6.7795770050e-02
     vertex 2.0812886689e-01 -2.9167627122e-02 -6.9146505323e-02
     vertex 1.9395257793e-01 -5.2017298680e-02 -5.2017298680e-02
   endloop
 endfacet
 facet normal  -1.0082797744e-01 -5.5595831792e-01 -8.2507215909e-01
   outer loop
     vertex 2.0812886689e-01 -2.9167627122e-02 -6.9146505323e-02
     vertex 2.0812886689e-01 -5.3052298680e-02 -5.3052298680e-02
     vertex 1.9395257793e-01 -5.2017298680e-02 -5.2017298680e-02
   endloop
 endfacet
 facet normal  -1.0083064775e-01 -8.2499556421e-01 -5.5607148777e-01
   outer loop
     vertex 1.9395257793e-01 -5.2017298680e-02 -5.2017298680e-02
     vertex 2.0812886689e-01 -5.3052298680e-02 -5.3052298680e-02
     vertex 1.9395257793e-01 -6.7795770050e-02 -2.8608134253e-02
   endloop
 endfacet
 facet normal  -1.0055860513e-01 -8.2509476787e-01 -5.5597355239e-01
   outer loop
     vertex 2.0812886689e-01 -5.3052298680e-02 -5.3052298680e-02
     vertex 2.0812886689e-01 -6.9146505323e-02 -2.9167627122e-02
     vertex 1.9395257793e-01 -6.7795770050e-02 -2.8608134253e-02
   endloop
 endfacet
 facet normal  -1.0069679716e-01 -9.7520106613e-01 -1.9708636599e-01
   outer loop
     vertex 1.9395257793e-01 -6.7795770050e-02 -2.8608134253e-02
     vertex 2.0812886689e-01 -6.9146505323e-02 -2.9167627122e-02
     vertex 1.9395257793e-01 -7.3577422074e-02 -5.0214418386e-19
   endloop
 endfacet
 facet normal  -1.0069027471e-01 -9.7520234112e-01 -1.9708338959e-01
   outer loop
     vertex 2.0812886689e-01 -6.9146505323e-02 -2.9167627122e-02
     vertex 2.0812886689e-01 -7.5041133111e-02 -7.5321627579e-19
     vertex 1.9395257793e-01 -7.3577422074e-02 -5.0214418386e-19
   endloop
 endfacet
 facet normal  -1.0069027471e-01 -9.7520234112e-01 1.9708338959e-01
   outer loop
     vertex 1.9395257793e-01 -7.3577422074e-02 -5.0214418386e-19
     vertex 2.0812886689e-01 -7.5041133111e-02 -7.5321627579e-19
     vertex 2.0812886689e-01 -6.9146505323e-02 2.9167627122e-02
   endloop
 endfacet
 facet normal  -1.0069679716e-01 -9.7520106613e-01 1.9708636599e-01
   outer loop
     vertex 1.9395257793e-01 -7.3577422074e-02 -5.0214418386e-19
     vertex 2.0812886689e-01 -6.9146505323e-02 2.9167627122e-02
     vertex 1.9395257793e-01 -6.7795770050e-02 2.8608134253e-02
   endloop
 endfacet
 facet normal  -1.0055860513e-01 -8.2509476787e-01 5.5597355239e-01
   outer loop
     vertex 1.9395257793e-01 -6.7795770050e-02 2.8608134253e-02
     vertex 2.0812886689e-01 -6.9146505323e-02 2.9167627122e-02
     vertex 2.0812886689e-01 -5.3052298680e-02 5.3052298680e-02
   endloop
 endfacet
 facet normal  -1.0083064775e-01 -8.2499556421e-01 5.5607148777e-01
   outer loop
     vertex 1.9395257793e-01 -6.7795770050e-02 2.8608134253e-02
     vertex 2.0812886689e-01 -5.3052298680e-02 5.3052298680e-02
     vertex 1.9395257793e-01 -5.2017298680e-02 5.2017298680e-02
   endloop
 endfacet
 facet normal  -1.0082797744e-01 -5.5595831792e-01 8.2507215909e-01
   outer loop
     vertex 1.9395257793e-01 -5.2017298680e-02 5.2017298680e-02
     vertex 2.0812886689e-01 -5.3052298680e-02 5.3052298680e-02
     vertex 2.0812886689e-01 -2.9167627122e-02 6.9146505323e-02
   endloop
 endfacet
 facet normal  -1.0055582916e-01 -5.5608703342e-01 8.2501862796e-01
   outer loop
     vertex 1.9395257793e-01 -5.2017298680e-02 5.2017298680e-02
     vertex 2.0812886689e-01 -2.9167627122e-02 6.9146505323e-02
     vertex 1.9395257793e-01 -2.8608134253e-02 6.7795770050e-02
   endloop
 endfacet
 facet normal  -1.0069673500e-01 -1.9708326007e-01 9.7520170025e-01
   outer loop
     vertex 1.9395257793e-01 -2.8608134253e-02 6.7795770050e-02
     vertex 2.0812886689e-01 -2.9167627122e-02 6.9146505323e-02
     vertex 2.0812886689e-01 -1.9933204543e-18 7.5041133111e-02
   endloop
 endfacet
 facet normal  -1.0069021053e-01 -1.9708649805e-01 9.7520171954e-01
   outer loop
     vertex 1.9395257793e-01 -2.8608134253e-02 6.7795770050e-02
     vertex 2.0812886689e-01 -1.9933204543e-18 7.5041133111e-02
     vertex 1.9395257793e-01 -1.3288803029e-18 7.3577422074e-02
   endloop
 endfacet
 facet normal  -1.0069021053e-01 1.9708649805e-01 9.7520171954e-01
   outer loop
     vertex 1.9395257793e-01 -1.3288803029e-18 7.3577422074e-02
     vertex 2.0812886689e-01 -1.9933204543e-18 7.5041133111e-02
     vertex 1.9395257793e-01 2.8608134253e-02 6.7795770050e-02
   endloop
 endfacet
 facet normal  -1.0069673500e-01 1.9708326007e-01 9.7520170025e-01
   outer loop
     vertex 2.0812886689e-01 -1.9933204543e-18 7.5041133111e-02
     vertex 2.0812886689e-01 2.9167627122e-02 6.9146505323e-02
     vertex 1.9395257793e-01 2.8608134253e-02 6.7795770050e-02
   endloop
 endfacet
 facet normal  -1.0055582916e-01 5.5608703342e-01 8.2501862796e-01
   outer loop
     vertex 1.9395257793e-01 2.8608134253e-02 6.7795770050e-02
     vertex 2.0812886689e-01 2.9167627122e-02 6.9146505323e-02
     vertex 1.9395257793e-01 5.2017298680e-02 5.2017298680e-02
   endloop
 endfacet
 facet normal  -1.0082797744e-01 5.5595831792e-01 8.2507215909e-01
   outer loop
     vertex 2.0812886689e-01 2.9167627122e-02 6.9146505323e-02
     vertex 2.0812886689e-01 5.3052298680e-02 5.3052298680e-02
     vertex 1.9395257793e-01 5.2017298680e-02 5.2017298680e-02
   endloop
 endfacet
 facet normal  -1.0083064775e-01 8.2499556421e-01 5.5607148777e-01
   outer loop
     vertex 1.9395257793e-01 5.2017298680e-02 5.2017298680e-02
     vertex 2.0812886689e-01 5.3052298680e-02 5.3052298680e-02
     vertex 1.9395257793e-01 6.7795770050e-02 2.8608134253e-02
   endloop
 endfacet
 facet normal  -1.0055860513e-01 8.2509476787e-01 5.5597355239e-01
   outer loop
     vertex 2.0812886689e-01 5.3052298680e-02 5.3052298680e-02
     vertex 2.0812886689e-01 6.9146505323e-02 2.9167627122e-02
     vertex 1.9395257793e-01 6.7795770050e-02 2.8608134253e-02
   endloop
 endfacet
 facet normal  -1.0069679716e-01 9.7520106613e-01 1.9708636599e-01
   outer loop
     vertex 1.9395257793e-01 6.7795770050e-02 2.8608134253e-02
     vertex 2.0812886689e-01 6.9146505323e-02 2.9167627122e-02
     vertex 1.9395257793e-01 7.3577422074e-02 0.0000000000e+00
   endloop
 endfacet
 facet normal  -1.0069027471e-01 9.7520234112e-01 1.9708338959e-01
   outer loop
     vertex 2.0812886689e-01 6.9146505323e-02 2.9167627122e-02
     vertex 2.0812886689e-01 7.5041133111e-02 0.0000000000e+00
     vertex 1.9395257793e-01 7.3577422074e-02 0.0000000000e+00
   endloop
 endfacet
 facet normal  3.7024392360e-02 9.7951155300e-01 -1.9795532805e-01
   outer loop
     vertex 2.0812886689e-01 7.5041133111e-02 -2.4980018054e-19
     vertex 2.2103677057e-01 7.4553229432e-02 -2.2204460493e-19
     vertex 2.2103677057e-01 6.8696260232e-02 -2.8981129499e-02
   endloop
 endfacet
 facet normal  3.7026796721e-02 9.7951167322e-01 -1.9795428349e-01
   outer loop
     vertex 2.0812886689e-01 7.5041133111e-02 -2.4980018054e-19
     vertex 2.2103677057e-01 6.8696260232e-02 -2.8981129499e-02
     vertex 2.0812886689e-01 6.9146505323e-02 -2.9167627122e-02
   endloop
 endfacet
 facet normal  3.6975217921e-02 8.2870605148e-01 -5.5846138050e-01
   outer loop
     vertex 2.0812886689e-01 6.9146505323e-02 -2.9167627122e-02
     vertex 2.2103677057e-01 6.8696260232e-02 -2.8981129499e-02
     vertex 2.2103677057e-01 5.2707298680e-02 -5.2707298680e-02
   endloop
 endfacet
 facet normal  3.7075483709e-02 8.2872819863e-01 -5.5842186679e-01
   outer loop
     vertex 2.0812886689e-01 6.9146505323e-02 -2.9167627122e-02
     vertex 2.2103677057e-01 5.2707298680e-02 -5.2707298680e-02
     vertex 2.0812886689e-01 5.3052298680e-02 -5.3052298680e-02
   endloop
 endfacet
 facet normal  3.7075809602e-02 5.5845929768e-01 -8.2870296076e-01
   outer loop
     vertex 2.0812886689e-01 5.3052298680e-02 -5.3052298680e-02
     vertex 2.2103677057e-01 5.2707298680e-02 -5.2707298680e-02
     vertex 2.2103677057e-01 2.8981129499e-02 -6.8696260232e-02
   endloop
 endfacet
 facet normal  3.6975556528e-02 5.5842393571e-01 -8.2873126901e-01
   outer loop
     vertex 2.0812886689e-01 5.3052298680e-02 -5.3052298680e-02
     vertex 2.2103677057e-01 2.8981129499e-02 -6.8696260232e-02
     vertex 2.0812886689e-01 2.9167627122e-02 -6.9146505323e-02
   endloop
 endfacet
 facet normal  3.7026804309e-02 1.9795531035e-01 -9.7951146541e-01
   outer loop
     vertex 2.0812886689e-01 2.9167627122e-02 -6.9146505323e-02
     vertex 2.2103677057e-01 2.8981129499e-02 -6.8696260232e-02
     vertex 2.2103677057e-01 -5.1521177657e-19 -7.4553229432e-02
   endloop
 endfacet
 facet normal  3.7024400193e-02 1.9795430108e-01 -9.7951176025e-01
   outer loop
     vertex 2.0812886689e-01 2.9167627122e-02 -6.9146505323e-02
     vertex 2.2103677057e-01 -5.1521177657e-19 -7.4553229432e-02
     vertex 2.0812886689e-01 -5.7961324864e-19 -7.5041133111e-02
   endloop
 endfacet
 facet normal  3.7024400193e-02 -1.9795430108e-01 -9.7951176025e-01
   outer loop
     vertex 2.0812886689e-01 -5.7961324864e-19 -7.5041133111e-02
     vertex 2.2103677057e-01 -5.1521177657e-19 -7.4553229432e-02
     vertex 2.0812886689e-01 -2.9167627122e-02 -6.9146505323e-02
   endloop
 endfacet
 facet normal  3.7026804309e-02 -1.9795531035e-01 -9.7951146541e-01
   outer loop
     vertex 2.2103677057e-01 -5.1521177657e-19 -7.4553229432e-02
     vertex 2.2103677057e-01 -2.8981129499e-02 -6.8696260232e-02
     vertex 2.0812886689e-01 -2.9167627122e-02 -6.9146505323e-02
   endloop
 endfacet
 facet normal  3.6975556528e-02 -5.5842393571e-01 -8.2873126901e-01
   outer loop
     vertex 2.0812886689e-01 -2.9167627122e-02 -6.9146505323e-02
     vertex 2.2103677057e-01 -2.8981129499e-02 -6.8696260232e-02
     vertex 2.0812886689e-01 -5.3052298680e-02 -5.3052298680e-02
   endloop
 endfacet
 facet normal  3.7075809602e-02 -5.5845929768e-01 -8.2870296076e-01
   outer loop
     vertex 2.2103677057e-01 -2.8981129499e-02 -6.8696260232e-02
     vertex 2.2103677057e-01 -5.2707298680e-02 -5.2707298680e-02
     vertex 2.0812886689e-01 -5.3052298680e-02 -5.3052298680e-02
   endloop
 endfacet
 facet normal  3.7075483709e-02 -8.2872819863e-01 -5.5842186679e-01
   outer loop
     vertex 2.0812886689e-01 -5.3052298680e-02 -5.3052298680e-02
     vertex 2.2103677057e-01 -5.2707298680e-02 -5.2707298680e-02
     vertex 2.0812886689e-01 -6.9146505323e-02 -2.9167627122e-02
   endloop
 endfacet
 facet normal  3.6975217921e-02 -8.2870605148e-01 -5.5846138050e-01
   outer loop
     vertex 2.2103677057e-01 -5.2707298680e-02 -5.2707298680e-02
     vertex 2.2103677057e-01 -6.8696260232e-02 -2.8981129499e-02
     vertex 2.0812886689e-01 -6.9146505323e-02 -2.9167627122e-02
   endloop
 endfacet
 facet normal  3.7026796721e-02 -9.7951167322e-01 -1.9795428349e-01
   outer loop
     vertex 2.0812886689e-01 -6.9146505323e-02 -2.9167627122e-02
     vertex 2.2103677057e-01 -6.8696260232e-02 -2.8981129499e-02
     vertex 2.0812886689e-01 -7.5041133111e-02 -7.5321627579e-19
   endloop
 endfacet
 facet normal  3.7024392360e-02 -9.7951155300e-01 -1.9795532805e-01
   outer loop
     vertex 2.2103677057e-01 -6.8696260232e-02 -2.8981129499e-02
     vertex 2.2103677057e-01 -7.4553229432e-02 -6.6952557848e-19
     vertex 2.0812886689e-01 -7.5041133111e-02 -7.5321627579e-19
   endloop
 endfacet
 facet normal  3.7024392360e-02 -9.7951155300e-01 1.9795532805e-01
   outer loop
     vertex 2.0812886689e-01 -7.5041133111e-02 -7.5321627579e-19
     vertex 2.2103677057e-01 -7.4553229432e-02 -6.6952557848e-19
     vertex 2.2103677057e-01 -6.8696260232e-02 2.8981129499e-02
   endloop
 endfacet
 facet normal  3.7026796721e-02 -9.7951167322e-01 1.9795428349e-01
   outer loop
     vertex 2.0812886689e-01 -7.5041133111e-02 -7.5321627579e-19
     vertex 2.2103677057e-01 -6.8696260232e-02 2.8981129499e-02
     vertex 2.0812886689e-01 -6.9146505323e-02 2.9167627122e-02
   endloop
 endfacet
 facet normal  3.6975217921e-02 -8.2870605148e-01 5.5846138050e-01
   outer loop
     vertex 2.0812886689e-01 -6.9146505323e-02 2.9167627122e-02
     vertex 2.2103677057e-01 -6.8696260232e-02 2.8981129499e-02
     vertex 2.2103677057e-01 -5.2707298680e-02 5.2707298680e-02
   endloop
 endfacet
 facet normal  3.7075483709e-02 -8.2872819863e-01 5.5842186679e-01
   outer loop
     vertex 2.0812886689e-01 -6.9146505323e-02 2.9167627122e-02
     vertex 2.2103677057e-01 -5.2707298680e-02 5.2707298680e-02
     vertex 2.0812886689e-01 -5.3052298680e-02 5.3052298680e-02
   endloop
 endfacet
 facet normal  3.7075809602e-02 -5.5845929768e-01 8.2870296076e-01
   outer loop
     vertex 2.0812886689e-01 -5.3052298680e-02 5.3052298680e-02
     vertex 2.2103677057e-01 -5.2707298680e-02 5.2707298680e-02
     vertex 2.2103677057e-01 -2.8981129499e-02 6.8696260232e-02
   endloop
 endfacet
 facet normal  3.6975556528e-02 -5.5842393571e-01 8.2873126901e-01
   outer loop
     vertex 2.0812886689e-01 -5.3052298680e-02 5.3052298680e-02
     vertex 2.2103677057e-01 -2.8981129499e-02 6.8696260232e-02
     vertex 2.0812886689e-01 -2.9167627122e-02 6.9146505323e-02
   endloop
 endfacet
 facet normal  3.7026804309e-02 -1.9795531035e-01 9.7951146541e-01
   outer loop
     vertex 2.0812886689e-01 -2.9167627122e-02 6.9146505323e-02
     vertex 2.2103677057e-01 -2.8981129499e-02 6.8696260232e-02
     vertex 2.2103677057e-01 -1.7718404039e-18 7.4553229432e-02
   endloop
 endfacet
 facet normal  3.7024400193e-02 -1.9795430108e-01 9.7951176025e-01
   outer loop
     vertex 2.0812886689e-01 -2.9167627122e-02 6.9146505323e-02
     vertex 2.2103677057e-01 -1.7718404039e-18 7.4553229432e-02
     vertex 2.0812886689e-01 -1.9933204543e-18 7.5041133111e-02
   endloop
 endfacet
 facet normal  3.7024400193e-02 1.9795430108e-01 9.7951176025e-01
   outer loop
     vertex 2.0812886689e-01 -1.9933204543e-18 7.5041133111e-02
     vertex 2.2103677057e-01 -1.7718404039e-18 7.4553229432e-02
     vertex 2.0812886689e-01 2.9167627122e-02 6.9146505323e-02
   endloop
 endfacet
 facet normal  3.7026804309e-02 1.9795531035e-01 9.7951146541e-01
   outer loop
     vertex 2.2103677057e-01 -1.7718404039e-18 7.4553229432e-02
     vertex 2.2103677057e-01 2.8981129499e-02 6.8696260232e-02
     vertex 2.0812886689e-01 2.9167627122e-02 6.9146505323e-02
   endloop
 endfacet
 facet normal  3.6975556528e-02 5.5842393571e-01 8.2873126901e-01
   outer loop
     vertex 2.0812886689e-01 2.9167627122e-02 6.9146505323e-02
     vertex 2.2103677057e-01 2.8981129499e-02 6.8696260232e-02
     vertex 2.0812886689e-01 5.3052298680e-02 5.3052298680e-02
   endloop
 endfacet
 facet normal  3.7075809602e-02 5.5845929768e-01 8.2870296076e-01
   outer loop
     vertex 2.2103677057e-01 2.8981129499e-02 6.8696260232e-02
     vertex 2.2103677057e-01 5.2707298680e-02 5.2707298680e-02
     vertex 2.0812886689e-01 5.3052298680e-02 5.3052298680e-02
   endloop
 endfacet
 facet normal  3.7075483709e-02 8.2872819863e-01 5.5842186679e-01
   outer loop
     vertex 2.0812886689e-01 5.3052298680e-02 5.3052298680e-02
     vertex 2.2103677057e-01 5.2707298680e-02 5.2707298680e-02
     vertex 2.0812886689e-01 6.9146505323e-02 2.9167627122e-02
   endloop
 endfacet
 facet normal  3.6975217921e-02 8.2870605148e-01 5.5846138050e-01
   outer loop
     vertex 2.2103677057e-01 5.2707298680e-02 5.2707298680e-02
     vertex 2.2103677057e-01 6.8696260232e-02 2.8981129499e-02
     vertex 2.0812886689e-01 6.9146505323e-02 2.9167627122e-02
   endloop
 endfacet
 facet normal  3.7026796721e-02 9.7951167322e-01 1.9795428349e-01
   outer loop
     vertex 2.0812886689e-01 6.9146505323e-02 2.9167627122e-02
     vertex 2.2103677057e-01 6.8696260232e-02 2.8981129499e-02
     vertex 2.0812886689e-01 7.5041133111e-02 0.0000000000e+00
   endloop
 endfacet
 facet normal  3.7024392360e-02 9.7951155300e-01 1.9795532805e-01
   outer loop
     vertex 2.2103677057e-01 6.8696260232e-02 2.8981129499e-02
     vertex 2.2103677057e-01 7.4553229432e-02 0.0000000000e+00
     vertex 2.0812886689e-01 7.5041133111e-02 0.0000000000e+00
   endloop
 endfacet
 facet normal  3.9257439452e-01 9.0149309141e-01 -1.8219646241e-01
   outer loop
     vertex 2.2103677057e-01 7.4553229432e-02 -2.2204460493e-19
     vertex 2.3000000000e-01 7.0650000000e-02 0.0000000000e+00
     vertex 2.3000000000e-01 6.5094299505e-02 -2.7489148515e-02
   endloop
 endfacet
 facet normal  3.9259665400e-01 9.0148539949e-01 -1.8218655762e-01
   outer loop
     vertex 2.2103677057e-01 7.4553229432e-02 -2.2204460493e-19
     vertex 2.3000000000e-01 6.5094299505e-02 -2.7489148515e-02
     vertex 2.2103677057e-01 6.8696260232e-02 -2.8981129499e-02
   endloop
 endfacet
 facet normal  3.9210729359e-01 7.6266691390e-01 -5.1438414513e-01
   outer loop
     vertex 2.2103677057e-01 6.8696260232e-02 -2.8981129499e-02
     vertex 2.3000000000e-01 6.5094299505e-02 -2.7489148515e-02
     vertex 2.3000000000e-01 4.9947298680e-02 -4.9947298680e-02
   endloop
 endfacet
 facet normal  3.9303664094e-01 7.6253555237e-01 -5.1386937080e-01
   outer loop
     vertex 2.2103677057e-01 6.8696260232e-02 -2.8981129499e-02
     vertex 2.3000000000e-01 4.9947298680e-02 -4.9947298680e-02
     vertex 2.2103677057e-01 5.2707298680e-02 -5.2707298680e-02
   endloop
 endfacet
 facet normal  3.9306149302e-01 5.1415639624e-01 -7.6232923524e-01
   outer loop
     vertex 2.2103677057e-01 5.2707298680e-02 -5.2707298680e-02
     vertex 2.3000000000e-01 4.9947298680e-02 -4.9947298680e-02
     vertex 2.3000000000e-01 2.7489148515e-02 -6.5094299505e-02
   endloop
 endfacet
 facet normal  3.9213320428e-01 5.1408488108e-01 -7.6285535008e-01
   outer loop
     vertex 2.2103677057e-01 5.2707298680e-02 -5.2707298680e-02
     vertex 2.3000000000e-01 2.7489148515e-02 -6.5094299505e-02
     vertex 2.2103677057e-01 2.8981129499e-02 -6.8696260232e-02
   endloop
 endfacet
 facet normal  3.9259723244e-01 1.8219453123e-01 -9.0148353611e-01
   outer loop
     vertex 2.2103677057e-01 2.8981129499e-02 -6.8696260232e-02
     vertex 2.3000000000e-01 2.7489148515e-02 -6.5094299505e-02
     vertex 2.3000000000e-01 0.0000000000e+00 -7.0650000000e-02
   endloop
 endfacet
 facet normal  3.9257499177e-01 1.8218838930e-01 -9.0149446290e-01
   outer loop
     vertex 2.2103677057e-01 2.8981129499e-02 -6.8696260232e-02
     vertex 2.3000000000e-01 0.0000000000e+00 -7.0650000000e-02
     vertex 2.2103677057e-01 -5.1521177657e-19 -7.4553229432e-02
   endloop
 endfacet
 facet normal  3.9257499177e-01 -1.8218838930e-01 -9.0149446290e-01
   outer loop
     vertex 2.2103677057e-01 -5.1521177657e-19 -7.4553229432e-02
     vertex 2.3000000000e-01 0.0000000000e+00 -7.0650000000e-02
     vertex 2.2103677057e-01 -2.8981129499e-02 -6.8696260232e-02
   endloop
 endfacet
 facet normal  3.9259723244e-01 -1.8219453123e-01 -9.0148353611e-01
   outer loop
     vertex 2.3000000000e-01 0.0000000000e+00 -7.0650000000e-02
     vertex 2.3000000000e-01 -2.7489148515e-02 -6.5094299505e-02
     vertex 2.2103677057e-01 -2.8981129499e-02 -6.8696260232e-02
   endloop
 endfacet
 facet normal  3.9213320428e-01 -5.1408488108e-01 -7.6285535008e-01
   outer loop
     vertex 2.2103677057e-01 -2.8981129499e-02 -6.8696260232e-02
     vertex 2.3000000000e-01 -2.7489148515e-02 -6.5094299505e-02
     vertex 2.2103677057e-01 -5.2707298680e-02 -5.2707298680e-02
   endloop
 endfacet
 facet normal  3.9306149302e-01 -5.1415639624e-01 -7.6232923524e-01
   outer loop
     vertex 2.3000000000e-01 -2.7489148515e-02 -6.5094299505e-02
     vertex 2.3000000000e-01 -4.9947298680e-02 -4.9947298680e-02
     vertex 2.2103677057e-01 -5.2707298680e-02 -5.2707298680e-02
   endloop
 endfacet
 facet normal  3.9303664094e-01 -7.6253555237e-01 -5.1386937080e-01
   outer loop
     vertex 2.2103677057e-01 -5.2707298680e-02 -5.2707298680e-02
     vertex 2.3000000000e-01 -4.9947298680e-02 -4.9947298680e-02
     vertex 2.2103677057e-01 -6.8696260232e-02 -2.8981129499e-02
   endloop
 endfacet
 facet normal  3.9210729359e-01 -7.6266691390e-01 -5.1438414513e-01
   outer loop
     vertex 2.3000000000e-01 -4.9947298680e-02 -4.9947298680e-02
     vertex 2.3000000000e-01 -6.5094299505e-02 -2.7489148515e-02
     vertex 2.2103677057e-01 -6.8696260232e-02 -2.8981129499e-02
   endloop
 endfacet
 facet normal  3.9259665400e-01 -9.0148539949e-01 -1.8218655762e-01
   outer loop
     vertex 2.2103677057e-01 -6.8696260232e-02 -2.8981129499e-02
     vertex 2.3000000000e-01 -6.5094299505e-02 -2.7489148515e-02
     vertex 2.2103677057e-01 -7.4553229432e-02 -6.6952557848e-19
   endloop
 endfacet
 facet normal  3.9257439452e-01 -9.0149309141e-01 -1.8219646241e-01
   outer loop
     vertex 2.3000000000e-01 -6.5094299505e-02 -2.7489148515e-02
     vertex 2.3000000000e-01 -7.0650000000e-02 0.0000000000e+00
     vertex 2.2103677057e-01 -7.4553229432e-02 -6.6952557848e-19
   endloop
 endfacet
 facet normal  3.9257439452e-01 -9.0149309141e-01 1.8219646241e-01
   outer loop
     vertex 2.2103677057e-01 -7.4553229432e-02 -6.6952557848e-19
     vertex 2.3000000000e-01 -7.0650000000e-02 0.0000000000e+00
     vertex 2.3000000000e-01 -6.5094299505e-02 2.7489148515e-02
   endloop
 endfacet
 facet normal  3.9259665400e-01 -9.0148539949e-01 1.8218655762e-01
   outer loop
     vertex 2.2103677057e-01 -7.4553229432e-02 -6.6952557848e-19
     vertex 2.3000000000e-01 -6.5094299505e-02 2.7489148515e-02
     vertex 2.2103677057e-01 -6.8696260232e-02 2.8981129499e-02
   endloop
 endfacet
 facet normal  3.9210729359e-01 -7.6266691390e-01 5.1438414513e-01
   outer loop
     vertex 2.2103677057e-01 -6.8696260232e-02 2.8981129499e-02
     vertex 2.3000000000e-01 -6.5094299505e-02 2.7489148515e-02
     vertex 2.3000000000e-01 -4.9947298680e-02 4.9947298680e-02
   endloop
 endfacet
 facet normal  3.9303664094e-01 -7.6253555237e-01 5.1386937080e-01
   outer loop
     vertex 2.2103677057e-01 -6.8696260232e-02 2.8981129499e-02
     vertex 2.3000000000e-01 -4.9947298680e-02 4.9947298680e-02
     vertex 2.2103677057e-01 -5.2707298680e-02 5.2707298680e-02
   endloop
 endfacet
 facet normal  3.9306149302e-01 -5.1415639624e-01 7.6232923524e-01
   outer loop
     vertex 2.2103677057e-01 -5.2707298680e-02 5.2707298680e-02
     vertex 2.3000000000e-01 -4.9947298680e-02 4.9947298680e-02
     vertex 2.3000000000e-01 -2.7489148515e-02 6.5094299505e-02
   endloop
 endfacet
 facet normal  3.9213320428e-01 -5.1408488108e-01 7.6285535008e-01
   outer loop
     vertex 2.2103677057e-01 -5.2707298680e-02 5.2707298680e-02
     vertex 2.3000000000e-01 -2.7489148515e-02 6.5094299505e-02
     vertex 2.2103677057e-01 -2.8981129499e-02 6.8696260232e-02
   endloop
 endfacet
 facet normal  3.9259723244e-01 -1.8219453123e-01 9.0148353611e-01
   outer loop
     vertex 2.2103677057e-01 -2.8981129499e-02 6.8696260232e-02
     vertex 2.3000000000e-01 -2.7489148515e-02 6.5094299505e-02
     vertex 2.3000000000e-01 0.0000000000e+00 7.0650000000e-02
   endloop
 endfacet
 facet normal  3.9257499177e-01 -1.8218838930e-01 9.0149446290e-01
   outer loop
     vertex 2.2103677057e-01 -2.8981129499e-02 6.8696260232e-02
     vertex 2.3000000000e-01 0.0000000000e+00 7.0650000000e-02
     vertex 2.2103677057e-01 -1.7718404039e-18 7.4553229432e-02
   endloop
 endfacet
 facet normal  3.9257499177e-01 1.8218838930e-01 9.0149446290e-01
   outer loop
     vertex 2.2103677057e-01 -1.7718404039e-18 7.4553229432e-02
     vertex 2.3000000000e-01 0.0000000000e+00 7.0650000000e-02
     vertex 2.2103677057e-01 2.8981129499e-02 6.8696260232e-02
   endloop
 endfacet
 facet normal  3.9259723244e-01 1.8219453123e-01 9.0148353611e-01
   outer loop
     vertex 2.3000000000e-01 0.0000000000e+00 7.0650000000e-02
     vertex 2.3000000000e-01 2.7489148515e-02 6.5094299505e-02
     vertex 2.2103677057e-01 2.8981129499e-02 6.8696260232e-02
   endloop
 endfacet
 facet normal  3.9213320428e-01 5.1408488108e-01 7.6285535008e-01
   outer loop
     vertex 2.2103677057e-01 2.8981129499e-02 6.8696260232e-02
     vertex 2.3000000000e-01 2.7489148515e-02 6.5094299505e-02
     vertex 2.2103677057e-01 5.2707298680e-02 5.2707298680e-02
   endloop
 endfacet
 facet normal  3.9306149302e-01 5.1415639624e-01 7.6232923524e-01
   outer loop
     vertex 2.3000000000e-01 2.7489148515e-02 6.5094299505e-02
     vertex 2.3000000000e-01 4.9947298680e-02 4.9947298680e-02
     vertex 2.2103677057e-01 5.2707298680e-02 5.2707298680e-02
   endloop
 endfacet
 facet normal  3.9303664094e-01 7.6253555237e-01 5.1386937080e-01
   outer loop
     vertex 2.2103677057e-01 5.2707298680e-02 5.2707298680e-02
     vertex 2.3000000000e-01 4.9947298680e-02 4.9947298680e-02
     vertex 2.2103677057e-01 6.8696260232e-02 2.8981129499e-02
   endloop
 endfacet
 facet normal  3.9210729359e-01 7.6266691390e-01 5.1438414513e-01
   outer loop
     vertex 2.3000000000e-01 4.9947298680e-02 4.9947298680e-02
     vertex 2.3000000000e-01 6.5094299505e-02 2.7489148515e-02
     vertex 2.2103677057e-01 6.8696260232e-02 2.8981129499e-02
   endloop
 endfacet
 facet normal  3.9259665400e-01 9.0148539949e-01 1.8218655762e-01
   outer loop
     vertex 2.2103677057e-01 6.8696260232e-02 2.8981129499e-02
     vertex 2.3000000000e-01 6.5094299505e-02 2.7489148515e-02
     vertex 2.2103677057e-01 7.4553229432e-02 0.0000000000e+00
   endloop
 endfacet
 facet normal  3.9257439452e-01 9.0149309141e-01 1.8219646241e-01
   outer loop
     vertex 2.3000000000e-01 6.5094299505e-02 2.7489148515e-02
     vertex 2.3000000000e-01 7.0650000000e-02 0.0000000000e+00
     vertex 2.2103677057e-01 7.4553229432e-02 0.0000000000e+00
   endloop
 endfacet
endsolid
