solid
 facet normal  -4.2954598253e-01 8.8514829814e-01 -1.7889309432e-01
   outer loop
     vertex 0.0000000000e+00 7.0000000000e-02 0.0000000000e+00
     vertex 8.7426406871e-03 7.4242640687e-02 -2.2204460493e-19
     vertex 0.0000000000e+00 6.4495413522e-02 -2.7236240567e-02
   endloop
 endfacet
 facet normal  -4.2956940721e-01 8.8513911409e-01 -1.7888228840e-01
   outer loop
     vertex 8.7426406871e-03 7.4242640687e-02 -2.2204460493e-19
     vertex 8.7426406871e-03 6.8410588225e-02 -2.8857959028e-02
     vertex 0.0000000000e+00 6.4495413522e-02 -2.7236240567e-02
   endloop
 endfacet
 facet normal  -4.2905322469e-01 7.4887114982e-01 -5.0507952973e-01
   outer loop
     vertex 0.0000000000e+00 6.4495413522e-02 -2.7236240567e-02
     vertex 8.7426406871e-03 6.8410588225e-02 -2.8857959028e-02
     vertex 0.0000000000e+00 4.9487769393e-02 -4.9487769393e-02
   endloop
 endfacet
 facet normal  -4.3003115818e-01 7.4869714548e-01 -5.0450548793e-01
   outer loop
     vertex 8.7426406871e-03 6.8410588225e-02 -2.8857959028e-02
     vertex 8.7426406871e-03 5.2487769393e-02 -5.2487769393e-02
     vertex 0.0000000000e+00 4.9487769393e-02 -4.9487769393e-02
   endloop
 endfacet
 facet normal  -4.3005976904e-01 5.0481180773e-01 -7.4847420385e-01
   outer loop
     vertex 0.0000000000e+00 4.9487769393e-02 -4.9487769393e-02
     vertex 8.7426406871e-03 5.2487769393e-02 -5.2487769393e-02
     vertex 0.0000000000e+00 2.7236240567e-02 -6.4495413522e-02
   endloop
 endfacet
 facet normal  -4.2908305650e-01 5.0475750888e-01 -7.4907115007e-01
   outer loop
     vertex 8.7426406871e-03 5.2487769393e-02 -5.2487769393e-02
     vertex 8.7426406871e-03 2.8857959028e-02 -6.8410588225e-02
     vertex 0.0000000000e+00 2.7236240567e-02 -6.4495413522e-02
   endloop
 endfacet
 facet normal  -4.2957007327e-01 1.7889082419e-01 -8.8513706575e-01
   outer loop
     vertex 0.0000000000e+00 2.7236240567e-02 -6.4495413522e-02
     vertex 8.7426406871e-03 2.8857959028e-02 -6.8410588225e-02
     vertex 0.0000000000e+00 0.0000000000e+00 -7.0000000000e-02
   endloop
 endfacet
 facet normal  -4.2954667024e-01 1.7888443085e-01 -8.8514971529e-01
   outer loop
     vertex 8.7426406871e-03 2.8857959028e-02 -6.8410588225e-02
     vertex 8.7426406871e-03 -1.6123111457e-18 -7.4242640687e-02
     vertex 0.0000000000e+00 0.0000000000e+00 -7.0000000000e-02
   endloop
 endfacet
 facet normal  -4.2954667024e-01 -1.7888443085e-01 -8.8514971529e-01
   outer loop
     vertex 0.0000000000e+00 0.0000000000e+00 -7.0000000000e-02
     vertex 8.7426406871e-03 -1.6123111457e-18 -7.4242640687e-02
     vertex 8.7426406871e-03 -2.8857959028e-02 -6.8410588225e-02
   endloop
 endfacet
 facet normal  -4.2957007327e-01 -1.7889082419e-01 -8.8513706575e-01
   outer loop
     vertex 0.0000000000e+00 0.0000000000e+00 -7.0000000000e-02
     vertex 8.7426406871e-03 -2.8857959028e-02 -6.8410588225e-02
     vertex 0.0000000000e+00 -2.7236240567e-02 -6.4495413522e-02
   endloop
 endfacet
 facet normal  -4.2908305650e-01 -5.0475750888e-01 -7.4907115007e-01
   outer loop
     vertex 0.0000000000e+00 -2.7236240567e-02 -6.4495413522e-02
     vertex 8.7426406871e-03 -2.8857959028e-02 -6.8410588225e-02
     vertex 8.7426406871e-03 -5.2487769393e-02 -5.2487769393e-02
   endloop
 endfacet
 facet normal  -4.3005976904e-01 -5.0481180773e-01 -7.4847420385e-01
   outer loop
     vertex 0.0000000000e+00 -2.7236240567e-02 -6.4495413522e-02
     vertex 8.7426406871e-03 -5.2487769393e-02 -5.2487769393e-02
     vertex 0.0000000000e+00 -4.9487769393e-02 -4.9487769393e-02
   endloop
 endfacet
 facet normal  -4.3003115818e-01 -7.4869714548e-01 -5.0450548793e-01
   outer loop
     vertex 0.0000000000e+00 -4.9487769393e-02 -4.9487769393e-02
     vertex 8.7426406871e-03 -5.2487769393e-02 -5.2487769393e-02
     vertex 8.7426406871e-03 -6.8410588225e-02 -2.8857959028e-02
   endloop
 endfacet
 facet normal  -4.2905322469e-01 -7.4887114982e-01 -5.0507952973e-01
   outer loop
     vertex 0.0000000000e+00 -4.9487769393e-02 -4.9487769393e-02
     vertex 8.7426406871e-03 -6.8410588225e-02 -2.8857959028e-02
     vertex 0.0000000000e+00 -6.4495413522e-02 -2.7236240567e-02
   endloop
 endfacet
 facet normal  -4.2956940721e-01 -8.8513911409e-01 -1.7888228840e-01
   outer loop
     vertex 0.0000000000e+00 -6.4495413522e-02 -2.7236240567e-02
     vertex 8.7426406871e-03 -6.8410588225e-02 -2.8857959028e-02
     vertex 8.7426406871e-03 -7.4242640687e-02 6.7753738426e-20
   endloop
 endfacet
 facet normal  -4.2954598253e-01 -8.8514829814e-01 -1.7889309432e-01
   outer loop
     vertex 0.0000000000e+00 -6.4495413522e-02 -2.7236240567e-02
     vertex 8.7426406871e-03 -7.4242640687e-02 6.7753738426e-20
     vertex 0.0000000000e+00 -7.0000000000e-02 -3.2098832406e-35
   endloop
 endfacet
 facet normal  -4.2954598253e-01 -8.8514829814e-01 1.7889309432e-01
   outer loop
     vertex 0.0000000000e+00 -7.0000000000e-02 -3.2098832406e-35
     vertex 8.7426406871e-03 -7.4242640687e-02 6.7753738426e-20
     vertex -8.6736173799e-19 -6.4495413522e-02 2.7236240567e-02
   endloop
 endfacet
 facet normal  -4.2956940721e-01 -8.8513911409e-01 1.7888228840e-01
   outer loop
     vertex 8.7426406871e-03 -7.4242640687e-02 6.7753738426e-20
     vertex 8.7426406871e-03 -6.8410588225e-02 2.8857959028e-02
     vertex -8.6736173799e-19 -6.4495413522e-02 2.7236240567e-02
   endloop
 endfacet
 facet normal  -4.2905322469e-01 -7.4887114982e-01 5.0507952973e-01
   outer loop
     vertex -8.6736173799e-19 -6.4495413522e-02 2.7236240567e-02
     vertex 8.7426406871e-03 -6.8410588225e-02 2.8857959028e-02
     vertex 0.0000000000e+00 -4.9487769393e-02 4.9487769393e-02
   endloop
 endfacet
 facet normal  -4.3003115818e-01 -7.4869714548e-01 5.0450548793e-01
   outer loop
     vertex 8.7426406871e-03 -6.8410588225e-02 2.8857959028e-02
     vertex 8.7426406871e-03 -5.2487769393e-02 5.2487769393e-02
     vertex 0.0000000000e+00 -4.9487769393e-02 4.9487769393e-02
   endloop
 endfacet
 facet normal  -4.3005976904e-01 -5.0481180773e-01 7.4847420385e-01
   outer loop
     vertex 0.0000000000e+00 -4.9487769393e-02 4.9487769393e-02
     vertex 8.7426406871e-03 -5.2487769393e-02 5.2487769393e-02
     vertex -8.6736173799e-19 -2.7236240567e-02 6.4495413522e-02
   endloop
 endfacet
 facet normal  -4.2908305650e-01 -5.0475750888e-01 7.4907115007e-01
   outer loop
     vertex 8.7426406871e-03 -5.2487769393e-02 5.2487769393e-02
     vertex 8.7426406871e-03 -2.8857959028e-02 6.8410588225e-02
     vertex -8.6736173799e-19 -2.7236240567e-02 6.4495413522e-02
   endloop
 endfacet
 facet normal  -4.2957007327e-01 -1.7889082419e-01 8.8513706575e-01
   outer loop
     vertex -8.6736173799e-19 -2.7236240567e-02 6.4495413522e-02
     vertex 8.7426406871e-03 -2.8857959028e-02 6.8410588225e-02
     vertex 0.0000000000e+00 0.0000000000e+00 7.0000000000e-02
   endloop
 endfacet
 facet normal  -4.2954667024e-01 -1.7888443085e-01 8.8514971529e-01
   outer loop
     vertex 8.7426406871e-03 -2.8857959028e-02 6.8410588225e-02
     vertex 8.7426406871e-03 -2.2287785666e-18 7.4242640687e-02
     vertex 0.0000000000e+00 0.0000000000e+00 7.0000000000e-02
   endloop
 endfacet
 facet normal  -4.2954667024e-01 1.7888443085e-01 8.8514971529e-01
   outer loop
     vertex 0.0000000000e+00 0.0000000000e+00 7.0000000000e-02
     vertex 8.7426406871e-03 -2.2287785666e-18 7.4242640687e-02
     vertex 8.7426406871e-03 2.8857959028e-02 6.8410588225e-02
   endloop
 endfacet
 facet normal  -4.2957007327e-01 1.7889082419e-01 8.8513706575e-01
   outer loop
     vertex 0.0000000000e+00 0.0000000000e+00 7.0000000000e-02
     vertex 8.7426406871e-03 2.8857959028e-02 6.8410588225e-02
     vertex 0.0000000000e+00 2.7236240567e-02 6.4495413522e-02
   endloop
 endfacet
 facet normal  -4.2908305650e-01 5.0475750888e-01 7.4907115007e-01
   outer loop
     vertex 0.0000000000e+00 2.7236240567e-02 6.4495413522e-02
     vertex 8.7426406871e-03 2.8857959028e-02 6.8410588225e-02
     vertex 8.7426406871e-03 5.2487769393e-02 5.2487769393e-02
   endloop
 endfacet
 facet normal  -4.3005976904e-01 5.0481180773e-01 7.4847420385e-01
   outer loop
     vertex 0.0000000000e+00 2.7236240567e-02 6.4495413522e-02
     vertex 8.7426406871e-03 5.2487769393e-02 5.2487769393e-02
     vertex 0.0000000000e+00 4.9487769393e-02 4.9487769393e-02
   endloop
 endfacet
 facet normal  -4.3003115818e-01 7.4869714548e-01 5.0450548793e-01
   outer loop
     vertex 0.0000000000e+00 4.9487769393e-02 4.9487769393e-02
     vertex 8.7426406871e-03 5.2487769393e-02 5.2487769393e-02
     vertex 8.7426406871e-03 6.8410588225e-02 2.8857959028e-02
   endloop
 endfacet
 facet normal  -4.2905322469e-01 7.4887114982e-01 5.0507952973e-01
   outer loop
     vertex 0.0000000000e+00 4.9487769393e-02 4.9487769393e-02
     vertex 8.7426406871e-03 6.8410588225e-02 2.8857959028e-02
     vertex 0.0000000000e+00 6.4495413522e-02 2.7236240567e-02
   endloop
 endfacet
 facet normal  -4.2956940721e-01 8.8513911409e-01 1.7888228840e-01
   outer loop
     vertex 0.0000000000e+00 6.4495413522e-02 2.7236240567e-02
     vertex 8.7426406871e-03 6.8410588225e-02 2.8857959028e-02
     vertex 8.7426406871e-03 7.4242640687e-02 0.0000000000e+00
   endloop
 endfacet
 facet normal  -4.2954598253e-01 8.8514829814e-01 1.7889309432e-01
   outer loop
     vertex 0.0000000000e+00 6.4495413522e-02 2.7236240567e-02
     vertex 8.7426406871e-03 7.4242640687e-02 0.0000000000e+00
     vertex 0.0000000000e+00 7.0000000000e-02 0.0000000000e+00
   endloop
 endfacet
 facet normal  -4.3168919999e-02 9.7927002607e-01 -1.9790568560e-01
   outer loop
     vertex 8.7426406871e-03 7.4242640687e-02 -2.2204460493e-19
     vertex 2.0772970773e-02 7.4772970773e-02 -2.4980018054e-19
     vertex 8.7426406871e-03 6.8410588225e-02 -2.8857959028e-02
   endloop
 endfacet
 facet normal  -4.3171707272e-02 9.7927013324e-01 -1.9790454726e-01
   outer loop
     vertex 2.0772970773e-02 7.4772970773e-02 -2.4980018054e-19
     vertex 2.0772970773e-02 6.8899985063e-02 -2.9060673836e-02
     vertex 8.7426406871e-03 6.8410588225e-02 -2.8857959028e-02
   endloop
 endfacet
 facet normal  -4.3111912603e-02 8.2852171659e-01 -5.5829483979e-01
   outer loop
     vertex 8.7426406871e-03 6.8410588225e-02 -2.8857959028e-02
     vertex 2.0772970773e-02 6.8899985063e-02 -2.9060673836e-02
     vertex 8.7426406871e-03 5.2487769393e-02 -5.2487769393e-02
   endloop
 endfacet
 facet normal  -4.3228126135e-02 8.2854491999e-01 -5.5825141708e-01
   outer loop
     vertex 2.0772970773e-02 6.8899985063e-02 -2.9060673836e-02
     vertex 2.0772970773e-02 5.2862769393e-02 -5.2862769393e-02
     vertex 8.7426406871e-03 5.2487769393e-02 -5.2487769393e-02
   endloop
 endfacet
 facet normal  -4.3228538343e-02 5.5829202367e-01 -8.2851753740e-01
   outer loop
     vertex 8.7426406871e-03 5.2487769393e-02 -5.2487769393e-02
     vertex 2.0772970773e-02 5.2862769393e-02 -5.2862769393e-02
     vertex 8.7426406871e-03 2.8857959028e-02 -6.8410588225e-02
   endloop
 endfacet
 facet normal  -4.3112340735e-02 5.5825421271e-01 -8.2854906920e-01
   outer loop
     vertex 2.0772970773e-02 5.2862769393e-02 -5.2862769393e-02
     vertex 2.0772970773e-02 2.9060673836e-02 -6.8899985063e-02
     vertex 8.7426406871e-03 2.8857959028e-02 -6.8410588225e-02
   endloop
 endfacet
 facet normal  -4.3171716871e-02 1.9790566166e-01 -9.7926990761e-01
   outer loop
     vertex 8.7426406871e-03 2.8857959028e-02 -6.8410588225e-02
     vertex 2.0772970773e-02 2.9060673836e-02 -6.8899985063e-02
     vertex 8.7426406871e-03 -1.6123111457e-18 -7.4242640687e-02
   endloop
 endfacet
 facet normal  -4.3168929909e-02 1.9790457104e-01 -9.7927025088e-01
   outer loop
     vertex 2.0772970773e-02 2.9060673836e-02 -6.8899985063e-02
     vertex 2.0772970773e-02 -1.8138500389e-18 -7.4772970773e-02
     vertex 8.7426406871e-03 -1.6123111457e-18 -7.4242640687e-02
   endloop
 endfacet
 facet normal  -4.3168929909e-02 -1.9790457104e-01 -9.7927025088e-01
   outer loop
     vertex 8.7426406871e-03 -1.6123111457e-18 -7.4242640687e-02
     vertex 2.0772970773e-02 -1.8138500389e-18 -7.4772970773e-02
     vertex 2.0772970773e-02 -2.9060673836e-02 -6.8899985063e-02
   endloop
 endfacet
 facet normal  -4.3171716871e-02 -1.9790566166e-01 -9.7926990761e-01
   outer loop
     vertex 8.7426406871e-03 -1.6123111457e-18 -7.4242640687e-02
     vertex 2.0772970773e-02 -2.9060673836e-02 -6.8899985063e-02
     vertex 8.7426406871e-03 -2.8857959028e-02 -6.8410588225e-02
   endloop
 endfacet
 facet normal  -4.3112340735e-02 -5.5825421271e-01 -8.2854906920e-01
   outer loop
     vertex 8.7426406871e-03 -2.8857959028e-02 -6.8410588225e-02
     vertex 2.0772970773e-02 -2.9060673836e-02 -6.8899985063e-02
     vertex 2.0772970773e-02 -5.2862769393e-02 -5.2862769393e-02
   endloop
 endfacet
 facet normal  -4.3228538343e-02 -5.5829202367e-01 -8.2851753740e-01
   outer loop
     vertex 8.7426406871e-03 -2.8857959028e-02 -6.8410588225e-02
     vertex 2.0772970773e-02 -5.2862769393e-02 -5.2862769393e-02
     vertex 8.7426406871e-03 -5.2487769393e-02 -5.2487769393e-02
   endloop
 endfacet
 facet normal  -4.3228126135e-02 -8.2854491999e-01 -5.5825141708e-01
   outer loop
     vertex 8.7426406871e-03 -5.2487769393e-02 -5.2487769393e-02
     vertex 2.0772970773e-02 -5.2862769393e-02 -5.2862769393e-02
     vertex 2.0772970773e-02 -6.8899985063e-02 -2.9060673836e-02
   endloop
 endfacet
 facet normal  -4.3111912603e-02 -8.2852171659e-01 -5.5829483979e-01
   outer loop
     vertex 8.7426406871e-03 -5.2487769393e-02 -5.2487769393e-02
     vertex 2.0772970773e-02 -6.8899985063e-02 -2.9060673836e-02
     vertex 8.7426406871e-03 -6.8410588225e-02 -2.8857959028e-02
   endloop
 endfacet
 facet normal  -4.3171707272e-02 -9.7927013324e-01 -1.9790454726e-01
   outer loop
     vertex 8.7426406871e-03 -6.8410588225e-02 -2.8857959028e-02
     vertex 2.0772970773e-02 -6.8899985063e-02 -2.9060673836e-02
     vertex 2.0772970773e-02 -7.4772970773e-02 7.6222955730e-20
   endloop
 endfacet
 facet normal  -4.3168919999e-02 -9.7927002607e-01 -1.9790568560e-01
   outer loop
     vertex 8.7426406871e-03 -6.8410588225e-02 -2.8857959028e-02
     vertex 2.0772970773e-02 -7.4772970773e-02 7.6222955730e-20
     vertex 8.7426406871e-03 -7.4242640687e-02 6.7753738426e-20
   endloop
 endfacet
 facet normal  -4.3168919999e-02 -9.7927002607e-01 1.9790568560e-01
   outer loop
     vertex 8.7426406871e-03 -7.4242640687e-02 6.7753738426e-20
     vertex 2.0772970773e-02 -7.4772970773e-02 7.6222955730e-20
     vertex 8.7426406871e-03 -6.8410588225e-02 2.8857959028e-02
   endloop
 endfacet
 facet normal  -4.3171707272e-02 -9.7927013324e-01 1.9790454726e-01
   outer loop
     vertex 2.0772970773e-02 -7.4772970773e-02 7.6222955730e-20
     vertex 2.0772970773e-02 -6.8899985063e-02 2.9060673836e-02
     vertex 8.7426406871e-03 -6.8410588225e-02 2.8857959028e-02
   endloop
 endfacet
 facet normal  -4.3111912603e-02 -8.2852171659e-01 5.5829483979e-01
   outer loop
     vertex 8.7426406871e-03 -6.8410588225e-02 2.8857959028e-02
     vertex 2.0772970773e-02 -6.8899985063e-02 2.9060673836e-02
     vertex 8.7426406871e-03 -5.2487769393e-02 5.2487769393e-02
   endloop
 endfacet
 facet normal  -4.3228126135e-02 -8.2854491999e-01 5.5825141708e-01
   outer loop
     vertex 2.0772970773e-02 -6.8899985063e-02 2.9060673836e-02
     vertex 2.0772970773e-02 -5.2862769393e-02 5.2862769393e-02
     vertex 8.7426406871e-03 -5.2487769393e-02 5.2487769393e-02
   endloop
 endfacet
 facet normal  -4.3228538343e-02 -5.5829202367e-01 8.2851753740e-01
   outer loop
     vertex 8.7426406871e-03 -5.2487769393e-02 5.2487769393e-02
     vertex 2.0772970773e-02 -5.2862769393e-02 5.2862769393e-02
     vertex 8.7426406871e-03 -2.8857959028e-02 6.8410588225e-02
   endloop
 endfacet
 facet normal  -4.3112340735e-02 -5.5825421271e-01 8.2854906920e-01
   outer loop
     vertex 2.0772970773e-02 -5.2862769393e-02 5.2862769393e-02
     vertex 2.0772970773e-02 -2.9060673836e-02 6.8899985063e-02
     vertex 8.7426406871e-03 -2.8857959028e-02 6.8410588225e-02
   endloop
 endfacet
 facet normal  -4.3171716871e-02 -1.9790566166e-01 9.7926990761e-01
   outer loop
     vertex 8.7426406871e-03 -2.8857959028e-02 6.8410588225e-02
     vertex 2.0772970773e-02 -2.9060673836e-02 6.8899985063e-02
     vertex 8.7426406871e-03 -2.2287785666e-18 7.4242640687e-02
   endloop
 endfacet
 facet normal  -4.3168929909e-02 -1.9790457104e-01 9.7927025088e-01
   outer loop
     vertex 2.0772970773e-02 -2.9060673836e-02 6.8899985063e-02
     vertex 2.0772970773e-02 -2.5073758874e-18 7.4772970773e-02
     vertex 8.7426406871e-03 -2.2287785666e-18 7.4242640687e-02
   endloop
 endfacet
 facet normal  -4.3168929909e-02 1.9790457104e-01 9.7927025088e-01
   outer loop
     vertex 8.7426406871e-03 -2.2287785666e-18 7.4242640687e-02
     vertex 2.0772970773e-02 -2.5073758874e-18 7.4772970773e-02
     vertex 2.0772970773e-02 2.9060673836e-02 6.8899985063e-02
   endloop
 endfacet
 facet normal  -4.3171716871e-02 1.9790566166e-01 9.7926990761e-01
   outer loop
     vertex 8.7426406871e-03 -2.2287785666e-18 7.4242640687e-02
     vertex 2.0772970773e-02 2.9060673836e-02 6.8899985063e-02
     vertex 8.7426406871e-03 2.8857959028e-02 6.8410588225e-02
   endloop
 endfacet
 facet normal  -4.3112340735e-02 5.5825421271e-01 8.2854906920e-01
   outer loop
     vertex 8.7426406871e-03 2.8857959028e-02 6.8410588225e-02
     vertex 2.0772970773e-02 2.9060673836e-02 6.8899985063e-02
     vertex 2.0772970773e-02 5.2862769393e-02 5.2862769393e-02
   endloop
 endfacet
 facet normal  -4.3228538343e-02 5.5829202367e-01 8.2851753740e-01
   outer loop
     vertex 8.7426406871e-03 2.8857959028e-02 6.8410588225e-02
     vertex 2.0772970773e-02 5.2862769393e-02 5.2862769393e-02
     vertex 8.7426406871e-03 5.2487769393e-02 5.2487769393e-02
   endloop
 endfacet
 facet normal  -4.3228126135e-02 8.2854491999e-01 5.5825141708e-01
   outer loop
     vertex 8.7426406871e-03 5.2487769393e-02 5.2487769393e-02
     vertex 2.0772970773e-02 5.2862769393e-02 5.2862769393e-02
     vertex 2.0772970773e-02 6.8899985063e-02 2.9060673836e-02
   endloop
 endfacet
 facet normal  -4.3111912603e-02 8.2852171659e-01 5.5829483979e-01
   outer loop
     vertex 8.7426406871e-03 5.2487769393e-02 5.2487769393e-02
     vertex 2.0772970773e-02 6.8899985063e-02 2.9060673836e-02
     vertex 8.7426406871e-03 6.8410588225e-02 2.8857959028e-02
   endloop
 endfacet
 facet normal  -4.3171707272e-02 9.7927013324e-01 1.9790454726e-01
   outer loop
     vertex 8.7426406871e-03 6.8410588225e-02 2.8857959028e-02
     vertex 2.0772970773e-02 6.8899985063e-02 2.9060673836e-02
     vertex 2.0772970773e-02 7.4772970773e-02 0.0000000000e+00
   endloop
 endfacet
 facet normal  -4.3168919999e-02 9.7927002607e-01 1.9790568560e-01
   outer loop
     vertex 8.7426406871e-03 6.8410588225e-02 2.8857959028e-02
     vertex 2.0772970773e-02 7.4772970773e-02 0.0000000000e+00
     vertex 8.7426406871e-03 7.4242640687e-02 0.0000000000e+00
   endloop
 endfacet
 facet normal  1.1142079322e-01 9.7408069653e-01 -1.9685579362e-01
   outer loop
     vertex 2.0772970773e-02 7.4772970773e-02 -2.4980018054e-19
     vertex 3.4681980515e-02 7.3181980515e-02 -1.6653345369e-19
     vertex 2.0772970773e-02 6.8899985063e-02 -2.9060673836e-02
   endloop
 endfacet
 facet normal  1.1142796051e-01 9.7407922716e-01 -1.9685900752e-01
   outer loop
     vertex 3.4681980515e-02 7.3181980515e-02 -1.6653345369e-19
     vertex 3.4681980515e-02 6.7431794550e-02 -2.8452529413e-02
     vertex 2.0772970773e-02 6.8899985063e-02 -2.9060673836e-02
   endloop
 endfacet
 facet normal  1.1127627517e-01 8.2416966122e-01 -5.5530348469e-01
   outer loop
     vertex 2.0772970773e-02 6.8899985063e-02 -2.9060673836e-02
     vertex 3.4681980515e-02 6.7431794550e-02 -2.8452529413e-02
     vertex 2.0772970773e-02 5.2862769393e-02 -5.2862769393e-02
   endloop
 endfacet
 facet normal  1.1157516635e-01 8.2405899220e-01 -5.5540774178e-01
   outer loop
     vertex 3.4681980515e-02 6.7431794550e-02 -2.8452529413e-02
     vertex 3.4681980515e-02 5.1737769393e-02 -5.1737769393e-02
     vertex 2.0772970773e-02 5.2862769393e-02 -5.2862769393e-02
   endloop
 endfacet
 facet normal  1.1157196276e-01 5.5528495956e-01 -8.2414216662e-01
   outer loop
     vertex 2.0772970773e-02 5.2862769393e-02 -5.2862769393e-02
     vertex 3.4681980515e-02 5.1737769393e-02 -5.1737769393e-02
     vertex 2.0772970773e-02 2.9060673836e-02 -6.8899985063e-02
   endloop
 endfacet
 facet normal  1.1127294586e-01 5.5542668038e-01 -8.2408709142e-01
   outer loop
     vertex 3.4681980515e-02 5.1737769393e-02 -5.1737769393e-02
     vertex 3.4681980515e-02 2.8452529413e-02 -6.7431794550e-02
     vertex 2.0772970773e-02 2.9060673836e-02 -6.8899985063e-02
   endloop
 endfacet
 facet normal  1.1142788592e-01 1.9685563609e-01 -9.7407991704e-01
   outer loop
     vertex 2.0772970773e-02 2.9060673836e-02 -6.8899985063e-02
     vertex 3.4681980515e-02 2.8452529413e-02 -6.7431794550e-02
     vertex 2.0772970773e-02 -1.8138500389e-18 -7.4772970773e-02
   endloop
 endfacet
 facet normal  1.1142071621e-01 1.9685916842e-01 -9.7408002331e-01
   outer loop
     vertex 3.4681980515e-02 2.8452529413e-02 -6.7431794550e-02
     vertex 3.4681980515e-02 -1.2092333593e-18 -7.3181980515e-02
     vertex 2.0772970773e-02 -1.8138500389e-18 -7.4772970773e-02
   endloop
 endfacet
 facet normal  1.1142071621e-01 -1.9685916842e-01 -9.7408002331e-01
   outer loop
     vertex 2.0772970773e-02 -1.8138500389e-18 -7.4772970773e-02
     vertex 3.4681980515e-02 -1.2092333593e-18 -7.3181980515e-02
     vertex 3.4681980515e-02 -2.8452529413e-02 -6.7431794550e-02
   endloop
 endfacet
 facet normal  1.1142788592e-01 -1.9685563609e-01 -9.7407991704e-01
   outer loop
     vertex 2.0772970773e-02 -1.8138500389e-18 -7.4772970773e-02
     vertex 3.4681980515e-02 -2.8452529413e-02 -6.7431794550e-02
     vertex 2.0772970773e-02 -2.9060673836e-02 -6.8899985063e-02
   endloop
 endfacet
 facet normal  1.1127294586e-01 -5.5542668038e-01 -8.2408709142e-01
   outer loop
     vertex 2.0772970773e-02 -2.9060673836e-02 -6.8899985063e-02
     vertex 3.4681980515e-02 -2.8452529413e-02 -6.7431794550e-02
     vertex 3.4681980515e-02 -5.1737769393e-02 -5.1737769393e-02
   endloop
 endfacet
 facet normal  1.1157196276e-01 -5.5528495956e-01 -8.2414216662e-01
   outer loop
     vertex 2.0772970773e-02 -2.9060673836e-02 -6.8899985063e-02
     vertex 3.4681980515e-02 -5.1737769393e-02 -5.1737769393e-02
     vertex 2.0772970773e-02 -5.2862769393e-02 -5.2862769393e-02
   endloop
 endfacet
 facet normal  1.1157516635e-01 -8.2405899220e-01 -5.5540774178e-01
   outer loop
     vertex 2.0772970773e-02 -5.2862769393e-02 -5.2862769393e-02
     vertex 3.4681980515e-02 -5.1737769393e-02 -5.1737769393e-02
     vertex 3.4681980515e-02 -6.7431794550e-02 -2.8452529413e-02
   endloop
 endfacet
 facet normal  1.1127627517e-01 -8.2416966122e-01 -5.5530348469e-01
   outer loop
     vertex 2.0772970773e-02 -5.2862769393e-02 -5.2862769393e-02
     vertex 3.4681980515e-02 -6.7431794550e-02 -2.8452529413e-02
     vertex 2.0772970773e-02 -6.8899985063e-02 -2.9060673836e-02
   endloop
 endfacet
 facet normal  1.1142796051e-01 -9.7407922716e-01 -1.9685900752e-01
   outer loop
     vertex 2.0772970773e-02 -6.8899985063e-02 -2.9060673836e-02
     vertex 3.4681980515e-02 -6.7431794550e-02 -2.8452529413e-02
     vertex 3.4681980515e-02 -7.3181980515e-02 5.0815303820e-20
   endloop
 endfacet
 facet normal  1.1142079322e-01 -9.7408069653e-01 -1.9685579362e-01
   outer loop
     vertex 2.0772970773e-02 -6.8899985063e-02 -2.9060673836e-02
     vertex 3.4681980515e-02 -7.3181980515e-02 5.0815303820e-20
     vertex 2.0772970773e-02 -7.4772970773e-02 7.6222955730e-20
   endloop
 endfacet
 facet normal  1.1142079322e-01 -9.7408069653e-01 1.9685579362e-01
   outer loop
     vertex 2.0772970773e-02 -7.4772970773e-02 7.6222955730e-20
     vertex 3.4681980515e-02 -7.3181980515e-02 5.0815303820e-20
     vertex 2.0772970773e-02 -6.8899985063e-02 2.9060673836e-02
   endloop
 endfacet
 facet normal  1.1142796051e-01 -9.7407922716e-01 1.9685900752e-01
   outer loop
     vertex 3.4681980515e-02 -7.3181980515e-02 5.0815303820e-20
     vertex 3.4681980515e-02 -6.7431794550e-02 2.8452529413e-02
     vertex 2.0772970773e-02 -6.8899985063e-02 2.9060673836e-02
   endloop
 endfacet
 facet normal  1.1127627517e-01 -8.2416966122e-01 5.5530348469e-01
   outer loop
     vertex 2.0772970773e-02 -6.8899985063e-02 2.9060673836e-02
     vertex 3.4681980515e-02 -6.7431794550e-02 2.8452529413e-02
     vertex 2.0772970773e-02 -5.2862769393e-02 5.2862769393e-02
   endloop
 endfacet
 facet normal  1.1157516635e-01 -8.2405899220e-01 5.5540774178e-01
   outer loop
     vertex 3.4681980515e-02 -6.7431794550e-02 2.8452529413e-02
     vertex 3.4681980515e-02 -5.1737769393e-02 5.1737769393e-02
     vertex 2.0772970773e-02 -5.2862769393e-02 5.2862769393e-02
   endloop
 endfacet
 facet normal  1.1157196276e-01 -5.5528495956e-01 8.2414216662e-01
   outer loop
     vertex 2.0772970773e-02 -5.2862769393e-02 5.2862769393e-02
     vertex 3.4681980515e-02 -5.1737769393e-02 5.1737769393e-02
     vertex 2.0772970773e-02 -2.9060673836e-02 6.8899985063e-02
   endloop
 endfacet
 facet normal  1.1127294586e-01 -5.5542668038e-01 8.2408709142e-01
   outer loop
     vertex 3.4681980515e-02 -5.1737769393e-02 5.1737769393e-02
     vertex 3.4681980515e-02 -2.8452529413e-02 6.7431794550e-02
     vertex 2.0772970773e-02 -2.9060673836e-02 6.8899985063e-02
   endloop
 endfacet
 facet normal  1.1142788592e-01 -1.9685563609e-01 9.7407991704e-01
   outer loop
     vertex 2.0772970773e-02 -2.9060673836e-02 6.8899985063e-02
     vertex 3.4681980515e-02 -2.8452529413e-02 6.7431794550e-02
     vertex 2.0772970773e-02 -2.5073758874e-18 7.4772970773e-02
   endloop
 endfacet
 facet normal  1.1142071621e-01 -1.9685916842e-01 9.7408002331e-01
   outer loop
     vertex 3.4681980515e-02 -2.8452529413e-02 6.7431794550e-02
     vertex 3.4681980515e-02 -1.6715839250e-18 7.3181980515e-02
     vertex 2.0772970773e-02 -2.5073758874e-18 7.4772970773e-02
   endloop
 endfacet
 facet normal  1.1142071621e-01 1.9685916842e-01 9.7408002331e-01
   outer loop
     vertex 2.0772970773e-02 -2.5073758874e-18 7.4772970773e-02
     vertex 3.4681980515e-02 -1.6715839250e-18 7.3181980515e-02
     vertex 3.4681980515e-02 2.8452529413e-02 6.7431794550e-02
   endloop
 endfacet
 facet normal  1.1142788592e-01 1.9685563609e-01 9.7407991704e-01
   outer loop
     vertex 2.0772970773e-02 -2.5073758874e-18 7.4772970773e-02
     vertex 3.4681980515e-02 2.8452529413e-02 6.7431794550e-02
     vertex 2.0772970773e-02 2.9060673836e-02 6.8899985063e-02
   endloop
 endfacet
 facet normal  1.1127294586e-01 5.5542668038e-01 8.2408709142e-01
   outer loop
     vertex 2.0772970773e-02 2.9060673836e-02 6.8899985063e-02
     vertex 3.4681980515e-02 2.8452529413e-02 6.7431794550e-02
     vertex 3.4681980515e-02 5.1737769393e-02 5.1737769393e-02
   endloop
 endfacet
 facet normal  1.1157196276e-01 5.5528495956e-01 8.2414216662e-01
   outer loop
     vertex 2.0772970773e-02 2.9060673836e-02 6.8899985063e-02
     vertex 3.4681980515e-02 5.1737769393e-02 5.1737769393e-02
     vertex 2.0772970773e-02 5.2862769393e-02 5.2862769393e-02
   endloop
 endfacet
 facet normal  1.1157516635e-01 8.2405899220e-01 5.5540774178e-01
   outer loop
     vertex 2.0772970773e-02 5.2862769393e-02 5.2862769393e-02
     vertex 3.4681980515e-02 5.1737769393e-02 5.1737769393e-02
     vertex 3.4681980515e-02 6.7431794550e-02 2.8452529413e-02
   endloop
 endfacet
 facet normal  1.1127627517e-01 8.2416966122e-01 5.5530348469e-01
   outer loop
     vertex 2.0772970773e-02 5.2862769393e-02 5.2862769393e-02
     vertex 3.4681980515e-02 6.7431794550e-02 2.8452529413e-02
     vertex 2.0772970773e-02 6.8899985063e-02 2.9060673836e-02
   endloop
 endfacet
 facet normal  1.1142796051e-01 9.7407922716e-01 1.9685900752e-01
   outer loop
     vertex 2.0772970773e-02 6.8899985063e-02 2.9060673836e-02
     vertex 3.4681980515e-02 6.7431794550e-02 2.8452529413e-02
     vertex 3.4681980515e-02 7.3181980515e-02 0.0000000000e+00
   endloop
 endfacet
 facet normal  1.1142079322e-01 9.7408069653e-01 1.9685579362e-01
   outer loop
     vertex 2.0772970773e-02 6.8899985063e-02 2.9060673836e-02
     vertex 3.4681980515e-02 7.3181980515e-02 0.0000000000e+00
     vertex 2.0772970773e-02 7.4772970773e-02 0.0000000000e+00
   endloop
 endfacet
 facet normal  1.4312004423e-01 9.7009264758e-01 -1.9605332962e-01
   outer loop
     vertex 3.4681980515e-02 7.3181980515e-02 -1.6653345369e-19
     vertex 4.9060660172e-02 7.1060660172e-02 -5.5511151231e-20
     vertex 3.4681980515e-02 6.7431794550e-02 -2.8452529413e-02
   endloop
 endfacet
 facet normal  1.4312940671e-01 9.7009036878e-01 -1.9605777038e-01
   outer loop
     vertex 4.9060660172e-02 7.1060660172e-02 -5.5511151231e-20
     vertex 4.9060660172e-02 6.5474207198e-02 -2.7641670182e-02
     vertex 3.4681980515e-02 6.7431794550e-02 -2.8452529413e-02
   endloop
 endfacet
 facet normal  1.4293178077e-01 8.2072259574e-01 -5.5315904303e-01
   outer loop
     vertex 3.4681980515e-02 6.7431794550e-02 -2.8452529413e-02
     vertex 4.9060660172e-02 6.5474207198e-02 -2.7641670182e-02
     vertex 3.4681980515e-02 5.1737769393e-02 -5.1737769393e-02
   endloop
 endfacet
 facet normal  1.4332253681e-01 8.2055981178e-01 -5.5329941779e-01
   outer loop
     vertex 4.9060660172e-02 6.5474207198e-02 -2.7641670182e-02
     vertex 4.9060660172e-02 5.0237769393e-02 -5.0237769393e-02
     vertex 3.4681980515e-02 5.1737769393e-02 -5.1737769393e-02
   endloop
 endfacet
 facet normal  1.4331681138e-01 5.5312792335e-01 -8.2067642344e-01
   outer loop
     vertex 3.4681980515e-02 5.1737769393e-02 -5.1737769393e-02
     vertex 4.9060660172e-02 5.0237769393e-02 -5.0237769393e-02
     vertex 3.4681980515e-02 2.8452529413e-02 -6.7431794550e-02
   endloop
 endfacet
 facet normal  1.4292581948e-01 5.5333149198e-01 -8.2060737878e-01
   outer loop
     vertex 4.9060660172e-02 5.0237769393e-02 -5.0237769393e-02
     vertex 4.9060660172e-02 2.7641670182e-02 -6.5474207198e-02
     vertex 3.4681980515e-02 2.8452529413e-02 -6.7431794550e-02
   endloop
 endfacet
 facet normal  1.4312927351e-01 1.9605306523e-01 -9.7009133935e-01
   outer loop
     vertex 3.4681980515e-02 2.8452529413e-02 -6.7431794550e-02
     vertex 4.9060660172e-02 2.7641670182e-02 -6.5474207198e-02
     vertex 3.4681980515e-02 -1.2092333593e-18 -7.3181980515e-02
   endloop
 endfacet
 facet normal  1.4311990671e-01 1.9605804253e-01 -9.7009171539e-01
   outer loop
     vertex 4.9060660172e-02 2.7641670182e-02 -6.5474207198e-02
     vertex 4.9060660172e-02 -4.0307778642e-19 -7.1060660172e-02
     vertex 3.4681980515e-02 -1.2092333593e-18 -7.3181980515e-02
   endloop
 endfacet
 facet normal  1.4311990671e-01 -1.9605804253e-01 -9.7009171539e-01
   outer loop
     vertex 3.4681980515e-02 -1.2092333593e-18 -7.3181980515e-02
     vertex 4.9060660172e-02 -4.0307778642e-19 -7.1060660172e-02
     vertex 4.9060660172e-02 -2.7641670182e-02 -6.5474207198e-02
   endloop
 endfacet
 facet normal  1.4312927351e-01 -1.9605306523e-01 -9.7009133935e-01
   outer loop
     vertex 3.4681980515e-02 -1.2092333593e-18 -7.3181980515e-02
     vertex 4.9060660172e-02 -2.7641670182e-02 -6.5474207198e-02
     vertex 3.4681980515e-02 -2.8452529413e-02 -6.7431794550e-02
   endloop
 endfacet
 facet normal  1.4292581948e-01 -5.5333149198e-01 -8.2060737878e-01
   outer loop
     vertex 3.4681980515e-02 -2.8452529413e-02 -6.7431794550e-02
     vertex 4.9060660172e-02 -2.7641670182e-02 -6.5474207198e-02
     vertex 4.9060660172e-02 -5.0237769393e-02 -5.0237769393e-02
   endloop
 endfacet
 facet normal  1.4331681138e-01 -5.5312792335e-01 -8.2067642344e-01
   outer loop
     vertex 3.4681980515e-02 -2.8452529413e-02 -6.7431794550e-02
     vertex 4.9060660172e-02 -5.0237769393e-02 -5.0237769393e-02
     vertex 3.4681980515e-02 -5.1737769393e-02 -5.1737769393e-02
   endloop
 endfacet
 facet normal  1.4332253681e-01 -8.2055981178e-01 -5.5329941779e-01
   outer loop
     vertex 3.4681980515e-02 -5.1737769393e-02 -5.1737769393e-02
     vertex 4.9060660172e-02 -5.0237769393e-02 -5.0237769393e-02
     vertex 4.9060660172e-02 -6.5474207198e-02 -2.7641670182e-02
   endloop
 endfacet
 facet normal  1.4293178077e-01 -8.2072259574e-01 -5.5315904303e-01
   outer loop
     vertex 3.4681980515e-02 -5.1737769393e-02 -5.1737769393e-02
     vertex 4.9060660172e-02 -6.5474207198e-02 -2.7641670182e-02
     vertex 3.4681980515e-02 -6.7431794550e-02 -2.8452529413e-02
   endloop
 endfacet
 facet normal  1.4312940671e-01 -9.7009036878e-01 -1.9605777038e-01
   outer loop
     vertex 3.4681980515e-02 -6.7431794550e-02 -2.8452529413e-02
     vertex 4.9060660172e-02 -6.5474207198e-02 -2.7641670182e-02
     vertex 4.9060660172e-02 -7.1060660172e-02 1.6938434607e-20
   endloop
 endfacet
 facet normal  1.4312004423e-01 -9.7009264758e-01 -1.9605332962e-01
   outer loop
     vertex 3.4681980515e-02 -6.7431794550e-02 -2.8452529413e-02
     vertex 4.9060660172e-02 -7.1060660172e-02 1.6938434607e-20
     vertex 3.4681980515e-02 -7.3181980515e-02 5.0815303820e-20
   endloop
 endfacet
 facet normal  1.4312004423e-01 -9.7009264758e-01 1.9605332962e-01
   outer loop
     vertex 3.4681980515e-02 -7.3181980515e-02 5.0815303820e-20
     vertex 4.9060660172e-02 -7.1060660172e-02 1.6938434607e-20
     vertex 3.4681980515e-02 -6.7431794550e-02 2.8452529413e-02
   endloop
 endfacet
 facet normal  1.4312940671e-01 -9.7009036878e-01 1.9605777038e-01
   outer loop
     vertex 4.9060660172e-02 -7.1060660172e-02 1.6938434607e-20
     vertex 4.9060660172e-02 -6.5474207198e-02 2.7641670182e-02
     vertex 3.4681980515e-02 -6.7431794550e-02 2.8452529413e-02
   endloop
 endfacet
 facet normal  1.4293178077e-01 -8.2072259574e-01 5.5315904303e-01
   outer loop
     vertex 3.4681980515e-02 -6.7431794550e-02 2.8452529413e-02
     vertex 4.9060660172e-02 -6.5474207198e-02 2.7641670182e-02
     vertex 3.4681980515e-02 -5.1737769393e-02 5.1737769393e-02
   endloop
 endfacet
 facet normal  1.4332253681e-01 -8.2055981178e-01 5.5329941779e-01
   outer loop
     vertex 4.9060660172e-02 -6.5474207198e-02 2.7641670182e-02
     vertex 4.9060660172e-02 -5.0237769393e-02 5.0237769393e-02
     vertex 3.4681980515e-02 -5.1737769393e-02 5.1737769393e-02
   endloop
 endfacet
 facet normal  1.4331681138e-01 -5.5312792335e-01 8.2067642344e-01
   outer loop
     vertex 3.4681980515e-02 -5.1737769393e-02 5.1737769393e-02
     vertex 4.9060660172e-02 -5.0237769393e-02 5.0237769393e-02
     vertex 3.4681980515e-02 -2.8452529413e-02 6.7431794550e-02
   endloop
 endfacet
 facet normal  1.4292581948e-01 -5.5333149198e-01 8.2060737878e-01
   outer loop
     vertex 4.9060660172e-02 -5.0237769393e-02 5.0237769393e-02
     vertex 4.9060660172e-02 -2.7641670182e-02 6.5474207198e-02
     vertex 3.4681980515e-02 -2.8452529413e-02 6.7431794550e-02
   endloop
 endfacet
 facet normal  1.4312927351e-01 -1.9605306523e-01 9.7009133935e-01
   outer loop
     vertex 3.4681980515e-02 -2.8452529413e-02 6.7431794550e-02
     vertex 4.9060660172e-02 -2.7641670182e-02 6.5474207198e-02
     vertex 3.4681980515e-02 -1.6715839250e-18 7.3181980515e-02
   endloop
 endfacet
 facet normal  1.4311990671e-01 -1.9605804253e-01 9.7009171539e-01
   outer loop
     vertex 4.9060660172e-02 -2.7641670182e-02 6.5474207198e-02
     vertex 4.9060660172e-02 -5.5719464166e-19 7.1060660172e-02
     vertex 3.4681980515e-02 -1.6715839250e-18 7.3181980515e-02
   endloop
 endfacet
 facet normal  1.4311990671e-01 1.9605804253e-01 9.7009171539e-01
   outer loop
     vertex 3.4681980515e-02 -1.6715839250e-18 7.3181980515e-02
     vertex 4.9060660172e-02 -5.5719464166e-19 7.1060660172e-02
     vertex 4.9060660172e-02 2.7641670182e-02 6.5474207198e-02
   endloop
 endfacet
 facet normal  1.4312927351e-01 1.9605306523e-01 9.7009133935e-01
   outer loop
     vertex 3.4681980515e-02 -1.6715839250e-18 7.3181980515e-02
     vertex 4.9060660172e-02 2.7641670182e-02 6.5474207198e-02
     vertex 3.4681980515e-02 2.8452529413e-02 6.7431794550e-02
   endloop
 endfacet
 facet normal  1.4292581948e-01 5.5333149198e-01 8.2060737878e-01
   outer loop
     vertex 3.4681980515e-02 2.8452529413e-02 6.7431794550e-02
     vertex 4.9060660172e-02 2.7641670182e-02 6.5474207198e-02
     vertex 4.9060660172e-02 5.0237769393e-02 5.0237769393e-02
   endloop
 endfacet
 facet normal  1.4331681138e-01 5.5312792335e-01 8.2067642344e-01
   outer loop
     vertex 3.4681980515e-02 2.8452529413e-02 6.7431794550e-02
     vertex 4.9060660172e-02 5.0237769393e-02 5.0237769393e-02
     vertex 3.4681980515e-02 5.1737769393e-02 5.1737769393e-02
   endloop
 endfacet
 facet normal  1.4332253681e-01 8.2055981178e-01 5.5329941779e-01
   outer loop
     vertex 3.4681980515e-02 5.1737769393e-02 5.1737769393e-02
     vertex 4.9060660172e-02 5.0237769393e-02 5.0237769393e-02
     vertex 4.9060660172e-02 6.5474207198e-02 2.7641670182e-02
   endloop
 endfacet
 facet normal  1.4293178077e-01 8.2072259574e-01 5.5315904303e-01
   outer loop
     vertex 3.4681980515e-02 5.1737769393e-02 5.1737769393e-02
     vertex 4.9060660172e-02 6.5474207198e-02 2.7641670182e-02
     vertex 3.4681980515e-02 6.7431794550e-02 2.8452529413e-02
   endloop
 endfacet
 facet normal  1.4312940671e-01 9.7009036878e-01 1.9605777038e-01
   outer loop
     vertex 3.4681980515e-02 6.7431794550e-02 2.8452529413e-02
     vertex 4.9060660172e-02 6.5474207198e-02 2.7641670182e-02
     vertex 4.9060660172e-02 7.1060660172e-02 0.0000000000e+00
   endloop
 endfacet
 facet normal  1.4312004423e-01 9.7009264758e-01 1.9605332962e-01
   outer loop
     vertex 3.4681980515e-02 6.7431794550e-02 2.8452529413e-02
     vertex 4.9060660172e-02 7.1060660172e-02 0.0000000000e+00
     vertex 3.4681980515e-02 7.3181980515e-02 0.0000000000e+00
   endloop
 endfacet
 facet normal  7.7127562775e-02 9.7726260855e-01 -1.9750729857e-01
   outer loop
     vertex 4.9060660172e-02 7.1060660172e-02 -5.5511151231e-20
     vertex 6.2500000000e-02 7.0000000000e-02 0.0000000000e+00
     vertex 4.9060660172e-02 6.5474207198e-02 -2.7641670182e-02
   endloop
 endfacet
 facet normal  7.7132796369e-02 9.7726171093e-01 -1.9750969617e-01
   outer loop
     vertex 6.2500000000e-02 7.0000000000e-02 0.0000000000e+00
     vertex 6.2500000000e-02 6.4495413522e-02 -2.7236240567e-02
     vertex 4.9060660172e-02 6.5474207198e-02 -2.7641670182e-02
   endloop
 endfacet
 facet normal  7.7021420016e-02 8.2665666430e-01 -5.5741049526e-01
   outer loop
     vertex 4.9060660172e-02 6.5474207198e-02 -2.7641670182e-02
     vertex 6.2500000000e-02 6.4495413522e-02 -2.7236240567e-02
     vertex 4.9060660172e-02 5.0237769393e-02 -5.0237769393e-02
   endloop
 endfacet
 facet normal  7.7240021073e-02 8.2658153719e-01 -5.5749165152e-01
   outer loop
     vertex 6.2500000000e-02 6.4495413522e-02 -2.7236240567e-02
     vertex 6.2500000000e-02 4.9487769393e-02 -4.9487769393e-02
     vertex 4.9060660172e-02 5.0237769393e-02 -5.0237769393e-02
   endloop
 endfacet
 facet normal  7.7238384321e-02 5.5740111156e-01 -8.2664274800e-01
   outer loop
     vertex 4.9060660172e-02 5.0237769393e-02 -5.0237769393e-02
     vertex 6.2500000000e-02 4.9487769393e-02 -4.9487769393e-02
     vertex 4.9060660172e-02 2.7641670182e-02 -6.5474207198e-02
   endloop
 endfacet
 facet normal  7.7019713307e-02 5.5750118137e-01 -8.2659566690e-01
   outer loop
     vertex 6.2500000000e-02 4.9487769393e-02 -4.9487769393e-02
     vertex 6.2500000000e-02 2.7236240567e-02 -6.4495413522e-02
     vertex 4.9060660172e-02 2.7641670182e-02 -6.5474207198e-02
   endloop
 endfacet
 facet normal  7.7132758320e-02 1.9750721895e-01 -9.7726221459e-01
   outer loop
     vertex 4.9060660172e-02 2.7641670182e-02 -6.5474207198e-02
     vertex 6.2500000000e-02 2.7236240567e-02 -6.4495413522e-02
     vertex 4.9060660172e-02 -4.0307778642e-19 -7.1060660172e-02
   endloop
 endfacet
 facet normal  7.7127523488e-02 1.9750977697e-01 -9.7726211076e-01
   outer loop
     vertex 6.2500000000e-02 2.7236240567e-02 -6.4495413522e-02
     vertex 6.2500000000e-02 0.0000000000e+00 -7.0000000000e-02
     vertex 4.9060660172e-02 -4.0307778642e-19 -7.1060660172e-02
   endloop
 endfacet
 facet normal  7.7127523488e-02 -1.9750977697e-01 -9.7726211076e-01
   outer loop
     vertex 4.9060660172e-02 -4.0307778642e-19 -7.1060660172e-02
     vertex 6.2500000000e-02 0.0000000000e+00 -7.0000000000e-02
     vertex 6.2500000000e-02 -2.7236240567e-02 -6.4495413522e-02
   endloop
 endfacet
 facet normal  7.7132758320e-02 -1.9750721895e-01 -9.7726221459e-01
   outer loop
     vertex 4.9060660172e-02 -4.0307778642e-19 -7.1060660172e-02
     vertex 6.2500000000e-02 -2.7236240567e-02 -6.4495413522e-02
     vertex 4.9060660172e-02 -2.7641670182e-02 -6.5474207198e-02
   endloop
 endfacet
 facet normal  7.7019713307e-02 -5.5750118137e-01 -8.2659566690e-01
   outer loop
     vertex 4.9060660172e-02 -2.7641670182e-02 -6.5474207198e-02
     vertex 6.2500000000e-02 -2.7236240567e-02 -6.4495413522e-02
     vertex 6.2500000000e-02 -4.9487769393e-02 -4.9487769393e-02
   endloop
 endfacet
 facet normal  7.7238384321e-02 -5.5740111156e-01 -8.2664274800e-01
   outer loop
     vertex 4.9060660172e-02 -2.7641670182e-02 -6.5474207198e-02
     vertex 6.2500000000e-02 -4.9487769393e-02 -4.9487769393e-02
     vertex 4.9060660172e-02 -5.0237769393e-02 -5.0237769393e-02
   endloop
 endfacet
 facet normal  7.7240021073e-02 -8.2658153719e-01 -5.5749165152e-01
   outer loop
     vertex 4.9060660172e-02 -5.0237769393e-02 -5.0237769393e-02
     vertex 6.2500000000e-02 -4.9487769393e-02 -4.9487769393e-02
     vertex 6.2500000000e-02 -6.4495413522e-02 -2.7236240567e-02
   endloop
 endfacet
 facet normal  7.7021420016e-02 -8.2665666430e-01 -5.5741049526e-01
   outer loop
     vertex 4.9060660172e-02 -5.0237769393e-02 -5.0237769393e-02
     vertex 6.2500000000e-02 -6.4495413522e-02 -2.7236240567e-02
     vertex 4.9060660172e-02 -6.5474207198e-02 -2.7641670182e-02
   endloop
 endfacet
 facet normal  7.7132796369e-02 -9.7726171093e-01 -1.9750969617e-01
   outer loop
     vertex 4.9060660172e-02 -6.5474207198e-02 -2.7641670182e-02
     vertex 6.2500000000e-02 -6.4495413522e-02 -2.7236240567e-02
     vertex 6.2500000000e-02 -7.0000000000e-02 0.0000000000e+00
   endloop
 endfacet
 facet normal  7.7127562775e-02 -9.7726260855e-01 -1.9750729857e-01
   outer loop
     vertex 4.9060660172e-02 -6.5474207198e-02 -2.7641670182e-02
     vertex 6.2500000000e-02 -7.0000000000e-02 0.0000000000e+00
     vertex 4.9060660172e-02 -7.1060660172e-02 1.6938434607e-20
   endloop
 endfacet
 facet normal  7.7127562775e-02 -9.7726260855e-01 1.9750729857e-01
   outer loop
     vertex 4.9060660172e-02 -7.1060660172e-02 1.6938434607e-20
     vertex 6.2500000000e-02 -7.0000000000e-02 0.0000000000e+00
     vertex 4.9060660172e-02 -6.5474207198e-02 2.7641670182e-02
   endloop
 endfacet
 facet normal  7.7132796369e-02 -9.7726171093e-01 1.9750969617e-01
   outer loop
     vertex 6.2500000000e-02 -7.0000000000e-02 0.0000000000e+00
     vertex 6.2500000000e-02 -6.4495413522e-02 2.7236240567e-02
     vertex 4.9060660172e-02 -6.5474207198e-02 2.7641670182e-02
   endloop
 endfacet
 facet normal  7.7021420016e-02 -8.2665666430e-01 5.5741049526e-01
   outer loop
     vertex 4.9060660172e-02 -6.5474207198e-02 2.7641670182e-02
     vertex 6.2500000000e-02 -6.4495413522e-02 2.7236240567e-02
     vertex 4.9060660172e-02 -5.0237769393e-02 5.0237769393e-02
   endloop
 endfacet
 facet normal  7.7240021073e-02 -8.2658153719e-01 5.5749165152e-01
   outer loop
     vertex 6.2500000000e-02 -6.4495413522e-02 2.7236240567e-02
     vertex 6.2500000000e-02 -4.9487769393e-02 4.9487769393e-02
     vertex 4.9060660172e-02 -5.0237769393e-02 5.0237769393e-02
   endloop
 endfacet
 facet normal  7.7238384321e-02 -5.5740111156e-01 8.2664274800e-01
   outer loop
     vertex 4.9060660172e-02 -5.0237769393e-02 5.0237769393e-02
     vertex 6.2500000000e-02 -4.9487769393e-02 4.9487769393e-02
     vertex 4.9060660172e-02 -2.7641670182e-02 6.5474207198e-02
   endloop
 endfacet
 facet normal  7.7019713307e-02 -5.5750118137e-01 8.2659566690e-01
   outer loop
     vertex 6.2500000000e-02 -4.9487769393e-02 4.9487769393e-02
     vertex 6.2500000000e-02 -2.7236240567e-02 6.4495413522e-02
     vertex 4.9060660172e-02 -2.7641670182e-02 6.5474207198e-02
   endloop
 endfacet
 facet normal  7.7132758320e-02 -1.9750721895e-01 9.7726221459e-01
   outer loop
     vertex 4.9060660172e-02 -2.7641670182e-02 6.5474207198e-02
     vertex 6.2500000000e-02 -2.7236240567e-02 6.4495413522e-02
     vertex 4.9060660172e-02 -5.5719464166e-19 7.1060660172e-02
   endloop
 endfacet
 facet normal  7.7127523488e-02 -1.9750977697e-01 9.7726211076e-01
   outer loop
     vertex 6.2500000000e-02 -2.7236240567e-02 6.4495413522e-02
     vertex 6.2500000000e-02 0.0000000000e+00 7.0000000000e-02
     vertex 4.9060660172e-02 -5.5719464166e-19 7.1060660172e-02
   endloop
 endfacet
 facet normal  7.7127523488e-02 1.9750977697e-01 9.7726211076e-01
   outer loop
     vertex 4.9060660172e-02 -5.5719464166e-19 7.1060660172e-02
     vertex 6.2500000000e-02 0.0000000000e+00 7.0000000000e-02
     vertex 6.2500000000e-02 2.7236240567e-02 6.4495413522e-02
   endloop
 endfacet
 facet normal  7.7132758320e-02 1.9750721895e-01 9.7726221459e-01
   outer loop
     vertex 4.9060660172e-02 -5.5719464166e-19 7.1060660172e-02
     vertex 6.2500000000e-02 2.7236240567e-02 6.4495413522e-02
     vertex 4.9060660172e-02 2.7641670182e-02 6.5474207198e-02
   endloop
 endfacet
 facet normal  7.7019713307e-02 5.5750118137e-01 8.2659566690e-01
   outer loop
     vertex 4.9060660172e-02 2.7641670182e-02 6.5474207198e-02
     vertex 6.2500000000e-02 2.7236240567e-02 6.4495413522e-02
     vertex 6.2500000000e-02 4.9487769393e-02 4.9487769393e-02
   endloop
 endfacet
 facet normal  7.7238384321e-02 5.5740111156e-01 8.2664274800e-01
   outer loop
     vertex 4.9060660172e-02 2.7641670182e-02 6.5474207198e-02
     vertex 6.2500000000e-02 4.9487769393e-02 4.9487769393e-02
     vertex 4.9060660172e-02 5.0237769393e-02 5.0237769393e-02
   endloop
 endfacet
 facet normal  7.7240021073e-02 8.2658153719e-01 5.5749165152e-01
   outer loop
     vertex 4.9060660172e-02 5.0237769393e-02 5.0237769393e-02
     vertex 6.2500000000e-02 4.9487769393e-02 4.9487769393e-02
     vertex 6.2500000000e-02 6.4495413522e-02 2.7236240567e-02
   endloop
 endfacet
 facet normal  7.7021420016e-02 8.2665666430e-01 5.5741049526e-01
   outer loop
     vertex 4.9060660172e-02 5.0237769393e-02 5.0237769393e-02
     vertex 6.2500000000e-02 6.4495413522e-02 2.7236240567e-02
     vertex 4.9060660172e-02 6.5474207198e-02 2.7641670182e-02
   endloop
 endfacet
 facet normal  7.7132796369e-02 9.7726171093e-01 1.9750969617e-01
   outer loop
     vertex 4.9060660172e-02 6.5474207198e-02 2.7641670182e-02
     vertex 6.2500000000e-02 6.4495413522e-02 2.7236240567e-02
     vertex 6.2500000000e-02 7.0000000000e-02 0.0000000000e+00
   endloop
 endfacet
 facet normal  7.7127562775e-02 9.7726260855e-01 1.9750729857e-01
   outer loop
     vertex 4.9060660172e-02 6.5474207198e-02 2.7641670182e-02
     vertex 6.2500000000e-02 7.0000000000e-02 0.0000000000e+00
     vertex 4.9060660172e-02 7.1060660172e-02 0.0000000000e+00
   endloop
 endfacet
 facet normal  0.0000000000e+00 9.8018184110e-01 -1.9809986972e-01
   outer loop
     vertex 6.2500000000e-02 7.0000000000e-02 0.0000000000e+00
     vertex 7.5000000000e-02 7.0000000000e-02 0.0000000000e+00
     vertex 6.2500000000e-02 6.4495413522e-02 -2.7236240567e-02
   endloop
 endfacet
 facet normal  0.0000000000e+00 9.8018184110e-01 -1.9809986972e-01
   outer loop
     vertex 7.5000000000e-02 7.0000000000e-02 0.0000000000e+00
     vertex 7.5000000000e-02 6.4495413522e-02 -2.7236240567e-02
     vertex 6.2500000000e-02 6.4495413522e-02 -2.7236240567e-02
   endloop
 endfacet
 facet normal  0.0000000000e+00 8.2905832649e-01 -5.5916213326e-01
   outer loop
     vertex 6.2500000000e-02 6.4495413522e-02 -2.7236240567e-02
     vertex 7.5000000000e-02 6.4495413522e-02 -2.7236240567e-02
     vertex 6.2500000000e-02 4.9487769393e-02 -4.9487769393e-02
   endloop
 endfacet
 facet normal  0.0000000000e+00 8.2905832649e-01 -5.5916213326e-01
   outer loop
     vertex 7.5000000000e-02 6.4495413522e-02 -2.7236240567e-02
     vertex 7.5000000000e-02 4.9487769393e-02 -4.9487769393e-02
     vertex 6.2500000000e-02 4.9487769393e-02 -4.9487769393e-02
   endloop
 endfacet
 facet normal  0.0000000000e+00 5.5916213326e-01 -8.2905832649e-01
   outer loop
     vertex 6.2500000000e-02 4.9487769393e-02 -4.9487769393e-02
     vertex 7.5000000000e-02 4.9487769393e-02 -4.9487769393e-02
     vertex 6.2500000000e-02 2.7236240567e-02 -6.4495413522e-02
   endloop
 endfacet
 facet normal  0.0000000000e+00 5.5916213326e-01 -8.2905832649e-01
   outer loop
     vertex 7.5000000000e-02 4.9487769393e-02 -4.9487769393e-02
     vertex 7.5000000000e-02 2.7236240567e-02 -6.4495413522e-02
     vertex 6.2500000000e-02 2.7236240567e-02 -6.4495413522e-02
   endloop
 endfacet
 facet normal  0.0000000000e+00 1.9809986972e-01 -9.8018184110e-01
   outer loop
     vertex 6.2500000000e-02 2.7236240567e-02 -6.4495413522e-02
     vertex 7.5000000000e-02 2.7236240567e-02 -6.4495413522e-02
     vertex 6.2500000000e-02 0.0000000000e+00 -7.0000000000e-02
   endloop
 endfacet
 facet normal  0.0000000000e+00 1.9809986972e-01 -9.8018184110e-01
   outer loop
     vertex 7.5000000000e-02 2.7236240567e-02 -6.4495413522e-02
     vertex 7.5000000000e-02 0.0000000000e+00 -7.0000000000e-02
     vertex 6.2500000000e-02 0.0000000000e+00 -7.0000000000e-02
   endloop
 endfacet
 facet normal  -0.0000000000e+00 -1.9809986972e-01 -9.8018184110e-01
   outer loop
     vertex 6.2500000000e-02 0.0000000000e+00 -7.0000000000e-02
     vertex 7.5000000000e-02 0.0000000000e+00 -7.0000000000e-02
     vertex 7.5000000000e-02 -2.7236240567e-02 -6.4495413522e-02
   endloop
 endfacet
 facet normal  -0.0000000000e+00 -1.9809986972e-01 -9.8018184110e-01
   outer loop
     vertex 6.2500000000e-02 0.0000000000e+00 -7.0000000000e-02
     vertex 7.5000000000e-02 -2.7236240567e-02 -6.4495413522e-02
     vertex 6.2500000000e-02 -2.7236240567e-02 -6.4495413522e-02
   endloop
 endfacet
 facet normal  -0.0000000000e+00 -5.5916213326e-01 -8.2905832649e-01
   outer loop
     vertex 6.2500000000e-02 -2.7236240567e-02 -6.4495413522e-02
     vertex 7.5000000000e-02 -2.7236240567e-02 -6.4495413522e-02
     vertex 7.5000000000e-02 -4.9487769393e-02 -4.9487769393e-02
   endloop
 endfacet
 facet normal  -0.0000000000e+00 -5.5916213326e-01 -8.2905832649e-01
   outer loop
     vertex 6.2500000000e-02 -2.7236240567e-02 -6.4495413522e-02
     vertex 7.5000000000e-02 -4.9487769393e-02 -4.9487769393e-02
     vertex 6.2500000000e-02 -4.9487769393e-02 -4.9487769393e-02
   endloop
 endfacet
 facet normal  -0.0000000000e+00 -8.2905832649e-01 -5.5916213326e-01
   outer loop
     vertex 6.2500000000e-02 -4.9487769393e-02 -4.9487769393e-02
     vertex 7.5000000000e-02 -4.9487769393e-02 -4.9487769393e-02
     vertex 7.5000000000e-02 -6.4495413522e-02 -2.7236240567e-02
   endloop
 endfacet
 facet normal  -0.0000000000e+00 -8.2905832649e-01 -5.5916213326e-01
   outer loop
     vertex 6.2500000000e-02 -4.9487769393e-02 -4.9487769393e-02
     vertex 7.5000000000e-02 -6.4495413522e-02 -2.7236240567e-02
     vertex 6.2500000000e-02 -6.4495413522e-02 -2.7236240567e-02
   endloop
 endfacet
 facet normal  -0.0000000000e+00 -9.8018184110e-01 -1.9809986972e-01
   outer loop
     vertex 6.2500000000e-02 -6.4495413522e-02 -2.7236240567e-02
     vertex 7.5000000000e-02 -6.4495413522e-02 -2.7236240567e-02
     vertex 7.5000000000e-02 -7.0000000000e-02 0.0000000000e+00
   endloop
 endfacet
 facet normal  -0.0000000000e+00 -9.8018184110e-01 -1.9809986972e-01
   outer loop
     vertex 6.2500000000e-02 -6.4495413522e-02 -2.7236240567e-02
     vertex 7.5000000000e-02 -7.0000000000e-02 0.0000000000e+00
     vertex 6.2500000000e-02 -7.0000000000e-02 0.0000000000e+00
   endloop
 endfacet
 facet normal  0.0000000000e+00 -9.8018184110e-01 1.9809986972e-01
   outer loop
     vertex 6.2500000000e-02 -7.0000000000e-02 0.0000000000e+00
     vertex 7.5000000000e-02 -7.0000000000e-02 0.0000000000e+00
     vertex 6.2500000000e-02 -6.4495413522e-02 2.7236240567e-02
   endloop
 endfacet
 facet normal  0.0000000000e+00 -9.8018184110e-01 1.9809986972e-01
   outer loop
     vertex 7.5000000000e-02 -7.0000000000e-02 0.0000000000e+00
     vertex 7.5000000000e-02 -6.4495413522e-02 2.7236240567e-02
     vertex 6.2500000000e-02 -6.4495413522e-02 2.7236240567e-02
   endloop
 endfacet
 facet normal  0.0000000000e+00 -8.2905832649e-01 5.5916213326e-01
   outer loop
     vertex 6.2500000000e-02 -6.4495413522e-02 2.7236240567e-02
     vertex 7.5000000000e-02 -6.4495413522e-02 2.7236240567e-02
     vertex 6.2500000000e-02 -4.9487769393e-02 4.9487769393e-02
   endloop
 endfacet
 facet normal  0.0000000000e+00 -8.2905832649e-01 5.5916213326e-01
   outer loop
     vertex 7.5000000000e-02 -6.4495413522e-02 2.7236240567e-02
     vertex 7.5000000000e-02 -4.9487769393e-02 4.9487769393e-02
     vertex 6.2500000000e-02 -4.9487769393e-02 4.9487769393e-02
   endloop
 endfacet
 facet normal  0.0000000000e+00 -5.5916213326e-01 8.2905832649e-01
   outer loop
     vertex 6.2500000000e-02 -4.9487769393e-02 4.9487769393e-02
     vertex 7.5000000000e-02 -4.9487769393e-02 4.9487769393e-02
     vertex 6.2500000000e-02 -2.7236240567e-02 6.4495413522e-02
   endloop
 endfacet
 facet normal  0.0000000000e+00 -5.5916213326e-01 8.2905832649e-01
   outer loop
     vertex 7.5000000000e-02 -4.9487769393e-02 4.9487769393e-02
     vertex 7.5000000000e-02 -2.7236240567e-02 6.4495413522e-02
     vertex 6.2500000000e-02 -2.7236240567e-02 6.4495413522e-02
   endloop
 endfacet
 facet normal  0.0000000000e+00 -1.9809986972e-01 9.8018184110e-01
   outer loop
     vertex 6.2500000000e-02 -2.7236240567e-02 6.4495413522e-02
     vertex 7.5000000000e-02 -2.7236240567e-02 6.4495413522e-02
     vertex 6.2500000000e-02 0.0000000000e+00 7.0000000000e-02
   endloop
 endfacet
 facet normal  0.0000000000e+00 -1.9809986972e-01 9.8018184110e-01
   outer loop
     vertex 7.5000000000e-02 -2.7236240567e-02 6.4495413522e-02
     vertex 7.5000000000e-02 0.0000000000e+00 7.0000000000e-02
     vertex 6.2500000000e-02 0.0000000000e+00 7.0000000000e-02
   endloop
 endfacet
 facet normal  0.0000000000e+00 1.9809986972e-01 9.8018184110e-01
   outer loop
     vertex 6.2500000000e-02 0.0000000000e+00 7.0000000000e-02
     vertex 7.5000000000e-02 0.0000000000e+00 7.0000000000e-02
     vertex 7.5000000000e-02 2.7236240567e-02 6.4495413522e-02
   endloop
 endfacet
 facet normal  0.0000000000e+00 1.9809986972e-01 9.8018184110e-01
   outer loop
     vertex 6.2500000000e-02 0.0000000000e+00 7.0000000000e-02
     vertex 7.5000000000e-02 2.7236240567e-02 6.4495413522e-02
     vertex 6.2500000000e-02 2.7236240567e-02 6.4495413522e-02
   endloop
 endfacet
 facet normal  0.0000000000e+00 5.5916213326e-01 8.2905832649e-01
   outer loop
     vertex 6.2500000000e-02 2.7236240567e-02 6.4495413522e-02
     vertex 7.5000000000e-02 2.7236240567e-02 6.4495413522e-02
     vertex 7.5000000000e-02 4.9487769393e-02 4.9487769393e-02
   endloop
 endfacet
 facet normal  0.0000000000e+00 5.5916213326e-01 8.2905832649e-01
   outer loop
     vertex 6.2500000000e-02 2.7236240567e-02 6.4495413522e-02
     vertex 7.5000000000e-02 4.9487769393e-02 4.9487769393e-02
     vertex 6.2500000000e-02 4.9487769393e-02 4.9487769393e-02
   endloop
 endfacet
 facet normal  0.0000000000e+00 8.2905832649e-01 5.5916213326e-01
   outer loop
     vertex 6.2500000000e-02 4.9487769393e-02 4.9487769393e-02
     vertex 7.5000000000e-02 4.9487769393e-02 4.9487769393e-02
     vertex 7.5000000000e-02 6.4495413522e-02 2.7236240567e-02
   endloop
 endfacet
 facet normal  0.0000000000e+00 8.2905832649e-01 5.5916213326e-01
   outer loop
     vertex 6.2500000000e-02 4.9487769393e-02 4.9487769393e-02
     vertex 7.5000000000e-02 6.4495413522e-02 2.7236240567e-02
     vertex 6.2500000000e-02 6.4495413522e-02 2.7236240567e-02
   endloop
 endfacet
 facet normal  0.0000000000e+00 9.8018184110e-01 1.9809986972e-01
   outer loop
     vertex 6.2500000000e-02 6.4495413522e-02 2.7236240567e-02
     vertex 7.5000000000e-02 6.4495413522e-02 2.7236240567e-02
     vertex 7.5000000000e-02 7.0000000000e-02 0.0000000000e+00
   endloop
 endfacet
 facet normal  0.0000000000e+00 9.8018184110e-01 1.9809986972e-01
   outer loop
     vertex 6.2500000000e-02 6.4495413522e-02 2.7236240567e-02
     vertex 7.5000000000e-02 7.0000000000e-02 0.0000000000e+00
     vertex 6.2500000000e-02 7.0000000000e-02 0.0000000000e+00
   endloop
 endfacet
 facet normal  0.0000000000e+00 9.8018184110e-01 -1.9809986972e-01
   outer loop
     vertex 7.5000000000e-02 7.0000000000e-02 0.0000000000e+00
     vertex 8.7500000000e-02 7.0000000000e-02 0.0000000000e+00
     vertex 7.5000000000e-02 6.4495413522e-02 -2.7236240567e-02
   endloop
 endfacet
 facet normal  0.0000000000e+00 9.8018184110e-01 -1.9809986972e-01
   outer loop
     vertex 8.7500000000e-02 7.0000000000e-02 0.0000000000e+00
     vertex 8.7500000000e-02 6.4495413522e-02 -2.7236240567e-02
     vertex 7.5000000000e-02 6.4495413522e-02 -2.7236240567e-02
   endloop
 endfacet
 facet normal  0.0000000000e+00 8.2905832649e-01 -5.5916213326e-01
   outer loop
     vertex 7.5000000000e-02 6.4495413522e-02 -2.7236240567e-02
     vertex 8.7500000000e-02 6.4495413522e-02 -2.7236240567e-02
     vertex 7.5000000000e-02 4.9487769393e-02 -4.9487769393e-02
   endloop
 endfacet
 facet normal  0.0000000000e+00 8.2905832649e-01 -5.5916213326e-01
   outer loop
     vertex 8.7500000000e-02 6.4495413522e-02 -2.7236240567e-02
     vertex 8.7500000000e-02 4.9487769393e-02 -4.9487769393e-02
     vertex 7.5000000000e-02 4.9487769393e-02 -4.9487769393e-02
   endloop
 endfacet
 facet normal  0.0000000000e+00 5.5916213326e-01 -8.2905832649e-01
   outer loop
     vertex 7.5000000000e-02 4.9487769393e-02 -4.9487769393e-02
     vertex 8.7500000000e-02 4.9487769393e-02 -4.9487769393e-02
     vertex 7.5000000000e-02 2.7236240567e-02 -6.4495413522e-02
   endloop
 endfacet
 facet normal  0.0000000000e+00 5.5916213326e-01 -8.2905832649e-01
   outer loop
     vertex 8.7500000000e-02 4.9487769393e-02 -4.9487769393e-02
     vertex 8.7500000000e-02 2.7236240567e-02 -6.4495413522e-02
     vertex 7.5000000000e-02 2.7236240567e-02 -6.4495413522e-02
   endloop
 endfacet
 facet normal  0.0000000000e+00 1.9809986972e-01 -9.8018184110e-01
   outer loop
     vertex 7.5000000000e-02 2.7236240567e-02 -6.4495413522e-02
     vertex 8.7500000000e-02 2.7236240567e-02 -6.4495413522e-02
     vertex 7.5000000000e-02 0.0000000000e+00 -7.0000000000e-02
   endloop
 endfacet
 facet normal  0.0000000000e+00 1.9809986972e-01 -9.8018184110e-01
   outer loop
     vertex 8.7500000000e-02 2.7236240567e-02 -6.4495413522e-02
     vertex 8.7500000000e-02 0.0000000000e+00 -7.0000000000e-02
     vertex 7.5000000000e-02 0.0000000000e+00 -7.0000000000e-02
   endloop
 endfacet
 facet normal  -0.0000000000e+00 -1.9809986972e-01 -9.8018184110e-01
   outer loop
     vertex 7.5000000000e-02 0.0000000000e+00 -7.0000000000e-02
     vertex 8.7500000000e-02 0.0000000000e+00 -7.0000000000e-02
     vertex 8.7500000000e-02 -2.7236240567e-02 -6.4495413522e-02
   endloop
 endfacet
 facet normal  -0.0000000000e+00 -1.9809986972e-01 -9.8018184110e-01
   outer loop
     vertex 7.5000000000e-02 0.0000000000e+00 -7.0000000000e-02
     vertex 8.7500000000e-02 -2.7236240567e-02 -6.4495413522e-02
     vertex 7.5000000000e-02 -2.7236240567e-02 -6.4495413522e-02
   endloop
 endfacet
 facet normal  -0.0000000000e+00 -5.5916213326e-01 -8.2905832649e-01
   outer loop
     vertex 7.5000000000e-02 -2.7236240567e-02 -6.4495413522e-02
     vertex 8.7500000000e-02 -2.7236240567e-02 -6.4495413522e-02
     vertex 8.7500000000e-02 -4.9487769393e-02 -4.9487769393e-02
   endloop
 endfacet
 facet normal  -0.0000000000e+00 -5.5916213326e-01 -8.2905832649e-01
   outer loop
     vertex 7.5000000000e-02 -2.7236240567e-02 -6.4495413522e-02
     vertex 8.7500000000e-02 -4.9487769393e-02 -4.9487769393e-02
     vertex 7.5000000000e-02 -4.9487769393e-02 -4.9487769393e-02
   endloop
 endfacet
 facet normal  -0.0000000000e+00 -8.2905832649e-01 -5.5916213326e-01
   outer loop
     vertex 7.5000000000e-02 -4.9487769393e-02 -4.9487769393e-02
     vertex 8.7500000000e-02 -4.9487769393e-02 -4.9487769393e-02
     vertex 8.7500000000e-02 -6.4495413522e-02 -2.7236240567e-02
   endloop
 endfacet
 facet normal  -0.0000000000e+00 -8.2905832649e-01 -5.5916213326e-01
   outer loop
     vertex 7.5000000000e-02 -4.9487769393e-02 -4.9487769393e-02
     vertex 8.7500000000e-02 -6.4495413522e-02 -2.7236240567e-02
     vertex 7.5000000000e-02 -6.4495413522e-02 -2.7236240567e-02
   endloop
 endfacet
 facet normal  -0.0000000000e+00 -9.8018184110e-01 -1.9809986972e-01
   outer loop
     vertex 7.5000000000e-02 -6.4495413522e-02 -2.7236240567e-02
     vertex 8.7500000000e-02 -6.4495413522e-02 -2.7236240567e-02
     vertex 8.7500000000e-02 -7.0000000000e-02 0.0000000000e+00
   endloop
 endfacet
 facet normal  -0.0000000000e+00 -9.8018184110e-01 -1.9809986972e-01
   outer loop
     vertex 7.5000000000e-02 -6.4495413522e-02 -2.7236240567e-02
     vertex 8.7500000000e-02 -7.0000000000e-02 0.0000000000e+00
     vertex 7.5000000000e-02 -7.0000000000e-02 0.0000000000e+00
   endloop
 endfacet
 facet normal  0.0000000000e+00 -9.8018184110e-01 1.9809986972e-01
   outer loop
     vertex 7.5000000000e-02 -7.0000000000e-02 0.0000000000e+00
     vertex 8.7500000000e-02 -7.0000000000e-02 0.0000000000e+00
     vertex 7.5000000000e-02 -6.4495413522e-02 2.7236240567e-02
   endloop
 endfacet
 facet normal  0.0000000000e+00 -9.8018184110e-01 1.9809986972e-01
   outer loop
     vertex 8.7500000000e-02 -7.0000000000e-02 0.0000000000e+00
     vertex 8.7500000000e-02 -6.4495413522e-02 2.7236240567e-02
     vertex 7.5000000000e-02 -6.4495413522e-02 2.7236240567e-02
   endloop
 endfacet
 facet normal  0.0000000000e+00 -8.2905832649e-01 5.5916213326e-01
   outer loop
     vertex 7.5000000000e-02 -6.4495413522e-02 2.7236240567e-02
     vertex 8.7500000000e-02 -6.4495413522e-02 2.7236240567e-02
     vertex 7.5000000000e-02 -4.9487769393e-02 4.9487769393e-02
   endloop
 endfacet
 facet normal  0.0000000000e+00 -8.2905832649e-01 5.5916213326e-01
   outer loop
     vertex 8.7500000000e-02 -6.4495413522e-02 2.7236240567e-02
     vertex 8.7500000000e-02 -4.9487769393e-02 4.9487769393e-02
     vertex 7.5000000000e-02 -4.9487769393e-02 4.9487769393e-02
   endloop
 endfacet
 facet normal  0.0000000000e+00 -5.5916213326e-01 8.2905832649e-01
   outer loop
     vertex 7.5000000000e-02 -4.9487769393e-02 4.9487769393e-02
     vertex 8.7500000000e-02 -4.9487769393e-02 4.9487769393e-02
     vertex 7.5000000000e-02 -2.7236240567e-02 6.4495413522e-02
   endloop
 endfacet
 facet normal  0.0000000000e+00 -5.5916213326e-01 8.2905832649e-01
   outer loop
     vertex 8.7500000000e-02 -4.9487769393e-02 4.9487769393e-02
     vertex 8.7500000000e-02 -2.7236240567e-02 6.4495413522e-02
     vertex 7.5000000000e-02 -2.7236240567e-02 6.4495413522e-02
   endloop
 endfacet
 facet normal  0.0000000000e+00 -1.9809986972e-01 9.8018184110e-01
   outer loop
     vertex 7.5000000000e-02 -2.7236240567e-02 6.4495413522e-02
     vertex 8.7500000000e-02 -2.7236240567e-02 6.4495413522e-02
     vertex 7.5000000000e-02 0.0000000000e+00 7.0000000000e-02
   endloop
 endfacet
 facet normal  0.0000000000e+00 -1.9809986972e-01 9.8018184110e-01
   outer loop
     vertex 8.7500000000e-02 -2.7236240567e-02 6.4495413522e-02
     vertex 8.7500000000e-02 0.0000000000e+00 7.0000000000e-02
     vertex 7.5000000000e-02 0.0000000000e+00 7.0000000000e-02
   endloop
 endfacet
 facet normal  0.0000000000e+00 1.9809986972e-01 9.8018184110e-01
   outer loop
     vertex 7.5000000000e-02 0.0000000000e+00 7.0000000000e-02
     vertex 8.7500000000e-02 0.0000000000e+00 7.0000000000e-02
     vertex 8.7500000000e-02 2.7236240567e-02 6.4495413522e-02
   endloop
 endfacet
 facet normal  0.0000000000e+00 1.9809986972e-01 9.8018184110e-01
   outer loop
     vertex 7.5000000000e-02 0.0000000000e+00 7.0000000000e-02
     vertex 8.7500000000e-02 2.7236240567e-02 6.4495413522e-02
     vertex 7.5000000000e-02 2.7236240567e-02 6.4495413522e-02
   endloop
 endfacet
 facet normal  0.0000000000e+00 5.5916213326e-01 8.2905832649e-01
   outer loop
     vertex 7.5000000000e-02 2.7236240567e-02 6.4495413522e-02
     vertex 8.7500000000e-02 2.7236240567e-02 6.4495413522e-02
     vertex 8.7500000000e-02 4.9487769393e-02 4.9487769393e-02
   endloop
 endfacet
 facet normal  0.0000000000e+00 5.5916213326e-01 8.2905832649e-01
   outer loop
     vertex 7.5000000000e-02 2.7236240567e-02 6.4495413522e-02
     vertex 8.7500000000e-02 4.9487769393e-02 4.9487769393e-02
     vertex 7.5000000000e-02 4.9487769393e-02 4.9487769393e-02
   endloop
 endfacet
 facet normal  0.0000000000e+00 8.2905832649e-01 5.5916213326e-01
   outer loop
     vertex 7.5000000000e-02 4.9487769393e-02 4.9487769393e-02
     vertex 8.7500000000e-02 4.9487769393e-02 4.9487769393e-02
     vertex 8.7500000000e-02 6.4495413522e-02 2.7236240567e-02
   endloop
 endfacet
 facet normal  0.0000000000e+00 8.2905832649e-01 5.5916213326e-01
   outer loop
     vertex 7.5000000000e-02 4.9487769393e-02 4.9487769393e-02
     vertex 8.7500000000e-02 6.4495413522e-02 2.7236240567e-02
     vertex 7.5000000000e-02 6.4495413522e-02 2.7236240567e-02
   endloop
 endfacet
 facet normal  0.0000000000e+00 9.8018184110e-01 1.9809986972e-01
   outer loop
     vertex 7.5000000000e-02 6.4495413522e-02 2.7236240567e-02
     vertex 8.7500000000e-02 6.4495413522e-02 2.7236240567e-02
     vertex 8.7500000000e-02 7.0000000000e-02 0.0000000000e+00
   endloop
 endfacet
 facet normal  0.0000000000e+00 9.8018184110e-01 1.9809986972e-01
   outer loop
     vertex 7.5000000000e-02 6.4495413522e-02 2.7236240567e-02
     vertex 8.7500000000e-02 7.0000000000e-02 0.0000000000e+00
     vertex 7.5000000000e-02 7.0000000000e-02 0.0000000000e+00
   endloop
 endfacet
 facet normal  0.0000000000e+00 9.8018184110e-01 -1.9809986972e-01
   outer loop
     vertex 8.7500000000e-02 7.0000000000e-02 0.0000000000e+00
     vertex 1.0000000000e-01 7.0000000000e-02 0.0000000000e+00
     vertex 8.7500000000e-02 6.4495413522e-02 -2.7236240567e-02
   endloop
 endfacet
 facet normal  0.0000000000e+00 9.8018184110e-01 -1.9809986972e-01
   outer loop
     vertex 1.0000000000e-01 7.0000000000e-02 0.0000000000e+00
     vertex 1.0000000000e-01 6.4495413522e-02 -2.7236240567e-02
     vertex 8.7500000000e-02 6.4495413522e-02 -2.7236240567e-02
   endloop
 endfacet
 facet normal  0.0000000000e+00 8.2905832649e-01 -5.5916213326e-01
   outer loop
     vertex 8.7500000000e-02 6.4495413522e-02 -2.7236240567e-02
     vertex 1.0000000000e-01 6.4495413522e-02 -2.7236240567e-02
     vertex 8.7500000000e-02 4.9487769393e-02 -4.9487769393e-02
   endloop
 endfacet
 facet normal  0.0000000000e+00 8.2905832649e-01 -5.5916213326e-01
   outer loop
     vertex 1.0000000000e-01 6.4495413522e-02 -2.7236240567e-02
     vertex 1.0000000000e-01 4.9487769393e-02 -4.9487769393e-02
     vertex 8.7500000000e-02 4.9487769393e-02 -4.9487769393e-02
   endloop
 endfacet
 facet normal  0.0000000000e+00 5.5916213326e-01 -8.2905832649e-01
   outer loop
     vertex 8.7500000000e-02 4.9487769393e-02 -4.9487769393e-02
     vertex 1.0000000000e-01 4.9487769393e-02 -4.9487769393e-02
     vertex 8.7500000000e-02 2.7236240567e-02 -6.4495413522e-02
   endloop
 endfacet
 facet normal  0.0000000000e+00 5.5916213326e-01 -8.2905832649e-01
   outer loop
     vertex 1.0000000000e-01 4.9487769393e-02 -4.9487769393e-02
     vertex 1.0000000000e-01 2.7236240567e-02 -6.4495413522e-02
     vertex 8.7500000000e-02 2.7236240567e-02 -6.4495413522e-02
   endloop
 endfacet
 facet normal  0.0000000000e+00 1.9809986972e-01 -9.8018184110e-01
   outer loop
     vertex 8.7500000000e-02 2.7236240567e-02 -6.4495413522e-02
     vertex 1.0000000000e-01 2.7236240567e-02 -6.4495413522e-02
     vertex 8.7500000000e-02 0.0000000000e+00 -7.0000000000e-02
   endloop
 endfacet
 facet normal  0.0000000000e+00 1.9809986972e-01 -9.8018184110e-01
   outer loop
     vertex 1.0000000000e-01 2.7236240567e-02 -6.4495413522e-02
     vertex 1.0000000000e-01 0.0000000000e+00 -7.0000000000e-02
     vertex 8.7500000000e-02 0.0000000000e+00 -7.0000000000e-02
   endloop
 endfacet
 facet normal  -0.0000000000e+00 -1.9809986972e-01 -9.8018184110e-01
   outer loop
     vertex 8.7500000000e-02 0.0000000000e+00 -7.0000000000e-02
     vertex 1.0000000000e-01 0.0000000000e+00 -7.0000000000e-02
     vertex 1.0000000000e-01 -2.7236240567e-02 -6.4495413522e-02
   endloop
 endfacet
 facet normal  -0.0000000000e+00 -1.9809986972e-01 -9.8018184110e-01
   outer loop
     vertex 8.7500000000e-02 0.0000000000e+00 -7.0000000000e-02
     vertex 1.0000000000e-01 -2.7236240567e-02 -6.4495413522e-02
     vertex 8.7500000000e-02 -2.7236240567e-02 -6.4495413522e-02
   endloop
 endfacet
 facet normal  -0.0000000000e+00 -5.5916213326e-01 -8.2905832649e-01
   outer loop
     vertex 8.7500000000e-02 -2.7236240567e-02 -6.4495413522e-02
     vertex 1.0000000000e-01 -2.7236240567e-02 -6.4495413522e-02
     vertex 1.0000000000e-01 -4.9487769393e-02 -4.9487769393e-02
   endloop
 endfacet
 facet normal  -0.0000000000e+00 -5.5916213326e-01 -8.2905832649e-01
   outer loop
     vertex 8.7500000000e-02 -2.7236240567e-02 -6.4495413522e-02
     vertex 1.0000000000e-01 -4.9487769393e-02 -4.9487769393e-02
     vertex 8.7500000000e-02 -4.9487769393e-02 -4.9487769393e-02
   endloop
 endfacet
 facet normal  -0.0000000000e+00 -8.2905832649e-01 -5.5916213326e-01
   outer loop
     vertex 8.7500000000e-02 -4.9487769393e-02 -4.9487769393e-02
     vertex 1.0000000000e-01 -4.9487769393e-02 -4.9487769393e-02
     vertex 1.0000000000e-01 -6.4495413522e-02 -2.7236240567e-02
   endloop
 endfacet
 facet normal  -0.0000000000e+00 -8.2905832649e-01 -5.5916213326e-01
   outer loop
     vertex 8.7500000000e-02 -4.9487769393e-02 -4.9487769393e-02
     vertex 1.0000000000e-01 -6.4495413522e-02 -2.7236240567e-02
     vertex 8.7500000000e-02 -6.4495413522e-02 -2.7236240567e-02
   endloop
 endfacet
 facet normal  -0.0000000000e+00 -9.8018184110e-01 -1.9809986972e-01
   outer loop
     vertex 8.7500000000e-02 -6.4495413522e-02 -2.7236240567e-02
     vertex 1.0000000000e-01 -6.4495413522e-02 -2.7236240567e-02
     vertex 1.0000000000e-01 -7.0000000000e-02 0.0000000000e+00
   endloop
 endfacet
 facet normal  -0.0000000000e+00 -9.8018184110e-01 -1.9809986972e-01
   outer loop
     vertex 8.7500000000e-02 -6.4495413522e-02 -2.7236240567e-02
     vertex 1.0000000000e-01 -7.0000000000e-02 0.0000000000e+00
     vertex 8.7500000000e-02 -7.0000000000e-02 0.0000000000e+00
   endloop
 endfacet
 facet normal  0.0000000000e+00 -9.8018184110e-01 1.9809986972e-01
   outer loop
     vertex 8.7500000000e-02 -7.0000000000e-02 0.0000000000e+00
     vertex 1.0000000000e-01 -7.0000000000e-02 0.0000000000e+00
     vertex 8.7500000000e-02 -6.4495413522e-02 2.7236240567e-02
   endloop
 endfacet
 facet normal  0.0000000000e+00 -9.8018184110e-01 1.9809986972e-01
   outer loop
     vertex 1.0000000000e-01 -7.0000000000e-02 0.0000000000e+00
     vertex 1.0000000000e-01 -6.4495413522e-02 2.7236240567e-02
     vertex 8.7500000000e-02 -6.4495413522e-02 2.7236240567e-02
   endloop
 endfacet
 facet normal  0.0000000000e+00 -8.2905832649e-01 5.5916213326e-01
   outer loop
     vertex 8.7500000000e-02 -6.4495413522e-02 2.7236240567e-02
     vertex 1.0000000000e-01 -6.4495413522e-02 2.7236240567e-02
     vertex 8.7500000000e-02 -4.9487769393e-02 4.9487769393e-02
   endloop
 endfacet
 facet normal  0.0000000000e+00 -8.2905832649e-01 5.5916213326e-01
   outer loop
     vertex 1.0000000000e-01 -6.4495413522e-02 2.7236240567e-02
     vertex 1.0000000000e-01 -4.9487769393e-02 4.9487769393e-02
     vertex 8.7500000000e-02 -4.9487769393e-02 4.9487769393e-02
   endloop
 endfacet
 facet normal  0.0000000000e+00 -5.5916213326e-01 8.2905832649e-01
   outer loop
     vertex 8.7500000000e-02 -4.9487769393e-02 4.9487769393e-02
     vertex 1.0000000000e-01 -4.9487769393e-02 4.9487769393e-02
     vertex 8.7500000000e-02 -2.7236240567e-02 6.4495413522e-02
   endloop
 endfacet
 facet normal  0.0000000000e+00 -5.5916213326e-01 8.2905832649e-01
   outer loop
     vertex 1.0000000000e-01 -4.9487769393e-02 4.9487769393e-02
     vertex 1.0000000000e-01 -2.7236240567e-02 6.4495413522e-02
     vertex 8.7500000000e-02 -2.7236240567e-02 6.4495413522e-02
   endloop
 endfacet
 facet normal  0.0000000000e+00 -1.9809986972e-01 9.8018184110e-01
   outer loop
     vertex 8.7500000000e-02 -2.7236240567e-02 6.4495413522e-02
     vertex 1.0000000000e-01 -2.7236240567e-02 6.4495413522e-02
     vertex 8.7500000000e-02 0.0000000000e+00 7.0000000000e-02
   endloop
 endfacet
 facet normal  0.0000000000e+00 -1.9809986972e-01 9.8018184110e-01
   outer loop
     vertex 1.0000000000e-01 -2.7236240567e-02 6.4495413522e-02
     vertex 1.0000000000e-01 0.0000000000e+00 7.0000000000e-02
     vertex 8.7500000000e-02 0.0000000000e+00 7.0000000000e-02
   endloop
 endfacet
 facet normal  0.0000000000e+00 1.9809986972e-01 9.8018184110e-01
   outer loop
     vertex 8.7500000000e-02 0.0000000000e+00 7.0000000000e-02
     vertex 1.0000000000e-01 0.0000000000e+00 7.0000000000e-02
     vertex 1.0000000000e-01 2.7236240567e-02 6.4495413522e-02
   endloop
 endfacet
 facet normal  0.0000000000e+00 1.9809986972e-01 9.8018184110e-01
   outer loop
     vertex 8.7500000000e-02 0.0000000000e+00 7.0000000000e-02
     vertex 1.0000000000e-01 2.7236240567e-02 6.4495413522e-02
     vertex 8.7500000000e-02 2.7236240567e-02 6.4495413522e-02
   endloop
 endfacet
 facet normal  0.0000000000e+00 5.5916213326e-01 8.2905832649e-01
   outer loop
     vertex 8.7500000000e-02 2.7236240567e-02 6.4495413522e-02
     vertex 1.0000000000e-01 2.7236240567e-02 6.4495413522e-02
     vertex 1.0000000000e-01 4.9487769393e-02 4.9487769393e-02
   endloop
 endfacet
 facet normal  0.0000000000e+00 5.5916213326e-01 8.2905832649e-01
   outer loop
     vertex 8.7500000000e-02 2.7236240567e-02 6.4495413522e-02
     vertex 1.0000000000e-01 4.9487769393e-02 4.9487769393e-02
     vertex 8.7500000000e-02 4.9487769393e-02 4.9487769393e-02
   endloop
 endfacet
 facet normal  0.0000000000e+00 8.2905832649e-01 5.5916213326e-01
   outer loop
     vertex 8.7500000000e-02 4.9487769393e-02 4.9487769393e-02
     vertex 1.0000000000e-01 4.9487769393e-02 4.9487769393e-02
     vertex 1.0000000000e-01 6.4495413522e-02 2.7236240567e-02
   endloop
 endfacet
 facet normal  0.0000000000e+00 8.2905832649e-01 5.5916213326e-01
   outer loop
     vertex 8.7500000000e-02 4.9487769393e-02 4.9487769393e-02
     vertex 1.0000000000e-01 6.4495413522e-02 2.7236240567e-02
     vertex 8.7500000000e-02 6.4495413522e-02 2.7236240567e-02
   endloop
 endfacet
 facet normal  0.0000000000e+00 9.8018184110e-01 1.9809986972e-01
   outer loop
     vertex 8.7500000000e-02 6.4495413522e-02 2.7236240567e-02
     vertex 1.0000000000e-01 6.4495413522e-02 2.7236240567e-02
     vertex 1.0000000000e-01 7.0000000000e-02 0.0000000000e+00
   endloop
 endfacet
 facet normal  0.0000000000e+00 9.8018184110e-01 1.9809986972e-01
   outer loop
     vertex 8.7500000000e-02 6.4495413522e-02 2.7236240567e-02
     vertex 1.0000000000e-01 7.0000000000e-02 0.0000000000e+00
     vertex 8.7500000000e-02 7.0000000000e-02 0.0000000000e+00
   endloop
 endfacet
 facet normal  0.0000000000e+00 9.8018184110e-01 -1.9809986972e-01
   outer loop
     vertex 1.0000000000e-01 7.0000000000e-02 0.0000000000e+00
     vertex 1.1250000000e-01 7.0000000000e-02 0.0000000000e+00
     vertex 1.0000000000e-01 6.4495413522e-02 -2.7236240567e-02
   endloop
 endfacet
 facet normal  0.0000000000e+00 9.8018184110e-01 -1.9809986972e-01
   outer loop
     vertex 1.1250000000e-01 7.0000000000e-02 0.0000000000e+00
     vertex 1.1250000000e-01 6.4495413522e-02 -2.7236240567e-02
     vertex 1.0000000000e-01 6.4495413522e-02 -2.7236240567e-02
   endloop
 endfacet
 facet normal  0.0000000000e+00 8.2905832649e-01 -5.5916213326e-01
   outer loop
     vertex 1.0000000000e-01 6.4495413522e-02 -2.7236240567e-02
     vertex 1.1250000000e-01 6.4495413522e-02 -2.7236240567e-02
     vertex 1.0000000000e-01 4.9487769393e-02 -4.9487769393e-02
   endloop
 endfacet
 facet normal  0.0000000000e+00 8.2905832649e-01 -5.5916213326e-01
   outer loop
     vertex 1.1250000000e-01 6.4495413522e-02 -2.7236240567e-02
     vertex 1.1250000000e-01 4.9487769393e-02 -4.9487769393e-02
     vertex 1.0000000000e-01 4.9487769393e-02 -4.9487769393e-02
   endloop
 endfacet
 facet normal  0.0000000000e+00 5.5916213326e-01 -8.2905832649e-01
   outer loop
     vertex 1.0000000000e-01 4.9487769393e-02 -4.9487769393e-02
     vertex 1.1250000000e-01 4.9487769393e-02 -4.9487769393e-02
     vertex 1.0000000000e-01 2.7236240567e-02 -6.4495413522e-02
   endloop
 endfacet
 facet normal  0.0000000000e+00 5.5916213326e-01 -8.2905832649e-01
   outer loop
     vertex 1.1250000000e-01 4.9487769393e-02 -4.9487769393e-02
     vertex 1.1250000000e-01 2.7236240567e-02 -6.4495413522e-02
     vertex 1.0000000000e-01 2.7236240567e-02 -6.4495413522e-02
   endloop
 endfacet
 facet normal  0.0000000000e+00 1.9809986972e-01 -9.8018184110e-01
   outer loop
     vertex 1.0000000000e-01 2.7236240567e-02 -6.4495413522e-02
     vertex 1.1250000000e-01 2.7236240567e-02 -6.4495413522e-02
     vertex 1.0000000000e-01 0.0000000000e+00 -7.0000000000e-02
   endloop
 endfacet
 facet normal  0.0000000000e+00 1.9809986972e-01 -9.8018184110e-01
   outer loop
     vertex 1.1250000000e-01 2.7236240567e-02 -6.4495413522e-02
     vertex 1.1250000000e-01 0.0000000000e+00 -7.0000000000e-02
     vertex 1.0000000000e-01 0.0000000000e+00 -7.0000000000e-02
   endloop
 endfacet
 facet normal  -0.0000000000e+00 -1.9809986972e-01 -9.8018184110e-01
   outer loop
     vertex 1.0000000000e-01 0.0000000000e+00 -7.0000000000e-02
     vertex 1.1250000000e-01 0.0000000000e+00 -7.0000000000e-02
     vertex 1.1250000000e-01 -2.7236240567e-02 -6.4495413522e-02
   endloop
 endfacet
 facet normal  -0.0000000000e+00 -1.9809986972e-01 -9.8018184110e-01
   outer loop
     vertex 1.0000000000e-01 0.0000000000e+00 -7.0000000000e-02
     vertex 1.1250000000e-01 -2.7236240567e-02 -6.4495413522e-02
     vertex 1.0000000000e-01 -2.7236240567e-02 -6.4495413522e-02
   endloop
 endfacet
 facet normal  -0.0000000000e+00 -5.5916213326e-01 -8.2905832649e-01
   outer loop
     vertex 1.0000000000e-01 -2.7236240567e-02 -6.4495413522e-02
     vertex 1.1250000000e-01 -2.7236240567e-02 -6.4495413522e-02
     vertex 1.1250000000e-01 -4.9487769393e-02 -4.9487769393e-02
   endloop
 endfacet
 facet normal  -0.0000000000e+00 -5.5916213326e-01 -8.2905832649e-01
   outer loop
     vertex 1.0000000000e-01 -2.7236240567e-02 -6.4495413522e-02
     vertex 1.1250000000e-01 -4.9487769393e-02 -4.9487769393e-02
     vertex 1.0000000000e-01 -4.9487769393e-02 -4.9487769393e-02
   endloop
 endfacet
 facet normal  -0.0000000000e+00 -8.2905832649e-01 -5.5916213326e-01
   outer loop
     vertex 1.0000000000e-01 -4.9487769393e-02 -4.9487769393e-02
     vertex 1.1250000000e-01 -4.9487769393e-02 -4.9487769393e-02
     vertex 1.1250000000e-01 -6.4495413522e-02 -2.7236240567e-02
   endloop
 endfacet
 facet normal  -0.0000000000e+00 -8.2905832649e-01 -5.5916213326e-01
   outer loop
     vertex 1.0000000000e-01 -4.9487769393e-02 -4.9487769393e-02
     vertex 1.1250000000e-01 -6.4495413522e-02 -2.7236240567e-02
     vertex 1.0000000000e-01 -6.4495413522e-02 -2.7236240567e-02
   endloop
 endfacet
 facet normal  -0.0000000000e+00 -9.8018184110e-01 -1.9809986972e-01
   outer loop
     vertex 1.0000000000e-01 -6.4495413522e-02 -2.7236240567e-02
     vertex 1.1250000000e-01 -6.4495413522e-02 -2.7236240567e-02
     vertex 1.1250000000e-01 -7.0000000000e-02 0.0000000000e+00
   endloop
 endfacet
 facet normal  -0.0000000000e+00 -9.8018184110e-01 -1.9809986972e-01
   outer loop
     vertex 1.0000000000e-01 -6.4495413522e-02 -2.7236240567e-02
     vertex 1.1250000000e-01 -7.0000000000e-02 0.0000000000e+00
     vertex 1.0000000000e-01 -7.0000000000e-02 0.0000000000e+00
   endloop
 endfacet
 facet normal  0.0000000000e+00 -9.8018184110e-01 1.9809986972e-01
   outer loop
     vertex 1.0000000000e-01 -7.0000000000e-02 0.0000000000e+00
     vertex 1.1250000000e-01 -7.0000000000e-02 0.0000000000e+00
     vertex 1.0000000000e-01 -6.4495413522e-02 2.7236240567e-02
   endloop
 endfacet
 facet normal  0.0000000000e+00 -9.8018184110e-01 1.9809986972e-01
   outer loop
     vertex 1.1250000000e-01 -7.0000000000e-02 0.0000000000e+00
     vertex 1.1250000000e-01 -6.4495413522e-02 2.7236240567e-02
     vertex 1.0000000000e-01 -6.4495413522e-02 2.7236240567e-02
   endloop
 endfacet
 facet normal  0.0000000000e+00 -8.2905832649e-01 5.5916213326e-01
   outer loop
     vertex 1.0000000000e-01 -6.4495413522e-02 2.7236240567e-02
     vertex 1.1250000000e-01 -6.4495413522e-02 2.7236240567e-02
     vertex 1.0000000000e-01 -4.9487769393e-02 4.9487769393e-02
   endloop
 endfacet
 facet normal  0.0000000000e+00 -8.2905832649e-01 5.5916213326e-01
   outer loop
     vertex 1.1250000000e-01 -6.4495413522e-02 2.7236240567e-02
     vertex 1.1250000000e-01 -4.9487769393e-02 4.9487769393e-02
     vertex 1.0000000000e-01 -4.9487769393e-02 4.9487769393e-02
   endloop
 endfacet
 facet normal  0.0000000000e+00 -5.5916213326e-01 8.2905832649e-01
   outer loop
     vertex 1.0000000000e-01 -4.9487769393e-02 4.9487769393e-02
     vertex 1.1250000000e-01 -4.9487769393e-02 4.9487769393e-02
     vertex 1.0000000000e-01 -2.7236240567e-02 6.4495413522e-02
   endloop
 endfacet
 facet normal  0.0000000000e+00 -5.5916213326e-01 8.2905832649e-01
   outer loop
     vertex 1.1250000000e-01 -4.9487769393e-02 4.9487769393e-02
     vertex 1.1250000000e-01 -2.7236240567e-02 6.4495413522e-02
     vertex 1.0000000000e-01 -2.7236240567e-02 6.4495413522e-02
   endloop
 endfacet
 facet normal  0.0000000000e+00 -1.9809986972e-01 9.8018184110e-01
   outer loop
     vertex 1.0000000000e-01 -2.7236240567e-02 6.4495413522e-02
     vertex 1.1250000000e-01 -2.7236240567e-02 6.4495413522e-02
     vertex 1.0000000000e-01 0.0000000000e+00 7.0000000000e-02
   endloop
 endfacet
 facet normal  0.0000000000e+00 -1.9809986972e-01 9.8018184110e-01
   outer loop
     vertex 1.1250000000e-01 -2.7236240567e-02 6.4495413522e-02
     vertex 1.1250000000e-01 0.0000000000e+00 7.0000000000e-02
     vertex 1.0000000000e-01 0.0000000000e+00 7.0000000000e-02
   endloop
 endfacet
 facet normal  0.0000000000e+00 1.9809986972e-01 9.8018184110e-01
   outer loop
     vertex 1.0000000000e-01 0.0000000000e+00 7.0000000000e-02
     vertex 1.1250000000e-01 0.0000000000e+00 7.0000000000e-02
     vertex 1.1250000000e-01 2.7236240567e-02 6.4495413522e-02
   endloop
 endfacet
 facet normal  0.0000000000e+00 1.9809986972e-01 9.8018184110e-01
   outer loop
     vertex 1.0000000000e-01 0.0000000000e+00 7.0000000000e-02
     vertex 1.1250000000e-01 2.7236240567e-02 6.4495413522e-02
     vertex 1.0000000000e-01 2.7236240567e-02 6.4495413522e-02
   endloop
 endfacet
 facet normal  0.0000000000e+00 5.5916213326e-01 8.2905832649e-01
   outer loop
     vertex 1.0000000000e-01 2.7236240567e-02 6.4495413522e-02
     vertex 1.1250000000e-01 2.7236240567e-02 6.4495413522e-02
     vertex 1.1250000000e-01 4.9487769393e-02 4.9487769393e-02
   endloop
 endfacet
 facet normal  0.0000000000e+00 5.5916213326e-01 8.2905832649e-01
   outer loop
     vertex 1.0000000000e-01 2.7236240567e-02 6.4495413522e-02
     vertex 1.1250000000e-01 4.9487769393e-02 4.9487769393e-02
     vertex 1.0000000000e-01 4.9487769393e-02 4.9487769393e-02
   endloop
 endfacet
 facet normal  0.0000000000e+00 8.2905832649e-01 5.5916213326e-01
   outer loop
     vertex 1.0000000000e-01 4.9487769393e-02 4.9487769393e-02
     vertex 1.1250000000e-01 4.9487769393e-02 4.9487769393e-02
     vertex 1.1250000000e-01 6.4495413522e-02 2.7236240567e-02
   endloop
 endfacet
 facet normal  0.0000000000e+00 8.2905832649e-01 5.5916213326e-01
   outer loop
     vertex 1.0000000000e-01 4.9487769393e-02 4.9487769393e-02
     vertex 1.1250000000e-01 6.4495413522e-02 2.7236240567e-02
     vertex 1.0000000000e-01 6.4495413522e-02 2.7236240567e-02
   endloop
 endfacet
 facet normal  0.0000000000e+00 9.8018184110e-01 1.9809986972e-01
   outer loop
     vertex 1.0000000000e-01 6.4495413522e-02 2.7236240567e-02
     vertex 1.1250000000e-01 6.4495413522e-02 2.7236240567e-02
     vertex 1.1250000000e-01 7.0000000000e-02 0.0000000000e+00
   endloop
 endfacet
 facet normal  0.0000000000e+00 9.8018184110e-01 1.9809986972e-01
   outer loop
     vertex 1.0000000000e-01 6.4495413522e-02 2.7236240567e-02
     vertex 1.1250000000e-01 7.0000000000e-02 0.0000000000e+00
     vertex 1.0000000000e-01 7.0000000000e-02 0.0000000000e+00
   endloop
 endfacet
 facet normal  0.0000000000e+00 9.8018184110e-01 -1.9809986972e-01
   outer loop
     vertex 1.1250000000e-01 7.0000000000e-02 0.0000000000e+00
     vertex 1.2500000000e-01 7.0000000000e-02 0.0000000000e+00
     vertex 1.1250000000e-01 6.4495413522e-02 -2.7236240567e-02
   endloop
 endfacet
 facet normal  0.0000000000e+00 9.8018184110e-01 -1.9809986972e-01
   outer loop
     vertex 1.2500000000e-01 7.0000000000e-02 0.0000000000e+00
     vertex 1.2500000000e-01 6.4495413522e-02 -2.7236240567e-02
     vertex 1.1250000000e-01 6.4495413522e-02 -2.7236240567e-02
   endloop
 endfacet
 facet normal  0.0000000000e+00 8.2905832649e-01 -5.5916213326e-01
   outer loop
     vertex 1.1250000000e-01 6.4495413522e-02 -2.7236240567e-02
     vertex 1.2500000000e-01 6.4495413522e-02 -2.7236240567e-02
     vertex 1.1250000000e-01 4.9487769393e-02 -4.9487769393e-02
   endloop
 endfacet
 facet normal  0.0000000000e+00 8.2905832649e-01 -5.5916213326e-01
   outer loop
     vertex 1.2500000000e-01 6.4495413522e-02 -2.7236240567e-02
     vertex 1.2500000000e-01 4.9487769393e-02 -4.9487769393e-02
     vertex 1.1250000000e-01 4.9487769393e-02 -4.9487769393e-02
   endloop
 endfacet
 facet normal  0.0000000000e+00 5.5916213326e-01 -8.2905832649e-01
   outer loop
     vertex 1.1250000000e-01 4.9487769393e-02 -4.9487769393e-02
     vertex 1.2500000000e-01 4.9487769393e-02 -4.9487769393e-02
     vertex 1.1250000000e-01 2.7236240567e-02 -6.4495413522e-02
   endloop
 endfacet
 facet normal  0.0000000000e+00 5.5916213326e-01 -8.2905832649e-01
   outer loop
     vertex 1.2500000000e-01 4.9487769393e-02 -4.9487769393e-02
     vertex 1.2500000000e-01 2.7236240567e-02 -6.4495413522e-02
     vertex 1.1250000000e-01 2.7236240567e-02 -6.4495413522e-02
   endloop
 endfacet
 facet normal  0.0000000000e+00 1.9809986972e-01 -9.8018184110e-01
   outer loop
     vertex 1.1250000000e-01 2.7236240567e-02 -6.4495413522e-02
     vertex 1.2500000000e-01 2.7236240567e-02 -6.4495413522e-02
     vertex 1.1250000000e-01 0.0000000000e+00 -7.0000000000e-02
   endloop
 endfacet
 facet normal  0.0000000000e+00 1.9809986972e-01 -9.8018184110e-01
   outer loop
     vertex 1.2500000000e-01 2.7236240567e-02 -6.4495413522e-02
     vertex 1.2500000000e-01 0.0000000000e+00 -7.0000000000e-02
     vertex 1.1250000000e-01 0.0000000000e+00 -7.0000000000e-02
   endloop
 endfacet
 facet normal  -0.0000000000e+00 -1.9809986972e-01 -9.8018184110e-01
   outer loop
     vertex 1.1250000000e-01 0.0000000000e+00 -7.0000000000e-02
     vertex 1.2500000000e-01 0.0000000000e+00 -7.0000000000e-02
     vertex 1.2500000000e-01 -2.7236240567e-02 -6.4495413522e-02
   endloop
 endfacet
 facet normal  -0.0000000000e+00 -1.9809986972e-01 -9.8018184110e-01
   outer loop
     vertex 1.1250000000e-01 0.0000000000e+00 -7.0000000000e-02
     vertex 1.2500000000e-01 -2.7236240567e-02 -6.4495413522e-02
     vertex 1.1250000000e-01 -2.7236240567e-02 -6.4495413522e-02
   endloop
 endfacet
 facet normal  -0.0000000000e+00 -5.5916213326e-01 -8.2905832649e-01
   outer loop
     vertex 1.1250000000e-01 -2.7236240567e-02 -6.4495413522e-02
     vertex 1.2500000000e-01 -2.7236240567e-02 -6.4495413522e-02
     vertex 1.2500000000e-01 -4.9487769393e-02 -4.9487769393e-02
   endloop
 endfacet
 facet normal  -0.0000000000e+00 -5.5916213326e-01 -8.2905832649e-01
   outer loop
     vertex 1.1250000000e-01 -2.7236240567e-02 -6.4495413522e-02
     vertex 1.2500000000e-01 -4.9487769393e-02 -4.9487769393e-02
     vertex 1.1250000000e-01 -4.9487769393e-02 -4.9487769393e-02
   endloop
 endfacet
 facet normal  -0.0000000000e+00 -8.2905832649e-01 -5.5916213326e-01
   outer loop
     vertex 1.1250000000e-01 -4.9487769393e-02 -4.9487769393e-02
     vertex 1.2500000000e-01 -4.9487769393e-02 -4.9487769393e-02
     vertex 1.2500000000e-01 -6.4495413522e-02 -2.7236240567e-02
   endloop
 endfacet
 facet normal  -0.0000000000e+00 -8.2905832649e-01 -5.5916213326e-01
   outer loop
     vertex 1.1250000000e-01 -4.9487769393e-02 -4.9487769393e-02
     vertex 1.2500000000e-01 -6.4495413522e-02 -2.7236240567e-02
     vertex 1.1250000000e-01 -6.4495413522e-02 -2.7236240567e-02
   endloop
 endfacet
 facet normal  -0.0000000000e+00 -9.8018184110e-01 -1.9809986972e-01
   outer loop
     vertex 1.1250000000e-01 -6.4495413522e-02 -2.7236240567e-02
     vertex 1.2500000000e-01 -6.4495413522e-02 -2.7236240567e-02
     vertex 1.2500000000e-01 -7.0000000000e-02 0.0000000000e+00
   endloop
 endfacet
 facet normal  -0.0000000000e+00 -9.8018184110e-01 -1.9809986972e-01
   outer loop
     vertex 1.1250000000e-01 -6.4495413522e-02 -2.7236240567e-02
     vertex 1.2500000000e-01 -7.0000000000e-02 0.0000000000e+00
     vertex 1.1250000000e-01 -7.0000000000e-02 0.0000000000e+00
   endloop
 endfacet
 facet normal  0.0000000000e+00 -9.8018184110e-01 1.9809986972e-01
   outer loop
     vertex 1.1250000000e-01 -7.0000000000e-02 0.0000000000e+00
     vertex 1.2500000000e-01 -7.0000000000e-02 0.0000000000e+00
     vertex 1.1250000000e-01 -6.4495413522e-02 2.7236240567e-02
   endloop
 endfacet
 facet normal  0.0000000000e+00 -9.8018184110e-01 1.9809986972e-01
   outer loop
     vertex 1.2500000000e-01 -7.0000000000e-02 0.0000000000e+00
     vertex 1.2500000000e-01 -6.4495413522e-02 2.7236240567e-02
     vertex 1.1250000000e-01 -6.4495413522e-02 2.7236240567e-02
   endloop
 endfacet
 facet normal  0.0000000000e+00 -8.2905832649e-01 5.5916213326e-01
   outer loop
     vertex 1.1250000000e-01 -6.4495413522e-02 2.7236240567e-02
     vertex 1.2500000000e-01 -6.4495413522e-02 2.7236240567e-02
     vertex 1.1250000000e-01 -4.9487769393e-02 4.9487769393e-02
   endloop
 endfacet
 facet normal  0.0000000000e+00 -8.2905832649e-01 5.5916213326e-01
   outer loop
     vertex 1.2500000000e-01 -6.4495413522e-02 2.7236240567e-02
     vertex 1.2500000000e-01 -4.9487769393e-02 4.9487769393e-02
     vertex 1.1250000000e-01 -4.9487769393e-02 4.9487769393e-02
   endloop
 endfacet
 facet normal  0.0000000000e+00 -5.5916213326e-01 8.2905832649e-01
   outer loop
     vertex 1.1250000000e-01 -4.9487769393e-02 4.9487769393e-02
     vertex 1.2500000000e-01 -4.9487769393e-02 4.9487769393e-02
     vertex 1.1250000000e-01 -2.7236240567e-02 6.4495413522e-02
   endloop
 endfacet
 facet normal  0.0000000000e+00 -5.5916213326e-01 8.2905832649e-01
   outer loop
     vertex 1.2500000000e-01 -4.9487769393e-02 4.9487769393e-02
     vertex 1.2500000000e-01 -2.7236240567e-02 6.4495413522e-02
     vertex 1.1250000000e-01 -2.7236240567e-02 6.4495413522e-02
   endloop
 endfacet
 facet normal  0.0000000000e+00 -1.9809986972e-01 9.8018184110e-01
   outer loop
     vertex 1.1250000000e-01 -2.7236240567e-02 6.4495413522e-02
     vertex 1.2500000000e-01 -2.7236240567e-02 6.4495413522e-02
     vertex 1.1250000000e-01 0.0000000000e+00 7.0000000000e-02
   endloop
 endfacet
 facet normal  0.0000000000e+00 -1.9809986972e-01 9.8018184110e-01
   outer loop
     vertex 1.2500000000e-01 -2.7236240567e-02 6.4495413522e-02
     vertex 1.2500000000e-01 0.0000000000e+00 7.0000000000e-02
     vertex 1.1250000000e-01 0.0000000000e+00 7.0000000000e-02
   endloop
 endfacet
 facet normal  0.0000000000e+00 1.9809986972e-01 9.8018184110e-01
   outer loop
     vertex 1.1250000000e-01 0.0000000000e+00 7.0000000000e-02
     vertex 1.2500000000e-01 0.0000000000e+00 7.0000000000e-02
     vertex 1.2500000000e-01 2.7236240567e-02 6.4495413522e-02
   endloop
 endfacet
 facet normal  0.0000000000e+00 1.9809986972e-01 9.8018184110e-01
   outer loop
     vertex 1.1250000000e-01 0.0000000000e+00 7.0000000000e-02
     vertex 1.2500000000e-01 2.7236240567e-02 6.4495413522e-02
     vertex 1.1250000000e-01 2.7236240567e-02 6.4495413522e-02
   endloop
 endfacet
 facet normal  0.0000000000e+00 5.5916213326e-01 8.2905832649e-01
   outer loop
     vertex 1.1250000000e-01 2.7236240567e-02 6.4495413522e-02
     vertex 1.2500000000e-01 2.7236240567e-02 6.4495413522e-02
     vertex 1.2500000000e-01 4.9487769393e-02 4.9487769393e-02
   endloop
 endfacet
 facet normal  0.0000000000e+00 5.5916213326e-01 8.2905832649e-01
   outer loop
     vertex 1.1250000000e-01 2.7236240567e-02 6.4495413522e-02
     vertex 1.2500000000e-01 4.9487769393e-02 4.9487769393e-02
     vertex 1.1250000000e-01 4.9487769393e-02 4.9487769393e-02
   endloop
 endfacet
 facet normal  0.0000000000e+00 8.2905832649e-01 5.5916213326e-01
   outer loop
     vertex 1.1250000000e-01 4.9487769393e-02 4.9487769393e-02
     vertex 1.2500000000e-01 4.9487769393e-02 4.9487769393e-02
     vertex 1.2500000000e-01 6.4495413522e-02 2.7236240567e-02
   endloop
 endfacet
 facet normal  0.0000000000e+00 8.2905832649e-01 5.5916213326e-01
   outer loop
     vertex 1.1250000000e-01 4.9487769393e-02 4.9487769393e-02
     vertex 1.2500000000e-01 6.4495413522e-02 2.7236240567e-02
     vertex 1.1250000000e-01 6.4495413522e-02 2.7236240567e-02
   endloop
 endfacet
 facet normal  0.0000000000e+00 9.8018184110e-01 1.9809986972e-01
   outer loop
     vertex 1.1250000000e-01 6.4495413522e-02 2.7236240567e-02
     vertex 1.2500000000e-01 6.4495413522e-02 2.7236240567e-02
     vertex 1.2500000000e-01 7.0000000000e-02 0.0000000000e+00
   endloop
 endfacet
 facet normal  0.0000000000e+00 9.8018184110e-01 1.9809986972e-01
   outer loop
     vertex 1.1250000000e-01 6.4495413522e-02 2.7236240567e-02
     vertex 1.2500000000e-01 7.0000000000e-02 0.0000000000e+00
     vertex 1.1250000000e-01 7.0000000000e-02 0.0000000000e+00
   endloop
 endfacet
 facet normal  0.0000000000e+00 9.8018184110e-01 -1.9809986972e-01
   outer loop
     vertex 1.2500000000e-01 7.0000000000e-02 0.0000000000e+00
     vertex 1.3750000000e-01 7.0000000000e-02 0.0000000000e+00
     vertex 1.3750000000e-01 6.4495413522e-02 -2.7236240567e-02
   endloop
 endfacet
 facet normal  0.0000000000e+00 9.8018184110e-01 -1.9809986972e-01
   outer loop
     vertex 1.2500000000e-01 7.0000000000e-02 0.0000000000e+00
     vertex 1.3750000000e-01 6.4495413522e-02 -2.7236240567e-02
     vertex 1.2500000000e-01 6.4495413522e-02 -2.7236240567e-02
   endloop
 endfacet
 facet normal  0.0000000000e+00 8.2905832649e-01 -5.5916213326e-01
   outer loop
     vertex 1.2500000000e-01 6.4495413522e-02 -2.7236240567e-02
     vertex 1.3750000000e-01 6.4495413522e-02 -2.7236240567e-02
     vertex 1.3750000000e-01 4.9487769393e-02 -4.9487769393e-02
   endloop
 endfacet
 facet normal  0.0000000000e+00 8.2905832649e-01 -5.5916213326e-01
   outer loop
     vertex 1.2500000000e-01 6.4495413522e-02 -2.7236240567e-02
     vertex 1.3750000000e-01 4.9487769393e-02 -4.9487769393e-02
     vertex 1.2500000000e-01 4.9487769393e-02 -4.9487769393e-02
   endloop
 endfacet
 facet normal  0.0000000000e+00 5.5916213326e-01 -8.2905832649e-01
   outer loop
     vertex 1.2500000000e-01 4.9487769393e-02 -4.9487769393e-02
     vertex 1.3750000000e-01 4.9487769393e-02 -4.9487769393e-02
     vertex 1.3750000000e-01 2.7236240567e-02 -6.4495413522e-02
   endloop
 endfacet
 facet normal  0.0000000000e+00 5.5916213326e-01 -8.2905832649e-01
   outer loop
     vertex 1.2500000000e-01 4.9487769393e-02 -4.9487769393e-02
     vertex 1.3750000000e-01 2.7236240567e-02 -6.4495413522e-02
     vertex 1.2500000000e-01 2.7236240567e-02 -6.4495413522e-02
   endloop
 endfacet
 facet normal  0.0000000000e+00 1.9809986972e-01 -9.8018184110e-01
   outer loop
     vertex 1.2500000000e-01 2.7236240567e-02 -6.4495413522e-02
     vertex 1.3750000000e-01 2.7236240567e-02 -6.4495413522e-02
     vertex 1.3750000000e-01 0.0000000000e+00 -7.0000000000e-02
   endloop
 endfacet
 facet normal  0.0000000000e+00 1.9809986972e-01 -9.8018184110e-01
   outer loop
     vertex 1.2500000000e-01 2.7236240567e-02 -6.4495413522e-02
     vertex 1.3750000000e-01 0.0000000000e+00 -7.0000000000e-02
     vertex 1.2500000000e-01 0.0000000000e+00 -7.0000000000e-02
   endloop
 endfacet
 facet normal  -0.0000000000e+00 -1.9809986972e-01 -9.8018184110e-01
   outer loop
     vertex 1.2500000000e-01 0.0000000000e+00 -7.0000000000e-02
     vertex 1.3750000000e-01 0.0000000000e+00 -7.0000000000e-02
     vertex 1.2500000000e-01 -2.7236240567e-02 -6.4495413522e-02
   endloop
 endfacet
 facet normal  -0.0000000000e+00 -1.9809986972e-01 -9.8018184110e-01
   outer loop
     vertex 1.3750000000e-01 0.0000000000e+00 -7.0000000000e-02
     vertex 1.3750000000e-01 -2.7236240567e-02 -6.4495413522e-02
     vertex 1.2500000000e-01 -2.7236240567e-02 -6.4495413522e-02
   endloop
 endfacet
 facet normal  -0.0000000000e+00 -5.5916213326e-01 -8.2905832649e-01
   outer loop
     vertex 1.2500000000e-01 -2.7236240567e-02 -6.4495413522e-02
     vertex 1.3750000000e-01 -2.7236240567e-02 -6.4495413522e-02
     vertex 1.2500000000e-01 -4.9487769393e-02 -4.9487769393e-02
   endloop
 endfacet
 facet normal  -0.0000000000e+00 -5.5916213326e-01 -8.2905832649e-01
   outer loop
     vertex 1.3750000000e-01 -2.7236240567e-02 -6.4495413522e-02
     vertex 1.3750000000e-01 -4.9487769393e-02 -4.9487769393e-02
     vertex 1.2500000000e-01 -4.9487769393e-02 -4.9487769393e-02
   endloop
 endfacet
 facet normal  -0.0000000000e+00 -8.2905832649e-01 -5.5916213326e-01
   outer loop
     vertex 1.2500000000e-01 -4.9487769393e-02 -4.9487769393e-02
     vertex 1.3750000000e-01 -4.9487769393e-02 -4.9487769393e-02
     vertex 1.2500000000e-01 -6.4495413522e-02 -2.7236240567e-02
   endloop
 endfacet
 facet normal  -0.0000000000e+00 -8.2905832649e-01 -5.5916213326e-01
   outer loop
     vertex 1.3750000000e-01 -4.9487769393e-02 -4.9487769393e-02
     vertex 1.3750000000e-01 -6.4495413522e-02 -2.7236240567e-02
     vertex 1.2500000000e-01 -6.4495413522e-02 -2.7236240567e-02
   endloop
 endfacet
 facet normal  -0.0000000000e+00 -9.8018184110e-01 -1.9809986972e-01
   outer loop
     vertex 1.2500000000e-01 -6.4495413522e-02 -2.7236240567e-02
     vertex 1.3750000000e-01 -6.4495413522e-02 -2.7236240567e-02
     vertex 1.2500000000e-01 -7.0000000000e-02 0.0000000000e+00
   endloop
 endfacet
 facet normal  -0.0000000000e+00 -9.8018184110e-01 -1.9809986972e-01
   outer loop
     vertex 1.3750000000e-01 -6.4495413522e-02 -2.7236240567e-02
     vertex 1.3750000000e-01 -7.0000000000e-02 0.0000000000e+00
     vertex 1.2500000000e-01 -7.0000000000e-02 0.0000000000e+00
   endloop
 endfacet
 facet normal  0.0000000000e+00 -9.8018184110e-01 1.9809986972e-01
   outer loop
     vertex 1.2500000000e-01 -7.0000000000e-02 0.0000000000e+00
     vertex 1.3750000000e-01 -7.0000000000e-02 0.0000000000e+00
     vertex 1.3750000000e-01 -6.4495413522e-02 2.7236240567e-02
   endloop
 endfacet
 facet normal  0.0000000000e+00 -9.8018184110e-01 1.9809986972e-01
   outer loop
     vertex 1.2500000000e-01 -7.0000000000e-02 0.0000000000e+00
     vertex 1.3750000000e-01 -6.4495413522e-02 2.7236240567e-02
     vertex 1.2500000000e-01 -6.4495413522e-02 2.7236240567e-02
   endloop
 endfacet
 facet normal  0.0000000000e+00 -8.2905832649e-01 5.5916213326e-01
   outer loop
     vertex 1.2500000000e-01 -6.4495413522e-02 2.7236240567e-02
     vertex 1.3750000000e-01 -6.4495413522e-02 2.7236240567e-02
     vertex 1.3750000000e-01 -4.9487769393e-02 4.9487769393e-02
   endloop
 endfacet
 facet normal  0.0000000000e+00 -8.2905832649e-01 5.5916213326e-01
   outer loop
     vertex 1.2500000000e-01 -6.4495413522e-02 2.7236240567e-02
     vertex 1.3750000000e-01 -4.9487769393e-02 4.9487769393e-02
     vertex 1.2500000000e-01 -4.9487769393e-02 4.9487769393e-02
   endloop
 endfacet
 facet normal  0.0000000000e+00 -5.5916213326e-01 8.2905832649e-01
   outer loop
     vertex 1.2500000000e-01 -4.9487769393e-02 4.9487769393e-02
     vertex 1.3750000000e-01 -4.9487769393e-02 4.9487769393e-02
     vertex 1.3750000000e-01 -2.7236240567e-02 6.4495413522e-02
   endloop
 endfacet
 facet normal  0.0000000000e+00 -5.5916213326e-01 8.2905832649e-01
   outer loop
     vertex 1.2500000000e-01 -4.9487769393e-02 4.9487769393e-02
     vertex 1.3750000000e-01 -2.7236240567e-02 6.4495413522e-02
     vertex 1.2500000000e-01 -2.7236240567e-02 6.4495413522e-02
   endloop
 endfacet
 facet normal  0.0000000000e+00 -1.9809986972e-01 9.8018184110e-01
   outer loop
     vertex 1.2500000000e-01 -2.7236240567e-02 6.4495413522e-02
     vertex 1.3750000000e-01 -2.7236240567e-02 6.4495413522e-02
     vertex 1.3750000000e-01 0.0000000000e+00 7.0000000000e-02
   endloop
 endfacet
 facet normal  0.0000000000e+00 -1.9809986972e-01 9.8018184110e-01
   outer loop
     vertex 1.2500000000e-01 -2.7236240567e-02 6.4495413522e-02
     vertex 1.3750000000e-01 0.0000000000e+00 7.0000000000e-02
     vertex 1.2500000000e-01 0.0000000000e+00 7.0000000000e-02
   endloop
 endfacet
 facet normal  0.0000000000e+00 1.9809986972e-01 9.8018184110e-01
   outer loop
     vertex 1.2500000000e-01 0.0000000000e+00 7.0000000000e-02
     vertex 1.3750000000e-01 0.0000000000e+00 7.0000000000e-02
     vertex 1.2500000000e-01 2.7236240567e-02 6.4495413522e-02
   endloop
 endfacet
 facet normal  0.0000000000e+00 1.9809986972e-01 9.8018184110e-01
   outer loop
     vertex 1.3750000000e-01 0.0000000000e+00 7.0000000000e-02
     vertex 1.3750000000e-01 2.7236240567e-02 6.4495413522e-02
     vertex 1.2500000000e-01 2.7236240567e-02 6.4495413522e-02
   endloop
 endfacet
 facet normal  0.0000000000e+00 5.5916213326e-01 8.2905832649e-01
   outer loop
     vertex 1.2500000000e-01 2.7236240567e-02 6.4495413522e-02
     vertex 1.3750000000e-01 2.7236240567e-02 6.4495413522e-02
     vertex 1.2500000000e-01 4.9487769393e-02 4.9487769393e-02
   endloop
 endfacet
 facet normal  0.0000000000e+00 5.5916213326e-01 8.2905832649e-01
   outer loop
     vertex 1.3750000000e-01 2.7236240567e-02 6.4495413522e-02
     vertex 1.3750000000e-01 4.9487769393e-02 4.9487769393e-02
     vertex 1.2500000000e-01 4.9487769393e-02 4.9487769393e-02
   endloop
 endfacet
 facet normal  0.0000000000e+00 8.2905832649e-01 5.5916213326e-01
   outer loop
     vertex 1.2500000000e-01 4.9487769393e-02 4.9487769393e-02
     vertex 1.3750000000e-01 4.9487769393e-02 4.9487769393e-02
     vertex 1.2500000000e-01 6.4495413522e-02 2.7236240567e-02
   endloop
 endfacet
 facet normal  0.0000000000e+00 8.2905832649e-01 5.5916213326e-01
   outer loop
     vertex 1.3750000000e-01 4.9487769393e-02 4.9487769393e-02
     vertex 1.3750000000e-01 6.4495413522e-02 2.7236240567e-02
     vertex 1.2500000000e-01 6.4495413522e-02 2.7236240567e-02
   endloop
 endfacet
 facet normal  0.0000000000e+00 9.8018184110e-01 1.9809986972e-01
   outer loop
     vertex 1.2500000000e-01 6.4495413522e-02 2.7236240567e-02
     vertex 1.3750000000e-01 6.4495413522e-02 2.7236240567e-02
     vertex 1.2500000000e-01 7.0000000000e-02 0.0000000000e+00
   endloop
 endfacet
 facet normal  0.0000000000e+00 9.8018184110e-01 1.9809986972e-01
   outer loop
     vertex 1.3750000000e-01 6.4495413522e-02 2.7236240567e-02
     vertex 1.3750000000e-01 7.0000000000e-02 0.0000000000e+00
     vertex 1.2500000000e-01 7.0000000000e-02 0.0000000000e+00
   endloop
 endfacet
 facet normal  0.0000000000e+00 9.8018184110e-01 -1.9809986972e-01
   outer loop
     vertex 1.3750000000e-01 7.0000000000e-02 0.0000000000e+00
     vertex 1.5000000000e-01 7.0000000000e-02 0.0000000000e+00
     vertex 1.5000000000e-01 6.4495413522e-02 -2.7236240567e-02
   endloop
 endfacet
 facet normal  0.0000000000e+00 9.8018184110e-01 -1.9809986972e-01
   outer loop
     vertex 1.3750000000e-01 7.0000000000e-02 0.0000000000e+00
     vertex 1.5000000000e-01 6.4495413522e-02 -2.7236240567e-02
     vertex 1.3750000000e-01 6.4495413522e-02 -2.7236240567e-02
   endloop
 endfacet
 facet normal  0.0000000000e+00 8.2905832649e-01 -5.5916213326e-01
   outer loop
     vertex 1.3750000000e-01 6.4495413522e-02 -2.7236240567e-02
     vertex 1.5000000000e-01 6.4495413522e-02 -2.7236240567e-02
     vertex 1.5000000000e-01 4.9487769393e-02 -4.9487769393e-02
   endloop
 endfacet
 facet normal  0.0000000000e+00 8.2905832649e-01 -5.5916213326e-01
   outer loop
     vertex 1.3750000000e-01 6.4495413522e-02 -2.7236240567e-02
     vertex 1.5000000000e-01 4.9487769393e-02 -4.9487769393e-02
     vertex 1.3750000000e-01 4.9487769393e-02 -4.9487769393e-02
   endloop
 endfacet
 facet normal  0.0000000000e+00 5.5916213326e-01 -8.2905832649e-01
   outer loop
     vertex 1.3750000000e-01 4.9487769393e-02 -4.9487769393e-02
     vertex 1.5000000000e-01 4.9487769393e-02 -4.9487769393e-02
     vertex 1.5000000000e-01 2.7236240567e-02 -6.4495413522e-02
   endloop
 endfacet
 facet normal  0.0000000000e+00 5.5916213326e-01 -8.2905832649e-01
   outer loop
     vertex 1.3750000000e-01 4.9487769393e-02 -4.9487769393e-02
     vertex 1.5000000000e-01 2.7236240567e-02 -6.4495413522e-02
     vertex 1.3750000000e-01 2.7236240567e-02 -6.4495413522e-02
   endloop
 endfacet
 facet normal  0.0000000000e+00 1.9809986972e-01 -9.8018184110e-01
   outer loop
     vertex 1.3750000000e-01 2.7236240567e-02 -6.4495413522e-02
     vertex 1.5000000000e-01 2.7236240567e-02 -6.4495413522e-02
     vertex 1.5000000000e-01 0.0000000000e+00 -7.0000000000e-02
   endloop
 endfacet
 facet normal  0.0000000000e+00 1.9809986972e-01 -9.8018184110e-01
   outer loop
     vertex 1.3750000000e-01 2.7236240567e-02 -6.4495413522e-02
     vertex 1.5000000000e-01 0.0000000000e+00 -7.0000000000e-02
     vertex 1.3750000000e-01 0.0000000000e+00 -7.0000000000e-02
   endloop
 endfacet
 facet normal  -0.0000000000e+00 -1.9809986972e-01 -9.8018184110e-01
   outer loop
     vertex 1.3750000000e-01 0.0000000000e+00 -7.0000000000e-02
     vertex 1.5000000000e-01 0.0000000000e+00 -7.0000000000e-02
     vertex 1.3750000000e-01 -2.7236240567e-02 -6.4495413522e-02
   endloop
 endfacet
 facet normal  -0.0000000000e+00 -1.9809986972e-01 -9.8018184110e-01
   outer loop
     vertex 1.5000000000e-01 0.0000000000e+00 -7.0000000000e-02
     vertex 1.5000000000e-01 -2.7236240567e-02 -6.4495413522e-02
     vertex 1.3750000000e-01 -2.7236240567e-02 -6.4495413522e-02
   endloop
 endfacet
 facet normal  -0.0000000000e+00 -5.5916213326e-01 -8.2905832649e-01
   outer loop
     vertex 1.3750000000e-01 -2.7236240567e-02 -6.4495413522e-02
     vertex 1.5000000000e-01 -2.7236240567e-02 -6.4495413522e-02
     vertex 1.3750000000e-01 -4.9487769393e-02 -4.9487769393e-02
   endloop
 endfacet
 facet normal  -0.0000000000e+00 -5.5916213326e-01 -8.2905832649e-01
   outer loop
     vertex 1.5000000000e-01 -2.7236240567e-02 -6.4495413522e-02
     vertex 1.5000000000e-01 -4.9487769393e-02 -4.9487769393e-02
     vertex 1.3750000000e-01 -4.9487769393e-02 -4.9487769393e-02
   endloop
 endfacet
 facet normal  -0.0000000000e+00 -8.2905832649e-01 -5.5916213326e-01
   outer loop
     vertex 1.3750000000e-01 -4.9487769393e-02 -4.9487769393e-02
     vertex 1.5000000000e-01 -4.9487769393e-02 -4.9487769393e-02
     vertex 1.3750000000e-01 -6.4495413522e-02 -2.7236240567e-02
   endloop
 endfacet
 facet normal  -0.0000000000e+00 -8.2905832649e-01 -5.5916213326e-01
   outer loop
     vertex 1.5000000000e-01 -4.9487769393e-02 -4.9487769393e-02
     vertex 1.5000000000e-01 -6.4495413522e-02 -2.7236240567e-02
     vertex 1.3750000000e-01 -6.4495413522e-02 -2.7236240567e-02
   endloop
 endfacet
 facet normal  -0.0000000000e+00 -9.8018184110e-01 -1.9809986972e-01
   outer loop
     vertex 1.3750000000e-01 -6.4495413522e-02 -2.7236240567e-02
     vertex 1.5000000000e-01 -6.4495413522e-02 -2.7236240567e-02
     vertex 1.3750000000e-01 -7.0000000000e-02 0.0000000000e+00
   endloop
 endfacet
 facet normal  -0.0000000000e+00 -9.8018184110e-01 -1.9809986972e-01
   outer loop
     vertex 1.5000000000e-01 -6.4495413522e-02 -2.7236240567e-02
     vertex 1.5000000000e-01 -7.0000000000e-02 0.0000000000e+00
     vertex 1.3750000000e-01 -7.0000000000e-02 0.0000000000e+00
   endloop
 endfacet
 facet normal  0.0000000000e+00 -9.8018184110e-01 1.9809986972e-01
   outer loop
     vertex 1.3750000000e-01 -7.0000000000e-02 0.0000000000e+00
     vertex 1.5000000000e-01 -7.0000000000e-02 0.0000000000e+00
     vertex 1.5000000000e-01 -6.4495413522e-02 2.7236240567e-02
   endloop
 endfacet
 facet normal  0.0000000000e+00 -9.8018184110e-01 1.9809986972e-01
   outer loop
     vertex 1.3750000000e-01 -7.0000000000e-02 0.0000000000e+00
     vertex 1.5000000000e-01 -6.4495413522e-02 2.7236240567e-02
     vertex 1.3750000000e-01 -6.4495413522e-02 2.7236240567e-02
   endloop
 endfacet
 facet normal  0.0000000000e+00 -8.2905832649e-01 5.5916213326e-01
   outer loop
     vertex 1.3750000000e-01 -6.4495413522e-02 2.7236240567e-02
     vertex 1.5000000000e-01 -6.4495413522e-02 2.7236240567e-02
     vertex 1.5000000000e-01 -4.9487769393e-02 4.9487769393e-02
   endloop
 endfacet
 facet normal  0.0000000000e+00 -8.2905832649e-01 5.5916213326e-01
   outer loop
     vertex 1.3750000000e-01 -6.4495413522e-02 2.7236240567e-02
     vertex 1.5000000000e-01 -4.9487769393e-02 4.9487769393e-02
     vertex 1.3750000000e-01 -4.9487769393e-02 4.9487769393e-02
   endloop
 endfacet
 facet normal  0.0000000000e+00 -5.5916213326e-01 8.2905832649e-01
   outer loop
     vertex 1.3750000000e-01 -4.9487769393e-02 4.9487769393e-02
     vertex 1.5000000000e-01 -4.9487769393e-02 4.9487769393e-02
     vertex 1.5000000000e-01 -2.7236240567e-02 6.4495413522e-02
   endloop
 endfacet
 facet normal  0.0000000000e+00 -5.5916213326e-01 8.2905832649e-01
   outer loop
     vertex 1.3750000000e-01 -4.9487769393e-02 4.9487769393e-02
     vertex 1.5000000000e-01 -2.7236240567e-02 6.4495413522e-02
     vertex 1.3750000000e-01 -2.7236240567e-02 6.4495413522e-02
   endloop
 endfacet
 facet normal  0.0000000000e+00 -1.9809986972e-01 9.8018184110e-01
   outer loop
     vertex 1.3750000000e-01 -2.7236240567e-02 6.4495413522e-02
     vertex 1.5000000000e-01 -2.7236240567e-02 6.4495413522e-02
     vertex 1.5000000000e-01 0.0000000000e+00 7.0000000000e-02
   endloop
 endfacet
 facet normal  0.0000000000e+00 -1.9809986972e-01 9.8018184110e-01
   outer loop
     vertex 1.3750000000e-01 -2.7236240567e-02 6.4495413522e-02
     vertex 1.5000000000e-01 0.0000000000e+00 7.0000000000e-02
     vertex 1.3750000000e-01 0.0000000000e+00 7.0000000000e-02
   endloop
 endfacet
 facet normal  0.0000000000e+00 1.9809986972e-01 9.8018184110e-01
   outer loop
     vertex 1.3750000000e-01 0.0000000000e+00 7.0000000000e-02
     vertex 1.5000000000e-01 0.0000000000e+00 7.0000000000e-02
     vertex 1.3750000000e-01 2.7236240567e-02 6.4495413522e-02
   endloop
 endfacet
 facet normal  0.0000000000e+00 1.9809986972e-01 9.8018184110e-01
   outer loop
     vertex 1.5000000000e-01 0.0000000000e+00 7.0000000000e-02
     vertex 1.5000000000e-01 2.7236240567e-02 6.4495413522e-02
     vertex 1.3750000000e-01 2.7236240567e-02 6.4495413522e-02
   endloop
 endfacet
 facet normal  0.0000000000e+00 5.5916213326e-01 8.2905832649e-01
   outer loop
     vertex 1.3750000000e-01 2.7236240567e-02 6.4495413522e-02
     vertex 1.5000000000e-01 2.7236240567e-02 6.4495413522e-02
     vertex 1.3750000000e-01 4.9487769393e-02 4.9487769393e-02
   endloop
 endfacet
 facet normal  0.0000000000e+00 5.5916213326e-01 8.2905832649e-01
   outer loop
     vertex 1.5000000000e-01 2.7236240567e-02 6.4495413522e-02
     vertex 1.5000000000e-01 4.9487769393e-02 4.9487769393e-02
     vertex 1.3750000000e-01 4.9487769393e-02 4.9487769393e-02
   endloop
 endfacet
 facet normal  0.0000000000e+00 8.2905832649e-01 5.5916213326e-01
   outer loop
     vertex 1.3750000000e-01 4.9487769393e-02 4.9487769393e-02
     vertex 1.5000000000e-01 4.9487769393e-02 4.9487769393e-02
     vertex 1.3750000000e-01 6.4495413522e-02 2.7236240567e-02
   endloop
 endfacet
 facet normal  0.0000000000e+00 8.2905832649e-01 5.5916213326e-01
   outer loop
     vertex 1.5000000000e-01 4.9487769393e-02 4.9487769393e-02
     vertex 1.5000000000e-01 6.4495413522e-02 2.7236240567e-02
     vertex 1.3750000000e-01 6.4495413522e-02 2.7236240567e-02
   endloop
 endfacet
 facet normal  0.0000000000e+00 9.8018184110e-01 1.9809986972e-01
   outer loop
     vertex 1.3750000000e-01 6.4495413522e-02 2.7236240567e-02
     vertex 1.5000000000e-01 6.4495413522e-02 2.7236240567e-02
     vertex 1.3750000000e-01 7.0000000000e-02 0.0000000000e+00
   endloop
 endfacet
 facet normal  0.0000000000e+00 9.8018184110e-01 1.9809986972e-01
   outer loop
     vertex 1.5000000000e-01 6.4495413522e-02 2.7236240567e-02
     vertex 1.5000000000e-01 7.0000000000e-02 0.0000000000e+00
     vertex 1.3750000000e-01 7.0000000000e-02 0.0000000000e+00
   endloop
 endfacet
 facet normal  0.0000000000e+00 9.8018184110e-01 -1.9809986972e-01
   outer loop
     vertex 1.5000000000e-01 7.0000000000e-02 0.0000000000e+00
     vertex 1.6250000000e-01 7.0000000000e-02 0.0000000000e+00
     vertex 1.6250000000e-01 6.4495413522e-02 -2.7236240567e-02
   endloop
 endfacet
 facet normal  0.0000000000e+00 9.8018184110e-01 -1.9809986972e-01
   outer loop
     vertex 1.5000000000e-01 7.0000000000e-02 0.0000000000e+00
     vertex 1.6250000000e-01 6.4495413522e-02 -2.7236240567e-02
     vertex 1.5000000000e-01 6.4495413522e-02 -2.7236240567e-02
   endloop
 endfacet
 facet normal  0.0000000000e+00 8.2905832649e-01 -5.5916213326e-01
   outer loop
     vertex 1.5000000000e-01 6.4495413522e-02 -2.7236240567e-02
     vertex 1.6250000000e-01 6.4495413522e-02 -2.7236240567e-02
     vertex 1.6250000000e-01 4.9487769393e-02 -4.9487769393e-02
   endloop
 endfacet
 facet normal  0.0000000000e+00 8.2905832649e-01 -5.5916213326e-01
   outer loop
     vertex 1.5000000000e-01 6.4495413522e-02 -2.7236240567e-02
     vertex 1.6250000000e-01 4.9487769393e-02 -4.9487769393e-02
     vertex 1.5000000000e-01 4.9487769393e-02 -4.9487769393e-02
   endloop
 endfacet
 facet normal  0.0000000000e+00 5.5916213326e-01 -8.2905832649e-01
   outer loop
     vertex 1.5000000000e-01 4.9487769393e-02 -4.9487769393e-02
     vertex 1.6250000000e-01 4.9487769393e-02 -4.9487769393e-02
     vertex 1.6250000000e-01 2.7236240567e-02 -6.4495413522e-02
   endloop
 endfacet
 facet normal  0.0000000000e+00 5.5916213326e-01 -8.2905832649e-01
   outer loop
     vertex 1.5000000000e-01 4.9487769393e-02 -4.9487769393e-02
     vertex 1.6250000000e-01 2.7236240567e-02 -6.4495413522e-02
     vertex 1.5000000000e-01 2.7236240567e-02 -6.4495413522e-02
   endloop
 endfacet
 facet normal  0.0000000000e+00 1.9809986972e-01 -9.8018184110e-01
   outer loop
     vertex 1.5000000000e-01 2.7236240567e-02 -6.4495413522e-02
     vertex 1.6250000000e-01 2.7236240567e-02 -6.4495413522e-02
     vertex 1.6250000000e-01 0.0000000000e+00 -7.0000000000e-02
   endloop
 endfacet
 facet normal  0.0000000000e+00 1.9809986972e-01 -9.8018184110e-01
   outer loop
     vertex 1.5000000000e-01 2.7236240567e-02 -6.4495413522e-02
     vertex 1.6250000000e-01 0.0000000000e+00 -7.0000000000e-02
     vertex 1.5000000000e-01 0.0000000000e+00 -7.0000000000e-02
   endloop
 endfacet
 facet normal  -0.0000000000e+00 -1.9809986972e-01 -9.8018184110e-01
   outer loop
     vertex 1.5000000000e-01 0.0000000000e+00 -7.0000000000e-02
     vertex 1.6250000000e-01 0.0000000000e+00 -7.0000000000e-02
     vertex 1.5000000000e-01 -2.7236240567e-02 -6.4495413522e-02
   endloop
 endfacet
 facet normal  -0.0000000000e+00 -1.9809986972e-01 -9.8018184110e-01
   outer loop
     vertex 1.6250000000e-01 0.0000000000e+00 -7.0000000000e-02
     vertex 1.6250000000e-01 -2.7236240567e-02 -6.4495413522e-02
     vertex 1.5000000000e-01 -2.7236240567e-02 -6.4495413522e-02
   endloop
 endfacet
 facet normal  -0.0000000000e+00 -5.5916213326e-01 -8.2905832649e-01
   outer loop
     vertex 1.5000000000e-01 -2.7236240567e-02 -6.4495413522e-02
     vertex 1.6250000000e-01 -2.7236240567e-02 -6.4495413522e-02
     vertex 1.5000000000e-01 -4.9487769393e-02 -4.9487769393e-02
   endloop
 endfacet
 facet normal  -0.0000000000e+00 -5.5916213326e-01 -8.2905832649e-01
   outer loop
     vertex 1.6250000000e-01 -2.7236240567e-02 -6.4495413522e-02
     vertex 1.6250000000e-01 -4.9487769393e-02 -4.9487769393e-02
     vertex 1.5000000000e-01 -4.9487769393e-02 -4.9487769393e-02
   endloop
 endfacet
 facet normal  -0.0000000000e+00 -8.2905832649e-01 -5.5916213326e-01
   outer loop
     vertex 1.5000000000e-01 -4.9487769393e-02 -4.9487769393e-02
     vertex 1.6250000000e-01 -4.9487769393e-02 -4.9487769393e-02
     vertex 1.5000000000e-01 -6.4495413522e-02 -2.7236240567e-02
   endloop
 endfacet
 facet normal  -0.0000000000e+00 -8.2905832649e-01 -5.5916213326e-01
   outer loop
     vertex 1.6250000000e-01 -4.9487769393e-02 -4.9487769393e-02
     vertex 1.6250000000e-01 -6.4495413522e-02 -2.7236240567e-02
     vertex 1.5000000000e-01 -6.4495413522e-02 -2.7236240567e-02
   endloop
 endfacet
 facet normal  -0.0000000000e+00 -9.8018184110e-01 -1.9809986972e-01
   outer loop
     vertex 1.5000000000e-01 -6.4495413522e-02 -2.7236240567e-02
     vertex 1.6250000000e-01 -6.4495413522e-02 -2.7236240567e-02
     vertex 1.5000000000e-01 -7.0000000000e-02 0.0000000000e+00
   endloop
 endfacet
 facet normal  -0.0000000000e+00 -9.8018184110e-01 -1.9809986972e-01
   outer loop
     vertex 1.6250000000e-01 -6.4495413522e-02 -2.7236240567e-02
     vertex 1.6250000000e-01 -7.0000000000e-02 0.0000000000e+00
     vertex 1.5000000000e-01 -7.0000000000e-02 0.0000000000e+00
   endloop
 endfacet
 facet normal  0.0000000000e+00 -9.8018184110e-01 1.9809986972e-01
   outer loop
     vertex 1.5000000000e-01 -7.0000000000e-02 0.0000000000e+00
     vertex 1.6250000000e-01 -7.0000000000e-02 0.0000000000e+00
     vertex 1.6250000000e-01 -6.4495413522e-02 2.7236240567e-02
   endloop
 endfacet
 facet normal  0.0000000000e+00 -9.8018184110e-01 1.9809986972e-01
   outer loop
     vertex 1.5000000000e-01 -7.0000000000e-02 0.0000000000e+00
     vertex 1.6250000000e-01 -6.4495413522e-02 2.7236240567e-02
     vertex 1.5000000000e-01 -6.4495413522e-02 2.7236240567e-02
   endloop
 endfacet
 facet normal  0.0000000000e+00 -8.2905832649e-01 5.5916213326e-01
   outer loop
     vertex 1.5000000000e-01 -6.4495413522e-02 2.7236240567e-02
     vertex 1.6250000000e-01 -6.4495413522e-02 2.7236240567e-02
     vertex 1.6250000000e-01 -4.9487769393e-02 4.9487769393e-02
   endloop
 endfacet
 facet normal  0.0000000000e+00 -8.2905832649e-01 5.5916213326e-01
   outer loop
     vertex 1.5000000000e-01 -6.4495413522e-02 2.7236240567e-02
     vertex 1.6250000000e-01 -4.9487769393e-02 4.9487769393e-02
     vertex 1.5000000000e-01 -4.9487769393e-02 4.9487769393e-02
   endloop
 endfacet
 facet normal  0.0000000000e+00 -5.5916213326e-01 8.2905832649e-01
   outer loop
     vertex 1.5000000000e-01 -4.9487769393e-02 4.9487769393e-02
     vertex 1.6250000000e-01 -4.9487769393e-02 4.9487769393e-02
     vertex 1.6250000000e-01 -2.7236240567e-02 6.4495413522e-02
   endloop
 endfacet
 facet normal  0.0000000000e+00 -5.5916213326e-01 8.2905832649e-01
   outer loop
     vertex 1.5000000000e-01 -4.9487769393e-02 4.9487769393e-02
     vertex 1.6250000000e-01 -2.7236240567e-02 6.4495413522e-02
     vertex 1.5000000000e-01 -2.7236240567e-02 6.4495413522e-02
   endloop
 endfacet
 facet normal  0.0000000000e+00 -1.9809986972e-01 9.8018184110e-01
   outer loop
     vertex 1.5000000000e-01 -2.7236240567e-02 6.4495413522e-02
     vertex 1.6250000000e-01 -2.7236240567e-02 6.4495413522e-02
     vertex 1.6250000000e-01 0.0000000000e+00 7.0000000000e-02
   endloop
 endfacet
 facet normal  0.0000000000e+00 -1.9809986972e-01 9.8018184110e-01
   outer loop
     vertex 1.5000000000e-01 -2.7236240567e-02 6.4495413522e-02
     vertex 1.6250000000e-01 0.0000000000e+00 7.0000000000e-02
     vertex 1.5000000000e-01 0.0000000000e+00 7.0000000000e-02
   endloop
 endfacet
 facet normal  0.0000000000e+00 1.9809986972e-01 9.8018184110e-01
   outer loop
     vertex 1.5000000000e-01 0.0000000000e+00 7.0000000000e-02
     vertex 1.6250000000e-01 0.0000000000e+00 7.0000000000e-02
     vertex 1.5000000000e-01 2.7236240567e-02 6.4495413522e-02
   endloop
 endfacet
 facet normal  0.0000000000e+00 1.9809986972e-01 9.8018184110e-01
   outer loop
     vertex 1.6250000000e-01 0.0000000000e+00 7.0000000000e-02
     vertex 1.6250000000e-01 2.7236240567e-02 6.4495413522e-02
     vertex 1.5000000000e-01 2.7236240567e-02 6.4495413522e-02
   endloop
 endfacet
 facet normal  0.0000000000e+00 5.5916213326e-01 8.2905832649e-01
   outer loop
     vertex 1.5000000000e-01 2.7236240567e-02 6.4495413522e-02
     vertex 1.6250000000e-01 2.7236240567e-02 6.4495413522e-02
     vertex 1.5000000000e-01 4.9487769393e-02 4.9487769393e-02
   endloop
 endfacet
 facet normal  0.0000000000e+00 5.5916213326e-01 8.2905832649e-01
   outer loop
     vertex 1.6250000000e-01 2.7236240567e-02 6.4495413522e-02
     vertex 1.6250000000e-01 4.9487769393e-02 4.9487769393e-02
     vertex 1.5000000000e-01 4.9487769393e-02 4.9487769393e-02
   endloop
 endfacet
 facet normal  0.0000000000e+00 8.2905832649e-01 5.5916213326e-01
   outer loop
     vertex 1.5000000000e-01 4.9487769393e-02 4.9487769393e-02
     vertex 1.6250000000e-01 4.9487769393e-02 4.9487769393e-02
     vertex 1.5000000000e-01 6.4495413522e-02 2.7236240567e-02
   endloop
 endfacet
 facet normal  0.0000000000e+00 8.2905832649e-01 5.5916213326e-01
   outer loop
     vertex 1.6250000000e-01 4.9487769393e-02 4.9487769393e-02
     vertex 1.6250000000e-01 6.4495413522e-02 2.7236240567e-02
     vertex 1.5000000000e-01 6.4495413522e-02 2.7236240567e-02
   endloop
 endfacet
 facet normal  0.0000000000e+00 9.8018184110e-01 1.9809986972e-01
   outer loop
     vertex 1.5000000000e-01 6.4495413522e-02 2.7236240567e-02
     vertex 1.6250000000e-01 6.4495413522e-02 2.7236240567e-02
     vertex 1.5000000000e-01 7.0000000000e-02 0.0000000000e+00
   endloop
 endfacet
 facet normal  0.0000000000e+00 9.8018184110e-01 1.9809986972e-01
   outer loop
     vertex 1.6250000000e-01 6.4495413522e-02 2.7236240567e-02
     vertex 1.6250000000e-01 7.0000000000e-02 0.0000000000e+00
     vertex 1.5000000000e-01 7.0000000000e-02 0.0000000000e+00
   endloop
 endfacet
 facet normal  0.0000000000e+00 9.8018184110e-01 -1.9809986972e-01
   outer loop
     vertex 1.6250000000e-01 7.0000000000e-02 0.0000000000e+00
     vertex 1.7500000000e-01 7.0000000000e-02 0.0000000000e+00
     vertex 1.7500000000e-01 6.4495413522e-02 -2.7236240567e-02
   endloop
 endfacet
 facet normal  0.0000000000e+00 9.8018184110e-01 -1.9809986972e-01
   outer loop
     vertex 1.6250000000e-01 7.0000000000e-02 0.0000000000e+00
     vertex 1.7500000000e-01 6.4495413522e-02 -2.7236240567e-02
     vertex 1.6250000000e-01 6.4495413522e-02 -2.7236240567e-02
   endloop
 endfacet
 facet normal  0.0000000000e+00 8.2905832649e-01 -5.5916213326e-01
   outer loop
     vertex 1.6250000000e-01 6.4495413522e-02 -2.7236240567e-02
     vertex 1.7500000000e-01 6.4495413522e-02 -2.7236240567e-02
     vertex 1.7500000000e-01 4.9487769393e-02 -4.9487769393e-02
   endloop
 endfacet
 facet normal  0.0000000000e+00 8.2905832649e-01 -5.5916213326e-01
   outer loop
     vertex 1.6250000000e-01 6.4495413522e-02 -2.7236240567e-02
     vertex 1.7500000000e-01 4.9487769393e-02 -4.9487769393e-02
     vertex 1.6250000000e-01 4.9487769393e-02 -4.9487769393e-02
   endloop
 endfacet
 facet normal  0.0000000000e+00 5.5916213326e-01 -8.2905832649e-01
   outer loop
     vertex 1.6250000000e-01 4.9487769393e-02 -4.9487769393e-02
     vertex 1.7500000000e-01 4.9487769393e-02 -4.9487769393e-02
     vertex 1.7500000000e-01 2.7236240567e-02 -6.4495413522e-02
   endloop
 endfacet
 facet normal  0.0000000000e+00 5.5916213326e-01 -8.2905832649e-01
   outer loop
     vertex 1.6250000000e-01 4.9487769393e-02 -4.9487769393e-02
     vertex 1.7500000000e-01 2.7236240567e-02 -6.4495413522e-02
     vertex 1.6250000000e-01 2.7236240567e-02 -6.4495413522e-02
   endloop
 endfacet
 facet normal  0.0000000000e+00 1.9809986972e-01 -9.8018184110e-01
   outer loop
     vertex 1.6250000000e-01 2.7236240567e-02 -6.4495413522e-02
     vertex 1.7500000000e-01 2.7236240567e-02 -6.4495413522e-02
     vertex 1.7500000000e-01 0.0000000000e+00 -7.0000000000e-02
   endloop
 endfacet
 facet normal  0.0000000000e+00 1.9809986972e-01 -9.8018184110e-01
   outer loop
     vertex 1.6250000000e-01 2.7236240567e-02 -6.4495413522e-02
     vertex 1.7500000000e-01 0.0000000000e+00 -7.0000000000e-02
     vertex 1.6250000000e-01 0.0000000000e+00 -7.0000000000e-02
   endloop
 endfacet
 facet normal  -0.0000000000e+00 -1.9809986972e-01 -9.8018184110e-01
   outer loop
     vertex 1.6250000000e-01 0.0000000000e+00 -7.0000000000e-02
     vertex 1.7500000000e-01 0.0000000000e+00 -7.0000000000e-02
     vertex 1.6250000000e-01 -2.7236240567e-02 -6.4495413522e-02
   endloop
 endfacet
 facet normal  -0.0000000000e+00 -1.9809986972e-01 -9.8018184110e-01
   outer loop
     vertex 1.7500000000e-01 0.0000000000e+00 -7.0000000000e-02
     vertex 1.7500000000e-01 -2.7236240567e-02 -6.4495413522e-02
     vertex 1.6250000000e-01 -2.7236240567e-02 -6.4495413522e-02
   endloop
 endfacet
 facet normal  -0.0000000000e+00 -5.5916213326e-01 -8.2905832649e-01
   outer loop
     vertex 1.6250000000e-01 -2.7236240567e-02 -6.4495413522e-02
     vertex 1.7500000000e-01 -2.7236240567e-02 -6.4495413522e-02
     vertex 1.6250000000e-01 -4.9487769393e-02 -4.9487769393e-02
   endloop
 endfacet
 facet normal  -0.0000000000e+00 -5.5916213326e-01 -8.2905832649e-01
   outer loop
     vertex 1.7500000000e-01 -2.7236240567e-02 -6.4495413522e-02
     vertex 1.7500000000e-01 -4.9487769393e-02 -4.9487769393e-02
     vertex 1.6250000000e-01 -4.9487769393e-02 -4.9487769393e-02
   endloop
 endfacet
 facet normal  -0.0000000000e+00 -8.2905832649e-01 -5.5916213326e-01
   outer loop
     vertex 1.6250000000e-01 -4.9487769393e-02 -4.9487769393e-02
     vertex 1.7500000000e-01 -4.9487769393e-02 -4.9487769393e-02
     vertex 1.6250000000e-01 -6.4495413522e-02 -2.7236240567e-02
   endloop
 endfacet
 facet normal  -0.0000000000e+00 -8.2905832649e-01 -5.5916213326e-01
   outer loop
     vertex 1.7500000000e-01 -4.9487769393e-02 -4.9487769393e-02
     vertex 1.7500000000e-01 -6.4495413522e-02 -2.7236240567e-02
     vertex 1.6250000000e-01 -6.4495413522e-02 -2.7236240567e-02
   endloop
 endfacet
 facet normal  -0.0000000000e+00 -9.8018184110e-01 -1.9809986972e-01
   outer loop
     vertex 1.6250000000e-01 -6.4495413522e-02 -2.7236240567e-02
     vertex 1.7500000000e-01 -6.4495413522e-02 -2.7236240567e-02
     vertex 1.6250000000e-01 -7.0000000000e-02 0.0000000000e+00
   endloop
 endfacet
 facet normal  -0.0000000000e+00 -9.8018184110e-01 -1.9809986972e-01
   outer loop
     vertex 1.7500000000e-01 -6.4495413522e-02 -2.7236240567e-02
     vertex 1.7500000000e-01 -7.0000000000e-02 0.0000000000e+00
     vertex 1.6250000000e-01 -7.0000000000e-02 0.0000000000e+00
   endloop
 endfacet
 facet normal  0.0000000000e+00 -9.8018184110e-01 1.9809986972e-01
   outer loop
     vertex 1.6250000000e-01 -7.0000000000e-02 0.0000000000e+00
     vertex 1.7500000000e-01 -7.0000000000e-02 0.0000000000e+00
     vertex 1.7500000000e-01 -6.4495413522e-02 2.7236240567e-02
   endloop
 endfacet
 facet normal  0.0000000000e+00 -9.8018184110e-01 1.9809986972e-01
   outer loop
     vertex 1.6250000000e-01 -7.0000000000e-02 0.0000000000e+00
     vertex 1.7500000000e-01 -6.4495413522e-02 2.7236240567e-02
     vertex 1.6250000000e-01 -6.4495413522e-02 2.7236240567e-02
   endloop
 endfacet
 facet normal  0.0000000000e+00 -8.2905832649e-01 5.5916213326e-01
   outer loop
     vertex 1.6250000000e-01 -6.4495413522e-02 2.7236240567e-02
     vertex 1.7500000000e-01 -6.4495413522e-02 2.7236240567e-02
     vertex 1.7500000000e-01 -4.9487769393e-02 4.9487769393e-02
   endloop
 endfacet
 facet normal  0.0000000000e+00 -8.2905832649e-01 5.5916213326e-01
   outer loop
     vertex 1.6250000000e-01 -6.4495413522e-02 2.7236240567e-02
     vertex 1.7500000000e-01 -4.9487769393e-02 4.9487769393e-02
     vertex 1.6250000000e-01 -4.9487769393e-02 4.9487769393e-02
   endloop
 endfacet
 facet normal  0.0000000000e+00 -5.5916213326e-01 8.2905832649e-01
   outer loop
     vertex 1.6250000000e-01 -4.9487769393e-02 4.9487769393e-02
     vertex 1.7500000000e-01 -4.9487769393e-02 4.9487769393e-02
     vertex 1.7500000000e-01 -2.7236240567e-02 6.4495413522e-02
   endloop
 endfacet
 facet normal  0.0000000000e+00 -5.5916213326e-01 8.2905832649e-01
   outer loop
     vertex 1.6250000000e-01 -4.9487769393e-02 4.9487769393e-02
     vertex 1.7500000000e-01 -2.7236240567e-02 6.4495413522e-02
     vertex 1.6250000000e-01 -2.7236240567e-02 6.4495413522e-02
   endloop
 endfacet
 facet normal  0.0000000000e+00 -1.9809986972e-01 9.8018184110e-01
   outer loop
     vertex 1.6250000000e-01 -2.7236240567e-02 6.4495413522e-02
     vertex 1.7500000000e-01 -2.7236240567e-02 6.4495413522e-02
     vertex 1.7500000000e-01 0.0000000000e+00 7.0000000000e-02
   endloop
 endfacet
 facet normal  0.0000000000e+00 -1.9809986972e-01 9.8018184110e-01
   outer loop
     vertex 1.6250000000e-01 -2.7236240567e-02 6.4495413522e-02
     vertex 1.7500000000e-01 0.0000000000e+00 7.0000000000e-02
     vertex 1.6250000000e-01 0.0000000000e+00 7.0000000000e-02
   endloop
 endfacet
 facet normal  0.0000000000e+00 1.9809986972e-01 9.8018184110e-01
   outer loop
     vertex 1.6250000000e-01 0.0000000000e+00 7.0000000000e-02
     vertex 1.7500000000e-01 0.0000000000e+00 7.0000000000e-02
     vertex 1.6250000000e-01 2.7236240567e-02 6.4495413522e-02
   endloop
 endfacet
 facet normal  0.0000000000e+00 1.9809986972e-01 9.8018184110e-01
   outer loop
     vertex 1.7500000000e-01 0.0000000000e+00 7.0000000000e-02
     vertex 1.7500000000e-01 2.7236240567e-02 6.4495413522e-02
     vertex 1.6250000000e-01 2.7236240567e-02 6.4495413522e-02
   endloop
 endfacet
 facet normal  0.0000000000e+00 5.5916213326e-01 8.2905832649e-01
   outer loop
     vertex 1.6250000000e-01 2.7236240567e-02 6.4495413522e-02
     vertex 1.7500000000e-01 2.7236240567e-02 6.4495413522e-02
     vertex 1.6250000000e-01 4.9487769393e-02 4.9487769393e-02
   endloop
 endfacet
 facet normal  0.0000000000e+00 5.5916213326e-01 8.2905832649e-01
   outer loop
     vertex 1.7500000000e-01 2.7236240567e-02 6.4495413522e-02
     vertex 1.7500000000e-01 4.9487769393e-02 4.9487769393e-02
     vertex 1.6250000000e-01 4.9487769393e-02 4.9487769393e-02
   endloop
 endfacet
 facet normal  0.0000000000e+00 8.2905832649e-01 5.5916213326e-01
   outer loop
     vertex 1.6250000000e-01 4.9487769393e-02 4.9487769393e-02
     vertex 1.7500000000e-01 4.9487769393e-02 4.9487769393e-02
     vertex 1.6250000000e-01 6.4495413522e-02 2.7236240567e-02
   endloop
 endfacet
 facet normal  0.0000000000e+00 8.2905832649e-01 5.5916213326e-01
   outer loop
     vertex 1.7500000000e-01 4.9487769393e-02 4.9487769393e-02
     vertex 1.7500000000e-01 6.4495413522e-02 2.7236240567e-02
     vertex 1.6250000000e-01 6.4495413522e-02 2.7236240567e-02
   endloop
 endfacet
 facet normal  0.0000000000e+00 9.8018184110e-01 1.9809986972e-01
   outer loop
     vertex 1.6250000000e-01 6.4495413522e-02 2.7236240567e-02
     vertex 1.7500000000e-01 6.4495413522e-02 2.7236240567e-02
     vertex 1.6250000000e-01 7.0000000000e-02 0.0000000000e+00
   endloop
 endfacet
 facet normal  0.0000000000e+00 9.8018184110e-01 1.9809986972e-01
   outer loop
     vertex 1.7500000000e-01 6.4495413522e-02 2.7236240567e-02
     vertex 1.7500000000e-01 7.0000000000e-02 0.0000000000e+00
     vertex 1.6250000000e-01 7.0000000000e-02 0.0000000000e+00
   endloop
 endfacet
 facet normal  0.0000000000e+00 9.8018184110e-01 -1.9809986972e-01
   outer loop
     vertex 1.7500000000e-01 7.0000000000e-02 0.0000000000e+00
     vertex 1.8750000000e-01 7.0000000000e-02 0.0000000000e+00
     vertex 1.8750000000e-01 6.4495413522e-02 -2.7236240567e-02
   endloop
 endfacet
 facet normal  0.0000000000e+00 9.8018184110e-01 -1.9809986972e-01
   outer loop
     vertex 1.7500000000e-01 7.0000000000e-02 0.0000000000e+00
     vertex 1.8750000000e-01 6.4495413522e-02 -2.7236240567e-02
     vertex 1.7500000000e-01 6.4495413522e-02 -2.7236240567e-02
   endloop
 endfacet
 facet normal  0.0000000000e+00 8.2905832649e-01 -5.5916213326e-01
   outer loop
     vertex 1.7500000000e-01 6.4495413522e-02 -2.7236240567e-02
     vertex 1.8750000000e-01 6.4495413522e-02 -2.7236240567e-02
     vertex 1.8750000000e-01 4.9487769393e-02 -4.9487769393e-02
   endloop
 endfacet
 facet normal  0.0000000000e+00 8.2905832649e-01 -5.5916213326e-01
   outer loop
     vertex 1.7500000000e-01 6.4495413522e-02 -2.7236240567e-02
     vertex 1.8750000000e-01 4.9487769393e-02 -4.9487769393e-02
     vertex 1.7500000000e-01 4.9487769393e-02 -4.9487769393e-02
   endloop
 endfacet
 facet normal  0.0000000000e+00 5.5916213326e-01 -8.2905832649e-01
   outer loop
     vertex 1.7500000000e-01 4.9487769393e-02 -4.9487769393e-02
     vertex 1.8750000000e-01 4.9487769393e-02 -4.9487769393e-02
     vertex 1.8750000000e-01 2.7236240567e-02 -6.4495413522e-02
   endloop
 endfacet
 facet normal  0.0000000000e+00 5.5916213326e-01 -8.2905832649e-01
   outer loop
     vertex 1.7500000000e-01 4.9487769393e-02 -4.9487769393e-02
     vertex 1.8750000000e-01 2.7236240567e-02 -6.4495413522e-02
     vertex 1.7500000000e-01 2.7236240567e-02 -6.4495413522e-02
   endloop
 endfacet
 facet normal  0.0000000000e+00 1.9809986972e-01 -9.8018184110e-01
   outer loop
     vertex 1.7500000000e-01 2.7236240567e-02 -6.4495413522e-02
     vertex 1.8750000000e-01 2.7236240567e-02 -6.4495413522e-02
     vertex 1.8750000000e-01 0.0000000000e+00 -7.0000000000e-02
   endloop
 endfacet
 facet normal  0.0000000000e+00 1.9809986972e-01 -9.8018184110e-01
   outer loop
     vertex 1.7500000000e-01 2.7236240567e-02 -6.4495413522e-02
     vertex 1.8750000000e-01 0.0000000000e+00 -7.0000000000e-02
     vertex 1.7500000000e-01 0.0000000000e+00 -7.0000000000e-02
   endloop
 endfacet
 facet normal  -0.0000000000e+00 -1.9809986972e-01 -9.8018184110e-01
   outer loop
     vertex 1.7500000000e-01 0.0000000000e+00 -7.0000000000e-02
     vertex 1.8750000000e-01 0.0000000000e+00 -7.0000000000e-02
     vertex 1.7500000000e-01 -2.7236240567e-02 -6.4495413522e-02
   endloop
 endfacet
 facet normal  -0.0000000000e+00 -1.9809986972e-01 -9.8018184110e-01
   outer loop
     vertex 1.8750000000e-01 0.0000000000e+00 -7.0000000000e-02
     vertex 1.8750000000e-01 -2.7236240567e-02 -6.4495413522e-02
     vertex 1.7500000000e-01 -2.7236240567e-02 -6.4495413522e-02
   endloop
 endfacet
 facet normal  -0.0000000000e+00 -5.5916213326e-01 -8.2905832649e-01
   outer loop
     vertex 1.7500000000e-01 -2.7236240567e-02 -6.4495413522e-02
     vertex 1.8750000000e-01 -2.7236240567e-02 -6.4495413522e-02
     vertex 1.7500000000e-01 -4.9487769393e-02 -4.9487769393e-02
   endloop
 endfacet
 facet normal  -0.0000000000e+00 -5.5916213326e-01 -8.2905832649e-01
   outer loop
     vertex 1.8750000000e-01 -2.7236240567e-02 -6.4495413522e-02
     vertex 1.8750000000e-01 -4.9487769393e-02 -4.9487769393e-02
     vertex 1.7500000000e-01 -4.9487769393e-02 -4.9487769393e-02
   endloop
 endfacet
 facet normal  -0.0000000000e+00 -8.2905832649e-01 -5.5916213326e-01
   outer loop
     vertex 1.7500000000e-01 -4.9487769393e-02 -4.9487769393e-02
     vertex 1.8750000000e-01 -4.9487769393e-02 -4.9487769393e-02
     vertex 1.7500000000e-01 -6.4495413522e-02 -2.7236240567e-02
   endloop
 endfacet
 facet normal  -0.0000000000e+00 -8.2905832649e-01 -5.5916213326e-01
   outer loop
     vertex 1.8750000000e-01 -4.9487769393e-02 -4.9487769393e-02
     vertex 1.8750000000e-01 -6.4495413522e-02 -2.7236240567e-02
     vertex 1.7500000000e-01 -6.4495413522e-02 -2.7236240567e-02
   endloop
 endfacet
 facet normal  -0.0000000000e+00 -9.8018184110e-01 -1.9809986972e-01
   outer loop
     vertex 1.7500000000e-01 -6.4495413522e-02 -2.7236240567e-02
     vertex 1.8750000000e-01 -6.4495413522e-02 -2.7236240567e-02
     vertex 1.7500000000e-01 -7.0000000000e-02 0.0000000000e+00
   endloop
 endfacet
 facet normal  -0.0000000000e+00 -9.8018184110e-01 -1.9809986972e-01
   outer loop
     vertex 1.8750000000e-01 -6.4495413522e-02 -2.7236240567e-02
     vertex 1.8750000000e-01 -7.0000000000e-02 0.0000000000e+00
     vertex 1.7500000000e-01 -7.0000000000e-02 0.0000000000e+00
   endloop
 endfacet
 facet normal  0.0000000000e+00 -9.8018184110e-01 1.9809986972e-01
   outer loop
     vertex 1.7500000000e-01 -7.0000000000e-02 0.0000000000e+00
     vertex 1.8750000000e-01 -7.0000000000e-02 0.0000000000e+00
     vertex 1.8750000000e-01 -6.4495413522e-02 2.7236240567e-02
   endloop
 endfacet
 facet normal  0.0000000000e+00 -9.8018184110e-01 1.9809986972e-01
   outer loop
     vertex 1.7500000000e-01 -7.0000000000e-02 0.0000000000e+00
     vertex 1.8750000000e-01 -6.4495413522e-02 2.7236240567e-02
     vertex 1.7500000000e-01 -6.4495413522e-02 2.7236240567e-02
   endloop
 endfacet
 facet normal  0.0000000000e+00 -8.2905832649e-01 5.5916213326e-01
   outer loop
     vertex 1.7500000000e-01 -6.4495413522e-02 2.7236240567e-02
     vertex 1.8750000000e-01 -6.4495413522e-02 2.7236240567e-02
     vertex 1.8750000000e-01 -4.9487769393e-02 4.9487769393e-02
   endloop
 endfacet
 facet normal  0.0000000000e+00 -8.2905832649e-01 5.5916213326e-01
   outer loop
     vertex 1.7500000000e-01 -6.4495413522e-02 2.7236240567e-02
     vertex 1.8750000000e-01 -4.9487769393e-02 4.9487769393e-02
     vertex 1.7500000000e-01 -4.9487769393e-02 4.9487769393e-02
   endloop
 endfacet
 facet normal  0.0000000000e+00 -5.5916213326e-01 8.2905832649e-01
   outer loop
     vertex 1.7500000000e-01 -4.9487769393e-02 4.9487769393e-02
     vertex 1.8750000000e-01 -4.9487769393e-02 4.9487769393e-02
     vertex 1.8750000000e-01 -2.7236240567e-02 6.4495413522e-02
   endloop
 endfacet
 facet normal  0.0000000000e+00 -5.5916213326e-01 8.2905832649e-01
   outer loop
     vertex 1.7500000000e-01 -4.9487769393e-02 4.9487769393e-02
     vertex 1.8750000000e-01 -2.7236240567e-02 6.4495413522e-02
     vertex 1.7500000000e-01 -2.7236240567e-02 6.4495413522e-02
   endloop
 endfacet
 facet normal  0.0000000000e+00 -1.9809986972e-01 9.8018184110e-01
   outer loop
     vertex 1.7500000000e-01 -2.7236240567e-02 6.4495413522e-02
     vertex 1.8750000000e-01 -2.7236240567e-02 6.4495413522e-02
     vertex 1.8750000000e-01 0.0000000000e+00 7.0000000000e-02
   endloop
 endfacet
 facet normal  0.0000000000e+00 -1.9809986972e-01 9.8018184110e-01
   outer loop
     vertex 1.7500000000e-01 -2.7236240567e-02 6.4495413522e-02
     vertex 1.8750000000e-01 0.0000000000e+00 7.0000000000e-02
     vertex 1.7500000000e-01 0.0000000000e+00 7.0000000000e-02
   endloop
 endfacet
 facet normal  0.0000000000e+00 1.9809986972e-01 9.8018184110e-01
   outer loop
     vertex 1.7500000000e-01 0.0000000000e+00 7.0000000000e-02
     vertex 1.8750000000e-01 0.0000000000e+00 7.0000000000e-02
     vertex 1.7500000000e-01 2.7236240567e-02 6.4495413522e-02
   endloop
 endfacet
 facet normal  0.0000000000e+00 1.9809986972e-01 9.8018184110e-01
   outer loop
     vertex 1.8750000000e-01 0.0000000000e+00 7.0000000000e-02
     vertex 1.8750000000e-01 2.7236240567e-02 6.4495413522e-02
     vertex 1.7500000000e-01 2.7236240567e-02 6.4495413522e-02
   endloop
 endfacet
 facet normal  0.0000000000e+00 5.5916213326e-01 8.2905832649e-01
   outer loop
     vertex 1.7500000000e-01 2.7236240567e-02 6.4495413522e-02
     vertex 1.8750000000e-01 2.7236240567e-02 6.4495413522e-02
     vertex 1.7500000000e-01 4.9487769393e-02 4.9487769393e-02
   endloop
 endfacet
 facet normal  0.0000000000e+00 5.5916213326e-01 8.2905832649e-01
   outer loop
     vertex 1.8750000000e-01 2.7236240567e-02 6.4495413522e-02
     vertex 1.8750000000e-01 4.9487769393e-02 4.9487769393e-02
     vertex 1.7500000000e-01 4.9487769393e-02 4.9487769393e-02
   endloop
 endfacet
 facet normal  0.0000000000e+00 8.2905832649e-01 5.5916213326e-01
   outer loop
     vertex 1.7500000000e-01 4.9487769393e-02 4.9487769393e-02
     vertex 1.8750000000e-01 4.9487769393e-02 4.9487769393e-02
     vertex 1.7500000000e-01 6.4495413522e-02 2.7236240567e-02
   endloop
 endfacet
 facet normal  0.0000000000e+00 8.2905832649e-01 5.5916213326e-01
   outer loop
     vertex 1.8750000000e-01 4.9487769393e-02 4.9487769393e-02
     vertex 1.8750000000e-01 6.4495413522e-02 2.7236240567e-02
     vertex 1.7500000000e-01 6.4495413522e-02 2.7236240567e-02
   endloop
 endfacet
 facet normal  0.0000000000e+00 9.8018184110e-01 1.9809986972e-01
   outer loop
     vertex 1.7500000000e-01 6.4495413522e-02 2.7236240567e-02
     vertex 1.8750000000e-01 6.4495413522e-02 2.7236240567e-02
     vertex 1.7500000000e-01 7.0000000000e-02 0.0000000000e+00
   endloop
 endfacet
 facet normal  0.0000000000e+00 9.8018184110e-01 1.9809986972e-01
   outer loop
     vertex 1.8750000000e-01 6.4495413522e-02 2.7236240567e-02
     vertex 1.8750000000e-01 7.0000000000e-02 0.0000000000e+00
     vertex 1.7500000000e-01 7.0000000000e-02 0.0000000000e+00
   endloop
 endfacet
 facet normal  -7.7127562775e-02 9.7726260855e-01 -1.9750729857e-01
   outer loop
     vertex 1.8750000000e-01 7.0000000000e-02 0.0000000000e+00
     vertex 2.0093933983e-01 7.1060660172e-02 -5.5511151231e-20
     vertex 2.0093933983e-01 6.5474207198e-02 -2.7641670182e-02
   endloop
 endfacet
 facet normal  -7.7132796369e-02 9.7726171093e-01 -1.9750969617e-01
   outer loop
     vertex 1.8750000000e-01 7.0000000000e-02 0.0000000000e+00
     vertex 2.0093933983e-01 6.5474207198e-02 -2.7641670182e-02
     vertex 1.8750000000e-01 6.4495413522e-02 -2.7236240567e-02
   endloop
 endfacet
 facet normal  -7.7021420016e-02 8.2665666430e-01 -5.5741049526e-01
   outer loop
     vertex 1.8750000000e-01 6.4495413522e-02 -2.7236240567e-02
     vertex 2.0093933983e-01 6.5474207198e-02 -2.7641670182e-02
     vertex 2.0093933983e-01 5.0237769393e-02 -5.0237769393e-02
   endloop
 endfacet
 facet normal  -7.7240021073e-02 8.2658153719e-01 -5.5749165152e-01
   outer loop
     vertex 1.8750000000e-01 6.4495413522e-02 -2.7236240567e-02
     vertex 2.0093933983e-01 5.0237769393e-02 -5.0237769393e-02
     vertex 1.8750000000e-01 4.9487769393e-02 -4.9487769393e-02
   endloop
 endfacet
 facet normal  -7.7238384321e-02 5.5740111156e-01 -8.2664274800e-01
   outer loop
     vertex 1.8750000000e-01 4.9487769393e-02 -4.9487769393e-02
     vertex 2.0093933983e-01 5.0237769393e-02 -5.0237769393e-02
     vertex 2.0093933983e-01 2.7641670182e-02 -6.5474207198e-02
   endloop
 endfacet
 facet normal  -7.7019713307e-02 5.5750118137e-01 -8.2659566690e-01
   outer loop
     vertex 1.8750000000e-01 4.9487769393e-02 -4.9487769393e-02
     vertex 2.0093933983e-01 2.7641670182e-02 -6.5474207198e-02
     vertex 1.8750000000e-01 2.7236240567e-02 -6.4495413522e-02
   endloop
 endfacet
 facet normal  -7.7132758320e-02 1.9750721895e-01 -9.7726221459e-01
   outer loop
     vertex 1.8750000000e-01 2.7236240567e-02 -6.4495413522e-02
     vertex 2.0093933983e-01 2.7641670182e-02 -6.5474207198e-02
     vertex 2.0093933983e-01 -4.0307778642e-19 -7.1060660172e-02
   endloop
 endfacet
 facet normal  -7.7127523488e-02 1.9750977697e-01 -9.7726211076e-01
   outer loop
     vertex 1.8750000000e-01 2.7236240567e-02 -6.4495413522e-02
     vertex 2.0093933983e-01 -4.0307778642e-19 -7.1060660172e-02
     vertex 1.8750000000e-01 0.0000000000e+00 -7.0000000000e-02
   endloop
 endfacet
 facet normal  -7.7127523488e-02 -1.9750977697e-01 -9.7726211076e-01
   outer loop
     vertex 1.8750000000e-01 0.0000000000e+00 -7.0000000000e-02
     vertex 2.0093933983e-01 -4.0307778642e-19 -7.1060660172e-02
     vertex 1.8750000000e-01 -2.7236240567e-02 -6.4495413522e-02
   endloop
 endfacet
 facet normal  -7.7132758320e-02 -1.9750721895e-01 -9.7726221459e-01
   outer loop
     vertex 2.0093933983e-01 -4.0307778642e-19 -7.1060660172e-02
     vertex 2.0093933983e-01 -2.7641670182e-02 -6.5474207198e-02
     vertex 1.8750000000e-01 -2.7236240567e-02 -6.4495413522e-02
   endloop
 endfacet
 facet normal  -7.7019713307e-02 -5.5750118137e-01 -8.2659566690e-01
   outer loop
     vertex 1.8750000000e-01 -2.7236240567e-02 -6.4495413522e-02
     vertex 2.0093933983e-01 -2.7641670182e-02 -6.5474207198e-02
     vertex 1.8750000000e-01 -4.9487769393e-02 -4.9487769393e-02
   endloop
 endfacet
 facet normal  -7.7238384321e-02 -5.5740111156e-01 -8.2664274800e-01
   outer loop
     vertex 2.0093933983e-01 -2.7641670182e-02 -6.5474207198e-02
     vertex 2.0093933983e-01 -5.0237769393e-02 -5.0237769393e-02
     vertex 1.8750000000e-01 -4.9487769393e-02 -4.9487769393e-02
   endloop
 endfacet
 facet normal  -7.7240021073e-02 -8.2658153719e-01 -5.5749165152e-01
   outer loop
     vertex 1.8750000000e-01 -4.9487769393e-02 -4.9487769393e-02
     vertex 2.0093933983e-01 -5.0237769393e-02 -5.0237769393e-02
     vertex 1.8750000000e-01 -6.4495413522e-02 -2.7236240567e-02
   endloop
 endfacet
 facet normal  -7.7021420016e-02 -8.2665666430e-01 -5.5741049526e-01
   outer loop
     vertex 2.0093933983e-01 -5.0237769393e-02 -5.0237769393e-02
     vertex 2.0093933983e-01 -6.5474207198e-02 -2.7641670182e-02
     vertex 1.8750000000e-01 -6.4495413522e-02 -2.7236240567e-02
   endloop
 endfacet
 facet normal  -7.7132796369e-02 -9.7726171093e-01 -1.9750969617e-01
   outer loop
     vertex 1.8750000000e-01 -6.4495413522e-02 -2.7236240567e-02
     vertex 2.0093933983e-01 -6.5474207198e-02 -2.7641670182e-02
     vertex 1.8750000000e-01 -7.0000000000e-02 0.0000000000e+00
   endloop
 endfacet
 facet normal  -7.7127562775e-02 -9.7726260855e-01 -1.9750729857e-01
   outer loop
     vertex 2.0093933983e-01 -6.5474207198e-02 -2.7641670182e-02
     vertex 2.0093933983e-01 -7.1060660172e-02 1.6938434607e-20
     vertex 1.8750000000e-01 -7.0000000000e-02 0.0000000000e+00
   endloop
 endfacet
 facet normal  -7.7127562775e-02 -9.7726260855e-01 1.9750729857e-01
   outer loop
     vertex 1.8750000000e-01 -7.0000000000e-02 0.0000000000e+00
     vertex 2.0093933983e-01 -7.1060660172e-02 1.6938434607e-20
     vertex 2.0093933983e-01 -6.5474207198e-02 2.7641670182e-02
   endloop
 endfacet
 facet normal  -7.7132796369e-02 -9.7726171093e-01 1.9750969617e-01
   outer loop
     vertex 1.8750000000e-01 -7.0000000000e-02 0.0000000000e+00
     vertex 2.0093933983e-01 -6.5474207198e-02 2.7641670182e-02
     vertex 1.8750000000e-01 -6.4495413522e-02 2.7236240567e-02
   endloop
 endfacet
 facet normal  -7.7021420016e-02 -8.2665666430e-01 5.5741049526e-01
   outer loop
     vertex 1.8750000000e-01 -6.4495413522e-02 2.7236240567e-02
     vertex 2.0093933983e-01 -6.5474207198e-02 2.7641670182e-02
     vertex 2.0093933983e-01 -5.0237769393e-02 5.0237769393e-02
   endloop
 endfacet
 facet normal  -7.7240021073e-02 -8.2658153719e-01 5.5749165152e-01
   outer loop
     vertex 1.8750000000e-01 -6.4495413522e-02 2.7236240567e-02
     vertex 2.0093933983e-01 -5.0237769393e-02 5.0237769393e-02
     vertex 1.8750000000e-01 -4.9487769393e-02 4.9487769393e-02
   endloop
 endfacet
 facet normal  -7.7238384321e-02 -5.5740111156e-01 8.2664274800e-01
   outer loop
     vertex 1.8750000000e-01 -4.9487769393e-02 4.9487769393e-02
     vertex 2.0093933983e-01 -5.0237769393e-02 5.0237769393e-02
     vertex 2.0093933983e-01 -2.7641670182e-02 6.5474207198e-02
   endloop
 endfacet
 facet normal  -7.7019713307e-02 -5.5750118137e-01 8.2659566690e-01
   outer loop
     vertex 1.8750000000e-01 -4.9487769393e-02 4.9487769393e-02
     vertex 2.0093933983e-01 -2.7641670182e-02 6.5474207198e-02
     vertex 1.8750000000e-01 -2.7236240567e-02 6.4495413522e-02
   endloop
 endfacet
 facet normal  -7.7132758320e-02 -1.9750721895e-01 9.7726221459e-01
   outer loop
     vertex 1.8750000000e-01 -2.7236240567e-02 6.4495413522e-02
     vertex 2.0093933983e-01 -2.7641670182e-02 6.5474207198e-02
     vertex 2.0093933983e-01 -5.5719464166e-19 7.1060660172e-02
   endloop
 endfacet
 facet normal  -7.7127523488e-02 -1.9750977697e-01 9.7726211076e-01
   outer loop
     vertex 1.8750000000e-01 -2.7236240567e-02 6.4495413522e-02
     vertex 2.0093933983e-01 -5.5719464166e-19 7.1060660172e-02
     vertex 1.8750000000e-01 0.0000000000e+00 7.0000000000e-02
   endloop
 endfacet
 facet normal  -7.7127523488e-02 1.9750977697e-01 9.7726211076e-01
   outer loop
     vertex 1.8750000000e-01 0.0000000000e+00 7.0000000000e-02
     vertex 2.0093933983e-01 -5.5719464166e-19 7.1060660172e-02
     vertex 1.8750000000e-01 2.7236240567e-02 6.4495413522e-02
   endloop
 endfacet
 facet normal  -7.7132758320e-02 1.9750721895e-01 9.7726221459e-01
   outer loop
     vertex 2.0093933983e-01 -5.5719464166e-19 7.1060660172e-02
     vertex 2.0093933983e-01 2.7641670182e-02 6.5474207198e-02
     vertex 1.8750000000e-01 2.7236240567e-02 6.4495413522e-02
   endloop
 endfacet
 facet normal  -7.7019713307e-02 5.5750118137e-01 8.2659566690e-01
   outer loop
     vertex 1.8750000000e-01 2.7236240567e-02 6.4495413522e-02
     vertex 2.0093933983e-01 2.7641670182e-02 6.5474207198e-02
     vertex 1.8750000000e-01 4.9487769393e-02 4.9487769393e-02
   endloop
 endfacet
 facet normal  -7.7238384321e-02 5.5740111156e-01 8.2664274800e-01
   outer loop
     vertex 2.0093933983e-01 2.7641670182e-02 6.5474207198e-02
     vertex 2.0093933983e-01 5.0237769393e-02 5.0237769393e-02
     vertex 1.8750000000e-01 4.9487769393e-02 4.9487769393e-02
   endloop
 endfacet
 facet normal  -7.7240021073e-02 8.2658153719e-01 5.5749165152e-01
   outer loop
     vertex 1.8750000000e-01 4.9487769393e-02 4.9487769393e-02
     vertex 2.0093933983e-01 5.0237769393e-02 5.0237769393e-02
     vertex 1.8750000000e-01 6.4495413522e-02 2.7236240567e-02
   endloop
 endfacet
 facet normal  -7.7021420016e-02 8.2665666430e-01 5.5741049526e-01
   outer loop
     vertex 2.0093933983e-01 5.0237769393e-02 5.0237769393e-02
     vertex 2.0093933983e-01 6.5474207198e-02 2.7641670182e-02
     vertex 1.8750000000e-01 6.4495413522e-02 2.7236240567e-02
   endloop
 endfacet
 facet normal  -7.7132796369e-02 9.7726171093e-01 1.9750969617e-01
   outer loop
     vertex 1.8750000000e-01 6.4495413522e-02 2.7236240567e-02
     vertex 2.0093933983e-01 6.5474207198e-02 2.7641670182e-02
     vertex 1.8750000000e-01 7.0000000000e-02 0.0000000000e+00
   endloop
 endfacet
 facet normal  -7.7127562775e-02 9.7726260855e-01 1.9750729857e-01
   outer loop
     vertex 2.0093933983e-01 6.5474207198e-02 2.7641670182e-02
     vertex 2.0093933983e-01 7.1060660172e-02 0.0000000000e+00
     vertex 1.8750000000e-01 7.0000000000e-02 0.0000000000e+00
   endloop
 endfacet
 facet normal  -1.4312004423e-01 9.7009264758e-01 -1.9605332962e-01
   outer loop
     vertex 2.0093933983e-01 7.1060660172e-02 -5.5511151231e-20
     vertex 2.1531801948e-01 7.3181980515e-02 -1.6653345369e-19
     vertex 2.1531801948e-01 6.7431794550e-02 -2.8452529413e-02
   endloop
 endfacet
 facet normal  -1.4312940671e-01 9.7009036878e-01 -1.9605777038e-01
   outer loop
     vertex 2.0093933983e-01 7.1060660172e-02 -5.5511151231e-20
     vertex 2.1531801948e-01 6.7431794550e-02 -2.8452529413e-02
     vertex 2.0093933983e-01 6.5474207198e-02 -2.7641670182e-02
   endloop
 endfacet
 facet normal  -1.4293178077e-01 8.2072259574e-01 -5.5315904303e-01
   outer loop
     vertex 2.0093933983e-01 6.5474207198e-02 -2.7641670182e-02
     vertex 2.1531801948e-01 6.7431794550e-02 -2.8452529413e-02
     vertex 2.1531801948e-01 5.1737769393e-02 -5.1737769393e-02
   endloop
 endfacet
 facet normal  -1.4332253681e-01 8.2055981178e-01 -5.5329941779e-01
   outer loop
     vertex 2.0093933983e-01 6.5474207198e-02 -2.7641670182e-02
     vertex 2.1531801948e-01 5.1737769393e-02 -5.1737769393e-02
     vertex 2.0093933983e-01 5.0237769393e-02 -5.0237769393e-02
   endloop
 endfacet
 facet normal  -1.4331681138e-01 5.5312792335e-01 -8.2067642344e-01
   outer loop
     vertex 2.0093933983e-01 5.0237769393e-02 -5.0237769393e-02
     vertex 2.1531801948e-01 5.1737769393e-02 -5.1737769393e-02
     vertex 2.1531801948e-01 2.8452529413e-02 -6.7431794550e-02
   endloop
 endfacet
 facet normal  -1.4292581948e-01 5.5333149198e-01 -8.2060737878e-01
   outer loop
     vertex 2.0093933983e-01 5.0237769393e-02 -5.0237769393e-02
     vertex 2.1531801948e-01 2.8452529413e-02 -6.7431794550e-02
     vertex 2.0093933983e-01 2.7641670182e-02 -6.5474207198e-02
   endloop
 endfacet
 facet normal  -1.4312927351e-01 1.9605306523e-01 -9.7009133935e-01
   outer loop
     vertex 2.0093933983e-01 2.7641670182e-02 -6.5474207198e-02
     vertex 2.1531801948e-01 2.8452529413e-02 -6.7431794550e-02
     vertex 2.1531801948e-01 -1.2092333593e-18 -7.3181980515e-02
   endloop
 endfacet
 facet normal  -1.4311990671e-01 1.9605804253e-01 -9.7009171539e-01
   outer loop
     vertex 2.0093933983e-01 2.7641670182e-02 -6.5474207198e-02
     vertex 2.1531801948e-01 -1.2092333593e-18 -7.3181980515e-02
     vertex 2.0093933983e-01 -4.0307778642e-19 -7.1060660172e-02
   endloop
 endfacet
 facet normal  -1.4311990671e-01 -1.9605804253e-01 -9.7009171539e-01
   outer loop
     vertex 2.0093933983e-01 -4.0307778642e-19 -7.1060660172e-02
     vertex 2.1531801948e-01 -1.2092333593e-18 -7.3181980515e-02
     vertex 2.0093933983e-01 -2.7641670182e-02 -6.5474207198e-02
   endloop
 endfacet
 facet normal  -1.4312927351e-01 -1.9605306523e-01 -9.7009133935e-01
   outer loop
     vertex 2.1531801948e-01 -1.2092333593e-18 -7.3181980515e-02
     vertex 2.1531801948e-01 -2.8452529413e-02 -6.7431794550e-02
     vertex 2.0093933983e-01 -2.7641670182e-02 -6.5474207198e-02
   endloop
 endfacet
 facet normal  -1.4292581948e-01 -5.5333149198e-01 -8.2060737878e-01
   outer loop
     vertex 2.0093933983e-01 -2.7641670182e-02 -6.5474207198e-02
     vertex 2.1531801948e-01 -2.8452529413e-02 -6.7431794550e-02
     vertex 2.0093933983e-01 -5.0237769393e-02 -5.0237769393e-02
   endloop
 endfacet
 facet normal  -1.4331681138e-01 -5.5312792335e-01 -8.2067642344e-01
   outer loop
     vertex 2.1531801948e-01 -2.8452529413e-02 -6.7431794550e-02
     vertex 2.1531801948e-01 -5.1737769393e-02 -5.1737769393e-02
     vertex 2.0093933983e-01 -5.0237769393e-02 -5.0237769393e-02
   endloop
 endfacet
 facet normal  -1.4332253681e-01 -8.2055981178e-01 -5.5329941779e-01
   outer loop
     vertex 2.0093933983e-01 -5.0237769393e-02 -5.0237769393e-02
     vertex 2.1531801948e-01 -5.1737769393e-02 -5.1737769393e-02
     vertex 2.0093933983e-01 -6.5474207198e-02 -2.7641670182e-02
   endloop
 endfacet
 facet normal  -1.4293178077e-01 -8.2072259574e-01 -5.5315904303e-01
   outer loop
     vertex 2.1531801948e-01 -5.1737769393e-02 -5.1737769393e-02
     vertex 2.1531801948e-01 -6.7431794550e-02 -2.8452529413e-02
     vertex 2.0093933983e-01 -6.5474207198e-02 -2.7641670182e-02
   endloop
 endfacet
 facet normal  -1.4312940671e-01 -9.7009036878e-01 -1.9605777038e-01
   outer loop
     vertex 2.0093933983e-01 -6.5474207198e-02 -2.7641670182e-02
     vertex 2.1531801948e-01 -6.7431794550e-02 -2.8452529413e-02
     vertex 2.0093933983e-01 -7.1060660172e-02 1.6938434607e-20
   endloop
 endfacet
 facet normal  -1.4312004423e-01 -9.7009264758e-01 -1.9605332962e-01
   outer loop
     vertex 2.1531801948e-01 -6.7431794550e-02 -2.8452529413e-02
     vertex 2.1531801948e-01 -7.3181980515e-02 5.0815303820e-20
     vertex 2.0093933983e-01 -7.1060660172e-02 1.6938434607e-20
   endloop
 endfacet
 facet normal  -1.4312004423e-01 -9.7009264758e-01 1.9605332962e-01
   outer loop
     vertex 2.0093933983e-01 -7.1060660172e-02 1.6938434607e-20
     vertex 2.1531801948e-01 -7.3181980515e-02 5.0815303820e-20
     vertex 2.1531801948e-01 -6.7431794550e-02 2.8452529413e-02
   endloop
 endfacet
 facet normal  -1.4312940671e-01 -9.7009036878e-01 1.9605777038e-01
   outer loop
     vertex 2.0093933983e-01 -7.1060660172e-02 1.6938434607e-20
     vertex 2.1531801948e-01 -6.7431794550e-02 2.8452529413e-02
     vertex 2.0093933983e-01 -6.5474207198e-02 2.7641670182e-02
   endloop
 endfacet
 facet normal  -1.4293178077e-01 -8.2072259574e-01 5.5315904303e-01
   outer loop
     vertex 2.0093933983e-01 -6.5474207198e-02 2.7641670182e-02
     vertex 2.1531801948e-01 -6.7431794550e-02 2.8452529413e-02
     vertex 2.1531801948e-01 -5.1737769393e-02 5.1737769393e-02
   endloop
 endfacet
 facet normal  -1.4332253681e-01 -8.2055981178e-01 5.5329941779e-01
   outer loop
     vertex 2.0093933983e-01 -6.5474207198e-02 2.7641670182e-02
     vertex 2.1531801948e-01 -5.1737769393e-02 5.1737769393e-02
     vertex 2.0093933983e-01 -5.0237769393e-02 5.0237769393e-02
   endloop
 endfacet
 facet normal  -1.4331681138e-01 -5.5312792335e-01 8.2067642344e-01
   outer loop
     vertex 2.0093933983e-01 -5.0237769393e-02 5.0237769393e-02
     vertex 2.1531801948e-01 -5.1737769393e-02 5.1737769393e-02
     vertex 2.1531801948e-01 -2.8452529413e-02 6.7431794550e-02
   endloop
 endfacet
 facet normal  -1.4292581948e-01 -5.5333149198e-01 8.2060737878e-01
   outer loop
     vertex 2.0093933983e-01 -5.0237769393e-02 5.0237769393e-02
     vertex 2.1531801948e-01 -2.8452529413e-02 6.7431794550e-02
     vertex 2.0093933983e-01 -2.7641670182e-02 6.5474207198e-02
   endloop
 endfacet
 facet normal  -1.4312927351e-01 -1.9605306523e-01 9.7009133935e-01
   outer loop
     vertex 2.0093933983e-01 -2.7641670182e-02 6.5474207198e-02
     vertex 2.1531801948e-01 -2.8452529413e-02 6.7431794550e-02
     vertex 2.1531801948e-01 -1.6715839250e-18 7.3181980515e-02
   endloop
 endfacet
 facet normal  -1.4311990671e-01 -1.9605804253e-01 9.7009171539e-01
   outer loop
     vertex 2.0093933983e-01 -2.7641670182e-02 6.5474207198e-02
     vertex 2.1531801948e-01 -1.6715839250e-18 7.3181980515e-02
     vertex 2.0093933983e-01 -5.5719464166e-19 7.1060660172e-02
   endloop
 endfacet
 facet normal  -1.4311990671e-01 1.9605804253e-01 9.7009171539e-01
   outer loop
     vertex 2.0093933983e-01 -5.5719464166e-19 7.1060660172e-02
     vertex 2.1531801948e-01 -1.6715839250e-18 7.3181980515e-02
     vertex 2.0093933983e-01 2.7641670182e-02 6.5474207198e-02
   endloop
 endfacet
 facet normal  -1.4312927351e-01 1.9605306523e-01 9.7009133935e-01
   outer loop
     vertex 2.1531801948e-01 -1.6715839250e-18 7.3181980515e-02
     vertex 2.1531801948e-01 2.8452529413e-02 6.7431794550e-02
     vertex 2.0093933983e-01 2.7641670182e-02 6.5474207198e-02
   endloop
 endfacet
 facet normal  -1.4292581948e-01 5.5333149198e-01 8.2060737878e-01
   outer loop
     vertex 2.0093933983e-01 2.7641670182e-02 6.5474207198e-02
     vertex 2.1531801948e-01 2.8452529413e-02 6.7431794550e-02
     vertex 2.0093933983e-01 5.0237769393e-02 5.0237769393e-02
   endloop
 endfacet
 facet normal  -1.4331681138e-01 5.5312792335e-01 8.2067642344e-01
   outer loop
     vertex 2.1531801948e-01 2.8452529413e-02 6.7431794550e-02
     vertex 2.1531801948e-01 5.1737769393e-02 5.1737769393e-02
     vertex 2.0093933983e-01 5.0237769393e-02 5.0237769393e-02
   endloop
 endfacet
 facet normal  -1.4332253681e-01 8.2055981178e-01 5.5329941779e-01
   outer loop
     vertex 2.0093933983e-01 5.0237769393e-02 5.0237769393e-02
     vertex 2.1531801948e-01 5.1737769393e-02 5.1737769393e-02
     vertex 2.0093933983e-01 6.5474207198e-02 2.7641670182e-02
   endloop
 endfacet
 facet normal  -1.4293178077e-01 8.2072259574e-01 5.5315904303e-01
   outer loop
     vertex 2.1531801948e-01 5.1737769393e-02 5.1737769393e-02
     vertex 2.1531801948e-01 6.7431794550e-02 2.8452529413e-02
     vertex 2.0093933983e-01 6.5474207198e-02 2.7641670182e-02
   endloop
 endfacet
 facet normal  -1.4312940671e-01 9.7009036878e-01 1.9605777038e-01
   outer loop
     vertex 2.0093933983e-01 6.5474207198e-02 2.7641670182e-02
     vertex 2.1531801948e-01 6.7431794550e-02 2.8452529413e-02
     vertex 2.0093933983e-01 7.1060660172e-02 0.0000000000e+00
   endloop
 endfacet
 facet normal  -1.4312004423e-01 9.7009264758e-01 1.9605332962e-01
   outer loop
     vertex 2.1531801948e-01 6.7431794550e-02 2.8452529413e-02
     vertex 2.1531801948e-01 7.3181980515e-02 0.0000000000e+00
     vertex 2.0093933983e-01 7.1060660172e-02 0.0000000000e+00
   endloop
 endfacet
 facet normal  -1.1142079322e-01 9.7408069653e-01 -1.9685579362e-01
   outer loop
     vertex 2.1531801948e-01 7.3181980515e-02 -1.6653345369e-19
     vertex 2.2922702923e-01 7.4772970773e-02 -2.4980018054e-19
     vertex 2.2922702923e-01 6.8899985063e-02 -2.9060673836e-02
   endloop
 endfacet
 facet normal  -1.1142796051e-01 9.7407922716e-01 -1.9685900752e-01
   outer loop
     vertex 2.1531801948e-01 7.3181980515e-02 -1.6653345369e-19
     vertex 2.2922702923e-01 6.8899985063e-02 -2.9060673836e-02
     vertex 2.1531801948e-01 6.7431794550e-02 -2.8452529413e-02
   endloop
 endfacet
 facet normal  -1.1127627517e-01 8.2416966122e-01 -5.5530348469e-01
   outer loop
     vertex 2.1531801948e-01 6.7431794550e-02 -2.8452529413e-02
     vertex 2.2922702923e-01 6.8899985063e-02 -2.9060673836e-02
     vertex 2.2922702923e-01 5.2862769393e-02 -5.2862769393e-02
   endloop
 endfacet
 facet normal  -1.1157516635e-01 8.2405899220e-01 -5.5540774178e-01
   outer loop
     vertex 2.1531801948e-01 6.7431794550e-02 -2.8452529413e-02
     vertex 2.2922702923e-01 5.2862769393e-02 -5.2862769393e-02
     vertex 2.1531801948e-01 5.1737769393e-02 -5.1737769393e-02
   endloop
 endfacet
 facet normal  -1.1157196276e-01 5.5528495956e-01 -8.2414216662e-01
   outer loop
     vertex 2.1531801948e-01 5.1737769393e-02 -5.1737769393e-02
     vertex 2.2922702923e-01 5.2862769393e-02 -5.2862769393e-02
     vertex 2.2922702923e-01 2.9060673836e-02 -6.8899985063e-02
   endloop
 endfacet
 facet normal  -1.1127294586e-01 5.5542668038e-01 -8.2408709142e-01
   outer loop
     vertex 2.1531801948e-01 5.1737769393e-02 -5.1737769393e-02
     vertex 2.2922702923e-01 2.9060673836e-02 -6.8899985063e-02
     vertex 2.1531801948e-01 2.8452529413e-02 -6.7431794550e-02
   endloop
 endfacet
 facet normal  -1.1142788592e-01 1.9685563609e-01 -9.7407991704e-01
   outer loop
     vertex 2.1531801948e-01 2.8452529413e-02 -6.7431794550e-02
     vertex 2.2922702923e-01 2.9060673836e-02 -6.8899985063e-02
     vertex 2.2922702923e-01 -1.8138500389e-18 -7.4772970773e-02
   endloop
 endfacet
 facet normal  -1.1142071621e-01 1.9685916842e-01 -9.7408002331e-01
   outer loop
     vertex 2.1531801948e-01 2.8452529413e-02 -6.7431794550e-02
     vertex 2.2922702923e-01 -1.8138500389e-18 -7.4772970773e-02
     vertex 2.1531801948e-01 -1.2092333593e-18 -7.3181980515e-02
   endloop
 endfacet
 facet normal  -1.1142071621e-01 -1.9685916842e-01 -9.7408002331e-01
   outer loop
     vertex 2.1531801948e-01 -1.2092333593e-18 -7.3181980515e-02
     vertex 2.2922702923e-01 -1.8138500389e-18 -7.4772970773e-02
     vertex 2.1531801948e-01 -2.8452529413e-02 -6.7431794550e-02
   endloop
 endfacet
 facet normal  -1.1142788592e-01 -1.9685563609e-01 -9.7407991704e-01
   outer loop
     vertex 2.2922702923e-01 -1.8138500389e-18 -7.4772970773e-02
     vertex 2.2922702923e-01 -2.9060673836e-02 -6.8899985063e-02
     vertex 2.1531801948e-01 -2.8452529413e-02 -6.7431794550e-02
   endloop
 endfacet
 facet normal  -1.1127294586e-01 -5.5542668038e-01 -8.2408709142e-01
   outer loop
     vertex 2.1531801948e-01 -2.8452529413e-02 -6.7431794550e-02
     vertex 2.2922702923e-01 -2.9060673836e-02 -6.8899985063e-02
     vertex 2.1531801948e-01 -5.1737769393e-02 -5.1737769393e-02
   endloop
 endfacet
 facet normal  -1.1157196276e-01 -5.5528495956e-01 -8.2414216662e-01
   outer loop
     vertex 2.2922702923e-01 -2.9060673836e-02 -6.8899985063e-02
     vertex 2.2922702923e-01 -5.2862769393e-02 -5.2862769393e-02
     vertex 2.1531801948e-01 -5.1737769393e-02 -5.1737769393e-02
   endloop
 endfacet
 facet normal  -1.1157516635e-01 -8.2405899220e-01 -5.5540774178e-01
   outer loop
     vertex 2.1531801948e-01 -5.1737769393e-02 -5.1737769393e-02
     vertex 2.2922702923e-01 -5.2862769393e-02 -5.2862769393e-02
     vertex 2.1531801948e-01 -6.7431794550e-02 -2.8452529413e-02
   endloop
 endfacet
 facet normal  -1.1127627517e-01 -8.2416966122e-01 -5.5530348469e-01
   outer loop
     vertex 2.2922702923e-01 -5.2862769393e-02 -5.2862769393e-02
     vertex 2.2922702923e-01 -6.8899985063e-02 -2.9060673836e-02
     vertex 2.1531801948e-01 -6.7431794550e-02 -2.8452529413e-02
   endloop
 endfacet
 facet normal  -1.1142796051e-01 -9.7407922716e-01 -1.9685900752e-01
   outer loop
     vertex 2.1531801948e-01 -6.7431794550e-02 -2.8452529413e-02
     vertex 2.2922702923e-01 -6.8899985063e-02 -2.9060673836e-02
     vertex 2.1531801948e-01 -7.3181980515e-02 5.0815303820e-20
   endloop
 endfacet
 facet normal  -1.1142079322e-01 -9.7408069653e-01 -1.9685579362e-01
   outer loop
     vertex 2.2922702923e-01 -6.8899985063e-02 -2.9060673836e-02
     vertex 2.2922702923e-01 -7.4772970773e-02 7.6222955730e-20
     vertex 2.1531801948e-01 -7.3181980515e-02 5.0815303820e-20
   endloop
 endfacet
 facet normal  -1.1142079322e-01 -9.7408069653e-01 1.9685579362e-01
   outer loop
     vertex 2.1531801948e-01 -7.3181980515e-02 5.0815303820e-20
     vertex 2.2922702923e-01 -7.4772970773e-02 7.6222955730e-20
     vertex 2.2922702923e-01 -6.8899985063e-02 2.9060673836e-02
   endloop
 endfacet
 facet normal  -1.1142796051e-01 -9.7407922716e-01 1.9685900752e-01
   outer loop
     vertex 2.1531801948e-01 -7.3181980515e-02 5.0815303820e-20
     vertex 2.2922702923e-01 -6.8899985063e-02 2.9060673836e-02
     vertex 2.1531801948e-01 -6.7431794550e-02 2.8452529413e-02
   endloop
 endfacet
 facet normal  -1.1127627517e-01 -8.2416966122e-01 5.5530348469e-01
   outer loop
     vertex 2.1531801948e-01 -6.7431794550e-02 2.8452529413e-02
     vertex 2.2922702923e-01 -6.8899985063e-02 2.9060673836e-02
     vertex 2.2922702923e-01 -5.2862769393e-02 5.2862769393e-02
   endloop
 endfacet
 facet normal  -1.1157516635e-01 -8.2405899220e-01 5.5540774178e-01
   outer loop
     vertex 2.1531801948e-01 -6.7431794550e-02 2.8452529413e-02
     vertex 2.2922702923e-01 -5.2862769393e-02 5.2862769393e-02
     vertex 2.1531801948e-01 -5.1737769393e-02 5.1737769393e-02
   endloop
 endfacet
 facet normal  -1.1157196276e-01 -5.5528495956e-01 8.2414216662e-01
   outer loop
     vertex 2.1531801948e-01 -5.1737769393e-02 5.1737769393e-02
     vertex 2.2922702923e-01 -5.2862769393e-02 5.2862769393e-02
     vertex 2.2922702923e-01 -2.9060673836e-02 6.8899985063e-02
   endloop
 endfacet
 facet normal  -1.1127294586e-01 -5.5542668038e-01 8.2408709142e-01
   outer loop
     vertex 2.1531801948e-01 -5.1737769393e-02 5.1737769393e-02
     vertex 2.2922702923e-01 -2.9060673836e-02 6.8899985063e-02
     vertex 2.1531801948e-01 -2.8452529413e-02 6.7431794550e-02
   endloop
 endfacet
 facet normal  -1.1142788592e-01 -1.9685563609e-01 9.7407991704e-01
   outer loop
     vertex 2.1531801948e-01 -2.8452529413e-02 6.7431794550e-02
     vertex 2.2922702923e-01 -2.9060673836e-02 6.8899985063e-02
     vertex 2.2922702923e-01 -2.5073758874e-18 7.4772970773e-02
   endloop
 endfacet
 facet normal  -1.1142071621e-01 -1.9685916842e-01 9.7408002331e-01
   outer loop
     vertex 2.1531801948e-01 -2.8452529413e-02 6.7431794550e-02
     vertex 2.2922702923e-01 -2.5073758874e-18 7.4772970773e-02
     vertex 2.1531801948e-01 -1.6715839250e-18 7.3181980515e-02
   endloop
 endfacet
 facet normal  -1.1142071621e-01 1.9685916842e-01 9.7408002331e-01
   outer loop
     vertex 2.1531801948e-01 -1.6715839250e-18 7.3181980515e-02
     vertex 2.2922702923e-01 -2.5073758874e-18 7.4772970773e-02
     vertex 2.1531801948e-01 2.8452529413e-02 6.7431794550e-02
   endloop
 endfacet
 facet normal  -1.1142788592e-01 1.9685563609e-01 9.7407991704e-01
   outer loop
     vertex 2.2922702923e-01 -2.5073758874e-18 7.4772970773e-02
     vertex 2.2922702923e-01 2.9060673836e-02 6.8899985063e-02
     vertex 2.1531801948e-01 2.8452529413e-02 6.7431794550e-02
   endloop
 endfacet
 facet normal  -1.1127294586e-01 5.5542668038e-01 8.2408709142e-01
   outer loop
     vertex 2.1531801948e-01 2.8452529413e-02 6.7431794550e-02
     vertex 2.2922702923e-01 2.9060673836e-02 6.8899985063e-02
     vertex 2.1531801948e-01 5.1737769393e-02 5.1737769393e-02
   endloop
 endfacet
 facet normal  -1.1157196276e-01 5.5528495956e-01 8.2414216662e-01
   outer loop
     vertex 2.2922702923e-01 2.9060673836e-02 6.8899985063e-02
     vertex 2.2922702923e-01 5.2862769393e-02 5.2862769393e-02
     vertex 2.1531801948e-01 5.1737769393e-02 5.1737769393e-02
   endloop
 endfacet
 facet normal  -1.1157516635e-01 8.2405899220e-01 5.5540774178e-01
   outer loop
     vertex 2.1531801948e-01 5.1737769393e-02 5.1737769393e-02
     vertex 2.2922702923e-01 5.2862769393e-02 5.2862769393e-02
     vertex 2.1531801948e-01 6.7431794550e-02 2.8452529413e-02
   endloop
 endfacet
 facet normal  -1.1127627517e-01 8.2416966122e-01 5.5530348469e-01
   outer loop
     vertex 2.2922702923e-01 5.2862769393e-02 5.2862769393e-02
     vertex 2.2922702923e-01 6.8899985063e-02 2.9060673836e-02
     vertex 2.1531801948e-01 6.7431794550e-02 2.8452529413e-02
   endloop
 endfacet
 facet normal  -1.1142796051e-01 9.7407922716e-01 1.9685900752e-01
   outer loop
     vertex 2.1531801948e-01 6.7431794550e-02 2.8452529413e-02
     vertex 2.2922702923e-01 6.8899985063e-02 2.9060673836e-02
     vertex 2.1531801948e-01 7.3181980515e-02 0.0000000000e+00
   endloop
 endfacet
 facet normal  -1.1142079322e-01 9.7408069653e-01 1.9685579362e-01
   outer loop
     vertex 2.2922702923e-01 6.8899985063e-02 2.9060673836e-02
     vertex 2.2922702923e-01 7.4772970773e-02 0.0000000000e+00
     vertex 2.1531801948e-01 7.3181980515e-02 0.0000000000e+00
   endloop
 endfacet
 facet normal  4.3168919999e-02 9.7927002607e-01 -1.9790568560e-01
   outer loop
     vertex 2.2922702923e-01 7.4772970773e-02 -2.4980018054e-19
     vertex 2.4125735931e-01 7.4242640687e-02 -2.2204460493e-19
     vertex 2.4125735931e-01 6.8410588225e-02 -2.8857959028e-02
   endloop
 endfacet
 facet normal  4.3171707272e-02 9.7927013324e-01 -1.9790454726e-01
   outer loop
     vertex 2.2922702923e-01 7.4772970773e-02 -2.4980018054e-19
     vertex 2.4125735931e-01 6.8410588225e-02 -2.8857959028e-02
     vertex 2.2922702923e-01 6.8899985063e-02 -2.9060673836e-02
   endloop
 endfacet
 facet normal  4.3111912603e-02 8.2852171659e-01 -5.5829483979e-01
   outer loop
     vertex 2.2922702923e-01 6.8899985063e-02 -2.9060673836e-02
     vertex 2.4125735931e-01 6.8410588225e-02 -2.8857959028e-02
     vertex 2.4125735931e-01 5.2487769393e-02 -5.2487769393e-02
   endloop
 endfacet
 facet normal  4.3228126135e-02 8.2854491999e-01 -5.5825141708e-01
   outer loop
     vertex 2.2922702923e-01 6.8899985063e-02 -2.9060673836e-02
     vertex 2.4125735931e-01 5.2487769393e-02 -5.2487769393e-02
     vertex 2.2922702923e-01 5.2862769393e-02 -5.2862769393e-02
   endloop
 endfacet
 facet normal  4.3228538343e-02 5.5829202367e-01 -8.2851753740e-01
   outer loop
     vertex 2.2922702923e-01 5.2862769393e-02 -5.2862769393e-02
     vertex 2.4125735931e-01 5.2487769393e-02 -5.2487769393e-02
     vertex 2.4125735931e-01 2.8857959028e-02 -6.8410588225e-02
   endloop
 endfacet
 facet normal  4.3112340735e-02 5.5825421271e-01 -8.2854906920e-01
   outer loop
     vertex 2.2922702923e-01 5.2862769393e-02 -5.2862769393e-02
     vertex 2.4125735931e-01 2.8857959028e-02 -6.8410588225e-02
     vertex 2.2922702923e-01 2.9060673836e-02 -6.8899985063e-02
   endloop
 endfacet
 facet normal  4.3171716871e-02 1.9790566166e-01 -9.7926990761e-01
   outer loop
     vertex 2.2922702923e-01 2.9060673836e-02 -6.8899985063e-02
     vertex 2.4125735931e-01 2.8857959028e-02 -6.8410588225e-02
     vertex 2.4125735931e-01 -1.6123111457e-18 -7.4242640687e-02
   endloop
 endfacet
 facet normal  4.3168929909e-02 1.9790457104e-01 -9.7927025088e-01
   outer loop
     vertex 2.2922702923e-01 2.9060673836e-02 -6.8899985063e-02
     vertex 2.4125735931e-01 -1.6123111457e-18 -7.4242640687e-02
     vertex 2.2922702923e-01 -1.8138500389e-18 -7.4772970773e-02
   endloop
 endfacet
 facet normal  4.3168929909e-02 -1.9790457104e-01 -9.7927025088e-01
   outer loop
     vertex 2.2922702923e-01 -1.8138500389e-18 -7.4772970773e-02
     vertex 2.4125735931e-01 -1.6123111457e-18 -7.4242640687e-02
     vertex 2.2922702923e-01 -2.9060673836e-02 -6.8899985063e-02
   endloop
 endfacet
 facet normal  4.3171716871e-02 -1.9790566166e-01 -9.7926990761e-01
   outer loop
     vertex 2.4125735931e-01 -1.6123111457e-18 -7.4242640687e-02
     vertex 2.4125735931e-01 -2.8857959028e-02 -6.8410588225e-02
     vertex 2.2922702923e-01 -2.9060673836e-02 -6.8899985063e-02
   endloop
 endfacet
 facet normal  4.3112340735e-02 -5.5825421271e-01 -8.2854906920e-01
   outer loop
     vertex 2.2922702923e-01 -2.9060673836e-02 -6.8899985063e-02
     vertex 2.4125735931e-01 -2.8857959028e-02 -6.8410588225e-02
     vertex 2.2922702923e-01 -5.2862769393e-02 -5.2862769393e-02
   endloop
 endfacet
 facet normal  4.3228538343e-02 -5.5829202367e-01 -8.2851753740e-01
   outer loop
     vertex 2.4125735931e-01 -2.8857959028e-02 -6.8410588225e-02
     vertex 2.4125735931e-01 -5.2487769393e-02 -5.2487769393e-02
     vertex 2.2922702923e-01 -5.2862769393e-02 -5.2862769393e-02
   endloop
 endfacet
 facet normal  4.3228126135e-02 -8.2854491999e-01 -5.5825141708e-01
   outer loop
     vertex 2.2922702923e-01 -5.2862769393e-02 -5.2862769393e-02
     vertex 2.4125735931e-01 -5.2487769393e-02 -5.2487769393e-02
     vertex 2.2922702923e-01 -6.8899985063e-02 -2.9060673836e-02
   endloop
 endfacet
 facet normal  4.3111912603e-02 -8.2852171659e-01 -5.5829483979e-01
   outer loop
     vertex 2.4125735931e-01 -5.2487769393e-02 -5.2487769393e-02
     vertex 2.4125735931e-01 -6.8410588225e-02 -2.8857959028e-02
     vertex 2.2922702923e-01 -6.8899985063e-02 -2.9060673836e-02
   endloop
 endfacet
 facet normal  4.3171707272e-02 -9.7927013324e-01 -1.9790454726e-01
   outer loop
     vertex 2.2922702923e-01 -6.8899985063e-02 -2.9060673836e-02
     vertex 2.4125735931e-01 -6.8410588225e-02 -2.8857959028e-02
     vertex 2.2922702923e-01 -7.4772970773e-02 7.6222955730e-20
   endloop
 endfacet
 facet normal  4.3168919999e-02 -9.7927002607e-01 -1.9790568560e-01
   outer loop
     vertex 2.4125735931e-01 -6.8410588225e-02 -2.8857959028e-02
     vertex 2.4125735931e-01 -7.4242640687e-02 6.7753738426e-20
     vertex 2.2922702923e-01 -7.4772970773e-02 7.6222955730e-20
   endloop
 endfacet
 facet normal  4.3168919999e-02 -9.7927002607e-01 1.9790568560e-01
   outer loop
     vertex 2.2922702923e-01 -7.4772970773e-02 7.6222955730e-20
     vertex 2.4125735931e-01 -7.4242640687e-02 6.7753738426e-20
     vertex 2.4125735931e-01 -6.8410588225e-02 2.8857959028e-02
   endloop
 endfacet
 facet normal  4.3171707272e-02 -9.7927013324e-01 1.9790454726e-01
   outer loop
     vertex 2.2922702923e-01 -7.4772970773e-02 7.6222955730e-20
     vertex 2.4125735931e-01 -6.8410588225e-02 2.8857959028e-02
     vertex 2.2922702923e-01 -6.8899985063e-02 2.9060673836e-02
   endloop
 endfacet
 facet normal  4.3111912603e-02 -8.2852171659e-01 5.5829483979e-01
   outer loop
     vertex 2.2922702923e-01 -6.8899985063e-02 2.9060673836e-02
     vertex 2.4125735931e-01 -6.8410588225e-02 2.8857959028e-02
     vertex 2.4125735931e-01 -5.2487769393e-02 5.2487769393e-02
   endloop
 endfacet
 facet normal  4.3228126135e-02 -8.2854491999e-01 5.5825141708e-01
   outer loop
     vertex 2.2922702923e-01 -6.8899985063e-02 2.9060673836e-02
     vertex 2.4125735931e-01 -5.2487769393e-02 5.2487769393e-02
     vertex 2.2922702923e-01 -5.2862769393e-02 5.2862769393e-02
   endloop
 endfacet
 facet normal  4.3228538343e-02 -5.5829202367e-01 8.2851753740e-01
   outer loop
     vertex 2.2922702923e-01 -5.2862769393e-02 5.2862769393e-02
     vertex 2.4125735931e-01 -5.2487769393e-02 5.2487769393e-02
     vertex 2.4125735931e-01 -2.8857959028e-02 6.8410588225e-02
   endloop
 endfacet
 facet normal  4.3112340735e-02 -5.5825421271e-01 8.2854906920e-01
   outer loop
     vertex 2.2922702923e-01 -5.2862769393e-02 5.2862769393e-02
     vertex 2.4125735931e-01 -2.8857959028e-02 6.8410588225e-02
     vertex 2.2922702923e-01 -2.9060673836e-02 6.8899985063e-02
   endloop
 endfacet
 facet normal  4.3171716871e-02 -1.9790566166e-01 9.7926990761e-01
   outer loop
     vertex 2.2922702923e-01 -2.9060673836e-02 6.8899985063e-02
     vertex 2.4125735931e-01 -2.8857959028e-02 6.8410588225e-02
     vertex 2.4125735931e-01 -2.2287785666e-18 7.4242640687e-02
   endloop
 endfacet
 facet normal  4.3168929909e-02 -1.9790457104e-01 9.7927025088e-01
   outer loop
     vertex 2.2922702923e-01 -2.9060673836e-02 6.8899985063e-02
     vertex 2.4125735931e-01 -2.2287785666e-18 7.4242640687e-02
     vertex 2.2922702923e-01 -2.5073758874e-18 7.4772970773e-02
   endloop
 endfacet
 facet normal  4.3168929909e-02 1.9790457104e-01 9.7927025088e-01
   outer loop
     vertex 2.2922702923e-01 -2.5073758874e-18 7.4772970773e-02
     vertex 2.4125735931e-01 -2.2287785666e-18 7.4242640687e-02
     vertex 2.2922702923e-01 2.9060673836e-02 6.8899985063e-02
   endloop
 endfacet
 facet normal  4.3171716871e-02 1.9790566166e-01 9.7926990761e-01
   outer loop
     vertex 2.4125735931e-01 -2.2287785666e-18 7.4242640687e-02
     vertex 2.4125735931e-01 2.8857959028e-02 6.8410588225e-02
     vertex 2.2922702923e-01 2.9060673836e-02 6.8899985063e-02
   endloop
 endfacet
 facet normal  4.3112340735e-02 5.5825421271e-01 8.2854906920e-01
   outer loop
     vertex 2.2922702923e-01 2.9060673836e-02 6.8899985063e-02
     vertex 2.4125735931e-01 2.8857959028e-02 6.8410588225e-02
     vertex 2.2922702923e-01 5.2862769393e-02 5.2862769393e-02
   endloop
 endfacet
 facet normal  4.3228538343e-02 5.5829202367e-01 8.2851753740e-01
   outer loop
     vertex 2.4125735931e-01 2.8857959028e-02 6.8410588225e-02
     vertex 2.4125735931e-01 5.2487769393e-02 5.2487769393e-02
     vertex 2.2922702923e-01 5.2862769393e-02 5.2862769393e-02
   endloop
 endfacet
 facet normal  4.3228126135e-02 8.2854491999e-01 5.5825141708e-01
   outer loop
     vertex 2.2922702923e-01 5.2862769393e-02 5.2862769393e-02
     vertex 2.4125735931e-01 5.2487769393e-02 5.2487769393e-02
     vertex 2.2922702923e-01 6.8899985063e-02 2.9060673836e-02
   endloop
 endfacet
 facet normal  4.3111912603e-02 8.2852171659e-01 5.5829483979e-01
   outer loop
     vertex 2.4125735931e-01 5.2487769393e-02 5.2487769393e-02
     vertex 2.4125735931e-01 6.8410588225e-02 2.8857959028e-02
     vertex 2.2922702923e-01 6.8899985063e-02 2.9060673836e-02
   endloop
 endfacet
 facet normal  4.3171707272e-02 9.7927013324e-01 1.9790454726e-01
   outer loop
     vertex 2.2922702923e-01 6.8899985063e-02 2.9060673836e-02
     vertex 2.4125735931e-01 6.8410588225e-02 2.8857959028e-02
     vertex 2.2922702923e-01 7.4772970773e-02 0.0000000000e+00
   endloop
 endfacet
 facet normal  4.3168919999e-02 9.7927002607e-01 1.9790568560e-01
   outer loop
     vertex 2.4125735931e-01 6.8410588225e-02 2.8857959028e-02
     vertex 2.4125735931e-01 7.4242640687e-02 0.0000000000e+00
     vertex 2.2922702923e-01 7.4772970773e-02 0.0000000000e+00
   endloop
 endfacet
 facet normal  4.2954598253e-01 8.8514829814e-01 -1.7889309432e-01
   outer loop
     vertex 2.4125735931e-01 7.4242640687e-02 -2.2204460493e-19
     vertex 2.5000000000e-01 7.0000000000e-02 0.0000000000e+00
     vertex 2.5000000000e-01 6.4495413522e-02 -2.7236240567e-02
   endloop
 endfacet
 facet normal  4.2956940721e-01 8.8513911409e-01 -1.7888228840e-01
   outer loop
     vertex 2.4125735931e-01 7.4242640687e-02 -2.2204460493e-19
     vertex 2.5000000000e-01 6.4495413522e-02 -2.7236240567e-02
     vertex 2.4125735931e-01 6.8410588225e-02 -2.8857959028e-02
   endloop
 endfacet
 facet normal  4.2905322469e-01 7.4887114982e-01 -5.0507952973e-01
   outer loop
     vertex 2.4125735931e-01 6.8410588225e-02 -2.8857959028e-02
     vertex 2.5000000000e-01 6.4495413522e-02 -2.7236240567e-02
     vertex 2.5000000000e-01 4.9487769393e-02 -4.9487769393e-02
   endloop
 endfacet
 facet normal  4.3003115818e-01 7.4869714548e-01 -5.0450548793e-01
   outer loop
     vertex 2.4125735931e-01 6.8410588225e-02 -2.8857959028e-02
     vertex 2.5000000000e-01 4.9487769393e-02 -4.9487769393e-02
     vertex 2.4125735931e-01 5.2487769393e-02 -5.2487769393e-02
   endloop
 endfacet
 facet normal  4.3005976904e-01 5.0481180773e-01 -7.4847420385e-01
   outer loop
     vertex 2.4125735931e-01 5.2487769393e-02 -5.2487769393e-02
     vertex 2.5000000000e-01 4.9487769393e-02 -4.9487769393e-02
     vertex 2.5000000000e-01 2.7236240567e-02 -6.4495413522e-02
   endloop
 endfacet
 facet normal  4.2908305650e-01 5.0475750888e-01 -7.4907115007e-01
   outer loop
     vertex 2.4125735931e-01 5.2487769393e-02 -5.2487769393e-02
     vertex 2.5000000000e-01 2.7236240567e-02 -6.4495413522e-02
     vertex 2.4125735931e-01 2.8857959028e-02 -6.8410588225e-02
   endloop
 endfacet
 facet normal  4.2957007327e-01 1.7889082419e-01 -8.8513706575e-01
   outer loop
     vertex 2.4125735931e-01 2.8857959028e-02 -6.8410588225e-02
     vertex 2.5000000000e-01 2.7236240567e-02 -6.4495413522e-02
     vertex 2.5000000000e-01 0.0000000000e+00 -7.0000000000e-02
   endloop
 endfacet
 facet normal  4.2954667024e-01 1.7888443085e-01 -8.8514971529e-01
   outer loop
     vertex 2.4125735931e-01 2.8857959028e-02 -6.8410588225e-02
     vertex 2.5000000000e-01 0.0000000000e+00 -7.0000000000e-02
     vertex 2.4125735931e-01 -1.6123111457e-18 -7.4242640687e-02
   endloop
 endfacet
 facet normal  4.2954667024e-01 -1.7888443085e-01 -8.8514971529e-01
   outer loop
     vertex 2.4125735931e-01 -1.6123111457e-18 -7.4242640687e-02
     vertex 2.5000000000e-01 0.0000000000e+00 -7.0000000000e-02
     vertex 2.4125735931e-01 -2.8857959028e-02 -6.8410588225e-02
   endloop
 endfacet
 facet normal  4.2957007327e-01 -1.7889082419e-01 -8.8513706575e-01
   outer loop
     vertex 2.5000000000e-01 0.0000000000e+00 -7.0000000000e-02
     vertex 2.5000000000e-01 -2.7236240567e-02 -6.4495413522e-02
     vertex 2.4125735931e-01 -2.8857959028e-02 -6.8410588225e-02
   endloop
 endfacet
 facet normal  4.2908305650e-01 -5.0475750888e-01 -7.4907115007e-01
   outer loop
     vertex 2.4125735931e-01 -2.8857959028e-02 -6.8410588225e-02
     vertex 2.5000000000e-01 -2.7236240567e-02 -6.4495413522e-02
     vertex 2.4125735931e-01 -5.2487769393e-02 -5.2487769393e-02
   endloop
 endfacet
 facet normal  4.3005976904e-01 -5.0481180773e-01 -7.4847420385e-01
   outer loop
     vertex 2.5000000000e-01 -2.7236240567e-02 -6.4495413522e-02
     vertex 2.5000000000e-01 -4.9487769393e-02 -4.9487769393e-02
     vertex 2.4125735931e-01 -5.2487769393e-02 -5.2487769393e-02
   endloop
 endfacet
 facet normal  4.3003115818e-01 -7.4869714548e-01 -5.0450548793e-01
   outer loop
     vertex 2.4125735931e-01 -5.2487769393e-02 -5.2487769393e-02
     vertex 2.5000000000e-01 -4.9487769393e-02 -4.9487769393e-02
     vertex 2.4125735931e-01 -6.8410588225e-02 -2.8857959028e-02
   endloop
 endfacet
 facet normal  4.2905322469e-01 -7.4887114982e-01 -5.0507952973e-01
   outer loop
     vertex 2.5000000000e-01 -4.9487769393e-02 -4.9487769393e-02
     vertex 2.5000000000e-01 -6.4495413522e-02 -2.7236240567e-02
     vertex 2.4125735931e-01 -6.8410588225e-02 -2.8857959028e-02
   endloop
 endfacet
 facet normal  4.2956940721e-01 -8.8513911409e-01 -1.7888228840e-01
   outer loop
     vertex 2.4125735931e-01 -6.8410588225e-02 -2.8857959028e-02
     vertex 2.5000000000e-01 -6.4495413522e-02 -2.7236240567e-02
     vertex 2.4125735931e-01 -7.4242640687e-02 6.7753738426e-20
   endloop
 endfacet
 facet normal  4.2954598253e-01 -8.8514829814e-01 -1.7889309432e-01
   outer loop
     vertex 2.5000000000e-01 -6.4495413522e-02 -2.7236240567e-02
     vertex 2.5000000000e-01 -7.0000000000e-02 0.0000000000e+00
     vertex 2.4125735931e-01 -7.4242640687e-02 6.7753738426e-20
   endloop
 endfacet
 facet normal  4.2954598253e-01 -8.8514829814e-01 1.7889309432e-01
   outer loop
     vertex 2.4125735931e-01 -7.4242640687e-02 6.7753738426e-20
     vertex 2.5000000000e-01 -7.0000000000e-02 0.0000000000e+00
     vertex 2.5000000000e-01 -6.4495413522e-02 2.7236240567e-02
   endloop
 endfacet
 facet normal  4.2956940721e-01 -8.8513911409e-01 1.7888228840e-01
   outer loop
     vertex 2.4125735931e-01 -7.4242640687e-02 6.7753738426e-20
     vertex 2.5000000000e-01 -6.4495413522e-02 2.7236240567e-02
     vertex 2.4125735931e-01 -6.8410588225e-02 2.8857959028e-02
   endloop
 endfacet
 facet normal  4.2905322469e-01 -7.4887114982e-01 5.0507952973e-01
   outer loop
     vertex 2.4125735931e-01 -6.8410588225e-02 2.8857959028e-02
     vertex 2.5000000000e-01 -6.4495413522e-02 2.7236240567e-02
     vertex 2.5000000000e-01 -4.9487769393e-02 4.9487769393e-02
   endloop
 endfacet
 facet normal  4.3003115818e-01 -7.4869714548e-01 5.0450548793e-01
   outer loop
     vertex 2.4125735931e-01 -6.8410588225e-02 2.8857959028e-02
     vertex 2.5000000000e-01 -4.9487769393e-02 4.9487769393e-02
     vertex 2.4125735931e-01 -5.2487769393e-02 5.2487769393e-02
   endloop
 endfacet
 facet normal  4.3005976904e-01 -5.0481180773e-01 7.4847420385e-01
   outer loop
     vertex 2.4125735931e-01 -5.2487769393e-02 5.2487769393e-02
     vertex 2.5000000000e-01 -4.9487769393e-02 4.9487769393e-02
     vertex 2.5000000000e-01 -2.7236240567e-02 6.4495413522e-02
   endloop
 endfacet
 facet normal  4.2908305650e-01 -5.0475750888e-01 7.4907115007e-01
   outer loop
     vertex 2.4125735931e-01 -5.2487769393e-02 5.2487769393e-02
     vertex 2.5000000000e-01 -2.7236240567e-02 6.4495413522e-02
     vertex 2.4125735931e-01 -2.8857959028e-02 6.8410588225e-02
   endloop
 endfacet
 facet normal  4.2957007327e-01 -1.7889082419e-01 8.8513706575e-01
   outer loop
     vertex 2.4125735931e-01 -2.8857959028e-02 6.8410588225e-02
     vertex 2.5000000000e-01 -2.7236240567e-02 6.4495413522e-02
     vertex 2.5000000000e-01 0.0000000000e+00 7.0000000000e-02
   endloop
 endfacet
 facet normal  4.2954667024e-01 -1.7888443085e-01 8.8514971529e-01
   outer loop
     vertex 2.4125735931e-01 -2.8857959028e-02 6.8410588225e-02
     vertex 2.5000000000e-01 0.0000000000e+00 7.0000000000e-02
     vertex 2.4125735931e-01 -2.2287785666e-18 7.4242640687e-02
   endloop
 endfacet
 facet normal  4.2954667024e-01 1.7888443085e-01 8.8514971529e-01
   outer loop
     vertex 2.4125735931e-01 -2.2287785666e-18 7.4242640687e-02
     vertex 2.5000000000e-01 0.0000000000e+00 7.0000000000e-02
     vertex 2.4125735931e-01 2.8857959028e-02 6.8410588225e-02
   endloop
 endfacet
 facet normal  4.2957007327e-01 1.7889082419e-01 8.8513706575e-01
   outer loop
     vertex 2.5000000000e-01 0.0000000000e+00 7.0000000000e-02
     vertex 2.5000000000e-01 2.7236240567e-02 6.4495413522e-02
     vertex 2.4125735931e-01 2.8857959028e-02 6.8410588225e-02
   endloop
 endfacet
 facet normal  4.2908305650e-01 5.0475750888e-01 7.4907115007e-01
   outer loop
     vertex 2.4125735931e-01 2.8857959028e-02 6.8410588225e-02
     vertex 2.5000000000e-01 2.7236240567e-02 6.4495413522e-02
     vertex 2.4125735931e-01 5.2487769393e-02 5.2487769393e-02
   endloop
 endfacet
 facet normal  4.3005976904e-01 5.0481180773e-01 7.4847420385e-01
   outer loop
     vertex 2.5000000000e-01 2.7236240567e-02 6.4495413522e-02
     vertex 2.5000000000e-01 4.9487769393e-02 4.9487769393e-02
     vertex 2.4125735931e-01 5.2487769393e-02 5.2487769393e-02
   endloop
 endfacet
 facet normal  4.3003115818e-01 7.4869714548e-01 5.0450548793e-01
   outer loop
     vertex 2.4125735931e-01 5.2487769393e-02 5.2487769393e-02
     vertex 2.5000000000e-01 4.9487769393e-02 4.9487769393e-02
     vertex 2.4125735931e-01 6.8410588225e-02 2.8857959028e-02
   endloop
 endfacet
 facet normal  4.2905322469e-01 7.4887114982e-01 5.0507952973e-01
   outer loop
     vertex 2.5000000000e-01 4.9487769393e-02 4.9487769393e-02
     vertex 2.5000000000e-01 6.4495413522e-02 2.7236240567e-02
     vertex 2.4125735931e-01 6.8410588225e-02 2.8857959028e-02
   endloop
 endfacet
 facet normal  4.2956940721e-01 8.8513911409e-01 1.7888228840e-01
   outer loop
     vertex 2.4125735931e-01 6.8410588225e-02 2.8857959028e-02
     vertex 2.5000000000e-01 6.4495413522e-02 2.7236240567e-02
     vertex 2.4125735931e-01 7.4242640687e-02 0.0000000000e+00
   endloop
 endfacet
 facet normal  4.2954598253e-01 8.8514829814e-01 1.7889309432e-01
   outer loop
     vertex 2.5000000000e-01 6.4495413522e-02 2.7236240567e-02
     vertex 2.5000000000e-01 7.0000000000e-02 0.0000000000e+00
     vertex 2.4125735931e-01 7.4242640687e-02 0.0000000000e+00
   endloop
 endfacet
endsolid
