ISO-10303-21;
HEADER;
FILE_DESCRIPTION((''),'1');
FILE_NAME('outfile.stp','2026-03-21T23:21:53',(''),(''),'','','');
FILE_SCHEMA(('CONFIG_CONTROL_DESIGN'));
ENDSEC;
DATA;
#1=CALENDAR_DATE(2000,1,1);
#2=COORDINATED_UNIVERSAL_TIME_OFFSET(0,0,.BEHIND.);
#3=LOCAL_TIME(12,0,0.,#2);
#4=DATE_AND_TIME(#1,#3);
#5=DIMENSIONAL_EXPONENTS(0.,0.,0.,0.,0.,0.,0.);
#6=(
LENGTH_UNIT()
NAMED_UNIT(*)
SI_UNIT(.MILLI.,.METRE.)
);
#7=LENGTH_MEASURE_WITH_UNIT(LENGTH_MEASURE(304.8),#6);
#8=DIMENSIONAL_EXPONENTS(1.,0.,0.,0.,0.,0.,0.);
#9=(
CONVERSION_BASED_UNIT('FOOT',#7)
LENGTH_UNIT()
NAMED_UNIT(#8)
);
#10=UNCERTAINTY_MEASURE_WITH_UNIT(LENGTH_MEASURE(1.E-06),#9,'closure','Threshold below which geometry imperfections (such as overlaps) are not considered errors.');
#11=(
NAMED_UNIT(*)
PLANE_ANGLE_UNIT()
SI_UNIT($,.RADIAN.)
);
#12=PLANE_ANGLE_MEASURE_WITH_UNIT(PLANE_ANGLE_MEASURE(0.0174532925199433),#11);
#13=(
CONVERSION_BASED_UNIT('DEGREES',#12)
NAMED_UNIT(#5)
PLANE_ANGLE_UNIT()
);
#14=(
NAMED_UNIT(*)
SI_UNIT($,.STERADIAN.)
SOLID_ANGLE_UNIT()
);
#15=(
GEOMETRIC_REPRESENTATION_CONTEXT(3)
GLOBAL_UNCERTAINTY_ASSIGNED_CONTEXT((#10))
GLOBAL_UNIT_ASSIGNED_CONTEXT((#9,#13,#14))
REPRESENTATION_CONTEXT('STANDARD','3D')
);
#16=CARTESIAN_POINT('',(0.,0.,0.));
#17=DIRECTION('',(0.,0.,1.));
#18=DIRECTION('',(1.,0.,0.));
#19=AXIS2_PLACEMENT_3D('',#16,#17,#18);
#20=APPLICATION_CONTEXT('configuration controlled 3d designs of mechanical parts and assemblies');
#21=MECHANICAL_CONTEXT('',#20,'mechanical');
#22=APPLICATION_PROTOCOL_DEFINITION('international standard','config_control_design',1994,#20);
#23=DESIGN_CONTEXT('',#20,'design');
#24=PRODUCT('','prodname','',(#21));
#25=PRODUCT_RELATED_PRODUCT_CATEGORY('assembly','',(#24));
#26=PRODUCT_DEFINITION_FORMATION_WITH_SPECIFIED_SOURCE('','',#24,.MADE.);
#27=PRODUCT_DEFINITION('','',#26,#23);
#28=PRODUCT_DEFINITION_SHAPE('','ProductShapeDescription',#27);
#29=SHAPE_REPRESENTATION('',(#19),#15);
#30=SHAPE_DEFINITION_REPRESENTATION(#28,#29);
#31=PERSON('','Doe','John',$,$,$);
#32=ORGANIZATION('','','');
#33=PERSON_AND_ORGANIZATION(#31,#32);
#34=PERSON_AND_ORGANIZATION_ROLE('creator');
#35=PERSON_AND_ORGANIZATION_ROLE('design_owner');
#36=PERSON_AND_ORGANIZATION_ROLE('design_supplier');
#37=APPROVAL_STATUS('approved');
#38=APPROVAL(#37,'');
#39=APPROVAL_DATE_TIME(#4,#38);
#40=APPROVAL_ROLE('approver');
#41=APPROVAL_PERSON_ORGANIZATION(#33,#38,#40);
#42=SECURITY_CLASSIFICATION_LEVEL('unclassified');
#43=SECURITY_CLASSIFICATION('','',#42);
#44=CC_DESIGN_SECURITY_CLASSIFICATION(#43,(#26));
#45=PERSON_AND_ORGANIZATION_ROLE('classification_officer');
#46=CC_DESIGN_PERSON_AND_ORGANIZATION_ASSIGNMENT(#33,#45,(#43));
#47=DATE_TIME_ROLE('classification_date');
#48=CC_DESIGN_DATE_AND_TIME_ASSIGNMENT(#4,#47,(#43));
#49=CC_DESIGN_APPROVAL(#38,(#27,#26,#43));
#50=CC_DESIGN_PERSON_AND_ORGANIZATION_ASSIGNMENT(#33,#34,(#27,#26));
#51=CC_DESIGN_PERSON_AND_ORGANIZATION_ASSIGNMENT(#33,#36,(#26));
#52=DATE_TIME_ROLE('creation_date');
#53=CC_DESIGN_DATE_AND_TIME_ASSIGNMENT(#4,#52,(#27));
#54=CC_DESIGN_PERSON_AND_ORGANIZATION_ASSIGNMENT(#33,#35,(#24));
#55=B_SPLINE_SURFACE_WITH_KNOTS('Surf_BOEIOPNMQR, Fuselage, 0, 0',3,3,((#56, #57, #58, #65, #66, #67, #68),(#59, #60, #61, #69, #70, #71, #72),(#62, #63, #64, #73, #74, #75, #76),(#77, #78, #79, #89, #90, #91, #92),(#80, #81, #82, #93, #94, #95, #96),(#83, #84, #85, #97, #98, #99, #100),(#86, #87, #88, #101, #102, #103, #104)),.UNSPECIFIED.,.F.,.F.,.F.,(4,3,4),(4,3,4),(0.,1.,2.),(0.,1.,2.),.PIECEWISE_BEZIER_KNOTS.);
#56=CARTESIAN_POINT('',(0.,0.,-0.025));
#57=CARTESIAN_POINT('',(-4.62592926927149E-18,0.00689893780616888,-0.025));
#58=CARTESIAN_POINT('',(0.,0.0131489378061689,-0.0221994689030844));
#59=CARTESIAN_POINT('',(0.0293664881284773,-6.5743992235576E-18,-0.0543664881284773));
#60=CARTESIAN_POINT('',(0.0293664881284773,0.0145695782994039,-0.0543664881284773));
#61=CARTESIAN_POINT('',(0.0293664881284773,0.0284902187926389,-0.0483886737071756));
#62=CARTESIAN_POINT('',(0.108220374192725,0.,-0.0595));
#63=CARTESIAN_POINT('',(0.108220374192725,0.016419471978682,-0.0595));
#64=CARTESIAN_POINT('',(0.108220374192725,0.031294471978682,-0.052834735989341));
#65=CARTESIAN_POINT('',(0.,0.0176742033546267,-0.0176742033546267));
#66=CARTESIAN_POINT('',(0.,0.0221994689030845,-0.0131489378061689));
#67=CARTESIAN_POINT('',(0.,0.025,-0.00689893780616888));
#68=CARTESIAN_POINT('',(0.,0.025,0.));
#69=CARTESIAN_POINT('',(0.0293664881284773,0.0384394462499072,-0.0384394462499072));
#70=CARTESIAN_POINT('',(0.0293664881284773,0.0483886737071756,-0.0284902187926389));
#71=CARTESIAN_POINT('',(0.0293664881284773,0.0543664881284773,-0.0145695782994039));
#72=CARTESIAN_POINT('',(0.0293664881284773,0.0543664881284773,-1.15648231731787E-18));
#73=CARTESIAN_POINT('',(0.108220374192725,0.0420646039840115,-0.0420646039840115));
#74=CARTESIAN_POINT('',(0.108220374192725,0.052834735989341,-0.0312944719786819));
#75=CARTESIAN_POINT('',(0.108220374192725,0.0595,-0.0164194719786819));
#76=CARTESIAN_POINT('',(0.108220374192725,0.0595,0.));
#77=CARTESIAN_POINT('',(0.1625,0.,-0.0595));
#78=CARTESIAN_POINT('',(0.1625,0.016419471978682,-0.0595));
#79=CARTESIAN_POINT('',(0.1625,0.031294471978682,-0.052834735989341));
#80=CARTESIAN_POINT('',(0.216779625807275,0.,-0.0595));
#81=CARTESIAN_POINT('',(0.216779625807275,0.016419471978682,-0.0595));
#82=CARTESIAN_POINT('',(0.216779625807275,0.031294471978682,-0.052834735989341));
#83=CARTESIAN_POINT('',(0.270833333333333,0.,-0.07));
#84=CARTESIAN_POINT('',(0.270833333333333,0.0193170258572729,-0.07));
#85=CARTESIAN_POINT('',(0.270833333333333,0.0368170258572729,-0.0621585129286364));
#86=CARTESIAN_POINT('',(0.325,0.,-0.07));
#87=CARTESIAN_POINT('',(0.325,0.0193170258572729,-0.07));
#88=CARTESIAN_POINT('',(0.325,0.0368170258572729,-0.0621585129286364));
#89=CARTESIAN_POINT('',(0.1625,0.0420646039840115,-0.0420646039840115));
#90=CARTESIAN_POINT('',(0.1625,0.052834735989341,-0.0312944719786819));
#91=CARTESIAN_POINT('',(0.1625,0.0595,-0.0164194719786819));
#92=CARTESIAN_POINT('',(0.1625,0.0595,0.));
#93=CARTESIAN_POINT('',(0.216779625807275,0.0420646039840115,-0.0420646039840115));
#94=CARTESIAN_POINT('',(0.216779625807275,0.052834735989341,-0.0312944719786819));
#95=CARTESIAN_POINT('',(0.216779625807275,0.0595,-0.0164194719786819));
#96=CARTESIAN_POINT('',(0.216779625807275,0.0595,0.));
#97=CARTESIAN_POINT('',(0.270833333333333,0.0494877693929547,-0.0494877693929547));
#98=CARTESIAN_POINT('',(0.270833333333333,0.0621585129286364,-0.0368170258572729));
#99=CARTESIAN_POINT('',(0.270833333333333,0.07,-0.0193170258572729));
#100=CARTESIAN_POINT('',(0.270833333333333,0.07,0.));
#101=CARTESIAN_POINT('',(0.325,0.0494877693929547,-0.0494877693929547));
#102=CARTESIAN_POINT('',(0.325,0.0621585129286364,-0.0368170258572729));
#103=CARTESIAN_POINT('',(0.325,0.07,-0.0193170258572729));
#104=CARTESIAN_POINT('',(0.325,0.07,0.));
#105=B_SPLINE_SURFACE_WITH_KNOTS('Surf_BOEIOPNMQR, Fuselage, 0, 1',3,3,((#106, #107, #108, #115, #116, #117, #118),(#109, #110, #111, #119, #120, #121, #122),(#112, #113, #114, #123, #124, #125, #126),(#127, #128, #129, #139, #140, #141, #142),(#130, #131, #132, #143, #144, #145, #146),(#133, #134, #135, #147, #148, #149, #150),(#136, #137, #138, #151, #152, #153, #154)),.UNSPECIFIED.,.F.,.F.,.F.,(4,3,4),(4,3,4),(0.,1.,2.),(0.,1.,2.),.PIECEWISE_BEZIER_KNOTS.);
#106=CARTESIAN_POINT('',(0.,-0.025,0.));
#107=CARTESIAN_POINT('',(0.,-0.025,-0.00689893780616888));
#108=CARTESIAN_POINT('',(0.,-0.0221994689030844,-0.0131489378061689));
#109=CARTESIAN_POINT('',(0.0293664881284774,-0.0543664881284773,9.65385374398382E-19));
#110=CARTESIAN_POINT('',(0.0293664881284774,-0.0543664881284773,-0.0145695782994039));
#111=CARTESIAN_POINT('',(0.0293664881284773,-0.0483886737071756,-0.0284902187926389));
#112=CARTESIAN_POINT('',(0.108220374192725,-0.0595,0.));
#113=CARTESIAN_POINT('',(0.108220374192725,-0.0595,-0.0164194719786819));
#114=CARTESIAN_POINT('',(0.108220374192725,-0.052834735989341,-0.0312944719786819));
#115=CARTESIAN_POINT('',(0.,-0.0176742033546267,-0.0176742033546267));
#116=CARTESIAN_POINT('',(0.,-0.0131489378061689,-0.0221994689030844));
#117=CARTESIAN_POINT('',(0.,-0.00689893780616889,-0.025));
#118=CARTESIAN_POINT('',(0.,0.,-0.025));
#119=CARTESIAN_POINT('',(0.0293664881284773,-0.0384394462499072,-0.0384394462499072));
#120=CARTESIAN_POINT('',(0.0293664881284773,-0.0284902187926388,-0.0483886737071756));
#121=CARTESIAN_POINT('',(0.0293664881284773,-0.0145695782994039,-0.0543664881284773));
#122=CARTESIAN_POINT('',(0.0293664881284773,-6.5743992235576E-18,-0.0543664881284773));
#123=CARTESIAN_POINT('',(0.108220374192725,-0.0420646039840115,-0.0420646039840115));
#124=CARTESIAN_POINT('',(0.108220374192725,-0.0312944719786819,-0.052834735989341));
#125=CARTESIAN_POINT('',(0.108220374192725,-0.0164194719786819,-0.0595));
#126=CARTESIAN_POINT('',(0.108220374192725,0.,-0.0595));
#127=CARTESIAN_POINT('',(0.1625,-0.0595,0.));
#128=CARTESIAN_POINT('',(0.1625,-0.0595,-0.0164194719786819));
#129=CARTESIAN_POINT('',(0.1625,-0.052834735989341,-0.0312944719786819));
#130=CARTESIAN_POINT('',(0.216779625807275,-0.0595,0.));
#131=CARTESIAN_POINT('',(0.216779625807275,-0.0595,-0.0164194719786819));
#132=CARTESIAN_POINT('',(0.216779625807275,-0.052834735989341,-0.0312944719786819));
#133=CARTESIAN_POINT('',(0.270833333333333,-0.07,0.));
#134=CARTESIAN_POINT('',(0.270833333333333,-0.07,-0.0193170258572729));
#135=CARTESIAN_POINT('',(0.270833333333333,-0.0621585129286364,-0.0368170258572729));
#136=CARTESIAN_POINT('',(0.325,-0.07,0.));
#137=CARTESIAN_POINT('',(0.325,-0.07,-0.0193170258572729));
#138=CARTESIAN_POINT('',(0.325,-0.0621585129286364,-0.0368170258572729));
#139=CARTESIAN_POINT('',(0.1625,-0.0420646039840115,-0.0420646039840115));
#140=CARTESIAN_POINT('',(0.1625,-0.0312944719786819,-0.052834735989341));
#141=CARTESIAN_POINT('',(0.1625,-0.0164194719786819,-0.0595));
#142=CARTESIAN_POINT('',(0.1625,0.,-0.0595));
#143=CARTESIAN_POINT('',(0.216779625807275,-0.0420646039840115,-0.0420646039840115));
#144=CARTESIAN_POINT('',(0.216779625807275,-0.0312944719786819,-0.052834735989341));
#145=CARTESIAN_POINT('',(0.216779625807275,-0.0164194719786819,-0.0595));
#146=CARTESIAN_POINT('',(0.216779625807275,0.,-0.0595));
#147=CARTESIAN_POINT('',(0.270833333333333,-0.0494877693929547,-0.0494877693929547));
#148=CARTESIAN_POINT('',(0.270833333333333,-0.0368170258572729,-0.0621585129286364));
#149=CARTESIAN_POINT('',(0.270833333333333,-0.0193170258572729,-0.07));
#150=CARTESIAN_POINT('',(0.270833333333333,0.,-0.07));
#151=CARTESIAN_POINT('',(0.325,-0.0494877693929547,-0.0494877693929547));
#152=CARTESIAN_POINT('',(0.325,-0.0368170258572729,-0.0621585129286364));
#153=CARTESIAN_POINT('',(0.325,-0.0193170258572729,-0.07));
#154=CARTESIAN_POINT('',(0.325,0.,-0.07));
#155=B_SPLINE_SURFACE_WITH_KNOTS('Surf_BOEIOPNMQR, Fuselage, 0, 2',3,3,((#156, #157, #158, #165, #166, #167, #168),(#159, #160, #161, #169, #170, #171, #172),(#162, #163, #164, #173, #174, #175, #176),(#177, #178, #179, #189, #190, #191, #192),(#180, #181, #182, #193, #194, #195, #196),(#183, #184, #185, #197, #198, #199, #200),(#186, #187, #188, #201, #202, #203, #204)),.UNSPECIFIED.,.F.,.F.,.F.,(4,3,4),(4,3,4),(0.,1.,2.),(0.,1.,2.),.PIECEWISE_BEZIER_KNOTS.);
#156=CARTESIAN_POINT('',(0.,2.05432527401305E-33,0.025));
#157=CARTESIAN_POINT('',(0.,-0.00689893780616889,0.025));
#158=CARTESIAN_POINT('',(0.,-0.0131489378061689,0.0221994689030844));
#159=CARTESIAN_POINT('',(0.0293664881284773,-1.60841461452764E-17,0.0543664881284773));
#160=CARTESIAN_POINT('',(0.0293664881284773,-0.0145695782994039,0.0543664881284773));
#161=CARTESIAN_POINT('',(0.0293664881284773,-0.0284902187926389,0.0483886737071756));
#162=CARTESIAN_POINT('',(0.108220374192725,0.,0.0595));
#163=CARTESIAN_POINT('',(0.108220374192725,-0.0164194719786819,0.0595));
#164=CARTESIAN_POINT('',(0.108220374192725,-0.0312944719786819,0.052834735989341));
#165=CARTESIAN_POINT('',(0.,-0.0176742033546267,0.0176742033546267));
#166=CARTESIAN_POINT('',(0.,-0.0221994689030844,0.0131489378061689));
#167=CARTESIAN_POINT('',(0.,-0.025,0.00689893780616889));
#168=CARTESIAN_POINT('',(0.,-0.025,0.));
#169=CARTESIAN_POINT('',(0.0293664881284773,-0.0384394462499072,0.0384394462499072));
#170=CARTESIAN_POINT('',(0.0293664881284773,-0.0483886737071756,0.0284902187926389));
#171=CARTESIAN_POINT('',(0.0293664881284774,-0.0543664881284773,0.0145695782994039));
#172=CARTESIAN_POINT('',(0.0293664881284774,-0.0543664881284773,9.65385374398382E-19));
#173=CARTESIAN_POINT('',(0.108220374192725,-0.0420646039840115,0.0420646039840115));
#174=CARTESIAN_POINT('',(0.108220374192725,-0.052834735989341,0.0312944719786819));
#175=CARTESIAN_POINT('',(0.108220374192725,-0.0595,0.0164194719786819));
#176=CARTESIAN_POINT('',(0.108220374192725,-0.0595,0.));
#177=CARTESIAN_POINT('',(0.1625,0.,0.0595));
#178=CARTESIAN_POINT('',(0.1625,-0.0164194719786819,0.0595));
#179=CARTESIAN_POINT('',(0.1625,-0.0312944719786819,0.052834735989341));
#180=CARTESIAN_POINT('',(0.216779625807275,0.,0.0595));
#181=CARTESIAN_POINT('',(0.216779625807275,-0.0164194719786819,0.0595));
#182=CARTESIAN_POINT('',(0.216779625807275,-0.0312944719786819,0.052834735989341));
#183=CARTESIAN_POINT('',(0.270833333333333,0.,0.07));
#184=CARTESIAN_POINT('',(0.270833333333333,-0.0193170258572729,0.07));
#185=CARTESIAN_POINT('',(0.270833333333333,-0.0368170258572729,0.0621585129286364));
#186=CARTESIAN_POINT('',(0.325,0.,0.07));
#187=CARTESIAN_POINT('',(0.325,-0.0193170258572729,0.07));
#188=CARTESIAN_POINT('',(0.325,-0.0368170258572729,0.0621585129286364));
#189=CARTESIAN_POINT('',(0.1625,-0.0420646039840115,0.0420646039840115));
#190=CARTESIAN_POINT('',(0.1625,-0.052834735989341,0.0312944719786819));
#191=CARTESIAN_POINT('',(0.1625,-0.0595,0.0164194719786819));
#192=CARTESIAN_POINT('',(0.1625,-0.0595,0.));
#193=CARTESIAN_POINT('',(0.216779625807275,-0.0420646039840115,0.0420646039840115));
#194=CARTESIAN_POINT('',(0.216779625807275,-0.052834735989341,0.0312944719786819));
#195=CARTESIAN_POINT('',(0.216779625807275,-0.0595,0.0164194719786819));
#196=CARTESIAN_POINT('',(0.216779625807275,-0.0595,0.));
#197=CARTESIAN_POINT('',(0.270833333333333,-0.0494877693929547,0.0494877693929547));
#198=CARTESIAN_POINT('',(0.270833333333333,-0.0621585129286364,0.0368170258572729));
#199=CARTESIAN_POINT('',(0.270833333333333,-0.07,0.0193170258572729));
#200=CARTESIAN_POINT('',(0.270833333333333,-0.07,0.));
#201=CARTESIAN_POINT('',(0.325,-0.0494877693929547,0.0494877693929547));
#202=CARTESIAN_POINT('',(0.325,-0.0621585129286364,0.0368170258572729));
#203=CARTESIAN_POINT('',(0.325,-0.07,0.0193170258572729));
#204=CARTESIAN_POINT('',(0.325,-0.07,0.));
#205=B_SPLINE_SURFACE_WITH_KNOTS('Surf_BOEIOPNMQR, Fuselage, 0, 3',3,3,((#206, #207, #208, #215, #216, #217, #218),(#209, #210, #211, #219, #220, #221, #222),(#212, #213, #214, #223, #224, #225, #226),(#227, #228, #229, #239, #240, #241, #242),(#230, #231, #232, #243, #244, #245, #246),(#233, #234, #235, #247, #248, #249, #250),(#236, #237, #238, #251, #252, #253, #254)),.UNSPECIFIED.,.F.,.F.,.F.,(4,3,4),(4,3,4),(0.,1.,2.),(0.,1.,2.),.PIECEWISE_BEZIER_KNOTS.);
#206=CARTESIAN_POINT('',(0.,0.025,0.));
#207=CARTESIAN_POINT('',(0.,0.025,0.00689893780616889));
#208=CARTESIAN_POINT('',(0.,0.0221994689030844,0.0131489378061689));
#209=CARTESIAN_POINT('',(0.0293664881284773,0.0543664881284773,0.));
#210=CARTESIAN_POINT('',(0.0293664881284773,0.0543664881284773,0.0145695782994039));
#211=CARTESIAN_POINT('',(0.0293664881284773,0.0483886737071756,0.0284902187926389));
#212=CARTESIAN_POINT('',(0.108220374192725,0.0595,0.));
#213=CARTESIAN_POINT('',(0.108220374192725,0.0595,0.0164194719786819));
#214=CARTESIAN_POINT('',(0.108220374192725,0.052834735989341,0.0312944719786819));
#215=CARTESIAN_POINT('',(0.,0.0176742033546267,0.0176742033546267));
#216=CARTESIAN_POINT('',(0.,0.0131489378061689,0.0221994689030844));
#217=CARTESIAN_POINT('',(0.,0.00689893780616888,0.025));
#218=CARTESIAN_POINT('',(0.,2.05432527401305E-33,0.025));
#219=CARTESIAN_POINT('',(0.0293664881284773,0.0384394462499072,0.0384394462499072));
#220=CARTESIAN_POINT('',(0.0293664881284773,0.0284902187926388,0.0483886737071756));
#221=CARTESIAN_POINT('',(0.0293664881284773,0.0145695782994039,0.0543664881284773));
#222=CARTESIAN_POINT('',(0.0293664881284773,-1.60841461452764E-17,0.0543664881284773));
#223=CARTESIAN_POINT('',(0.108220374192725,0.0420646039840115,0.0420646039840115));
#224=CARTESIAN_POINT('',(0.108220374192725,0.031294471978682,0.052834735989341));
#225=CARTESIAN_POINT('',(0.108220374192725,0.0164194719786819,0.0595));
#226=CARTESIAN_POINT('',(0.108220374192725,0.,0.0595));
#227=CARTESIAN_POINT('',(0.1625,0.0595,0.));
#228=CARTESIAN_POINT('',(0.1625,0.0595,0.0164194719786819));
#229=CARTESIAN_POINT('',(0.1625,0.052834735989341,0.0312944719786819));
#230=CARTESIAN_POINT('',(0.216779625807275,0.0595,0.));
#231=CARTESIAN_POINT('',(0.216779625807275,0.0595,0.0164194719786819));
#232=CARTESIAN_POINT('',(0.216779625807275,0.052834735989341,0.0312944719786819));
#233=CARTESIAN_POINT('',(0.270833333333333,0.07,0.));
#234=CARTESIAN_POINT('',(0.270833333333333,0.07,0.0193170258572729));
#235=CARTESIAN_POINT('',(0.270833333333333,0.0621585129286364,0.0368170258572729));
#236=CARTESIAN_POINT('',(0.325,0.07,0.));
#237=CARTESIAN_POINT('',(0.325,0.07,0.0193170258572729));
#238=CARTESIAN_POINT('',(0.325,0.0621585129286364,0.0368170258572729));
#239=CARTESIAN_POINT('',(0.1625,0.0420646039840115,0.0420646039840115));
#240=CARTESIAN_POINT('',(0.1625,0.031294471978682,0.052834735989341));
#241=CARTESIAN_POINT('',(0.1625,0.0164194719786819,0.0595));
#242=CARTESIAN_POINT('',(0.1625,0.,0.0595));
#243=CARTESIAN_POINT('',(0.216779625807275,0.0420646039840115,0.0420646039840115));
#244=CARTESIAN_POINT('',(0.216779625807275,0.031294471978682,0.052834735989341));
#245=CARTESIAN_POINT('',(0.216779625807275,0.0164194719786819,0.0595));
#246=CARTESIAN_POINT('',(0.216779625807275,0.,0.0595));
#247=CARTESIAN_POINT('',(0.270833333333333,0.0494877693929547,0.0494877693929547));
#248=CARTESIAN_POINT('',(0.270833333333333,0.0368170258572729,0.0621585129286364));
#249=CARTESIAN_POINT('',(0.270833333333333,0.0193170258572729,0.07));
#250=CARTESIAN_POINT('',(0.270833333333333,0.,0.07));
#251=CARTESIAN_POINT('',(0.325,0.0494877693929547,0.0494877693929547));
#252=CARTESIAN_POINT('',(0.325,0.0368170258572729,0.0621585129286364));
#253=CARTESIAN_POINT('',(0.325,0.0193170258572729,0.07));
#254=CARTESIAN_POINT('',(0.325,0.,0.07));
#255=B_SPLINE_SURFACE_WITH_KNOTS('Surf_BOEIOPNMQR, Fuselage, 0, 4',3,3,((#256, #257, #258, #265, #266, #267, #268),(#259, #260, #261, #269, #270, #271, #272),(#262, #263, #264, #273, #274, #275, #276),(#277, #278, #279, #289, #290, #291, #292),(#280, #281, #282, #293, #294, #295, #296),(#283, #284, #285, #297, #298, #299, #300),(#286, #287, #288, #301, #302, #303, #304)),.UNSPECIFIED.,.F.,.F.,.F.,(4,3,4),(4,3,4),(0.,1.,2.),(0.,1.,2.),.PIECEWISE_BEZIER_KNOTS.);
#256=CARTESIAN_POINT('',(0.325,0.,-0.07));
#257=CARTESIAN_POINT('',(0.325,0.0193170258572729,-0.07));
#258=CARTESIAN_POINT('',(0.325,0.0368170258572729,-0.0621585129286364));
#259=CARTESIAN_POINT('',(0.379166666666667,0.,-0.07));
#260=CARTESIAN_POINT('',(0.379166666666667,0.0193170258572729,-0.07));
#261=CARTESIAN_POINT('',(0.379166666666667,0.0368170258572729,-0.0621585129286364));
#262=CARTESIAN_POINT('',(0.433333333333333,0.,-0.07));
#263=CARTESIAN_POINT('',(0.433333333333333,0.0193170258572729,-0.07));
#264=CARTESIAN_POINT('',(0.433333333333333,0.0368170258572729,-0.0621585129286364));
#265=CARTESIAN_POINT('',(0.325,0.0494877693929547,-0.0494877693929547));
#266=CARTESIAN_POINT('',(0.325,0.0621585129286364,-0.0368170258572729));
#267=CARTESIAN_POINT('',(0.325,0.07,-0.0193170258572729));
#268=CARTESIAN_POINT('',(0.325,0.07,0.));
#269=CARTESIAN_POINT('',(0.379166666666667,0.0494877693929547,-0.0494877693929547));
#270=CARTESIAN_POINT('',(0.379166666666667,0.0621585129286364,-0.0368170258572729));
#271=CARTESIAN_POINT('',(0.379166666666667,0.07,-0.0193170258572729));
#272=CARTESIAN_POINT('',(0.379166666666667,0.07,0.));
#273=CARTESIAN_POINT('',(0.433333333333333,0.0494877693929547,-0.0494877693929547));
#274=CARTESIAN_POINT('',(0.433333333333333,0.0621585129286364,-0.0368170258572729));
#275=CARTESIAN_POINT('',(0.433333333333333,0.07,-0.0193170258572729));
#276=CARTESIAN_POINT('',(0.433333333333333,0.07,0.));
#277=CARTESIAN_POINT('',(0.4875,0.,-0.07));
#278=CARTESIAN_POINT('',(0.4875,0.0193170258572729,-0.07));
#279=CARTESIAN_POINT('',(0.4875,0.0368170258572729,-0.0621585129286364));
#280=CARTESIAN_POINT('',(0.541666666666667,0.,-0.07));
#281=CARTESIAN_POINT('',(0.541666666666667,0.0193170258572729,-0.07));
#282=CARTESIAN_POINT('',(0.541666666666667,0.0368170258572729,-0.0621585129286364));
#283=CARTESIAN_POINT('',(0.620615028288256,-3.10423758646736E-18,-0.0643849717117441));
#284=CARTESIAN_POINT('',(0.620615028288256,0.0173339814054439,-0.0643849717117441));
#285=CARTESIAN_POINT('',(0.620615028288256,0.0337594498822514,-0.0572849450354015));
#286=CARTESIAN_POINT('',(0.65,0.,-0.035));
#287=CARTESIAN_POINT('',(0.65,0.00965851292863644,-0.035));
#288=CARTESIAN_POINT('',(0.65,0.0184085129286364,-0.0310792564643182));
#289=CARTESIAN_POINT('',(0.4875,0.0494877693929547,-0.0494877693929547));
#290=CARTESIAN_POINT('',(0.4875,0.0621585129286364,-0.0368170258572729));
#291=CARTESIAN_POINT('',(0.4875,0.07,-0.0193170258572729));
#292=CARTESIAN_POINT('',(0.4875,0.07,0.));
#293=CARTESIAN_POINT('',(0.541666666666667,0.0494877693929547,-0.0494877693929547));
#294=CARTESIAN_POINT('',(0.541666666666667,0.0621585129286364,-0.0368170258572729));
#295=CARTESIAN_POINT('',(0.541666666666667,0.07,-0.0193170258572729));
#296=CARTESIAN_POINT('',(0.541666666666667,0.07,0.));
#297=CARTESIAN_POINT('',(0.620615028288256,0.0455221974588264,-0.0455221974588264));
#298=CARTESIAN_POINT('',(0.620615028288256,0.0572849450354015,-0.0337594498822514));
#299=CARTESIAN_POINT('',(0.620615028288256,0.0643849717117441,-0.0173339814054439));
#300=CARTESIAN_POINT('',(0.620615028288256,0.0643849717117441,-1.15648231731787E-18));
#301=CARTESIAN_POINT('',(0.65,0.0247438846964773,-0.0247438846964773));
#302=CARTESIAN_POINT('',(0.65,0.0310792564643182,-0.0184085129286364));
#303=CARTESIAN_POINT('',(0.65,0.035,-0.00965851292863644));
#304=CARTESIAN_POINT('',(0.65,0.035,0.));
#305=B_SPLINE_SURFACE_WITH_KNOTS('Surf_BOEIOPNMQR, Fuselage, 0, 5',3,3,((#306, #307, #308, #315, #316, #317, #318),(#309, #310, #311, #319, #320, #321, #322),(#312, #313, #314, #323, #324, #325, #326),(#327, #328, #329, #339, #340, #341, #342),(#330, #331, #332, #343, #344, #345, #346),(#333, #334, #335, #347, #348, #349, #350),(#336, #337, #338, #351, #352, #353, #354)),.UNSPECIFIED.,.F.,.F.,.F.,(4,3,4),(4,3,4),(0.,1.,2.),(0.,1.,2.),.PIECEWISE_BEZIER_KNOTS.);
#306=CARTESIAN_POINT('',(0.325,-0.07,0.));
#307=CARTESIAN_POINT('',(0.325,-0.07,-0.0193170258572729));
#308=CARTESIAN_POINT('',(0.325,-0.0621585129286364,-0.0368170258572729));
#309=CARTESIAN_POINT('',(0.379166666666667,-0.07,0.));
#310=CARTESIAN_POINT('',(0.379166666666667,-0.07,-0.0193170258572729));
#311=CARTESIAN_POINT('',(0.379166666666667,-0.0621585129286364,-0.0368170258572729));
#312=CARTESIAN_POINT('',(0.433333333333333,-0.07,0.));
#313=CARTESIAN_POINT('',(0.433333333333333,-0.07,-0.0193170258572729));
#314=CARTESIAN_POINT('',(0.433333333333333,-0.0621585129286364,-0.0368170258572729));
#315=CARTESIAN_POINT('',(0.325,-0.0494877693929547,-0.0494877693929547));
#316=CARTESIAN_POINT('',(0.325,-0.0368170258572729,-0.0621585129286364));
#317=CARTESIAN_POINT('',(0.325,-0.0193170258572729,-0.07));
#318=CARTESIAN_POINT('',(0.325,0.,-0.07));
#319=CARTESIAN_POINT('',(0.379166666666667,-0.0494877693929547,-0.0494877693929547));
#320=CARTESIAN_POINT('',(0.379166666666667,-0.0368170258572729,-0.0621585129286364));
#321=CARTESIAN_POINT('',(0.379166666666667,-0.0193170258572729,-0.07));
#322=CARTESIAN_POINT('',(0.379166666666667,0.,-0.07));
#323=CARTESIAN_POINT('',(0.433333333333333,-0.0494877693929547,-0.0494877693929547));
#324=CARTESIAN_POINT('',(0.433333333333333,-0.0368170258572729,-0.0621585129286364));
#325=CARTESIAN_POINT('',(0.433333333333333,-0.0193170258572729,-0.07));
#326=CARTESIAN_POINT('',(0.433333333333333,0.,-0.07));
#327=CARTESIAN_POINT('',(0.4875,-0.07,0.));
#328=CARTESIAN_POINT('',(0.4875,-0.07,-0.0193170258572729));
#329=CARTESIAN_POINT('',(0.4875,-0.0621585129286364,-0.0368170258572729));
#330=CARTESIAN_POINT('',(0.541666666666667,-0.07,0.));
#331=CARTESIAN_POINT('',(0.541666666666667,-0.07,-0.0193170258572729));
#332=CARTESIAN_POINT('',(0.541666666666667,-0.0621585129286364,-0.0368170258572729));
#333=CARTESIAN_POINT('',(0.620615028288256,-0.0643849717117441,7.28786987447561E-18));
#334=CARTESIAN_POINT('',(0.620615028288256,-0.0643849717117441,-0.0173339814054439));
#335=CARTESIAN_POINT('',(0.620615028288256,-0.0572849450354015,-0.0337594498822514));
#336=CARTESIAN_POINT('',(0.65,-0.035,0.));
#337=CARTESIAN_POINT('',(0.65,-0.035,-0.00965851292863644));
#338=CARTESIAN_POINT('',(0.65,-0.0310792564643182,-0.0184085129286364));
#339=CARTESIAN_POINT('',(0.4875,-0.0494877693929547,-0.0494877693929547));
#340=CARTESIAN_POINT('',(0.4875,-0.0368170258572729,-0.0621585129286364));
#341=CARTESIAN_POINT('',(0.4875,-0.0193170258572729,-0.07));
#342=CARTESIAN_POINT('',(0.4875,0.,-0.07));
#343=CARTESIAN_POINT('',(0.541666666666667,-0.0494877693929547,-0.0494877693929547));
#344=CARTESIAN_POINT('',(0.541666666666667,-0.0368170258572729,-0.0621585129286364));
#345=CARTESIAN_POINT('',(0.541666666666667,-0.0193170258572729,-0.07));
#346=CARTESIAN_POINT('',(0.541666666666667,0.,-0.07));
#347=CARTESIAN_POINT('',(0.620615028288256,-0.0455221974588264,-0.0455221974588264));
#348=CARTESIAN_POINT('',(0.620615028288256,-0.0337594498822514,-0.0572849450354015));
#349=CARTESIAN_POINT('',(0.620615028288256,-0.0173339814054439,-0.0643849717117441));
#350=CARTESIAN_POINT('',(0.620615028288256,-3.10423758646736E-18,-0.0643849717117441));
#351=CARTESIAN_POINT('',(0.65,-0.0247438846964773,-0.0247438846964773));
#352=CARTESIAN_POINT('',(0.65,-0.0184085129286364,-0.0310792564643182));
#353=CARTESIAN_POINT('',(0.65,-0.00965851292863644,-0.035));
#354=CARTESIAN_POINT('',(0.65,0.,-0.035));
#355=B_SPLINE_SURFACE_WITH_KNOTS('Surf_BOEIOPNMQR, Fuselage, 0, 6',3,3,((#356, #357, #358, #365, #366, #367, #368),(#359, #360, #361, #369, #370, #371, #372),(#362, #363, #364, #373, #374, #375, #376),(#377, #378, #379, #389, #390, #391, #392),(#380, #381, #382, #393, #394, #395, #396),(#383, #384, #385, #397, #398, #399, #400),(#386, #387, #388, #401, #402, #403, #404)),.UNSPECIFIED.,.F.,.F.,.F.,(4,3,4),(4,3,4),(0.,1.,2.),(0.,1.,2.),.PIECEWISE_BEZIER_KNOTS.);
#356=CARTESIAN_POINT('',(0.325,0.,0.07));
#357=CARTESIAN_POINT('',(0.325,-0.0193170258572729,0.07));
#358=CARTESIAN_POINT('',(0.325,-0.0368170258572729,0.0621585129286364));
#359=CARTESIAN_POINT('',(0.379166666666667,0.,0.07));
#360=CARTESIAN_POINT('',(0.379166666666667,-0.0193170258572729,0.07));
#361=CARTESIAN_POINT('',(0.379166666666667,-0.0368170258572729,0.0621585129286364));
#362=CARTESIAN_POINT('',(0.433333333333333,0.,0.07));
#363=CARTESIAN_POINT('',(0.433333333333333,-0.0193170258572729,0.07));
#364=CARTESIAN_POINT('',(0.433333333333333,-0.0368170258572729,0.0621585129286364));
#365=CARTESIAN_POINT('',(0.325,-0.0494877693929547,0.0494877693929547));
#366=CARTESIAN_POINT('',(0.325,-0.0621585129286364,0.0368170258572729));
#367=CARTESIAN_POINT('',(0.325,-0.07,0.0193170258572729));
#368=CARTESIAN_POINT('',(0.325,-0.07,0.));
#369=CARTESIAN_POINT('',(0.379166666666667,-0.0494877693929547,0.0494877693929547));
#370=CARTESIAN_POINT('',(0.379166666666667,-0.0621585129286364,0.0368170258572729));
#371=CARTESIAN_POINT('',(0.379166666666667,-0.07,0.0193170258572729));
#372=CARTESIAN_POINT('',(0.379166666666667,-0.07,0.));
#373=CARTESIAN_POINT('',(0.433333333333333,-0.0494877693929547,0.0494877693929547));
#374=CARTESIAN_POINT('',(0.433333333333333,-0.0621585129286364,0.0368170258572729));
#375=CARTESIAN_POINT('',(0.433333333333333,-0.07,0.0193170258572729));
#376=CARTESIAN_POINT('',(0.433333333333333,-0.07,0.));
#377=CARTESIAN_POINT('',(0.4875,0.,0.07));
#378=CARTESIAN_POINT('',(0.4875,-0.0193170258572729,0.07));
#379=CARTESIAN_POINT('',(0.4875,-0.0368170258572729,0.0621585129286364));
#380=CARTESIAN_POINT('',(0.541666666666667,0.,0.07));
#381=CARTESIAN_POINT('',(0.541666666666667,-0.0193170258572729,0.07));
#382=CARTESIAN_POINT('',(0.541666666666667,-0.0368170258572729,0.0621585129286364));
#383=CARTESIAN_POINT('',(0.620615028288256,-8.59483438016891E-18,0.0643849717117441));
#384=CARTESIAN_POINT('',(0.620615028288256,-0.0173339814054439,0.0643849717117441));
#385=CARTESIAN_POINT('',(0.620615028288256,-0.0337594498822514,0.0572849450354015));
#386=CARTESIAN_POINT('',(0.65,0.,0.035));
#387=CARTESIAN_POINT('',(0.65,-0.00965851292863644,0.035));
#388=CARTESIAN_POINT('',(0.65,-0.0184085129286364,0.0310792564643182));
#389=CARTESIAN_POINT('',(0.4875,-0.0494877693929547,0.0494877693929547));
#390=CARTESIAN_POINT('',(0.4875,-0.0621585129286364,0.0368170258572729));
#391=CARTESIAN_POINT('',(0.4875,-0.07,0.0193170258572729));
#392=CARTESIAN_POINT('',(0.4875,-0.07,0.));
#393=CARTESIAN_POINT('',(0.541666666666667,-0.0494877693929547,0.0494877693929547));
#394=CARTESIAN_POINT('',(0.541666666666667,-0.0621585129286364,0.0368170258572729));
#395=CARTESIAN_POINT('',(0.541666666666667,-0.07,0.0193170258572729));
#396=CARTESIAN_POINT('',(0.541666666666667,-0.07,0.));
#397=CARTESIAN_POINT('',(0.620615028288256,-0.0455221974588264,0.0455221974588265));
#398=CARTESIAN_POINT('',(0.620615028288256,-0.0572849450354015,0.0337594498822514));
#399=CARTESIAN_POINT('',(0.620615028288256,-0.0643849717117441,0.0173339814054439));
#400=CARTESIAN_POINT('',(0.620615028288256,-0.0643849717117441,7.28786987447561E-18));
#401=CARTESIAN_POINT('',(0.65,-0.0247438846964773,0.0247438846964773));
#402=CARTESIAN_POINT('',(0.65,-0.0310792564643182,0.0184085129286364));
#403=CARTESIAN_POINT('',(0.65,-0.035,0.00965851292863644));
#404=CARTESIAN_POINT('',(0.65,-0.035,0.));
#405=B_SPLINE_SURFACE_WITH_KNOTS('Surf_BOEIOPNMQR, Fuselage, 0, 7',3,3,((#406, #407, #408, #415, #416, #417, #418),(#409, #410, #411, #419, #420, #421, #422),(#412, #413, #414, #423, #424, #425, #426),(#427, #428, #429, #439, #440, #441, #442),(#430, #431, #432, #443, #444, #445, #446),(#433, #434, #435, #447, #448, #449, #450),(#436, #437, #438, #451, #452, #453, #454)),.UNSPECIFIED.,.F.,.F.,.F.,(4,3,4),(4,3,4),(0.,1.,2.),(0.,1.,2.),.PIECEWISE_BEZIER_KNOTS.);
#406=CARTESIAN_POINT('',(0.325,0.07,0.));
#407=CARTESIAN_POINT('',(0.325,0.07,0.0193170258572729));
#408=CARTESIAN_POINT('',(0.325,0.0621585129286364,0.0368170258572729));
#409=CARTESIAN_POINT('',(0.379166666666667,0.07,0.));
#410=CARTESIAN_POINT('',(0.379166666666667,0.07,0.0193170258572729));
#411=CARTESIAN_POINT('',(0.379166666666667,0.0621585129286364,0.0368170258572729));
#412=CARTESIAN_POINT('',(0.433333333333333,0.07,0.));
#413=CARTESIAN_POINT('',(0.433333333333333,0.07,0.0193170258572729));
#414=CARTESIAN_POINT('',(0.433333333333333,0.0621585129286364,0.0368170258572729));
#415=CARTESIAN_POINT('',(0.325,0.0494877693929547,0.0494877693929547));
#416=CARTESIAN_POINT('',(0.325,0.0368170258572729,0.0621585129286364));
#417=CARTESIAN_POINT('',(0.325,0.0193170258572729,0.07));
#418=CARTESIAN_POINT('',(0.325,0.,0.07));
#419=CARTESIAN_POINT('',(0.379166666666667,0.0494877693929547,0.0494877693929547));
#420=CARTESIAN_POINT('',(0.379166666666667,0.0368170258572729,0.0621585129286364));
#421=CARTESIAN_POINT('',(0.379166666666667,0.0193170258572729,0.07));
#422=CARTESIAN_POINT('',(0.379166666666667,0.,0.07));
#423=CARTESIAN_POINT('',(0.433333333333333,0.0494877693929547,0.0494877693929547));
#424=CARTESIAN_POINT('',(0.433333333333333,0.0368170258572729,0.0621585129286364));
#425=CARTESIAN_POINT('',(0.433333333333333,0.0193170258572729,0.07));
#426=CARTESIAN_POINT('',(0.433333333333333,0.,0.07));
#427=CARTESIAN_POINT('',(0.4875,0.07,0.));
#428=CARTESIAN_POINT('',(0.4875,0.07,0.0193170258572729));
#429=CARTESIAN_POINT('',(0.4875,0.0621585129286364,0.0368170258572729));
#430=CARTESIAN_POINT('',(0.541666666666667,0.07,0.));
#431=CARTESIAN_POINT('',(0.541666666666667,0.07,0.0193170258572729));
#432=CARTESIAN_POINT('',(0.541666666666667,0.0621585129286364,0.0368170258572729));
#433=CARTESIAN_POINT('',(0.620615028288256,0.0643849717117441,0.));
#434=CARTESIAN_POINT('',(0.620615028288256,0.0643849717117441,0.0173339814054439));
#435=CARTESIAN_POINT('',(0.620615028288256,0.0572849450354015,0.0337594498822514));
#436=CARTESIAN_POINT('',(0.65,0.035,0.));
#437=CARTESIAN_POINT('',(0.65,0.035,0.00965851292863644));
#438=CARTESIAN_POINT('',(0.65,0.0310792564643182,0.0184085129286364));
#439=CARTESIAN_POINT('',(0.4875,0.0494877693929547,0.0494877693929547));
#440=CARTESIAN_POINT('',(0.4875,0.0368170258572729,0.0621585129286364));
#441=CARTESIAN_POINT('',(0.4875,0.0193170258572729,0.07));
#442=CARTESIAN_POINT('',(0.4875,0.,0.07));
#443=CARTESIAN_POINT('',(0.541666666666667,0.0494877693929547,0.0494877693929547));
#444=CARTESIAN_POINT('',(0.541666666666667,0.0368170258572729,0.0621585129286364));
#445=CARTESIAN_POINT('',(0.541666666666667,0.0193170258572729,0.07));
#446=CARTESIAN_POINT('',(0.541666666666667,0.,0.07));
#447=CARTESIAN_POINT('',(0.620615028288256,0.0455221974588264,0.0455221974588264));
#448=CARTESIAN_POINT('',(0.620615028288256,0.0337594498822514,0.0572849450354015));
#449=CARTESIAN_POINT('',(0.620615028288256,0.0173339814054439,0.0643849717117441));
#450=CARTESIAN_POINT('',(0.620615028288256,-8.59483438016891E-18,0.0643849717117441));
#451=CARTESIAN_POINT('',(0.65,0.0247438846964773,0.0247438846964773));
#452=CARTESIAN_POINT('',(0.65,0.0184085129286364,0.0310792564643182));
#453=CARTESIAN_POINT('',(0.65,0.00965851292863644,0.035));
#454=CARTESIAN_POINT('',(0.65,0.,0.035));
#455=GEOMETRIC_SET('BOEIOPNMQR, Fuselage, 0',(#55,#105,#155,#205,#255,#305,#355,#405));
#456=GEOMETRICALLY_BOUNDED_SURFACE_SHAPE_REPRESENTATION('',(#455),#15);
#457=SHAPE_REPRESENTATION_RELATIONSHIP('','',#29,#456);
#458=B_SPLINE_SURFACE_WITH_KNOTS('Surf_STPRMHUXVG, Fin_Right, 0, 1, lower',1,3,((#459, #460, #461, #465, #466, #467, #471, #472, #473, #477, #478, #479, #483, #484, #485, #489, #490, #491, #495, #496, #497, #501, #502, #503, #507, #508, #509, #513, #514, #515, #519, #520, #521, #525, #526, #527, #531, #532, #533, #537, #538, #539, #543, #544, #545, #549, #550, #551, #555, #556, #557, #561, #562, #563, #567, #568, #569, #573, #574, #575, #579, #580, #581, #585, #586, #587, #591, #592, #593, #597, #598, #599, #603, #604, #605, #609, #610, #611, #615, #616, #617, #621, #622, #623, #627, #628, #629, #630),(#462, #463, #464, #468, #469, #470, #474, #475, #476, #480, #481, #482, #486, #487, #488, #492, #493, #494, #498, #499, #500, #504, #505, #506, #510, #511, #512, #516, #517, #518, #522, #523, #524, #528, #529, #530, #534, #535, #536, #540, #541, #542, #546, #547, #548, #552, #553, #554, #558, #559, #560, #564, #565, #566, #570, #571, #572, #576, #577, #578, #582, #583, #584, #588, #589, #590, #594, #595, #596, #600, #601, #602, #606, #607, #608, #612, #613, #614, #618, #619, #620, #624, #625, #626, #631, #632, #633, #634)),.UNSPECIFIED.,.F.,.F.,.F.,(2,2),(4,3,3,3,3,3,3,3,3,3,3,3,3,3,3,3,3,3,3,3,3,3,3,3,3,3,3,3,3,4),(0.,1.),(0.,1.,2.,3.,4.,5.,6.,7.,8.,9.,10.,11.,12.,13.,14.,15.,16.,17.,18.,19.,20.,21.,22.,23.,24.,25.,26.,27.,28.,29.),.PIECEWISE_BEZIER_KNOTS.);
#459=CARTESIAN_POINT('',(0.6,0.,0.));
#460=CARTESIAN_POINT('',(0.59498134303945,0.,-2.75929452897561E-17));
#461=CARTESIAN_POINT('',(0.589961099255399,0.,1.0842021724855E-18));
#462=CARTESIAN_POINT('',(0.6,0.,0.));
#463=CARTESIAN_POINT('',(0.594981343039449,0.,-0.000352083655278773));
#464=CARTESIAN_POINT('',(0.589961099255399,0.,-0.000681463193964667));
#465=CARTESIAN_POINT('',(0.584939630321376,0.,6.50521303491303E-19));
#466=CARTESIAN_POINT('',(0.579918161387353,0.,-1.0842021724855E-19));
#467=CARTESIAN_POINT('',(0.574895462451917,0.,6.50521303491303E-19));
#468=CARTESIAN_POINT('',(0.584939630321376,0.,-0.000990873550382355));
#469=CARTESIAN_POINT('',(0.579918161387353,0.,-0.00130028390680004));
#470=CARTESIAN_POINT('',(0.574895462451917,0.,-0.0015897460316459));
#471=CARTESIAN_POINT('',(0.56987165063954,0.,1.19262238973405E-18));
#472=CARTESIAN_POINT('',(0.564847838827164,0.,1.95156391047391E-18));
#473=CARTESIAN_POINT('',(0.559822907069025,0.,2.60208521396521E-18));
#474=CARTESIAN_POINT('',(0.56987165063954,0.,-0.00185845572515393));
#475=CARTESIAN_POINT('',(0.564847838827164,0.,-0.00212716541866197));
#476=CARTESIAN_POINT('',(0.559822907069025,0.,-0.00237515010951518));
#477=CARTESIAN_POINT('',(0.554796828472497,0.,8.67361737988404E-19));
#478=CARTESIAN_POINT('',(0.54977074987597,0.,-8.67361737988404E-19));
#479=CARTESIAN_POINT('',(0.544743511743605,0.,8.67361737988404E-19));
#480=CARTESIAN_POINT('',(0.554796828472497,0.,-0.00259745297798923));
#481=CARTESIAN_POINT('',(0.54977074987597,0.,-0.00281975584646328));
#482=CARTESIAN_POINT('',(0.544743511743605,0.,-0.00301643674027486));
#483=CARTESIAN_POINT('',(0.539715095309244,0.,-2.16840434497101E-19));
#484=CARTESIAN_POINT('',(0.537200887092063,0.,-8.67361737988404E-19));
#485=CARTESIAN_POINT('',(0.534686388136388,0.,1.30104260698261E-18));
#486=CARTESIAN_POINT('',(0.539715095309244,0.,-0.00317763131846864));
#487=CARTESIAN_POINT('',(0.537200887092063,0.,-0.00325822860756552));
#488=CARTESIAN_POINT('',(0.534686388136388,0.,-0.00332961892509366));
#489=CARTESIAN_POINT('',(0.532171617646684,0.,0.));
#490=CARTESIAN_POINT('',(0.529656847156979,0.,-1.30104260698261E-18));
#491=CARTESIAN_POINT('',(0.527141808601067,0.,-4.33680868994202E-19));
#492=CARTESIAN_POINT('',(0.532171617646684,0.,-0.0033902395546127));
#493=CARTESIAN_POINT('',(0.529656847156979,0.,-0.00345086018413173));
#494=CARTESIAN_POINT('',(0.527141808601067,0.,-0.00350035843290155));
#495=CARTESIAN_POINT('',(0.524626567167855,0.,2.16840434497101E-19));
#496=CARTESIAN_POINT('',(0.522111325734643,0.,8.67361737988404E-19));
#497=CARTESIAN_POINT('',(0.519595876105545,0.,-4.33680868994202E-19));
#498=CARTESIAN_POINT('',(0.524626567167855,0.,-0.00353636477707973));
#499=CARTESIAN_POINT('',(0.522111325734643,0.,-0.00357237112125791));
#500=CARTESIAN_POINT('',(0.519595876105545,0.,-0.00359482873170199));
#501=CARTESIAN_POINT('',(0.517080387512728,0.,-4.33680868994202E-19));
#502=CARTESIAN_POINT('',(0.514564898919912,0.,-4.33680868994202E-19));
#503=CARTESIAN_POINT('',(0.512049340882689,0.,-2.16840434497101E-19));
#504=CARTESIAN_POINT('',(0.517080387512728,0.,-0.00359987981040811));
#505=CARTESIAN_POINT('',(0.514564898919912,0.,-0.00360493088911424));
#506=CARTESIAN_POINT('',(0.512049340882689,0.,-0.0035930453336546));
#507=CARTESIAN_POINT('',(0.509534077989019,0.,0.));
#508=CARTESIAN_POINT('',(0.508276446542185,0.,2.16840434497101E-19));
#509=CARTESIAN_POINT('',(0.507018899554996,0.,6.50521303491303E-19));
#510=CARTESIAN_POINT('',(0.509534077989019,0.,-0.00355837213446033));
#511=CARTESIAN_POINT('',(0.508276446542185,0.,-0.00354103553486319));
#512=CARTESIAN_POINT('',(0.507018899554996,0.,-0.00351788065861526));
#513=CARTESIAN_POINT('',(0.505761500090508,0.,4.33680868994202E-19));
#514=CARTESIAN_POINT('',(0.504504100626019,0.,2.16840434497101E-19));
#515=CARTESIAN_POINT('',(0.503246846790215,0.,-4.33680868994202E-19));
#516=CARTESIAN_POINT('',(0.505761500090508,0.,-0.00348811385326014));
#517=CARTESIAN_POINT('',(0.504504100626019,0.,-0.00345834704790503));
#518=CARTESIAN_POINT('',(0.503246846790215,0.,-0.00342197320469247));
#519=CARTESIAN_POINT('',(0.501989893148104,0.,-2.16840434497101E-19));
#520=CARTESIAN_POINT('',(0.500732939505992,0.,-2.16840434497101E-19));
#521=CARTESIAN_POINT('',(0.499476247264299,0.,-2.16840434497101E-19));
#522=CARTESIAN_POINT('',(0.501989893148104,0.,-0.00337733943211255));
#523=CARTESIAN_POINT('',(0.500732939505992,0.,-0.00333270565953264));
#524=CARTESIAN_POINT('',(0.499476247264299,0.,-0.00328016611407576));
#525=CARTESIAN_POINT('',(0.498220059482857,0.,0.));
#526=CARTESIAN_POINT('',(0.497591965592136,0.,4.33680868994202E-19));
#527=CARTESIAN_POINT('',(0.496963992918419,0.,2.16840434497101E-19));
#528=CARTESIAN_POINT('',(0.498220059482857,0.,-0.00321748394408874));
#529=CARTESIAN_POINT('',(0.497591965592136,0.,-0.00318614285909522));
#530=CARTESIAN_POINT('',(0.496963992918419,0.,-0.00315229807392362));
#531=CARTESIAN_POINT('',(0.49633619548289,0.,0.));
#532=CARTESIAN_POINT('',(0.495708398047361,0.,-2.16840434497101E-19));
#533=CARTESIAN_POINT('',(0.495080751040293,0.,6.50521303491303E-19));
#534=CARTESIAN_POINT('',(0.49633619548289,0.,-0.00311552176668858));
#535=CARTESIAN_POINT('',(0.495708398047361,0.,-0.00307874545945355));
#536=CARTESIAN_POINT('',(0.495080751040293,0.,-0.00303921406260826));
#537=CARTESIAN_POINT('',(0.494453358114684,0.,2.16840434497101E-19));
#538=CARTESIAN_POINT('',(0.493198572263467,0.,-6.50521303491303E-19));
#539=CARTESIAN_POINT('',(0.491944572390294,0.,-1.0842021724855E-18));
#540=CARTESIAN_POINT('',(0.494453358114684,0.,-0.00299614896745779));
#541=CARTESIAN_POINT('',(0.493198572263467,0.,-0.00291001877715683));
#542=CARTESIAN_POINT('',(0.491944572390294,0.,-0.00281130937388052));
#543=CARTESIAN_POINT('',(0.490692384545639,0.,2.16840434497101E-19));
#544=CARTESIAN_POINT('',(0.490066290623311,0.,1.0842021724855E-18));
#545=CARTESIAN_POINT('',(0.489440646689104,0.,2.16840434497101E-19));
#546=CARTESIAN_POINT('',(0.490692384545639,0.,-0.00269317983422587));
#547=CARTESIAN_POINT('',(0.490066290623311,0.,-0.00263411506439854));
#548=CARTESIAN_POINT('',(0.489440646689104,0.,-0.00257021939673692));
#549=CARTESIAN_POINT('',(0.488815667656035,0.,-4.33680868994202E-19));
#550=CARTESIAN_POINT('',(0.488190688622965,0.,-1.30104260698261E-18));
#551=CARTESIAN_POINT('',(0.487566409520153,0.,-4.33680868994202E-19));
#552=CARTESIAN_POINT('',(0.488815667656035,0.,-0.00250026946097496));
#553=CARTESIAN_POINT('',(0.488190688622965,0.,-0.002430319525213));
#554=CARTESIAN_POINT('',(0.487566409520153,0.,-0.00235409381057317));
#555=CARTESIAN_POINT('',(0.486943230734811,0.,6.50521303491303E-19));
#556=CARTESIAN_POINT('',(0.486320051949468,0.,2.38524477946811E-18));
#557=CARTESIAN_POINT('',(0.485697997746533,0.,-5.42101086242752E-18));
#558=CARTESIAN_POINT('',(0.486943230734811,0.,-0.00226961326933103));
#559=CARTESIAN_POINT('',(0.486320051949468,0.,-0.00218513272808889));
#560=CARTESIAN_POINT('',(0.485697997746533,0.,-0.00209221865005287));
#561=CARTESIAN_POINT('',(0.485077971579708,0.,1.0842021724855E-18));
#562=CARTESIAN_POINT('',(0.484767958496295,0.,3.79470760369927E-18));
#563=CARTESIAN_POINT('',(0.484458508817108,0.,-7.80625564189563E-18));
#564=CARTESIAN_POINT('',(0.485077971579708,0.,-0.00198701721305092));
#565=CARTESIAN_POINT('',(0.484767958496295,0.,-0.00193441649454995));
#566=CARTESIAN_POINT('',(0.484458508817108,0.,-0.00187852977563418));
#567=CARTESIAN_POINT('',(0.484149845162696,0.,-2.16840434497101E-18));
#568=CARTESIAN_POINT('',(0.483841181508283,0.,4.33680868994202E-18));
#569=CARTESIAN_POINT('',(0.483533318317873,0.,-2.71050543121376E-18));
#570=CARTESIAN_POINT('',(0.484149845162696,0.,-0.00181853642504424));
#571=CARTESIAN_POINT('',(0.483841181508283,0.,-0.0017585430744543));
#572=CARTESIAN_POINT('',(0.483533318317873,0.,-0.00169439476066853));
#573=CARTESIAN_POINT('',(0.483226731336765,0.,-4.33680868994202E-19));
#574=CARTESIAN_POINT('',(0.482920144355657,0.,1.40946282423116E-18));
#575=CARTESIAN_POINT('',(0.482614819340771,0.,-5.52943107967607E-18));
#576=CARTESIAN_POINT('',(0.483226731336765,0.,-0.00162453400584377));
#577=CARTESIAN_POINT('',(0.482920144355657,0.,-0.00155467325101901));
#578=CARTESIAN_POINT('',(0.482614819340771,0.,-0.00147910010812931));
#579=CARTESIAN_POINT('',(0.482311967769028,0.,-1.0842021724855E-18));
#580=CARTESIAN_POINT('',(0.482160541983156,0.,0.));
#581=CARTESIAN_POINT('',(0.482009686402214,0.,1.19262238973405E-18));
#582=CARTESIAN_POINT('',(0.482311967769028,0.,-0.0013945442276941));
#583=CARTESIAN_POINT('',(0.482160541983156,0.,-0.0013522662874765));
#584=CARTESIAN_POINT('',(0.482009686402214,0.,-0.00130785753474151));
#585=CARTESIAN_POINT('',(0.481859817486333,0.,-1.51788304147971E-18));
#586=CARTESIAN_POINT('',(0.481709948570452,0.,-2.16840434497101E-18));
#587=CARTESIAN_POINT('',(0.481560955237843,0.,-6.93889390390723E-18));
#588=CARTESIAN_POINT('',(0.481859817486333,0.,-0.00126035681201409));
#589=CARTESIAN_POINT('',(0.481709948570452,0.,-0.00121285608928667));
#590=CARTESIAN_POINT('',(0.481560955237843,0.,-0.0011624863488676));
#591=CARTESIAN_POINT('',(0.481413539771823,0.,-6.83047368665868E-18));
#592=CARTESIAN_POINT('',(0.481266124305804,0.,-6.72205346941013E-18));
#593=CARTESIAN_POINT('',(0.481120074529736,0.,-5.52943107967607E-18));
#594=CARTESIAN_POINT('',(0.481413539771823,0.,-0.00110784728654658));
#595=CARTESIAN_POINT('',(0.481266124305804,0.,-0.00105320822422557));
#596=CARTESIAN_POINT('',(0.481120074529736,0.,-0.000994637602652885));
#597=CARTESIAN_POINT('',(0.480977004062892,0.,-1.11130722679764E-17));
#598=CARTESIAN_POINT('',(0.480833933596049,0.,-1.76182853028894E-17));
#599=CARTESIAN_POINT('',(0.480693345608908,0.,-2.71050543121376E-19));
#600=CARTESIAN_POINT('',(0.480977004062892,0.,-0.000929486864397173));
#601=CARTESIAN_POINT('',(0.480833933596049,0.,-0.000864336126141462));
#602=CARTESIAN_POINT('',(0.480693345608908,0.,-0.000793177200707969));
#603=CARTESIAN_POINT('',(0.48055942508424,0.,3.74049749507499E-18));
#604=CARTESIAN_POINT('',(0.480492464821906,0.,5.74627151417317E-18));
#605=CARTESIAN_POINT('',(0.48042714271467,0.,-3.46944695195361E-18));
#606=CARTESIAN_POINT('',(0.48055942508424,0.,-0.000710813410785877));
#607=CARTESIAN_POINT('',(0.480492464821906,0.,-0.000669631515824831));
#608=CARTESIAN_POINT('',(0.48042714271467,0.,-0.000625669599806337));
#609=CARTESIAN_POINT('',(0.480364914512348,0.,4.77048955893622E-18));
#610=CARTESIAN_POINT('',(0.480302686310026,0.,1.43656787854329E-17));
#611=CARTESIAN_POINT('',(0.480243290440178,0.,1.42301535138722E-17));
#612=CARTESIAN_POINT('',(0.480364914512348,0.,-0.000577642057053185));
#613=CARTESIAN_POINT('',(0.480302686310026,0.,-0.000529614514300029));
#614=CARTESIAN_POINT('',(0.480243290440178,0.,-0.000477627399408626));
#615=CARTESIAN_POINT('',(0.480190037436992,0.,4.49943901581484E-18));
#616=CARTESIAN_POINT('',(0.480136784433806,0.,-8.53809210832335E-18));
#617=CARTESIAN_POINT('',(0.480089372309502,0.,2.00577401909818E-17));
#618=CARTESIAN_POINT('',(0.480190037436992,0.,-0.000419814529047477));
#619=CARTESIAN_POINT('',(0.480136784433806,0.,-0.000362001658686328));
#620=CARTESIAN_POINT('',(0.480089372309502,0.,-0.000298219931067011));
#621=CARTESIAN_POINT('',(0.480054898611975,0.,-4.56720165159519E-18));
#622=CARTESIAN_POINT('',(0.480037661763212,0.,-1.78893358460108E-17));
#623=CARTESIAN_POINT('',(0.480023757394695,0.,3.1712913545201E-18));
#624=CARTESIAN_POINT('',(0.480054898611975,0.,-0.000227527008179517));
#625=CARTESIAN_POINT('',(0.480037661763212,0.,-0.000192180546735772));
#626=CARTESIAN_POINT('',(0.480023757394695,0.,-0.000155098496810675));
#627=CARTESIAN_POINT('',(0.480014365820962,0.,2.77826806699411E-19));
#628=CARTESIAN_POINT('',(0.480004974247228,0.,1.75505226671091E-18));
#629=CARTESIAN_POINT('',(0.48,0.,-2.22261445359528E-18));
#630=CARTESIAN_POINT('',(0.48,0.,0.));
#631=CARTESIAN_POINT('',(0.480014365820962,0.,-0.000116974729478282));
#632=CARTESIAN_POINT('',(0.480004974247228,0.,-7.88509621458883E-05));
#633=CARTESIAN_POINT('',(0.48,0.,-3.90443898792554E-05));
#634=CARTESIAN_POINT('',(0.48,0.,0.));
#635=B_SPLINE_SURFACE_WITH_KNOTS('Surf_STPRMHUXVG, Fin_Right, 0, 4, upper',1,3,((#636, #637, #638, #642, #643, #644, #648, #649, #650, #654, #655, #656, #660, #661, #662, #666, #667, #668, #672, #673, #674, #678, #679, #680, #684, #685, #686, #690, #691, #692, #696, #697, #698, #702, #703, #704, #708, #709, #710, #714, #715, #716, #720, #721, #722, #726, #727, #728, #732, #733, #734, #738, #739, #740, #744, #745, #746, #750, #751, #752, #756, #757, #758, #762, #763, #764, #768, #769, #770, #774, #775, #776, #780, #781, #782, #786, #787, #788, #792, #793, #794, #798, #799, #800, #804, #805, #806, #807),(#639, #640, #641, #645, #646, #647, #651, #652, #653, #657, #658, #659, #663, #664, #665, #669, #670, #671, #675, #676, #677, #681, #682, #683, #687, #688, #689, #693, #694, #695, #699, #700, #701, #705, #706, #707, #711, #712, #713, #717, #718, #719, #723, #724, #725, #729, #730, #731, #735, #736, #737, #741, #742, #743, #747, #748, #749, #753, #754, #755, #759, #760, #761, #765, #766, #767, #771, #772, #773, #777, #778, #779, #783, #784, #785, #789, #790, #791, #795, #796, #797, #801, #802, #803, #808, #809, #810, #811)),.UNSPECIFIED.,.F.,.F.,.F.,(2,2),(4,3,3,3,3,3,3,3,3,3,3,3,3,3,3,3,3,3,3,3,3,3,3,3,3,3,3,3,3,4),(0.,1.),(0.,1.,2.,3.,4.,5.,6.,7.,8.,9.,10.,11.,12.,13.,14.,15.,16.,17.,18.,19.,20.,21.,22.,23.,24.,25.,26.,27.,28.,29.),.PIECEWISE_BEZIER_KNOTS.);
#636=CARTESIAN_POINT('',(0.48,0.,0.));
#637=CARTESIAN_POINT('',(0.48,0.,-2.22261445359528E-18));
#638=CARTESIAN_POINT('',(0.480004974247228,0.,1.75505226671091E-18));
#639=CARTESIAN_POINT('',(0.48,0.,0.));
#640=CARTESIAN_POINT('',(0.48,0.,3.9044389879251E-05));
#641=CARTESIAN_POINT('',(0.480004974247228,0.,7.88509621458918E-05));
#642=CARTESIAN_POINT('',(0.480014365820962,0.,2.77826806699411E-19));
#643=CARTESIAN_POINT('',(0.480023757394695,0.,3.1712913545201E-18));
#644=CARTESIAN_POINT('',(0.480037661763212,0.,-1.78893358460108E-17));
#645=CARTESIAN_POINT('',(0.480014365820962,0.,0.000116974729478282));
#646=CARTESIAN_POINT('',(0.480023757394695,0.,0.000155098496810682));
#647=CARTESIAN_POINT('',(0.480037661763212,0.,0.000192180546735737));
#648=CARTESIAN_POINT('',(0.480054898611975,0.,-4.56720165159519E-18));
#649=CARTESIAN_POINT('',(0.480089372309502,0.,2.00577401909818E-17));
#650=CARTESIAN_POINT('',(0.480136784433806,0.,-8.53809210832335E-18));
#651=CARTESIAN_POINT('',(0.480054898611975,0.,0.000227527008179508));
#652=CARTESIAN_POINT('',(0.480089372309502,0.,0.000298219931067051));
#653=CARTESIAN_POINT('',(0.480136784433806,0.,0.000362001658686311));
#654=CARTESIAN_POINT('',(0.480190037436992,0.,4.49943901581484E-18));
#655=CARTESIAN_POINT('',(0.480243290440178,0.,1.42301535138722E-17));
#656=CARTESIAN_POINT('',(0.480302686310026,0.,1.43656787854329E-17));
#657=CARTESIAN_POINT('',(0.480190037436992,0.,0.000419814529047486));
#658=CARTESIAN_POINT('',(0.480243290440178,0.,0.000477627399408654));
#659=CARTESIAN_POINT('',(0.480302686310026,0.,0.000529614514300058));
#660=CARTESIAN_POINT('',(0.480364914512348,0.,4.77048955893622E-18));
#661=CARTESIAN_POINT('',(0.48042714271467,0.,-3.46944695195361E-18));
#662=CARTESIAN_POINT('',(0.480492464821906,0.,5.74627151417317E-18));
#663=CARTESIAN_POINT('',(0.480364914512348,0.,0.000577642057053194));
#664=CARTESIAN_POINT('',(0.48042714271467,0.,0.000625669599806331));
#665=CARTESIAN_POINT('',(0.480492464821906,0.,0.000669631515824842));
#666=CARTESIAN_POINT('',(0.48055942508424,0.,3.74049749507499E-18));
#667=CARTESIAN_POINT('',(0.480693345608908,0.,-2.71050543121376E-19));
#668=CARTESIAN_POINT('',(0.480833933596049,0.,-1.76182853028894E-17));
#669=CARTESIAN_POINT('',(0.48055942508424,0.,0.000710813410785884));
#670=CARTESIAN_POINT('',(0.480693345608908,0.,0.000793177200707969));
#671=CARTESIAN_POINT('',(0.480833933596049,0.,0.000864336126141427));
#672=CARTESIAN_POINT('',(0.480977004062892,0.,-1.11130722679764E-17));
#673=CARTESIAN_POINT('',(0.481120074529736,0.,-5.52943107967607E-18));
#674=CARTESIAN_POINT('',(0.481266124305804,0.,-6.72205346941013E-18));
#675=CARTESIAN_POINT('',(0.480977004062892,0.,0.00092948686439715));
#676=CARTESIAN_POINT('',(0.481120074529736,0.,0.000994637602652874));
#677=CARTESIAN_POINT('',(0.481266124305804,0.,0.00105320822422555));
#678=CARTESIAN_POINT('',(0.481413539771823,0.,-6.83047368665868E-18));
#679=CARTESIAN_POINT('',(0.481560955237843,0.,-6.93889390390723E-18));
#680=CARTESIAN_POINT('',(0.481709948570452,0.,-2.16840434497101E-18));
#681=CARTESIAN_POINT('',(0.481413539771823,0.,0.00110784728654657));
#682=CARTESIAN_POINT('',(0.481560955237843,0.,0.00116248634886759));
#683=CARTESIAN_POINT('',(0.481709948570452,0.,0.00121285608928667));
#684=CARTESIAN_POINT('',(0.481859817486333,0.,-1.51788304147971E-18));
#685=CARTESIAN_POINT('',(0.482009686402214,0.,1.19262238973405E-18));
#686=CARTESIAN_POINT('',(0.482160541983156,0.,0.));
#687=CARTESIAN_POINT('',(0.481859817486333,0.,0.00126035681201409));
#688=CARTESIAN_POINT('',(0.482009686402214,0.,0.00130785753474152));
#689=CARTESIAN_POINT('',(0.482160541983156,0.,0.0013522662874765));
#690=CARTESIAN_POINT('',(0.482311967769028,0.,-1.0842021724855E-18));
#691=CARTESIAN_POINT('',(0.482614819340771,0.,-5.52943107967607E-18));
#692=CARTESIAN_POINT('',(0.482920144355657,0.,1.40946282423116E-18));
#693=CARTESIAN_POINT('',(0.482311967769028,0.,0.0013945442276941));
#694=CARTESIAN_POINT('',(0.482614819340771,0.,0.0014791001081293));
#695=CARTESIAN_POINT('',(0.482920144355657,0.,0.00155467325101901));
#696=CARTESIAN_POINT('',(0.483226731336765,0.,-4.33680868994202E-19));
#697=CARTESIAN_POINT('',(0.483533318317873,0.,-2.71050543121376E-18));
#698=CARTESIAN_POINT('',(0.483841181508283,0.,4.33680868994202E-18));
#699=CARTESIAN_POINT('',(0.483226731336765,0.,0.00162453400584377));
#700=CARTESIAN_POINT('',(0.483533318317873,0.,0.00169439476066853));
#701=CARTESIAN_POINT('',(0.483841181508284,0.,0.00175854307445431));
#702=CARTESIAN_POINT('',(0.484149845162696,0.,-2.16840434497101E-18));
#703=CARTESIAN_POINT('',(0.484458508817108,0.,-7.80625564189563E-18));
#704=CARTESIAN_POINT('',(0.484767958496295,0.,3.79470760369927E-18));
#705=CARTESIAN_POINT('',(0.484149845162696,0.,0.00181853642504423));
#706=CARTESIAN_POINT('',(0.484458508817108,0.,0.00187852977563416));
#707=CARTESIAN_POINT('',(0.484767958496295,0.,0.00193441649454995));
#708=CARTESIAN_POINT('',(0.485077971579708,0.,1.0842021724855E-18));
#709=CARTESIAN_POINT('',(0.485697997746533,0.,-5.42101086242752E-18));
#710=CARTESIAN_POINT('',(0.486320051949468,0.,2.38524477946811E-18));
#711=CARTESIAN_POINT('',(0.485077971579708,0.,0.00198701721305092));
#712=CARTESIAN_POINT('',(0.485697997746533,0.,0.00209221865005286));
#713=CARTESIAN_POINT('',(0.486320051949468,0.,0.0021851327280889));
#714=CARTESIAN_POINT('',(0.486943230734811,0.,6.50521303491303E-19));
#715=CARTESIAN_POINT('',(0.487566409520153,0.,-4.33680868994202E-19));
#716=CARTESIAN_POINT('',(0.488190688622965,0.,-1.30104260698261E-18));
#717=CARTESIAN_POINT('',(0.486943230734811,0.,0.00226961326933104));
#718=CARTESIAN_POINT('',(0.487566409520153,0.,0.00235409381057317));
#719=CARTESIAN_POINT('',(0.488190688622965,0.,0.00243031952521299));
#720=CARTESIAN_POINT('',(0.488815667656035,0.,-4.33680868994202E-19));
#721=CARTESIAN_POINT('',(0.489440646689104,0.,2.16840434497101E-19));
#722=CARTESIAN_POINT('',(0.490066290623311,0.,1.0842021724855E-18));
#723=CARTESIAN_POINT('',(0.488815667656035,0.,0.00250026946097496));
#724=CARTESIAN_POINT('',(0.489440646689104,0.,0.00257021939673692));
#725=CARTESIAN_POINT('',(0.490066290623311,0.,0.00263411506439855));
#726=CARTESIAN_POINT('',(0.490692384545639,0.,2.16840434497101E-19));
#727=CARTESIAN_POINT('',(0.491944572390294,0.,-1.0842021724855E-18));
#728=CARTESIAN_POINT('',(0.493198572263467,0.,-6.50521303491303E-19));
#729=CARTESIAN_POINT('',(0.490692384545639,0.,0.00269317983422587));
#730=CARTESIAN_POINT('',(0.491944572390294,0.,0.00281130937388052));
#731=CARTESIAN_POINT('',(0.493198572263467,0.,0.00291001877715683));
#732=CARTESIAN_POINT('',(0.494453358114684,0.,2.16840434497101E-19));
#733=CARTESIAN_POINT('',(0.495080751040293,0.,6.50521303491303E-19));
#734=CARTESIAN_POINT('',(0.495708398047361,0.,-2.16840434497101E-19));
#735=CARTESIAN_POINT('',(0.494453358114684,0.,0.00299614896745779));
#736=CARTESIAN_POINT('',(0.495080751040293,0.,0.00303921406260827));
#737=CARTESIAN_POINT('',(0.495708398047361,0.,0.00307874545945355));
#738=CARTESIAN_POINT('',(0.49633619548289,0.,0.));
#739=CARTESIAN_POINT('',(0.496963992918419,0.,2.16840434497101E-19));
#740=CARTESIAN_POINT('',(0.497591965592136,0.,4.33680868994202E-19));
#741=CARTESIAN_POINT('',(0.49633619548289,0.,0.00311552176668858));
#742=CARTESIAN_POINT('',(0.496963992918419,0.,0.00315229807392362));
#743=CARTESIAN_POINT('',(0.497591965592136,0.,0.00318614285909523));
#744=CARTESIAN_POINT('',(0.498220059482857,0.,0.));
#745=CARTESIAN_POINT('',(0.499476247264299,0.,-2.16840434497101E-19));
#746=CARTESIAN_POINT('',(0.500732939505992,0.,-2.16840434497101E-19));
#747=CARTESIAN_POINT('',(0.498220059482857,0.,0.00321748394408874));
#748=CARTESIAN_POINT('',(0.499476247264299,0.,0.00328016611407576));
#749=CARTESIAN_POINT('',(0.500732939505992,0.,0.00333270565953264));
#750=CARTESIAN_POINT('',(0.501989893148104,0.,-2.16840434497101E-19));
#751=CARTESIAN_POINT('',(0.503246846790215,0.,-4.33680868994202E-19));
#752=CARTESIAN_POINT('',(0.504504100626019,0.,2.16840434497101E-19));
#753=CARTESIAN_POINT('',(0.501989893148104,0.,0.00337733943211255));
#754=CARTESIAN_POINT('',(0.503246846790215,0.,0.00342197320469247));
#755=CARTESIAN_POINT('',(0.504504100626019,0.,0.00345834704790503));
#756=CARTESIAN_POINT('',(0.505761500090508,0.,4.33680868994202E-19));
#757=CARTESIAN_POINT('',(0.507018899554996,0.,6.50521303491303E-19));
#758=CARTESIAN_POINT('',(0.508276446542185,0.,2.16840434497101E-19));
#759=CARTESIAN_POINT('',(0.505761500090508,0.,0.00348811385326014));
#760=CARTESIAN_POINT('',(0.507018899554996,0.,0.00351788065861526));
#761=CARTESIAN_POINT('',(0.508276446542185,0.,0.00354103553486319));
#762=CARTESIAN_POINT('',(0.509534077989019,0.,0.));
#763=CARTESIAN_POINT('',(0.512049340882689,0.,-2.16840434497101E-19));
#764=CARTESIAN_POINT('',(0.514564898919912,0.,-4.33680868994202E-19));
#765=CARTESIAN_POINT('',(0.509534077989019,0.,0.00355837213446033));
#766=CARTESIAN_POINT('',(0.512049340882689,0.,0.0035930453336546));
#767=CARTESIAN_POINT('',(0.514564898919912,0.,0.00360493088911424));
#768=CARTESIAN_POINT('',(0.517080387512728,0.,-4.33680868994202E-19));
#769=CARTESIAN_POINT('',(0.519595876105545,0.,-4.33680868994202E-19));
#770=CARTESIAN_POINT('',(0.522111325734643,0.,8.67361737988404E-19));
#771=CARTESIAN_POINT('',(0.517080387512728,0.,0.00359987981040811));
#772=CARTESIAN_POINT('',(0.519595876105545,0.,0.00359482873170199));
#773=CARTESIAN_POINT('',(0.522111325734643,0.,0.00357237112125791));
#774=CARTESIAN_POINT('',(0.524626567167855,0.,2.16840434497101E-19));
#775=CARTESIAN_POINT('',(0.527141808601067,0.,-4.33680868994202E-19));
#776=CARTESIAN_POINT('',(0.529656847156979,0.,-1.30104260698261E-18));
#777=CARTESIAN_POINT('',(0.524626567167855,0.,0.00353636477707973));
#778=CARTESIAN_POINT('',(0.527141808601067,0.,0.00350035843290155));
#779=CARTESIAN_POINT('',(0.529656847156979,0.,0.00345086018413173));
#780=CARTESIAN_POINT('',(0.532171617646684,0.,0.));
#781=CARTESIAN_POINT('',(0.534686388136388,0.,1.30104260698261E-18));
#782=CARTESIAN_POINT('',(0.537200887092063,0.,-8.67361737988404E-19));
#783=CARTESIAN_POINT('',(0.532171617646684,0.,0.0033902395546127));
#784=CARTESIAN_POINT('',(0.534686388136388,0.,0.00332961892509366));
#785=CARTESIAN_POINT('',(0.537200887092063,0.,0.00325822860756552));
#786=CARTESIAN_POINT('',(0.539715095309244,0.,-2.16840434497101E-19));
#787=CARTESIAN_POINT('',(0.544743511743605,0.,8.67361737988404E-19));
#788=CARTESIAN_POINT('',(0.54977074987597,0.,-8.67361737988404E-19));
#789=CARTESIAN_POINT('',(0.539715095309244,0.,0.00317763131846864));
#790=CARTESIAN_POINT('',(0.544743511743605,0.,0.00301643674027487));
#791=CARTESIAN_POINT('',(0.54977074987597,0.,0.00281975584646328));
#792=CARTESIAN_POINT('',(0.554796828472497,0.,8.67361737988404E-19));
#793=CARTESIAN_POINT('',(0.559822907069025,0.,2.60208521396521E-18));
#794=CARTESIAN_POINT('',(0.564847838827164,0.,1.95156391047391E-18));
#795=CARTESIAN_POINT('',(0.554796828472497,0.,0.00259745297798923));
#796=CARTESIAN_POINT('',(0.559822907069025,0.,0.00237515010951519));
#797=CARTESIAN_POINT('',(0.564847838827164,0.,0.00212716541866197));
#798=CARTESIAN_POINT('',(0.56987165063954,0.,1.19262238973405E-18));
#799=CARTESIAN_POINT('',(0.574895462451917,0.,6.50521303491303E-19));
#800=CARTESIAN_POINT('',(0.579918161387353,0.,-1.0842021724855E-19));
#801=CARTESIAN_POINT('',(0.56987165063954,0.,0.00185845572515393));
#802=CARTESIAN_POINT('',(0.574895462451917,0.,0.0015897460316459));
#803=CARTESIAN_POINT('',(0.579918161387353,0.,0.00130028390680004));
#804=CARTESIAN_POINT('',(0.584939630321376,0.,6.50521303491303E-19));
#805=CARTESIAN_POINT('',(0.589961099255399,0.,1.0842021724855E-18));
#806=CARTESIAN_POINT('',(0.59498134303945,0.,-2.75929452897561E-17));
#807=CARTESIAN_POINT('',(0.6,0.,0.));
#808=CARTESIAN_POINT('',(0.584939630321376,0.,0.000990873550382356));
#809=CARTESIAN_POINT('',(0.589961099255399,0.,0.000681463193964669));
#810=CARTESIAN_POINT('',(0.59498134303945,0.,0.000352083655278718));
#811=CARTESIAN_POINT('',(0.6,0.,0.));
#812=B_SPLINE_SURFACE_WITH_KNOTS('Surf_STPRMHUXVG, Fin_Right, 0, 7, lower',1,3,((#813, #814, #815, #819, #820, #821, #825, #826, #827, #831, #832, #833, #837, #838, #839, #843, #844, #845, #849, #850, #851, #855, #856, #857, #861, #862, #863, #867, #868, #869, #873, #874, #875, #879, #880, #881, #885, #886, #887, #891, #892, #893, #897, #898, #899, #903, #904, #905, #909, #910, #911, #915, #916, #917, #921, #922, #923, #927, #928, #929, #933, #934, #935, #939, #940, #941, #945, #946, #947, #951, #952, #953, #957, #958, #959, #963, #964, #965, #969, #970, #971, #975, #976, #977, #981, #982, #983, #984),(#816, #817, #818, #822, #823, #824, #828, #829, #830, #834, #835, #836, #840, #841, #842, #846, #847, #848, #852, #853, #854, #858, #859, #860, #864, #865, #866, #870, #871, #872, #876, #877, #878, #882, #883, #884, #888, #889, #890, #894, #895, #896, #900, #901, #902, #906, #907, #908, #912, #913, #914, #918, #919, #920, #924, #925, #926, #930, #931, #932, #936, #937, #938, #942, #943, #944, #948, #949, #950, #954, #955, #956, #960, #961, #962, #966, #967, #968, #972, #973, #974, #978, #979, #980, #985, #986, #987, #988)),.UNSPECIFIED.,.F.,.F.,.F.,(2,2),(4,3,3,3,3,3,3,3,3,3,3,3,3,3,3,3,3,3,3,3,3,3,3,3,3,3,3,3,3,4),(0.,1.),(0.,1.,2.,3.,4.,5.,6.,7.,8.,9.,10.,11.,12.,13.,14.,15.,16.,17.,18.,19.,20.,21.,22.,23.,24.,25.,26.,27.,28.,29.),.PIECEWISE_BEZIER_KNOTS.);
#813=CARTESIAN_POINT('',(0.6,0.,0.));
#814=CARTESIAN_POINT('',(0.594981343039449,0.,-0.000352083655278773));
#815=CARTESIAN_POINT('',(0.589961099255399,0.,-0.000681463193964667));
#816=CARTESIAN_POINT('',(0.6,0.16,0.));
#817=CARTESIAN_POINT('',(0.594981343039449,0.16,-0.000352083655278773));
#818=CARTESIAN_POINT('',(0.589961099255399,0.16,-0.000681463193964667));
#819=CARTESIAN_POINT('',(0.584939630321376,0.,-0.000990873550382355));
#820=CARTESIAN_POINT('',(0.579918161387353,0.,-0.00130028390680004));
#821=CARTESIAN_POINT('',(0.574895462451917,0.,-0.0015897460316459));
#822=CARTESIAN_POINT('',(0.584939630321376,0.16,-0.000990873550382355));
#823=CARTESIAN_POINT('',(0.579918161387353,0.16,-0.00130028390680004));
#824=CARTESIAN_POINT('',(0.574895462451917,0.16,-0.0015897460316459));
#825=CARTESIAN_POINT('',(0.56987165063954,0.,-0.00185845572515393));
#826=CARTESIAN_POINT('',(0.564847838827164,0.,-0.00212716541866197));
#827=CARTESIAN_POINT('',(0.559822907069025,0.,-0.00237515010951518));
#828=CARTESIAN_POINT('',(0.56987165063954,0.16,-0.00185845572515393));
#829=CARTESIAN_POINT('',(0.564847838827164,0.16,-0.00212716541866197));
#830=CARTESIAN_POINT('',(0.559822907069025,0.16,-0.00237515010951518));
#831=CARTESIAN_POINT('',(0.554796828472497,0.,-0.00259745297798923));
#832=CARTESIAN_POINT('',(0.54977074987597,0.,-0.00281975584646328));
#833=CARTESIAN_POINT('',(0.544743511743605,0.,-0.00301643674027486));
#834=CARTESIAN_POINT('',(0.554796828472497,0.16,-0.00259745297798923));
#835=CARTESIAN_POINT('',(0.54977074987597,0.16,-0.00281975584646328));
#836=CARTESIAN_POINT('',(0.544743511743605,0.16,-0.00301643674027486));
#837=CARTESIAN_POINT('',(0.539715095309244,0.,-0.00317763131846864));
#838=CARTESIAN_POINT('',(0.537200887092063,0.,-0.00325822860756552));
#839=CARTESIAN_POINT('',(0.534686388136388,0.,-0.00332961892509366));
#840=CARTESIAN_POINT('',(0.539715095309244,0.16,-0.00317763131846864));
#841=CARTESIAN_POINT('',(0.537200887092063,0.16,-0.00325822860756552));
#842=CARTESIAN_POINT('',(0.534686388136388,0.16,-0.00332961892509366));
#843=CARTESIAN_POINT('',(0.532171617646684,0.,-0.0033902395546127));
#844=CARTESIAN_POINT('',(0.529656847156979,0.,-0.00345086018413173));
#845=CARTESIAN_POINT('',(0.527141808601067,0.,-0.00350035843290155));
#846=CARTESIAN_POINT('',(0.532171617646684,0.16,-0.0033902395546127));
#847=CARTESIAN_POINT('',(0.529656847156979,0.16,-0.00345086018413173));
#848=CARTESIAN_POINT('',(0.527141808601067,0.16,-0.00350035843290155));
#849=CARTESIAN_POINT('',(0.524626567167855,0.,-0.00353636477707973));
#850=CARTESIAN_POINT('',(0.522111325734643,0.,-0.00357237112125791));
#851=CARTESIAN_POINT('',(0.519595876105545,0.,-0.00359482873170199));
#852=CARTESIAN_POINT('',(0.524626567167855,0.16,-0.00353636477707973));
#853=CARTESIAN_POINT('',(0.522111325734643,0.16,-0.00357237112125791));
#854=CARTESIAN_POINT('',(0.519595876105545,0.16,-0.00359482873170199));
#855=CARTESIAN_POINT('',(0.517080387512728,0.,-0.00359987981040811));
#856=CARTESIAN_POINT('',(0.514564898919912,0.,-0.00360493088911424));
#857=CARTESIAN_POINT('',(0.512049340882689,0.,-0.0035930453336546));
#858=CARTESIAN_POINT('',(0.517080387512728,0.16,-0.00359987981040811));
#859=CARTESIAN_POINT('',(0.514564898919912,0.16,-0.00360493088911424));
#860=CARTESIAN_POINT('',(0.512049340882689,0.16,-0.0035930453336546));
#861=CARTESIAN_POINT('',(0.509534077989019,0.,-0.00355837213446033));
#862=CARTESIAN_POINT('',(0.508276446542185,0.,-0.00354103553486319));
#863=CARTESIAN_POINT('',(0.507018899554996,0.,-0.00351788065861526));
#864=CARTESIAN_POINT('',(0.509534077989019,0.16,-0.00355837213446033));
#865=CARTESIAN_POINT('',(0.508276446542185,0.16,-0.00354103553486319));
#866=CARTESIAN_POINT('',(0.507018899554996,0.16,-0.00351788065861526));
#867=CARTESIAN_POINT('',(0.505761500090508,0.,-0.00348811385326014));
#868=CARTESIAN_POINT('',(0.504504100626019,0.,-0.00345834704790503));
#869=CARTESIAN_POINT('',(0.503246846790215,0.,-0.00342197320469247));
#870=CARTESIAN_POINT('',(0.505761500090508,0.16,-0.00348811385326014));
#871=CARTESIAN_POINT('',(0.504504100626019,0.16,-0.00345834704790503));
#872=CARTESIAN_POINT('',(0.503246846790215,0.16,-0.00342197320469247));
#873=CARTESIAN_POINT('',(0.501989893148104,0.,-0.00337733943211255));
#874=CARTESIAN_POINT('',(0.500732939505992,0.,-0.00333270565953264));
#875=CARTESIAN_POINT('',(0.499476247264299,0.,-0.00328016611407576));
#876=CARTESIAN_POINT('',(0.501989893148104,0.16,-0.00337733943211255));
#877=CARTESIAN_POINT('',(0.500732939505992,0.16,-0.00333270565953264));
#878=CARTESIAN_POINT('',(0.499476247264299,0.16,-0.00328016611407576));
#879=CARTESIAN_POINT('',(0.498220059482857,0.,-0.00321748394408874));
#880=CARTESIAN_POINT('',(0.497591965592136,0.,-0.00318614285909522));
#881=CARTESIAN_POINT('',(0.496963992918419,0.,-0.00315229807392362));
#882=CARTESIAN_POINT('',(0.498220059482857,0.16,-0.00321748394408874));
#883=CARTESIAN_POINT('',(0.497591965592136,0.16,-0.00318614285909522));
#884=CARTESIAN_POINT('',(0.496963992918419,0.16,-0.00315229807392362));
#885=CARTESIAN_POINT('',(0.49633619548289,0.,-0.00311552176668858));
#886=CARTESIAN_POINT('',(0.495708398047361,0.,-0.00307874545945355));
#887=CARTESIAN_POINT('',(0.495080751040293,0.,-0.00303921406260826));
#888=CARTESIAN_POINT('',(0.49633619548289,0.16,-0.00311552176668858));
#889=CARTESIAN_POINT('',(0.495708398047361,0.16,-0.00307874545945355));
#890=CARTESIAN_POINT('',(0.495080751040293,0.16,-0.00303921406260826));
#891=CARTESIAN_POINT('',(0.494453358114684,0.,-0.00299614896745779));
#892=CARTESIAN_POINT('',(0.493198572263467,0.,-0.00291001877715683));
#893=CARTESIAN_POINT('',(0.491944572390294,0.,-0.00281130937388052));
#894=CARTESIAN_POINT('',(0.494453358114684,0.16,-0.00299614896745779));
#895=CARTESIAN_POINT('',(0.493198572263467,0.16,-0.00291001877715683));
#896=CARTESIAN_POINT('',(0.491944572390294,0.16,-0.00281130937388052));
#897=CARTESIAN_POINT('',(0.490692384545639,0.,-0.00269317983422587));
#898=CARTESIAN_POINT('',(0.490066290623311,0.,-0.00263411506439854));
#899=CARTESIAN_POINT('',(0.489440646689104,0.,-0.00257021939673692));
#900=CARTESIAN_POINT('',(0.490692384545639,0.16,-0.00269317983422587));
#901=CARTESIAN_POINT('',(0.490066290623311,0.16,-0.00263411506439854));
#902=CARTESIAN_POINT('',(0.489440646689104,0.16,-0.00257021939673692));
#903=CARTESIAN_POINT('',(0.488815667656035,0.,-0.00250026946097496));
#904=CARTESIAN_POINT('',(0.488190688622965,0.,-0.002430319525213));
#905=CARTESIAN_POINT('',(0.487566409520153,0.,-0.00235409381057317));
#906=CARTESIAN_POINT('',(0.488815667656035,0.16,-0.00250026946097496));
#907=CARTESIAN_POINT('',(0.488190688622965,0.16,-0.002430319525213));
#908=CARTESIAN_POINT('',(0.487566409520153,0.16,-0.00235409381057317));
#909=CARTESIAN_POINT('',(0.486943230734811,0.,-0.00226961326933103));
#910=CARTESIAN_POINT('',(0.486320051949468,0.,-0.00218513272808889));
#911=CARTESIAN_POINT('',(0.485697997746533,0.,-0.00209221865005287));
#912=CARTESIAN_POINT('',(0.486943230734811,0.16,-0.00226961326933103));
#913=CARTESIAN_POINT('',(0.486320051949468,0.16,-0.00218513272808889));
#914=CARTESIAN_POINT('',(0.485697997746533,0.16,-0.00209221865005287));
#915=CARTESIAN_POINT('',(0.485077971579708,0.,-0.00198701721305092));
#916=CARTESIAN_POINT('',(0.484767958496295,0.,-0.00193441649454995));
#917=CARTESIAN_POINT('',(0.484458508817108,0.,-0.00187852977563418));
#918=CARTESIAN_POINT('',(0.485077971579708,0.16,-0.00198701721305092));
#919=CARTESIAN_POINT('',(0.484767958496295,0.16,-0.00193441649454995));
#920=CARTESIAN_POINT('',(0.484458508817108,0.16,-0.00187852977563418));
#921=CARTESIAN_POINT('',(0.484149845162696,0.,-0.00181853642504424));
#922=CARTESIAN_POINT('',(0.483841181508283,0.,-0.0017585430744543));
#923=CARTESIAN_POINT('',(0.483533318317873,0.,-0.00169439476066853));
#924=CARTESIAN_POINT('',(0.484149845162696,0.16,-0.00181853642504424));
#925=CARTESIAN_POINT('',(0.483841181508283,0.16,-0.0017585430744543));
#926=CARTESIAN_POINT('',(0.483533318317873,0.16,-0.00169439476066853));
#927=CARTESIAN_POINT('',(0.483226731336765,0.,-0.00162453400584377));
#928=CARTESIAN_POINT('',(0.482920144355657,0.,-0.00155467325101901));
#929=CARTESIAN_POINT('',(0.482614819340771,0.,-0.00147910010812931));
#930=CARTESIAN_POINT('',(0.483226731336765,0.16,-0.00162453400584377));
#931=CARTESIAN_POINT('',(0.482920144355657,0.16,-0.00155467325101901));
#932=CARTESIAN_POINT('',(0.482614819340771,0.16,-0.00147910010812931));
#933=CARTESIAN_POINT('',(0.482311967769028,0.,-0.0013945442276941));
#934=CARTESIAN_POINT('',(0.482160541983156,0.,-0.0013522662874765));
#935=CARTESIAN_POINT('',(0.482009686402214,0.,-0.00130785753474151));
#936=CARTESIAN_POINT('',(0.482311967769028,0.16,-0.0013945442276941));
#937=CARTESIAN_POINT('',(0.482160541983156,0.16,-0.0013522662874765));
#938=CARTESIAN_POINT('',(0.482009686402214,0.16,-0.00130785753474151));
#939=CARTESIAN_POINT('',(0.481859817486333,0.,-0.00126035681201409));
#940=CARTESIAN_POINT('',(0.481709948570452,0.,-0.00121285608928667));
#941=CARTESIAN_POINT('',(0.481560955237843,0.,-0.0011624863488676));
#942=CARTESIAN_POINT('',(0.481859817486333,0.16,-0.00126035681201409));
#943=CARTESIAN_POINT('',(0.481709948570452,0.16,-0.00121285608928667));
#944=CARTESIAN_POINT('',(0.481560955237843,0.16,-0.0011624863488676));
#945=CARTESIAN_POINT('',(0.481413539771823,0.,-0.00110784728654658));
#946=CARTESIAN_POINT('',(0.481266124305804,0.,-0.00105320822422557));
#947=CARTESIAN_POINT('',(0.481120074529736,0.,-0.000994637602652885));
#948=CARTESIAN_POINT('',(0.481413539771823,0.16,-0.00110784728654658));
#949=CARTESIAN_POINT('',(0.481266124305804,0.16,-0.00105320822422557));
#950=CARTESIAN_POINT('',(0.481120074529736,0.16,-0.000994637602652885));
#951=CARTESIAN_POINT('',(0.480977004062892,0.,-0.000929486864397173));
#952=CARTESIAN_POINT('',(0.480833933596049,0.,-0.000864336126141462));
#953=CARTESIAN_POINT('',(0.480693345608908,0.,-0.000793177200707969));
#954=CARTESIAN_POINT('',(0.480977004062892,0.16,-0.000929486864397173));
#955=CARTESIAN_POINT('',(0.480833933596049,0.16,-0.000864336126141462));
#956=CARTESIAN_POINT('',(0.480693345608908,0.16,-0.000793177200707969));
#957=CARTESIAN_POINT('',(0.48055942508424,0.,-0.000710813410785877));
#958=CARTESIAN_POINT('',(0.480492464821906,0.,-0.000669631515824831));
#959=CARTESIAN_POINT('',(0.48042714271467,0.,-0.000625669599806337));
#960=CARTESIAN_POINT('',(0.48055942508424,0.16,-0.000710813410785877));
#961=CARTESIAN_POINT('',(0.480492464821906,0.16,-0.000669631515824831));
#962=CARTESIAN_POINT('',(0.48042714271467,0.16,-0.000625669599806337));
#963=CARTESIAN_POINT('',(0.480364914512348,0.,-0.000577642057053185));
#964=CARTESIAN_POINT('',(0.480302686310026,0.,-0.000529614514300029));
#965=CARTESIAN_POINT('',(0.480243290440178,0.,-0.000477627399408626));
#966=CARTESIAN_POINT('',(0.480364914512348,0.16,-0.000577642057053185));
#967=CARTESIAN_POINT('',(0.480302686310026,0.16,-0.000529614514300029));
#968=CARTESIAN_POINT('',(0.480243290440178,0.16,-0.000477627399408626));
#969=CARTESIAN_POINT('',(0.480190037436992,0.,-0.000419814529047477));
#970=CARTESIAN_POINT('',(0.480136784433806,0.,-0.000362001658686328));
#971=CARTESIAN_POINT('',(0.480089372309502,0.,-0.000298219931067011));
#972=CARTESIAN_POINT('',(0.480190037436992,0.16,-0.000419814529047477));
#973=CARTESIAN_POINT('',(0.480136784433806,0.16,-0.000362001658686328));
#974=CARTESIAN_POINT('',(0.480089372309502,0.16,-0.000298219931067011));
#975=CARTESIAN_POINT('',(0.480054898611975,0.,-0.000227527008179517));
#976=CARTESIAN_POINT('',(0.480037661763212,0.,-0.000192180546735772));
#977=CARTESIAN_POINT('',(0.480023757394695,0.,-0.000155098496810675));
#978=CARTESIAN_POINT('',(0.480054898611975,0.16,-0.000227527008179517));
#979=CARTESIAN_POINT('',(0.480037661763212,0.16,-0.000192180546735772));
#980=CARTESIAN_POINT('',(0.480023757394695,0.16,-0.000155098496810675));
#981=CARTESIAN_POINT('',(0.480014365820962,0.,-0.000116974729478282));
#982=CARTESIAN_POINT('',(0.480004974247228,0.,-7.88509621458883E-05));
#983=CARTESIAN_POINT('',(0.48,0.,-3.90443898792554E-05));
#984=CARTESIAN_POINT('',(0.48,0.,0.));
#985=CARTESIAN_POINT('',(0.480014365820962,0.16,-0.000116974729478282));
#986=CARTESIAN_POINT('',(0.480004974247228,0.16,-7.88509621458883E-05));
#987=CARTESIAN_POINT('',(0.48,0.16,-3.90443898792554E-05));
#988=CARTESIAN_POINT('',(0.48,0.16,0.));
#989=B_SPLINE_SURFACE_WITH_KNOTS('Surf_STPRMHUXVG, Fin_Right, 0, 10, upper',1,3,((#990, #991, #992, #996, #997, #998, #1002, #1003, #1004, #1008, #1009, #1010, #1014, #1015, #1016, #1020, #1021, #1022, #1026, #1027, #1028, #1032, #1033, #1034, #1038, #1039, #1040, #1044, #1045, #1046, #1050, #1051, #1052, #1056, #1057, #1058, #1062, #1063, #1064, #1068, #1069, #1070, #1074, #1075, #1076, #1080, #1081, #1082, #1086, #1087, #1088, #1092, #1093, #1094, #1098, #1099, #1100, #1104, #1105, #1106, #1110, #1111, #1112, #1116, #1117, #1118, #1122, #1123, #1124, #1128, #1129, #1130, #1134, #1135, #1136, #1140, #1141, #1142, #1146, #1147, #1148, #1152, #1153, #1154, #1158, #1159, #1160, #1161),(#993, #994, #995, #999, #1000, #1001, #1005, #1006, #1007, #1011, #1012, #1013, #1017, #1018, #1019, #1023, #1024, #1025, #1029, #1030, #1031, #1035, #1036, #1037, #1041, #1042, #1043, #1047, #1048, #1049, #1053, #1054, #1055, #1059, #1060, #1061, #1065, #1066, #1067, #1071, #1072, #1073, #1077, #1078, #1079, #1083, #1084, #1085, #1089, #1090, #1091, #1095, #1096, #1097, #1101, #1102, #1103, #1107, #1108, #1109, #1113, #1114, #1115, #1119, #1120, #1121, #1125, #1126, #1127, #1131, #1132, #1133, #1137, #1138, #1139, #1143, #1144, #1145, #1149, #1150, #1151, #1155, #1156, #1157, #1162, #1163, #1164, #1165)),.UNSPECIFIED.,.F.,.F.,.F.,(2,2),(4,3,3,3,3,3,3,3,3,3,3,3,3,3,3,3,3,3,3,3,3,3,3,3,3,3,3,3,3,4),(0.,1.),(0.,1.,2.,3.,4.,5.,6.,7.,8.,9.,10.,11.,12.,13.,14.,15.,16.,17.,18.,19.,20.,21.,22.,23.,24.,25.,26.,27.,28.,29.),.PIECEWISE_BEZIER_KNOTS.);
#990=CARTESIAN_POINT('',(0.48,0.,0.));
#991=CARTESIAN_POINT('',(0.48,0.,3.9044389879251E-05));
#992=CARTESIAN_POINT('',(0.480004974247228,0.,7.88509621458918E-05));
#993=CARTESIAN_POINT('',(0.48,0.16,0.));
#994=CARTESIAN_POINT('',(0.48,0.16,3.9044389879251E-05));
#995=CARTESIAN_POINT('',(0.480004974247228,0.16,7.88509621458918E-05));
#996=CARTESIAN_POINT('',(0.480014365820962,0.,0.000116974729478282));
#997=CARTESIAN_POINT('',(0.480023757394695,0.,0.000155098496810682));
#998=CARTESIAN_POINT('',(0.480037661763212,0.,0.000192180546735737));
#999=CARTESIAN_POINT('',(0.480014365820962,0.16,0.000116974729478282));
#1000=CARTESIAN_POINT('',(0.480023757394695,0.16,0.000155098496810682));
#1001=CARTESIAN_POINT('',(0.480037661763212,0.16,0.000192180546735737));
#1002=CARTESIAN_POINT('',(0.480054898611975,0.,0.000227527008179508));
#1003=CARTESIAN_POINT('',(0.480089372309502,0.,0.000298219931067051));
#1004=CARTESIAN_POINT('',(0.480136784433806,0.,0.000362001658686311));
#1005=CARTESIAN_POINT('',(0.480054898611975,0.16,0.000227527008179508));
#1006=CARTESIAN_POINT('',(0.480089372309502,0.16,0.000298219931067051));
#1007=CARTESIAN_POINT('',(0.480136784433806,0.16,0.000362001658686311));
#1008=CARTESIAN_POINT('',(0.480190037436992,0.,0.000419814529047486));
#1009=CARTESIAN_POINT('',(0.480243290440178,0.,0.000477627399408654));
#1010=CARTESIAN_POINT('',(0.480302686310026,0.,0.000529614514300058));
#1011=CARTESIAN_POINT('',(0.480190037436992,0.16,0.000419814529047486));
#1012=CARTESIAN_POINT('',(0.480243290440178,0.16,0.000477627399408654));
#1013=CARTESIAN_POINT('',(0.480302686310026,0.16,0.000529614514300058));
#1014=CARTESIAN_POINT('',(0.480364914512348,0.,0.000577642057053194));
#1015=CARTESIAN_POINT('',(0.48042714271467,0.,0.000625669599806331));
#1016=CARTESIAN_POINT('',(0.480492464821906,0.,0.000669631515824842));
#1017=CARTESIAN_POINT('',(0.480364914512348,0.16,0.000577642057053194));
#1018=CARTESIAN_POINT('',(0.48042714271467,0.16,0.000625669599806331));
#1019=CARTESIAN_POINT('',(0.480492464821906,0.16,0.000669631515824842));
#1020=CARTESIAN_POINT('',(0.48055942508424,0.,0.000710813410785884));
#1021=CARTESIAN_POINT('',(0.480693345608908,0.,0.000793177200707969));
#1022=CARTESIAN_POINT('',(0.480833933596049,0.,0.000864336126141427));
#1023=CARTESIAN_POINT('',(0.48055942508424,0.16,0.000710813410785884));
#1024=CARTESIAN_POINT('',(0.480693345608908,0.16,0.000793177200707969));
#1025=CARTESIAN_POINT('',(0.480833933596049,0.16,0.000864336126141427));
#1026=CARTESIAN_POINT('',(0.480977004062892,0.,0.00092948686439715));
#1027=CARTESIAN_POINT('',(0.481120074529736,0.,0.000994637602652874));
#1028=CARTESIAN_POINT('',(0.481266124305804,0.,0.00105320822422555));
#1029=CARTESIAN_POINT('',(0.480977004062892,0.16,0.00092948686439715));
#1030=CARTESIAN_POINT('',(0.481120074529736,0.16,0.000994637602652874));
#1031=CARTESIAN_POINT('',(0.481266124305804,0.16,0.00105320822422555));
#1032=CARTESIAN_POINT('',(0.481413539771823,0.,0.00110784728654657));
#1033=CARTESIAN_POINT('',(0.481560955237843,0.,0.00116248634886759));
#1034=CARTESIAN_POINT('',(0.481709948570452,0.,0.00121285608928667));
#1035=CARTESIAN_POINT('',(0.481413539771823,0.16,0.00110784728654657));
#1036=CARTESIAN_POINT('',(0.481560955237843,0.16,0.00116248634886759));
#1037=CARTESIAN_POINT('',(0.481709948570452,0.16,0.00121285608928667));
#1038=CARTESIAN_POINT('',(0.481859817486333,0.,0.00126035681201409));
#1039=CARTESIAN_POINT('',(0.482009686402214,0.,0.00130785753474152));
#1040=CARTESIAN_POINT('',(0.482160541983156,0.,0.0013522662874765));
#1041=CARTESIAN_POINT('',(0.481859817486333,0.16,0.00126035681201409));
#1042=CARTESIAN_POINT('',(0.482009686402214,0.16,0.00130785753474152));
#1043=CARTESIAN_POINT('',(0.482160541983156,0.16,0.0013522662874765));
#1044=CARTESIAN_POINT('',(0.482311967769028,0.,0.0013945442276941));
#1045=CARTESIAN_POINT('',(0.482614819340771,0.,0.0014791001081293));
#1046=CARTESIAN_POINT('',(0.482920144355657,0.,0.00155467325101901));
#1047=CARTESIAN_POINT('',(0.482311967769028,0.16,0.0013945442276941));
#1048=CARTESIAN_POINT('',(0.482614819340771,0.16,0.0014791001081293));
#1049=CARTESIAN_POINT('',(0.482920144355657,0.16,0.00155467325101901));
#1050=CARTESIAN_POINT('',(0.483226731336765,0.,0.00162453400584377));
#1051=CARTESIAN_POINT('',(0.483533318317873,0.,0.00169439476066853));
#1052=CARTESIAN_POINT('',(0.483841181508284,0.,0.00175854307445431));
#1053=CARTESIAN_POINT('',(0.483226731336765,0.16,0.00162453400584377));
#1054=CARTESIAN_POINT('',(0.483533318317873,0.16,0.00169439476066853));
#1055=CARTESIAN_POINT('',(0.483841181508284,0.16,0.00175854307445431));
#1056=CARTESIAN_POINT('',(0.484149845162696,0.,0.00181853642504423));
#1057=CARTESIAN_POINT('',(0.484458508817108,0.,0.00187852977563416));
#1058=CARTESIAN_POINT('',(0.484767958496295,0.,0.00193441649454995));
#1059=CARTESIAN_POINT('',(0.484149845162696,0.16,0.00181853642504423));
#1060=CARTESIAN_POINT('',(0.484458508817108,0.16,0.00187852977563416));
#1061=CARTESIAN_POINT('',(0.484767958496295,0.16,0.00193441649454995));
#1062=CARTESIAN_POINT('',(0.485077971579708,0.,0.00198701721305092));
#1063=CARTESIAN_POINT('',(0.485697997746533,0.,0.00209221865005286));
#1064=CARTESIAN_POINT('',(0.486320051949468,0.,0.0021851327280889));
#1065=CARTESIAN_POINT('',(0.485077971579708,0.16,0.00198701721305092));
#1066=CARTESIAN_POINT('',(0.485697997746533,0.16,0.00209221865005286));
#1067=CARTESIAN_POINT('',(0.486320051949468,0.16,0.0021851327280889));
#1068=CARTESIAN_POINT('',(0.486943230734811,0.,0.00226961326933104));
#1069=CARTESIAN_POINT('',(0.487566409520153,0.,0.00235409381057317));
#1070=CARTESIAN_POINT('',(0.488190688622965,0.,0.00243031952521299));
#1071=CARTESIAN_POINT('',(0.486943230734811,0.16,0.00226961326933104));
#1072=CARTESIAN_POINT('',(0.487566409520153,0.16,0.00235409381057317));
#1073=CARTESIAN_POINT('',(0.488190688622965,0.16,0.00243031952521299));
#1074=CARTESIAN_POINT('',(0.488815667656035,0.,0.00250026946097496));
#1075=CARTESIAN_POINT('',(0.489440646689104,0.,0.00257021939673692));
#1076=CARTESIAN_POINT('',(0.490066290623311,0.,0.00263411506439855));
#1077=CARTESIAN_POINT('',(0.488815667656035,0.16,0.00250026946097496));
#1078=CARTESIAN_POINT('',(0.489440646689104,0.16,0.00257021939673692));
#1079=CARTESIAN_POINT('',(0.490066290623311,0.16,0.00263411506439855));
#1080=CARTESIAN_POINT('',(0.490692384545639,0.,0.00269317983422587));
#1081=CARTESIAN_POINT('',(0.491944572390294,0.,0.00281130937388052));
#1082=CARTESIAN_POINT('',(0.493198572263467,0.,0.00291001877715683));
#1083=CARTESIAN_POINT('',(0.490692384545639,0.16,0.00269317983422587));
#1084=CARTESIAN_POINT('',(0.491944572390294,0.16,0.00281130937388052));
#1085=CARTESIAN_POINT('',(0.493198572263467,0.16,0.00291001877715683));
#1086=CARTESIAN_POINT('',(0.494453358114684,0.,0.00299614896745779));
#1087=CARTESIAN_POINT('',(0.495080751040293,0.,0.00303921406260827));
#1088=CARTESIAN_POINT('',(0.495708398047361,0.,0.00307874545945355));
#1089=CARTESIAN_POINT('',(0.494453358114684,0.16,0.00299614896745779));
#1090=CARTESIAN_POINT('',(0.495080751040293,0.16,0.00303921406260827));
#1091=CARTESIAN_POINT('',(0.495708398047361,0.16,0.00307874545945355));
#1092=CARTESIAN_POINT('',(0.49633619548289,0.,0.00311552176668858));
#1093=CARTESIAN_POINT('',(0.496963992918419,0.,0.00315229807392362));
#1094=CARTESIAN_POINT('',(0.497591965592136,0.,0.00318614285909523));
#1095=CARTESIAN_POINT('',(0.49633619548289,0.16,0.00311552176668858));
#1096=CARTESIAN_POINT('',(0.496963992918419,0.16,0.00315229807392362));
#1097=CARTESIAN_POINT('',(0.497591965592136,0.16,0.00318614285909523));
#1098=CARTESIAN_POINT('',(0.498220059482857,0.,0.00321748394408874));
#1099=CARTESIAN_POINT('',(0.499476247264299,0.,0.00328016611407576));
#1100=CARTESIAN_POINT('',(0.500732939505992,0.,0.00333270565953264));
#1101=CARTESIAN_POINT('',(0.498220059482857,0.16,0.00321748394408874));
#1102=CARTESIAN_POINT('',(0.499476247264299,0.16,0.00328016611407576));
#1103=CARTESIAN_POINT('',(0.500732939505992,0.16,0.00333270565953264));
#1104=CARTESIAN_POINT('',(0.501989893148104,0.,0.00337733943211255));
#1105=CARTESIAN_POINT('',(0.503246846790215,0.,0.00342197320469247));
#1106=CARTESIAN_POINT('',(0.504504100626019,0.,0.00345834704790503));
#1107=CARTESIAN_POINT('',(0.501989893148104,0.16,0.00337733943211255));
#1108=CARTESIAN_POINT('',(0.503246846790215,0.16,0.00342197320469247));
#1109=CARTESIAN_POINT('',(0.504504100626019,0.16,0.00345834704790503));
#1110=CARTESIAN_POINT('',(0.505761500090508,0.,0.00348811385326014));
#1111=CARTESIAN_POINT('',(0.507018899554996,0.,0.00351788065861526));
#1112=CARTESIAN_POINT('',(0.508276446542185,0.,0.00354103553486319));
#1113=CARTESIAN_POINT('',(0.505761500090508,0.16,0.00348811385326014));
#1114=CARTESIAN_POINT('',(0.507018899554996,0.16,0.00351788065861526));
#1115=CARTESIAN_POINT('',(0.508276446542185,0.16,0.00354103553486319));
#1116=CARTESIAN_POINT('',(0.509534077989019,0.,0.00355837213446033));
#1117=CARTESIAN_POINT('',(0.512049340882689,0.,0.0035930453336546));
#1118=CARTESIAN_POINT('',(0.514564898919912,0.,0.00360493088911424));
#1119=CARTESIAN_POINT('',(0.509534077989019,0.16,0.00355837213446033));
#1120=CARTESIAN_POINT('',(0.512049340882689,0.16,0.0035930453336546));
#1121=CARTESIAN_POINT('',(0.514564898919912,0.16,0.00360493088911424));
#1122=CARTESIAN_POINT('',(0.517080387512728,0.,0.00359987981040811));
#1123=CARTESIAN_POINT('',(0.519595876105545,0.,0.00359482873170199));
#1124=CARTESIAN_POINT('',(0.522111325734643,0.,0.00357237112125791));
#1125=CARTESIAN_POINT('',(0.517080387512728,0.16,0.00359987981040811));
#1126=CARTESIAN_POINT('',(0.519595876105545,0.16,0.00359482873170199));
#1127=CARTESIAN_POINT('',(0.522111325734643,0.16,0.00357237112125791));
#1128=CARTESIAN_POINT('',(0.524626567167855,0.,0.00353636477707973));
#1129=CARTESIAN_POINT('',(0.527141808601067,0.,0.00350035843290155));
#1130=CARTESIAN_POINT('',(0.529656847156979,0.,0.00345086018413173));
#1131=CARTESIAN_POINT('',(0.524626567167855,0.16,0.00353636477707973));
#1132=CARTESIAN_POINT('',(0.527141808601067,0.16,0.00350035843290155));
#1133=CARTESIAN_POINT('',(0.529656847156979,0.16,0.00345086018413173));
#1134=CARTESIAN_POINT('',(0.532171617646684,0.,0.0033902395546127));
#1135=CARTESIAN_POINT('',(0.534686388136388,0.,0.00332961892509366));
#1136=CARTESIAN_POINT('',(0.537200887092063,0.,0.00325822860756552));
#1137=CARTESIAN_POINT('',(0.532171617646684,0.16,0.0033902395546127));
#1138=CARTESIAN_POINT('',(0.534686388136388,0.16,0.00332961892509366));
#1139=CARTESIAN_POINT('',(0.537200887092063,0.16,0.00325822860756552));
#1140=CARTESIAN_POINT('',(0.539715095309244,0.,0.00317763131846864));
#1141=CARTESIAN_POINT('',(0.544743511743605,0.,0.00301643674027487));
#1142=CARTESIAN_POINT('',(0.54977074987597,0.,0.00281975584646328));
#1143=CARTESIAN_POINT('',(0.539715095309244,0.16,0.00317763131846864));
#1144=CARTESIAN_POINT('',(0.544743511743605,0.16,0.00301643674027487));
#1145=CARTESIAN_POINT('',(0.54977074987597,0.16,0.00281975584646328));
#1146=CARTESIAN_POINT('',(0.554796828472497,0.,0.00259745297798923));
#1147=CARTESIAN_POINT('',(0.559822907069025,0.,0.00237515010951519));
#1148=CARTESIAN_POINT('',(0.564847838827164,0.,0.00212716541866197));
#1149=CARTESIAN_POINT('',(0.554796828472497,0.16,0.00259745297798923));
#1150=CARTESIAN_POINT('',(0.559822907069025,0.16,0.00237515010951519));
#1151=CARTESIAN_POINT('',(0.564847838827164,0.16,0.00212716541866197));
#1152=CARTESIAN_POINT('',(0.56987165063954,0.,0.00185845572515393));
#1153=CARTESIAN_POINT('',(0.574895462451917,0.,0.0015897460316459));
#1154=CARTESIAN_POINT('',(0.579918161387353,0.,0.00130028390680004));
#1155=CARTESIAN_POINT('',(0.56987165063954,0.16,0.00185845572515393));
#1156=CARTESIAN_POINT('',(0.574895462451917,0.16,0.0015897460316459));
#1157=CARTESIAN_POINT('',(0.579918161387353,0.16,0.00130028390680004));
#1158=CARTESIAN_POINT('',(0.584939630321376,0.,0.000990873550382356));
#1159=CARTESIAN_POINT('',(0.589961099255399,0.,0.000681463193964669));
#1160=CARTESIAN_POINT('',(0.59498134303945,0.,0.000352083655278718));
#1161=CARTESIAN_POINT('',(0.6,0.,0.));
#1162=CARTESIAN_POINT('',(0.584939630321376,0.16,0.000990873550382356));
#1163=CARTESIAN_POINT('',(0.589961099255399,0.16,0.000681463193964669));
#1164=CARTESIAN_POINT('',(0.59498134303945,0.16,0.000352083655278718));
#1165=CARTESIAN_POINT('',(0.6,0.16,0.));
#1166=B_SPLINE_SURFACE_WITH_KNOTS('Surf_STPRMHUXVG, Fin_Right, 0, 13, lower',1,3,((#1167, #1168, #1169, #1173, #1174, #1175, #1179, #1180, #1181, #1185, #1186, #1187, #1191, #1192, #1193, #1197, #1198, #1199, #1203, #1204, #1205, #1209, #1210, #1211, #1215, #1216, #1217, #1221, #1222, #1223, #1227, #1228, #1229, #1233, #1234, #1235, #1239, #1240, #1241, #1245, #1246, #1247, #1251, #1252, #1253, #1257, #1258, #1259, #1263, #1264, #1265, #1269, #1270, #1271, #1275, #1276, #1277, #1281, #1282, #1283, #1287, #1288, #1289, #1293, #1294, #1295, #1299, #1300, #1301, #1305, #1306, #1307, #1311, #1312, #1313, #1317, #1318, #1319, #1323, #1324, #1325, #1329, #1330, #1331, #1335, #1336, #1337, #1338),(#1170, #1171, #1172, #1176, #1177, #1178, #1182, #1183, #1184, #1188, #1189, #1190, #1194, #1195, #1196, #1200, #1201, #1202, #1206, #1207, #1208, #1212, #1213, #1214, #1218, #1219, #1220, #1224, #1225, #1226, #1230, #1231, #1232, #1236, #1237, #1238, #1242, #1243, #1244, #1248, #1249, #1250, #1254, #1255, #1256, #1260, #1261, #1262, #1266, #1267, #1268, #1272, #1273, #1274, #1278, #1279, #1280, #1284, #1285, #1286, #1290, #1291, #1292, #1296, #1297, #1298, #1302, #1303, #1304, #1308, #1309, #1310, #1314, #1315, #1316, #1320, #1321, #1322, #1326, #1327, #1328, #1332, #1333, #1334, #1339, #1340, #1341, #1342)),.UNSPECIFIED.,.F.,.F.,.F.,(2,2),(4,3,3,3,3,3,3,3,3,3,3,3,3,3,3,3,3,3,3,3,3,3,3,3,3,3,3,3,3,4),(0.,1.),(0.,1.,2.,3.,4.,5.,6.,7.,8.,9.,10.,11.,12.,13.,14.,15.,16.,17.,18.,19.,20.,21.,22.,23.,24.,25.,26.,27.,28.,29.),.PIECEWISE_BEZIER_KNOTS.);
#1167=CARTESIAN_POINT('',(0.6,0.16,0.));
#1168=CARTESIAN_POINT('',(0.594981343039449,0.16,-0.000352083655278773));
#1169=CARTESIAN_POINT('',(0.589961099255399,0.16,-0.000681463193964667));
#1170=CARTESIAN_POINT('',(0.6,0.16,0.));
#1171=CARTESIAN_POINT('',(0.59498134303945,0.16,-2.75929452897561E-17));
#1172=CARTESIAN_POINT('',(0.589961099255399,0.16,1.0842021724855E-18));
#1173=CARTESIAN_POINT('',(0.584939630321376,0.16,-0.000990873550382355));
#1174=CARTESIAN_POINT('',(0.579918161387353,0.16,-0.00130028390680004));
#1175=CARTESIAN_POINT('',(0.574895462451917,0.16,-0.0015897460316459));
#1176=CARTESIAN_POINT('',(0.584939630321376,0.16,6.50521303491303E-19));
#1177=CARTESIAN_POINT('',(0.579918161387353,0.16,-1.0842021724855E-19));
#1178=CARTESIAN_POINT('',(0.574895462451917,0.16,6.50521303491303E-19));
#1179=CARTESIAN_POINT('',(0.56987165063954,0.16,-0.00185845572515393));
#1180=CARTESIAN_POINT('',(0.564847838827164,0.16,-0.00212716541866197));
#1181=CARTESIAN_POINT('',(0.559822907069025,0.16,-0.00237515010951518));
#1182=CARTESIAN_POINT('',(0.56987165063954,0.16,1.19262238973405E-18));
#1183=CARTESIAN_POINT('',(0.564847838827164,0.16,1.95156391047391E-18));
#1184=CARTESIAN_POINT('',(0.559822907069025,0.16,2.60208521396521E-18));
#1185=CARTESIAN_POINT('',(0.554796828472497,0.16,-0.00259745297798923));
#1186=CARTESIAN_POINT('',(0.54977074987597,0.16,-0.00281975584646328));
#1187=CARTESIAN_POINT('',(0.544743511743605,0.16,-0.00301643674027486));
#1188=CARTESIAN_POINT('',(0.554796828472497,0.16,8.67361737988404E-19));
#1189=CARTESIAN_POINT('',(0.54977074987597,0.16,-8.67361737988404E-19));
#1190=CARTESIAN_POINT('',(0.544743511743605,0.16,8.67361737988404E-19));
#1191=CARTESIAN_POINT('',(0.539715095309244,0.16,-0.00317763131846864));
#1192=CARTESIAN_POINT('',(0.537200887092063,0.16,-0.00325822860756552));
#1193=CARTESIAN_POINT('',(0.534686388136388,0.16,-0.00332961892509366));
#1194=CARTESIAN_POINT('',(0.539715095309244,0.16,-2.16840434497101E-19));
#1195=CARTESIAN_POINT('',(0.537200887092063,0.16,-8.67361737988404E-19));
#1196=CARTESIAN_POINT('',(0.534686388136388,0.16,1.30104260698261E-18));
#1197=CARTESIAN_POINT('',(0.532171617646684,0.16,-0.0033902395546127));
#1198=CARTESIAN_POINT('',(0.529656847156979,0.16,-0.00345086018413173));
#1199=CARTESIAN_POINT('',(0.527141808601067,0.16,-0.00350035843290155));
#1200=CARTESIAN_POINT('',(0.532171617646684,0.16,0.));
#1201=CARTESIAN_POINT('',(0.529656847156979,0.16,-1.30104260698261E-18));
#1202=CARTESIAN_POINT('',(0.527141808601067,0.16,-4.33680868994202E-19));
#1203=CARTESIAN_POINT('',(0.524626567167855,0.16,-0.00353636477707973));
#1204=CARTESIAN_POINT('',(0.522111325734643,0.16,-0.00357237112125791));
#1205=CARTESIAN_POINT('',(0.519595876105545,0.16,-0.00359482873170199));
#1206=CARTESIAN_POINT('',(0.524626567167855,0.16,2.16840434497101E-19));
#1207=CARTESIAN_POINT('',(0.522111325734643,0.16,8.67361737988404E-19));
#1208=CARTESIAN_POINT('',(0.519595876105545,0.16,-4.33680868994202E-19));
#1209=CARTESIAN_POINT('',(0.517080387512728,0.16,-0.00359987981040811));
#1210=CARTESIAN_POINT('',(0.514564898919912,0.16,-0.00360493088911424));
#1211=CARTESIAN_POINT('',(0.512049340882689,0.16,-0.0035930453336546));
#1212=CARTESIAN_POINT('',(0.517080387512728,0.16,-4.33680868994202E-19));
#1213=CARTESIAN_POINT('',(0.514564898919912,0.16,-4.33680868994202E-19));
#1214=CARTESIAN_POINT('',(0.512049340882689,0.16,-2.16840434497101E-19));
#1215=CARTESIAN_POINT('',(0.509534077989019,0.16,-0.00355837213446033));
#1216=CARTESIAN_POINT('',(0.508276446542185,0.16,-0.00354103553486319));
#1217=CARTESIAN_POINT('',(0.507018899554996,0.16,-0.00351788065861526));
#1218=CARTESIAN_POINT('',(0.509534077989019,0.16,0.));
#1219=CARTESIAN_POINT('',(0.508276446542185,0.16,2.16840434497101E-19));
#1220=CARTESIAN_POINT('',(0.507018899554996,0.16,6.50521303491303E-19));
#1221=CARTESIAN_POINT('',(0.505761500090508,0.16,-0.00348811385326014));
#1222=CARTESIAN_POINT('',(0.504504100626019,0.16,-0.00345834704790503));
#1223=CARTESIAN_POINT('',(0.503246846790215,0.16,-0.00342197320469247));
#1224=CARTESIAN_POINT('',(0.505761500090508,0.16,4.33680868994202E-19));
#1225=CARTESIAN_POINT('',(0.504504100626019,0.16,2.16840434497101E-19));
#1226=CARTESIAN_POINT('',(0.503246846790215,0.16,-4.33680868994202E-19));
#1227=CARTESIAN_POINT('',(0.501989893148104,0.16,-0.00337733943211255));
#1228=CARTESIAN_POINT('',(0.500732939505992,0.16,-0.00333270565953264));
#1229=CARTESIAN_POINT('',(0.499476247264299,0.16,-0.00328016611407576));
#1230=CARTESIAN_POINT('',(0.501989893148104,0.16,-2.16840434497101E-19));
#1231=CARTESIAN_POINT('',(0.500732939505992,0.16,-2.16840434497101E-19));
#1232=CARTESIAN_POINT('',(0.499476247264299,0.16,-2.16840434497101E-19));
#1233=CARTESIAN_POINT('',(0.498220059482857,0.16,-0.00321748394408874));
#1234=CARTESIAN_POINT('',(0.497591965592136,0.16,-0.00318614285909522));
#1235=CARTESIAN_POINT('',(0.496963992918419,0.16,-0.00315229807392362));
#1236=CARTESIAN_POINT('',(0.498220059482857,0.16,0.));
#1237=CARTESIAN_POINT('',(0.497591965592136,0.16,4.33680868994202E-19));
#1238=CARTESIAN_POINT('',(0.496963992918419,0.16,2.16840434497101E-19));
#1239=CARTESIAN_POINT('',(0.49633619548289,0.16,-0.00311552176668858));
#1240=CARTESIAN_POINT('',(0.495708398047361,0.16,-0.00307874545945355));
#1241=CARTESIAN_POINT('',(0.495080751040293,0.16,-0.00303921406260826));
#1242=CARTESIAN_POINT('',(0.49633619548289,0.16,0.));
#1243=CARTESIAN_POINT('',(0.495708398047361,0.16,-2.16840434497101E-19));
#1244=CARTESIAN_POINT('',(0.495080751040293,0.16,6.50521303491303E-19));
#1245=CARTESIAN_POINT('',(0.494453358114684,0.16,-0.00299614896745779));
#1246=CARTESIAN_POINT('',(0.493198572263467,0.16,-0.00291001877715683));
#1247=CARTESIAN_POINT('',(0.491944572390294,0.16,-0.00281130937388052));
#1248=CARTESIAN_POINT('',(0.494453358114684,0.16,2.16840434497101E-19));
#1249=CARTESIAN_POINT('',(0.493198572263467,0.16,-6.50521303491303E-19));
#1250=CARTESIAN_POINT('',(0.491944572390294,0.16,-1.0842021724855E-18));
#1251=CARTESIAN_POINT('',(0.490692384545639,0.16,-0.00269317983422587));
#1252=CARTESIAN_POINT('',(0.490066290623311,0.16,-0.00263411506439854));
#1253=CARTESIAN_POINT('',(0.489440646689104,0.16,-0.00257021939673692));
#1254=CARTESIAN_POINT('',(0.490692384545639,0.16,2.16840434497101E-19));
#1255=CARTESIAN_POINT('',(0.490066290623311,0.16,1.0842021724855E-18));
#1256=CARTESIAN_POINT('',(0.489440646689104,0.16,2.16840434497101E-19));
#1257=CARTESIAN_POINT('',(0.488815667656035,0.16,-0.00250026946097496));
#1258=CARTESIAN_POINT('',(0.488190688622965,0.16,-0.002430319525213));
#1259=CARTESIAN_POINT('',(0.487566409520153,0.16,-0.00235409381057317));
#1260=CARTESIAN_POINT('',(0.488815667656035,0.16,-4.33680868994202E-19));
#1261=CARTESIAN_POINT('',(0.488190688622965,0.16,-1.30104260698261E-18));
#1262=CARTESIAN_POINT('',(0.487566409520153,0.16,-4.33680868994202E-19));
#1263=CARTESIAN_POINT('',(0.486943230734811,0.16,-0.00226961326933103));
#1264=CARTESIAN_POINT('',(0.486320051949468,0.16,-0.00218513272808889));
#1265=CARTESIAN_POINT('',(0.485697997746533,0.16,-0.00209221865005287));
#1266=CARTESIAN_POINT('',(0.486943230734811,0.16,6.50521303491303E-19));
#1267=CARTESIAN_POINT('',(0.486320051949468,0.16,2.38524477946811E-18));
#1268=CARTESIAN_POINT('',(0.485697997746533,0.16,-5.42101086242752E-18));
#1269=CARTESIAN_POINT('',(0.485077971579708,0.16,-0.00198701721305092));
#1270=CARTESIAN_POINT('',(0.484767958496295,0.16,-0.00193441649454995));
#1271=CARTESIAN_POINT('',(0.484458508817108,0.16,-0.00187852977563418));
#1272=CARTESIAN_POINT('',(0.485077971579708,0.16,1.0842021724855E-18));
#1273=CARTESIAN_POINT('',(0.484767958496295,0.16,3.79470760369927E-18));
#1274=CARTESIAN_POINT('',(0.484458508817108,0.16,-7.80625564189563E-18));
#1275=CARTESIAN_POINT('',(0.484149845162696,0.16,-0.00181853642504424));
#1276=CARTESIAN_POINT('',(0.483841181508283,0.16,-0.0017585430744543));
#1277=CARTESIAN_POINT('',(0.483533318317873,0.16,-0.00169439476066853));
#1278=CARTESIAN_POINT('',(0.484149845162696,0.16,-2.16840434497101E-18));
#1279=CARTESIAN_POINT('',(0.483841181508283,0.16,4.33680868994202E-18));
#1280=CARTESIAN_POINT('',(0.483533318317873,0.16,-2.71050543121376E-18));
#1281=CARTESIAN_POINT('',(0.483226731336765,0.16,-0.00162453400584377));
#1282=CARTESIAN_POINT('',(0.482920144355657,0.16,-0.00155467325101901));
#1283=CARTESIAN_POINT('',(0.482614819340771,0.16,-0.00147910010812931));
#1284=CARTESIAN_POINT('',(0.483226731336765,0.16,-4.33680868994202E-19));
#1285=CARTESIAN_POINT('',(0.482920144355657,0.16,1.40946282423116E-18));
#1286=CARTESIAN_POINT('',(0.482614819340771,0.16,-5.52943107967607E-18));
#1287=CARTESIAN_POINT('',(0.482311967769028,0.16,-0.0013945442276941));
#1288=CARTESIAN_POINT('',(0.482160541983156,0.16,-0.0013522662874765));
#1289=CARTESIAN_POINT('',(0.482009686402214,0.16,-0.00130785753474151));
#1290=CARTESIAN_POINT('',(0.482311967769028,0.16,-1.0842021724855E-18));
#1291=CARTESIAN_POINT('',(0.482160541983156,0.16,0.));
#1292=CARTESIAN_POINT('',(0.482009686402214,0.16,1.19262238973405E-18));
#1293=CARTESIAN_POINT('',(0.481859817486333,0.16,-0.00126035681201409));
#1294=CARTESIAN_POINT('',(0.481709948570452,0.16,-0.00121285608928667));
#1295=CARTESIAN_POINT('',(0.481560955237843,0.16,-0.0011624863488676));
#1296=CARTESIAN_POINT('',(0.481859817486333,0.16,-1.51788304147971E-18));
#1297=CARTESIAN_POINT('',(0.481709948570452,0.16,-2.16840434497101E-18));
#1298=CARTESIAN_POINT('',(0.481560955237843,0.16,-6.93889390390723E-18));
#1299=CARTESIAN_POINT('',(0.481413539771823,0.16,-0.00110784728654658));
#1300=CARTESIAN_POINT('',(0.481266124305804,0.16,-0.00105320822422557));
#1301=CARTESIAN_POINT('',(0.481120074529736,0.16,-0.000994637602652885));
#1302=CARTESIAN_POINT('',(0.481413539771823,0.16,-6.83047368665868E-18));
#1303=CARTESIAN_POINT('',(0.481266124305804,0.16,-6.72205346941013E-18));
#1304=CARTESIAN_POINT('',(0.481120074529736,0.16,-5.52943107967607E-18));
#1305=CARTESIAN_POINT('',(0.480977004062892,0.16,-0.000929486864397173));
#1306=CARTESIAN_POINT('',(0.480833933596049,0.16,-0.000864336126141462));
#1307=CARTESIAN_POINT('',(0.480693345608908,0.16,-0.000793177200707969));
#1308=CARTESIAN_POINT('',(0.480977004062892,0.16,-1.11130722679764E-17));
#1309=CARTESIAN_POINT('',(0.480833933596049,0.16,-1.76182853028894E-17));
#1310=CARTESIAN_POINT('',(0.480693345608908,0.16,-2.71050543121376E-19));
#1311=CARTESIAN_POINT('',(0.48055942508424,0.16,-0.000710813410785877));
#1312=CARTESIAN_POINT('',(0.480492464821906,0.16,-0.000669631515824831));
#1313=CARTESIAN_POINT('',(0.48042714271467,0.16,-0.000625669599806337));
#1314=CARTESIAN_POINT('',(0.48055942508424,0.16,3.74049749507499E-18));
#1315=CARTESIAN_POINT('',(0.480492464821906,0.16,5.74627151417317E-18));
#1316=CARTESIAN_POINT('',(0.48042714271467,0.16,-3.46944695195361E-18));
#1317=CARTESIAN_POINT('',(0.480364914512348,0.16,-0.000577642057053185));
#1318=CARTESIAN_POINT('',(0.480302686310026,0.16,-0.000529614514300029));
#1319=CARTESIAN_POINT('',(0.480243290440178,0.16,-0.000477627399408626));
#1320=CARTESIAN_POINT('',(0.480364914512348,0.16,4.77048955893622E-18));
#1321=CARTESIAN_POINT('',(0.480302686310026,0.16,1.43656787854329E-17));
#1322=CARTESIAN_POINT('',(0.480243290440178,0.16,1.42301535138722E-17));
#1323=CARTESIAN_POINT('',(0.480190037436992,0.16,-0.000419814529047477));
#1324=CARTESIAN_POINT('',(0.480136784433806,0.16,-0.000362001658686328));
#1325=CARTESIAN_POINT('',(0.480089372309502,0.16,-0.000298219931067011));
#1326=CARTESIAN_POINT('',(0.480190037436992,0.16,4.49943901581484E-18));
#1327=CARTESIAN_POINT('',(0.480136784433806,0.16,-8.53809210832335E-18));
#1328=CARTESIAN_POINT('',(0.480089372309502,0.16,2.00577401909818E-17));
#1329=CARTESIAN_POINT('',(0.480054898611975,0.16,-0.000227527008179517));
#1330=CARTESIAN_POINT('',(0.480037661763212,0.16,-0.000192180546735772));
#1331=CARTESIAN_POINT('',(0.480023757394695,0.16,-0.000155098496810675));
#1332=CARTESIAN_POINT('',(0.480054898611975,0.16,-4.56720165159519E-18));
#1333=CARTESIAN_POINT('',(0.480037661763212,0.16,-1.78893358460108E-17));
#1334=CARTESIAN_POINT('',(0.480023757394695,0.16,3.1712913545201E-18));
#1335=CARTESIAN_POINT('',(0.480014365820962,0.16,-0.000116974729478282));
#1336=CARTESIAN_POINT('',(0.480004974247228,0.16,-7.88509621458883E-05));
#1337=CARTESIAN_POINT('',(0.48,0.16,-3.90443898792554E-05));
#1338=CARTESIAN_POINT('',(0.48,0.16,0.));
#1339=CARTESIAN_POINT('',(0.480014365820962,0.16,2.77826806699411E-19));
#1340=CARTESIAN_POINT('',(0.480004974247228,0.16,1.75505226671091E-18));
#1341=CARTESIAN_POINT('',(0.48,0.16,-2.22261445359528E-18));
#1342=CARTESIAN_POINT('',(0.48,0.16,0.));
#1343=B_SPLINE_SURFACE_WITH_KNOTS('Surf_STPRMHUXVG, Fin_Right, 0, 16, upper',1,3,((#1344, #1345, #1346, #1350, #1351, #1352, #1356, #1357, #1358, #1362, #1363, #1364, #1368, #1369, #1370, #1374, #1375, #1376, #1380, #1381, #1382, #1386, #1387, #1388, #1392, #1393, #1394, #1398, #1399, #1400, #1404, #1405, #1406, #1410, #1411, #1412, #1416, #1417, #1418, #1422, #1423, #1424, #1428, #1429, #1430, #1434, #1435, #1436, #1440, #1441, #1442, #1446, #1447, #1448, #1452, #1453, #1454, #1458, #1459, #1460, #1464, #1465, #1466, #1470, #1471, #1472, #1476, #1477, #1478, #1482, #1483, #1484, #1488, #1489, #1490, #1494, #1495, #1496, #1500, #1501, #1502, #1506, #1507, #1508, #1512, #1513, #1514, #1515),(#1347, #1348, #1349, #1353, #1354, #1355, #1359, #1360, #1361, #1365, #1366, #1367, #1371, #1372, #1373, #1377, #1378, #1379, #1383, #1384, #1385, #1389, #1390, #1391, #1395, #1396, #1397, #1401, #1402, #1403, #1407, #1408, #1409, #1413, #1414, #1415, #1419, #1420, #1421, #1425, #1426, #1427, #1431, #1432, #1433, #1437, #1438, #1439, #1443, #1444, #1445, #1449, #1450, #1451, #1455, #1456, #1457, #1461, #1462, #1463, #1467, #1468, #1469, #1473, #1474, #1475, #1479, #1480, #1481, #1485, #1486, #1487, #1491, #1492, #1493, #1497, #1498, #1499, #1503, #1504, #1505, #1509, #1510, #1511, #1516, #1517, #1518, #1519)),.UNSPECIFIED.,.F.,.F.,.F.,(2,2),(4,3,3,3,3,3,3,3,3,3,3,3,3,3,3,3,3,3,3,3,3,3,3,3,3,3,3,3,3,4),(0.,1.),(0.,1.,2.,3.,4.,5.,6.,7.,8.,9.,10.,11.,12.,13.,14.,15.,16.,17.,18.,19.,20.,21.,22.,23.,24.,25.,26.,27.,28.,29.),.PIECEWISE_BEZIER_KNOTS.);
#1344=CARTESIAN_POINT('',(0.48,0.16,0.));
#1345=CARTESIAN_POINT('',(0.48,0.16,3.9044389879251E-05));
#1346=CARTESIAN_POINT('',(0.480004974247228,0.16,7.88509621458918E-05));
#1347=CARTESIAN_POINT('',(0.48,0.16,0.));
#1348=CARTESIAN_POINT('',(0.48,0.16,-2.22261445359528E-18));
#1349=CARTESIAN_POINT('',(0.480004974247228,0.16,1.75505226671091E-18));
#1350=CARTESIAN_POINT('',(0.480014365820962,0.16,0.000116974729478282));
#1351=CARTESIAN_POINT('',(0.480023757394695,0.16,0.000155098496810682));
#1352=CARTESIAN_POINT('',(0.480037661763212,0.16,0.000192180546735737));
#1353=CARTESIAN_POINT('',(0.480014365820962,0.16,2.77826806699411E-19));
#1354=CARTESIAN_POINT('',(0.480023757394695,0.16,3.1712913545201E-18));
#1355=CARTESIAN_POINT('',(0.480037661763212,0.16,-1.78893358460108E-17));
#1356=CARTESIAN_POINT('',(0.480054898611975,0.16,0.000227527008179508));
#1357=CARTESIAN_POINT('',(0.480089372309502,0.16,0.000298219931067051));
#1358=CARTESIAN_POINT('',(0.480136784433806,0.16,0.000362001658686311));
#1359=CARTESIAN_POINT('',(0.480054898611975,0.16,-4.56720165159519E-18));
#1360=CARTESIAN_POINT('',(0.480089372309502,0.16,2.00577401909818E-17));
#1361=CARTESIAN_POINT('',(0.480136784433806,0.16,-8.53809210832335E-18));
#1362=CARTESIAN_POINT('',(0.480190037436992,0.16,0.000419814529047486));
#1363=CARTESIAN_POINT('',(0.480243290440178,0.16,0.000477627399408654));
#1364=CARTESIAN_POINT('',(0.480302686310026,0.16,0.000529614514300058));
#1365=CARTESIAN_POINT('',(0.480190037436992,0.16,4.49943901581484E-18));
#1366=CARTESIAN_POINT('',(0.480243290440178,0.16,1.42301535138722E-17));
#1367=CARTESIAN_POINT('',(0.480302686310026,0.16,1.43656787854329E-17));
#1368=CARTESIAN_POINT('',(0.480364914512348,0.16,0.000577642057053194));
#1369=CARTESIAN_POINT('',(0.48042714271467,0.16,0.000625669599806331));
#1370=CARTESIAN_POINT('',(0.480492464821906,0.16,0.000669631515824842));
#1371=CARTESIAN_POINT('',(0.480364914512348,0.16,4.77048955893622E-18));
#1372=CARTESIAN_POINT('',(0.48042714271467,0.16,-3.46944695195361E-18));
#1373=CARTESIAN_POINT('',(0.480492464821906,0.16,5.74627151417317E-18));
#1374=CARTESIAN_POINT('',(0.48055942508424,0.16,0.000710813410785884));
#1375=CARTESIAN_POINT('',(0.480693345608908,0.16,0.000793177200707969));
#1376=CARTESIAN_POINT('',(0.480833933596049,0.16,0.000864336126141427));
#1377=CARTESIAN_POINT('',(0.48055942508424,0.16,3.74049749507499E-18));
#1378=CARTESIAN_POINT('',(0.480693345608908,0.16,-2.71050543121376E-19));
#1379=CARTESIAN_POINT('',(0.480833933596049,0.16,-1.76182853028894E-17));
#1380=CARTESIAN_POINT('',(0.480977004062892,0.16,0.00092948686439715));
#1381=CARTESIAN_POINT('',(0.481120074529736,0.16,0.000994637602652874));
#1382=CARTESIAN_POINT('',(0.481266124305804,0.16,0.00105320822422555));
#1383=CARTESIAN_POINT('',(0.480977004062892,0.16,-1.11130722679764E-17));
#1384=CARTESIAN_POINT('',(0.481120074529736,0.16,-5.52943107967607E-18));
#1385=CARTESIAN_POINT('',(0.481266124305804,0.16,-6.72205346941013E-18));
#1386=CARTESIAN_POINT('',(0.481413539771823,0.16,0.00110784728654657));
#1387=CARTESIAN_POINT('',(0.481560955237843,0.16,0.00116248634886759));
#1388=CARTESIAN_POINT('',(0.481709948570452,0.16,0.00121285608928667));
#1389=CARTESIAN_POINT('',(0.481413539771823,0.16,-6.83047368665868E-18));
#1390=CARTESIAN_POINT('',(0.481560955237843,0.16,-6.93889390390723E-18));
#1391=CARTESIAN_POINT('',(0.481709948570452,0.16,-2.16840434497101E-18));
#1392=CARTESIAN_POINT('',(0.481859817486333,0.16,0.00126035681201409));
#1393=CARTESIAN_POINT('',(0.482009686402214,0.16,0.00130785753474152));
#1394=CARTESIAN_POINT('',(0.482160541983156,0.16,0.0013522662874765));
#1395=CARTESIAN_POINT('',(0.481859817486333,0.16,-1.51788304147971E-18));
#1396=CARTESIAN_POINT('',(0.482009686402214,0.16,1.19262238973405E-18));
#1397=CARTESIAN_POINT('',(0.482160541983156,0.16,0.));
#1398=CARTESIAN_POINT('',(0.482311967769028,0.16,0.0013945442276941));
#1399=CARTESIAN_POINT('',(0.482614819340771,0.16,0.0014791001081293));
#1400=CARTESIAN_POINT('',(0.482920144355657,0.16,0.00155467325101901));
#1401=CARTESIAN_POINT('',(0.482311967769028,0.16,-1.0842021724855E-18));
#1402=CARTESIAN_POINT('',(0.482614819340771,0.16,-5.52943107967607E-18));
#1403=CARTESIAN_POINT('',(0.482920144355657,0.16,1.40946282423116E-18));
#1404=CARTESIAN_POINT('',(0.483226731336765,0.16,0.00162453400584377));
#1405=CARTESIAN_POINT('',(0.483533318317873,0.16,0.00169439476066853));
#1406=CARTESIAN_POINT('',(0.483841181508284,0.16,0.00175854307445431));
#1407=CARTESIAN_POINT('',(0.483226731336765,0.16,-4.33680868994202E-19));
#1408=CARTESIAN_POINT('',(0.483533318317873,0.16,-2.71050543121376E-18));
#1409=CARTESIAN_POINT('',(0.483841181508283,0.16,4.33680868994202E-18));
#1410=CARTESIAN_POINT('',(0.484149845162696,0.16,0.00181853642504423));
#1411=CARTESIAN_POINT('',(0.484458508817108,0.16,0.00187852977563416));
#1412=CARTESIAN_POINT('',(0.484767958496295,0.16,0.00193441649454995));
#1413=CARTESIAN_POINT('',(0.484149845162696,0.16,-2.16840434497101E-18));
#1414=CARTESIAN_POINT('',(0.484458508817108,0.16,-7.80625564189563E-18));
#1415=CARTESIAN_POINT('',(0.484767958496295,0.16,3.79470760369927E-18));
#1416=CARTESIAN_POINT('',(0.485077971579708,0.16,0.00198701721305092));
#1417=CARTESIAN_POINT('',(0.485697997746533,0.16,0.00209221865005286));
#1418=CARTESIAN_POINT('',(0.486320051949468,0.16,0.0021851327280889));
#1419=CARTESIAN_POINT('',(0.485077971579708,0.16,1.0842021724855E-18));
#1420=CARTESIAN_POINT('',(0.485697997746533,0.16,-5.42101086242752E-18));
#1421=CARTESIAN_POINT('',(0.486320051949468,0.16,2.38524477946811E-18));
#1422=CARTESIAN_POINT('',(0.486943230734811,0.16,0.00226961326933104));
#1423=CARTESIAN_POINT('',(0.487566409520153,0.16,0.00235409381057317));
#1424=CARTESIAN_POINT('',(0.488190688622965,0.16,0.00243031952521299));
#1425=CARTESIAN_POINT('',(0.486943230734811,0.16,6.50521303491303E-19));
#1426=CARTESIAN_POINT('',(0.487566409520153,0.16,-4.33680868994202E-19));
#1427=CARTESIAN_POINT('',(0.488190688622965,0.16,-1.30104260698261E-18));
#1428=CARTESIAN_POINT('',(0.488815667656035,0.16,0.00250026946097496));
#1429=CARTESIAN_POINT('',(0.489440646689104,0.16,0.00257021939673692));
#1430=CARTESIAN_POINT('',(0.490066290623311,0.16,0.00263411506439855));
#1431=CARTESIAN_POINT('',(0.488815667656035,0.16,-4.33680868994202E-19));
#1432=CARTESIAN_POINT('',(0.489440646689104,0.16,2.16840434497101E-19));
#1433=CARTESIAN_POINT('',(0.490066290623311,0.16,1.0842021724855E-18));
#1434=CARTESIAN_POINT('',(0.490692384545639,0.16,0.00269317983422587));
#1435=CARTESIAN_POINT('',(0.491944572390294,0.16,0.00281130937388052));
#1436=CARTESIAN_POINT('',(0.493198572263467,0.16,0.00291001877715683));
#1437=CARTESIAN_POINT('',(0.490692384545639,0.16,2.16840434497101E-19));
#1438=CARTESIAN_POINT('',(0.491944572390294,0.16,-1.0842021724855E-18));
#1439=CARTESIAN_POINT('',(0.493198572263467,0.16,-6.50521303491303E-19));
#1440=CARTESIAN_POINT('',(0.494453358114684,0.16,0.00299614896745779));
#1441=CARTESIAN_POINT('',(0.495080751040293,0.16,0.00303921406260827));
#1442=CARTESIAN_POINT('',(0.495708398047361,0.16,0.00307874545945355));
#1443=CARTESIAN_POINT('',(0.494453358114684,0.16,2.16840434497101E-19));
#1444=CARTESIAN_POINT('',(0.495080751040293,0.16,6.50521303491303E-19));
#1445=CARTESIAN_POINT('',(0.495708398047361,0.16,-2.16840434497101E-19));
#1446=CARTESIAN_POINT('',(0.49633619548289,0.16,0.00311552176668858));
#1447=CARTESIAN_POINT('',(0.496963992918419,0.16,0.00315229807392362));
#1448=CARTESIAN_POINT('',(0.497591965592136,0.16,0.00318614285909523));
#1449=CARTESIAN_POINT('',(0.49633619548289,0.16,0.));
#1450=CARTESIAN_POINT('',(0.496963992918419,0.16,2.16840434497101E-19));
#1451=CARTESIAN_POINT('',(0.497591965592136,0.16,4.33680868994202E-19));
#1452=CARTESIAN_POINT('',(0.498220059482857,0.16,0.00321748394408874));
#1453=CARTESIAN_POINT('',(0.499476247264299,0.16,0.00328016611407576));
#1454=CARTESIAN_POINT('',(0.500732939505992,0.16,0.00333270565953264));
#1455=CARTESIAN_POINT('',(0.498220059482857,0.16,0.));
#1456=CARTESIAN_POINT('',(0.499476247264299,0.16,-2.16840434497101E-19));
#1457=CARTESIAN_POINT('',(0.500732939505992,0.16,-2.16840434497101E-19));
#1458=CARTESIAN_POINT('',(0.501989893148104,0.16,0.00337733943211255));
#1459=CARTESIAN_POINT('',(0.503246846790215,0.16,0.00342197320469247));
#1460=CARTESIAN_POINT('',(0.504504100626019,0.16,0.00345834704790503));
#1461=CARTESIAN_POINT('',(0.501989893148104,0.16,-2.16840434497101E-19));
#1462=CARTESIAN_POINT('',(0.503246846790215,0.16,-4.33680868994202E-19));
#1463=CARTESIAN_POINT('',(0.504504100626019,0.16,2.16840434497101E-19));
#1464=CARTESIAN_POINT('',(0.505761500090508,0.16,0.00348811385326014));
#1465=CARTESIAN_POINT('',(0.507018899554996,0.16,0.00351788065861526));
#1466=CARTESIAN_POINT('',(0.508276446542185,0.16,0.00354103553486319));
#1467=CARTESIAN_POINT('',(0.505761500090508,0.16,4.33680868994202E-19));
#1468=CARTESIAN_POINT('',(0.507018899554996,0.16,6.50521303491303E-19));
#1469=CARTESIAN_POINT('',(0.508276446542185,0.16,2.16840434497101E-19));
#1470=CARTESIAN_POINT('',(0.509534077989019,0.16,0.00355837213446033));
#1471=CARTESIAN_POINT('',(0.512049340882689,0.16,0.0035930453336546));
#1472=CARTESIAN_POINT('',(0.514564898919912,0.16,0.00360493088911424));
#1473=CARTESIAN_POINT('',(0.509534077989019,0.16,0.));
#1474=CARTESIAN_POINT('',(0.512049340882689,0.16,-2.16840434497101E-19));
#1475=CARTESIAN_POINT('',(0.514564898919912,0.16,-4.33680868994202E-19));
#1476=CARTESIAN_POINT('',(0.517080387512728,0.16,0.00359987981040811));
#1477=CARTESIAN_POINT('',(0.519595876105545,0.16,0.00359482873170199));
#1478=CARTESIAN_POINT('',(0.522111325734643,0.16,0.00357237112125791));
#1479=CARTESIAN_POINT('',(0.517080387512728,0.16,-4.33680868994202E-19));
#1480=CARTESIAN_POINT('',(0.519595876105545,0.16,-4.33680868994202E-19));
#1481=CARTESIAN_POINT('',(0.522111325734643,0.16,8.67361737988404E-19));
#1482=CARTESIAN_POINT('',(0.524626567167855,0.16,0.00353636477707973));
#1483=CARTESIAN_POINT('',(0.527141808601067,0.16,0.00350035843290155));
#1484=CARTESIAN_POINT('',(0.529656847156979,0.16,0.00345086018413173));
#1485=CARTESIAN_POINT('',(0.524626567167855,0.16,2.16840434497101E-19));
#1486=CARTESIAN_POINT('',(0.527141808601067,0.16,-4.33680868994202E-19));
#1487=CARTESIAN_POINT('',(0.529656847156979,0.16,-1.30104260698261E-18));
#1488=CARTESIAN_POINT('',(0.532171617646684,0.16,0.0033902395546127));
#1489=CARTESIAN_POINT('',(0.534686388136388,0.16,0.00332961892509366));
#1490=CARTESIAN_POINT('',(0.537200887092063,0.16,0.00325822860756552));
#1491=CARTESIAN_POINT('',(0.532171617646684,0.16,0.));
#1492=CARTESIAN_POINT('',(0.534686388136388,0.16,1.30104260698261E-18));
#1493=CARTESIAN_POINT('',(0.537200887092063,0.16,-8.67361737988404E-19));
#1494=CARTESIAN_POINT('',(0.539715095309244,0.16,0.00317763131846864));
#1495=CARTESIAN_POINT('',(0.544743511743605,0.16,0.00301643674027487));
#1496=CARTESIAN_POINT('',(0.54977074987597,0.16,0.00281975584646328));
#1497=CARTESIAN_POINT('',(0.539715095309244,0.16,-2.16840434497101E-19));
#1498=CARTESIAN_POINT('',(0.544743511743605,0.16,8.67361737988404E-19));
#1499=CARTESIAN_POINT('',(0.54977074987597,0.16,-8.67361737988404E-19));
#1500=CARTESIAN_POINT('',(0.554796828472497,0.16,0.00259745297798923));
#1501=CARTESIAN_POINT('',(0.559822907069025,0.16,0.00237515010951519));
#1502=CARTESIAN_POINT('',(0.564847838827164,0.16,0.00212716541866197));
#1503=CARTESIAN_POINT('',(0.554796828472497,0.16,8.67361737988404E-19));
#1504=CARTESIAN_POINT('',(0.559822907069025,0.16,2.60208521396521E-18));
#1505=CARTESIAN_POINT('',(0.564847838827164,0.16,1.95156391047391E-18));
#1506=CARTESIAN_POINT('',(0.56987165063954,0.16,0.00185845572515393));
#1507=CARTESIAN_POINT('',(0.574895462451917,0.16,0.0015897460316459));
#1508=CARTESIAN_POINT('',(0.579918161387353,0.16,0.00130028390680004));
#1509=CARTESIAN_POINT('',(0.56987165063954,0.16,1.19262238973405E-18));
#1510=CARTESIAN_POINT('',(0.574895462451917,0.16,6.50521303491303E-19));
#1511=CARTESIAN_POINT('',(0.579918161387353,0.16,-1.0842021724855E-19));
#1512=CARTESIAN_POINT('',(0.584939630321376,0.16,0.000990873550382356));
#1513=CARTESIAN_POINT('',(0.589961099255399,0.16,0.000681463193964669));
#1514=CARTESIAN_POINT('',(0.59498134303945,0.16,0.000352083655278718));
#1515=CARTESIAN_POINT('',(0.6,0.16,0.));
#1516=CARTESIAN_POINT('',(0.584939630321376,0.16,6.50521303491303E-19));
#1517=CARTESIAN_POINT('',(0.589961099255399,0.16,1.0842021724855E-18));
#1518=CARTESIAN_POINT('',(0.59498134303945,0.16,-2.75929452897561E-17));
#1519=CARTESIAN_POINT('',(0.6,0.16,0.));
#1520=GEOMETRIC_SET('STPRMHUXVG, Fin_Right, 0',(#458,#635,#812,#989,#1166,#1343));
#1521=GEOMETRICALLY_BOUNDED_SURFACE_SHAPE_REPRESENTATION('',(#1520),#15);
#1522=SHAPE_REPRESENTATION_RELATIONSHIP('','',#29,#1521);
#1523=B_SPLINE_SURFACE_WITH_KNOTS('Surf_TFUHXUASES, Fin_Top, 0, 1, lower',1,3,((#1524, #1525, #1526, #1530, #1531, #1532, #1536, #1537, #1538, #1542, #1543, #1544, #1548, #1549, #1550, #1554, #1555, #1556, #1560, #1561, #1562, #1566, #1567, #1568, #1572, #1573, #1574, #1578, #1579, #1580, #1584, #1585, #1586, #1590, #1591, #1592, #1596, #1597, #1598, #1602, #1603, #1604, #1608, #1609, #1610, #1614, #1615, #1616, #1620, #1621, #1622, #1626, #1627, #1628, #1632, #1633, #1634, #1638, #1639, #1640, #1644, #1645, #1646, #1650, #1651, #1652, #1656, #1657, #1658, #1662, #1663, #1664, #1668, #1669, #1670, #1674, #1675, #1676, #1680, #1681, #1682, #1686, #1687, #1688, #1692, #1693, #1694, #1695),(#1527, #1528, #1529, #1533, #1534, #1535, #1539, #1540, #1541, #1545, #1546, #1547, #1551, #1552, #1553, #1557, #1558, #1559, #1563, #1564, #1565, #1569, #1570, #1571, #1575, #1576, #1577, #1581, #1582, #1583, #1587, #1588, #1589, #1593, #1594, #1595, #1599, #1600, #1601, #1605, #1606, #1607, #1611, #1612, #1613, #1617, #1618, #1619, #1623, #1624, #1625, #1629, #1630, #1631, #1635, #1636, #1637, #1641, #1642, #1643, #1647, #1648, #1649, #1653, #1654, #1655, #1659, #1660, #1661, #1665, #1666, #1667, #1671, #1672, #1673, #1677, #1678, #1679, #1683, #1684, #1685, #1689, #1690, #1691, #1696, #1697, #1698, #1699)),.UNSPECIFIED.,.F.,.F.,.F.,(2,2),(4,3,3,3,3,3,3,3,3,3,3,3,3,3,3,3,3,3,3,3,3,3,3,3,3,3,3,3,3,4),(0.,1.),(0.,1.,2.,3.,4.,5.,6.,7.,8.,9.,10.,11.,12.,13.,14.,15.,16.,17.,18.,19.,20.,21.,22.,23.,24.,25.,26.,27.,28.,29.),.PIECEWISE_BEZIER_KNOTS.);
#1524=CARTESIAN_POINT('',(0.6,0.,0.));
#1525=CARTESIAN_POINT('',(0.59498134303945,2.75929452897561E-17,-1.68958060640739E-33));
#1526=CARTESIAN_POINT('',(0.589961099255399,-1.0842021724855E-18,6.6388236008149E-35));
#1527=CARTESIAN_POINT('',(0.6,0.,0.));
#1528=CARTESIAN_POINT('',(0.594981343039449,0.000352083655278773,-2.15589060734625E-20));
#1529=CARTESIAN_POINT('',(0.589961099255399,0.000681463193964667,-4.17275859612781E-20));
#1530=CARTESIAN_POINT('',(0.584939630321376,-6.50521303491303E-19,3.98329416048894E-35));
#1531=CARTESIAN_POINT('',(0.579918161387353,1.0842021724855E-19,-6.6388236008149E-36));
#1532=CARTESIAN_POINT('',(0.574895462451917,-6.50521303491303E-19,3.98329416048894E-35));
#1533=CARTESIAN_POINT('',(0.584939630321376,0.000990873550382355,-6.06735060917762E-20));
#1534=CARTESIAN_POINT('',(0.579918161387353,0.00130028390680004,-7.96194262222744E-20));
#1535=CARTESIAN_POINT('',(0.574895462451917,0.0015897460316459,-9.73438694556178E-20));
#1536=CARTESIAN_POINT('',(0.56987165063954,-1.19262238973405E-18,7.30270596089639E-35));
#1537=CARTESIAN_POINT('',(0.564847838827164,-1.95156391047391E-18,1.19498824814668E-34));
#1538=CARTESIAN_POINT('',(0.559822907069025,-2.60208521396521E-18,1.59331766419558E-34));
#1539=CARTESIAN_POINT('',(0.56987165063954,0.00185845572515393,-1.13797592758342E-19));
#1540=CARTESIAN_POINT('',(0.564847838827164,0.00212716541866197,-1.30251316061066E-19));
#1541=CARTESIAN_POINT('',(0.559822907069025,0.00237515010951518,-1.45435998955613E-19));
#1542=CARTESIAN_POINT('',(0.554796828472497,-8.67361737988404E-19,5.31105888065192E-35));
#1543=CARTESIAN_POINT('',(0.54977074987597,8.67361737988404E-19,-5.31105888065192E-35));
#1544=CARTESIAN_POINT('',(0.544743511743605,-8.67361737988404E-19,5.31105888065192E-35));
#1545=CARTESIAN_POINT('',(0.554796828472497,0.00259745297798923,-1.59048123771514E-19));
#1546=CARTESIAN_POINT('',(0.54977074987597,0.00281975584646328,-1.72660248587415E-19));
#1547=CARTESIAN_POINT('',(0.544743511743605,0.00301643674027486,-1.84703479940404E-19));
#1548=CARTESIAN_POINT('',(0.539715095309244,2.16840434497101E-19,-1.32776472016298E-35));
#1549=CARTESIAN_POINT('',(0.537200887092063,8.67361737988404E-19,-5.31105888065192E-35));
#1550=CARTESIAN_POINT('',(0.534686388136388,-1.30104260698261E-18,7.96658832097788E-35));
#1551=CARTESIAN_POINT('',(0.539715095309244,0.00317763131846864,-1.9457380115165E-19));
#1552=CARTESIAN_POINT('',(0.537200887092063,0.00325822860756552,-1.99508961757273E-19));
#1553=CARTESIAN_POINT('',(0.534686388136388,0.00332961892509366,-2.0388035794982E-19));
#1554=CARTESIAN_POINT('',(0.532171617646684,0.,0.));
#1555=CARTESIAN_POINT('',(0.529656847156979,1.30104260698261E-18,-7.96658832097788E-35));
#1556=CARTESIAN_POINT('',(0.527141808601067,4.33680868994202E-19,-2.65552944032596E-35));
#1557=CARTESIAN_POINT('',(0.532171617646684,0.0033902395546127,-2.07592300944959E-19));
#1558=CARTESIAN_POINT('',(0.529656847156979,0.00345086018413173,-2.11304243940099E-19));
#1559=CARTESIAN_POINT('',(0.527141808601067,0.00350035843290155,-2.14335137536067E-19));
#1560=CARTESIAN_POINT('',(0.524626567167855,-2.16840434497101E-19,1.32776472016298E-35));
#1561=CARTESIAN_POINT('',(0.522111325734643,-8.67361737988404E-19,5.31105888065192E-35));
#1562=CARTESIAN_POINT('',(0.519595876105545,4.33680868994202E-19,-2.65552944032596E-35));
#1563=CARTESIAN_POINT('',(0.524626567167855,0.00353636477707973,-2.16539890243407E-19));
#1564=CARTESIAN_POINT('',(0.522111325734643,0.00357237112125791,-2.18744642950747E-19));
#1565=CARTESIAN_POINT('',(0.519595876105545,0.00359482873170199,-2.20119774988089E-19));
#1566=CARTESIAN_POINT('',(0.517080387512728,4.33680868994202E-19,-2.65552944032596E-35));
#1567=CARTESIAN_POINT('',(0.514564898919912,4.33680868994202E-19,-2.65552944032596E-35));
#1568=CARTESIAN_POINT('',(0.512049340882689,2.16840434497101E-19,-1.32776472016298E-35));
#1569=CARTESIAN_POINT('',(0.517080387512728,0.00359987981040811,-2.20429064356574E-19));
#1570=CARTESIAN_POINT('',(0.514564898919912,0.00360493088911424,-2.20738353725059E-19));
#1571=CARTESIAN_POINT('',(0.512049340882689,0.0035930453336546,-2.20010573352572E-19));
#1572=CARTESIAN_POINT('',(0.509534077989019,0.,0.));
#1573=CARTESIAN_POINT('',(0.508276446542185,-2.16840434497101E-19,1.32776472016298E-35));
#1574=CARTESIAN_POINT('',(0.507018899554996,-6.50521303491303E-19,3.98329416048894E-35));
#1575=CARTESIAN_POINT('',(0.509534077989019,0.00355837213446033,-2.17887452232099E-19));
#1576=CARTESIAN_POINT('',(0.508276446542185,0.00354103553486319,-2.16825891671862E-19));
#1577=CARTESIAN_POINT('',(0.507018899554996,0.00351788065861526,-2.15408064417778E-19));
#1578=CARTESIAN_POINT('',(0.505761500090508,-4.33680868994202E-19,2.65552944032596E-35));
#1579=CARTESIAN_POINT('',(0.504504100626019,-2.16840434497101E-19,1.32776472016298E-35));
#1580=CARTESIAN_POINT('',(0.503246846790215,4.33680868994202E-19,-2.65552944032596E-35));
#1581=CARTESIAN_POINT('',(0.505761500090508,0.00348811385326014,-2.13585373272829E-19));
#1582=CARTESIAN_POINT('',(0.504504100626019,0.00345834704790503,-2.11762682127879E-19));
#1583=CARTESIAN_POINT('',(0.503246846790215,0.00342197320469247,-2.09535426594732E-19));
#1584=CARTESIAN_POINT('',(0.501989893148104,2.16840434497101E-19,-1.32776472016298E-35));
#1585=CARTESIAN_POINT('',(0.500732939505992,2.16840434497101E-19,-1.32776472016298E-35));
#1586=CARTESIAN_POINT('',(0.499476247264299,2.16840434497101E-19,-1.32776472016298E-35));
#1587=CARTESIAN_POINT('',(0.501989893148104,0.00337733943211255,-2.06802396258539E-19));
#1588=CARTESIAN_POINT('',(0.500732939505992,0.00333270565953264,-2.04069365922346E-19));
#1589=CARTESIAN_POINT('',(0.499476247264299,0.00328016611407576,-2.00852246613724E-19));
#1590=CARTESIAN_POINT('',(0.498220059482857,0.,0.));
#1591=CARTESIAN_POINT('',(0.497591965592136,-4.33680868994202E-19,2.65552944032596E-35));
#1592=CARTESIAN_POINT('',(0.496963992918419,-2.16840434497101E-19,1.32776472016298E-35));
#1593=CARTESIAN_POINT('',(0.498220059482857,0.00321748394408874,-1.97014070671814E-19));
#1594=CARTESIAN_POINT('',(0.497591965592136,0.00318614285909522,-1.95094982700858E-19));
#1595=CARTESIAN_POINT('',(0.496963992918419,0.00315229807392362,-1.93022587309446E-19));
#1596=CARTESIAN_POINT('',(0.49633619548289,0.,0.));
#1597=CARTESIAN_POINT('',(0.495708398047361,2.16840434497101E-19,-1.32776472016298E-35));
#1598=CARTESIAN_POINT('',(0.495080751040293,-6.50521303491303E-19,3.98329416048894E-35));
#1599=CARTESIAN_POINT('',(0.49633619548289,0.00311552176668858,-1.90770687962454E-19));
#1600=CARTESIAN_POINT('',(0.495708398047361,0.00307874545945355,-1.88518788615462E-19));
#1601=CARTESIAN_POINT('',(0.495080751040293,0.00303921406260826,-1.86098188684842E-19));
#1602=CARTESIAN_POINT('',(0.494453358114684,-2.16840434497101E-19,1.32776472016298E-35));
#1603=CARTESIAN_POINT('',(0.493198572263467,6.50521303491303E-19,-3.98329416048894E-35));
#1604=CARTESIAN_POINT('',(0.491944572390294,1.0842021724855E-18,-6.6388236008149E-35));
#1605=CARTESIAN_POINT('',(0.494453358114684,0.00299614896745779,-1.83461212138291E-19));
#1606=CARTESIAN_POINT('',(0.493198572263467,0.00291001877715683,-1.7818725904519E-19));
#1607=CARTESIAN_POINT('',(0.491944572390294,0.00281130937388052,-1.72143051306787E-19));
#1608=CARTESIAN_POINT('',(0.490692384545639,-2.16840434497101E-19,1.32776472016298E-35));
#1609=CARTESIAN_POINT('',(0.490066290623311,-1.0842021724855E-18,6.6388236008149E-35));
#1610=CARTESIAN_POINT('',(0.489440646689104,-2.16840434497101E-19,1.32776472016298E-35));
#1611=CARTESIAN_POINT('',(0.490692384545639,0.00269317983422587,-1.64909703175646E-19));
#1612=CARTESIAN_POINT('',(0.490066290623311,0.00263411506439854,-1.61293029110075E-19));
#1613=CARTESIAN_POINT('',(0.489440646689104,0.00257021939673692,-1.57380547866016E-19));
#1614=CARTESIAN_POINT('',(0.488815667656035,4.33680868994202E-19,-2.65552944032596E-35));
#1615=CARTESIAN_POINT('',(0.488190688622965,1.30104260698261E-18,-7.96658832097788E-35));
#1616=CARTESIAN_POINT('',(0.487566409520153,4.33680868994202E-19,-2.65552944032596E-35));
#1617=CARTESIAN_POINT('',(0.488815667656035,0.00250026946097496,-1.53097349619443E-19));
#1618=CARTESIAN_POINT('',(0.488190688622965,0.002430319525213,-1.48814151372871E-19));
#1619=CARTESIAN_POINT('',(0.487566409520153,0.00235409381057317,-1.44146672500552E-19));
#1620=CARTESIAN_POINT('',(0.486943230734811,-6.50521303491303E-19,3.98329416048894E-35));
#1621=CARTESIAN_POINT('',(0.486320051949468,-2.38524477946811E-18,1.46054119217928E-34));
#1622=CARTESIAN_POINT('',(0.485697997746533,5.42101086242752E-18,-3.31941180040745E-34));
#1623=CARTESIAN_POINT('',(0.486943230734811,0.00226961326933103,-1.38973731279431E-19));
#1624=CARTESIAN_POINT('',(0.486320051949468,0.00218513272808889,-1.33800790058309E-19));
#1625=CARTESIAN_POINT('',(0.485697997746533,0.00209221865005287,-1.28111443645182E-19));
#1626=CARTESIAN_POINT('',(0.485077971579708,-1.0842021724855E-18,6.6388236008149E-35));
#1627=CARTESIAN_POINT('',(0.484767958496295,-3.79470760369927E-18,2.32358826028521E-34));
#1628=CARTESIAN_POINT('',(0.484458508817108,7.80625564189563E-18,-4.77995299258673E-34));
#1629=CARTESIAN_POINT('',(0.485077971579708,0.00198701721305092,-1.21669713490675E-19));
#1630=CARTESIAN_POINT('',(0.484767958496295,0.00193441649454995,-1.18448848413422E-19));
#1631=CARTESIAN_POINT('',(0.484458508817108,0.00187852977563418,-1.15026773841669E-19));
#1632=CARTESIAN_POINT('',(0.484149845162696,2.16840434497101E-18,-1.32776472016298E-34));
#1633=CARTESIAN_POINT('',(0.483841181508283,-4.33680868994202E-18,2.65552944032596E-34));
#1634=CARTESIAN_POINT('',(0.483533318317873,2.71050543121376E-18,-1.65970590020372E-34));
#1635=CARTESIAN_POINT('',(0.484149845162696,0.00181853642504424,-1.11353240603165E-19));
#1636=CARTESIAN_POINT('',(0.483841181508283,0.0017585430744543,-1.0767970736466E-19));
#1637=CARTESIAN_POINT('',(0.483533318317873,0.00169439476066853,-1.03751756007238E-19));
#1638=CARTESIAN_POINT('',(0.483226731336765,4.33680868994202E-19,-2.65552944032596E-35));
#1639=CARTESIAN_POINT('',(0.482920144355657,-1.40946282423116E-18,8.63047068105937E-35));
#1640=CARTESIAN_POINT('',(0.482614819340771,5.52943107967607E-18,-3.3858000364156E-34));
#1641=CARTESIAN_POINT('',(0.483226731336765,0.00162453400584377,-9.94740185181301E-20));
#1642=CARTESIAN_POINT('',(0.482920144355657,0.00155467325101901,-9.51962810290219E-20));
#1643=CARTESIAN_POINT('',(0.482614819340771,0.00147910010812931,-9.05687606519533E-20));
#1644=CARTESIAN_POINT('',(0.482311967769028,1.0842021724855E-18,-6.6388236008149E-35));
#1645=CARTESIAN_POINT('',(0.482160541983156,0.,0.));
#1646=CARTESIAN_POINT('',(0.482009686402214,-1.19262238973405E-18,7.30270596089639E-35));
#1647=CARTESIAN_POINT('',(0.482311967769028,0.0013945442276941,-8.53912062357499E-20));
#1648=CARTESIAN_POINT('',(0.482160541983156,0.0013522662874765,-8.28024290276483E-20));
#1649=CARTESIAN_POINT('',(0.482009686402214,0.00130785753474151,-8.00831771830971E-20));
#1650=CARTESIAN_POINT('',(0.481859817486333,1.51788304147971E-18,-9.29435304114086E-35));
#1651=CARTESIAN_POINT('',(0.481709948570452,2.16840434497101E-18,-1.32776472016298E-34));
#1652=CARTESIAN_POINT('',(0.481560955237843,6.93889390390723E-18,-4.24884710452153E-34));
#1653=CARTESIAN_POINT('',(0.481859817486333,0.00126035681201409,-7.71745967808311E-20));
#1654=CARTESIAN_POINT('',(0.481709948570452,0.00121285608928667,-7.42660163785649E-20));
#1655=CARTESIAN_POINT('',(0.481560955237843,0.0011624863488676,-7.11817593096603E-20));
#1656=CARTESIAN_POINT('',(0.481413539771823,6.83047368665868E-18,-4.18245886851339E-34));
#1657=CARTESIAN_POINT('',(0.481266124305804,6.72205346941013E-18,-4.11607063250524E-34));
#1658=CARTESIAN_POINT('',(0.481120074529736,5.52943107967607E-18,-3.3858000364156E-34));
#1659=CARTESIAN_POINT('',(0.481413539771823,0.00110784728654658,-6.78360816706678E-20));
#1660=CARTESIAN_POINT('',(0.481266124305804,0.00105320822422557,-6.44904040316753E-20));
#1661=CARTESIAN_POINT('',(0.481120074529736,0.000994637602652885,-6.09039878200226E-20));
#1662=CARTESIAN_POINT('',(0.480977004062892,1.11130722679764E-17,-6.80479419083527E-34));
#1663=CARTESIAN_POINT('',(0.480833933596049,1.76182853028894E-17,-1.07880883513242E-33));
#1664=CARTESIAN_POINT('',(0.480693345608908,2.71050543121376E-19,-1.65970590020372E-35));
#1665=CARTESIAN_POINT('',(0.480977004062892,0.000929486864397173,-5.69146556666754E-20));
#1666=CARTESIAN_POINT('',(0.480833933596049,0.000864336126141462,-5.29253235133282E-20));
#1667=CARTESIAN_POINT('',(0.480693345608908,0.000793177200707969,-4.85680960001836E-20));
#1668=CARTESIAN_POINT('',(0.48055942508424,-3.74049749507499E-18,2.29039414228114E-34));
#1669=CARTESIAN_POINT('',(0.480492464821906,-5.74627151417317E-18,3.5185765084319E-34));
#1670=CARTESIAN_POINT('',(0.48042714271467,3.46944695195361E-18,-2.12442355226077E-34));
#1671=CARTESIAN_POINT('',(0.48055942508424,0.000710813410785877,-4.35247684154968E-20));
#1672=CARTESIAN_POINT('',(0.480492464821906,0.000669631515824831,-4.10031046231535E-20));
#1673=CARTESIAN_POINT('',(0.48042714271467,0.000625669599806337,-3.83112136363318E-20));
#1674=CARTESIAN_POINT('',(0.480364914512348,-4.77048955893622E-18,2.92108238435856E-34));
#1675=CARTESIAN_POINT('',(0.480302686310026,-1.43656787854329E-17,8.79644127107974E-34));
#1676=CARTESIAN_POINT('',(0.480243290440178,-1.42301535138722E-17,8.71345597606955E-34));
#1677=CARTESIAN_POINT('',(0.480364914512348,0.000577642057053185,-3.53703748111538E-20));
#1678=CARTESIAN_POINT('',(0.480302686310026,0.000529614514300029,-3.24295359859755E-20));
#1679=CARTESIAN_POINT('',(0.480243290440178,0.000477627399408626,-2.92462432935424E-20));
#1680=CARTESIAN_POINT('',(0.480190037436992,-4.49943901581484E-18,2.75511179433818E-34));
#1681=CARTESIAN_POINT('',(0.480136784433806,8.53809210832335E-18,-5.22807358564173E-34));
#1682=CARTESIAN_POINT('',(0.480089372309502,-2.00577401909818E-17,1.22818236615076E-33));
#1683=CARTESIAN_POINT('',(0.480190037436992,0.000419814529047477,-2.57062259616773E-20));
#1684=CARTESIAN_POINT('',(0.480136784433806,0.000362001658686328,-2.21662086298122E-20));
#1685=CARTESIAN_POINT('',(0.480089372309502,0.000298219931067011,-1.8260704201158E-20));
#1686=CARTESIAN_POINT('',(0.480054898611975,4.56720165159519E-18,-2.79660444184328E-34));
#1687=CARTESIAN_POINT('',(0.480037661763212,1.78893358460108E-17,-1.09540589413446E-33));
#1688=CARTESIAN_POINT('',(0.480023757394695,-3.1712913545201E-18,1.94185590323836E-34));
#1689=CARTESIAN_POINT('',(0.480054898611975,0.000227527008179517,-1.3932011114331E-20));
#1690=CARTESIAN_POINT('',(0.480037661763212,0.000192180546735772,-1.17676645709176E-20));
#1691=CARTESIAN_POINT('',(0.480023757394695,0.000155098496810675,-9.49704388358798E-21));
#1692=CARTESIAN_POINT('',(0.480014365820962,-2.77826806699411E-19,1.70119854770882E-35));
#1693=CARTESIAN_POINT('',(0.480004974247228,-1.75505226671091E-18,1.07465957038191E-34));
#1694=CARTESIAN_POINT('',(0.48,2.22261445359528E-18,-1.36095883816705E-34));
#1695=CARTESIAN_POINT('',(0.48,0.,0.));
#1696=CARTESIAN_POINT('',(0.480014365820962,0.000116974729478282,-7.16263640183527E-21));
#1697=CARTESIAN_POINT('',(0.480004974247228,7.88509621458883E-05,-4.82822892008256E-21));
#1698=CARTESIAN_POINT('',(0.48,3.90443898792554E-05,-2.39077935451457E-21));
#1699=CARTESIAN_POINT('',(0.48,0.,0.));
#1700=B_SPLINE_SURFACE_WITH_KNOTS('Surf_TFUHXUASES, Fin_Top, 0, 4, upper',1,3,((#1701, #1702, #1703, #1707, #1708, #1709, #1713, #1714, #1715, #1719, #1720, #1721, #1725, #1726, #1727, #1731, #1732, #1733, #1737, #1738, #1739, #1743, #1744, #1745, #1749, #1750, #1751, #1755, #1756, #1757, #1761, #1762, #1763, #1767, #1768, #1769, #1773, #1774, #1775, #1779, #1780, #1781, #1785, #1786, #1787, #1791, #1792, #1793, #1797, #1798, #1799, #1803, #1804, #1805, #1809, #1810, #1811, #1815, #1816, #1817, #1821, #1822, #1823, #1827, #1828, #1829, #1833, #1834, #1835, #1839, #1840, #1841, #1845, #1846, #1847, #1851, #1852, #1853, #1857, #1858, #1859, #1863, #1864, #1865, #1869, #1870, #1871, #1872),(#1704, #1705, #1706, #1710, #1711, #1712, #1716, #1717, #1718, #1722, #1723, #1724, #1728, #1729, #1730, #1734, #1735, #1736, #1740, #1741, #1742, #1746, #1747, #1748, #1752, #1753, #1754, #1758, #1759, #1760, #1764, #1765, #1766, #1770, #1771, #1772, #1776, #1777, #1778, #1782, #1783, #1784, #1788, #1789, #1790, #1794, #1795, #1796, #1800, #1801, #1802, #1806, #1807, #1808, #1812, #1813, #1814, #1818, #1819, #1820, #1824, #1825, #1826, #1830, #1831, #1832, #1836, #1837, #1838, #1842, #1843, #1844, #1848, #1849, #1850, #1854, #1855, #1856, #1860, #1861, #1862, #1866, #1867, #1868, #1873, #1874, #1875, #1876)),.UNSPECIFIED.,.F.,.F.,.F.,(2,2),(4,3,3,3,3,3,3,3,3,3,3,3,3,3,3,3,3,3,3,3,3,3,3,3,3,3,3,3,3,4),(0.,1.),(0.,1.,2.,3.,4.,5.,6.,7.,8.,9.,10.,11.,12.,13.,14.,15.,16.,17.,18.,19.,20.,21.,22.,23.,24.,25.,26.,27.,28.,29.),.PIECEWISE_BEZIER_KNOTS.);
#1701=CARTESIAN_POINT('',(0.48,0.,0.));
#1702=CARTESIAN_POINT('',(0.48,2.22261445359528E-18,-1.36095883816705E-34));
#1703=CARTESIAN_POINT('',(0.480004974247228,-1.75505226671091E-18,1.07465957038191E-34));
#1704=CARTESIAN_POINT('',(0.48,0.,0.));
#1705=CARTESIAN_POINT('',(0.48,-3.9044389879251E-05,2.3907793545143E-21));
#1706=CARTESIAN_POINT('',(0.480004974247228,-7.88509621458918E-05,4.82822892008277E-21));
#1707=CARTESIAN_POINT('',(0.480014365820962,-2.77826806699411E-19,1.70119854770882E-35));
#1708=CARTESIAN_POINT('',(0.480023757394695,-3.1712913545201E-18,1.94185590323836E-34));
#1709=CARTESIAN_POINT('',(0.480037661763212,1.78893358460108E-17,-1.09540589413446E-33));
#1710=CARTESIAN_POINT('',(0.480014365820962,-0.000116974729478282,7.16263640183531E-21));
#1711=CARTESIAN_POINT('',(0.480023757394695,-0.000155098496810682,9.49704388358837E-21));
#1712=CARTESIAN_POINT('',(0.480037661763212,-0.000192180546735737,1.17676645709154E-20));
#1713=CARTESIAN_POINT('',(0.480054898611975,4.56720165159519E-18,-2.79660444184328E-34));
#1714=CARTESIAN_POINT('',(0.480089372309502,-2.00577401909818E-17,1.22818236615076E-33));
#1715=CARTESIAN_POINT('',(0.480136784433806,8.53809210832335E-18,-5.22807358564173E-34));
#1716=CARTESIAN_POINT('',(0.480054898611975,-0.000227527008179508,1.39320111143304E-20));
#1717=CARTESIAN_POINT('',(0.480089372309502,-0.000298219931067051,1.82607042011604E-20));
#1718=CARTESIAN_POINT('',(0.480136784433806,-0.000362001658686311,2.21662086298111E-20));
#1719=CARTESIAN_POINT('',(0.480190037436992,-4.49943901581484E-18,2.75511179433818E-34));
#1720=CARTESIAN_POINT('',(0.480243290440178,-1.42301535138722E-17,8.71345597606955E-34));
#1721=CARTESIAN_POINT('',(0.480302686310026,-1.43656787854329E-17,8.79644127107974E-34));
#1722=CARTESIAN_POINT('',(0.480190037436992,-0.000419814529047486,2.57062259616778E-20));
#1723=CARTESIAN_POINT('',(0.480243290440178,-0.000477627399408654,2.92462432935441E-20));
#1724=CARTESIAN_POINT('',(0.480302686310026,-0.000529614514300058,3.24295359859773E-20));
#1725=CARTESIAN_POINT('',(0.480364914512348,-4.77048955893622E-18,2.92108238435856E-34));
#1726=CARTESIAN_POINT('',(0.48042714271467,3.46944695195361E-18,-2.12442355226077E-34));
#1727=CARTESIAN_POINT('',(0.480492464821906,-5.74627151417317E-18,3.5185765084319E-34));
#1728=CARTESIAN_POINT('',(0.480364914512348,-0.000577642057053194,3.53703748111543E-20));
#1729=CARTESIAN_POINT('',(0.48042714271467,-0.000625669599806331,3.83112136363314E-20));
#1730=CARTESIAN_POINT('',(0.480492464821906,-0.000669631515824842,4.10031046231542E-20));
#1731=CARTESIAN_POINT('',(0.48055942508424,-3.74049749507499E-18,2.29039414228114E-34));
#1732=CARTESIAN_POINT('',(0.480693345608908,2.71050543121376E-19,-1.65970590020372E-35));
#1733=CARTESIAN_POINT('',(0.480833933596049,1.76182853028894E-17,-1.07880883513242E-33));
#1734=CARTESIAN_POINT('',(0.48055942508424,-0.000710813410785884,4.35247684154973E-20));
#1735=CARTESIAN_POINT('',(0.480693345608908,-0.000793177200707969,4.85680960001836E-20));
#1736=CARTESIAN_POINT('',(0.480833933596049,-0.000864336126141427,5.2925323513326E-20));
#1737=CARTESIAN_POINT('',(0.480977004062892,1.11130722679764E-17,-6.80479419083527E-34));
#1738=CARTESIAN_POINT('',(0.481120074529736,5.52943107967607E-18,-3.3858000364156E-34));
#1739=CARTESIAN_POINT('',(0.481266124305804,6.72205346941013E-18,-4.11607063250524E-34));
#1740=CARTESIAN_POINT('',(0.480977004062892,-0.00092948686439715,5.6914655666674E-20));
#1741=CARTESIAN_POINT('',(0.481120074529736,-0.000994637602652874,6.0903987820022E-20));
#1742=CARTESIAN_POINT('',(0.481266124305804,-0.00105320822422555,6.44904040316745E-20));
#1743=CARTESIAN_POINT('',(0.481413539771823,6.83047368665868E-18,-4.18245886851339E-34));
#1744=CARTESIAN_POINT('',(0.481560955237843,6.93889390390723E-18,-4.24884710452153E-34));
#1745=CARTESIAN_POINT('',(0.481709948570452,2.16840434497101E-18,-1.32776472016298E-34));
#1746=CARTESIAN_POINT('',(0.481413539771823,-0.00110784728654657,6.7836081670667E-20));
#1747=CARTESIAN_POINT('',(0.481560955237843,-0.00116248634886759,7.11817593096594E-20));
#1748=CARTESIAN_POINT('',(0.481709948570452,-0.00121285608928667,7.42660163785647E-20));
#1749=CARTESIAN_POINT('',(0.481859817486333,1.51788304147971E-18,-9.29435304114086E-35));
#1750=CARTESIAN_POINT('',(0.482009686402214,-1.19262238973405E-18,7.30270596089639E-35));
#1751=CARTESIAN_POINT('',(0.482160541983156,0.,0.));
#1752=CARTESIAN_POINT('',(0.481859817486333,-0.00126035681201409,7.71745967808309E-20));
#1753=CARTESIAN_POINT('',(0.482009686402214,-0.00130785753474152,8.00831771830973E-20));
#1754=CARTESIAN_POINT('',(0.482160541983156,-0.0013522662874765,8.28024290276483E-20));
#1755=CARTESIAN_POINT('',(0.482311967769028,1.0842021724855E-18,-6.6388236008149E-35));
#1756=CARTESIAN_POINT('',(0.482614819340771,5.52943107967607E-18,-3.3858000364156E-34));
#1757=CARTESIAN_POINT('',(0.482920144355657,-1.40946282423116E-18,8.63047068105937E-35));
#1758=CARTESIAN_POINT('',(0.482311967769028,-0.0013945442276941,8.53912062357498E-20));
#1759=CARTESIAN_POINT('',(0.482614819340771,-0.0014791001081293,9.05687606519526E-20));
#1760=CARTESIAN_POINT('',(0.482920144355657,-0.00155467325101901,9.51962810290221E-20));
#1761=CARTESIAN_POINT('',(0.483226731336765,4.33680868994202E-19,-2.65552944032596E-35));
#1762=CARTESIAN_POINT('',(0.483533318317873,2.71050543121376E-18,-1.65970590020372E-34));
#1763=CARTESIAN_POINT('',(0.483841181508283,-4.33680868994202E-18,2.65552944032596E-34));
#1764=CARTESIAN_POINT('',(0.483226731336765,-0.00162453400584377,9.94740185181301E-20));
#1765=CARTESIAN_POINT('',(0.483533318317873,-0.00169439476066853,1.03751756007238E-19));
#1766=CARTESIAN_POINT('',(0.483841181508284,-0.00175854307445431,1.07679707364661E-19));
#1767=CARTESIAN_POINT('',(0.484149845162696,2.16840434497101E-18,-1.32776472016298E-34));
#1768=CARTESIAN_POINT('',(0.484458508817108,7.80625564189563E-18,-4.77995299258673E-34));
#1769=CARTESIAN_POINT('',(0.484767958496295,-3.79470760369927E-18,2.32358826028521E-34));
#1770=CARTESIAN_POINT('',(0.484149845162696,-0.00181853642504423,1.11353240603165E-19));
#1771=CARTESIAN_POINT('',(0.484458508817108,-0.00187852977563416,1.15026773841668E-19));
#1772=CARTESIAN_POINT('',(0.484767958496295,-0.00193441649454995,1.18448848413422E-19));
#1773=CARTESIAN_POINT('',(0.485077971579708,-1.0842021724855E-18,6.6388236008149E-35));
#1774=CARTESIAN_POINT('',(0.485697997746533,5.42101086242752E-18,-3.31941180040745E-34));
#1775=CARTESIAN_POINT('',(0.486320051949468,-2.38524477946811E-18,1.46054119217928E-34));
#1776=CARTESIAN_POINT('',(0.485077971579708,-0.00198701721305092,1.21669713490675E-19));
#1777=CARTESIAN_POINT('',(0.485697997746533,-0.00209221865005286,1.28111443645182E-19));
#1778=CARTESIAN_POINT('',(0.486320051949468,-0.0021851327280889,1.3380079005831E-19));
#1779=CARTESIAN_POINT('',(0.486943230734811,-6.50521303491303E-19,3.98329416048894E-35));
#1780=CARTESIAN_POINT('',(0.487566409520153,4.33680868994202E-19,-2.65552944032596E-35));
#1781=CARTESIAN_POINT('',(0.488190688622965,1.30104260698261E-18,-7.96658832097788E-35));
#1782=CARTESIAN_POINT('',(0.486943230734811,-0.00226961326933104,1.38973731279431E-19));
#1783=CARTESIAN_POINT('',(0.487566409520153,-0.00235409381057317,1.44146672500552E-19));
#1784=CARTESIAN_POINT('',(0.488190688622965,-0.00243031952521299,1.4881415137287E-19));
#1785=CARTESIAN_POINT('',(0.488815667656035,4.33680868994202E-19,-2.65552944032596E-35));
#1786=CARTESIAN_POINT('',(0.489440646689104,-2.16840434497101E-19,1.32776472016298E-35));
#1787=CARTESIAN_POINT('',(0.490066290623311,-1.0842021724855E-18,6.6388236008149E-35));
#1788=CARTESIAN_POINT('',(0.488815667656035,-0.00250026946097496,1.53097349619443E-19));
#1789=CARTESIAN_POINT('',(0.489440646689104,-0.00257021939673692,1.57380547866016E-19));
#1790=CARTESIAN_POINT('',(0.490066290623311,-0.00263411506439855,1.61293029110075E-19));
#1791=CARTESIAN_POINT('',(0.490692384545639,-2.16840434497101E-19,1.32776472016298E-35));
#1792=CARTESIAN_POINT('',(0.491944572390294,1.0842021724855E-18,-6.6388236008149E-35));
#1793=CARTESIAN_POINT('',(0.493198572263467,6.50521303491303E-19,-3.98329416048894E-35));
#1794=CARTESIAN_POINT('',(0.490692384545639,-0.00269317983422587,1.64909703175646E-19));
#1795=CARTESIAN_POINT('',(0.491944572390294,-0.00281130937388052,1.72143051306787E-19));
#1796=CARTESIAN_POINT('',(0.493198572263467,-0.00291001877715683,1.7818725904519E-19));
#1797=CARTESIAN_POINT('',(0.494453358114684,-2.16840434497101E-19,1.32776472016298E-35));
#1798=CARTESIAN_POINT('',(0.495080751040293,-6.50521303491303E-19,3.98329416048894E-35));
#1799=CARTESIAN_POINT('',(0.495708398047361,2.16840434497101E-19,-1.32776472016298E-35));
#1800=CARTESIAN_POINT('',(0.494453358114684,-0.00299614896745779,1.83461212138291E-19));
#1801=CARTESIAN_POINT('',(0.495080751040293,-0.00303921406260827,1.86098188684842E-19));
#1802=CARTESIAN_POINT('',(0.495708398047361,-0.00307874545945355,1.88518788615462E-19));
#1803=CARTESIAN_POINT('',(0.49633619548289,0.,0.));
#1804=CARTESIAN_POINT('',(0.496963992918419,-2.16840434497101E-19,1.32776472016298E-35));
#1805=CARTESIAN_POINT('',(0.497591965592136,-4.33680868994202E-19,2.65552944032596E-35));
#1806=CARTESIAN_POINT('',(0.49633619548289,-0.00311552176668858,1.90770687962454E-19));
#1807=CARTESIAN_POINT('',(0.496963992918419,-0.00315229807392362,1.93022587309446E-19));
#1808=CARTESIAN_POINT('',(0.497591965592136,-0.00318614285909523,1.95094982700858E-19));
#1809=CARTESIAN_POINT('',(0.498220059482857,0.,0.));
#1810=CARTESIAN_POINT('',(0.499476247264299,2.16840434497101E-19,-1.32776472016298E-35));
#1811=CARTESIAN_POINT('',(0.500732939505992,2.16840434497101E-19,-1.32776472016298E-35));
#1812=CARTESIAN_POINT('',(0.498220059482857,-0.00321748394408874,1.97014070671814E-19));
#1813=CARTESIAN_POINT('',(0.499476247264299,-0.00328016611407576,2.00852246613724E-19));
#1814=CARTESIAN_POINT('',(0.500732939505992,-0.00333270565953264,2.04069365922346E-19));
#1815=CARTESIAN_POINT('',(0.501989893148104,2.16840434497101E-19,-1.32776472016298E-35));
#1816=CARTESIAN_POINT('',(0.503246846790215,4.33680868994202E-19,-2.65552944032596E-35));
#1817=CARTESIAN_POINT('',(0.504504100626019,-2.16840434497101E-19,1.32776472016298E-35));
#1818=CARTESIAN_POINT('',(0.501989893148104,-0.00337733943211255,2.06802396258539E-19));
#1819=CARTESIAN_POINT('',(0.503246846790215,-0.00342197320469247,2.09535426594732E-19));
#1820=CARTESIAN_POINT('',(0.504504100626019,-0.00345834704790503,2.1176268212788E-19));
#1821=CARTESIAN_POINT('',(0.505761500090508,-4.33680868994202E-19,2.65552944032596E-35));
#1822=CARTESIAN_POINT('',(0.507018899554996,-6.50521303491303E-19,3.98329416048894E-35));
#1823=CARTESIAN_POINT('',(0.508276446542185,-2.16840434497101E-19,1.32776472016298E-35));
#1824=CARTESIAN_POINT('',(0.505761500090508,-0.00348811385326014,2.13585373272829E-19));
#1825=CARTESIAN_POINT('',(0.507018899554996,-0.00351788065861526,2.15408064417778E-19));
#1826=CARTESIAN_POINT('',(0.508276446542185,-0.00354103553486319,2.16825891671862E-19));
#1827=CARTESIAN_POINT('',(0.509534077989019,0.,0.));
#1828=CARTESIAN_POINT('',(0.512049340882689,2.16840434497101E-19,-1.32776472016298E-35));
#1829=CARTESIAN_POINT('',(0.514564898919912,4.33680868994202E-19,-2.65552944032596E-35));
#1830=CARTESIAN_POINT('',(0.509534077989019,-0.00355837213446033,2.17887452232099E-19));
#1831=CARTESIAN_POINT('',(0.512049340882689,-0.0035930453336546,2.20010573352572E-19));
#1832=CARTESIAN_POINT('',(0.514564898919912,-0.00360493088911424,2.20738353725059E-19));
#1833=CARTESIAN_POINT('',(0.517080387512728,4.33680868994202E-19,-2.65552944032596E-35));
#1834=CARTESIAN_POINT('',(0.519595876105545,4.33680868994202E-19,-2.65552944032596E-35));
#1835=CARTESIAN_POINT('',(0.522111325734643,-8.67361737988404E-19,5.31105888065192E-35));
#1836=CARTESIAN_POINT('',(0.517080387512728,-0.00359987981040811,2.20429064356574E-19));
#1837=CARTESIAN_POINT('',(0.519595876105545,-0.00359482873170199,2.20119774988089E-19));
#1838=CARTESIAN_POINT('',(0.522111325734643,-0.00357237112125791,2.18744642950747E-19));
#1839=CARTESIAN_POINT('',(0.524626567167855,-2.16840434497101E-19,1.32776472016298E-35));
#1840=CARTESIAN_POINT('',(0.527141808601067,4.33680868994202E-19,-2.65552944032596E-35));
#1841=CARTESIAN_POINT('',(0.529656847156979,1.30104260698261E-18,-7.96658832097788E-35));
#1842=CARTESIAN_POINT('',(0.524626567167855,-0.00353636477707973,2.16539890243407E-19));
#1843=CARTESIAN_POINT('',(0.527141808601067,-0.00350035843290155,2.14335137536066E-19));
#1844=CARTESIAN_POINT('',(0.529656847156979,-0.00345086018413173,2.11304243940099E-19));
#1845=CARTESIAN_POINT('',(0.532171617646684,0.,0.));
#1846=CARTESIAN_POINT('',(0.534686388136388,-1.30104260698261E-18,7.96658832097788E-35));
#1847=CARTESIAN_POINT('',(0.537200887092063,8.67361737988404E-19,-5.31105888065192E-35));
#1848=CARTESIAN_POINT('',(0.532171617646684,-0.0033902395546127,2.07592300944959E-19));
#1849=CARTESIAN_POINT('',(0.534686388136388,-0.00332961892509366,2.0388035794982E-19));
#1850=CARTESIAN_POINT('',(0.537200887092063,-0.00325822860756552,1.99508961757273E-19));
#1851=CARTESIAN_POINT('',(0.539715095309244,2.16840434497101E-19,-1.32776472016298E-35));
#1852=CARTESIAN_POINT('',(0.544743511743605,-8.67361737988404E-19,5.31105888065192E-35));
#1853=CARTESIAN_POINT('',(0.54977074987597,8.67361737988404E-19,-5.31105888065192E-35));
#1854=CARTESIAN_POINT('',(0.539715095309244,-0.00317763131846864,1.9457380115165E-19));
#1855=CARTESIAN_POINT('',(0.544743511743605,-0.00301643674027487,1.84703479940405E-19));
#1856=CARTESIAN_POINT('',(0.54977074987597,-0.00281975584646328,1.72660248587415E-19));
#1857=CARTESIAN_POINT('',(0.554796828472497,-8.67361737988404E-19,5.31105888065192E-35));
#1858=CARTESIAN_POINT('',(0.559822907069025,-2.60208521396521E-18,1.59331766419558E-34));
#1859=CARTESIAN_POINT('',(0.564847838827164,-1.95156391047391E-18,1.19498824814668E-34));
#1860=CARTESIAN_POINT('',(0.554796828472497,-0.00259745297798923,1.59048123771514E-19));
#1861=CARTESIAN_POINT('',(0.559822907069025,-0.00237515010951519,1.45435998955613E-19));
#1862=CARTESIAN_POINT('',(0.564847838827164,-0.00212716541866197,1.30251316061066E-19));
#1863=CARTESIAN_POINT('',(0.56987165063954,-1.19262238973405E-18,7.30270596089639E-35));
#1864=CARTESIAN_POINT('',(0.574895462451917,-6.50521303491303E-19,3.98329416048894E-35));
#1865=CARTESIAN_POINT('',(0.579918161387353,1.0842021724855E-19,-6.6388236008149E-36));
#1866=CARTESIAN_POINT('',(0.56987165063954,-0.00185845572515393,1.13797592758342E-19));
#1867=CARTESIAN_POINT('',(0.574895462451917,-0.0015897460316459,9.73438694556179E-20));
#1868=CARTESIAN_POINT('',(0.579918161387353,-0.00130028390680004,7.96194262222744E-20));
#1869=CARTESIAN_POINT('',(0.584939630321376,-6.50521303491303E-19,3.98329416048894E-35));
#1870=CARTESIAN_POINT('',(0.589961099255399,-1.0842021724855E-18,6.6388236008149E-35));
#1871=CARTESIAN_POINT('',(0.59498134303945,2.75929452897561E-17,-1.68958060640739E-33));
#1872=CARTESIAN_POINT('',(0.6,0.,0.));
#1873=CARTESIAN_POINT('',(0.584939630321376,-0.000990873550382356,6.06735060917763E-20));
#1874=CARTESIAN_POINT('',(0.589961099255399,-0.000681463193964669,4.17275859612782E-20));
#1875=CARTESIAN_POINT('',(0.59498134303945,-0.000352083655278718,2.15589060734591E-20));
#1876=CARTESIAN_POINT('',(0.6,0.,0.));
#1877=B_SPLINE_SURFACE_WITH_KNOTS('Surf_TFUHXUASES, Fin_Top, 0, 7, lower',1,3,((#1878, #1879, #1880, #1884, #1885, #1886, #1890, #1891, #1892, #1896, #1897, #1898, #1902, #1903, #1904, #1908, #1909, #1910, #1914, #1915, #1916, #1920, #1921, #1922, #1926, #1927, #1928, #1932, #1933, #1934, #1938, #1939, #1940, #1944, #1945, #1946, #1950, #1951, #1952, #1956, #1957, #1958, #1962, #1963, #1964, #1968, #1969, #1970, #1974, #1975, #1976, #1980, #1981, #1982, #1986, #1987, #1988, #1992, #1993, #1994, #1998, #1999, #2000, #2004, #2005, #2006, #2010, #2011, #2012, #2016, #2017, #2018, #2022, #2023, #2024, #2028, #2029, #2030, #2034, #2035, #2036, #2040, #2041, #2042, #2046, #2047, #2048, #2049),(#1881, #1882, #1883, #1887, #1888, #1889, #1893, #1894, #1895, #1899, #1900, #1901, #1905, #1906, #1907, #1911, #1912, #1913, #1917, #1918, #1919, #1923, #1924, #1925, #1929, #1930, #1931, #1935, #1936, #1937, #1941, #1942, #1943, #1947, #1948, #1949, #1953, #1954, #1955, #1959, #1960, #1961, #1965, #1966, #1967, #1971, #1972, #1973, #1977, #1978, #1979, #1983, #1984, #1985, #1989, #1990, #1991, #1995, #1996, #1997, #2001, #2002, #2003, #2007, #2008, #2009, #2013, #2014, #2015, #2019, #2020, #2021, #2025, #2026, #2027, #2031, #2032, #2033, #2037, #2038, #2039, #2043, #2044, #2045, #2050, #2051, #2052, #2053)),.UNSPECIFIED.,.F.,.F.,.F.,(2,2),(4,3,3,3,3,3,3,3,3,3,3,3,3,3,3,3,3,3,3,3,3,3,3,3,3,3,3,3,3,4),(0.,1.),(0.,1.,2.,3.,4.,5.,6.,7.,8.,9.,10.,11.,12.,13.,14.,15.,16.,17.,18.,19.,20.,21.,22.,23.,24.,25.,26.,27.,28.,29.),.PIECEWISE_BEZIER_KNOTS.);
#1878=CARTESIAN_POINT('',(0.6,0.,0.));
#1879=CARTESIAN_POINT('',(0.594981343039449,0.000352083655278773,-2.15589060734625E-20));
#1880=CARTESIAN_POINT('',(0.589961099255399,0.000681463193964667,-4.17275859612781E-20));
#1881=CARTESIAN_POINT('',(0.6,9.79717439317883E-18,0.16));
#1882=CARTESIAN_POINT('',(0.594981343039449,0.000352083655278783,0.16));
#1883=CARTESIAN_POINT('',(0.589961099255399,0.000681463193964677,0.16));
#1884=CARTESIAN_POINT('',(0.584939630321376,0.000990873550382355,-6.06735060917762E-20));
#1885=CARTESIAN_POINT('',(0.579918161387353,0.00130028390680004,-7.96194262222744E-20));
#1886=CARTESIAN_POINT('',(0.574895462451917,0.0015897460316459,-9.73438694556178E-20));
#1887=CARTESIAN_POINT('',(0.584939630321376,0.000990873550382364,0.16));
#1888=CARTESIAN_POINT('',(0.579918161387353,0.00130028390680005,0.16));
#1889=CARTESIAN_POINT('',(0.574895462451917,0.00158974603164591,0.16));
#1890=CARTESIAN_POINT('',(0.56987165063954,0.00185845572515393,-1.13797592758342E-19));
#1891=CARTESIAN_POINT('',(0.564847838827164,0.00212716541866197,-1.30251316061066E-19));
#1892=CARTESIAN_POINT('',(0.559822907069025,0.00237515010951518,-1.45435998955613E-19));
#1893=CARTESIAN_POINT('',(0.56987165063954,0.00185845572515394,0.16));
#1894=CARTESIAN_POINT('',(0.564847838827164,0.00212716541866198,0.16));
#1895=CARTESIAN_POINT('',(0.559822907069025,0.00237515010951519,0.16));
#1896=CARTESIAN_POINT('',(0.554796828472497,0.00259745297798923,-1.59048123771514E-19));
#1897=CARTESIAN_POINT('',(0.54977074987597,0.00281975584646328,-1.72660248587415E-19));
#1898=CARTESIAN_POINT('',(0.544743511743605,0.00301643674027486,-1.84703479940404E-19));
#1899=CARTESIAN_POINT('',(0.554796828472497,0.00259745297798924,0.16));
#1900=CARTESIAN_POINT('',(0.54977074987597,0.00281975584646329,0.16));
#1901=CARTESIAN_POINT('',(0.544743511743605,0.00301643674027487,0.16));
#1902=CARTESIAN_POINT('',(0.539715095309244,0.00317763131846864,-1.9457380115165E-19));
#1903=CARTESIAN_POINT('',(0.537200887092063,0.00325822860756552,-1.99508961757273E-19));
#1904=CARTESIAN_POINT('',(0.534686388136388,0.00332961892509366,-2.0388035794982E-19));
#1905=CARTESIAN_POINT('',(0.539715095309244,0.00317763131846865,0.16));
#1906=CARTESIAN_POINT('',(0.537200887092063,0.00325822860756553,0.16));
#1907=CARTESIAN_POINT('',(0.534686388136388,0.00332961892509367,0.16));
#1908=CARTESIAN_POINT('',(0.532171617646684,0.0033902395546127,-2.07592300944959E-19));
#1909=CARTESIAN_POINT('',(0.529656847156979,0.00345086018413173,-2.11304243940099E-19));
#1910=CARTESIAN_POINT('',(0.527141808601067,0.00350035843290155,-2.14335137536067E-19));
#1911=CARTESIAN_POINT('',(0.532171617646684,0.00339023955461271,0.16));
#1912=CARTESIAN_POINT('',(0.529656847156979,0.00345086018413174,0.16));
#1913=CARTESIAN_POINT('',(0.527141808601067,0.00350035843290156,0.16));
#1914=CARTESIAN_POINT('',(0.524626567167855,0.00353636477707973,-2.16539890243407E-19));
#1915=CARTESIAN_POINT('',(0.522111325734643,0.00357237112125791,-2.18744642950747E-19));
#1916=CARTESIAN_POINT('',(0.519595876105545,0.00359482873170199,-2.20119774988089E-19));
#1917=CARTESIAN_POINT('',(0.524626567167855,0.00353636477707974,0.16));
#1918=CARTESIAN_POINT('',(0.522111325734643,0.00357237112125792,0.16));
#1919=CARTESIAN_POINT('',(0.519595876105545,0.003594828731702,0.16));
#1920=CARTESIAN_POINT('',(0.517080387512728,0.00359987981040811,-2.20429064356574E-19));
#1921=CARTESIAN_POINT('',(0.514564898919912,0.00360493088911424,-2.20738353725059E-19));
#1922=CARTESIAN_POINT('',(0.512049340882689,0.0035930453336546,-2.20010573352572E-19));
#1923=CARTESIAN_POINT('',(0.517080387512728,0.00359987981040812,0.16));
#1924=CARTESIAN_POINT('',(0.514564898919912,0.00360493088911425,0.16));
#1925=CARTESIAN_POINT('',(0.512049340882689,0.00359304533365461,0.16));
#1926=CARTESIAN_POINT('',(0.509534077989019,0.00355837213446033,-2.17887452232099E-19));
#1927=CARTESIAN_POINT('',(0.508276446542185,0.00354103553486319,-2.16825891671862E-19));
#1928=CARTESIAN_POINT('',(0.507018899554996,0.00351788065861526,-2.15408064417778E-19));
#1929=CARTESIAN_POINT('',(0.509534077989019,0.00355837213446034,0.16));
#1930=CARTESIAN_POINT('',(0.508276446542185,0.0035410355348632,0.16));
#1931=CARTESIAN_POINT('',(0.507018899554996,0.00351788065861527,0.16));
#1932=CARTESIAN_POINT('',(0.505761500090508,0.00348811385326014,-2.13585373272829E-19));
#1933=CARTESIAN_POINT('',(0.504504100626019,0.00345834704790503,-2.11762682127879E-19));
#1934=CARTESIAN_POINT('',(0.503246846790215,0.00342197320469247,-2.09535426594732E-19));
#1935=CARTESIAN_POINT('',(0.505761500090508,0.00348811385326015,0.16));
#1936=CARTESIAN_POINT('',(0.504504100626019,0.00345834704790504,0.16));
#1937=CARTESIAN_POINT('',(0.503246846790215,0.00342197320469248,0.16));
#1938=CARTESIAN_POINT('',(0.501989893148104,0.00337733943211255,-2.06802396258539E-19));
#1939=CARTESIAN_POINT('',(0.500732939505992,0.00333270565953264,-2.04069365922346E-19));
#1940=CARTESIAN_POINT('',(0.499476247264299,0.00328016611407576,-2.00852246613724E-19));
#1941=CARTESIAN_POINT('',(0.501989893148104,0.00337733943211256,0.16));
#1942=CARTESIAN_POINT('',(0.500732939505992,0.00333270565953265,0.16));
#1943=CARTESIAN_POINT('',(0.499476247264299,0.00328016611407577,0.16));
#1944=CARTESIAN_POINT('',(0.498220059482857,0.00321748394408874,-1.97014070671814E-19));
#1945=CARTESIAN_POINT('',(0.497591965592136,0.00318614285909522,-1.95094982700858E-19));
#1946=CARTESIAN_POINT('',(0.496963992918419,0.00315229807392362,-1.93022587309446E-19));
#1947=CARTESIAN_POINT('',(0.498220059482857,0.00321748394408875,0.16));
#1948=CARTESIAN_POINT('',(0.497591965592136,0.00318614285909523,0.16));
#1949=CARTESIAN_POINT('',(0.496963992918419,0.00315229807392363,0.16));
#1950=CARTESIAN_POINT('',(0.49633619548289,0.00311552176668858,-1.90770687962454E-19));
#1951=CARTESIAN_POINT('',(0.495708398047361,0.00307874545945355,-1.88518788615462E-19));
#1952=CARTESIAN_POINT('',(0.495080751040293,0.00303921406260826,-1.86098188684842E-19));
#1953=CARTESIAN_POINT('',(0.49633619548289,0.00311552176668859,0.16));
#1954=CARTESIAN_POINT('',(0.495708398047361,0.00307874545945356,0.16));
#1955=CARTESIAN_POINT('',(0.495080751040293,0.00303921406260827,0.16));
#1956=CARTESIAN_POINT('',(0.494453358114684,0.00299614896745779,-1.83461212138291E-19));
#1957=CARTESIAN_POINT('',(0.493198572263467,0.00291001877715683,-1.7818725904519E-19));
#1958=CARTESIAN_POINT('',(0.491944572390294,0.00281130937388052,-1.72143051306787E-19));
#1959=CARTESIAN_POINT('',(0.494453358114684,0.0029961489674578,0.16));
#1960=CARTESIAN_POINT('',(0.493198572263467,0.00291001877715684,0.16));
#1961=CARTESIAN_POINT('',(0.491944572390294,0.00281130937388053,0.16));
#1962=CARTESIAN_POINT('',(0.490692384545639,0.00269317983422587,-1.64909703175646E-19));
#1963=CARTESIAN_POINT('',(0.490066290623311,0.00263411506439854,-1.61293029110075E-19));
#1964=CARTESIAN_POINT('',(0.489440646689104,0.00257021939673692,-1.57380547866016E-19));
#1965=CARTESIAN_POINT('',(0.490692384545639,0.00269317983422588,0.16));
#1966=CARTESIAN_POINT('',(0.490066290623311,0.00263411506439855,0.16));
#1967=CARTESIAN_POINT('',(0.489440646689104,0.00257021939673693,0.16));
#1968=CARTESIAN_POINT('',(0.488815667656035,0.00250026946097496,-1.53097349619443E-19));
#1969=CARTESIAN_POINT('',(0.488190688622965,0.002430319525213,-1.48814151372871E-19));
#1970=CARTESIAN_POINT('',(0.487566409520153,0.00235409381057317,-1.44146672500552E-19));
#1971=CARTESIAN_POINT('',(0.488815667656035,0.00250026946097497,0.16));
#1972=CARTESIAN_POINT('',(0.488190688622965,0.00243031952521301,0.16));
#1973=CARTESIAN_POINT('',(0.487566409520153,0.00235409381057318,0.16));
#1974=CARTESIAN_POINT('',(0.486943230734811,0.00226961326933103,-1.38973731279431E-19));
#1975=CARTESIAN_POINT('',(0.486320051949468,0.00218513272808889,-1.33800790058309E-19));
#1976=CARTESIAN_POINT('',(0.485697997746533,0.00209221865005287,-1.28111443645182E-19));
#1977=CARTESIAN_POINT('',(0.486943230734811,0.00226961326933104,0.16));
#1978=CARTESIAN_POINT('',(0.486320051949468,0.0021851327280889,0.16));
#1979=CARTESIAN_POINT('',(0.485697997746533,0.00209221865005288,0.16));
#1980=CARTESIAN_POINT('',(0.485077971579708,0.00198701721305092,-1.21669713490675E-19));
#1981=CARTESIAN_POINT('',(0.484767958496295,0.00193441649454995,-1.18448848413422E-19));
#1982=CARTESIAN_POINT('',(0.484458508817108,0.00187852977563418,-1.15026773841669E-19));
#1983=CARTESIAN_POINT('',(0.485077971579708,0.00198701721305093,0.16));
#1984=CARTESIAN_POINT('',(0.484767958496295,0.00193441649454995,0.16));
#1985=CARTESIAN_POINT('',(0.484458508817108,0.00187852977563418,0.16));
#1986=CARTESIAN_POINT('',(0.484149845162696,0.00181853642504424,-1.11353240603165E-19));
#1987=CARTESIAN_POINT('',(0.483841181508283,0.0017585430744543,-1.0767970736466E-19));
#1988=CARTESIAN_POINT('',(0.483533318317873,0.00169439476066853,-1.03751756007238E-19));
#1989=CARTESIAN_POINT('',(0.484149845162696,0.00181853642504425,0.16));
#1990=CARTESIAN_POINT('',(0.483841181508283,0.00175854307445431,0.16));
#1991=CARTESIAN_POINT('',(0.483533318317873,0.00169439476066854,0.16));
#1992=CARTESIAN_POINT('',(0.483226731336765,0.00162453400584377,-9.94740185181301E-20));
#1993=CARTESIAN_POINT('',(0.482920144355657,0.00155467325101901,-9.51962810290219E-20));
#1994=CARTESIAN_POINT('',(0.482614819340771,0.00147910010812931,-9.05687606519533E-20));
#1995=CARTESIAN_POINT('',(0.483226731336765,0.00162453400584378,0.16));
#1996=CARTESIAN_POINT('',(0.482920144355657,0.00155467325101902,0.16));
#1997=CARTESIAN_POINT('',(0.482614819340771,0.00147910010812932,0.16));
#1998=CARTESIAN_POINT('',(0.482311967769028,0.0013945442276941,-8.53912062357499E-20));
#1999=CARTESIAN_POINT('',(0.482160541983156,0.0013522662874765,-8.28024290276483E-20));
#2000=CARTESIAN_POINT('',(0.482009686402214,0.00130785753474151,-8.00831771830971E-20));
#2001=CARTESIAN_POINT('',(0.482311967769028,0.00139454422769411,0.16));
#2002=CARTESIAN_POINT('',(0.482160541983156,0.00135226628747651,0.16));
#2003=CARTESIAN_POINT('',(0.482009686402214,0.00130785753474152,0.16));
#2004=CARTESIAN_POINT('',(0.481859817486333,0.00126035681201409,-7.71745967808311E-20));
#2005=CARTESIAN_POINT('',(0.481709948570452,0.00121285608928667,-7.42660163785649E-20));
#2006=CARTESIAN_POINT('',(0.481560955237843,0.0011624863488676,-7.11817593096603E-20));
#2007=CARTESIAN_POINT('',(0.481859817486333,0.0012603568120141,0.16));
#2008=CARTESIAN_POINT('',(0.481709948570452,0.00121285608928668,0.16));
#2009=CARTESIAN_POINT('',(0.481560955237843,0.00116248634886761,0.16));
#2010=CARTESIAN_POINT('',(0.481413539771823,0.00110784728654658,-6.78360816706678E-20));
#2011=CARTESIAN_POINT('',(0.481266124305804,0.00105320822422557,-6.44904040316753E-20));
#2012=CARTESIAN_POINT('',(0.481120074529736,0.000994637602652885,-6.09039878200226E-20));
#2013=CARTESIAN_POINT('',(0.481413539771823,0.00110784728654659,0.16));
#2014=CARTESIAN_POINT('',(0.481266124305804,0.00105320822422557,0.16));
#2015=CARTESIAN_POINT('',(0.481120074529736,0.000994637602652895,0.16));
#2016=CARTESIAN_POINT('',(0.480977004062892,0.000929486864397173,-5.69146556666754E-20));
#2017=CARTESIAN_POINT('',(0.480833933596049,0.000864336126141462,-5.29253235133282E-20));
#2018=CARTESIAN_POINT('',(0.480693345608908,0.000793177200707969,-4.85680960001836E-20));
#2019=CARTESIAN_POINT('',(0.480977004062892,0.000929486864397182,0.16));
#2020=CARTESIAN_POINT('',(0.480833933596049,0.000864336126141472,0.16));
#2021=CARTESIAN_POINT('',(0.480693345608908,0.000793177200707979,0.16));
#2022=CARTESIAN_POINT('',(0.48055942508424,0.000710813410785877,-4.35247684154968E-20));
#2023=CARTESIAN_POINT('',(0.480492464821906,0.000669631515824831,-4.10031046231535E-20));
#2024=CARTESIAN_POINT('',(0.48042714271467,0.000625669599806337,-3.83112136363318E-20));
#2025=CARTESIAN_POINT('',(0.48055942508424,0.000710813410785887,0.16));
#2026=CARTESIAN_POINT('',(0.480492464821906,0.00066963151582484,0.16));
#2027=CARTESIAN_POINT('',(0.48042714271467,0.000625669599806347,0.16));
#2028=CARTESIAN_POINT('',(0.480364914512348,0.000577642057053185,-3.53703748111538E-20));
#2029=CARTESIAN_POINT('',(0.480302686310026,0.000529614514300029,-3.24295359859755E-20));
#2030=CARTESIAN_POINT('',(0.480243290440178,0.000477627399408626,-2.92462432935424E-20));
#2031=CARTESIAN_POINT('',(0.480364914512348,0.000577642057053194,0.16));
#2032=CARTESIAN_POINT('',(0.480302686310026,0.000529614514300039,0.16));
#2033=CARTESIAN_POINT('',(0.480243290440178,0.000477627399408636,0.16));
#2034=CARTESIAN_POINT('',(0.480190037436992,0.000419814529047477,-2.57062259616773E-20));
#2035=CARTESIAN_POINT('',(0.480136784433806,0.000362001658686328,-2.21662086298122E-20));
#2036=CARTESIAN_POINT('',(0.480089372309502,0.000298219931067011,-1.8260704201158E-20));
#2037=CARTESIAN_POINT('',(0.480190037436992,0.000419814529047487,0.16));
#2038=CARTESIAN_POINT('',(0.480136784433806,0.000362001658686338,0.16));
#2039=CARTESIAN_POINT('',(0.480089372309502,0.000298219931067021,0.16));
#2040=CARTESIAN_POINT('',(0.480054898611975,0.000227527008179517,-1.3932011114331E-20));
#2041=CARTESIAN_POINT('',(0.480037661763212,0.000192180546735772,-1.17676645709176E-20));
#2042=CARTESIAN_POINT('',(0.480023757394695,0.000155098496810675,-9.49704388358798E-21));
#2043=CARTESIAN_POINT('',(0.480054898611975,0.000227527008179527,0.16));
#2044=CARTESIAN_POINT('',(0.480037661763212,0.000192180546735782,0.16));
#2045=CARTESIAN_POINT('',(0.480023757394695,0.000155098496810685,0.16));
#2046=CARTESIAN_POINT('',(0.480014365820962,0.000116974729478282,-7.16263640183527E-21));
#2047=CARTESIAN_POINT('',(0.480004974247228,7.88509621458883E-05,-4.82822892008256E-21));
#2048=CARTESIAN_POINT('',(0.48,3.90443898792554E-05,-2.39077935451457E-21));
#2049=CARTESIAN_POINT('',(0.48,0.,0.));
#2050=CARTESIAN_POINT('',(0.480014365820962,0.000116974729478292,0.16));
#2051=CARTESIAN_POINT('',(0.480004974247228,7.88509621458981E-05,0.16));
#2052=CARTESIAN_POINT('',(0.48,3.90443898792652E-05,0.16));
#2053=CARTESIAN_POINT('',(0.48,9.79717439317883E-18,0.16));
#2054=B_SPLINE_SURFACE_WITH_KNOTS('Surf_TFUHXUASES, Fin_Top, 0, 10, upper',1,3,((#2055, #2056, #2057, #2061, #2062, #2063, #2067, #2068, #2069, #2073, #2074, #2075, #2079, #2080, #2081, #2085, #2086, #2087, #2091, #2092, #2093, #2097, #2098, #2099, #2103, #2104, #2105, #2109, #2110, #2111, #2115, #2116, #2117, #2121, #2122, #2123, #2127, #2128, #2129, #2133, #2134, #2135, #2139, #2140, #2141, #2145, #2146, #2147, #2151, #2152, #2153, #2157, #2158, #2159, #2163, #2164, #2165, #2169, #2170, #2171, #2175, #2176, #2177, #2181, #2182, #2183, #2187, #2188, #2189, #2193, #2194, #2195, #2199, #2200, #2201, #2205, #2206, #2207, #2211, #2212, #2213, #2217, #2218, #2219, #2223, #2224, #2225, #2226),(#2058, #2059, #2060, #2064, #2065, #2066, #2070, #2071, #2072, #2076, #2077, #2078, #2082, #2083, #2084, #2088, #2089, #2090, #2094, #2095, #2096, #2100, #2101, #2102, #2106, #2107, #2108, #2112, #2113, #2114, #2118, #2119, #2120, #2124, #2125, #2126, #2130, #2131, #2132, #2136, #2137, #2138, #2142, #2143, #2144, #2148, #2149, #2150, #2154, #2155, #2156, #2160, #2161, #2162, #2166, #2167, #2168, #2172, #2173, #2174, #2178, #2179, #2180, #2184, #2185, #2186, #2190, #2191, #2192, #2196, #2197, #2198, #2202, #2203, #2204, #2208, #2209, #2210, #2214, #2215, #2216, #2220, #2221, #2222, #2227, #2228, #2229, #2230)),.UNSPECIFIED.,.F.,.F.,.F.,(2,2),(4,3,3,3,3,3,3,3,3,3,3,3,3,3,3,3,3,3,3,3,3,3,3,3,3,3,3,3,3,4),(0.,1.),(0.,1.,2.,3.,4.,5.,6.,7.,8.,9.,10.,11.,12.,13.,14.,15.,16.,17.,18.,19.,20.,21.,22.,23.,24.,25.,26.,27.,28.,29.),.PIECEWISE_BEZIER_KNOTS.);
#2055=CARTESIAN_POINT('',(0.48,0.,0.));
#2056=CARTESIAN_POINT('',(0.48,-3.9044389879251E-05,2.3907793545143E-21));
#2057=CARTESIAN_POINT('',(0.480004974247228,-7.88509621458918E-05,4.82822892008277E-21));
#2058=CARTESIAN_POINT('',(0.48,9.79717439317883E-18,0.16));
#2059=CARTESIAN_POINT('',(0.48,-3.90443898792412E-05,0.16));
#2060=CARTESIAN_POINT('',(0.480004974247228,-7.8850962145882E-05,0.16));
#2061=CARTESIAN_POINT('',(0.480014365820962,-0.000116974729478282,7.16263640183531E-21));
#2062=CARTESIAN_POINT('',(0.480023757394695,-0.000155098496810682,9.49704388358837E-21));
#2063=CARTESIAN_POINT('',(0.480037661763212,-0.000192180546735737,1.17676645709154E-20));
#2064=CARTESIAN_POINT('',(0.480014365820962,-0.000116974729478273,0.16));
#2065=CARTESIAN_POINT('',(0.480023757394695,-0.000155098496810672,0.16));
#2066=CARTESIAN_POINT('',(0.480037661763212,-0.000192180546735727,0.16));
#2067=CARTESIAN_POINT('',(0.480054898611975,-0.000227527008179508,1.39320111143304E-20));
#2068=CARTESIAN_POINT('',(0.480089372309502,-0.000298219931067051,1.82607042011604E-20));
#2069=CARTESIAN_POINT('',(0.480136784433806,-0.000362001658686311,2.21662086298111E-20));
#2070=CARTESIAN_POINT('',(0.480054898611975,-0.000227527008179498,0.16));
#2071=CARTESIAN_POINT('',(0.480089372309502,-0.000298219931067041,0.16));
#2072=CARTESIAN_POINT('',(0.480136784433806,-0.000362001658686301,0.16));
#2073=CARTESIAN_POINT('',(0.480190037436992,-0.000419814529047486,2.57062259616778E-20));
#2074=CARTESIAN_POINT('',(0.480243290440178,-0.000477627399408654,2.92462432935441E-20));
#2075=CARTESIAN_POINT('',(0.480302686310026,-0.000529614514300058,3.24295359859773E-20));
#2076=CARTESIAN_POINT('',(0.480190037436992,-0.000419814529047476,0.16));
#2077=CARTESIAN_POINT('',(0.480243290440178,-0.000477627399408645,0.16));
#2078=CARTESIAN_POINT('',(0.480302686310026,-0.000529614514300048,0.16));
#2079=CARTESIAN_POINT('',(0.480364914512348,-0.000577642057053194,3.53703748111543E-20));
#2080=CARTESIAN_POINT('',(0.48042714271467,-0.000625669599806331,3.83112136363314E-20));
#2081=CARTESIAN_POINT('',(0.480492464821906,-0.000669631515824842,4.10031046231542E-20));
#2082=CARTESIAN_POINT('',(0.480364914512348,-0.000577642057053184,0.16));
#2083=CARTESIAN_POINT('',(0.48042714271467,-0.000625669599806321,0.16));
#2084=CARTESIAN_POINT('',(0.480492464821906,-0.000669631515824832,0.16));
#2085=CARTESIAN_POINT('',(0.48055942508424,-0.000710813410785884,4.35247684154973E-20));
#2086=CARTESIAN_POINT('',(0.480693345608908,-0.000793177200707969,4.85680960001836E-20));
#2087=CARTESIAN_POINT('',(0.480833933596049,-0.000864336126141427,5.2925323513326E-20));
#2088=CARTESIAN_POINT('',(0.48055942508424,-0.000710813410785875,0.16));
#2089=CARTESIAN_POINT('',(0.480693345608908,-0.000793177200707959,0.16));
#2090=CARTESIAN_POINT('',(0.480833933596049,-0.000864336126141417,0.16));
#2091=CARTESIAN_POINT('',(0.480977004062892,-0.00092948686439715,5.6914655666674E-20));
#2092=CARTESIAN_POINT('',(0.481120074529736,-0.000994637602652874,6.0903987820022E-20));
#2093=CARTESIAN_POINT('',(0.481266124305804,-0.00105320822422555,6.44904040316745E-20));
#2094=CARTESIAN_POINT('',(0.480977004062892,-0.000929486864397141,0.16));
#2095=CARTESIAN_POINT('',(0.481120074529736,-0.000994637602652864,0.16));
#2096=CARTESIAN_POINT('',(0.481266124305804,-0.00105320822422554,0.16));
#2097=CARTESIAN_POINT('',(0.481413539771823,-0.00110784728654657,6.7836081670667E-20));
#2098=CARTESIAN_POINT('',(0.481560955237843,-0.00116248634886759,7.11817593096594E-20));
#2099=CARTESIAN_POINT('',(0.481709948570452,-0.00121285608928667,7.42660163785647E-20));
#2100=CARTESIAN_POINT('',(0.481413539771823,-0.00110784728654656,0.16));
#2101=CARTESIAN_POINT('',(0.481560955237843,-0.00116248634886758,0.16));
#2102=CARTESIAN_POINT('',(0.481709948570452,-0.00121285608928666,0.16));
#2103=CARTESIAN_POINT('',(0.481859817486333,-0.00126035681201409,7.71745967808309E-20));
#2104=CARTESIAN_POINT('',(0.482009686402214,-0.00130785753474152,8.00831771830973E-20));
#2105=CARTESIAN_POINT('',(0.482160541983156,-0.0013522662874765,8.28024290276483E-20));
#2106=CARTESIAN_POINT('',(0.481859817486333,-0.00126035681201408,0.16));
#2107=CARTESIAN_POINT('',(0.482009686402214,-0.00130785753474151,0.16));
#2108=CARTESIAN_POINT('',(0.482160541983156,-0.00135226628747649,0.16));
#2109=CARTESIAN_POINT('',(0.482311967769028,-0.0013945442276941,8.53912062357498E-20));
#2110=CARTESIAN_POINT('',(0.482614819340771,-0.0014791001081293,9.05687606519526E-20));
#2111=CARTESIAN_POINT('',(0.482920144355657,-0.00155467325101901,9.51962810290221E-20));
#2112=CARTESIAN_POINT('',(0.482311967769028,-0.00139454422769409,0.16));
#2113=CARTESIAN_POINT('',(0.482614819340771,-0.00147910010812929,0.16));
#2114=CARTESIAN_POINT('',(0.482920144355657,-0.001554673251019,0.16));
#2115=CARTESIAN_POINT('',(0.483226731336765,-0.00162453400584377,9.94740185181301E-20));
#2116=CARTESIAN_POINT('',(0.483533318317873,-0.00169439476066853,1.03751756007238E-19));
#2117=CARTESIAN_POINT('',(0.483841181508284,-0.00175854307445431,1.07679707364661E-19));
#2118=CARTESIAN_POINT('',(0.483226731336765,-0.00162453400584376,0.16));
#2119=CARTESIAN_POINT('',(0.483533318317873,-0.00169439476066852,0.16));
#2120=CARTESIAN_POINT('',(0.483841181508284,-0.0017585430744543,0.16));
#2121=CARTESIAN_POINT('',(0.484149845162696,-0.00181853642504423,1.11353240603165E-19));
#2122=CARTESIAN_POINT('',(0.484458508817108,-0.00187852977563416,1.15026773841668E-19));
#2123=CARTESIAN_POINT('',(0.484767958496295,-0.00193441649454995,1.18448848413422E-19));
#2124=CARTESIAN_POINT('',(0.484149845162696,-0.00181853642504422,0.16));
#2125=CARTESIAN_POINT('',(0.484458508817108,-0.00187852977563415,0.16));
#2126=CARTESIAN_POINT('',(0.484767958496295,-0.00193441649454994,0.16));
#2127=CARTESIAN_POINT('',(0.485077971579708,-0.00198701721305092,1.21669713490675E-19));
#2128=CARTESIAN_POINT('',(0.485697997746533,-0.00209221865005286,1.28111443645182E-19));
#2129=CARTESIAN_POINT('',(0.486320051949468,-0.0021851327280889,1.3380079005831E-19));
#2130=CARTESIAN_POINT('',(0.485077971579708,-0.00198701721305091,0.16));
#2131=CARTESIAN_POINT('',(0.485697997746533,-0.00209221865005285,0.16));
#2132=CARTESIAN_POINT('',(0.486320051949468,-0.00218513272808889,0.16));
#2133=CARTESIAN_POINT('',(0.486943230734811,-0.00226961326933104,1.38973731279431E-19));
#2134=CARTESIAN_POINT('',(0.487566409520153,-0.00235409381057317,1.44146672500552E-19));
#2135=CARTESIAN_POINT('',(0.488190688622965,-0.00243031952521299,1.4881415137287E-19));
#2136=CARTESIAN_POINT('',(0.486943230734811,-0.00226961326933103,0.16));
#2137=CARTESIAN_POINT('',(0.487566409520153,-0.00235409381057316,0.16));
#2138=CARTESIAN_POINT('',(0.488190688622965,-0.00243031952521298,0.16));
#2139=CARTESIAN_POINT('',(0.488815667656035,-0.00250026946097496,1.53097349619443E-19));
#2140=CARTESIAN_POINT('',(0.489440646689104,-0.00257021939673692,1.57380547866016E-19));
#2141=CARTESIAN_POINT('',(0.490066290623311,-0.00263411506439855,1.61293029110075E-19));
#2142=CARTESIAN_POINT('',(0.488815667656035,-0.00250026946097495,0.16));
#2143=CARTESIAN_POINT('',(0.489440646689104,-0.00257021939673691,0.16));
#2144=CARTESIAN_POINT('',(0.490066290623311,-0.00263411506439854,0.16));
#2145=CARTESIAN_POINT('',(0.490692384545639,-0.00269317983422587,1.64909703175646E-19));
#2146=CARTESIAN_POINT('',(0.491944572390294,-0.00281130937388052,1.72143051306787E-19));
#2147=CARTESIAN_POINT('',(0.493198572263467,-0.00291001877715683,1.7818725904519E-19));
#2148=CARTESIAN_POINT('',(0.490692384545639,-0.00269317983422586,0.16));
#2149=CARTESIAN_POINT('',(0.491944572390294,-0.00281130937388051,0.16));
#2150=CARTESIAN_POINT('',(0.493198572263467,-0.00291001877715682,0.16));
#2151=CARTESIAN_POINT('',(0.494453358114684,-0.00299614896745779,1.83461212138291E-19));
#2152=CARTESIAN_POINT('',(0.495080751040293,-0.00303921406260827,1.86098188684842E-19));
#2153=CARTESIAN_POINT('',(0.495708398047361,-0.00307874545945355,1.88518788615462E-19));
#2154=CARTESIAN_POINT('',(0.494453358114684,-0.00299614896745778,0.16));
#2155=CARTESIAN_POINT('',(0.495080751040293,-0.00303921406260826,0.16));
#2156=CARTESIAN_POINT('',(0.495708398047361,-0.00307874545945354,0.16));
#2157=CARTESIAN_POINT('',(0.49633619548289,-0.00311552176668858,1.90770687962454E-19));
#2158=CARTESIAN_POINT('',(0.496963992918419,-0.00315229807392362,1.93022587309446E-19));
#2159=CARTESIAN_POINT('',(0.497591965592136,-0.00318614285909523,1.95094982700858E-19));
#2160=CARTESIAN_POINT('',(0.49633619548289,-0.00311552176668857,0.16));
#2161=CARTESIAN_POINT('',(0.496963992918419,-0.00315229807392361,0.16));
#2162=CARTESIAN_POINT('',(0.497591965592136,-0.00318614285909522,0.16));
#2163=CARTESIAN_POINT('',(0.498220059482857,-0.00321748394408874,1.97014070671814E-19));
#2164=CARTESIAN_POINT('',(0.499476247264299,-0.00328016611407576,2.00852246613724E-19));
#2165=CARTESIAN_POINT('',(0.500732939505992,-0.00333270565953264,2.04069365922346E-19));
#2166=CARTESIAN_POINT('',(0.498220059482857,-0.00321748394408873,0.16));
#2167=CARTESIAN_POINT('',(0.499476247264299,-0.00328016611407575,0.16));
#2168=CARTESIAN_POINT('',(0.500732939505992,-0.00333270565953263,0.16));
#2169=CARTESIAN_POINT('',(0.501989893148104,-0.00337733943211255,2.06802396258539E-19));
#2170=CARTESIAN_POINT('',(0.503246846790215,-0.00342197320469247,2.09535426594732E-19));
#2171=CARTESIAN_POINT('',(0.504504100626019,-0.00345834704790503,2.1176268212788E-19));
#2172=CARTESIAN_POINT('',(0.501989893148104,-0.00337733943211254,0.16));
#2173=CARTESIAN_POINT('',(0.503246846790215,-0.00342197320469246,0.16));
#2174=CARTESIAN_POINT('',(0.504504100626019,-0.00345834704790502,0.16));
#2175=CARTESIAN_POINT('',(0.505761500090508,-0.00348811385326014,2.13585373272829E-19));
#2176=CARTESIAN_POINT('',(0.507018899554996,-0.00351788065861526,2.15408064417778E-19));
#2177=CARTESIAN_POINT('',(0.508276446542185,-0.00354103553486319,2.16825891671862E-19));
#2178=CARTESIAN_POINT('',(0.505761500090508,-0.00348811385326013,0.16));
#2179=CARTESIAN_POINT('',(0.507018899554996,-0.00351788065861525,0.16));
#2180=CARTESIAN_POINT('',(0.508276446542185,-0.00354103553486318,0.16));
#2181=CARTESIAN_POINT('',(0.509534077989019,-0.00355837213446033,2.17887452232099E-19));
#2182=CARTESIAN_POINT('',(0.512049340882689,-0.0035930453336546,2.20010573352572E-19));
#2183=CARTESIAN_POINT('',(0.514564898919912,-0.00360493088911424,2.20738353725059E-19));
#2184=CARTESIAN_POINT('',(0.509534077989019,-0.00355837213446032,0.16));
#2185=CARTESIAN_POINT('',(0.512049340882689,-0.00359304533365459,0.16));
#2186=CARTESIAN_POINT('',(0.514564898919912,-0.00360493088911423,0.16));
#2187=CARTESIAN_POINT('',(0.517080387512728,-0.00359987981040811,2.20429064356574E-19));
#2188=CARTESIAN_POINT('',(0.519595876105545,-0.00359482873170199,2.20119774988089E-19));
#2189=CARTESIAN_POINT('',(0.522111325734643,-0.00357237112125791,2.18744642950747E-19));
#2190=CARTESIAN_POINT('',(0.517080387512728,-0.0035998798104081,0.16));
#2191=CARTESIAN_POINT('',(0.519595876105545,-0.00359482873170198,0.16));
#2192=CARTESIAN_POINT('',(0.522111325734643,-0.0035723711212579,0.16));
#2193=CARTESIAN_POINT('',(0.524626567167855,-0.00353636477707973,2.16539890243407E-19));
#2194=CARTESIAN_POINT('',(0.527141808601067,-0.00350035843290155,2.14335137536066E-19));
#2195=CARTESIAN_POINT('',(0.529656847156979,-0.00345086018413173,2.11304243940099E-19));
#2196=CARTESIAN_POINT('',(0.524626567167855,-0.00353636477707972,0.16));
#2197=CARTESIAN_POINT('',(0.527141808601067,-0.00350035843290154,0.16));
#2198=CARTESIAN_POINT('',(0.529656847156979,-0.00345086018413172,0.16));
#2199=CARTESIAN_POINT('',(0.532171617646684,-0.0033902395546127,2.07592300944959E-19));
#2200=CARTESIAN_POINT('',(0.534686388136388,-0.00332961892509366,2.0388035794982E-19));
#2201=CARTESIAN_POINT('',(0.537200887092063,-0.00325822860756552,1.99508961757273E-19));
#2202=CARTESIAN_POINT('',(0.532171617646684,-0.00339023955461269,0.16));
#2203=CARTESIAN_POINT('',(0.534686388136388,-0.00332961892509365,0.16));
#2204=CARTESIAN_POINT('',(0.537200887092063,-0.00325822860756551,0.16));
#2205=CARTESIAN_POINT('',(0.539715095309244,-0.00317763131846864,1.9457380115165E-19));
#2206=CARTESIAN_POINT('',(0.544743511743605,-0.00301643674027487,1.84703479940405E-19));
#2207=CARTESIAN_POINT('',(0.54977074987597,-0.00281975584646328,1.72660248587415E-19));
#2208=CARTESIAN_POINT('',(0.539715095309244,-0.00317763131846863,0.16));
#2209=CARTESIAN_POINT('',(0.544743511743605,-0.00301643674027486,0.16));
#2210=CARTESIAN_POINT('',(0.54977074987597,-0.00281975584646327,0.16));
#2211=CARTESIAN_POINT('',(0.554796828472497,-0.00259745297798923,1.59048123771514E-19));
#2212=CARTESIAN_POINT('',(0.559822907069025,-0.00237515010951519,1.45435998955613E-19));
#2213=CARTESIAN_POINT('',(0.564847838827164,-0.00212716541866197,1.30251316061066E-19));
#2214=CARTESIAN_POINT('',(0.554796828472497,-0.00259745297798922,0.16));
#2215=CARTESIAN_POINT('',(0.559822907069025,-0.00237515010951518,0.16));
#2216=CARTESIAN_POINT('',(0.564847838827164,-0.00212716541866196,0.16));
#2217=CARTESIAN_POINT('',(0.56987165063954,-0.00185845572515393,1.13797592758342E-19));
#2218=CARTESIAN_POINT('',(0.574895462451917,-0.0015897460316459,9.73438694556179E-20));
#2219=CARTESIAN_POINT('',(0.579918161387353,-0.00130028390680004,7.96194262222744E-20));
#2220=CARTESIAN_POINT('',(0.56987165063954,-0.00185845572515393,0.16));
#2221=CARTESIAN_POINT('',(0.574895462451917,-0.00158974603164589,0.16));
#2222=CARTESIAN_POINT('',(0.579918161387353,-0.00130028390680003,0.16));
#2223=CARTESIAN_POINT('',(0.584939630321376,-0.000990873550382356,6.06735060917763E-20));
#2224=CARTESIAN_POINT('',(0.589961099255399,-0.000681463193964669,4.17275859612782E-20));
#2225=CARTESIAN_POINT('',(0.59498134303945,-0.000352083655278718,2.15589060734591E-20));
#2226=CARTESIAN_POINT('',(0.6,0.,0.));
#2227=CARTESIAN_POINT('',(0.584939630321376,-0.000990873550382346,0.16));
#2228=CARTESIAN_POINT('',(0.589961099255399,-0.000681463193964659,0.16));
#2229=CARTESIAN_POINT('',(0.59498134303945,-0.000352083655278708,0.16));
#2230=CARTESIAN_POINT('',(0.6,9.79717439317883E-18,0.16));
#2231=B_SPLINE_SURFACE_WITH_KNOTS('Surf_TFUHXUASES, Fin_Top, 0, 13, lower',1,3,((#2232, #2233, #2234, #2238, #2239, #2240, #2244, #2245, #2246, #2250, #2251, #2252, #2256, #2257, #2258, #2262, #2263, #2264, #2268, #2269, #2270, #2274, #2275, #2276, #2280, #2281, #2282, #2286, #2287, #2288, #2292, #2293, #2294, #2298, #2299, #2300, #2304, #2305, #2306, #2310, #2311, #2312, #2316, #2317, #2318, #2322, #2323, #2324, #2328, #2329, #2330, #2334, #2335, #2336, #2340, #2341, #2342, #2346, #2347, #2348, #2352, #2353, #2354, #2358, #2359, #2360, #2364, #2365, #2366, #2370, #2371, #2372, #2376, #2377, #2378, #2382, #2383, #2384, #2388, #2389, #2390, #2394, #2395, #2396, #2400, #2401, #2402, #2403),(#2235, #2236, #2237, #2241, #2242, #2243, #2247, #2248, #2249, #2253, #2254, #2255, #2259, #2260, #2261, #2265, #2266, #2267, #2271, #2272, #2273, #2277, #2278, #2279, #2283, #2284, #2285, #2289, #2290, #2291, #2295, #2296, #2297, #2301, #2302, #2303, #2307, #2308, #2309, #2313, #2314, #2315, #2319, #2320, #2321, #2325, #2326, #2327, #2331, #2332, #2333, #2337, #2338, #2339, #2343, #2344, #2345, #2349, #2350, #2351, #2355, #2356, #2357, #2361, #2362, #2363, #2367, #2368, #2369, #2373, #2374, #2375, #2379, #2380, #2381, #2385, #2386, #2387, #2391, #2392, #2393, #2397, #2398, #2399, #2404, #2405, #2406, #2407)),.UNSPECIFIED.,.F.,.F.,.F.,(2,2),(4,3,3,3,3,3,3,3,3,3,3,3,3,3,3,3,3,3,3,3,3,3,3,3,3,3,3,3,3,4),(0.,1.),(0.,1.,2.,3.,4.,5.,6.,7.,8.,9.,10.,11.,12.,13.,14.,15.,16.,17.,18.,19.,20.,21.,22.,23.,24.,25.,26.,27.,28.,29.),.PIECEWISE_BEZIER_KNOTS.);
#2232=CARTESIAN_POINT('',(0.6,9.79717439317883E-18,0.16));
#2233=CARTESIAN_POINT('',(0.594981343039449,0.000352083655278783,0.16));
#2234=CARTESIAN_POINT('',(0.589961099255399,0.000681463193964677,0.16));
#2235=CARTESIAN_POINT('',(0.6,9.79717439317883E-18,0.16));
#2236=CARTESIAN_POINT('',(0.59498134303945,3.73901196829349E-17,0.16));
#2237=CARTESIAN_POINT('',(0.589961099255399,8.71297222069332E-18,0.16));
#2238=CARTESIAN_POINT('',(0.584939630321376,0.000990873550382364,0.16));
#2239=CARTESIAN_POINT('',(0.579918161387353,0.00130028390680005,0.16));
#2240=CARTESIAN_POINT('',(0.574895462451917,0.00158974603164591,0.16));
#2241=CARTESIAN_POINT('',(0.584939630321376,9.14665308968752E-18,0.16));
#2242=CARTESIAN_POINT('',(0.579918161387353,9.90559461042738E-18,0.16));
#2243=CARTESIAN_POINT('',(0.574895462451917,9.14665308968752E-18,0.16));
#2244=CARTESIAN_POINT('',(0.56987165063954,0.00185845572515394,0.16));
#2245=CARTESIAN_POINT('',(0.564847838827164,0.00212716541866198,0.16));
#2246=CARTESIAN_POINT('',(0.559822907069025,0.00237515010951519,0.16));
#2247=CARTESIAN_POINT('',(0.56987165063954,8.60455200344477E-18,0.16));
#2248=CARTESIAN_POINT('',(0.564847838827164,7.84561048270492E-18,0.16));
#2249=CARTESIAN_POINT('',(0.559822907069025,7.19508917921361E-18,0.16));
#2250=CARTESIAN_POINT('',(0.554796828472497,0.00259745297798924,0.16));
#2251=CARTESIAN_POINT('',(0.54977074987597,0.00281975584646329,0.16));
#2252=CARTESIAN_POINT('',(0.544743511743605,0.00301643674027487,0.16));
#2253=CARTESIAN_POINT('',(0.554796828472497,8.92981265519042E-18,0.16));
#2254=CARTESIAN_POINT('',(0.54977074987597,1.06645361311672E-17,0.16));
#2255=CARTESIAN_POINT('',(0.544743511743605,8.92981265519042E-18,0.16));
#2256=CARTESIAN_POINT('',(0.539715095309244,0.00317763131846865,0.16));
#2257=CARTESIAN_POINT('',(0.537200887092063,0.00325822860756553,0.16));
#2258=CARTESIAN_POINT('',(0.534686388136388,0.00332961892509367,0.16));
#2259=CARTESIAN_POINT('',(0.539715095309244,1.00140148276759E-17,0.16));
#2260=CARTESIAN_POINT('',(0.537200887092063,1.06645361311672E-17,0.16));
#2261=CARTESIAN_POINT('',(0.534686388136388,8.49613178619622E-18,0.16));
#2262=CARTESIAN_POINT('',(0.532171617646684,0.00339023955461271,0.16));
#2263=CARTESIAN_POINT('',(0.529656847156979,0.00345086018413174,0.16));
#2264=CARTESIAN_POINT('',(0.527141808601067,0.00350035843290156,0.16));
#2265=CARTESIAN_POINT('',(0.532171617646684,9.79717439317883E-18,0.16));
#2266=CARTESIAN_POINT('',(0.529656847156979,1.10982170001614E-17,0.16));
#2267=CARTESIAN_POINT('',(0.527141808601067,1.0230855262173E-17,0.16));
#2268=CARTESIAN_POINT('',(0.524626567167855,0.00353636477707974,0.16));
#2269=CARTESIAN_POINT('',(0.522111325734643,0.00357237112125792,0.16));
#2270=CARTESIAN_POINT('',(0.519595876105545,0.003594828731702,0.16));
#2271=CARTESIAN_POINT('',(0.524626567167855,9.58033395868172E-18,0.16));
#2272=CARTESIAN_POINT('',(0.522111325734643,8.92981265519042E-18,0.16));
#2273=CARTESIAN_POINT('',(0.519595876105545,1.0230855262173E-17,0.16));
#2274=CARTESIAN_POINT('',(0.517080387512728,0.00359987981040812,0.16));
#2275=CARTESIAN_POINT('',(0.514564898919912,0.00360493088911425,0.16));
#2276=CARTESIAN_POINT('',(0.512049340882689,0.00359304533365461,0.16));
#2277=CARTESIAN_POINT('',(0.517080387512728,1.0230855262173E-17,0.16));
#2278=CARTESIAN_POINT('',(0.514564898919912,1.0230855262173E-17,0.16));
#2279=CARTESIAN_POINT('',(0.512049340882689,1.00140148276759E-17,0.16));
#2280=CARTESIAN_POINT('',(0.509534077989019,0.00355837213446034,0.16));
#2281=CARTESIAN_POINT('',(0.508276446542185,0.0035410355348632,0.16));
#2282=CARTESIAN_POINT('',(0.507018899554996,0.00351788065861527,0.16));
#2283=CARTESIAN_POINT('',(0.509534077989019,9.79717439317883E-18,0.16));
#2284=CARTESIAN_POINT('',(0.508276446542185,9.58033395868172E-18,0.16));
#2285=CARTESIAN_POINT('',(0.507018899554996,9.14665308968752E-18,0.16));
#2286=CARTESIAN_POINT('',(0.505761500090508,0.00348811385326015,0.16));
#2287=CARTESIAN_POINT('',(0.504504100626019,0.00345834704790504,0.16));
#2288=CARTESIAN_POINT('',(0.503246846790215,0.00342197320469248,0.16));
#2289=CARTESIAN_POINT('',(0.505761500090508,9.36349352418462E-18,0.16));
#2290=CARTESIAN_POINT('',(0.504504100626019,9.58033395868172E-18,0.16));
#2291=CARTESIAN_POINT('',(0.503246846790215,1.0230855262173E-17,0.16));
#2292=CARTESIAN_POINT('',(0.501989893148104,0.00337733943211256,0.16));
#2293=CARTESIAN_POINT('',(0.500732939505992,0.00333270565953265,0.16));
#2294=CARTESIAN_POINT('',(0.499476247264299,0.00328016611407577,0.16));
#2295=CARTESIAN_POINT('',(0.501989893148104,1.00140148276759E-17,0.16));
#2296=CARTESIAN_POINT('',(0.500732939505992,1.00140148276759E-17,0.16));
#2297=CARTESIAN_POINT('',(0.499476247264299,1.00140148276759E-17,0.16));
#2298=CARTESIAN_POINT('',(0.498220059482857,0.00321748394408875,0.16));
#2299=CARTESIAN_POINT('',(0.497591965592136,0.00318614285909523,0.16));
#2300=CARTESIAN_POINT('',(0.496963992918419,0.00315229807392363,0.16));
#2301=CARTESIAN_POINT('',(0.498220059482857,9.79717439317883E-18,0.16));
#2302=CARTESIAN_POINT('',(0.497591965592136,9.36349352418462E-18,0.16));
#2303=CARTESIAN_POINT('',(0.496963992918419,9.58033395868172E-18,0.16));
#2304=CARTESIAN_POINT('',(0.49633619548289,0.00311552176668859,0.16));
#2305=CARTESIAN_POINT('',(0.495708398047361,0.00307874545945356,0.16));
#2306=CARTESIAN_POINT('',(0.495080751040293,0.00303921406260827,0.16));
#2307=CARTESIAN_POINT('',(0.49633619548289,9.79717439317883E-18,0.16));
#2308=CARTESIAN_POINT('',(0.495708398047361,1.00140148276759E-17,0.16));
#2309=CARTESIAN_POINT('',(0.495080751040293,9.14665308968752E-18,0.16));
#2310=CARTESIAN_POINT('',(0.494453358114684,0.0029961489674578,0.16));
#2311=CARTESIAN_POINT('',(0.493198572263467,0.00291001877715684,0.16));
#2312=CARTESIAN_POINT('',(0.491944572390294,0.00281130937388053,0.16));
#2313=CARTESIAN_POINT('',(0.494453358114684,9.58033395868172E-18,0.16));
#2314=CARTESIAN_POINT('',(0.493198572263467,1.04476956966701E-17,0.16));
#2315=CARTESIAN_POINT('',(0.491944572390294,1.08813765656643E-17,0.16));
#2316=CARTESIAN_POINT('',(0.490692384545639,0.00269317983422588,0.16));
#2317=CARTESIAN_POINT('',(0.490066290623311,0.00263411506439855,0.16));
#2318=CARTESIAN_POINT('',(0.489440646689104,0.00257021939673693,0.16));
#2319=CARTESIAN_POINT('',(0.490692384545639,9.58033395868172E-18,0.16));
#2320=CARTESIAN_POINT('',(0.490066290623311,8.71297222069332E-18,0.16));
#2321=CARTESIAN_POINT('',(0.489440646689104,9.58033395868172E-18,0.16));
#2322=CARTESIAN_POINT('',(0.488815667656035,0.00250026946097497,0.16));
#2323=CARTESIAN_POINT('',(0.488190688622965,0.00243031952521301,0.16));
#2324=CARTESIAN_POINT('',(0.487566409520153,0.00235409381057318,0.16));
#2325=CARTESIAN_POINT('',(0.488815667656035,1.0230855262173E-17,0.16));
#2326=CARTESIAN_POINT('',(0.488190688622965,1.10982170001614E-17,0.16));
#2327=CARTESIAN_POINT('',(0.487566409520153,1.0230855262173E-17,0.16));
#2328=CARTESIAN_POINT('',(0.486943230734811,0.00226961326933104,0.16));
#2329=CARTESIAN_POINT('',(0.486320051949468,0.0021851327280889,0.16));
#2330=CARTESIAN_POINT('',(0.485697997746533,0.00209221865005288,0.16));
#2331=CARTESIAN_POINT('',(0.486943230734811,9.14665308968752E-18,0.16));
#2332=CARTESIAN_POINT('',(0.486320051949468,7.41192961371072E-18,0.16));
#2333=CARTESIAN_POINT('',(0.485697997746533,1.52181852556063E-17,0.16));
#2334=CARTESIAN_POINT('',(0.485077971579708,0.00198701721305093,0.16));
#2335=CARTESIAN_POINT('',(0.484767958496295,0.00193441649454995,0.16));
#2336=CARTESIAN_POINT('',(0.484458508817108,0.00187852977563418,0.16));
#2337=CARTESIAN_POINT('',(0.485077971579708,8.71297222069332E-18,0.16));
#2338=CARTESIAN_POINT('',(0.484767958496295,6.00246678947956E-18,0.16));
#2339=CARTESIAN_POINT('',(0.484458508817108,1.76034300350745E-17,0.16));
#2340=CARTESIAN_POINT('',(0.484149845162696,0.00181853642504425,0.16));
#2341=CARTESIAN_POINT('',(0.483841181508283,0.00175854307445431,0.16));
#2342=CARTESIAN_POINT('',(0.483533318317873,0.00169439476066854,0.16));
#2343=CARTESIAN_POINT('',(0.484149845162696,1.19655787381498E-17,0.16));
#2344=CARTESIAN_POINT('',(0.483841181508283,5.46036570323681E-18,0.16));
#2345=CARTESIAN_POINT('',(0.483533318317873,1.25076798243926E-17,0.16));
#2346=CARTESIAN_POINT('',(0.483226731336765,0.00162453400584378,0.16));
#2347=CARTESIAN_POINT('',(0.482920144355657,0.00155467325101902,0.16));
#2348=CARTESIAN_POINT('',(0.482614819340771,0.00147910010812932,0.16));
#2349=CARTESIAN_POINT('',(0.483226731336765,1.0230855262173E-17,0.16));
#2350=CARTESIAN_POINT('',(0.482920144355657,8.38771156894767E-18,0.16));
#2351=CARTESIAN_POINT('',(0.482614819340771,1.53266054728549E-17,0.16));
#2352=CARTESIAN_POINT('',(0.482311967769028,0.00139454422769411,0.16));
#2353=CARTESIAN_POINT('',(0.482160541983156,0.00135226628747651,0.16));
#2354=CARTESIAN_POINT('',(0.482009686402214,0.00130785753474152,0.16));
#2355=CARTESIAN_POINT('',(0.482311967769028,1.08813765656643E-17,0.16));
#2356=CARTESIAN_POINT('',(0.482160541983156,9.79717439317883E-18,0.16));
#2357=CARTESIAN_POINT('',(0.482009686402214,8.60455200344477E-18,0.16));
#2358=CARTESIAN_POINT('',(0.481859817486333,0.0012603568120141,0.16));
#2359=CARTESIAN_POINT('',(0.481709948570452,0.00121285608928668,0.16));
#2360=CARTESIAN_POINT('',(0.481560955237843,0.00116248634886761,0.16));
#2361=CARTESIAN_POINT('',(0.481859817486333,1.13150574346585E-17,0.16));
#2362=CARTESIAN_POINT('',(0.481709948570452,1.19655787381498E-17,0.16));
#2363=CARTESIAN_POINT('',(0.481560955237843,1.67360682970861E-17,0.16));
#2364=CARTESIAN_POINT('',(0.481413539771823,0.00110784728654659,0.16));
#2365=CARTESIAN_POINT('',(0.481266124305804,0.00105320822422557,0.16));
#2366=CARTESIAN_POINT('',(0.481120074529736,0.000994637602652895,0.16));
#2367=CARTESIAN_POINT('',(0.481413539771823,1.66276480798375E-17,0.16));
#2368=CARTESIAN_POINT('',(0.481266124305804,1.6519227862589E-17,0.16));
#2369=CARTESIAN_POINT('',(0.481120074529736,1.53266054728549E-17,0.16));
#2370=CARTESIAN_POINT('',(0.480977004062892,0.000929486864397182,0.16));
#2371=CARTESIAN_POINT('',(0.480833933596049,0.000864336126141472,0.16));
#2372=CARTESIAN_POINT('',(0.480693345608908,0.000793177200707979,0.16));
#2373=CARTESIAN_POINT('',(0.480977004062892,2.09102466611552E-17,0.16));
#2374=CARTESIAN_POINT('',(0.480833933596049,2.74154596960683E-17,0.16));
#2375=CARTESIAN_POINT('',(0.480693345608908,1.00682249363002E-17,0.16));
#2376=CARTESIAN_POINT('',(0.48055942508424,0.000710813410785887,0.16));
#2377=CARTESIAN_POINT('',(0.480492464821906,0.00066963151582484,0.16));
#2378=CARTESIAN_POINT('',(0.48042714271467,0.000625669599806347,0.16));
#2379=CARTESIAN_POINT('',(0.48055942508424,6.05667689810384E-18,0.16));
#2380=CARTESIAN_POINT('',(0.480492464821906,4.05090287900565E-18,0.16));
#2381=CARTESIAN_POINT('',(0.48042714271467,1.32666213451324E-17,0.16));
#2382=CARTESIAN_POINT('',(0.480364914512348,0.000577642057053194,0.16));
#2383=CARTESIAN_POINT('',(0.480302686310026,0.000529614514300039,0.16));
#2384=CARTESIAN_POINT('',(0.480243290440178,0.000477627399408636,0.16));
#2385=CARTESIAN_POINT('',(0.480364914512348,5.02668483424261E-18,0.16));
#2386=CARTESIAN_POINT('',(0.480302686310026,-4.56850439225411E-18,0.16));
#2387=CARTESIAN_POINT('',(0.480243290440178,-4.43297912069342E-18,0.16));
#2388=CARTESIAN_POINT('',(0.480190037436992,0.000419814529047487,0.16));
#2389=CARTESIAN_POINT('',(0.480136784433806,0.000362001658686338,0.16));
#2390=CARTESIAN_POINT('',(0.480089372309502,0.000298219931067021,0.16));
#2391=CARTESIAN_POINT('',(0.480190037436992,5.29773537736398E-18,0.16));
#2392=CARTESIAN_POINT('',(0.480136784433806,1.83352665015022E-17,0.16));
#2393=CARTESIAN_POINT('',(0.480089372309502,-1.0260565797803E-17,0.16));
#2394=CARTESIAN_POINT('',(0.480054898611975,0.000227527008179527,0.16));
#2395=CARTESIAN_POINT('',(0.480037661763212,0.000192180546735782,0.16));
#2396=CARTESIAN_POINT('',(0.480023757394695,0.000155098496810685,0.16));
#2397=CARTESIAN_POINT('',(0.480054898611975,1.4364376044774E-17,0.16));
#2398=CARTESIAN_POINT('',(0.480037661763212,2.76865102391896E-17,0.16));
#2399=CARTESIAN_POINT('',(0.480023757394695,6.62588303865873E-18,0.16));
#2400=CARTESIAN_POINT('',(0.480014365820962,0.000116974729478292,0.16));
#2401=CARTESIAN_POINT('',(0.480004974247228,7.88509621458981E-05,0.16));
#2402=CARTESIAN_POINT('',(0.48,3.90443898792652E-05,0.16));
#2403=CARTESIAN_POINT('',(0.48,9.79717439317883E-18,0.16));
#2404=CARTESIAN_POINT('',(0.480014365820962,9.51934758647942E-18,0.16));
#2405=CARTESIAN_POINT('',(0.480004974247228,8.04212212646792E-18,0.16));
#2406=CARTESIAN_POINT('',(0.48,1.20197888467741E-17,0.16));
#2407=CARTESIAN_POINT('',(0.48,9.79717439317883E-18,0.16));
#2408=B_SPLINE_SURFACE_WITH_KNOTS('Surf_TFUHXUASES, Fin_Top, 0, 16, upper',1,3,((#2409, #2410, #2411, #2415, #2416, #2417, #2421, #2422, #2423, #2427, #2428, #2429, #2433, #2434, #2435, #2439, #2440, #2441, #2445, #2446, #2447, #2451, #2452, #2453, #2457, #2458, #2459, #2463, #2464, #2465, #2469, #2470, #2471, #2475, #2476, #2477, #2481, #2482, #2483, #2487, #2488, #2489, #2493, #2494, #2495, #2499, #2500, #2501, #2505, #2506, #2507, #2511, #2512, #2513, #2517, #2518, #2519, #2523, #2524, #2525, #2529, #2530, #2531, #2535, #2536, #2537, #2541, #2542, #2543, #2547, #2548, #2549, #2553, #2554, #2555, #2559, #2560, #2561, #2565, #2566, #2567, #2571, #2572, #2573, #2577, #2578, #2579, #2580),(#2412, #2413, #2414, #2418, #2419, #2420, #2424, #2425, #2426, #2430, #2431, #2432, #2436, #2437, #2438, #2442, #2443, #2444, #2448, #2449, #2450, #2454, #2455, #2456, #2460, #2461, #2462, #2466, #2467, #2468, #2472, #2473, #2474, #2478, #2479, #2480, #2484, #2485, #2486, #2490, #2491, #2492, #2496, #2497, #2498, #2502, #2503, #2504, #2508, #2509, #2510, #2514, #2515, #2516, #2520, #2521, #2522, #2526, #2527, #2528, #2532, #2533, #2534, #2538, #2539, #2540, #2544, #2545, #2546, #2550, #2551, #2552, #2556, #2557, #2558, #2562, #2563, #2564, #2568, #2569, #2570, #2574, #2575, #2576, #2581, #2582, #2583, #2584)),.UNSPECIFIED.,.F.,.F.,.F.,(2,2),(4,3,3,3,3,3,3,3,3,3,3,3,3,3,3,3,3,3,3,3,3,3,3,3,3,3,3,3,3,4),(0.,1.),(0.,1.,2.,3.,4.,5.,6.,7.,8.,9.,10.,11.,12.,13.,14.,15.,16.,17.,18.,19.,20.,21.,22.,23.,24.,25.,26.,27.,28.,29.),.PIECEWISE_BEZIER_KNOTS.);
#2409=CARTESIAN_POINT('',(0.48,9.79717439317883E-18,0.16));
#2410=CARTESIAN_POINT('',(0.48,-3.90443898792412E-05,0.16));
#2411=CARTESIAN_POINT('',(0.480004974247228,-7.8850962145882E-05,0.16));
#2412=CARTESIAN_POINT('',(0.48,9.79717439317883E-18,0.16));
#2413=CARTESIAN_POINT('',(0.48,1.20197888467741E-17,0.16));
#2414=CARTESIAN_POINT('',(0.480004974247228,8.04212212646792E-18,0.16));
#2415=CARTESIAN_POINT('',(0.480014365820962,-0.000116974729478273,0.16));
#2416=CARTESIAN_POINT('',(0.480023757394695,-0.000155098496810672,0.16));
#2417=CARTESIAN_POINT('',(0.480037661763212,-0.000192180546735727,0.16));
#2418=CARTESIAN_POINT('',(0.480014365820962,9.51934758647942E-18,0.16));
#2419=CARTESIAN_POINT('',(0.480023757394695,6.62588303865873E-18,0.16));
#2420=CARTESIAN_POINT('',(0.480037661763212,2.76865102391896E-17,0.16));
#2421=CARTESIAN_POINT('',(0.480054898611975,-0.000227527008179498,0.16));
#2422=CARTESIAN_POINT('',(0.480089372309502,-0.000298219931067041,0.16));
#2423=CARTESIAN_POINT('',(0.480136784433806,-0.000362001658686301,0.16));
#2424=CARTESIAN_POINT('',(0.480054898611975,1.4364376044774E-17,0.16));
#2425=CARTESIAN_POINT('',(0.480089372309502,-1.0260565797803E-17,0.16));
#2426=CARTESIAN_POINT('',(0.480136784433806,1.83352665015022E-17,0.16));
#2427=CARTESIAN_POINT('',(0.480190037436992,-0.000419814529047476,0.16));
#2428=CARTESIAN_POINT('',(0.480243290440178,-0.000477627399408645,0.16));
#2429=CARTESIAN_POINT('',(0.480302686310026,-0.000529614514300048,0.16));
#2430=CARTESIAN_POINT('',(0.480190037436992,5.29773537736398E-18,0.16));
#2431=CARTESIAN_POINT('',(0.480243290440178,-4.43297912069342E-18,0.16));
#2432=CARTESIAN_POINT('',(0.480302686310026,-4.56850439225411E-18,0.16));
#2433=CARTESIAN_POINT('',(0.480364914512348,-0.000577642057053184,0.16));
#2434=CARTESIAN_POINT('',(0.48042714271467,-0.000625669599806321,0.16));
#2435=CARTESIAN_POINT('',(0.480492464821906,-0.000669631515824832,0.16));
#2436=CARTESIAN_POINT('',(0.480364914512348,5.02668483424261E-18,0.16));
#2437=CARTESIAN_POINT('',(0.48042714271467,1.32666213451324E-17,0.16));
#2438=CARTESIAN_POINT('',(0.480492464821906,4.05090287900565E-18,0.16));
#2439=CARTESIAN_POINT('',(0.48055942508424,-0.000710813410785875,0.16));
#2440=CARTESIAN_POINT('',(0.480693345608908,-0.000793177200707959,0.16));
#2441=CARTESIAN_POINT('',(0.480833933596049,-0.000864336126141417,0.16));
#2442=CARTESIAN_POINT('',(0.48055942508424,6.05667689810384E-18,0.16));
#2443=CARTESIAN_POINT('',(0.480693345608908,1.00682249363002E-17,0.16));
#2444=CARTESIAN_POINT('',(0.480833933596049,2.74154596960683E-17,0.16));
#2445=CARTESIAN_POINT('',(0.480977004062892,-0.000929486864397141,0.16));
#2446=CARTESIAN_POINT('',(0.481120074529736,-0.000994637602652864,0.16));
#2447=CARTESIAN_POINT('',(0.481266124305804,-0.00105320822422554,0.16));
#2448=CARTESIAN_POINT('',(0.480977004062892,2.09102466611552E-17,0.16));
#2449=CARTESIAN_POINT('',(0.481120074529736,1.53266054728549E-17,0.16));
#2450=CARTESIAN_POINT('',(0.481266124305804,1.6519227862589E-17,0.16));
#2451=CARTESIAN_POINT('',(0.481413539771823,-0.00110784728654656,0.16));
#2452=CARTESIAN_POINT('',(0.481560955237843,-0.00116248634886758,0.16));
#2453=CARTESIAN_POINT('',(0.481709948570452,-0.00121285608928666,0.16));
#2454=CARTESIAN_POINT('',(0.481413539771823,1.66276480798375E-17,0.16));
#2455=CARTESIAN_POINT('',(0.481560955237843,1.67360682970861E-17,0.16));
#2456=CARTESIAN_POINT('',(0.481709948570452,1.19655787381498E-17,0.16));
#2457=CARTESIAN_POINT('',(0.481859817486333,-0.00126035681201408,0.16));
#2458=CARTESIAN_POINT('',(0.482009686402214,-0.00130785753474151,0.16));
#2459=CARTESIAN_POINT('',(0.482160541983156,-0.00135226628747649,0.16));
#2460=CARTESIAN_POINT('',(0.481859817486333,1.13150574346585E-17,0.16));
#2461=CARTESIAN_POINT('',(0.482009686402214,8.60455200344477E-18,0.16));
#2462=CARTESIAN_POINT('',(0.482160541983156,9.79717439317883E-18,0.16));
#2463=CARTESIAN_POINT('',(0.482311967769028,-0.00139454422769409,0.16));
#2464=CARTESIAN_POINT('',(0.482614819340771,-0.00147910010812929,0.16));
#2465=CARTESIAN_POINT('',(0.482920144355657,-0.001554673251019,0.16));
#2466=CARTESIAN_POINT('',(0.482311967769028,1.08813765656643E-17,0.16));
#2467=CARTESIAN_POINT('',(0.482614819340771,1.53266054728549E-17,0.16));
#2468=CARTESIAN_POINT('',(0.482920144355657,8.38771156894767E-18,0.16));
#2469=CARTESIAN_POINT('',(0.483226731336765,-0.00162453400584376,0.16));
#2470=CARTESIAN_POINT('',(0.483533318317873,-0.00169439476066852,0.16));
#2471=CARTESIAN_POINT('',(0.483841181508284,-0.0017585430744543,0.16));
#2472=CARTESIAN_POINT('',(0.483226731336765,1.0230855262173E-17,0.16));
#2473=CARTESIAN_POINT('',(0.483533318317873,1.25076798243926E-17,0.16));
#2474=CARTESIAN_POINT('',(0.483841181508283,5.46036570323681E-18,0.16));
#2475=CARTESIAN_POINT('',(0.484149845162696,-0.00181853642504422,0.16));
#2476=CARTESIAN_POINT('',(0.484458508817108,-0.00187852977563415,0.16));
#2477=CARTESIAN_POINT('',(0.484767958496295,-0.00193441649454994,0.16));
#2478=CARTESIAN_POINT('',(0.484149845162696,1.19655787381498E-17,0.16));
#2479=CARTESIAN_POINT('',(0.484458508817108,1.76034300350745E-17,0.16));
#2480=CARTESIAN_POINT('',(0.484767958496295,6.00246678947956E-18,0.16));
#2481=CARTESIAN_POINT('',(0.485077971579708,-0.00198701721305091,0.16));
#2482=CARTESIAN_POINT('',(0.485697997746533,-0.00209221865005285,0.16));
#2483=CARTESIAN_POINT('',(0.486320051949468,-0.00218513272808889,0.16));
#2484=CARTESIAN_POINT('',(0.485077971579708,8.71297222069332E-18,0.16));
#2485=CARTESIAN_POINT('',(0.485697997746533,1.52181852556063E-17,0.16));
#2486=CARTESIAN_POINT('',(0.486320051949468,7.41192961371072E-18,0.16));
#2487=CARTESIAN_POINT('',(0.486943230734811,-0.00226961326933103,0.16));
#2488=CARTESIAN_POINT('',(0.487566409520153,-0.00235409381057316,0.16));
#2489=CARTESIAN_POINT('',(0.488190688622965,-0.00243031952521298,0.16));
#2490=CARTESIAN_POINT('',(0.486943230734811,9.14665308968752E-18,0.16));
#2491=CARTESIAN_POINT('',(0.487566409520153,1.0230855262173E-17,0.16));
#2492=CARTESIAN_POINT('',(0.488190688622965,1.10982170001614E-17,0.16));
#2493=CARTESIAN_POINT('',(0.488815667656035,-0.00250026946097495,0.16));
#2494=CARTESIAN_POINT('',(0.489440646689104,-0.00257021939673691,0.16));
#2495=CARTESIAN_POINT('',(0.490066290623311,-0.00263411506439854,0.16));
#2496=CARTESIAN_POINT('',(0.488815667656035,1.0230855262173E-17,0.16));
#2497=CARTESIAN_POINT('',(0.489440646689104,9.58033395868172E-18,0.16));
#2498=CARTESIAN_POINT('',(0.490066290623311,8.71297222069332E-18,0.16));
#2499=CARTESIAN_POINT('',(0.490692384545639,-0.00269317983422586,0.16));
#2500=CARTESIAN_POINT('',(0.491944572390294,-0.00281130937388051,0.16));
#2501=CARTESIAN_POINT('',(0.493198572263467,-0.00291001877715682,0.16));
#2502=CARTESIAN_POINT('',(0.490692384545639,9.58033395868172E-18,0.16));
#2503=CARTESIAN_POINT('',(0.491944572390294,1.08813765656643E-17,0.16));
#2504=CARTESIAN_POINT('',(0.493198572263467,1.04476956966701E-17,0.16));
#2505=CARTESIAN_POINT('',(0.494453358114684,-0.00299614896745778,0.16));
#2506=CARTESIAN_POINT('',(0.495080751040293,-0.00303921406260826,0.16));
#2507=CARTESIAN_POINT('',(0.495708398047361,-0.00307874545945354,0.16));
#2508=CARTESIAN_POINT('',(0.494453358114684,9.58033395868172E-18,0.16));
#2509=CARTESIAN_POINT('',(0.495080751040293,9.14665308968752E-18,0.16));
#2510=CARTESIAN_POINT('',(0.495708398047361,1.00140148276759E-17,0.16));
#2511=CARTESIAN_POINT('',(0.49633619548289,-0.00311552176668857,0.16));
#2512=CARTESIAN_POINT('',(0.496963992918419,-0.00315229807392361,0.16));
#2513=CARTESIAN_POINT('',(0.497591965592136,-0.00318614285909522,0.16));
#2514=CARTESIAN_POINT('',(0.49633619548289,9.79717439317883E-18,0.16));
#2515=CARTESIAN_POINT('',(0.496963992918419,9.58033395868172E-18,0.16));
#2516=CARTESIAN_POINT('',(0.497591965592136,9.36349352418462E-18,0.16));
#2517=CARTESIAN_POINT('',(0.498220059482857,-0.00321748394408873,0.16));
#2518=CARTESIAN_POINT('',(0.499476247264299,-0.00328016611407575,0.16));
#2519=CARTESIAN_POINT('',(0.500732939505992,-0.00333270565953263,0.16));
#2520=CARTESIAN_POINT('',(0.498220059482857,9.79717439317883E-18,0.16));
#2521=CARTESIAN_POINT('',(0.499476247264299,1.00140148276759E-17,0.16));
#2522=CARTESIAN_POINT('',(0.500732939505992,1.00140148276759E-17,0.16));
#2523=CARTESIAN_POINT('',(0.501989893148104,-0.00337733943211254,0.16));
#2524=CARTESIAN_POINT('',(0.503246846790215,-0.00342197320469246,0.16));
#2525=CARTESIAN_POINT('',(0.504504100626019,-0.00345834704790502,0.16));
#2526=CARTESIAN_POINT('',(0.501989893148104,1.00140148276759E-17,0.16));
#2527=CARTESIAN_POINT('',(0.503246846790215,1.0230855262173E-17,0.16));
#2528=CARTESIAN_POINT('',(0.504504100626019,9.58033395868172E-18,0.16));
#2529=CARTESIAN_POINT('',(0.505761500090508,-0.00348811385326013,0.16));
#2530=CARTESIAN_POINT('',(0.507018899554996,-0.00351788065861525,0.16));
#2531=CARTESIAN_POINT('',(0.508276446542185,-0.00354103553486318,0.16));
#2532=CARTESIAN_POINT('',(0.505761500090508,9.36349352418462E-18,0.16));
#2533=CARTESIAN_POINT('',(0.507018899554996,9.14665308968752E-18,0.16));
#2534=CARTESIAN_POINT('',(0.508276446542185,9.58033395868172E-18,0.16));
#2535=CARTESIAN_POINT('',(0.509534077989019,-0.00355837213446032,0.16));
#2536=CARTESIAN_POINT('',(0.512049340882689,-0.00359304533365459,0.16));
#2537=CARTESIAN_POINT('',(0.514564898919912,-0.00360493088911423,0.16));
#2538=CARTESIAN_POINT('',(0.509534077989019,9.79717439317883E-18,0.16));
#2539=CARTESIAN_POINT('',(0.512049340882689,1.00140148276759E-17,0.16));
#2540=CARTESIAN_POINT('',(0.514564898919912,1.0230855262173E-17,0.16));
#2541=CARTESIAN_POINT('',(0.517080387512728,-0.0035998798104081,0.16));
#2542=CARTESIAN_POINT('',(0.519595876105545,-0.00359482873170198,0.16));
#2543=CARTESIAN_POINT('',(0.522111325734643,-0.0035723711212579,0.16));
#2544=CARTESIAN_POINT('',(0.517080387512728,1.0230855262173E-17,0.16));
#2545=CARTESIAN_POINT('',(0.519595876105545,1.0230855262173E-17,0.16));
#2546=CARTESIAN_POINT('',(0.522111325734643,8.92981265519042E-18,0.16));
#2547=CARTESIAN_POINT('',(0.524626567167855,-0.00353636477707972,0.16));
#2548=CARTESIAN_POINT('',(0.527141808601067,-0.00350035843290154,0.16));
#2549=CARTESIAN_POINT('',(0.529656847156979,-0.00345086018413172,0.16));
#2550=CARTESIAN_POINT('',(0.524626567167855,9.58033395868172E-18,0.16));
#2551=CARTESIAN_POINT('',(0.527141808601067,1.0230855262173E-17,0.16));
#2552=CARTESIAN_POINT('',(0.529656847156979,1.10982170001614E-17,0.16));
#2553=CARTESIAN_POINT('',(0.532171617646684,-0.00339023955461269,0.16));
#2554=CARTESIAN_POINT('',(0.534686388136388,-0.00332961892509365,0.16));
#2555=CARTESIAN_POINT('',(0.537200887092063,-0.00325822860756551,0.16));
#2556=CARTESIAN_POINT('',(0.532171617646684,9.79717439317883E-18,0.16));
#2557=CARTESIAN_POINT('',(0.534686388136388,8.49613178619622E-18,0.16));
#2558=CARTESIAN_POINT('',(0.537200887092063,1.06645361311672E-17,0.16));
#2559=CARTESIAN_POINT('',(0.539715095309244,-0.00317763131846863,0.16));
#2560=CARTESIAN_POINT('',(0.544743511743605,-0.00301643674027486,0.16));
#2561=CARTESIAN_POINT('',(0.54977074987597,-0.00281975584646327,0.16));
#2562=CARTESIAN_POINT('',(0.539715095309244,1.00140148276759E-17,0.16));
#2563=CARTESIAN_POINT('',(0.544743511743605,8.92981265519042E-18,0.16));
#2564=CARTESIAN_POINT('',(0.54977074987597,1.06645361311672E-17,0.16));
#2565=CARTESIAN_POINT('',(0.554796828472497,-0.00259745297798922,0.16));
#2566=CARTESIAN_POINT('',(0.559822907069025,-0.00237515010951518,0.16));
#2567=CARTESIAN_POINT('',(0.564847838827164,-0.00212716541866196,0.16));
#2568=CARTESIAN_POINT('',(0.554796828472497,8.92981265519042E-18,0.16));
#2569=CARTESIAN_POINT('',(0.559822907069025,7.19508917921361E-18,0.16));
#2570=CARTESIAN_POINT('',(0.564847838827164,7.84561048270492E-18,0.16));
#2571=CARTESIAN_POINT('',(0.56987165063954,-0.00185845572515393,0.16));
#2572=CARTESIAN_POINT('',(0.574895462451917,-0.00158974603164589,0.16));
#2573=CARTESIAN_POINT('',(0.579918161387353,-0.00130028390680003,0.16));
#2574=CARTESIAN_POINT('',(0.56987165063954,8.60455200344477E-18,0.16));
#2575=CARTESIAN_POINT('',(0.574895462451917,9.14665308968752E-18,0.16));
#2576=CARTESIAN_POINT('',(0.579918161387353,9.90559461042738E-18,0.16));
#2577=CARTESIAN_POINT('',(0.584939630321376,-0.000990873550382346,0.16));
#2578=CARTESIAN_POINT('',(0.589961099255399,-0.000681463193964659,0.16));
#2579=CARTESIAN_POINT('',(0.59498134303945,-0.000352083655278708,0.16));
#2580=CARTESIAN_POINT('',(0.6,9.79717439317883E-18,0.16));
#2581=CARTESIAN_POINT('',(0.584939630321376,9.14665308968752E-18,0.16));
#2582=CARTESIAN_POINT('',(0.589961099255399,8.71297222069332E-18,0.16));
#2583=CARTESIAN_POINT('',(0.59498134303945,3.73901196829349E-17,0.16));
#2584=CARTESIAN_POINT('',(0.6,9.79717439317883E-18,0.16));
#2585=GEOMETRIC_SET('TFUHXUASES, Fin_Top, 0',(#1523,#1700,#1877,#2054,#2231,#2408));
#2586=GEOMETRICALLY_BOUNDED_SURFACE_SHAPE_REPRESENTATION('',(#2585),#15);
#2587=SHAPE_REPRESENTATION_RELATIONSHIP('','',#29,#2586);
#2588=B_SPLINE_SURFACE_WITH_KNOTS('Surf_GTZCICDXQB, Fin_Left, 0, 1, lower',1,3,((#2589, #2590, #2591, #2595, #2596, #2597, #2601, #2602, #2603, #2607, #2608, #2609, #2613, #2614, #2615, #2619, #2620, #2621, #2625, #2626, #2627, #2631, #2632, #2633, #2637, #2638, #2639, #2643, #2644, #2645, #2649, #2650, #2651, #2655, #2656, #2657, #2661, #2662, #2663, #2667, #2668, #2669, #2673, #2674, #2675, #2679, #2680, #2681, #2685, #2686, #2687, #2691, #2692, #2693, #2697, #2698, #2699, #2703, #2704, #2705, #2709, #2710, #2711, #2715, #2716, #2717, #2721, #2722, #2723, #2727, #2728, #2729, #2733, #2734, #2735, #2739, #2740, #2741, #2745, #2746, #2747, #2751, #2752, #2753, #2757, #2758, #2759, #2760),(#2592, #2593, #2594, #2598, #2599, #2600, #2604, #2605, #2606, #2610, #2611, #2612, #2616, #2617, #2618, #2622, #2623, #2624, #2628, #2629, #2630, #2634, #2635, #2636, #2640, #2641, #2642, #2646, #2647, #2648, #2652, #2653, #2654, #2658, #2659, #2660, #2664, #2665, #2666, #2670, #2671, #2672, #2676, #2677, #2678, #2682, #2683, #2684, #2688, #2689, #2690, #2694, #2695, #2696, #2700, #2701, #2702, #2706, #2707, #2708, #2712, #2713, #2714, #2718, #2719, #2720, #2724, #2725, #2726, #2730, #2731, #2732, #2736, #2737, #2738, #2742, #2743, #2744, #2748, #2749, #2750, #2754, #2755, #2756, #2761, #2762, #2763, #2764)),.UNSPECIFIED.,.F.,.F.,.F.,(2,2),(4,3,3,3,3,3,3,3,3,3,3,3,3,3,3,3,3,3,3,3,3,3,3,3,3,3,3,3,3,4),(0.,1.),(0.,1.,2.,3.,4.,5.,6.,7.,8.,9.,10.,11.,12.,13.,14.,15.,16.,17.,18.,19.,20.,21.,22.,23.,24.,25.,26.,27.,28.,29.),.PIECEWISE_BEZIER_KNOTS.);
#2589=CARTESIAN_POINT('',(0.6,0.,0.));
#2590=CARTESIAN_POINT('',(0.59498134303945,3.37916121281478E-33,2.75929452897561E-17));
#2591=CARTESIAN_POINT('',(0.589961099255399,-1.32776472016298E-34,-1.0842021724855E-18));
#2592=CARTESIAN_POINT('',(0.6,0.,0.));
#2593=CARTESIAN_POINT('',(0.594981343039449,4.3117812146925E-20,0.000352083655278773));
#2594=CARTESIAN_POINT('',(0.589961099255399,8.34551719225561E-20,0.000681463193964667));
#2595=CARTESIAN_POINT('',(0.584939630321376,-7.96658832097788E-35,-6.50521303491303E-19));
#2596=CARTESIAN_POINT('',(0.579918161387353,1.32776472016298E-35,1.0842021724855E-19));
#2597=CARTESIAN_POINT('',(0.574895462451917,-7.96658832097788E-35,-6.50521303491303E-19));
#2598=CARTESIAN_POINT('',(0.584939630321376,1.21347012183552E-19,0.000990873550382355));
#2599=CARTESIAN_POINT('',(0.579918161387353,1.59238852444549E-19,0.00130028390680004));
#2600=CARTESIAN_POINT('',(0.574895462451917,1.94687738911236E-19,0.0015897460316459));
#2601=CARTESIAN_POINT('',(0.56987165063954,-1.46054119217928E-34,-1.19262238973405E-18));
#2602=CARTESIAN_POINT('',(0.564847838827164,-2.38997649629336E-34,-1.95156391047391E-18));
#2603=CARTESIAN_POINT('',(0.559822907069025,-3.18663532839115E-34,-2.60208521396521E-18));
#2604=CARTESIAN_POINT('',(0.56987165063954,2.27595185516684E-19,0.00185845572515393));
#2605=CARTESIAN_POINT('',(0.564847838827164,2.60502632122132E-19,0.00212716541866197));
#2606=CARTESIAN_POINT('',(0.559822907069025,2.90871997911226E-19,0.00237515010951518));
#2607=CARTESIAN_POINT('',(0.554796828472497,-1.06221177613038E-34,-8.67361737988404E-19));
#2608=CARTESIAN_POINT('',(0.54977074987597,1.06221177613038E-34,8.67361737988404E-19));
#2609=CARTESIAN_POINT('',(0.544743511743605,-1.06221177613038E-34,-8.67361737988404E-19));
#2610=CARTESIAN_POINT('',(0.554796828472497,3.18096247543027E-19,0.00259745297798923));
#2611=CARTESIAN_POINT('',(0.54977074987597,3.45320497174829E-19,0.00281975584646328));
#2612=CARTESIAN_POINT('',(0.544743511743605,3.69406959880809E-19,0.00301643674027486));
#2613=CARTESIAN_POINT('',(0.539715095309244,2.65552944032596E-35,2.16840434497101E-19));
#2614=CARTESIAN_POINT('',(0.537200887092063,1.06221177613038E-34,8.67361737988404E-19));
#2615=CARTESIAN_POINT('',(0.534686388136388,-1.59331766419558E-34,-1.30104260698261E-18));
#2616=CARTESIAN_POINT('',(0.539715095309244,3.891476023033E-19,0.00317763131846864));
#2617=CARTESIAN_POINT('',(0.537200887092063,3.99017923514545E-19,0.00325822860756552));
#2618=CARTESIAN_POINT('',(0.534686388136388,4.0776071589964E-19,0.00332961892509366));
#2619=CARTESIAN_POINT('',(0.532171617646684,0.,0.));
#2620=CARTESIAN_POINT('',(0.529656847156979,1.59331766419558E-34,1.30104260698261E-18));
#2621=CARTESIAN_POINT('',(0.527141808601067,5.31105888065192E-35,4.33680868994202E-19));
#2622=CARTESIAN_POINT('',(0.532171617646684,4.15184601889919E-19,0.0033902395546127));
#2623=CARTESIAN_POINT('',(0.529656847156979,4.22608487880197E-19,0.00345086018413173));
#2624=CARTESIAN_POINT('',(0.527141808601067,4.28670275072133E-19,0.00350035843290155));
#2625=CARTESIAN_POINT('',(0.524626567167855,-2.65552944032596E-35,-2.16840434497101E-19));
#2626=CARTESIAN_POINT('',(0.522111325734643,-1.06221177613038E-34,-8.67361737988404E-19));
#2627=CARTESIAN_POINT('',(0.519595876105545,5.31105888065192E-35,4.33680868994202E-19));
#2628=CARTESIAN_POINT('',(0.524626567167855,4.33079780486813E-19,0.00353636477707973));
#2629=CARTESIAN_POINT('',(0.522111325734643,4.37489285901494E-19,0.00357237112125791));
#2630=CARTESIAN_POINT('',(0.519595876105545,4.40239549976178E-19,0.00359482873170199));
#2631=CARTESIAN_POINT('',(0.517080387512728,5.31105888065192E-35,4.33680868994202E-19));
#2632=CARTESIAN_POINT('',(0.514564898919912,5.31105888065192E-35,4.33680868994202E-19));
#2633=CARTESIAN_POINT('',(0.512049340882689,2.65552944032596E-35,2.16840434497101E-19));
#2634=CARTESIAN_POINT('',(0.517080387512728,4.40858128713148E-19,0.00359987981040811));
#2635=CARTESIAN_POINT('',(0.514564898919912,4.41476707450117E-19,0.00360493088911424));
#2636=CARTESIAN_POINT('',(0.512049340882689,4.40021146705144E-19,0.0035930453336546));
#2637=CARTESIAN_POINT('',(0.509534077989019,0.,0.));
#2638=CARTESIAN_POINT('',(0.508276446542185,-2.65552944032596E-35,-2.16840434497101E-19));
#2639=CARTESIAN_POINT('',(0.507018899554996,-7.96658832097788E-35,-6.50521303491303E-19));
#2640=CARTESIAN_POINT('',(0.509534077989019,4.35774904464197E-19,0.00355837213446033));
#2641=CARTESIAN_POINT('',(0.508276446542185,4.33651783343724E-19,0.00354103553486319));
#2642=CARTESIAN_POINT('',(0.507018899554996,4.30816128835556E-19,0.00351788065861526));
#2643=CARTESIAN_POINT('',(0.505761500090508,-5.31105888065192E-35,-4.33680868994202E-19));
#2644=CARTESIAN_POINT('',(0.504504100626019,-2.65552944032596E-35,-2.16840434497101E-19));
#2645=CARTESIAN_POINT('',(0.503246846790215,5.31105888065192E-35,4.33680868994202E-19));
#2646=CARTESIAN_POINT('',(0.505761500090508,4.27170746545657E-19,0.00348811385326014));
#2647=CARTESIAN_POINT('',(0.504504100626019,4.23525364255759E-19,0.00345834704790503));
#2648=CARTESIAN_POINT('',(0.503246846790215,4.19070853189464E-19,0.00342197320469247));
#2649=CARTESIAN_POINT('',(0.501989893148104,2.65552944032596E-35,2.16840434497101E-19));
#2650=CARTESIAN_POINT('',(0.500732939505992,2.65552944032596E-35,2.16840434497101E-19));
#2651=CARTESIAN_POINT('',(0.499476247264299,2.65552944032596E-35,2.16840434497101E-19));
#2652=CARTESIAN_POINT('',(0.501989893148104,4.13604792517078E-19,0.00337733943211255));
#2653=CARTESIAN_POINT('',(0.500732939505992,4.08138731844692E-19,0.00333270565953264));
#2654=CARTESIAN_POINT('',(0.499476247264299,4.01704493227449E-19,0.00328016611407576));
#2655=CARTESIAN_POINT('',(0.498220059482857,0.,0.));
#2656=CARTESIAN_POINT('',(0.497591965592136,-5.31105888065192E-35,-4.33680868994202E-19));
#2657=CARTESIAN_POINT('',(0.496963992918419,-2.65552944032596E-35,-2.16840434497101E-19));
#2658=CARTESIAN_POINT('',(0.498220059482857,3.94028141343627E-19,0.00321748394408874));
#2659=CARTESIAN_POINT('',(0.497591965592136,3.90189965401716E-19,0.00318614285909522));
#2660=CARTESIAN_POINT('',(0.496963992918419,3.86045174618892E-19,0.00315229807392362));
#2661=CARTESIAN_POINT('',(0.49633619548289,0.,0.));
#2662=CARTESIAN_POINT('',(0.495708398047361,2.65552944032596E-35,2.16840434497101E-19));
#2663=CARTESIAN_POINT('',(0.495080751040293,-7.96658832097788E-35,-6.50521303491303E-19));
#2664=CARTESIAN_POINT('',(0.49633619548289,3.81541375924908E-19,0.00311552176668858));
#2665=CARTESIAN_POINT('',(0.495708398047361,3.77037577230924E-19,0.00307874545945355));
#2666=CARTESIAN_POINT('',(0.495080751040293,3.72196377369683E-19,0.00303921406260826));
#2667=CARTESIAN_POINT('',(0.494453358114684,-2.65552944032596E-35,-2.16840434497101E-19));
#2668=CARTESIAN_POINT('',(0.493198572263467,7.96658832097788E-35,6.50521303491303E-19));
#2669=CARTESIAN_POINT('',(0.491944572390294,1.32776472016298E-34,1.0842021724855E-18));
#2670=CARTESIAN_POINT('',(0.494453358114684,3.66922424276583E-19,0.00299614896745779));
#2671=CARTESIAN_POINT('',(0.493198572263467,3.56374518090381E-19,0.00291001877715683));
#2672=CARTESIAN_POINT('',(0.491944572390294,3.44286102613573E-19,0.00281130937388052));
#2673=CARTESIAN_POINT('',(0.490692384545639,-2.65552944032596E-35,-2.16840434497101E-19));
#2674=CARTESIAN_POINT('',(0.490066290623311,-1.32776472016298E-34,-1.0842021724855E-18));
#2675=CARTESIAN_POINT('',(0.489440646689104,-2.65552944032596E-35,-2.16840434497101E-19));
#2676=CARTESIAN_POINT('',(0.490692384545639,3.29819406351291E-19,0.00269317983422587));
#2677=CARTESIAN_POINT('',(0.490066290623311,3.2258605822015E-19,0.00263411506439854));
#2678=CARTESIAN_POINT('',(0.489440646689104,3.14761095732031E-19,0.00257021939673692));
#2679=CARTESIAN_POINT('',(0.488815667656035,5.31105888065192E-35,4.33680868994202E-19));
#2680=CARTESIAN_POINT('',(0.488190688622965,1.59331766419558E-34,1.30104260698261E-18));
#2681=CARTESIAN_POINT('',(0.487566409520153,5.31105888065192E-35,4.33680868994202E-19));
#2682=CARTESIAN_POINT('',(0.488815667656035,3.06194699238886E-19,0.00250026946097496));
#2683=CARTESIAN_POINT('',(0.488190688622965,2.97628302745741E-19,0.002430319525213));
#2684=CARTESIAN_POINT('',(0.487566409520153,2.88293345001103E-19,0.00235409381057317));
#2685=CARTESIAN_POINT('',(0.486943230734811,-7.96658832097788E-35,-6.50521303491303E-19));
#2686=CARTESIAN_POINT('',(0.486320051949468,-2.92108238435856E-34,-2.38524477946811E-18));
#2687=CARTESIAN_POINT('',(0.485697997746533,6.6388236008149E-34,5.42101086242752E-18));
#2688=CARTESIAN_POINT('',(0.486943230734811,2.77947462558861E-19,0.00226961326933103));
#2689=CARTESIAN_POINT('',(0.486320051949468,2.67601580116619E-19,0.00218513272808889));
#2690=CARTESIAN_POINT('',(0.485697997746533,2.56222887290364E-19,0.00209221865005287));
#2691=CARTESIAN_POINT('',(0.485077971579708,-1.32776472016298E-34,-1.0842021724855E-18));
#2692=CARTESIAN_POINT('',(0.484767958496295,-4.64717652057043E-34,-3.79470760369927E-18));
#2693=CARTESIAN_POINT('',(0.484458508817108,9.55990598517345E-34,7.80625564189563E-18));
#2694=CARTESIAN_POINT('',(0.485077971579708,2.4333942698135E-19,0.00198701721305092));
#2695=CARTESIAN_POINT('',(0.484767958496295,2.36897696826843E-19,0.00193441649454995));
#2696=CARTESIAN_POINT('',(0.484458508817108,2.30053547683339E-19,0.00187852977563418));
#2697=CARTESIAN_POINT('',(0.484149845162696,2.65552944032596E-34,2.16840434497101E-18));
#2698=CARTESIAN_POINT('',(0.483841181508283,-5.31105888065192E-34,-4.33680868994202E-18));
#2699=CARTESIAN_POINT('',(0.483533318317873,3.31941180040745E-34,2.71050543121376E-18));
#2700=CARTESIAN_POINT('',(0.484149845162696,2.2270648120633E-19,0.00181853642504424));
#2701=CARTESIAN_POINT('',(0.483841181508283,2.1535941472932E-19,0.0017585430744543));
#2702=CARTESIAN_POINT('',(0.483533318317873,2.07503512014477E-19,0.00169439476066853));
#2703=CARTESIAN_POINT('',(0.483226731336765,5.31105888065192E-35,4.33680868994202E-19));
#2704=CARTESIAN_POINT('',(0.482920144355657,-1.72609413621187E-34,-1.40946282423116E-18));
#2705=CARTESIAN_POINT('',(0.482614819340771,6.7716000728312E-34,5.52943107967607E-18));
#2706=CARTESIAN_POINT('',(0.483226731336765,1.9894803703626E-19,0.00162453400584377));
#2707=CARTESIAN_POINT('',(0.482920144355657,1.90392562058044E-19,0.00155467325101901));
#2708=CARTESIAN_POINT('',(0.482614819340771,1.81137521303907E-19,0.00147910010812931));
#2709=CARTESIAN_POINT('',(0.482311967769028,1.32776472016298E-34,1.0842021724855E-18));
#2710=CARTESIAN_POINT('',(0.482160541983156,0.,0.));
#2711=CARTESIAN_POINT('',(0.482009686402214,-1.46054119217928E-34,-1.19262238973405E-18));
#2712=CARTESIAN_POINT('',(0.482311967769028,1.707824124715E-19,0.0013945442276941));
#2713=CARTESIAN_POINT('',(0.482160541983156,1.65604858055297E-19,0.0013522662874765));
#2714=CARTESIAN_POINT('',(0.482009686402214,1.60166354366194E-19,0.00130785753474151));
#2715=CARTESIAN_POINT('',(0.481859817486333,1.85887060822817E-34,1.51788304147971E-18));
#2716=CARTESIAN_POINT('',(0.481709948570452,2.65552944032596E-34,2.16840434497101E-18));
#2717=CARTESIAN_POINT('',(0.481560955237843,8.49769420904307E-34,6.93889390390723E-18));
#2718=CARTESIAN_POINT('',(0.481859817486333,1.54349193561662E-19,0.00126035681201409));
#2719=CARTESIAN_POINT('',(0.481709948570452,1.4853203275713E-19,0.00121285608928667));
#2720=CARTESIAN_POINT('',(0.481560955237843,1.42363518619321E-19,0.0011624863488676));
#2721=CARTESIAN_POINT('',(0.481413539771823,8.36491773702677E-34,6.83047368665868E-18));
#2722=CARTESIAN_POINT('',(0.481266124305804,8.23214126501047E-34,6.72205346941013E-18));
#2723=CARTESIAN_POINT('',(0.481120074529736,6.7716000728312E-34,5.52943107967607E-18));
#2724=CARTESIAN_POINT('',(0.481413539771823,1.35672163341336E-19,0.00110784728654658));
#2725=CARTESIAN_POINT('',(0.481266124305804,1.28980808063351E-19,0.00105320822422557));
#2726=CARTESIAN_POINT('',(0.481120074529736,1.21807975640045E-19,0.000994637602652885));
#2727=CARTESIAN_POINT('',(0.480977004062892,1.36095883816705E-33,1.11130722679764E-17));
#2728=CARTESIAN_POINT('',(0.480833933596049,2.15761767026484E-33,1.76182853028894E-17));
#2729=CARTESIAN_POINT('',(0.480693345608908,3.31941180040745E-35,2.71050543121376E-19));
#2730=CARTESIAN_POINT('',(0.480977004062892,1.13829311333351E-19,0.000929486864397173));
#2731=CARTESIAN_POINT('',(0.480833933596049,1.05850647026656E-19,0.000864336126141462));
#2732=CARTESIAN_POINT('',(0.480693345608908,9.71361920003672E-20,0.000793177200707969));
#2733=CARTESIAN_POINT('',(0.48055942508424,-4.58078828456228E-34,-3.74049749507499E-18));
#2734=CARTESIAN_POINT('',(0.480492464821906,-7.03715301686379E-34,-5.74627151417317E-18));
#2735=CARTESIAN_POINT('',(0.48042714271467,4.24884710452153E-34,3.46944695195361E-18));
#2736=CARTESIAN_POINT('',(0.48055942508424,8.70495368309937E-20,0.000710813410785877));
#2737=CARTESIAN_POINT('',(0.480492464821906,8.20062092463069E-20,0.000669631515824831));
#2738=CARTESIAN_POINT('',(0.48042714271467,7.66224272726637E-20,0.000625669599806337));
#2739=CARTESIAN_POINT('',(0.480364914512348,-5.84216476871711E-34,-4.77048955893622E-18));
#2740=CARTESIAN_POINT('',(0.480302686310026,-1.75928825421595E-33,-1.43656787854329E-17));
#2741=CARTESIAN_POINT('',(0.480243290440178,-1.74269119521391E-33,-1.42301535138722E-17));
#2742=CARTESIAN_POINT('',(0.480364914512348,7.07407496223075E-20,0.000577642057053185));
#2743=CARTESIAN_POINT('',(0.480302686310026,6.48590719719511E-20,0.000529614514300029));
#2744=CARTESIAN_POINT('',(0.480243290440178,5.84924865870848E-20,0.000477627399408626));
#2745=CARTESIAN_POINT('',(0.480190037436992,-5.51022358867637E-34,-4.49943901581484E-18));
#2746=CARTESIAN_POINT('',(0.480136784433806,1.04561471712835E-33,8.53809210832335E-18));
#2747=CARTESIAN_POINT('',(0.480089372309502,-2.45636473230151E-33,-2.00577401909818E-17));
#2748=CARTESIAN_POINT('',(0.480190037436992,5.14124519233546E-20,0.000419814529047477));
#2749=CARTESIAN_POINT('',(0.480136784433806,4.43324172596244E-20,0.000362001658686328));
#2750=CARTESIAN_POINT('',(0.480089372309502,3.6521408402316E-20,0.000298219931067011));
#2751=CARTESIAN_POINT('',(0.480054898611975,5.59320888368655E-34,4.56720165159519E-18));
#2752=CARTESIAN_POINT('',(0.480037661763212,2.19081178826892E-33,1.78893358460108E-17));
#2753=CARTESIAN_POINT('',(0.480023757394695,-3.88371180647671E-34,-3.1712913545201E-18));
#2754=CARTESIAN_POINT('',(0.480054898611975,2.78640222286619E-20,0.000227527008179517));
#2755=CARTESIAN_POINT('',(0.480037661763212,2.35353291418352E-20,0.000192180546735772));
#2756=CARTESIAN_POINT('',(0.480023757394695,1.8994087767176E-20,0.000155098496810675));
#2757=CARTESIAN_POINT('',(0.480014365820962,-3.40239709541764E-35,-2.77826806699411E-19));
#2758=CARTESIAN_POINT('',(0.480004974247228,-2.14931914076382E-34,-1.75505226671091E-18));
#2759=CARTESIAN_POINT('',(0.48,2.72191767633411E-34,2.22261445359528E-18));
#2760=CARTESIAN_POINT('',(0.48,0.,0.));
#2761=CARTESIAN_POINT('',(0.480014365820962,1.43252728036705E-20,0.000116974729478282));
#2762=CARTESIAN_POINT('',(0.480004974247228,9.65645784016512E-21,7.88509621458883E-05));
#2763=CARTESIAN_POINT('',(0.48,4.78155870902915E-21,3.90443898792554E-05));
#2764=CARTESIAN_POINT('',(0.48,0.,0.));
#2765=B_SPLINE_SURFACE_WITH_KNOTS('Surf_GTZCICDXQB, Fin_Left, 0, 4, upper',1,3,((#2766, #2767, #2768, #2772, #2773, #2774, #2778, #2779, #2780, #2784, #2785, #2786, #2790, #2791, #2792, #2796, #2797, #2798, #2802, #2803, #2804, #2808, #2809, #2810, #2814, #2815, #2816, #2820, #2821, #2822, #2826, #2827, #2828, #2832, #2833, #2834, #2838, #2839, #2840, #2844, #2845, #2846, #2850, #2851, #2852, #2856, #2857, #2858, #2862, #2863, #2864, #2868, #2869, #2870, #2874, #2875, #2876, #2880, #2881, #2882, #2886, #2887, #2888, #2892, #2893, #2894, #2898, #2899, #2900, #2904, #2905, #2906, #2910, #2911, #2912, #2916, #2917, #2918, #2922, #2923, #2924, #2928, #2929, #2930, #2934, #2935, #2936, #2937),(#2769, #2770, #2771, #2775, #2776, #2777, #2781, #2782, #2783, #2787, #2788, #2789, #2793, #2794, #2795, #2799, #2800, #2801, #2805, #2806, #2807, #2811, #2812, #2813, #2817, #2818, #2819, #2823, #2824, #2825, #2829, #2830, #2831, #2835, #2836, #2837, #2841, #2842, #2843, #2847, #2848, #2849, #2853, #2854, #2855, #2859, #2860, #2861, #2865, #2866, #2867, #2871, #2872, #2873, #2877, #2878, #2879, #2883, #2884, #2885, #2889, #2890, #2891, #2895, #2896, #2897, #2901, #2902, #2903, #2907, #2908, #2909, #2913, #2914, #2915, #2919, #2920, #2921, #2925, #2926, #2927, #2931, #2932, #2933, #2938, #2939, #2940, #2941)),.UNSPECIFIED.,.F.,.F.,.F.,(2,2),(4,3,3,3,3,3,3,3,3,3,3,3,3,3,3,3,3,3,3,3,3,3,3,3,3,3,3,3,3,4),(0.,1.),(0.,1.,2.,3.,4.,5.,6.,7.,8.,9.,10.,11.,12.,13.,14.,15.,16.,17.,18.,19.,20.,21.,22.,23.,24.,25.,26.,27.,28.,29.),.PIECEWISE_BEZIER_KNOTS.);
#2766=CARTESIAN_POINT('',(0.48,0.,0.));
#2767=CARTESIAN_POINT('',(0.48,2.72191767633411E-34,2.22261445359528E-18));
#2768=CARTESIAN_POINT('',(0.480004974247228,-2.14931914076382E-34,-1.75505226671091E-18));
#2769=CARTESIAN_POINT('',(0.48,0.,0.));
#2770=CARTESIAN_POINT('',(0.48,-4.7815587090286E-21,-3.9044389879251E-05));
#2771=CARTESIAN_POINT('',(0.480004974247228,-9.65645784016555E-21,-7.88509621458918E-05));
#2772=CARTESIAN_POINT('',(0.480014365820962,-3.40239709541764E-35,-2.77826806699411E-19));
#2773=CARTESIAN_POINT('',(0.480023757394695,-3.88371180647671E-34,-3.1712913545201E-18));
#2774=CARTESIAN_POINT('',(0.480037661763212,2.19081178826892E-33,1.78893358460108E-17));
#2775=CARTESIAN_POINT('',(0.480014365820962,-1.43252728036706E-20,-0.000116974729478282));
#2776=CARTESIAN_POINT('',(0.480023757394695,-1.89940877671767E-20,-0.000155098496810682));
#2777=CARTESIAN_POINT('',(0.480037661763212,-2.35353291418308E-20,-0.000192180546735737));
#2778=CARTESIAN_POINT('',(0.480054898611975,5.59320888368655E-34,4.56720165159519E-18));
#2779=CARTESIAN_POINT('',(0.480089372309502,-2.45636473230151E-33,-2.00577401909818E-17));
#2780=CARTESIAN_POINT('',(0.480136784433806,1.04561471712835E-33,8.53809210832335E-18));
#2781=CARTESIAN_POINT('',(0.480054898611975,-2.78640222286608E-20,-0.000227527008179508));
#2782=CARTESIAN_POINT('',(0.480089372309502,-3.65214084023209E-20,-0.000298219931067051));
#2783=CARTESIAN_POINT('',(0.480136784433806,-4.43324172596223E-20,-0.000362001658686311));
#2784=CARTESIAN_POINT('',(0.480190037436992,-5.51022358867637E-34,-4.49943901581484E-18));
#2785=CARTESIAN_POINT('',(0.480243290440178,-1.74269119521391E-33,-1.42301535138722E-17));
#2786=CARTESIAN_POINT('',(0.480302686310026,-1.75928825421595E-33,-1.43656787854329E-17));
#2787=CARTESIAN_POINT('',(0.480190037436992,-5.14124519233557E-20,-0.000419814529047486));
#2788=CARTESIAN_POINT('',(0.480243290440178,-5.84924865870883E-20,-0.000477627399408654));
#2789=CARTESIAN_POINT('',(0.480302686310026,-6.48590719719546E-20,-0.000529614514300058));
#2790=CARTESIAN_POINT('',(0.480364914512348,-5.84216476871711E-34,-4.77048955893622E-18));
#2791=CARTESIAN_POINT('',(0.48042714271467,4.24884710452153E-34,3.46944695195361E-18));
#2792=CARTESIAN_POINT('',(0.480492464821906,-7.03715301686379E-34,-5.74627151417317E-18));
#2793=CARTESIAN_POINT('',(0.480364914512348,-7.07407496223087E-20,-0.000577642057053194));
#2794=CARTESIAN_POINT('',(0.48042714271467,-7.66224272726628E-20,-0.000625669599806331));
#2795=CARTESIAN_POINT('',(0.480492464821906,-8.20062092463083E-20,-0.000669631515824842));
#2796=CARTESIAN_POINT('',(0.48055942508424,-4.58078828456228E-34,-3.74049749507499E-18));
#2797=CARTESIAN_POINT('',(0.480693345608908,3.31941180040745E-35,2.71050543121376E-19));
#2798=CARTESIAN_POINT('',(0.480833933596049,2.15761767026484E-33,1.76182853028894E-17));
#2799=CARTESIAN_POINT('',(0.48055942508424,-8.70495368309946E-20,-0.000710813410785884));
#2800=CARTESIAN_POINT('',(0.480693345608908,-9.71361920003672E-20,-0.000793177200707969));
#2801=CARTESIAN_POINT('',(0.480833933596049,-1.05850647026652E-19,-0.000864336126141427));
#2802=CARTESIAN_POINT('',(0.480977004062892,1.36095883816705E-33,1.11130722679764E-17));
#2803=CARTESIAN_POINT('',(0.481120074529736,6.7716000728312E-34,5.52943107967607E-18));
#2804=CARTESIAN_POINT('',(0.481266124305804,8.23214126501047E-34,6.72205346941013E-18));
#2805=CARTESIAN_POINT('',(0.480977004062892,-1.13829311333348E-19,-0.00092948686439715));
#2806=CARTESIAN_POINT('',(0.481120074529736,-1.21807975640044E-19,-0.000994637602652874));
#2807=CARTESIAN_POINT('',(0.481266124305804,-1.28980808063349E-19,-0.00105320822422555));
#2808=CARTESIAN_POINT('',(0.481413539771823,8.36491773702677E-34,6.83047368665868E-18));
#2809=CARTESIAN_POINT('',(0.481560955237843,8.49769420904307E-34,6.93889390390723E-18));
#2810=CARTESIAN_POINT('',(0.481709948570452,2.65552944032596E-34,2.16840434497101E-18));
#2811=CARTESIAN_POINT('',(0.481413539771823,-1.35672163341334E-19,-0.00110784728654657));
#2812=CARTESIAN_POINT('',(0.481560955237843,-1.42363518619319E-19,-0.00116248634886759));
#2813=CARTESIAN_POINT('',(0.481709948570452,-1.48532032757129E-19,-0.00121285608928667));
#2814=CARTESIAN_POINT('',(0.481859817486333,1.85887060822817E-34,1.51788304147971E-18));
#2815=CARTESIAN_POINT('',(0.482009686402214,-1.46054119217928E-34,-1.19262238973405E-18));
#2816=CARTESIAN_POINT('',(0.482160541983156,0.,0.));
#2817=CARTESIAN_POINT('',(0.481859817486333,-1.54349193561662E-19,-0.00126035681201409));
#2818=CARTESIAN_POINT('',(0.482009686402214,-1.60166354366195E-19,-0.00130785753474152));
#2819=CARTESIAN_POINT('',(0.482160541983156,-1.65604858055297E-19,-0.0013522662874765));
#2820=CARTESIAN_POINT('',(0.482311967769028,1.32776472016298E-34,1.0842021724855E-18));
#2821=CARTESIAN_POINT('',(0.482614819340771,6.7716000728312E-34,5.52943107967607E-18));
#2822=CARTESIAN_POINT('',(0.482920144355657,-1.72609413621187E-34,-1.40946282423116E-18));
#2823=CARTESIAN_POINT('',(0.482311967769028,-1.707824124715E-19,-0.0013945442276941));
#2824=CARTESIAN_POINT('',(0.482614819340771,-1.81137521303905E-19,-0.0014791001081293));
#2825=CARTESIAN_POINT('',(0.482920144355657,-1.90392562058044E-19,-0.00155467325101901));
#2826=CARTESIAN_POINT('',(0.483226731336765,5.31105888065192E-35,4.33680868994202E-19));
#2827=CARTESIAN_POINT('',(0.483533318317873,3.31941180040745E-34,2.71050543121376E-18));
#2828=CARTESIAN_POINT('',(0.483841181508283,-5.31105888065192E-34,-4.33680868994202E-18));
#2829=CARTESIAN_POINT('',(0.483226731336765,-1.9894803703626E-19,-0.00162453400584377));
#2830=CARTESIAN_POINT('',(0.483533318317873,-2.07503512014476E-19,-0.00169439476066853));
#2831=CARTESIAN_POINT('',(0.483841181508284,-2.15359414729321E-19,-0.00175854307445431));
#2832=CARTESIAN_POINT('',(0.484149845162696,2.65552944032596E-34,2.16840434497101E-18));
#2833=CARTESIAN_POINT('',(0.484458508817108,9.55990598517345E-34,7.80625564189563E-18));
#2834=CARTESIAN_POINT('',(0.484767958496295,-4.64717652057043E-34,-3.79470760369927E-18));
#2835=CARTESIAN_POINT('',(0.484149845162696,-2.22706481206329E-19,-0.00181853642504423));
#2836=CARTESIAN_POINT('',(0.484458508817108,-2.30053547683337E-19,-0.00187852977563416));
#2837=CARTESIAN_POINT('',(0.484767958496295,-2.36897696826844E-19,-0.00193441649454995));
#2838=CARTESIAN_POINT('',(0.485077971579708,-1.32776472016298E-34,-1.0842021724855E-18));
#2839=CARTESIAN_POINT('',(0.485697997746533,6.6388236008149E-34,5.42101086242752E-18));
#2840=CARTESIAN_POINT('',(0.486320051949468,-2.92108238435856E-34,-2.38524477946811E-18));
#2841=CARTESIAN_POINT('',(0.485077971579708,-2.43339426981351E-19,-0.00198701721305092));
#2842=CARTESIAN_POINT('',(0.485697997746533,-2.56222887290363E-19,-0.00209221865005286));
#2843=CARTESIAN_POINT('',(0.486320051949468,-2.67601580116619E-19,-0.0021851327280889));
#2844=CARTESIAN_POINT('',(0.486943230734811,-7.96658832097788E-35,-6.50521303491303E-19));
#2845=CARTESIAN_POINT('',(0.487566409520153,5.31105888065192E-35,4.33680868994202E-19));
#2846=CARTESIAN_POINT('',(0.488190688622965,1.59331766419558E-34,1.30104260698261E-18));
#2847=CARTESIAN_POINT('',(0.486943230734811,-2.77947462558861E-19,-0.00226961326933104));
#2848=CARTESIAN_POINT('',(0.487566409520153,-2.88293345001103E-19,-0.00235409381057317));
#2849=CARTESIAN_POINT('',(0.488190688622965,-2.97628302745741E-19,-0.00243031952521299));
#2850=CARTESIAN_POINT('',(0.488815667656035,5.31105888065192E-35,4.33680868994202E-19));
#2851=CARTESIAN_POINT('',(0.489440646689104,-2.65552944032596E-35,-2.16840434497101E-19));
#2852=CARTESIAN_POINT('',(0.490066290623311,-1.32776472016298E-34,-1.0842021724855E-18));
#2853=CARTESIAN_POINT('',(0.488815667656035,-3.06194699238886E-19,-0.00250026946097496));
#2854=CARTESIAN_POINT('',(0.489440646689104,-3.14761095732031E-19,-0.00257021939673692));
#2855=CARTESIAN_POINT('',(0.490066290623311,-3.2258605822015E-19,-0.00263411506439855));
#2856=CARTESIAN_POINT('',(0.490692384545639,-2.65552944032596E-35,-2.16840434497101E-19));
#2857=CARTESIAN_POINT('',(0.491944572390294,1.32776472016298E-34,1.0842021724855E-18));
#2858=CARTESIAN_POINT('',(0.493198572263467,7.96658832097788E-35,6.50521303491303E-19));
#2859=CARTESIAN_POINT('',(0.490692384545639,-3.29819406351291E-19,-0.00269317983422587));
#2860=CARTESIAN_POINT('',(0.491944572390294,-3.44286102613573E-19,-0.00281130937388052));
#2861=CARTESIAN_POINT('',(0.493198572263467,-3.5637451809038E-19,-0.00291001877715683));
#2862=CARTESIAN_POINT('',(0.494453358114684,-2.65552944032596E-35,-2.16840434497101E-19));
#2863=CARTESIAN_POINT('',(0.495080751040293,-7.96658832097788E-35,-6.50521303491303E-19));
#2864=CARTESIAN_POINT('',(0.495708398047361,2.65552944032596E-35,2.16840434497101E-19));
#2865=CARTESIAN_POINT('',(0.494453358114684,-3.66922424276583E-19,-0.00299614896745779));
#2866=CARTESIAN_POINT('',(0.495080751040293,-3.72196377369684E-19,-0.00303921406260827));
#2867=CARTESIAN_POINT('',(0.495708398047361,-3.77037577230924E-19,-0.00307874545945355));
#2868=CARTESIAN_POINT('',(0.49633619548289,0.,0.));
#2869=CARTESIAN_POINT('',(0.496963992918419,-2.65552944032596E-35,-2.16840434497101E-19));
#2870=CARTESIAN_POINT('',(0.497591965592136,-5.31105888065192E-35,-4.33680868994202E-19));
#2871=CARTESIAN_POINT('',(0.49633619548289,-3.81541375924908E-19,-0.00311552176668858));
#2872=CARTESIAN_POINT('',(0.496963992918419,-3.86045174618892E-19,-0.00315229807392362));
#2873=CARTESIAN_POINT('',(0.497591965592136,-3.90189965401716E-19,-0.00318614285909523));
#2874=CARTESIAN_POINT('',(0.498220059482857,0.,0.));
#2875=CARTESIAN_POINT('',(0.499476247264299,2.65552944032596E-35,2.16840434497101E-19));
#2876=CARTESIAN_POINT('',(0.500732939505992,2.65552944032596E-35,2.16840434497101E-19));
#2877=CARTESIAN_POINT('',(0.498220059482857,-3.94028141343627E-19,-0.00321748394408874));
#2878=CARTESIAN_POINT('',(0.499476247264299,-4.01704493227449E-19,-0.00328016611407576));
#2879=CARTESIAN_POINT('',(0.500732939505992,-4.08138731844691E-19,-0.00333270565953264));
#2880=CARTESIAN_POINT('',(0.501989893148104,2.65552944032596E-35,2.16840434497101E-19));
#2881=CARTESIAN_POINT('',(0.503246846790215,5.31105888065192E-35,4.33680868994202E-19));
#2882=CARTESIAN_POINT('',(0.504504100626019,-2.65552944032596E-35,-2.16840434497101E-19));
#2883=CARTESIAN_POINT('',(0.501989893148104,-4.13604792517078E-19,-0.00337733943211255));
#2884=CARTESIAN_POINT('',(0.503246846790215,-4.19070853189464E-19,-0.00342197320469247));
#2885=CARTESIAN_POINT('',(0.504504100626019,-4.23525364255759E-19,-0.00345834704790503));
#2886=CARTESIAN_POINT('',(0.505761500090508,-5.31105888065192E-35,-4.33680868994202E-19));
#2887=CARTESIAN_POINT('',(0.507018899554996,-7.96658832097788E-35,-6.50521303491303E-19));
#2888=CARTESIAN_POINT('',(0.508276446542185,-2.65552944032596E-35,-2.16840434497101E-19));
#2889=CARTESIAN_POINT('',(0.505761500090508,-4.27170746545658E-19,-0.00348811385326014));
#2890=CARTESIAN_POINT('',(0.507018899554996,-4.30816128835556E-19,-0.00351788065861526));
#2891=CARTESIAN_POINT('',(0.508276446542185,-4.33651783343724E-19,-0.00354103553486319));
#2892=CARTESIAN_POINT('',(0.509534077989019,0.,0.));
#2893=CARTESIAN_POINT('',(0.512049340882689,2.65552944032596E-35,2.16840434497101E-19));
#2894=CARTESIAN_POINT('',(0.514564898919912,5.31105888065192E-35,4.33680868994202E-19));
#2895=CARTESIAN_POINT('',(0.509534077989019,-4.35774904464197E-19,-0.00355837213446033));
#2896=CARTESIAN_POINT('',(0.512049340882689,-4.40021146705144E-19,-0.0035930453336546));
#2897=CARTESIAN_POINT('',(0.514564898919912,-4.41476707450117E-19,-0.00360493088911424));
#2898=CARTESIAN_POINT('',(0.517080387512728,5.31105888065192E-35,4.33680868994202E-19));
#2899=CARTESIAN_POINT('',(0.519595876105545,5.31105888065192E-35,4.33680868994202E-19));
#2900=CARTESIAN_POINT('',(0.522111325734643,-1.06221177613038E-34,-8.67361737988404E-19));
#2901=CARTESIAN_POINT('',(0.517080387512728,-4.40858128713148E-19,-0.00359987981040811));
#2902=CARTESIAN_POINT('',(0.519595876105545,-4.40239549976178E-19,-0.00359482873170199));
#2903=CARTESIAN_POINT('',(0.522111325734643,-4.37489285901494E-19,-0.00357237112125791));
#2904=CARTESIAN_POINT('',(0.524626567167855,-2.65552944032596E-35,-2.16840434497101E-19));
#2905=CARTESIAN_POINT('',(0.527141808601067,5.31105888065192E-35,4.33680868994202E-19));
#2906=CARTESIAN_POINT('',(0.529656847156979,1.59331766419558E-34,1.30104260698261E-18));
#2907=CARTESIAN_POINT('',(0.524626567167855,-4.33079780486813E-19,-0.00353636477707973));
#2908=CARTESIAN_POINT('',(0.527141808601067,-4.28670275072133E-19,-0.00350035843290155));
#2909=CARTESIAN_POINT('',(0.529656847156979,-4.22608487880197E-19,-0.00345086018413173));
#2910=CARTESIAN_POINT('',(0.532171617646684,0.,0.));
#2911=CARTESIAN_POINT('',(0.534686388136388,-1.59331766419558E-34,-1.30104260698261E-18));
#2912=CARTESIAN_POINT('',(0.537200887092063,1.06221177613038E-34,8.67361737988404E-19));
#2913=CARTESIAN_POINT('',(0.532171617646684,-4.15184601889919E-19,-0.0033902395546127));
#2914=CARTESIAN_POINT('',(0.534686388136388,-4.07760715899641E-19,-0.00332961892509366));
#2915=CARTESIAN_POINT('',(0.537200887092063,-3.99017923514545E-19,-0.00325822860756552));
#2916=CARTESIAN_POINT('',(0.539715095309244,2.65552944032596E-35,2.16840434497101E-19));
#2917=CARTESIAN_POINT('',(0.544743511743605,-1.06221177613038E-34,-8.67361737988404E-19));
#2918=CARTESIAN_POINT('',(0.54977074987597,1.06221177613038E-34,8.67361737988404E-19));
#2919=CARTESIAN_POINT('',(0.539715095309244,-3.891476023033E-19,-0.00317763131846864));
#2920=CARTESIAN_POINT('',(0.544743511743605,-3.69406959880809E-19,-0.00301643674027487));
#2921=CARTESIAN_POINT('',(0.54977074987597,-3.45320497174829E-19,-0.00281975584646328));
#2922=CARTESIAN_POINT('',(0.554796828472497,-1.06221177613038E-34,-8.67361737988404E-19));
#2923=CARTESIAN_POINT('',(0.559822907069025,-3.18663532839115E-34,-2.60208521396521E-18));
#2924=CARTESIAN_POINT('',(0.564847838827164,-2.38997649629336E-34,-1.95156391047391E-18));
#2925=CARTESIAN_POINT('',(0.554796828472497,-3.18096247543028E-19,-0.00259745297798923));
#2926=CARTESIAN_POINT('',(0.559822907069025,-2.90871997911226E-19,-0.00237515010951519));
#2927=CARTESIAN_POINT('',(0.564847838827164,-2.60502632122132E-19,-0.00212716541866197));
#2928=CARTESIAN_POINT('',(0.56987165063954,-1.46054119217928E-34,-1.19262238973405E-18));
#2929=CARTESIAN_POINT('',(0.574895462451917,-7.96658832097788E-35,-6.50521303491303E-19));
#2930=CARTESIAN_POINT('',(0.579918161387353,1.32776472016298E-35,1.0842021724855E-19));
#2931=CARTESIAN_POINT('',(0.56987165063954,-2.27595185516684E-19,-0.00185845572515393));
#2932=CARTESIAN_POINT('',(0.574895462451917,-1.94687738911236E-19,-0.0015897460316459));
#2933=CARTESIAN_POINT('',(0.579918161387353,-1.59238852444549E-19,-0.00130028390680004));
#2934=CARTESIAN_POINT('',(0.584939630321376,-7.96658832097788E-35,-6.50521303491303E-19));
#2935=CARTESIAN_POINT('',(0.589961099255399,-1.32776472016298E-34,-1.0842021724855E-18));
#2936=CARTESIAN_POINT('',(0.59498134303945,3.37916121281478E-33,2.75929452897561E-17));
#2937=CARTESIAN_POINT('',(0.6,0.,0.));
#2938=CARTESIAN_POINT('',(0.584939630321376,-1.21347012183553E-19,-0.000990873550382356));
#2939=CARTESIAN_POINT('',(0.589961099255399,-8.34551719225564E-20,-0.000681463193964669));
#2940=CARTESIAN_POINT('',(0.59498134303945,-4.31178121469182E-20,-0.000352083655278718));
#2941=CARTESIAN_POINT('',(0.6,0.,0.));
#2942=B_SPLINE_SURFACE_WITH_KNOTS('Surf_GTZCICDXQB, Fin_Left, 0, 7, lower',1,3,((#2943, #2944, #2945, #2949, #2950, #2951, #2955, #2956, #2957, #2961, #2962, #2963, #2967, #2968, #2969, #2973, #2974, #2975, #2979, #2980, #2981, #2985, #2986, #2987, #2991, #2992, #2993, #2997, #2998, #2999, #3003, #3004, #3005, #3009, #3010, #3011, #3015, #3016, #3017, #3021, #3022, #3023, #3027, #3028, #3029, #3033, #3034, #3035, #3039, #3040, #3041, #3045, #3046, #3047, #3051, #3052, #3053, #3057, #3058, #3059, #3063, #3064, #3065, #3069, #3070, #3071, #3075, #3076, #3077, #3081, #3082, #3083, #3087, #3088, #3089, #3093, #3094, #3095, #3099, #3100, #3101, #3105, #3106, #3107, #3111, #3112, #3113, #3114),(#2946, #2947, #2948, #2952, #2953, #2954, #2958, #2959, #2960, #2964, #2965, #2966, #2970, #2971, #2972, #2976, #2977, #2978, #2982, #2983, #2984, #2988, #2989, #2990, #2994, #2995, #2996, #3000, #3001, #3002, #3006, #3007, #3008, #3012, #3013, #3014, #3018, #3019, #3020, #3024, #3025, #3026, #3030, #3031, #3032, #3036, #3037, #3038, #3042, #3043, #3044, #3048, #3049, #3050, #3054, #3055, #3056, #3060, #3061, #3062, #3066, #3067, #3068, #3072, #3073, #3074, #3078, #3079, #3080, #3084, #3085, #3086, #3090, #3091, #3092, #3096, #3097, #3098, #3102, #3103, #3104, #3108, #3109, #3110, #3115, #3116, #3117, #3118)),.UNSPECIFIED.,.F.,.F.,.F.,(2,2),(4,3,3,3,3,3,3,3,3,3,3,3,3,3,3,3,3,3,3,3,3,3,3,3,3,3,3,3,3,4),(0.,1.),(0.,1.,2.,3.,4.,5.,6.,7.,8.,9.,10.,11.,12.,13.,14.,15.,16.,17.,18.,19.,20.,21.,22.,23.,24.,25.,26.,27.,28.,29.),.PIECEWISE_BEZIER_KNOTS.);
#2943=CARTESIAN_POINT('',(0.6,0.,0.));
#2944=CARTESIAN_POINT('',(0.594981343039449,4.3117812146925E-20,0.000352083655278773));
#2945=CARTESIAN_POINT('',(0.589961099255399,8.34551719225561E-20,0.000681463193964667));
#2946=CARTESIAN_POINT('',(0.6,-0.16,1.95943487863577E-17));
#2947=CARTESIAN_POINT('',(0.594981343039449,-0.16,0.000352083655278793));
#2948=CARTESIAN_POINT('',(0.589961099255399,-0.16,0.000681463193964686));
#2949=CARTESIAN_POINT('',(0.584939630321376,1.21347012183552E-19,0.000990873550382355));
#2950=CARTESIAN_POINT('',(0.579918161387353,1.59238852444549E-19,0.00130028390680004));
#2951=CARTESIAN_POINT('',(0.574895462451917,1.94687738911236E-19,0.0015897460316459));
#2952=CARTESIAN_POINT('',(0.584939630321376,-0.16,0.000990873550382374));
#2953=CARTESIAN_POINT('',(0.579918161387353,-0.16,0.00130028390680006));
#2954=CARTESIAN_POINT('',(0.574895462451917,-0.16,0.00158974603164592));
#2955=CARTESIAN_POINT('',(0.56987165063954,2.27595185516684E-19,0.00185845572515393));
#2956=CARTESIAN_POINT('',(0.564847838827164,2.60502632122132E-19,0.00212716541866197));
#2957=CARTESIAN_POINT('',(0.559822907069025,2.90871997911226E-19,0.00237515010951518));
#2958=CARTESIAN_POINT('',(0.56987165063954,-0.16,0.00185845572515395));
#2959=CARTESIAN_POINT('',(0.564847838827164,-0.16,0.00212716541866199));
#2960=CARTESIAN_POINT('',(0.559822907069025,-0.16,0.0023751501095152));
#2961=CARTESIAN_POINT('',(0.554796828472497,3.18096247543027E-19,0.00259745297798923));
#2962=CARTESIAN_POINT('',(0.54977074987597,3.45320497174829E-19,0.00281975584646328));
#2963=CARTESIAN_POINT('',(0.544743511743605,3.69406959880809E-19,0.00301643674027486));
#2964=CARTESIAN_POINT('',(0.554796828472497,-0.16,0.00259745297798925));
#2965=CARTESIAN_POINT('',(0.54977074987597,-0.16,0.0028197558464633));
#2966=CARTESIAN_POINT('',(0.544743511743605,-0.16,0.00301643674027488));
#2967=CARTESIAN_POINT('',(0.539715095309244,3.891476023033E-19,0.00317763131846864));
#2968=CARTESIAN_POINT('',(0.537200887092063,3.99017923514545E-19,0.00325822860756552));
#2969=CARTESIAN_POINT('',(0.534686388136388,4.0776071589964E-19,0.00332961892509366));
#2970=CARTESIAN_POINT('',(0.539715095309244,-0.16,0.00317763131846866));
#2971=CARTESIAN_POINT('',(0.537200887092063,-0.16,0.00325822860756554));
#2972=CARTESIAN_POINT('',(0.534686388136388,-0.16,0.00332961892509368));
#2973=CARTESIAN_POINT('',(0.532171617646684,4.15184601889919E-19,0.0033902395546127));
#2974=CARTESIAN_POINT('',(0.529656847156979,4.22608487880197E-19,0.00345086018413173));
#2975=CARTESIAN_POINT('',(0.527141808601067,4.28670275072133E-19,0.00350035843290155));
#2976=CARTESIAN_POINT('',(0.532171617646684,-0.16,0.00339023955461272));
#2977=CARTESIAN_POINT('',(0.529656847156979,-0.16,0.00345086018413175));
#2978=CARTESIAN_POINT('',(0.527141808601067,-0.16,0.00350035843290157));
#2979=CARTESIAN_POINT('',(0.524626567167855,4.33079780486813E-19,0.00353636477707973));
#2980=CARTESIAN_POINT('',(0.522111325734643,4.37489285901494E-19,0.00357237112125791));
#2981=CARTESIAN_POINT('',(0.519595876105545,4.40239549976178E-19,0.00359482873170199));
#2982=CARTESIAN_POINT('',(0.524626567167855,-0.16,0.00353636477707975));
#2983=CARTESIAN_POINT('',(0.522111325734643,-0.16,0.00357237112125793));
#2984=CARTESIAN_POINT('',(0.519595876105545,-0.16,0.00359482873170201));
#2985=CARTESIAN_POINT('',(0.517080387512728,4.40858128713148E-19,0.00359987981040811));
#2986=CARTESIAN_POINT('',(0.514564898919912,4.41476707450117E-19,0.00360493088911424));
#2987=CARTESIAN_POINT('',(0.512049340882689,4.40021146705144E-19,0.0035930453336546));
#2988=CARTESIAN_POINT('',(0.517080387512728,-0.16,0.00359987981040813));
#2989=CARTESIAN_POINT('',(0.514564898919912,-0.16,0.00360493088911426));
#2990=CARTESIAN_POINT('',(0.512049340882689,-0.16,0.00359304533365462));
#2991=CARTESIAN_POINT('',(0.509534077989019,4.35774904464197E-19,0.00355837213446033));
#2992=CARTESIAN_POINT('',(0.508276446542185,4.33651783343724E-19,0.00354103553486319));
#2993=CARTESIAN_POINT('',(0.507018899554996,4.30816128835556E-19,0.00351788065861526));
#2994=CARTESIAN_POINT('',(0.509534077989019,-0.16,0.00355837213446034));
#2995=CARTESIAN_POINT('',(0.508276446542185,-0.16,0.00354103553486321));
#2996=CARTESIAN_POINT('',(0.507018899554996,-0.16,0.00351788065861528));
#2997=CARTESIAN_POINT('',(0.505761500090508,4.27170746545657E-19,0.00348811385326014));
#2998=CARTESIAN_POINT('',(0.504504100626019,4.23525364255759E-19,0.00345834704790503));
#2999=CARTESIAN_POINT('',(0.503246846790215,4.19070853189464E-19,0.00342197320469247));
#3000=CARTESIAN_POINT('',(0.505761500090508,-0.16,0.00348811385326016));
#3001=CARTESIAN_POINT('',(0.504504100626019,-0.16,0.00345834704790505));
#3002=CARTESIAN_POINT('',(0.503246846790215,-0.16,0.00342197320469249));
#3003=CARTESIAN_POINT('',(0.501989893148104,4.13604792517078E-19,0.00337733943211255));
#3004=CARTESIAN_POINT('',(0.500732939505992,4.08138731844692E-19,0.00333270565953264));
#3005=CARTESIAN_POINT('',(0.499476247264299,4.01704493227449E-19,0.00328016611407576));
#3006=CARTESIAN_POINT('',(0.501989893148104,-0.16,0.00337733943211257));
#3007=CARTESIAN_POINT('',(0.500732939505992,-0.16,0.00333270565953266));
#3008=CARTESIAN_POINT('',(0.499476247264299,-0.16,0.00328016611407578));
#3009=CARTESIAN_POINT('',(0.498220059482857,3.94028141343627E-19,0.00321748394408874));
#3010=CARTESIAN_POINT('',(0.497591965592136,3.90189965401716E-19,0.00318614285909522));
#3011=CARTESIAN_POINT('',(0.496963992918419,3.86045174618892E-19,0.00315229807392362));
#3012=CARTESIAN_POINT('',(0.498220059482857,-0.16,0.00321748394408875));
#3013=CARTESIAN_POINT('',(0.497591965592136,-0.16,0.00318614285909524));
#3014=CARTESIAN_POINT('',(0.496963992918419,-0.16,0.00315229807392364));
#3015=CARTESIAN_POINT('',(0.49633619548289,3.81541375924908E-19,0.00311552176668858));
#3016=CARTESIAN_POINT('',(0.495708398047361,3.77037577230924E-19,0.00307874545945355));
#3017=CARTESIAN_POINT('',(0.495080751040293,3.72196377369683E-19,0.00303921406260826));
#3018=CARTESIAN_POINT('',(0.49633619548289,-0.16,0.0031155217666886));
#3019=CARTESIAN_POINT('',(0.495708398047361,-0.16,0.00307874545945357));
#3020=CARTESIAN_POINT('',(0.495080751040293,-0.16,0.00303921406260828));
#3021=CARTESIAN_POINT('',(0.494453358114684,3.66922424276583E-19,0.00299614896745779));
#3022=CARTESIAN_POINT('',(0.493198572263467,3.56374518090381E-19,0.00291001877715683));
#3023=CARTESIAN_POINT('',(0.491944572390294,3.44286102613573E-19,0.00281130937388052));
#3024=CARTESIAN_POINT('',(0.494453358114684,-0.16,0.00299614896745781));
#3025=CARTESIAN_POINT('',(0.493198572263467,-0.16,0.00291001877715685));
#3026=CARTESIAN_POINT('',(0.491944572390294,-0.16,0.00281130937388054));
#3027=CARTESIAN_POINT('',(0.490692384545639,3.29819406351291E-19,0.00269317983422587));
#3028=CARTESIAN_POINT('',(0.490066290623311,3.2258605822015E-19,0.00263411506439854));
#3029=CARTESIAN_POINT('',(0.489440646689104,3.14761095732031E-19,0.00257021939673692));
#3030=CARTESIAN_POINT('',(0.490692384545639,-0.16,0.00269317983422589));
#3031=CARTESIAN_POINT('',(0.490066290623311,-0.16,0.00263411506439856));
#3032=CARTESIAN_POINT('',(0.489440646689104,-0.16,0.00257021939673694));
#3033=CARTESIAN_POINT('',(0.488815667656035,3.06194699238886E-19,0.00250026946097496));
#3034=CARTESIAN_POINT('',(0.488190688622965,2.97628302745741E-19,0.002430319525213));
#3035=CARTESIAN_POINT('',(0.487566409520153,2.88293345001103E-19,0.00235409381057317));
#3036=CARTESIAN_POINT('',(0.488815667656035,-0.16,0.00250026946097498));
#3037=CARTESIAN_POINT('',(0.488190688622965,-0.16,0.00243031952521302));
#3038=CARTESIAN_POINT('',(0.487566409520153,-0.16,0.00235409381057319));
#3039=CARTESIAN_POINT('',(0.486943230734811,2.77947462558861E-19,0.00226961326933103));
#3040=CARTESIAN_POINT('',(0.486320051949468,2.67601580116619E-19,0.00218513272808889));
#3041=CARTESIAN_POINT('',(0.485697997746533,2.56222887290364E-19,0.00209221865005287));
#3042=CARTESIAN_POINT('',(0.486943230734811,-0.16,0.00226961326933105));
#3043=CARTESIAN_POINT('',(0.486320051949468,-0.16,0.00218513272808891));
#3044=CARTESIAN_POINT('',(0.485697997746533,-0.16,0.00209221865005289));
#3045=CARTESIAN_POINT('',(0.485077971579708,2.4333942698135E-19,0.00198701721305092));
#3046=CARTESIAN_POINT('',(0.484767958496295,2.36897696826843E-19,0.00193441649454995));
#3047=CARTESIAN_POINT('',(0.484458508817108,2.30053547683339E-19,0.00187852977563418));
#3048=CARTESIAN_POINT('',(0.485077971579708,-0.16,0.00198701721305094));
#3049=CARTESIAN_POINT('',(0.484767958496295,-0.16,0.00193441649454996));
#3050=CARTESIAN_POINT('',(0.484458508817108,-0.16,0.00187852977563419));
#3051=CARTESIAN_POINT('',(0.484149845162696,2.2270648120633E-19,0.00181853642504424));
#3052=CARTESIAN_POINT('',(0.483841181508283,2.1535941472932E-19,0.0017585430744543));
#3053=CARTESIAN_POINT('',(0.483533318317873,2.07503512014477E-19,0.00169439476066853));
#3054=CARTESIAN_POINT('',(0.484149845162696,-0.16,0.00181853642504426));
#3055=CARTESIAN_POINT('',(0.483841181508283,-0.16,0.00175854307445432));
#3056=CARTESIAN_POINT('',(0.483533318317873,-0.16,0.00169439476066855));
#3057=CARTESIAN_POINT('',(0.483226731336765,1.9894803703626E-19,0.00162453400584377));
#3058=CARTESIAN_POINT('',(0.482920144355657,1.90392562058044E-19,0.00155467325101901));
#3059=CARTESIAN_POINT('',(0.482614819340771,1.81137521303907E-19,0.00147910010812931));
#3060=CARTESIAN_POINT('',(0.483226731336765,-0.16,0.00162453400584379));
#3061=CARTESIAN_POINT('',(0.482920144355657,-0.16,0.00155467325101903));
#3062=CARTESIAN_POINT('',(0.482614819340771,-0.16,0.00147910010812933));
#3063=CARTESIAN_POINT('',(0.482311967769028,1.707824124715E-19,0.0013945442276941));
#3064=CARTESIAN_POINT('',(0.482160541983156,1.65604858055297E-19,0.0013522662874765));
#3065=CARTESIAN_POINT('',(0.482009686402214,1.60166354366194E-19,0.00130785753474151));
#3066=CARTESIAN_POINT('',(0.482311967769028,-0.16,0.00139454422769412));
#3067=CARTESIAN_POINT('',(0.482160541983156,-0.16,0.00135226628747652));
#3068=CARTESIAN_POINT('',(0.482009686402214,-0.16,0.00130785753474153));
#3069=CARTESIAN_POINT('',(0.481859817486333,1.54349193561662E-19,0.00126035681201409));
#3070=CARTESIAN_POINT('',(0.481709948570452,1.4853203275713E-19,0.00121285608928667));
#3071=CARTESIAN_POINT('',(0.481560955237843,1.42363518619321E-19,0.0011624863488676));
#3072=CARTESIAN_POINT('',(0.481859817486333,-0.16,0.00126035681201411));
#3073=CARTESIAN_POINT('',(0.481709948570452,-0.16,0.00121285608928669));
#3074=CARTESIAN_POINT('',(0.481560955237843,-0.16,0.00116248634886762));
#3075=CARTESIAN_POINT('',(0.481413539771823,1.35672163341336E-19,0.00110784728654658));
#3076=CARTESIAN_POINT('',(0.481266124305804,1.28980808063351E-19,0.00105320822422557));
#3077=CARTESIAN_POINT('',(0.481120074529736,1.21807975640045E-19,0.000994637602652885));
#3078=CARTESIAN_POINT('',(0.481413539771823,-0.16,0.0011078472865466));
#3079=CARTESIAN_POINT('',(0.481266124305804,-0.16,0.00105320822422558));
#3080=CARTESIAN_POINT('',(0.481120074529736,-0.16,0.000994637602652905));
#3081=CARTESIAN_POINT('',(0.480977004062892,1.13829311333351E-19,0.000929486864397173));
#3082=CARTESIAN_POINT('',(0.480833933596049,1.05850647026656E-19,0.000864336126141462));
#3083=CARTESIAN_POINT('',(0.480693345608908,9.71361920003672E-20,0.000793177200707969));
#3084=CARTESIAN_POINT('',(0.480977004062892,-0.16,0.000929486864397192));
#3085=CARTESIAN_POINT('',(0.480833933596049,-0.16,0.000864336126141481));
#3086=CARTESIAN_POINT('',(0.480693345608908,-0.16,0.000793177200707989));
#3087=CARTESIAN_POINT('',(0.48055942508424,8.70495368309937E-20,0.000710813410785877));
#3088=CARTESIAN_POINT('',(0.480492464821906,8.20062092463069E-20,0.000669631515824831));
#3089=CARTESIAN_POINT('',(0.48042714271467,7.66224272726637E-20,0.000625669599806337));
#3090=CARTESIAN_POINT('',(0.48055942508424,-0.16,0.000710813410785896));
#3091=CARTESIAN_POINT('',(0.480492464821906,-0.16,0.00066963151582485));
#3092=CARTESIAN_POINT('',(0.48042714271467,-0.16,0.000625669599806357));
#3093=CARTESIAN_POINT('',(0.480364914512348,7.07407496223075E-20,0.000577642057053185));
#3094=CARTESIAN_POINT('',(0.480302686310026,6.48590719719511E-20,0.000529614514300029));
#3095=CARTESIAN_POINT('',(0.480243290440178,5.84924865870848E-20,0.000477627399408626));
#3096=CARTESIAN_POINT('',(0.480364914512348,-0.16,0.000577642057053204));
#3097=CARTESIAN_POINT('',(0.480302686310026,-0.16,0.000529614514300049));
#3098=CARTESIAN_POINT('',(0.480243290440178,-0.16,0.000477627399408645));
#3099=CARTESIAN_POINT('',(0.480190037436992,5.14124519233546E-20,0.000419814529047477));
#3100=CARTESIAN_POINT('',(0.480136784433806,4.43324172596244E-20,0.000362001658686328));
#3101=CARTESIAN_POINT('',(0.480089372309502,3.6521408402316E-20,0.000298219931067011));
#3102=CARTESIAN_POINT('',(0.480190037436992,-0.16,0.000419814529047496));
#3103=CARTESIAN_POINT('',(0.480136784433806,-0.16,0.000362001658686347));
#3104=CARTESIAN_POINT('',(0.480089372309502,-0.16,0.000298219931067031));
#3105=CARTESIAN_POINT('',(0.480054898611975,2.78640222286619E-20,0.000227527008179517));
#3106=CARTESIAN_POINT('',(0.480037661763212,2.35353291418352E-20,0.000192180546735772));
#3107=CARTESIAN_POINT('',(0.480023757394695,1.8994087767176E-20,0.000155098496810675));
#3108=CARTESIAN_POINT('',(0.480054898611975,-0.16,0.000227527008179537));
#3109=CARTESIAN_POINT('',(0.480037661763212,-0.16,0.000192180546735792));
#3110=CARTESIAN_POINT('',(0.480023757394695,-0.16,0.000155098496810695));
#3111=CARTESIAN_POINT('',(0.480014365820962,1.43252728036705E-20,0.000116974729478282));
#3112=CARTESIAN_POINT('',(0.480004974247228,9.65645784016512E-21,7.88509621458883E-05));
#3113=CARTESIAN_POINT('',(0.48,4.78155870902915E-21,3.90443898792554E-05));
#3114=CARTESIAN_POINT('',(0.48,0.,0.));
#3115=CARTESIAN_POINT('',(0.480014365820962,-0.16,0.000116974729478301));
#3116=CARTESIAN_POINT('',(0.480004974247228,-0.16,7.88509621459079E-05));
#3117=CARTESIAN_POINT('',(0.48,-0.16,3.9044389879275E-05));
#3118=CARTESIAN_POINT('',(0.48,-0.16,1.95943487863577E-17));
#3119=B_SPLINE_SURFACE_WITH_KNOTS('Surf_GTZCICDXQB, Fin_Left, 0, 10, upper',1,3,((#3120, #3121, #3122, #3126, #3127, #3128, #3132, #3133, #3134, #3138, #3139, #3140, #3144, #3145, #3146, #3150, #3151, #3152, #3156, #3157, #3158, #3162, #3163, #3164, #3168, #3169, #3170, #3174, #3175, #3176, #3180, #3181, #3182, #3186, #3187, #3188, #3192, #3193, #3194, #3198, #3199, #3200, #3204, #3205, #3206, #3210, #3211, #3212, #3216, #3217, #3218, #3222, #3223, #3224, #3228, #3229, #3230, #3234, #3235, #3236, #3240, #3241, #3242, #3246, #3247, #3248, #3252, #3253, #3254, #3258, #3259, #3260, #3264, #3265, #3266, #3270, #3271, #3272, #3276, #3277, #3278, #3282, #3283, #3284, #3288, #3289, #3290, #3291),(#3123, #3124, #3125, #3129, #3130, #3131, #3135, #3136, #3137, #3141, #3142, #3143, #3147, #3148, #3149, #3153, #3154, #3155, #3159, #3160, #3161, #3165, #3166, #3167, #3171, #3172, #3173, #3177, #3178, #3179, #3183, #3184, #3185, #3189, #3190, #3191, #3195, #3196, #3197, #3201, #3202, #3203, #3207, #3208, #3209, #3213, #3214, #3215, #3219, #3220, #3221, #3225, #3226, #3227, #3231, #3232, #3233, #3237, #3238, #3239, #3243, #3244, #3245, #3249, #3250, #3251, #3255, #3256, #3257, #3261, #3262, #3263, #3267, #3268, #3269, #3273, #3274, #3275, #3279, #3280, #3281, #3285, #3286, #3287, #3292, #3293, #3294, #3295)),.UNSPECIFIED.,.F.,.F.,.F.,(2,2),(4,3,3,3,3,3,3,3,3,3,3,3,3,3,3,3,3,3,3,3,3,3,3,3,3,3,3,3,3,4),(0.,1.),(0.,1.,2.,3.,4.,5.,6.,7.,8.,9.,10.,11.,12.,13.,14.,15.,16.,17.,18.,19.,20.,21.,22.,23.,24.,25.,26.,27.,28.,29.),.PIECEWISE_BEZIER_KNOTS.);
#3120=CARTESIAN_POINT('',(0.48,0.,0.));
#3121=CARTESIAN_POINT('',(0.48,-4.7815587090286E-21,-3.9044389879251E-05));
#3122=CARTESIAN_POINT('',(0.480004974247228,-9.65645784016555E-21,-7.88509621458918E-05));
#3123=CARTESIAN_POINT('',(0.48,-0.16,1.95943487863577E-17));
#3124=CARTESIAN_POINT('',(0.48,-0.16,-3.90443898792314E-05));
#3125=CARTESIAN_POINT('',(0.480004974247228,-0.16,-7.88509621458722E-05));
#3126=CARTESIAN_POINT('',(0.480014365820962,-1.43252728036706E-20,-0.000116974729478282));
#3127=CARTESIAN_POINT('',(0.480023757394695,-1.89940877671767E-20,-0.000155098496810682));
#3128=CARTESIAN_POINT('',(0.480037661763212,-2.35353291418308E-20,-0.000192180546735737));
#3129=CARTESIAN_POINT('',(0.480014365820962,-0.16,-0.000116974729478263));
#3130=CARTESIAN_POINT('',(0.480023757394695,-0.16,-0.000155098496810662));
#3131=CARTESIAN_POINT('',(0.480037661763212,-0.16,-0.000192180546735717));
#3132=CARTESIAN_POINT('',(0.480054898611975,-2.78640222286608E-20,-0.000227527008179508));
#3133=CARTESIAN_POINT('',(0.480089372309502,-3.65214084023209E-20,-0.000298219931067051));
#3134=CARTESIAN_POINT('',(0.480136784433806,-4.43324172596223E-20,-0.000362001658686311));
#3135=CARTESIAN_POINT('',(0.480054898611975,-0.16,-0.000227527008179489));
#3136=CARTESIAN_POINT('',(0.480089372309502,-0.16,-0.000298219931067032));
#3137=CARTESIAN_POINT('',(0.480136784433806,-0.16,-0.000362001658686291));
#3138=CARTESIAN_POINT('',(0.480190037436992,-5.14124519233557E-20,-0.000419814529047486));
#3139=CARTESIAN_POINT('',(0.480243290440178,-5.84924865870883E-20,-0.000477627399408654));
#3140=CARTESIAN_POINT('',(0.480302686310026,-6.48590719719546E-20,-0.000529614514300058));
#3141=CARTESIAN_POINT('',(0.480190037436992,-0.16,-0.000419814529047466));
#3142=CARTESIAN_POINT('',(0.480243290440178,-0.16,-0.000477627399408635));
#3143=CARTESIAN_POINT('',(0.480302686310026,-0.16,-0.000529614514300038));
#3144=CARTESIAN_POINT('',(0.480364914512348,-7.07407496223087E-20,-0.000577642057053194));
#3145=CARTESIAN_POINT('',(0.48042714271467,-7.66224272726628E-20,-0.000625669599806331));
#3146=CARTESIAN_POINT('',(0.480492464821906,-8.20062092463083E-20,-0.000669631515824842));
#3147=CARTESIAN_POINT('',(0.480364914512348,-0.16,-0.000577642057053175));
#3148=CARTESIAN_POINT('',(0.48042714271467,-0.16,-0.000625669599806311));
#3149=CARTESIAN_POINT('',(0.480492464821906,-0.16,-0.000669631515824822));
#3150=CARTESIAN_POINT('',(0.48055942508424,-8.70495368309946E-20,-0.000710813410785884));
#3151=CARTESIAN_POINT('',(0.480693345608908,-9.71361920003672E-20,-0.000793177200707969));
#3152=CARTESIAN_POINT('',(0.480833933596049,-1.05850647026652E-19,-0.000864336126141427));
#3153=CARTESIAN_POINT('',(0.48055942508424,-0.16,-0.000710813410785865));
#3154=CARTESIAN_POINT('',(0.480693345608908,-0.16,-0.000793177200707949));
#3155=CARTESIAN_POINT('',(0.480833933596049,-0.16,-0.000864336126141407));
#3156=CARTESIAN_POINT('',(0.480977004062892,-1.13829311333348E-19,-0.00092948686439715));
#3157=CARTESIAN_POINT('',(0.481120074529736,-1.21807975640044E-19,-0.000994637602652874));
#3158=CARTESIAN_POINT('',(0.481266124305804,-1.28980808063349E-19,-0.00105320822422555));
#3159=CARTESIAN_POINT('',(0.480977004062892,-0.16,-0.000929486864397131));
#3160=CARTESIAN_POINT('',(0.481120074529736,-0.16,-0.000994637602652855));
#3161=CARTESIAN_POINT('',(0.481266124305804,-0.16,-0.00105320822422553));
#3162=CARTESIAN_POINT('',(0.481413539771823,-1.35672163341334E-19,-0.00110784728654657));
#3163=CARTESIAN_POINT('',(0.481560955237843,-1.42363518619319E-19,-0.00116248634886759));
#3164=CARTESIAN_POINT('',(0.481709948570452,-1.48532032757129E-19,-0.00121285608928667));
#3165=CARTESIAN_POINT('',(0.481413539771823,-0.16,-0.00110784728654655));
#3166=CARTESIAN_POINT('',(0.481560955237843,-0.16,-0.00116248634886757));
#3167=CARTESIAN_POINT('',(0.481709948570452,-0.16,-0.00121285608928665));
#3168=CARTESIAN_POINT('',(0.481859817486333,-1.54349193561662E-19,-0.00126035681201409));
#3169=CARTESIAN_POINT('',(0.482009686402214,-1.60166354366195E-19,-0.00130785753474152));
#3170=CARTESIAN_POINT('',(0.482160541983156,-1.65604858055297E-19,-0.0013522662874765));
#3171=CARTESIAN_POINT('',(0.481859817486333,-0.16,-0.00126035681201407));
#3172=CARTESIAN_POINT('',(0.482009686402214,-0.16,-0.0013078575347415));
#3173=CARTESIAN_POINT('',(0.482160541983156,-0.16,-0.00135226628747648));
#3174=CARTESIAN_POINT('',(0.482311967769028,-1.707824124715E-19,-0.0013945442276941));
#3175=CARTESIAN_POINT('',(0.482614819340771,-1.81137521303905E-19,-0.0014791001081293));
#3176=CARTESIAN_POINT('',(0.482920144355657,-1.90392562058044E-19,-0.00155467325101901));
#3177=CARTESIAN_POINT('',(0.482311967769028,-0.16,-0.00139454422769408));
#3178=CARTESIAN_POINT('',(0.482614819340771,-0.16,-0.00147910010812928));
#3179=CARTESIAN_POINT('',(0.482920144355657,-0.16,-0.00155467325101899));
#3180=CARTESIAN_POINT('',(0.483226731336765,-1.9894803703626E-19,-0.00162453400584377));
#3181=CARTESIAN_POINT('',(0.483533318317873,-2.07503512014476E-19,-0.00169439476066853));
#3182=CARTESIAN_POINT('',(0.483841181508284,-2.15359414729321E-19,-0.00175854307445431));
#3183=CARTESIAN_POINT('',(0.483226731336765,-0.16,-0.00162453400584375));
#3184=CARTESIAN_POINT('',(0.483533318317873,-0.16,-0.00169439476066851));
#3185=CARTESIAN_POINT('',(0.483841181508284,-0.16,-0.00175854307445429));
#3186=CARTESIAN_POINT('',(0.484149845162696,-2.22706481206329E-19,-0.00181853642504423));
#3187=CARTESIAN_POINT('',(0.484458508817108,-2.30053547683337E-19,-0.00187852977563416));
#3188=CARTESIAN_POINT('',(0.484767958496295,-2.36897696826844E-19,-0.00193441649454995));
#3189=CARTESIAN_POINT('',(0.484149845162696,-0.16,-0.00181853642504421));
#3190=CARTESIAN_POINT('',(0.484458508817108,-0.16,-0.00187852977563414));
#3191=CARTESIAN_POINT('',(0.484767958496295,-0.16,-0.00193441649454993));
#3192=CARTESIAN_POINT('',(0.485077971579708,-2.43339426981351E-19,-0.00198701721305092));
#3193=CARTESIAN_POINT('',(0.485697997746533,-2.56222887290363E-19,-0.00209221865005286));
#3194=CARTESIAN_POINT('',(0.486320051949468,-2.67601580116619E-19,-0.0021851327280889));
#3195=CARTESIAN_POINT('',(0.485077971579708,-0.16,-0.0019870172130509));
#3196=CARTESIAN_POINT('',(0.485697997746533,-0.16,-0.00209221865005284));
#3197=CARTESIAN_POINT('',(0.486320051949468,-0.16,-0.00218513272808888));
#3198=CARTESIAN_POINT('',(0.486943230734811,-2.77947462558861E-19,-0.00226961326933104));
#3199=CARTESIAN_POINT('',(0.487566409520153,-2.88293345001103E-19,-0.00235409381057317));
#3200=CARTESIAN_POINT('',(0.488190688622965,-2.97628302745741E-19,-0.00243031952521299));
#3201=CARTESIAN_POINT('',(0.486943230734811,-0.16,-0.00226961326933102));
#3202=CARTESIAN_POINT('',(0.487566409520153,-0.16,-0.00235409381057315));
#3203=CARTESIAN_POINT('',(0.488190688622965,-0.16,-0.00243031952521297));
#3204=CARTESIAN_POINT('',(0.488815667656035,-3.06194699238886E-19,-0.00250026946097496));
#3205=CARTESIAN_POINT('',(0.489440646689104,-3.14761095732031E-19,-0.00257021939673692));
#3206=CARTESIAN_POINT('',(0.490066290623311,-3.2258605822015E-19,-0.00263411506439855));
#3207=CARTESIAN_POINT('',(0.488815667656035,-0.16,-0.00250026946097494));
#3208=CARTESIAN_POINT('',(0.489440646689104,-0.16,-0.0025702193967369));
#3209=CARTESIAN_POINT('',(0.490066290623311,-0.16,-0.00263411506439853));
#3210=CARTESIAN_POINT('',(0.490692384545639,-3.29819406351291E-19,-0.00269317983422587));
#3211=CARTESIAN_POINT('',(0.491944572390294,-3.44286102613573E-19,-0.00281130937388052));
#3212=CARTESIAN_POINT('',(0.493198572263467,-3.5637451809038E-19,-0.00291001877715683));
#3213=CARTESIAN_POINT('',(0.490692384545639,-0.16,-0.00269317983422585));
#3214=CARTESIAN_POINT('',(0.491944572390294,-0.16,-0.0028113093738805));
#3215=CARTESIAN_POINT('',(0.493198572263467,-0.16,-0.00291001877715681));
#3216=CARTESIAN_POINT('',(0.494453358114684,-3.66922424276583E-19,-0.00299614896745779));
#3217=CARTESIAN_POINT('',(0.495080751040293,-3.72196377369684E-19,-0.00303921406260827));
#3218=CARTESIAN_POINT('',(0.495708398047361,-3.77037577230924E-19,-0.00307874545945355));
#3219=CARTESIAN_POINT('',(0.494453358114684,-0.16,-0.00299614896745777));
#3220=CARTESIAN_POINT('',(0.495080751040293,-0.16,-0.00303921406260825));
#3221=CARTESIAN_POINT('',(0.495708398047361,-0.16,-0.00307874545945353));
#3222=CARTESIAN_POINT('',(0.49633619548289,-3.81541375924908E-19,-0.00311552176668858));
#3223=CARTESIAN_POINT('',(0.496963992918419,-3.86045174618892E-19,-0.00315229807392362));
#3224=CARTESIAN_POINT('',(0.497591965592136,-3.90189965401716E-19,-0.00318614285909523));
#3225=CARTESIAN_POINT('',(0.49633619548289,-0.16,-0.00311552176668856));
#3226=CARTESIAN_POINT('',(0.496963992918419,-0.16,-0.0031522980739236));
#3227=CARTESIAN_POINT('',(0.497591965592136,-0.16,-0.00318614285909521));
#3228=CARTESIAN_POINT('',(0.498220059482857,-3.94028141343627E-19,-0.00321748394408874));
#3229=CARTESIAN_POINT('',(0.499476247264299,-4.01704493227449E-19,-0.00328016611407576));
#3230=CARTESIAN_POINT('',(0.500732939505992,-4.08138731844691E-19,-0.00333270565953264));
#3231=CARTESIAN_POINT('',(0.498220059482857,-0.16,-0.00321748394408872));
#3232=CARTESIAN_POINT('',(0.499476247264299,-0.16,-0.00328016611407574));
#3233=CARTESIAN_POINT('',(0.500732939505992,-0.16,-0.00333270565953262));
#3234=CARTESIAN_POINT('',(0.501989893148104,-4.13604792517078E-19,-0.00337733943211255));
#3235=CARTESIAN_POINT('',(0.503246846790215,-4.19070853189464E-19,-0.00342197320469247));
#3236=CARTESIAN_POINT('',(0.504504100626019,-4.23525364255759E-19,-0.00345834704790503));
#3237=CARTESIAN_POINT('',(0.501989893148104,-0.16,-0.00337733943211253));
#3238=CARTESIAN_POINT('',(0.503246846790215,-0.16,-0.00342197320469245));
#3239=CARTESIAN_POINT('',(0.504504100626019,-0.16,-0.00345834704790501));
#3240=CARTESIAN_POINT('',(0.505761500090508,-4.27170746545658E-19,-0.00348811385326014));
#3241=CARTESIAN_POINT('',(0.507018899554996,-4.30816128835556E-19,-0.00351788065861526));
#3242=CARTESIAN_POINT('',(0.508276446542185,-4.33651783343724E-19,-0.00354103553486319));
#3243=CARTESIAN_POINT('',(0.505761500090508,-0.16,-0.00348811385326012));
#3244=CARTESIAN_POINT('',(0.507018899554996,-0.16,-0.00351788065861524));
#3245=CARTESIAN_POINT('',(0.508276446542185,-0.16,-0.00354103553486317));
#3246=CARTESIAN_POINT('',(0.509534077989019,-4.35774904464197E-19,-0.00355837213446033));
#3247=CARTESIAN_POINT('',(0.512049340882689,-4.40021146705144E-19,-0.0035930453336546));
#3248=CARTESIAN_POINT('',(0.514564898919912,-4.41476707450117E-19,-0.00360493088911424));
#3249=CARTESIAN_POINT('',(0.509534077989019,-0.16,-0.00355837213446031));
#3250=CARTESIAN_POINT('',(0.512049340882689,-0.16,-0.00359304533365458));
#3251=CARTESIAN_POINT('',(0.514564898919912,-0.16,-0.00360493088911422));
#3252=CARTESIAN_POINT('',(0.517080387512728,-4.40858128713148E-19,-0.00359987981040811));
#3253=CARTESIAN_POINT('',(0.519595876105545,-4.40239549976178E-19,-0.00359482873170199));
#3254=CARTESIAN_POINT('',(0.522111325734643,-4.37489285901494E-19,-0.00357237112125791));
#3255=CARTESIAN_POINT('',(0.517080387512728,-0.16,-0.00359987981040809));
#3256=CARTESIAN_POINT('',(0.519595876105545,-0.16,-0.00359482873170197));
#3257=CARTESIAN_POINT('',(0.522111325734643,-0.16,-0.00357237112125789));
#3258=CARTESIAN_POINT('',(0.524626567167855,-4.33079780486813E-19,-0.00353636477707973));
#3259=CARTESIAN_POINT('',(0.527141808601067,-4.28670275072133E-19,-0.00350035843290155));
#3260=CARTESIAN_POINT('',(0.529656847156979,-4.22608487880197E-19,-0.00345086018413173));
#3261=CARTESIAN_POINT('',(0.524626567167855,-0.16,-0.00353636477707971));
#3262=CARTESIAN_POINT('',(0.527141808601067,-0.16,-0.00350035843290153));
#3263=CARTESIAN_POINT('',(0.529656847156979,-0.16,-0.00345086018413171));
#3264=CARTESIAN_POINT('',(0.532171617646684,-4.15184601889919E-19,-0.0033902395546127));
#3265=CARTESIAN_POINT('',(0.534686388136388,-4.07760715899641E-19,-0.00332961892509366));
#3266=CARTESIAN_POINT('',(0.537200887092063,-3.99017923514545E-19,-0.00325822860756552));
#3267=CARTESIAN_POINT('',(0.532171617646684,-0.16,-0.00339023955461268));
#3268=CARTESIAN_POINT('',(0.534686388136388,-0.16,-0.00332961892509364));
#3269=CARTESIAN_POINT('',(0.537200887092063,-0.16,-0.0032582286075655));
#3270=CARTESIAN_POINT('',(0.539715095309244,-3.891476023033E-19,-0.00317763131846864));
#3271=CARTESIAN_POINT('',(0.544743511743605,-3.69406959880809E-19,-0.00301643674027487));
#3272=CARTESIAN_POINT('',(0.54977074987597,-3.45320497174829E-19,-0.00281975584646328));
#3273=CARTESIAN_POINT('',(0.539715095309244,-0.16,-0.00317763131846862));
#3274=CARTESIAN_POINT('',(0.544743511743605,-0.16,-0.00301643674027485));
#3275=CARTESIAN_POINT('',(0.54977074987597,-0.16,-0.00281975584646326));
#3276=CARTESIAN_POINT('',(0.554796828472497,-3.18096247543028E-19,-0.00259745297798923));
#3277=CARTESIAN_POINT('',(0.559822907069025,-2.90871997911226E-19,-0.00237515010951519));
#3278=CARTESIAN_POINT('',(0.564847838827164,-2.60502632122132E-19,-0.00212716541866197));
#3279=CARTESIAN_POINT('',(0.554796828472497,-0.16,-0.00259745297798922));
#3280=CARTESIAN_POINT('',(0.559822907069025,-0.16,-0.00237515010951517));
#3281=CARTESIAN_POINT('',(0.564847838827164,-0.16,-0.00212716541866195));
#3282=CARTESIAN_POINT('',(0.56987165063954,-2.27595185516684E-19,-0.00185845572515393));
#3283=CARTESIAN_POINT('',(0.574895462451917,-1.94687738911236E-19,-0.0015897460316459));
#3284=CARTESIAN_POINT('',(0.579918161387353,-1.59238852444549E-19,-0.00130028390680004));
#3285=CARTESIAN_POINT('',(0.56987165063954,-0.16,-0.00185845572515392));
#3286=CARTESIAN_POINT('',(0.574895462451917,-0.16,-0.00158974603164588));
#3287=CARTESIAN_POINT('',(0.579918161387353,-0.16,-0.00130028390680002));
#3288=CARTESIAN_POINT('',(0.584939630321376,-1.21347012183553E-19,-0.000990873550382356));
#3289=CARTESIAN_POINT('',(0.589961099255399,-8.34551719225564E-20,-0.000681463193964669));
#3290=CARTESIAN_POINT('',(0.59498134303945,-4.31178121469182E-20,-0.000352083655278718));
#3291=CARTESIAN_POINT('',(0.6,0.,0.));
#3292=CARTESIAN_POINT('',(0.584939630321376,-0.16,-0.000990873550382336));
#3293=CARTESIAN_POINT('',(0.589961099255399,-0.16,-0.000681463193964649));
#3294=CARTESIAN_POINT('',(0.59498134303945,-0.16,-0.000352083655278698));
#3295=CARTESIAN_POINT('',(0.6,-0.16,1.95943487863577E-17));
#3296=B_SPLINE_SURFACE_WITH_KNOTS('Surf_GTZCICDXQB, Fin_Left, 0, 13, lower',1,3,((#3297, #3298, #3299, #3303, #3304, #3305, #3309, #3310, #3311, #3315, #3316, #3317, #3321, #3322, #3323, #3327, #3328, #3329, #3333, #3334, #3335, #3339, #3340, #3341, #3345, #3346, #3347, #3351, #3352, #3353, #3357, #3358, #3359, #3363, #3364, #3365, #3369, #3370, #3371, #3375, #3376, #3377, #3381, #3382, #3383, #3387, #3388, #3389, #3393, #3394, #3395, #3399, #3400, #3401, #3405, #3406, #3407, #3411, #3412, #3413, #3417, #3418, #3419, #3423, #3424, #3425, #3429, #3430, #3431, #3435, #3436, #3437, #3441, #3442, #3443, #3447, #3448, #3449, #3453, #3454, #3455, #3459, #3460, #3461, #3465, #3466, #3467, #3468),(#3300, #3301, #3302, #3306, #3307, #3308, #3312, #3313, #3314, #3318, #3319, #3320, #3324, #3325, #3326, #3330, #3331, #3332, #3336, #3337, #3338, #3342, #3343, #3344, #3348, #3349, #3350, #3354, #3355, #3356, #3360, #3361, #3362, #3366, #3367, #3368, #3372, #3373, #3374, #3378, #3379, #3380, #3384, #3385, #3386, #3390, #3391, #3392, #3396, #3397, #3398, #3402, #3403, #3404, #3408, #3409, #3410, #3414, #3415, #3416, #3420, #3421, #3422, #3426, #3427, #3428, #3432, #3433, #3434, #3438, #3439, #3440, #3444, #3445, #3446, #3450, #3451, #3452, #3456, #3457, #3458, #3462, #3463, #3464, #3469, #3470, #3471, #3472)),.UNSPECIFIED.,.F.,.F.,.F.,(2,2),(4,3,3,3,3,3,3,3,3,3,3,3,3,3,3,3,3,3,3,3,3,3,3,3,3,3,3,3,3,4),(0.,1.),(0.,1.,2.,3.,4.,5.,6.,7.,8.,9.,10.,11.,12.,13.,14.,15.,16.,17.,18.,19.,20.,21.,22.,23.,24.,25.,26.,27.,28.,29.),.PIECEWISE_BEZIER_KNOTS.);
#3297=CARTESIAN_POINT('',(0.6,-0.16,1.95943487863577E-17));
#3298=CARTESIAN_POINT('',(0.594981343039449,-0.16,0.000352083655278793));
#3299=CARTESIAN_POINT('',(0.589961099255399,-0.16,0.000681463193964686));
#3300=CARTESIAN_POINT('',(0.6,-0.16,1.95943487863577E-17));
#3301=CARTESIAN_POINT('',(0.59498134303945,-0.16,4.71872940761137E-17));
#3302=CARTESIAN_POINT('',(0.589961099255399,-0.16,1.85101466138721E-17));
#3303=CARTESIAN_POINT('',(0.584939630321376,-0.16,0.000990873550382374));
#3304=CARTESIAN_POINT('',(0.579918161387353,-0.16,0.00130028390680006));
#3305=CARTESIAN_POINT('',(0.574895462451917,-0.16,0.00158974603164592));
#3306=CARTESIAN_POINT('',(0.584939630321376,-0.16,1.89438274828663E-17));
#3307=CARTESIAN_POINT('',(0.579918161387353,-0.16,1.97027690036062E-17));
#3308=CARTESIAN_POINT('',(0.574895462451917,-0.16,1.89438274828663E-17));
#3309=CARTESIAN_POINT('',(0.56987165063954,-0.16,0.00185845572515395));
#3310=CARTESIAN_POINT('',(0.564847838827164,-0.16,0.00212716541866199));
#3311=CARTESIAN_POINT('',(0.559822907069025,-0.16,0.0023751501095152));
#3312=CARTESIAN_POINT('',(0.56987165063954,-0.16,1.84017263966236E-17));
#3313=CARTESIAN_POINT('',(0.564847838827164,-0.16,1.76427848758837E-17));
#3314=CARTESIAN_POINT('',(0.559822907069025,-0.16,1.69922635723924E-17));
#3315=CARTESIAN_POINT('',(0.554796828472497,-0.16,0.00259745297798925));
#3316=CARTESIAN_POINT('',(0.54977074987597,-0.16,0.0028197558464633));
#3317=CARTESIAN_POINT('',(0.544743511743605,-0.16,0.00301643674027488));
#3318=CARTESIAN_POINT('',(0.554796828472497,-0.16,1.87269870483692E-17));
#3319=CARTESIAN_POINT('',(0.54977074987597,-0.16,2.04617105243461E-17));
#3320=CARTESIAN_POINT('',(0.544743511743605,-0.16,1.87269870483692E-17));
#3321=CARTESIAN_POINT('',(0.539715095309244,-0.16,0.00317763131846866));
#3322=CARTESIAN_POINT('',(0.537200887092063,-0.16,0.00325822860756554));
#3323=CARTESIAN_POINT('',(0.534686388136388,-0.16,0.00332961892509368));
#3324=CARTESIAN_POINT('',(0.539715095309244,-0.16,1.98111892208548E-17));
#3325=CARTESIAN_POINT('',(0.537200887092063,-0.16,2.04617105243461E-17));
#3326=CARTESIAN_POINT('',(0.534686388136388,-0.16,1.8293306179375E-17));
#3327=CARTESIAN_POINT('',(0.532171617646684,-0.16,0.00339023955461272));
#3328=CARTESIAN_POINT('',(0.529656847156979,-0.16,0.00345086018413175));
#3329=CARTESIAN_POINT('',(0.527141808601067,-0.16,0.00350035843290157));
#3330=CARTESIAN_POINT('',(0.532171617646684,-0.16,1.95943487863577E-17));
#3331=CARTESIAN_POINT('',(0.529656847156979,-0.16,2.08953913933403E-17));
#3332=CARTESIAN_POINT('',(0.527141808601067,-0.16,2.00280296553519E-17));
#3333=CARTESIAN_POINT('',(0.524626567167855,-0.16,0.00353636477707975));
#3334=CARTESIAN_POINT('',(0.522111325734643,-0.16,0.00357237112125793));
#3335=CARTESIAN_POINT('',(0.519595876105545,-0.16,0.00359482873170201));
#3336=CARTESIAN_POINT('',(0.524626567167855,-0.16,1.93775083518606E-17));
#3337=CARTESIAN_POINT('',(0.522111325734643,-0.16,1.87269870483692E-17));
#3338=CARTESIAN_POINT('',(0.519595876105545,-0.16,2.00280296553519E-17));
#3339=CARTESIAN_POINT('',(0.517080387512728,-0.16,0.00359987981040813));
#3340=CARTESIAN_POINT('',(0.514564898919912,-0.16,0.00360493088911426));
#3341=CARTESIAN_POINT('',(0.512049340882689,-0.16,0.00359304533365462));
#3342=CARTESIAN_POINT('',(0.517080387512728,-0.16,2.00280296553519E-17));
#3343=CARTESIAN_POINT('',(0.514564898919912,-0.16,2.00280296553519E-17));
#3344=CARTESIAN_POINT('',(0.512049340882689,-0.16,1.98111892208548E-17));
#3345=CARTESIAN_POINT('',(0.509534077989019,-0.16,0.00355837213446034));
#3346=CARTESIAN_POINT('',(0.508276446542185,-0.16,0.00354103553486321));
#3347=CARTESIAN_POINT('',(0.507018899554996,-0.16,0.00351788065861528));
#3348=CARTESIAN_POINT('',(0.509534077989019,-0.16,1.95943487863577E-17));
#3349=CARTESIAN_POINT('',(0.508276446542185,-0.16,1.93775083518606E-17));
#3350=CARTESIAN_POINT('',(0.507018899554996,-0.16,1.89438274828663E-17));
#3351=CARTESIAN_POINT('',(0.505761500090508,-0.16,0.00348811385326016));
#3352=CARTESIAN_POINT('',(0.504504100626019,-0.16,0.00345834704790505));
#3353=CARTESIAN_POINT('',(0.503246846790215,-0.16,0.00342197320469249));
#3354=CARTESIAN_POINT('',(0.505761500090508,-0.16,1.91606679173634E-17));
#3355=CARTESIAN_POINT('',(0.504504100626019,-0.16,1.93775083518606E-17));
#3356=CARTESIAN_POINT('',(0.503246846790215,-0.16,2.00280296553519E-17));
#3357=CARTESIAN_POINT('',(0.501989893148104,-0.16,0.00337733943211257));
#3358=CARTESIAN_POINT('',(0.500732939505992,-0.16,0.00333270565953266));
#3359=CARTESIAN_POINT('',(0.499476247264299,-0.16,0.00328016611407578));
#3360=CARTESIAN_POINT('',(0.501989893148104,-0.16,1.98111892208548E-17));
#3361=CARTESIAN_POINT('',(0.500732939505992,-0.16,1.98111892208548E-17));
#3362=CARTESIAN_POINT('',(0.499476247264299,-0.16,1.98111892208548E-17));
#3363=CARTESIAN_POINT('',(0.498220059482857,-0.16,0.00321748394408875));
#3364=CARTESIAN_POINT('',(0.497591965592136,-0.16,0.00318614285909524));
#3365=CARTESIAN_POINT('',(0.496963992918419,-0.16,0.00315229807392364));
#3366=CARTESIAN_POINT('',(0.498220059482857,-0.16,1.95943487863577E-17));
#3367=CARTESIAN_POINT('',(0.497591965592136,-0.16,1.91606679173634E-17));
#3368=CARTESIAN_POINT('',(0.496963992918419,-0.16,1.93775083518606E-17));
#3369=CARTESIAN_POINT('',(0.49633619548289,-0.16,0.0031155217666886));
#3370=CARTESIAN_POINT('',(0.495708398047361,-0.16,0.00307874545945357));
#3371=CARTESIAN_POINT('',(0.495080751040293,-0.16,0.00303921406260828));
#3372=CARTESIAN_POINT('',(0.49633619548289,-0.16,1.95943487863577E-17));
#3373=CARTESIAN_POINT('',(0.495708398047361,-0.16,1.98111892208548E-17));
#3374=CARTESIAN_POINT('',(0.495080751040293,-0.16,1.89438274828663E-17));
#3375=CARTESIAN_POINT('',(0.494453358114684,-0.16,0.00299614896745781));
#3376=CARTESIAN_POINT('',(0.493198572263467,-0.16,0.00291001877715685));
#3377=CARTESIAN_POINT('',(0.491944572390294,-0.16,0.00281130937388054));
#3378=CARTESIAN_POINT('',(0.494453358114684,-0.16,1.93775083518606E-17));
#3379=CARTESIAN_POINT('',(0.493198572263467,-0.16,2.0244870089849E-17));
#3380=CARTESIAN_POINT('',(0.491944572390294,-0.16,2.06785509588432E-17));
#3381=CARTESIAN_POINT('',(0.490692384545639,-0.16,0.00269317983422589));
#3382=CARTESIAN_POINT('',(0.490066290623311,-0.16,0.00263411506439856));
#3383=CARTESIAN_POINT('',(0.489440646689104,-0.16,0.00257021939673694));
#3384=CARTESIAN_POINT('',(0.490692384545639,-0.16,1.93775083518606E-17));
#3385=CARTESIAN_POINT('',(0.490066290623311,-0.16,1.85101466138721E-17));
#3386=CARTESIAN_POINT('',(0.489440646689104,-0.16,1.93775083518606E-17));
#3387=CARTESIAN_POINT('',(0.488815667656035,-0.16,0.00250026946097498));
#3388=CARTESIAN_POINT('',(0.488190688622965,-0.16,0.00243031952521302));
#3389=CARTESIAN_POINT('',(0.487566409520153,-0.16,0.00235409381057319));
#3390=CARTESIAN_POINT('',(0.488815667656035,-0.16,2.00280296553519E-17));
#3391=CARTESIAN_POINT('',(0.488190688622965,-0.16,2.08953913933403E-17));
#3392=CARTESIAN_POINT('',(0.487566409520153,-0.16,2.00280296553519E-17));
#3393=CARTESIAN_POINT('',(0.486943230734811,-0.16,0.00226961326933105));
#3394=CARTESIAN_POINT('',(0.486320051949468,-0.16,0.00218513272808891));
#3395=CARTESIAN_POINT('',(0.485697997746533,-0.16,0.00209221865005289));
#3396=CARTESIAN_POINT('',(0.486943230734811,-0.16,1.89438274828663E-17));
#3397=CARTESIAN_POINT('',(0.486320051949468,-0.16,1.72091040068895E-17));
#3398=CARTESIAN_POINT('',(0.485697997746533,-0.16,2.50153596487852E-17));
#3399=CARTESIAN_POINT('',(0.485077971579708,-0.16,0.00198701721305094));
#3400=CARTESIAN_POINT('',(0.484767958496295,-0.16,0.00193441649454996));
#3401=CARTESIAN_POINT('',(0.484458508817108,-0.16,0.00187852977563419));
#3402=CARTESIAN_POINT('',(0.485077971579708,-0.16,1.85101466138721E-17));
#3403=CARTESIAN_POINT('',(0.484767958496295,-0.16,1.57996411826584E-17));
#3404=CARTESIAN_POINT('',(0.484458508817108,-0.16,2.74006044282533E-17));
#3405=CARTESIAN_POINT('',(0.484149845162696,-0.16,0.00181853642504426));
#3406=CARTESIAN_POINT('',(0.483841181508283,-0.16,0.00175854307445432));
#3407=CARTESIAN_POINT('',(0.483533318317873,-0.16,0.00169439476066855));
#3408=CARTESIAN_POINT('',(0.484149845162696,-0.16,2.17627531313287E-17));
#3409=CARTESIAN_POINT('',(0.483841181508283,-0.16,1.52575400964156E-17));
#3410=CARTESIAN_POINT('',(0.483533318317873,-0.16,2.23048542175714E-17));
#3411=CARTESIAN_POINT('',(0.483226731336765,-0.16,0.00162453400584379));
#3412=CARTESIAN_POINT('',(0.482920144355657,-0.16,0.00155467325101903));
#3413=CARTESIAN_POINT('',(0.482614819340771,-0.16,0.00147910010812933));
#3414=CARTESIAN_POINT('',(0.483226731336765,-0.16,2.00280296553519E-17));
#3415=CARTESIAN_POINT('',(0.482920144355657,-0.16,1.81848859621265E-17));
#3416=CARTESIAN_POINT('',(0.482614819340771,-0.16,2.51237798660337E-17));
#3417=CARTESIAN_POINT('',(0.482311967769028,-0.16,0.00139454422769412));
#3418=CARTESIAN_POINT('',(0.482160541983156,-0.16,0.00135226628747652));
#3419=CARTESIAN_POINT('',(0.482009686402214,-0.16,0.00130785753474153));
#3420=CARTESIAN_POINT('',(0.482311967769028,-0.16,2.06785509588432E-17));
#3421=CARTESIAN_POINT('',(0.482160541983156,-0.16,1.95943487863577E-17));
#3422=CARTESIAN_POINT('',(0.482009686402214,-0.16,1.84017263966236E-17));
#3423=CARTESIAN_POINT('',(0.481859817486333,-0.16,0.00126035681201411));
#3424=CARTESIAN_POINT('',(0.481709948570452,-0.16,0.00121285608928669));
#3425=CARTESIAN_POINT('',(0.481560955237843,-0.16,0.00116248634886762));
#3426=CARTESIAN_POINT('',(0.481859817486333,-0.16,2.11122318278374E-17));
#3427=CARTESIAN_POINT('',(0.481709948570452,-0.16,2.17627531313287E-17));
#3428=CARTESIAN_POINT('',(0.481560955237843,-0.16,2.65332426902649E-17));
#3429=CARTESIAN_POINT('',(0.481413539771823,-0.16,0.0011078472865466));
#3430=CARTESIAN_POINT('',(0.481266124305804,-0.16,0.00105320822422558));
#3431=CARTESIAN_POINT('',(0.481120074529736,-0.16,0.000994637602652905));
#3432=CARTESIAN_POINT('',(0.481413539771823,-0.16,2.64248224730163E-17));
#3433=CARTESIAN_POINT('',(0.481266124305804,-0.16,2.63164022557678E-17));
#3434=CARTESIAN_POINT('',(0.481120074529736,-0.16,2.51237798660337E-17));
#3435=CARTESIAN_POINT('',(0.480977004062892,-0.16,0.000929486864397192));
#3436=CARTESIAN_POINT('',(0.480833933596049,-0.16,0.000864336126141481));
#3437=CARTESIAN_POINT('',(0.480693345608908,-0.16,0.000793177200707989));
#3438=CARTESIAN_POINT('',(0.480977004062892,-0.16,3.07074210543341E-17));
#3439=CARTESIAN_POINT('',(0.480833933596049,-0.16,3.72126340892471E-17));
#3440=CARTESIAN_POINT('',(0.480693345608908,-0.16,1.9865399329479E-17));
#3441=CARTESIAN_POINT('',(0.48055942508424,-0.16,0.000710813410785896));
#3442=CARTESIAN_POINT('',(0.480492464821906,-0.16,0.00066963151582485));
#3443=CARTESIAN_POINT('',(0.48042714271467,-0.16,0.000625669599806357));
#3444=CARTESIAN_POINT('',(0.48055942508424,-0.16,1.58538512912827E-17));
#3445=CARTESIAN_POINT('',(0.480492464821906,-0.16,1.38480772721845E-17));
#3446=CARTESIAN_POINT('',(0.48042714271467,-0.16,2.30637957383113E-17));
#3447=CARTESIAN_POINT('',(0.480364914512348,-0.16,0.000577642057053204));
#3448=CARTESIAN_POINT('',(0.480302686310026,-0.16,0.000529614514300049));
#3449=CARTESIAN_POINT('',(0.480243290440178,-0.16,0.000477627399408645));
#3450=CARTESIAN_POINT('',(0.480364914512348,-0.16,1.48238592274214E-17));
#3451=CARTESIAN_POINT('',(0.480302686310026,-0.16,5.22867000092472E-18));
#3452=CARTESIAN_POINT('',(0.480243290440178,-0.16,5.36419527248541E-18));
#3453=CARTESIAN_POINT('',(0.480190037436992,-0.16,0.000419814529047496));
#3454=CARTESIAN_POINT('',(0.480136784433806,-0.16,0.000362001658686347));
#3455=CARTESIAN_POINT('',(0.480089372309502,-0.16,0.000298219931067031));
#3456=CARTESIAN_POINT('',(0.480190037436992,-0.16,1.50949097705428E-17));
#3457=CARTESIAN_POINT('',(0.480136784433806,-0.16,2.8132440894681E-17));
#3458=CARTESIAN_POINT('',(0.480089372309502,-0.16,-4.63391404624181E-19));
#3459=CARTESIAN_POINT('',(0.480054898611975,-0.16,0.000227527008179537));
#3460=CARTESIAN_POINT('',(0.480037661763212,-0.16,0.000192180546735792));
#3461=CARTESIAN_POINT('',(0.480023757394695,-0.16,0.000155098496810695));
#3462=CARTESIAN_POINT('',(0.480054898611975,-0.16,2.41615504379528E-17));
#3463=CARTESIAN_POINT('',(0.480037661763212,-0.16,3.74836846323685E-17));
#3464=CARTESIAN_POINT('',(0.480023757394695,-0.16,1.64230574318376E-17));
#3465=CARTESIAN_POINT('',(0.480014365820962,-0.16,0.000116974729478301));
#3466=CARTESIAN_POINT('',(0.480004974247228,-0.16,7.88509621459079E-05));
#3467=CARTESIAN_POINT('',(0.48,-0.16,3.9044389879275E-05));
#3468=CARTESIAN_POINT('',(0.48,-0.16,1.95943487863577E-17));
#3469=CARTESIAN_POINT('',(0.480014365820962,-0.16,1.93165219796582E-17));
#3470=CARTESIAN_POINT('',(0.480004974247228,-0.16,1.78392965196467E-17));
#3471=CARTESIAN_POINT('',(0.48,-0.16,2.18169632399529E-17));
#3472=CARTESIAN_POINT('',(0.48,-0.16,1.95943487863577E-17));
#3473=B_SPLINE_SURFACE_WITH_KNOTS('Surf_GTZCICDXQB, Fin_Left, 0, 16, upper',1,3,((#3474, #3475, #3476, #3480, #3481, #3482, #3486, #3487, #3488, #3492, #3493, #3494, #3498, #3499, #3500, #3504, #3505, #3506, #3510, #3511, #3512, #3516, #3517, #3518, #3522, #3523, #3524, #3528, #3529, #3530, #3534, #3535, #3536, #3540, #3541, #3542, #3546, #3547, #3548, #3552, #3553, #3554, #3558, #3559, #3560, #3564, #3565, #3566, #3570, #3571, #3572, #3576, #3577, #3578, #3582, #3583, #3584, #3588, #3589, #3590, #3594, #3595, #3596, #3600, #3601, #3602, #3606, #3607, #3608, #3612, #3613, #3614, #3618, #3619, #3620, #3624, #3625, #3626, #3630, #3631, #3632, #3636, #3637, #3638, #3642, #3643, #3644, #3645),(#3477, #3478, #3479, #3483, #3484, #3485, #3489, #3490, #3491, #3495, #3496, #3497, #3501, #3502, #3503, #3507, #3508, #3509, #3513, #3514, #3515, #3519, #3520, #3521, #3525, #3526, #3527, #3531, #3532, #3533, #3537, #3538, #3539, #3543, #3544, #3545, #3549, #3550, #3551, #3555, #3556, #3557, #3561, #3562, #3563, #3567, #3568, #3569, #3573, #3574, #3575, #3579, #3580, #3581, #3585, #3586, #3587, #3591, #3592, #3593, #3597, #3598, #3599, #3603, #3604, #3605, #3609, #3610, #3611, #3615, #3616, #3617, #3621, #3622, #3623, #3627, #3628, #3629, #3633, #3634, #3635, #3639, #3640, #3641, #3646, #3647, #3648, #3649)),.UNSPECIFIED.,.F.,.F.,.F.,(2,2),(4,3,3,3,3,3,3,3,3,3,3,3,3,3,3,3,3,3,3,3,3,3,3,3,3,3,3,3,3,4),(0.,1.),(0.,1.,2.,3.,4.,5.,6.,7.,8.,9.,10.,11.,12.,13.,14.,15.,16.,17.,18.,19.,20.,21.,22.,23.,24.,25.,26.,27.,28.,29.),.PIECEWISE_BEZIER_KNOTS.);
#3474=CARTESIAN_POINT('',(0.48,-0.16,1.95943487863577E-17));
#3475=CARTESIAN_POINT('',(0.48,-0.16,-3.90443898792314E-05));
#3476=CARTESIAN_POINT('',(0.480004974247228,-0.16,-7.88509621458722E-05));
#3477=CARTESIAN_POINT('',(0.48,-0.16,1.95943487863577E-17));
#3478=CARTESIAN_POINT('',(0.48,-0.16,2.18169632399529E-17));
#3479=CARTESIAN_POINT('',(0.480004974247228,-0.16,1.78392965196467E-17));
#3480=CARTESIAN_POINT('',(0.480014365820962,-0.16,-0.000116974729478263));
#3481=CARTESIAN_POINT('',(0.480023757394695,-0.16,-0.000155098496810662));
#3482=CARTESIAN_POINT('',(0.480037661763212,-0.16,-0.000192180546735717));
#3483=CARTESIAN_POINT('',(0.480014365820962,-0.16,1.93165219796582E-17));
#3484=CARTESIAN_POINT('',(0.480023757394695,-0.16,1.64230574318376E-17));
#3485=CARTESIAN_POINT('',(0.480037661763212,-0.16,3.74836846323685E-17));
#3486=CARTESIAN_POINT('',(0.480054898611975,-0.16,-0.000227527008179489));
#3487=CARTESIAN_POINT('',(0.480089372309502,-0.16,-0.000298219931067032));
#3488=CARTESIAN_POINT('',(0.480136784433806,-0.16,-0.000362001658686291));
#3489=CARTESIAN_POINT('',(0.480054898611975,-0.16,2.41615504379528E-17));
#3490=CARTESIAN_POINT('',(0.480089372309502,-0.16,-4.63391404624181E-19));
#3491=CARTESIAN_POINT('',(0.480136784433806,-0.16,2.8132440894681E-17));
#3492=CARTESIAN_POINT('',(0.480190037436992,-0.16,-0.000419814529047466));
#3493=CARTESIAN_POINT('',(0.480243290440178,-0.16,-0.000477627399408635));
#3494=CARTESIAN_POINT('',(0.480302686310026,-0.16,-0.000529614514300038));
#3495=CARTESIAN_POINT('',(0.480190037436992,-0.16,1.50949097705428E-17));
#3496=CARTESIAN_POINT('',(0.480243290440178,-0.16,5.36419527248541E-18));
#3497=CARTESIAN_POINT('',(0.480302686310026,-0.16,5.22867000092472E-18));
#3498=CARTESIAN_POINT('',(0.480364914512348,-0.16,-0.000577642057053175));
#3499=CARTESIAN_POINT('',(0.48042714271467,-0.16,-0.000625669599806311));
#3500=CARTESIAN_POINT('',(0.480492464821906,-0.16,-0.000669631515824822));
#3501=CARTESIAN_POINT('',(0.480364914512348,-0.16,1.48238592274214E-17));
#3502=CARTESIAN_POINT('',(0.48042714271467,-0.16,2.30637957383113E-17));
#3503=CARTESIAN_POINT('',(0.480492464821906,-0.16,1.38480772721845E-17));
#3504=CARTESIAN_POINT('',(0.48055942508424,-0.16,-0.000710813410785865));
#3505=CARTESIAN_POINT('',(0.480693345608908,-0.16,-0.000793177200707949));
#3506=CARTESIAN_POINT('',(0.480833933596049,-0.16,-0.000864336126141407));
#3507=CARTESIAN_POINT('',(0.48055942508424,-0.16,1.58538512912827E-17));
#3508=CARTESIAN_POINT('',(0.480693345608908,-0.16,1.9865399329479E-17));
#3509=CARTESIAN_POINT('',(0.480833933596049,-0.16,3.72126340892471E-17));
#3510=CARTESIAN_POINT('',(0.480977004062892,-0.16,-0.000929486864397131));
#3511=CARTESIAN_POINT('',(0.481120074529736,-0.16,-0.000994637602652855));
#3512=CARTESIAN_POINT('',(0.481266124305804,-0.16,-0.00105320822422553));
#3513=CARTESIAN_POINT('',(0.480977004062892,-0.16,3.07074210543341E-17));
#3514=CARTESIAN_POINT('',(0.481120074529736,-0.16,2.51237798660337E-17));
#3515=CARTESIAN_POINT('',(0.481266124305804,-0.16,2.63164022557678E-17));
#3516=CARTESIAN_POINT('',(0.481413539771823,-0.16,-0.00110784728654655));
#3517=CARTESIAN_POINT('',(0.481560955237843,-0.16,-0.00116248634886757));
#3518=CARTESIAN_POINT('',(0.481709948570452,-0.16,-0.00121285608928665));
#3519=CARTESIAN_POINT('',(0.481413539771823,-0.16,2.64248224730163E-17));
#3520=CARTESIAN_POINT('',(0.481560955237843,-0.16,2.65332426902649E-17));
#3521=CARTESIAN_POINT('',(0.481709948570452,-0.16,2.17627531313287E-17));
#3522=CARTESIAN_POINT('',(0.481859817486333,-0.16,-0.00126035681201407));
#3523=CARTESIAN_POINT('',(0.482009686402214,-0.16,-0.0013078575347415));
#3524=CARTESIAN_POINT('',(0.482160541983156,-0.16,-0.00135226628747648));
#3525=CARTESIAN_POINT('',(0.481859817486333,-0.16,2.11122318278374E-17));
#3526=CARTESIAN_POINT('',(0.482009686402214,-0.16,1.84017263966236E-17));
#3527=CARTESIAN_POINT('',(0.482160541983156,-0.16,1.95943487863577E-17));
#3528=CARTESIAN_POINT('',(0.482311967769028,-0.16,-0.00139454422769408));
#3529=CARTESIAN_POINT('',(0.482614819340771,-0.16,-0.00147910010812928));
#3530=CARTESIAN_POINT('',(0.482920144355657,-0.16,-0.00155467325101899));
#3531=CARTESIAN_POINT('',(0.482311967769028,-0.16,2.06785509588432E-17));
#3532=CARTESIAN_POINT('',(0.482614819340771,-0.16,2.51237798660337E-17));
#3533=CARTESIAN_POINT('',(0.482920144355657,-0.16,1.81848859621265E-17));
#3534=CARTESIAN_POINT('',(0.483226731336765,-0.16,-0.00162453400584375));
#3535=CARTESIAN_POINT('',(0.483533318317873,-0.16,-0.00169439476066851));
#3536=CARTESIAN_POINT('',(0.483841181508284,-0.16,-0.00175854307445429));
#3537=CARTESIAN_POINT('',(0.483226731336765,-0.16,2.00280296553519E-17));
#3538=CARTESIAN_POINT('',(0.483533318317873,-0.16,2.23048542175714E-17));
#3539=CARTESIAN_POINT('',(0.483841181508283,-0.16,1.52575400964156E-17));
#3540=CARTESIAN_POINT('',(0.484149845162696,-0.16,-0.00181853642504421));
#3541=CARTESIAN_POINT('',(0.484458508817108,-0.16,-0.00187852977563414));
#3542=CARTESIAN_POINT('',(0.484767958496295,-0.16,-0.00193441649454993));
#3543=CARTESIAN_POINT('',(0.484149845162696,-0.16,2.17627531313287E-17));
#3544=CARTESIAN_POINT('',(0.484458508817108,-0.16,2.74006044282533E-17));
#3545=CARTESIAN_POINT('',(0.484767958496295,-0.16,1.57996411826584E-17));
#3546=CARTESIAN_POINT('',(0.485077971579708,-0.16,-0.0019870172130509));
#3547=CARTESIAN_POINT('',(0.485697997746533,-0.16,-0.00209221865005284));
#3548=CARTESIAN_POINT('',(0.486320051949468,-0.16,-0.00218513272808888));
#3549=CARTESIAN_POINT('',(0.485077971579708,-0.16,1.85101466138721E-17));
#3550=CARTESIAN_POINT('',(0.485697997746533,-0.16,2.50153596487852E-17));
#3551=CARTESIAN_POINT('',(0.486320051949468,-0.16,1.72091040068895E-17));
#3552=CARTESIAN_POINT('',(0.486943230734811,-0.16,-0.00226961326933102));
#3553=CARTESIAN_POINT('',(0.487566409520153,-0.16,-0.00235409381057315));
#3554=CARTESIAN_POINT('',(0.488190688622965,-0.16,-0.00243031952521297));
#3555=CARTESIAN_POINT('',(0.486943230734811,-0.16,1.89438274828663E-17));
#3556=CARTESIAN_POINT('',(0.487566409520153,-0.16,2.00280296553519E-17));
#3557=CARTESIAN_POINT('',(0.488190688622965,-0.16,2.08953913933403E-17));
#3558=CARTESIAN_POINT('',(0.488815667656035,-0.16,-0.00250026946097494));
#3559=CARTESIAN_POINT('',(0.489440646689104,-0.16,-0.0025702193967369));
#3560=CARTESIAN_POINT('',(0.490066290623311,-0.16,-0.00263411506439853));
#3561=CARTESIAN_POINT('',(0.488815667656035,-0.16,2.00280296553519E-17));
#3562=CARTESIAN_POINT('',(0.489440646689104,-0.16,1.93775083518606E-17));
#3563=CARTESIAN_POINT('',(0.490066290623311,-0.16,1.85101466138721E-17));
#3564=CARTESIAN_POINT('',(0.490692384545639,-0.16,-0.00269317983422585));
#3565=CARTESIAN_POINT('',(0.491944572390294,-0.16,-0.0028113093738805));
#3566=CARTESIAN_POINT('',(0.493198572263467,-0.16,-0.00291001877715681));
#3567=CARTESIAN_POINT('',(0.490692384545639,-0.16,1.93775083518606E-17));
#3568=CARTESIAN_POINT('',(0.491944572390294,-0.16,2.06785509588432E-17));
#3569=CARTESIAN_POINT('',(0.493198572263467,-0.16,2.0244870089849E-17));
#3570=CARTESIAN_POINT('',(0.494453358114684,-0.16,-0.00299614896745777));
#3571=CARTESIAN_POINT('',(0.495080751040293,-0.16,-0.00303921406260825));
#3572=CARTESIAN_POINT('',(0.495708398047361,-0.16,-0.00307874545945353));
#3573=CARTESIAN_POINT('',(0.494453358114684,-0.16,1.93775083518606E-17));
#3574=CARTESIAN_POINT('',(0.495080751040293,-0.16,1.89438274828663E-17));
#3575=CARTESIAN_POINT('',(0.495708398047361,-0.16,1.98111892208548E-17));
#3576=CARTESIAN_POINT('',(0.49633619548289,-0.16,-0.00311552176668856));
#3577=CARTESIAN_POINT('',(0.496963992918419,-0.16,-0.0031522980739236));
#3578=CARTESIAN_POINT('',(0.497591965592136,-0.16,-0.00318614285909521));
#3579=CARTESIAN_POINT('',(0.49633619548289,-0.16,1.95943487863577E-17));
#3580=CARTESIAN_POINT('',(0.496963992918419,-0.16,1.93775083518606E-17));
#3581=CARTESIAN_POINT('',(0.497591965592136,-0.16,1.91606679173634E-17));
#3582=CARTESIAN_POINT('',(0.498220059482857,-0.16,-0.00321748394408872));
#3583=CARTESIAN_POINT('',(0.499476247264299,-0.16,-0.00328016611407574));
#3584=CARTESIAN_POINT('',(0.500732939505992,-0.16,-0.00333270565953262));
#3585=CARTESIAN_POINT('',(0.498220059482857,-0.16,1.95943487863577E-17));
#3586=CARTESIAN_POINT('',(0.499476247264299,-0.16,1.98111892208548E-17));
#3587=CARTESIAN_POINT('',(0.500732939505992,-0.16,1.98111892208548E-17));
#3588=CARTESIAN_POINT('',(0.501989893148104,-0.16,-0.00337733943211253));
#3589=CARTESIAN_POINT('',(0.503246846790215,-0.16,-0.00342197320469245));
#3590=CARTESIAN_POINT('',(0.504504100626019,-0.16,-0.00345834704790501));
#3591=CARTESIAN_POINT('',(0.501989893148104,-0.16,1.98111892208548E-17));
#3592=CARTESIAN_POINT('',(0.503246846790215,-0.16,2.00280296553519E-17));
#3593=CARTESIAN_POINT('',(0.504504100626019,-0.16,1.93775083518606E-17));
#3594=CARTESIAN_POINT('',(0.505761500090508,-0.16,-0.00348811385326012));
#3595=CARTESIAN_POINT('',(0.507018899554996,-0.16,-0.00351788065861524));
#3596=CARTESIAN_POINT('',(0.508276446542185,-0.16,-0.00354103553486317));
#3597=CARTESIAN_POINT('',(0.505761500090508,-0.16,1.91606679173634E-17));
#3598=CARTESIAN_POINT('',(0.507018899554996,-0.16,1.89438274828663E-17));
#3599=CARTESIAN_POINT('',(0.508276446542185,-0.16,1.93775083518606E-17));
#3600=CARTESIAN_POINT('',(0.509534077989019,-0.16,-0.00355837213446031));
#3601=CARTESIAN_POINT('',(0.512049340882689,-0.16,-0.00359304533365458));
#3602=CARTESIAN_POINT('',(0.514564898919912,-0.16,-0.00360493088911422));
#3603=CARTESIAN_POINT('',(0.509534077989019,-0.16,1.95943487863577E-17));
#3604=CARTESIAN_POINT('',(0.512049340882689,-0.16,1.98111892208548E-17));
#3605=CARTESIAN_POINT('',(0.514564898919912,-0.16,2.00280296553519E-17));
#3606=CARTESIAN_POINT('',(0.517080387512728,-0.16,-0.00359987981040809));
#3607=CARTESIAN_POINT('',(0.519595876105545,-0.16,-0.00359482873170197));
#3608=CARTESIAN_POINT('',(0.522111325734643,-0.16,-0.00357237112125789));
#3609=CARTESIAN_POINT('',(0.517080387512728,-0.16,2.00280296553519E-17));
#3610=CARTESIAN_POINT('',(0.519595876105545,-0.16,2.00280296553519E-17));
#3611=CARTESIAN_POINT('',(0.522111325734643,-0.16,1.87269870483692E-17));
#3612=CARTESIAN_POINT('',(0.524626567167855,-0.16,-0.00353636477707971));
#3613=CARTESIAN_POINT('',(0.527141808601067,-0.16,-0.00350035843290153));
#3614=CARTESIAN_POINT('',(0.529656847156979,-0.16,-0.00345086018413171));
#3615=CARTESIAN_POINT('',(0.524626567167855,-0.16,1.93775083518606E-17));
#3616=CARTESIAN_POINT('',(0.527141808601067,-0.16,2.00280296553519E-17));
#3617=CARTESIAN_POINT('',(0.529656847156979,-0.16,2.08953913933403E-17));
#3618=CARTESIAN_POINT('',(0.532171617646684,-0.16,-0.00339023955461268));
#3619=CARTESIAN_POINT('',(0.534686388136388,-0.16,-0.00332961892509364));
#3620=CARTESIAN_POINT('',(0.537200887092063,-0.16,-0.0032582286075655));
#3621=CARTESIAN_POINT('',(0.532171617646684,-0.16,1.95943487863577E-17));
#3622=CARTESIAN_POINT('',(0.534686388136388,-0.16,1.8293306179375E-17));
#3623=CARTESIAN_POINT('',(0.537200887092063,-0.16,2.04617105243461E-17));
#3624=CARTESIAN_POINT('',(0.539715095309244,-0.16,-0.00317763131846862));
#3625=CARTESIAN_POINT('',(0.544743511743605,-0.16,-0.00301643674027485));
#3626=CARTESIAN_POINT('',(0.54977074987597,-0.16,-0.00281975584646326));
#3627=CARTESIAN_POINT('',(0.539715095309244,-0.16,1.98111892208548E-17));
#3628=CARTESIAN_POINT('',(0.544743511743605,-0.16,1.87269870483692E-17));
#3629=CARTESIAN_POINT('',(0.54977074987597,-0.16,2.04617105243461E-17));
#3630=CARTESIAN_POINT('',(0.554796828472497,-0.16,-0.00259745297798922));
#3631=CARTESIAN_POINT('',(0.559822907069025,-0.16,-0.00237515010951517));
#3632=CARTESIAN_POINT('',(0.564847838827164,-0.16,-0.00212716541866195));
#3633=CARTESIAN_POINT('',(0.554796828472497,-0.16,1.87269870483692E-17));
#3634=CARTESIAN_POINT('',(0.559822907069025,-0.16,1.69922635723924E-17));
#3635=CARTESIAN_POINT('',(0.564847838827164,-0.16,1.76427848758837E-17));
#3636=CARTESIAN_POINT('',(0.56987165063954,-0.16,-0.00185845572515392));
#3637=CARTESIAN_POINT('',(0.574895462451917,-0.16,-0.00158974603164588));
#3638=CARTESIAN_POINT('',(0.579918161387353,-0.16,-0.00130028390680002));
#3639=CARTESIAN_POINT('',(0.56987165063954,-0.16,1.84017263966236E-17));
#3640=CARTESIAN_POINT('',(0.574895462451917,-0.16,1.89438274828663E-17));
#3641=CARTESIAN_POINT('',(0.579918161387353,-0.16,1.97027690036062E-17));
#3642=CARTESIAN_POINT('',(0.584939630321376,-0.16,-0.000990873550382336));
#3643=CARTESIAN_POINT('',(0.589961099255399,-0.16,-0.000681463193964649));
#3644=CARTESIAN_POINT('',(0.59498134303945,-0.16,-0.000352083655278698));
#3645=CARTESIAN_POINT('',(0.6,-0.16,1.95943487863577E-17));
#3646=CARTESIAN_POINT('',(0.584939630321376,-0.16,1.89438274828663E-17));
#3647=CARTESIAN_POINT('',(0.589961099255399,-0.16,1.85101466138721E-17));
#3648=CARTESIAN_POINT('',(0.59498134303945,-0.16,4.71872940761137E-17));
#3649=CARTESIAN_POINT('',(0.6,-0.16,1.95943487863577E-17));
#3650=GEOMETRIC_SET('GTZCICDXQB, Fin_Left, 0',(#2588,#2765,#2942,#3119,#3296,#3473));
#3651=GEOMETRICALLY_BOUNDED_SURFACE_SHAPE_REPRESENTATION('',(#3650),#15);
#3652=SHAPE_REPRESENTATION_RELATIONSHIP('','',#29,#3651);
#3653=B_SPLINE_SURFACE_WITH_KNOTS('Surf_BBGWXYXYDA, Fin_Bottom, 0, 1, lower',1,3,((#3654, #3655, #3656, #3660, #3661, #3662, #3666, #3667, #3668, #3672, #3673, #3674, #3678, #3679, #3680, #3684, #3685, #3686, #3690, #3691, #3692, #3696, #3697, #3698, #3702, #3703, #3704, #3708, #3709, #3710, #3714, #3715, #3716, #3720, #3721, #3722, #3726, #3727, #3728, #3732, #3733, #3734, #3738, #3739, #3740, #3744, #3745, #3746, #3750, #3751, #3752, #3756, #3757, #3758, #3762, #3763, #3764, #3768, #3769, #3770, #3774, #3775, #3776, #3780, #3781, #3782, #3786, #3787, #3788, #3792, #3793, #3794, #3798, #3799, #3800, #3804, #3805, #3806, #3810, #3811, #3812, #3816, #3817, #3818, #3822, #3823, #3824, #3825),(#3657, #3658, #3659, #3663, #3664, #3665, #3669, #3670, #3671, #3675, #3676, #3677, #3681, #3682, #3683, #3687, #3688, #3689, #3693, #3694, #3695, #3699, #3700, #3701, #3705, #3706, #3707, #3711, #3712, #3713, #3717, #3718, #3719, #3723, #3724, #3725, #3729, #3730, #3731, #3735, #3736, #3737, #3741, #3742, #3743, #3747, #3748, #3749, #3753, #3754, #3755, #3759, #3760, #3761, #3765, #3766, #3767, #3771, #3772, #3773, #3777, #3778, #3779, #3783, #3784, #3785, #3789, #3790, #3791, #3795, #3796, #3797, #3801, #3802, #3803, #3807, #3808, #3809, #3813, #3814, #3815, #3819, #3820, #3821, #3826, #3827, #3828, #3829)),.UNSPECIFIED.,.F.,.F.,.F.,(2,2),(4,3,3,3,3,3,3,3,3,3,3,3,3,3,3,3,3,3,3,3,3,3,3,3,3,3,3,3,3,4),(0.,1.),(0.,1.,2.,3.,4.,5.,6.,7.,8.,9.,10.,11.,12.,13.,14.,15.,16.,17.,18.,19.,20.,21.,22.,23.,24.,25.,26.,27.,28.,29.),.PIECEWISE_BEZIER_KNOTS.);
#3654=CARTESIAN_POINT('',(0.6,0.,0.));
#3655=CARTESIAN_POINT('',(0.59498134303945,-2.75929452897561E-17,-1.68958060640739E-33));
#3656=CARTESIAN_POINT('',(0.589961099255399,1.0842021724855E-18,6.6388236008149E-35));
#3657=CARTESIAN_POINT('',(0.6,0.,0.));
#3658=CARTESIAN_POINT('',(0.594981343039449,-0.000352083655278773,-2.15589060734625E-20));
#3659=CARTESIAN_POINT('',(0.589961099255399,-0.000681463193964667,-4.17275859612781E-20));
#3660=CARTESIAN_POINT('',(0.584939630321376,6.50521303491303E-19,3.98329416048894E-35));
#3661=CARTESIAN_POINT('',(0.579918161387353,-1.0842021724855E-19,-6.6388236008149E-36));
#3662=CARTESIAN_POINT('',(0.574895462451917,6.50521303491303E-19,3.98329416048894E-35));
#3663=CARTESIAN_POINT('',(0.584939630321376,-0.000990873550382355,-6.06735060917762E-20));
#3664=CARTESIAN_POINT('',(0.579918161387353,-0.00130028390680004,-7.96194262222744E-20));
#3665=CARTESIAN_POINT('',(0.574895462451917,-0.0015897460316459,-9.73438694556178E-20));
#3666=CARTESIAN_POINT('',(0.56987165063954,1.19262238973405E-18,7.30270596089639E-35));
#3667=CARTESIAN_POINT('',(0.564847838827164,1.95156391047391E-18,1.19498824814668E-34));
#3668=CARTESIAN_POINT('',(0.559822907069025,2.60208521396521E-18,1.59331766419558E-34));
#3669=CARTESIAN_POINT('',(0.56987165063954,-0.00185845572515393,-1.13797592758342E-19));
#3670=CARTESIAN_POINT('',(0.564847838827164,-0.00212716541866197,-1.30251316061066E-19));
#3671=CARTESIAN_POINT('',(0.559822907069025,-0.00237515010951518,-1.45435998955613E-19));
#3672=CARTESIAN_POINT('',(0.554796828472497,8.67361737988404E-19,5.31105888065192E-35));
#3673=CARTESIAN_POINT('',(0.54977074987597,-8.67361737988404E-19,-5.31105888065192E-35));
#3674=CARTESIAN_POINT('',(0.544743511743605,8.67361737988404E-19,5.31105888065192E-35));
#3675=CARTESIAN_POINT('',(0.554796828472497,-0.00259745297798923,-1.59048123771514E-19));
#3676=CARTESIAN_POINT('',(0.54977074987597,-0.00281975584646328,-1.72660248587415E-19));
#3677=CARTESIAN_POINT('',(0.544743511743605,-0.00301643674027486,-1.84703479940404E-19));
#3678=CARTESIAN_POINT('',(0.539715095309244,-2.16840434497101E-19,-1.32776472016298E-35));
#3679=CARTESIAN_POINT('',(0.537200887092063,-8.67361737988404E-19,-5.31105888065192E-35));
#3680=CARTESIAN_POINT('',(0.534686388136388,1.30104260698261E-18,7.96658832097788E-35));
#3681=CARTESIAN_POINT('',(0.539715095309244,-0.00317763131846864,-1.9457380115165E-19));
#3682=CARTESIAN_POINT('',(0.537200887092063,-0.00325822860756552,-1.99508961757273E-19));
#3683=CARTESIAN_POINT('',(0.534686388136388,-0.00332961892509366,-2.0388035794982E-19));
#3684=CARTESIAN_POINT('',(0.532171617646684,0.,0.));
#3685=CARTESIAN_POINT('',(0.529656847156979,-1.30104260698261E-18,-7.96658832097788E-35));
#3686=CARTESIAN_POINT('',(0.527141808601067,-4.33680868994202E-19,-2.65552944032596E-35));
#3687=CARTESIAN_POINT('',(0.532171617646684,-0.0033902395546127,-2.07592300944959E-19));
#3688=CARTESIAN_POINT('',(0.529656847156979,-0.00345086018413173,-2.11304243940099E-19));
#3689=CARTESIAN_POINT('',(0.527141808601067,-0.00350035843290155,-2.14335137536067E-19));
#3690=CARTESIAN_POINT('',(0.524626567167855,2.16840434497101E-19,1.32776472016298E-35));
#3691=CARTESIAN_POINT('',(0.522111325734643,8.67361737988404E-19,5.31105888065192E-35));
#3692=CARTESIAN_POINT('',(0.519595876105545,-4.33680868994202E-19,-2.65552944032596E-35));
#3693=CARTESIAN_POINT('',(0.524626567167855,-0.00353636477707973,-2.16539890243407E-19));
#3694=CARTESIAN_POINT('',(0.522111325734643,-0.00357237112125791,-2.18744642950747E-19));
#3695=CARTESIAN_POINT('',(0.519595876105545,-0.00359482873170199,-2.20119774988089E-19));
#3696=CARTESIAN_POINT('',(0.517080387512728,-4.33680868994202E-19,-2.65552944032596E-35));
#3697=CARTESIAN_POINT('',(0.514564898919912,-4.33680868994202E-19,-2.65552944032596E-35));
#3698=CARTESIAN_POINT('',(0.512049340882689,-2.16840434497101E-19,-1.32776472016298E-35));
#3699=CARTESIAN_POINT('',(0.517080387512728,-0.00359987981040811,-2.20429064356574E-19));
#3700=CARTESIAN_POINT('',(0.514564898919912,-0.00360493088911424,-2.20738353725059E-19));
#3701=CARTESIAN_POINT('',(0.512049340882689,-0.0035930453336546,-2.20010573352572E-19));
#3702=CARTESIAN_POINT('',(0.509534077989019,0.,0.));
#3703=CARTESIAN_POINT('',(0.508276446542185,2.16840434497101E-19,1.32776472016298E-35));
#3704=CARTESIAN_POINT('',(0.507018899554996,6.50521303491303E-19,3.98329416048894E-35));
#3705=CARTESIAN_POINT('',(0.509534077989019,-0.00355837213446033,-2.17887452232099E-19));
#3706=CARTESIAN_POINT('',(0.508276446542185,-0.00354103553486319,-2.16825891671862E-19));
#3707=CARTESIAN_POINT('',(0.507018899554996,-0.00351788065861526,-2.15408064417778E-19));
#3708=CARTESIAN_POINT('',(0.505761500090508,4.33680868994202E-19,2.65552944032596E-35));
#3709=CARTESIAN_POINT('',(0.504504100626019,2.16840434497101E-19,1.32776472016298E-35));
#3710=CARTESIAN_POINT('',(0.503246846790215,-4.33680868994202E-19,-2.65552944032596E-35));
#3711=CARTESIAN_POINT('',(0.505761500090508,-0.00348811385326014,-2.13585373272829E-19));
#3712=CARTESIAN_POINT('',(0.504504100626019,-0.00345834704790503,-2.11762682127879E-19));
#3713=CARTESIAN_POINT('',(0.503246846790215,-0.00342197320469247,-2.09535426594732E-19));
#3714=CARTESIAN_POINT('',(0.501989893148104,-2.16840434497101E-19,-1.32776472016298E-35));
#3715=CARTESIAN_POINT('',(0.500732939505992,-2.16840434497101E-19,-1.32776472016298E-35));
#3716=CARTESIAN_POINT('',(0.499476247264299,-2.16840434497101E-19,-1.32776472016298E-35));
#3717=CARTESIAN_POINT('',(0.501989893148104,-0.00337733943211255,-2.06802396258539E-19));
#3718=CARTESIAN_POINT('',(0.500732939505992,-0.00333270565953264,-2.04069365922346E-19));
#3719=CARTESIAN_POINT('',(0.499476247264299,-0.00328016611407576,-2.00852246613724E-19));
#3720=CARTESIAN_POINT('',(0.498220059482857,0.,0.));
#3721=CARTESIAN_POINT('',(0.497591965592136,4.33680868994202E-19,2.65552944032596E-35));
#3722=CARTESIAN_POINT('',(0.496963992918419,2.16840434497101E-19,1.32776472016298E-35));
#3723=CARTESIAN_POINT('',(0.498220059482857,-0.00321748394408874,-1.97014070671814E-19));
#3724=CARTESIAN_POINT('',(0.497591965592136,-0.00318614285909522,-1.95094982700858E-19));
#3725=CARTESIAN_POINT('',(0.496963992918419,-0.00315229807392362,-1.93022587309446E-19));
#3726=CARTESIAN_POINT('',(0.49633619548289,0.,0.));
#3727=CARTESIAN_POINT('',(0.495708398047361,-2.16840434497101E-19,-1.32776472016298E-35));
#3728=CARTESIAN_POINT('',(0.495080751040293,6.50521303491303E-19,3.98329416048894E-35));
#3729=CARTESIAN_POINT('',(0.49633619548289,-0.00311552176668858,-1.90770687962454E-19));
#3730=CARTESIAN_POINT('',(0.495708398047361,-0.00307874545945355,-1.88518788615462E-19));
#3731=CARTESIAN_POINT('',(0.495080751040293,-0.00303921406260826,-1.86098188684842E-19));
#3732=CARTESIAN_POINT('',(0.494453358114684,2.16840434497101E-19,1.32776472016298E-35));
#3733=CARTESIAN_POINT('',(0.493198572263467,-6.50521303491303E-19,-3.98329416048894E-35));
#3734=CARTESIAN_POINT('',(0.491944572390294,-1.0842021724855E-18,-6.6388236008149E-35));
#3735=CARTESIAN_POINT('',(0.494453358114684,-0.00299614896745779,-1.83461212138291E-19));
#3736=CARTESIAN_POINT('',(0.493198572263467,-0.00291001877715683,-1.7818725904519E-19));
#3737=CARTESIAN_POINT('',(0.491944572390294,-0.00281130937388052,-1.72143051306787E-19));
#3738=CARTESIAN_POINT('',(0.490692384545639,2.16840434497101E-19,1.32776472016298E-35));
#3739=CARTESIAN_POINT('',(0.490066290623311,1.0842021724855E-18,6.6388236008149E-35));
#3740=CARTESIAN_POINT('',(0.489440646689104,2.16840434497101E-19,1.32776472016298E-35));
#3741=CARTESIAN_POINT('',(0.490692384545639,-0.00269317983422587,-1.64909703175646E-19));
#3742=CARTESIAN_POINT('',(0.490066290623311,-0.00263411506439854,-1.61293029110075E-19));
#3743=CARTESIAN_POINT('',(0.489440646689104,-0.00257021939673692,-1.57380547866016E-19));
#3744=CARTESIAN_POINT('',(0.488815667656035,-4.33680868994202E-19,-2.65552944032596E-35));
#3745=CARTESIAN_POINT('',(0.488190688622965,-1.30104260698261E-18,-7.96658832097788E-35));
#3746=CARTESIAN_POINT('',(0.487566409520153,-4.33680868994202E-19,-2.65552944032596E-35));
#3747=CARTESIAN_POINT('',(0.488815667656035,-0.00250026946097496,-1.53097349619443E-19));
#3748=CARTESIAN_POINT('',(0.488190688622965,-0.002430319525213,-1.48814151372871E-19));
#3749=CARTESIAN_POINT('',(0.487566409520153,-0.00235409381057317,-1.44146672500552E-19));
#3750=CARTESIAN_POINT('',(0.486943230734811,6.50521303491303E-19,3.98329416048894E-35));
#3751=CARTESIAN_POINT('',(0.486320051949468,2.38524477946811E-18,1.46054119217928E-34));
#3752=CARTESIAN_POINT('',(0.485697997746533,-5.42101086242752E-18,-3.31941180040745E-34));
#3753=CARTESIAN_POINT('',(0.486943230734811,-0.00226961326933103,-1.38973731279431E-19));
#3754=CARTESIAN_POINT('',(0.486320051949468,-0.00218513272808889,-1.33800790058309E-19));
#3755=CARTESIAN_POINT('',(0.485697997746533,-0.00209221865005287,-1.28111443645182E-19));
#3756=CARTESIAN_POINT('',(0.485077971579708,1.0842021724855E-18,6.6388236008149E-35));
#3757=CARTESIAN_POINT('',(0.484767958496295,3.79470760369927E-18,2.32358826028521E-34));
#3758=CARTESIAN_POINT('',(0.484458508817108,-7.80625564189563E-18,-4.77995299258673E-34));
#3759=CARTESIAN_POINT('',(0.485077971579708,-0.00198701721305092,-1.21669713490675E-19));
#3760=CARTESIAN_POINT('',(0.484767958496295,-0.00193441649454995,-1.18448848413422E-19));
#3761=CARTESIAN_POINT('',(0.484458508817108,-0.00187852977563418,-1.15026773841669E-19));
#3762=CARTESIAN_POINT('',(0.484149845162696,-2.16840434497101E-18,-1.32776472016298E-34));
#3763=CARTESIAN_POINT('',(0.483841181508283,4.33680868994202E-18,2.65552944032596E-34));
#3764=CARTESIAN_POINT('',(0.483533318317873,-2.71050543121376E-18,-1.65970590020372E-34));
#3765=CARTESIAN_POINT('',(0.484149845162696,-0.00181853642504424,-1.11353240603165E-19));
#3766=CARTESIAN_POINT('',(0.483841181508283,-0.0017585430744543,-1.0767970736466E-19));
#3767=CARTESIAN_POINT('',(0.483533318317873,-0.00169439476066853,-1.03751756007238E-19));
#3768=CARTESIAN_POINT('',(0.483226731336765,-4.33680868994202E-19,-2.65552944032596E-35));
#3769=CARTESIAN_POINT('',(0.482920144355657,1.40946282423116E-18,8.63047068105937E-35));
#3770=CARTESIAN_POINT('',(0.482614819340771,-5.52943107967607E-18,-3.3858000364156E-34));
#3771=CARTESIAN_POINT('',(0.483226731336765,-0.00162453400584377,-9.94740185181301E-20));
#3772=CARTESIAN_POINT('',(0.482920144355657,-0.00155467325101901,-9.51962810290219E-20));
#3773=CARTESIAN_POINT('',(0.482614819340771,-0.00147910010812931,-9.05687606519533E-20));
#3774=CARTESIAN_POINT('',(0.482311967769028,-1.0842021724855E-18,-6.6388236008149E-35));
#3775=CARTESIAN_POINT('',(0.482160541983156,0.,0.));
#3776=CARTESIAN_POINT('',(0.482009686402214,1.19262238973405E-18,7.30270596089639E-35));
#3777=CARTESIAN_POINT('',(0.482311967769028,-0.0013945442276941,-8.53912062357499E-20));
#3778=CARTESIAN_POINT('',(0.482160541983156,-0.0013522662874765,-8.28024290276483E-20));
#3779=CARTESIAN_POINT('',(0.482009686402214,-0.00130785753474151,-8.00831771830971E-20));
#3780=CARTESIAN_POINT('',(0.481859817486333,-1.51788304147971E-18,-9.29435304114086E-35));
#3781=CARTESIAN_POINT('',(0.481709948570452,-2.16840434497101E-18,-1.32776472016298E-34));
#3782=CARTESIAN_POINT('',(0.481560955237843,-6.93889390390723E-18,-4.24884710452153E-34));
#3783=CARTESIAN_POINT('',(0.481859817486333,-0.00126035681201409,-7.71745967808311E-20));
#3784=CARTESIAN_POINT('',(0.481709948570452,-0.00121285608928667,-7.42660163785649E-20));
#3785=CARTESIAN_POINT('',(0.481560955237843,-0.0011624863488676,-7.11817593096603E-20));
#3786=CARTESIAN_POINT('',(0.481413539771823,-6.83047368665868E-18,-4.18245886851339E-34));
#3787=CARTESIAN_POINT('',(0.481266124305804,-6.72205346941013E-18,-4.11607063250524E-34));
#3788=CARTESIAN_POINT('',(0.481120074529736,-5.52943107967607E-18,-3.3858000364156E-34));
#3789=CARTESIAN_POINT('',(0.481413539771823,-0.00110784728654658,-6.78360816706678E-20));
#3790=CARTESIAN_POINT('',(0.481266124305804,-0.00105320822422557,-6.44904040316753E-20));
#3791=CARTESIAN_POINT('',(0.481120074529736,-0.000994637602652885,-6.09039878200226E-20));
#3792=CARTESIAN_POINT('',(0.480977004062892,-1.11130722679764E-17,-6.80479419083527E-34));
#3793=CARTESIAN_POINT('',(0.480833933596049,-1.76182853028894E-17,-1.07880883513242E-33));
#3794=CARTESIAN_POINT('',(0.480693345608908,-2.71050543121376E-19,-1.65970590020372E-35));
#3795=CARTESIAN_POINT('',(0.480977004062892,-0.000929486864397173,-5.69146556666754E-20));
#3796=CARTESIAN_POINT('',(0.480833933596049,-0.000864336126141462,-5.29253235133282E-20));
#3797=CARTESIAN_POINT('',(0.480693345608908,-0.000793177200707969,-4.85680960001836E-20));
#3798=CARTESIAN_POINT('',(0.48055942508424,3.74049749507499E-18,2.29039414228114E-34));
#3799=CARTESIAN_POINT('',(0.480492464821906,5.74627151417317E-18,3.5185765084319E-34));
#3800=CARTESIAN_POINT('',(0.48042714271467,-3.46944695195361E-18,-2.12442355226077E-34));
#3801=CARTESIAN_POINT('',(0.48055942508424,-0.000710813410785877,-4.35247684154968E-20));
#3802=CARTESIAN_POINT('',(0.480492464821906,-0.000669631515824831,-4.10031046231535E-20));
#3803=CARTESIAN_POINT('',(0.48042714271467,-0.000625669599806337,-3.83112136363318E-20));
#3804=CARTESIAN_POINT('',(0.480364914512348,4.77048955893622E-18,2.92108238435856E-34));
#3805=CARTESIAN_POINT('',(0.480302686310026,1.43656787854329E-17,8.79644127107974E-34));
#3806=CARTESIAN_POINT('',(0.480243290440178,1.42301535138722E-17,8.71345597606955E-34));
#3807=CARTESIAN_POINT('',(0.480364914512348,-0.000577642057053185,-3.53703748111538E-20));
#3808=CARTESIAN_POINT('',(0.480302686310026,-0.000529614514300029,-3.24295359859755E-20));
#3809=CARTESIAN_POINT('',(0.480243290440178,-0.000477627399408626,-2.92462432935424E-20));
#3810=CARTESIAN_POINT('',(0.480190037436992,4.49943901581484E-18,2.75511179433818E-34));
#3811=CARTESIAN_POINT('',(0.480136784433806,-8.53809210832335E-18,-5.22807358564173E-34));
#3812=CARTESIAN_POINT('',(0.480089372309502,2.00577401909818E-17,1.22818236615076E-33));
#3813=CARTESIAN_POINT('',(0.480190037436992,-0.000419814529047477,-2.57062259616773E-20));
#3814=CARTESIAN_POINT('',(0.480136784433806,-0.000362001658686328,-2.21662086298122E-20));
#3815=CARTESIAN_POINT('',(0.480089372309502,-0.000298219931067011,-1.8260704201158E-20));
#3816=CARTESIAN_POINT('',(0.480054898611975,-4.56720165159519E-18,-2.79660444184328E-34));
#3817=CARTESIAN_POINT('',(0.480037661763212,-1.78893358460108E-17,-1.09540589413446E-33));
#3818=CARTESIAN_POINT('',(0.480023757394695,3.1712913545201E-18,1.94185590323836E-34));
#3819=CARTESIAN_POINT('',(0.480054898611975,-0.000227527008179517,-1.3932011114331E-20));
#3820=CARTESIAN_POINT('',(0.480037661763212,-0.000192180546735772,-1.17676645709176E-20));
#3821=CARTESIAN_POINT('',(0.480023757394695,-0.000155098496810675,-9.49704388358798E-21));
#3822=CARTESIAN_POINT('',(0.480014365820962,2.77826806699411E-19,1.70119854770882E-35));
#3823=CARTESIAN_POINT('',(0.480004974247228,1.75505226671091E-18,1.07465957038191E-34));
#3824=CARTESIAN_POINT('',(0.48,-2.22261445359528E-18,-1.36095883816705E-34));
#3825=CARTESIAN_POINT('',(0.48,0.,0.));
#3826=CARTESIAN_POINT('',(0.480014365820962,-0.000116974729478282,-7.16263640183527E-21));
#3827=CARTESIAN_POINT('',(0.480004974247228,-7.88509621458883E-05,-4.82822892008256E-21));
#3828=CARTESIAN_POINT('',(0.48,-3.90443898792554E-05,-2.39077935451457E-21));
#3829=CARTESIAN_POINT('',(0.48,0.,0.));
#3830=B_SPLINE_SURFACE_WITH_KNOTS('Surf_BBGWXYXYDA, Fin_Bottom, 0, 4, upper',1,3,((#3831, #3832, #3833, #3837, #3838, #3839, #3843, #3844, #3845, #3849, #3850, #3851, #3855, #3856, #3857, #3861, #3862, #3863, #3867, #3868, #3869, #3873, #3874, #3875, #3879, #3880, #3881, #3885, #3886, #3887, #3891, #3892, #3893, #3897, #3898, #3899, #3903, #3904, #3905, #3909, #3910, #3911, #3915, #3916, #3917, #3921, #3922, #3923, #3927, #3928, #3929, #3933, #3934, #3935, #3939, #3940, #3941, #3945, #3946, #3947, #3951, #3952, #3953, #3957, #3958, #3959, #3963, #3964, #3965, #3969, #3970, #3971, #3975, #3976, #3977, #3981, #3982, #3983, #3987, #3988, #3989, #3993, #3994, #3995, #3999, #4000, #4001, #4002),(#3834, #3835, #3836, #3840, #3841, #3842, #3846, #3847, #3848, #3852, #3853, #3854, #3858, #3859, #3860, #3864, #3865, #3866, #3870, #3871, #3872, #3876, #3877, #3878, #3882, #3883, #3884, #3888, #3889, #3890, #3894, #3895, #3896, #3900, #3901, #3902, #3906, #3907, #3908, #3912, #3913, #3914, #3918, #3919, #3920, #3924, #3925, #3926, #3930, #3931, #3932, #3936, #3937, #3938, #3942, #3943, #3944, #3948, #3949, #3950, #3954, #3955, #3956, #3960, #3961, #3962, #3966, #3967, #3968, #3972, #3973, #3974, #3978, #3979, #3980, #3984, #3985, #3986, #3990, #3991, #3992, #3996, #3997, #3998, #4003, #4004, #4005, #4006)),.UNSPECIFIED.,.F.,.F.,.F.,(2,2),(4,3,3,3,3,3,3,3,3,3,3,3,3,3,3,3,3,3,3,3,3,3,3,3,3,3,3,3,3,4),(0.,1.),(0.,1.,2.,3.,4.,5.,6.,7.,8.,9.,10.,11.,12.,13.,14.,15.,16.,17.,18.,19.,20.,21.,22.,23.,24.,25.,26.,27.,28.,29.),.PIECEWISE_BEZIER_KNOTS.);
#3831=CARTESIAN_POINT('',(0.48,0.,0.));
#3832=CARTESIAN_POINT('',(0.48,-2.22261445359528E-18,-1.36095883816705E-34));
#3833=CARTESIAN_POINT('',(0.480004974247228,1.75505226671091E-18,1.07465957038191E-34));
#3834=CARTESIAN_POINT('',(0.48,0.,0.));
#3835=CARTESIAN_POINT('',(0.48,3.9044389879251E-05,2.3907793545143E-21));
#3836=CARTESIAN_POINT('',(0.480004974247228,7.88509621458918E-05,4.82822892008277E-21));
#3837=CARTESIAN_POINT('',(0.480014365820962,2.77826806699411E-19,1.70119854770882E-35));
#3838=CARTESIAN_POINT('',(0.480023757394695,3.1712913545201E-18,1.94185590323836E-34));
#3839=CARTESIAN_POINT('',(0.480037661763212,-1.78893358460108E-17,-1.09540589413446E-33));
#3840=CARTESIAN_POINT('',(0.480014365820962,0.000116974729478282,7.16263640183531E-21));
#3841=CARTESIAN_POINT('',(0.480023757394695,0.000155098496810682,9.49704388358837E-21));
#3842=CARTESIAN_POINT('',(0.480037661763212,0.000192180546735737,1.17676645709154E-20));
#3843=CARTESIAN_POINT('',(0.480054898611975,-4.56720165159519E-18,-2.79660444184328E-34));
#3844=CARTESIAN_POINT('',(0.480089372309502,2.00577401909818E-17,1.22818236615076E-33));
#3845=CARTESIAN_POINT('',(0.480136784433806,-8.53809210832335E-18,-5.22807358564173E-34));
#3846=CARTESIAN_POINT('',(0.480054898611975,0.000227527008179508,1.39320111143304E-20));
#3847=CARTESIAN_POINT('',(0.480089372309502,0.000298219931067051,1.82607042011604E-20));
#3848=CARTESIAN_POINT('',(0.480136784433806,0.000362001658686311,2.21662086298111E-20));
#3849=CARTESIAN_POINT('',(0.480190037436992,4.49943901581484E-18,2.75511179433818E-34));
#3850=CARTESIAN_POINT('',(0.480243290440178,1.42301535138722E-17,8.71345597606955E-34));
#3851=CARTESIAN_POINT('',(0.480302686310026,1.43656787854329E-17,8.79644127107974E-34));
#3852=CARTESIAN_POINT('',(0.480190037436992,0.000419814529047486,2.57062259616778E-20));
#3853=CARTESIAN_POINT('',(0.480243290440178,0.000477627399408654,2.92462432935441E-20));
#3854=CARTESIAN_POINT('',(0.480302686310026,0.000529614514300058,3.24295359859773E-20));
#3855=CARTESIAN_POINT('',(0.480364914512348,4.77048955893622E-18,2.92108238435856E-34));
#3856=CARTESIAN_POINT('',(0.48042714271467,-3.46944695195361E-18,-2.12442355226077E-34));
#3857=CARTESIAN_POINT('',(0.480492464821906,5.74627151417317E-18,3.5185765084319E-34));
#3858=CARTESIAN_POINT('',(0.480364914512348,0.000577642057053194,3.53703748111543E-20));
#3859=CARTESIAN_POINT('',(0.48042714271467,0.000625669599806331,3.83112136363314E-20));
#3860=CARTESIAN_POINT('',(0.480492464821906,0.000669631515824842,4.10031046231542E-20));
#3861=CARTESIAN_POINT('',(0.48055942508424,3.74049749507499E-18,2.29039414228114E-34));
#3862=CARTESIAN_POINT('',(0.480693345608908,-2.71050543121376E-19,-1.65970590020372E-35));
#3863=CARTESIAN_POINT('',(0.480833933596049,-1.76182853028894E-17,-1.07880883513242E-33));
#3864=CARTESIAN_POINT('',(0.48055942508424,0.000710813410785884,4.35247684154973E-20));
#3865=CARTESIAN_POINT('',(0.480693345608908,0.000793177200707969,4.85680960001836E-20));
#3866=CARTESIAN_POINT('',(0.480833933596049,0.000864336126141427,5.2925323513326E-20));
#3867=CARTESIAN_POINT('',(0.480977004062892,-1.11130722679764E-17,-6.80479419083527E-34));
#3868=CARTESIAN_POINT('',(0.481120074529736,-5.52943107967607E-18,-3.3858000364156E-34));
#3869=CARTESIAN_POINT('',(0.481266124305804,-6.72205346941013E-18,-4.11607063250524E-34));
#3870=CARTESIAN_POINT('',(0.480977004062892,0.00092948686439715,5.6914655666674E-20));
#3871=CARTESIAN_POINT('',(0.481120074529736,0.000994637602652874,6.0903987820022E-20));
#3872=CARTESIAN_POINT('',(0.481266124305804,0.00105320822422555,6.44904040316745E-20));
#3873=CARTESIAN_POINT('',(0.481413539771823,-6.83047368665868E-18,-4.18245886851339E-34));
#3874=CARTESIAN_POINT('',(0.481560955237843,-6.93889390390723E-18,-4.24884710452153E-34));
#3875=CARTESIAN_POINT('',(0.481709948570452,-2.16840434497101E-18,-1.32776472016298E-34));
#3876=CARTESIAN_POINT('',(0.481413539771823,0.00110784728654657,6.7836081670667E-20));
#3877=CARTESIAN_POINT('',(0.481560955237843,0.00116248634886759,7.11817593096594E-20));
#3878=CARTESIAN_POINT('',(0.481709948570452,0.00121285608928667,7.42660163785647E-20));
#3879=CARTESIAN_POINT('',(0.481859817486333,-1.51788304147971E-18,-9.29435304114086E-35));
#3880=CARTESIAN_POINT('',(0.482009686402214,1.19262238973405E-18,7.30270596089639E-35));
#3881=CARTESIAN_POINT('',(0.482160541983156,0.,0.));
#3882=CARTESIAN_POINT('',(0.481859817486333,0.00126035681201409,7.71745967808309E-20));
#3883=CARTESIAN_POINT('',(0.482009686402214,0.00130785753474152,8.00831771830973E-20));
#3884=CARTESIAN_POINT('',(0.482160541983156,0.0013522662874765,8.28024290276483E-20));
#3885=CARTESIAN_POINT('',(0.482311967769028,-1.0842021724855E-18,-6.6388236008149E-35));
#3886=CARTESIAN_POINT('',(0.482614819340771,-5.52943107967607E-18,-3.3858000364156E-34));
#3887=CARTESIAN_POINT('',(0.482920144355657,1.40946282423116E-18,8.63047068105937E-35));
#3888=CARTESIAN_POINT('',(0.482311967769028,0.0013945442276941,8.53912062357498E-20));
#3889=CARTESIAN_POINT('',(0.482614819340771,0.0014791001081293,9.05687606519526E-20));
#3890=CARTESIAN_POINT('',(0.482920144355657,0.00155467325101901,9.51962810290221E-20));
#3891=CARTESIAN_POINT('',(0.483226731336765,-4.33680868994202E-19,-2.65552944032596E-35));
#3892=CARTESIAN_POINT('',(0.483533318317873,-2.71050543121376E-18,-1.65970590020372E-34));
#3893=CARTESIAN_POINT('',(0.483841181508283,4.33680868994202E-18,2.65552944032596E-34));
#3894=CARTESIAN_POINT('',(0.483226731336765,0.00162453400584377,9.94740185181301E-20));
#3895=CARTESIAN_POINT('',(0.483533318317873,0.00169439476066853,1.03751756007238E-19));
#3896=CARTESIAN_POINT('',(0.483841181508284,0.00175854307445431,1.07679707364661E-19));
#3897=CARTESIAN_POINT('',(0.484149845162696,-2.16840434497101E-18,-1.32776472016298E-34));
#3898=CARTESIAN_POINT('',(0.484458508817108,-7.80625564189563E-18,-4.77995299258673E-34));
#3899=CARTESIAN_POINT('',(0.484767958496295,3.79470760369927E-18,2.32358826028521E-34));
#3900=CARTESIAN_POINT('',(0.484149845162696,0.00181853642504423,1.11353240603165E-19));
#3901=CARTESIAN_POINT('',(0.484458508817108,0.00187852977563416,1.15026773841668E-19));
#3902=CARTESIAN_POINT('',(0.484767958496295,0.00193441649454995,1.18448848413422E-19));
#3903=CARTESIAN_POINT('',(0.485077971579708,1.0842021724855E-18,6.6388236008149E-35));
#3904=CARTESIAN_POINT('',(0.485697997746533,-5.42101086242752E-18,-3.31941180040745E-34));
#3905=CARTESIAN_POINT('',(0.486320051949468,2.38524477946811E-18,1.46054119217928E-34));
#3906=CARTESIAN_POINT('',(0.485077971579708,0.00198701721305092,1.21669713490675E-19));
#3907=CARTESIAN_POINT('',(0.485697997746533,0.00209221865005286,1.28111443645182E-19));
#3908=CARTESIAN_POINT('',(0.486320051949468,0.0021851327280889,1.3380079005831E-19));
#3909=CARTESIAN_POINT('',(0.486943230734811,6.50521303491303E-19,3.98329416048894E-35));
#3910=CARTESIAN_POINT('',(0.487566409520153,-4.33680868994202E-19,-2.65552944032596E-35));
#3911=CARTESIAN_POINT('',(0.488190688622965,-1.30104260698261E-18,-7.96658832097788E-35));
#3912=CARTESIAN_POINT('',(0.486943230734811,0.00226961326933104,1.38973731279431E-19));
#3913=CARTESIAN_POINT('',(0.487566409520153,0.00235409381057317,1.44146672500552E-19));
#3914=CARTESIAN_POINT('',(0.488190688622965,0.00243031952521299,1.4881415137287E-19));
#3915=CARTESIAN_POINT('',(0.488815667656035,-4.33680868994202E-19,-2.65552944032596E-35));
#3916=CARTESIAN_POINT('',(0.489440646689104,2.16840434497101E-19,1.32776472016298E-35));
#3917=CARTESIAN_POINT('',(0.490066290623311,1.0842021724855E-18,6.6388236008149E-35));
#3918=CARTESIAN_POINT('',(0.488815667656035,0.00250026946097496,1.53097349619443E-19));
#3919=CARTESIAN_POINT('',(0.489440646689104,0.00257021939673692,1.57380547866016E-19));
#3920=CARTESIAN_POINT('',(0.490066290623311,0.00263411506439855,1.61293029110075E-19));
#3921=CARTESIAN_POINT('',(0.490692384545639,2.16840434497101E-19,1.32776472016298E-35));
#3922=CARTESIAN_POINT('',(0.491944572390294,-1.0842021724855E-18,-6.6388236008149E-35));
#3923=CARTESIAN_POINT('',(0.493198572263467,-6.50521303491303E-19,-3.98329416048894E-35));
#3924=CARTESIAN_POINT('',(0.490692384545639,0.00269317983422587,1.64909703175646E-19));
#3925=CARTESIAN_POINT('',(0.491944572390294,0.00281130937388052,1.72143051306787E-19));
#3926=CARTESIAN_POINT('',(0.493198572263467,0.00291001877715683,1.7818725904519E-19));
#3927=CARTESIAN_POINT('',(0.494453358114684,2.16840434497101E-19,1.32776472016298E-35));
#3928=CARTESIAN_POINT('',(0.495080751040293,6.50521303491303E-19,3.98329416048894E-35));
#3929=CARTESIAN_POINT('',(0.495708398047361,-2.16840434497101E-19,-1.32776472016298E-35));
#3930=CARTESIAN_POINT('',(0.494453358114684,0.00299614896745779,1.83461212138291E-19));
#3931=CARTESIAN_POINT('',(0.495080751040293,0.00303921406260827,1.86098188684842E-19));
#3932=CARTESIAN_POINT('',(0.495708398047361,0.00307874545945355,1.88518788615462E-19));
#3933=CARTESIAN_POINT('',(0.49633619548289,0.,0.));
#3934=CARTESIAN_POINT('',(0.496963992918419,2.16840434497101E-19,1.32776472016298E-35));
#3935=CARTESIAN_POINT('',(0.497591965592136,4.33680868994202E-19,2.65552944032596E-35));
#3936=CARTESIAN_POINT('',(0.49633619548289,0.00311552176668858,1.90770687962454E-19));
#3937=CARTESIAN_POINT('',(0.496963992918419,0.00315229807392362,1.93022587309446E-19));
#3938=CARTESIAN_POINT('',(0.497591965592136,0.00318614285909523,1.95094982700858E-19));
#3939=CARTESIAN_POINT('',(0.498220059482857,0.,0.));
#3940=CARTESIAN_POINT('',(0.499476247264299,-2.16840434497101E-19,-1.32776472016298E-35));
#3941=CARTESIAN_POINT('',(0.500732939505992,-2.16840434497101E-19,-1.32776472016298E-35));
#3942=CARTESIAN_POINT('',(0.498220059482857,0.00321748394408874,1.97014070671814E-19));
#3943=CARTESIAN_POINT('',(0.499476247264299,0.00328016611407576,2.00852246613724E-19));
#3944=CARTESIAN_POINT('',(0.500732939505992,0.00333270565953264,2.04069365922346E-19));
#3945=CARTESIAN_POINT('',(0.501989893148104,-2.16840434497101E-19,-1.32776472016298E-35));
#3946=CARTESIAN_POINT('',(0.503246846790215,-4.33680868994202E-19,-2.65552944032596E-35));
#3947=CARTESIAN_POINT('',(0.504504100626019,2.16840434497101E-19,1.32776472016298E-35));
#3948=CARTESIAN_POINT('',(0.501989893148104,0.00337733943211255,2.06802396258539E-19));
#3949=CARTESIAN_POINT('',(0.503246846790215,0.00342197320469247,2.09535426594732E-19));
#3950=CARTESIAN_POINT('',(0.504504100626019,0.00345834704790503,2.1176268212788E-19));
#3951=CARTESIAN_POINT('',(0.505761500090508,4.33680868994202E-19,2.65552944032596E-35));
#3952=CARTESIAN_POINT('',(0.507018899554996,6.50521303491303E-19,3.98329416048894E-35));
#3953=CARTESIAN_POINT('',(0.508276446542185,2.16840434497101E-19,1.32776472016298E-35));
#3954=CARTESIAN_POINT('',(0.505761500090508,0.00348811385326014,2.13585373272829E-19));
#3955=CARTESIAN_POINT('',(0.507018899554996,0.00351788065861526,2.15408064417778E-19));
#3956=CARTESIAN_POINT('',(0.508276446542185,0.00354103553486319,2.16825891671862E-19));
#3957=CARTESIAN_POINT('',(0.509534077989019,0.,0.));
#3958=CARTESIAN_POINT('',(0.512049340882689,-2.16840434497101E-19,-1.32776472016298E-35));
#3959=CARTESIAN_POINT('',(0.514564898919912,-4.33680868994202E-19,-2.65552944032596E-35));
#3960=CARTESIAN_POINT('',(0.509534077989019,0.00355837213446033,2.17887452232099E-19));
#3961=CARTESIAN_POINT('',(0.512049340882689,0.0035930453336546,2.20010573352572E-19));
#3962=CARTESIAN_POINT('',(0.514564898919912,0.00360493088911424,2.20738353725059E-19));
#3963=CARTESIAN_POINT('',(0.517080387512728,-4.33680868994202E-19,-2.65552944032596E-35));
#3964=CARTESIAN_POINT('',(0.519595876105545,-4.33680868994202E-19,-2.65552944032596E-35));
#3965=CARTESIAN_POINT('',(0.522111325734643,8.67361737988404E-19,5.31105888065192E-35));
#3966=CARTESIAN_POINT('',(0.517080387512728,0.00359987981040811,2.20429064356574E-19));
#3967=CARTESIAN_POINT('',(0.519595876105545,0.00359482873170199,2.20119774988089E-19));
#3968=CARTESIAN_POINT('',(0.522111325734643,0.00357237112125791,2.18744642950747E-19));
#3969=CARTESIAN_POINT('',(0.524626567167855,2.16840434497101E-19,1.32776472016298E-35));
#3970=CARTESIAN_POINT('',(0.527141808601067,-4.33680868994202E-19,-2.65552944032596E-35));
#3971=CARTESIAN_POINT('',(0.529656847156979,-1.30104260698261E-18,-7.96658832097788E-35));
#3972=CARTESIAN_POINT('',(0.524626567167855,0.00353636477707973,2.16539890243407E-19));
#3973=CARTESIAN_POINT('',(0.527141808601067,0.00350035843290155,2.14335137536066E-19));
#3974=CARTESIAN_POINT('',(0.529656847156979,0.00345086018413173,2.11304243940099E-19));
#3975=CARTESIAN_POINT('',(0.532171617646684,0.,0.));
#3976=CARTESIAN_POINT('',(0.534686388136388,1.30104260698261E-18,7.96658832097788E-35));
#3977=CARTESIAN_POINT('',(0.537200887092063,-8.67361737988404E-19,-5.31105888065192E-35));
#3978=CARTESIAN_POINT('',(0.532171617646684,0.0033902395546127,2.07592300944959E-19));
#3979=CARTESIAN_POINT('',(0.534686388136388,0.00332961892509366,2.0388035794982E-19));
#3980=CARTESIAN_POINT('',(0.537200887092063,0.00325822860756552,1.99508961757273E-19));
#3981=CARTESIAN_POINT('',(0.539715095309244,-2.16840434497101E-19,-1.32776472016298E-35));
#3982=CARTESIAN_POINT('',(0.544743511743605,8.67361737988404E-19,5.31105888065192E-35));
#3983=CARTESIAN_POINT('',(0.54977074987597,-8.67361737988404E-19,-5.31105888065192E-35));
#3984=CARTESIAN_POINT('',(0.539715095309244,0.00317763131846864,1.9457380115165E-19));
#3985=CARTESIAN_POINT('',(0.544743511743605,0.00301643674027487,1.84703479940405E-19));
#3986=CARTESIAN_POINT('',(0.54977074987597,0.00281975584646328,1.72660248587415E-19));
#3987=CARTESIAN_POINT('',(0.554796828472497,8.67361737988404E-19,5.31105888065192E-35));
#3988=CARTESIAN_POINT('',(0.559822907069025,2.60208521396521E-18,1.59331766419558E-34));
#3989=CARTESIAN_POINT('',(0.564847838827164,1.95156391047391E-18,1.19498824814668E-34));
#3990=CARTESIAN_POINT('',(0.554796828472497,0.00259745297798923,1.59048123771514E-19));
#3991=CARTESIAN_POINT('',(0.559822907069025,0.00237515010951519,1.45435998955613E-19));
#3992=CARTESIAN_POINT('',(0.564847838827164,0.00212716541866197,1.30251316061066E-19));
#3993=CARTESIAN_POINT('',(0.56987165063954,1.19262238973405E-18,7.30270596089639E-35));
#3994=CARTESIAN_POINT('',(0.574895462451917,6.50521303491303E-19,3.98329416048894E-35));
#3995=CARTESIAN_POINT('',(0.579918161387353,-1.0842021724855E-19,-6.6388236008149E-36));
#3996=CARTESIAN_POINT('',(0.56987165063954,0.00185845572515393,1.13797592758342E-19));
#3997=CARTESIAN_POINT('',(0.574895462451917,0.0015897460316459,9.73438694556179E-20));
#3998=CARTESIAN_POINT('',(0.579918161387353,0.00130028390680004,7.96194262222744E-20));
#3999=CARTESIAN_POINT('',(0.584939630321376,6.50521303491303E-19,3.98329416048894E-35));
#4000=CARTESIAN_POINT('',(0.589961099255399,1.0842021724855E-18,6.6388236008149E-35));
#4001=CARTESIAN_POINT('',(0.59498134303945,-2.75929452897561E-17,-1.68958060640739E-33));
#4002=CARTESIAN_POINT('',(0.6,0.,0.));
#4003=CARTESIAN_POINT('',(0.584939630321376,0.000990873550382356,6.06735060917763E-20));
#4004=CARTESIAN_POINT('',(0.589961099255399,0.000681463193964669,4.17275859612782E-20));
#4005=CARTESIAN_POINT('',(0.59498134303945,0.000352083655278718,2.15589060734591E-20));
#4006=CARTESIAN_POINT('',(0.6,0.,0.));
#4007=B_SPLINE_SURFACE_WITH_KNOTS('Surf_BBGWXYXYDA, Fin_Bottom, 0, 7, lower',1,3,((#4008, #4009, #4010, #4014, #4015, #4016, #4020, #4021, #4022, #4026, #4027, #4028, #4032, #4033, #4034, #4038, #4039, #4040, #4044, #4045, #4046, #4050, #4051, #4052, #4056, #4057, #4058, #4062, #4063, #4064, #4068, #4069, #4070, #4074, #4075, #4076, #4080, #4081, #4082, #4086, #4087, #4088, #4092, #4093, #4094, #4098, #4099, #4100, #4104, #4105, #4106, #4110, #4111, #4112, #4116, #4117, #4118, #4122, #4123, #4124, #4128, #4129, #4130, #4134, #4135, #4136, #4140, #4141, #4142, #4146, #4147, #4148, #4152, #4153, #4154, #4158, #4159, #4160, #4164, #4165, #4166, #4170, #4171, #4172, #4176, #4177, #4178, #4179),(#4011, #4012, #4013, #4017, #4018, #4019, #4023, #4024, #4025, #4029, #4030, #4031, #4035, #4036, #4037, #4041, #4042, #4043, #4047, #4048, #4049, #4053, #4054, #4055, #4059, #4060, #4061, #4065, #4066, #4067, #4071, #4072, #4073, #4077, #4078, #4079, #4083, #4084, #4085, #4089, #4090, #4091, #4095, #4096, #4097, #4101, #4102, #4103, #4107, #4108, #4109, #4113, #4114, #4115, #4119, #4120, #4121, #4125, #4126, #4127, #4131, #4132, #4133, #4137, #4138, #4139, #4143, #4144, #4145, #4149, #4150, #4151, #4155, #4156, #4157, #4161, #4162, #4163, #4167, #4168, #4169, #4173, #4174, #4175, #4180, #4181, #4182, #4183)),.UNSPECIFIED.,.F.,.F.,.F.,(2,2),(4,3,3,3,3,3,3,3,3,3,3,3,3,3,3,3,3,3,3,3,3,3,3,3,3,3,3,3,3,4),(0.,1.),(0.,1.,2.,3.,4.,5.,6.,7.,8.,9.,10.,11.,12.,13.,14.,15.,16.,17.,18.,19.,20.,21.,22.,23.,24.,25.,26.,27.,28.,29.),.PIECEWISE_BEZIER_KNOTS.);
#4008=CARTESIAN_POINT('',(0.6,0.,0.));
#4009=CARTESIAN_POINT('',(0.594981343039449,-0.000352083655278773,-2.15589060734625E-20));
#4010=CARTESIAN_POINT('',(0.589961099255399,-0.000681463193964667,-4.17275859612781E-20));
#4011=CARTESIAN_POINT('',(0.6,9.79717439317883E-18,-0.16));
#4012=CARTESIAN_POINT('',(0.594981343039449,-0.000352083655278763,-0.16));
#4013=CARTESIAN_POINT('',(0.589961099255399,-0.000681463193964657,-0.16));
#4014=CARTESIAN_POINT('',(0.584939630321376,-0.000990873550382355,-6.06735060917762E-20));
#4015=CARTESIAN_POINT('',(0.579918161387353,-0.00130028390680004,-7.96194262222744E-20));
#4016=CARTESIAN_POINT('',(0.574895462451917,-0.0015897460316459,-9.73438694556178E-20));
#4017=CARTESIAN_POINT('',(0.584939630321376,-0.000990873550382345,-0.16));
#4018=CARTESIAN_POINT('',(0.579918161387353,-0.00130028390680003,-0.16));
#4019=CARTESIAN_POINT('',(0.574895462451917,-0.00158974603164589,-0.16));
#4020=CARTESIAN_POINT('',(0.56987165063954,-0.00185845572515393,-1.13797592758342E-19));
#4021=CARTESIAN_POINT('',(0.564847838827164,-0.00212716541866197,-1.30251316061066E-19));
#4022=CARTESIAN_POINT('',(0.559822907069025,-0.00237515010951518,-1.45435998955613E-19));
#4023=CARTESIAN_POINT('',(0.56987165063954,-0.00185845572515392,-0.16));
#4024=CARTESIAN_POINT('',(0.564847838827164,-0.00212716541866196,-0.16));
#4025=CARTESIAN_POINT('',(0.559822907069025,-0.00237515010951517,-0.16));
#4026=CARTESIAN_POINT('',(0.554796828472497,-0.00259745297798923,-1.59048123771514E-19));
#4027=CARTESIAN_POINT('',(0.54977074987597,-0.00281975584646328,-1.72660248587415E-19));
#4028=CARTESIAN_POINT('',(0.544743511743605,-0.00301643674027486,-1.84703479940404E-19));
#4029=CARTESIAN_POINT('',(0.554796828472497,-0.00259745297798922,-0.16));
#4030=CARTESIAN_POINT('',(0.54977074987597,-0.00281975584646327,-0.16));
#4031=CARTESIAN_POINT('',(0.544743511743605,-0.00301643674027485,-0.16));
#4032=CARTESIAN_POINT('',(0.539715095309244,-0.00317763131846864,-1.9457380115165E-19));
#4033=CARTESIAN_POINT('',(0.537200887092063,-0.00325822860756552,-1.99508961757273E-19));
#4034=CARTESIAN_POINT('',(0.534686388136388,-0.00332961892509366,-2.0388035794982E-19));
#4035=CARTESIAN_POINT('',(0.539715095309244,-0.00317763131846863,-0.16));
#4036=CARTESIAN_POINT('',(0.537200887092063,-0.00325822860756551,-0.16));
#4037=CARTESIAN_POINT('',(0.534686388136388,-0.00332961892509365,-0.16));
#4038=CARTESIAN_POINT('',(0.532171617646684,-0.0033902395546127,-2.07592300944959E-19));
#4039=CARTESIAN_POINT('',(0.529656847156979,-0.00345086018413173,-2.11304243940099E-19));
#4040=CARTESIAN_POINT('',(0.527141808601067,-0.00350035843290155,-2.14335137536067E-19));
#4041=CARTESIAN_POINT('',(0.532171617646684,-0.00339023955461269,-0.16));
#4042=CARTESIAN_POINT('',(0.529656847156979,-0.00345086018413172,-0.16));
#4043=CARTESIAN_POINT('',(0.527141808601067,-0.00350035843290154,-0.16));
#4044=CARTESIAN_POINT('',(0.524626567167855,-0.00353636477707973,-2.16539890243407E-19));
#4045=CARTESIAN_POINT('',(0.522111325734643,-0.00357237112125791,-2.18744642950747E-19));
#4046=CARTESIAN_POINT('',(0.519595876105545,-0.00359482873170199,-2.20119774988089E-19));
#4047=CARTESIAN_POINT('',(0.524626567167855,-0.00353636477707972,-0.16));
#4048=CARTESIAN_POINT('',(0.522111325734643,-0.0035723711212579,-0.16));
#4049=CARTESIAN_POINT('',(0.519595876105545,-0.00359482873170198,-0.16));
#4050=CARTESIAN_POINT('',(0.517080387512728,-0.00359987981040811,-2.20429064356574E-19));
#4051=CARTESIAN_POINT('',(0.514564898919912,-0.00360493088911424,-2.20738353725059E-19));
#4052=CARTESIAN_POINT('',(0.512049340882689,-0.0035930453336546,-2.20010573352572E-19));
#4053=CARTESIAN_POINT('',(0.517080387512728,-0.0035998798104081,-0.16));
#4054=CARTESIAN_POINT('',(0.514564898919912,-0.00360493088911423,-0.16));
#4055=CARTESIAN_POINT('',(0.512049340882689,-0.00359304533365459,-0.16));
#4056=CARTESIAN_POINT('',(0.509534077989019,-0.00355837213446033,-2.17887452232099E-19));
#4057=CARTESIAN_POINT('',(0.508276446542185,-0.00354103553486319,-2.16825891671862E-19));
#4058=CARTESIAN_POINT('',(0.507018899554996,-0.00351788065861526,-2.15408064417778E-19));
#4059=CARTESIAN_POINT('',(0.509534077989019,-0.00355837213446032,-0.16));
#4060=CARTESIAN_POINT('',(0.508276446542185,-0.00354103553486318,-0.16));
#4061=CARTESIAN_POINT('',(0.507018899554996,-0.00351788065861525,-0.16));
#4062=CARTESIAN_POINT('',(0.505761500090508,-0.00348811385326014,-2.13585373272829E-19));
#4063=CARTESIAN_POINT('',(0.504504100626019,-0.00345834704790503,-2.11762682127879E-19));
#4064=CARTESIAN_POINT('',(0.503246846790215,-0.00342197320469247,-2.09535426594732E-19));
#4065=CARTESIAN_POINT('',(0.505761500090508,-0.00348811385326013,-0.16));
#4066=CARTESIAN_POINT('',(0.504504100626019,-0.00345834704790502,-0.16));
#4067=CARTESIAN_POINT('',(0.503246846790215,-0.00342197320469246,-0.16));
#4068=CARTESIAN_POINT('',(0.501989893148104,-0.00337733943211255,-2.06802396258539E-19));
#4069=CARTESIAN_POINT('',(0.500732939505992,-0.00333270565953264,-2.04069365922346E-19));
#4070=CARTESIAN_POINT('',(0.499476247264299,-0.00328016611407576,-2.00852246613724E-19));
#4071=CARTESIAN_POINT('',(0.501989893148104,-0.00337733943211254,-0.16));
#4072=CARTESIAN_POINT('',(0.500732939505992,-0.00333270565953263,-0.16));
#4073=CARTESIAN_POINT('',(0.499476247264299,-0.00328016611407575,-0.16));
#4074=CARTESIAN_POINT('',(0.498220059482857,-0.00321748394408874,-1.97014070671814E-19));
#4075=CARTESIAN_POINT('',(0.497591965592136,-0.00318614285909522,-1.95094982700858E-19));
#4076=CARTESIAN_POINT('',(0.496963992918419,-0.00315229807392362,-1.93022587309446E-19));
#4077=CARTESIAN_POINT('',(0.498220059482857,-0.00321748394408873,-0.16));
#4078=CARTESIAN_POINT('',(0.497591965592136,-0.00318614285909521,-0.16));
#4079=CARTESIAN_POINT('',(0.496963992918419,-0.00315229807392361,-0.16));
#4080=CARTESIAN_POINT('',(0.49633619548289,-0.00311552176668858,-1.90770687962454E-19));
#4081=CARTESIAN_POINT('',(0.495708398047361,-0.00307874545945355,-1.88518788615462E-19));
#4082=CARTESIAN_POINT('',(0.495080751040293,-0.00303921406260826,-1.86098188684842E-19));
#4083=CARTESIAN_POINT('',(0.49633619548289,-0.00311552176668857,-0.16));
#4084=CARTESIAN_POINT('',(0.495708398047361,-0.00307874545945354,-0.16));
#4085=CARTESIAN_POINT('',(0.495080751040293,-0.00303921406260825,-0.16));
#4086=CARTESIAN_POINT('',(0.494453358114684,-0.00299614896745779,-1.83461212138291E-19));
#4087=CARTESIAN_POINT('',(0.493198572263467,-0.00291001877715683,-1.7818725904519E-19));
#4088=CARTESIAN_POINT('',(0.491944572390294,-0.00281130937388052,-1.72143051306787E-19));
#4089=CARTESIAN_POINT('',(0.494453358114684,-0.00299614896745778,-0.16));
#4090=CARTESIAN_POINT('',(0.493198572263467,-0.00291001877715682,-0.16));
#4091=CARTESIAN_POINT('',(0.491944572390294,-0.00281130937388051,-0.16));
#4092=CARTESIAN_POINT('',(0.490692384545639,-0.00269317983422587,-1.64909703175646E-19));
#4093=CARTESIAN_POINT('',(0.490066290623311,-0.00263411506439854,-1.61293029110075E-19));
#4094=CARTESIAN_POINT('',(0.489440646689104,-0.00257021939673692,-1.57380547866016E-19));
#4095=CARTESIAN_POINT('',(0.490692384545639,-0.00269317983422586,-0.16));
#4096=CARTESIAN_POINT('',(0.490066290623311,-0.00263411506439853,-0.16));
#4097=CARTESIAN_POINT('',(0.489440646689104,-0.00257021939673691,-0.16));
#4098=CARTESIAN_POINT('',(0.488815667656035,-0.00250026946097496,-1.53097349619443E-19));
#4099=CARTESIAN_POINT('',(0.488190688622965,-0.002430319525213,-1.48814151372871E-19));
#4100=CARTESIAN_POINT('',(0.487566409520153,-0.00235409381057317,-1.44146672500552E-19));
#4101=CARTESIAN_POINT('',(0.488815667656035,-0.00250026946097495,-0.16));
#4102=CARTESIAN_POINT('',(0.488190688622965,-0.00243031952521299,-0.16));
#4103=CARTESIAN_POINT('',(0.487566409520153,-0.00235409381057316,-0.16));
#4104=CARTESIAN_POINT('',(0.486943230734811,-0.00226961326933103,-1.38973731279431E-19));
#4105=CARTESIAN_POINT('',(0.486320051949468,-0.00218513272808889,-1.33800790058309E-19));
#4106=CARTESIAN_POINT('',(0.485697997746533,-0.00209221865005287,-1.28111443645182E-19));
#4107=CARTESIAN_POINT('',(0.486943230734811,-0.00226961326933102,-0.16));
#4108=CARTESIAN_POINT('',(0.486320051949468,-0.00218513272808888,-0.16));
#4109=CARTESIAN_POINT('',(0.485697997746533,-0.00209221865005286,-0.16));
#4110=CARTESIAN_POINT('',(0.485077971579708,-0.00198701721305092,-1.21669713490675E-19));
#4111=CARTESIAN_POINT('',(0.484767958496295,-0.00193441649454995,-1.18448848413422E-19));
#4112=CARTESIAN_POINT('',(0.484458508817108,-0.00187852977563418,-1.15026773841669E-19));
#4113=CARTESIAN_POINT('',(0.485077971579708,-0.00198701721305091,-0.16));
#4114=CARTESIAN_POINT('',(0.484767958496295,-0.00193441649454994,-0.16));
#4115=CARTESIAN_POINT('',(0.484458508817108,-0.00187852977563417,-0.16));
#4116=CARTESIAN_POINT('',(0.484149845162696,-0.00181853642504424,-1.11353240603165E-19));
#4117=CARTESIAN_POINT('',(0.483841181508283,-0.0017585430744543,-1.0767970736466E-19));
#4118=CARTESIAN_POINT('',(0.483533318317873,-0.00169439476066853,-1.03751756007238E-19));
#4119=CARTESIAN_POINT('',(0.484149845162696,-0.00181853642504423,-0.16));
#4120=CARTESIAN_POINT('',(0.483841181508283,-0.00175854307445429,-0.16));
#4121=CARTESIAN_POINT('',(0.483533318317873,-0.00169439476066852,-0.16));
#4122=CARTESIAN_POINT('',(0.483226731336765,-0.00162453400584377,-9.94740185181301E-20));
#4123=CARTESIAN_POINT('',(0.482920144355657,-0.00155467325101901,-9.51962810290219E-20));
#4124=CARTESIAN_POINT('',(0.482614819340771,-0.00147910010812931,-9.05687606519533E-20));
#4125=CARTESIAN_POINT('',(0.483226731336765,-0.00162453400584376,-0.16));
#4126=CARTESIAN_POINT('',(0.482920144355657,-0.001554673251019,-0.16));
#4127=CARTESIAN_POINT('',(0.482614819340771,-0.0014791001081293,-0.16));
#4128=CARTESIAN_POINT('',(0.482311967769028,-0.0013945442276941,-8.53912062357499E-20));
#4129=CARTESIAN_POINT('',(0.482160541983156,-0.0013522662874765,-8.28024290276483E-20));
#4130=CARTESIAN_POINT('',(0.482009686402214,-0.00130785753474151,-8.00831771830971E-20));
#4131=CARTESIAN_POINT('',(0.482311967769028,-0.00139454422769409,-0.16));
#4132=CARTESIAN_POINT('',(0.482160541983156,-0.00135226628747649,-0.16));
#4133=CARTESIAN_POINT('',(0.482009686402214,-0.0013078575347415,-0.16));
#4134=CARTESIAN_POINT('',(0.481859817486333,-0.00126035681201409,-7.71745967808311E-20));
#4135=CARTESIAN_POINT('',(0.481709948570452,-0.00121285608928667,-7.42660163785649E-20));
#4136=CARTESIAN_POINT('',(0.481560955237843,-0.0011624863488676,-7.11817593096603E-20));
#4137=CARTESIAN_POINT('',(0.481859817486333,-0.00126035681201408,-0.16));
#4138=CARTESIAN_POINT('',(0.481709948570452,-0.00121285608928666,-0.16));
#4139=CARTESIAN_POINT('',(0.481560955237843,-0.0011624863488676,-0.16));
#4140=CARTESIAN_POINT('',(0.481413539771823,-0.00110784728654658,-6.78360816706678E-20));
#4141=CARTESIAN_POINT('',(0.481266124305804,-0.00105320822422557,-6.44904040316753E-20));
#4142=CARTESIAN_POINT('',(0.481120074529736,-0.000994637602652885,-6.09039878200226E-20));
#4143=CARTESIAN_POINT('',(0.481413539771823,-0.00110784728654658,-0.16));
#4144=CARTESIAN_POINT('',(0.481266124305804,-0.00105320822422556,-0.16));
#4145=CARTESIAN_POINT('',(0.481120074529736,-0.000994637602652875,-0.16));
#4146=CARTESIAN_POINT('',(0.480977004062892,-0.000929486864397173,-5.69146556666754E-20));
#4147=CARTESIAN_POINT('',(0.480833933596049,-0.000864336126141462,-5.29253235133282E-20));
#4148=CARTESIAN_POINT('',(0.480693345608908,-0.000793177200707969,-4.85680960001836E-20));
#4149=CARTESIAN_POINT('',(0.480977004062892,-0.000929486864397163,-0.16));
#4150=CARTESIAN_POINT('',(0.480833933596049,-0.000864336126141452,-0.16));
#4151=CARTESIAN_POINT('',(0.480693345608908,-0.000793177200707959,-0.16));
#4152=CARTESIAN_POINT('',(0.48055942508424,-0.000710813410785877,-4.35247684154968E-20));
#4153=CARTESIAN_POINT('',(0.480492464821906,-0.000669631515824831,-4.10031046231535E-20));
#4154=CARTESIAN_POINT('',(0.48042714271467,-0.000625669599806337,-3.83112136363318E-20));
#4155=CARTESIAN_POINT('',(0.48055942508424,-0.000710813410785867,-0.16));
#4156=CARTESIAN_POINT('',(0.480492464821906,-0.000669631515824821,-0.16));
#4157=CARTESIAN_POINT('',(0.48042714271467,-0.000625669599806328,-0.16));
#4158=CARTESIAN_POINT('',(0.480364914512348,-0.000577642057053185,-3.53703748111538E-20));
#4159=CARTESIAN_POINT('',(0.480302686310026,-0.000529614514300029,-3.24295359859755E-20));
#4160=CARTESIAN_POINT('',(0.480243290440178,-0.000477627399408626,-2.92462432935424E-20));
#4161=CARTESIAN_POINT('',(0.480364914512348,-0.000577642057053175,-0.16));
#4162=CARTESIAN_POINT('',(0.480302686310026,-0.000529614514300019,-0.16));
#4163=CARTESIAN_POINT('',(0.480243290440178,-0.000477627399408616,-0.16));
#4164=CARTESIAN_POINT('',(0.480190037436992,-0.000419814529047477,-2.57062259616773E-20));
#4165=CARTESIAN_POINT('',(0.480136784433806,-0.000362001658686328,-2.21662086298122E-20));
#4166=CARTESIAN_POINT('',(0.480089372309502,-0.000298219931067011,-1.8260704201158E-20));
#4167=CARTESIAN_POINT('',(0.480190037436992,-0.000419814529047467,-0.16));
#4168=CARTESIAN_POINT('',(0.480136784433806,-0.000362001658686318,-0.16));
#4169=CARTESIAN_POINT('',(0.480089372309502,-0.000298219931067001,-0.16));
#4170=CARTESIAN_POINT('',(0.480054898611975,-0.000227527008179517,-1.3932011114331E-20));
#4171=CARTESIAN_POINT('',(0.480037661763212,-0.000192180546735772,-1.17676645709176E-20));
#4172=CARTESIAN_POINT('',(0.480023757394695,-0.000155098496810675,-9.49704388358798E-21));
#4173=CARTESIAN_POINT('',(0.480054898611975,-0.000227527008179507,-0.16));
#4174=CARTESIAN_POINT('',(0.480037661763212,-0.000192180546735763,-0.16));
#4175=CARTESIAN_POINT('',(0.480023757394695,-0.000155098496810666,-0.16));
#4176=CARTESIAN_POINT('',(0.480014365820962,-0.000116974729478282,-7.16263640183527E-21));
#4177=CARTESIAN_POINT('',(0.480004974247228,-7.88509621458883E-05,-4.82822892008256E-21));
#4178=CARTESIAN_POINT('',(0.48,-3.90443898792554E-05,-2.39077935451457E-21));
#4179=CARTESIAN_POINT('',(0.48,0.,0.));
#4180=CARTESIAN_POINT('',(0.480014365820962,-0.000116974729478272,-0.16));
#4181=CARTESIAN_POINT('',(0.480004974247228,-7.88509621458785E-05,-0.16));
#4182=CARTESIAN_POINT('',(0.48,-3.90443898792456E-05,-0.16));
#4183=CARTESIAN_POINT('',(0.48,9.79717439317883E-18,-0.16));
#4184=B_SPLINE_SURFACE_WITH_KNOTS('Surf_BBGWXYXYDA, Fin_Bottom, 0, 10, upper',1,3,((#4185, #4186, #4187, #4191, #4192, #4193, #4197, #4198, #4199, #4203, #4204, #4205, #4209, #4210, #4211, #4215, #4216, #4217, #4221, #4222, #4223, #4227, #4228, #4229, #4233, #4234, #4235, #4239, #4240, #4241, #4245, #4246, #4247, #4251, #4252, #4253, #4257, #4258, #4259, #4263, #4264, #4265, #4269, #4270, #4271, #4275, #4276, #4277, #4281, #4282, #4283, #4287, #4288, #4289, #4293, #4294, #4295, #4299, #4300, #4301, #4305, #4306, #4307, #4311, #4312, #4313, #4317, #4318, #4319, #4323, #4324, #4325, #4329, #4330, #4331, #4335, #4336, #4337, #4341, #4342, #4343, #4347, #4348, #4349, #4353, #4354, #4355, #4356),(#4188, #4189, #4190, #4194, #4195, #4196, #4200, #4201, #4202, #4206, #4207, #4208, #4212, #4213, #4214, #4218, #4219, #4220, #4224, #4225, #4226, #4230, #4231, #4232, #4236, #4237, #4238, #4242, #4243, #4244, #4248, #4249, #4250, #4254, #4255, #4256, #4260, #4261, #4262, #4266, #4267, #4268, #4272, #4273, #4274, #4278, #4279, #4280, #4284, #4285, #4286, #4290, #4291, #4292, #4296, #4297, #4298, #4302, #4303, #4304, #4308, #4309, #4310, #4314, #4315, #4316, #4320, #4321, #4322, #4326, #4327, #4328, #4332, #4333, #4334, #4338, #4339, #4340, #4344, #4345, #4346, #4350, #4351, #4352, #4357, #4358, #4359, #4360)),.UNSPECIFIED.,.F.,.F.,.F.,(2,2),(4,3,3,3,3,3,3,3,3,3,3,3,3,3,3,3,3,3,3,3,3,3,3,3,3,3,3,3,3,4),(0.,1.),(0.,1.,2.,3.,4.,5.,6.,7.,8.,9.,10.,11.,12.,13.,14.,15.,16.,17.,18.,19.,20.,21.,22.,23.,24.,25.,26.,27.,28.,29.),.PIECEWISE_BEZIER_KNOTS.);
#4185=CARTESIAN_POINT('',(0.48,0.,0.));
#4186=CARTESIAN_POINT('',(0.48,3.9044389879251E-05,2.3907793545143E-21));
#4187=CARTESIAN_POINT('',(0.480004974247228,7.88509621458918E-05,4.82822892008277E-21));
#4188=CARTESIAN_POINT('',(0.48,9.79717439317883E-18,-0.16));
#4189=CARTESIAN_POINT('',(0.48,3.90443898792608E-05,-0.16));
#4190=CARTESIAN_POINT('',(0.480004974247228,7.88509621459016E-05,-0.16));
#4191=CARTESIAN_POINT('',(0.480014365820962,0.000116974729478282,7.16263640183531E-21));
#4192=CARTESIAN_POINT('',(0.480023757394695,0.000155098496810682,9.49704388358837E-21));
#4193=CARTESIAN_POINT('',(0.480037661763212,0.000192180546735737,1.17676645709154E-20));
#4194=CARTESIAN_POINT('',(0.480014365820962,0.000116974729478292,-0.16));
#4195=CARTESIAN_POINT('',(0.480023757394695,0.000155098496810692,-0.16));
#4196=CARTESIAN_POINT('',(0.480037661763212,0.000192180546735746,-0.16));
#4197=CARTESIAN_POINT('',(0.480054898611975,0.000227527008179508,1.39320111143304E-20));
#4198=CARTESIAN_POINT('',(0.480089372309502,0.000298219931067051,1.82607042011604E-20));
#4199=CARTESIAN_POINT('',(0.480136784433806,0.000362001658686311,2.21662086298111E-20));
#4200=CARTESIAN_POINT('',(0.480054898611975,0.000227527008179518,-0.16));
#4201=CARTESIAN_POINT('',(0.480089372309502,0.000298219931067061,-0.16));
#4202=CARTESIAN_POINT('',(0.480136784433806,0.00036200165868632,-0.16));
#4203=CARTESIAN_POINT('',(0.480190037436992,0.000419814529047486,2.57062259616778E-20));
#4204=CARTESIAN_POINT('',(0.480243290440178,0.000477627399408654,2.92462432935441E-20));
#4205=CARTESIAN_POINT('',(0.480302686310026,0.000529614514300058,3.24295359859773E-20));
#4206=CARTESIAN_POINT('',(0.480190037436992,0.000419814529047496,-0.16));
#4207=CARTESIAN_POINT('',(0.480243290440178,0.000477627399408664,-0.16));
#4208=CARTESIAN_POINT('',(0.480302686310026,0.000529614514300068,-0.16));
#4209=CARTESIAN_POINT('',(0.480364914512348,0.000577642057053194,3.53703748111543E-20));
#4210=CARTESIAN_POINT('',(0.48042714271467,0.000625669599806331,3.83112136363314E-20));
#4211=CARTESIAN_POINT('',(0.480492464821906,0.000669631515824842,4.10031046231542E-20));
#4212=CARTESIAN_POINT('',(0.480364914512348,0.000577642057053204,-0.16));
#4213=CARTESIAN_POINT('',(0.48042714271467,0.00062566959980634,-0.16));
#4214=CARTESIAN_POINT('',(0.480492464821906,0.000669631515824852,-0.16));
#4215=CARTESIAN_POINT('',(0.48055942508424,0.000710813410785884,4.35247684154973E-20));
#4216=CARTESIAN_POINT('',(0.480693345608908,0.000793177200707969,4.85680960001836E-20));
#4217=CARTESIAN_POINT('',(0.480833933596049,0.000864336126141427,5.2925323513326E-20));
#4218=CARTESIAN_POINT('',(0.48055942508424,0.000710813410785894,-0.16));
#4219=CARTESIAN_POINT('',(0.480693345608908,0.000793177200707978,-0.16));
#4220=CARTESIAN_POINT('',(0.480833933596049,0.000864336126141436,-0.16));
#4221=CARTESIAN_POINT('',(0.480977004062892,0.00092948686439715,5.6914655666674E-20));
#4222=CARTESIAN_POINT('',(0.481120074529736,0.000994637602652874,6.0903987820022E-20));
#4223=CARTESIAN_POINT('',(0.481266124305804,0.00105320822422555,6.44904040316745E-20));
#4224=CARTESIAN_POINT('',(0.480977004062892,0.00092948686439716,-0.16));
#4225=CARTESIAN_POINT('',(0.481120074529736,0.000994637602652884,-0.16));
#4226=CARTESIAN_POINT('',(0.481266124305804,0.00105320822422556,-0.16));
#4227=CARTESIAN_POINT('',(0.481413539771823,0.00110784728654657,6.7836081670667E-20));
#4228=CARTESIAN_POINT('',(0.481560955237843,0.00116248634886759,7.11817593096594E-20));
#4229=CARTESIAN_POINT('',(0.481709948570452,0.00121285608928667,7.42660163785647E-20));
#4230=CARTESIAN_POINT('',(0.481413539771823,0.00110784728654658,-0.16));
#4231=CARTESIAN_POINT('',(0.481560955237843,0.0011624863488676,-0.16));
#4232=CARTESIAN_POINT('',(0.481709948570452,0.00121285608928668,-0.16));
#4233=CARTESIAN_POINT('',(0.481859817486333,0.00126035681201409,7.71745967808309E-20));
#4234=CARTESIAN_POINT('',(0.482009686402214,0.00130785753474152,8.00831771830973E-20));
#4235=CARTESIAN_POINT('',(0.482160541983156,0.0013522662874765,8.28024290276483E-20));
#4236=CARTESIAN_POINT('',(0.481859817486333,0.0012603568120141,-0.16));
#4237=CARTESIAN_POINT('',(0.482009686402214,0.00130785753474153,-0.16));
#4238=CARTESIAN_POINT('',(0.482160541983156,0.00135226628747651,-0.16));
#4239=CARTESIAN_POINT('',(0.482311967769028,0.0013945442276941,8.53912062357498E-20));
#4240=CARTESIAN_POINT('',(0.482614819340771,0.0014791001081293,9.05687606519526E-20));
#4241=CARTESIAN_POINT('',(0.482920144355657,0.00155467325101901,9.51962810290221E-20));
#4242=CARTESIAN_POINT('',(0.482311967769028,0.00139454422769411,-0.16));
#4243=CARTESIAN_POINT('',(0.482614819340771,0.00147910010812931,-0.16));
#4244=CARTESIAN_POINT('',(0.482920144355657,0.00155467325101902,-0.16));
#4245=CARTESIAN_POINT('',(0.483226731336765,0.00162453400584377,9.94740185181301E-20));
#4246=CARTESIAN_POINT('',(0.483533318317873,0.00169439476066853,1.03751756007238E-19));
#4247=CARTESIAN_POINT('',(0.483841181508284,0.00175854307445431,1.07679707364661E-19));
#4248=CARTESIAN_POINT('',(0.483226731336765,0.00162453400584378,-0.16));
#4249=CARTESIAN_POINT('',(0.483533318317873,0.00169439476066854,-0.16));
#4250=CARTESIAN_POINT('',(0.483841181508284,0.00175854307445432,-0.16));
#4251=CARTESIAN_POINT('',(0.484149845162696,0.00181853642504423,1.11353240603165E-19));
#4252=CARTESIAN_POINT('',(0.484458508817108,0.00187852977563416,1.15026773841668E-19));
#4253=CARTESIAN_POINT('',(0.484767958496295,0.00193441649454995,1.18448848413422E-19));
#4254=CARTESIAN_POINT('',(0.484149845162696,0.00181853642504424,-0.16));
#4255=CARTESIAN_POINT('',(0.484458508817108,0.00187852977563417,-0.16));
#4256=CARTESIAN_POINT('',(0.484767958496295,0.00193441649454996,-0.16));
#4257=CARTESIAN_POINT('',(0.485077971579708,0.00198701721305092,1.21669713490675E-19));
#4258=CARTESIAN_POINT('',(0.485697997746533,0.00209221865005286,1.28111443645182E-19));
#4259=CARTESIAN_POINT('',(0.486320051949468,0.0021851327280889,1.3380079005831E-19));
#4260=CARTESIAN_POINT('',(0.485077971579708,0.00198701721305093,-0.16));
#4261=CARTESIAN_POINT('',(0.485697997746533,0.00209221865005287,-0.16));
#4262=CARTESIAN_POINT('',(0.486320051949468,0.00218513272808891,-0.16));
#4263=CARTESIAN_POINT('',(0.486943230734811,0.00226961326933104,1.38973731279431E-19));
#4264=CARTESIAN_POINT('',(0.487566409520153,0.00235409381057317,1.44146672500552E-19));
#4265=CARTESIAN_POINT('',(0.488190688622965,0.00243031952521299,1.4881415137287E-19));
#4266=CARTESIAN_POINT('',(0.486943230734811,0.00226961326933105,-0.16));
#4267=CARTESIAN_POINT('',(0.487566409520153,0.00235409381057318,-0.16));
#4268=CARTESIAN_POINT('',(0.488190688622965,0.002430319525213,-0.16));
#4269=CARTESIAN_POINT('',(0.488815667656035,0.00250026946097496,1.53097349619443E-19));
#4270=CARTESIAN_POINT('',(0.489440646689104,0.00257021939673692,1.57380547866016E-19));
#4271=CARTESIAN_POINT('',(0.490066290623311,0.00263411506439855,1.61293029110075E-19));
#4272=CARTESIAN_POINT('',(0.488815667656035,0.00250026946097497,-0.16));
#4273=CARTESIAN_POINT('',(0.489440646689104,0.00257021939673693,-0.16));
#4274=CARTESIAN_POINT('',(0.490066290623311,0.00263411506439856,-0.16));
#4275=CARTESIAN_POINT('',(0.490692384545639,0.00269317983422587,1.64909703175646E-19));
#4276=CARTESIAN_POINT('',(0.491944572390294,0.00281130937388052,1.72143051306787E-19));
#4277=CARTESIAN_POINT('',(0.493198572263467,0.00291001877715683,1.7818725904519E-19));
#4278=CARTESIAN_POINT('',(0.490692384545639,0.00269317983422588,-0.16));
#4279=CARTESIAN_POINT('',(0.491944572390294,0.00281130937388053,-0.16));
#4280=CARTESIAN_POINT('',(0.493198572263467,0.00291001877715684,-0.16));
#4281=CARTESIAN_POINT('',(0.494453358114684,0.00299614896745779,1.83461212138291E-19));
#4282=CARTESIAN_POINT('',(0.495080751040293,0.00303921406260827,1.86098188684842E-19));
#4283=CARTESIAN_POINT('',(0.495708398047361,0.00307874545945355,1.88518788615462E-19));
#4284=CARTESIAN_POINT('',(0.494453358114684,0.0029961489674578,-0.16));
#4285=CARTESIAN_POINT('',(0.495080751040293,0.00303921406260828,-0.16));
#4286=CARTESIAN_POINT('',(0.495708398047361,0.00307874545945356,-0.16));
#4287=CARTESIAN_POINT('',(0.49633619548289,0.00311552176668858,1.90770687962454E-19));
#4288=CARTESIAN_POINT('',(0.496963992918419,0.00315229807392362,1.93022587309446E-19));
#4289=CARTESIAN_POINT('',(0.497591965592136,0.00318614285909523,1.95094982700858E-19));
#4290=CARTESIAN_POINT('',(0.49633619548289,0.00311552176668859,-0.16));
#4291=CARTESIAN_POINT('',(0.496963992918419,0.00315229807392363,-0.16));
#4292=CARTESIAN_POINT('',(0.497591965592136,0.00318614285909524,-0.16));
#4293=CARTESIAN_POINT('',(0.498220059482857,0.00321748394408874,1.97014070671814E-19));
#4294=CARTESIAN_POINT('',(0.499476247264299,0.00328016611407576,2.00852246613724E-19));
#4295=CARTESIAN_POINT('',(0.500732939505992,0.00333270565953264,2.04069365922346E-19));
#4296=CARTESIAN_POINT('',(0.498220059482857,0.00321748394408875,-0.16));
#4297=CARTESIAN_POINT('',(0.499476247264299,0.00328016611407577,-0.16));
#4298=CARTESIAN_POINT('',(0.500732939505992,0.00333270565953265,-0.16));
#4299=CARTESIAN_POINT('',(0.501989893148104,0.00337733943211255,2.06802396258539E-19));
#4300=CARTESIAN_POINT('',(0.503246846790215,0.00342197320469247,2.09535426594732E-19));
#4301=CARTESIAN_POINT('',(0.504504100626019,0.00345834704790503,2.1176268212788E-19));
#4302=CARTESIAN_POINT('',(0.501989893148104,0.00337733943211256,-0.16));
#4303=CARTESIAN_POINT('',(0.503246846790215,0.00342197320469248,-0.16));
#4304=CARTESIAN_POINT('',(0.504504100626019,0.00345834704790504,-0.16));
#4305=CARTESIAN_POINT('',(0.505761500090508,0.00348811385326014,2.13585373272829E-19));
#4306=CARTESIAN_POINT('',(0.507018899554996,0.00351788065861526,2.15408064417778E-19));
#4307=CARTESIAN_POINT('',(0.508276446542185,0.00354103553486319,2.16825891671862E-19));
#4308=CARTESIAN_POINT('',(0.505761500090508,0.00348811385326015,-0.16));
#4309=CARTESIAN_POINT('',(0.507018899554996,0.00351788065861527,-0.16));
#4310=CARTESIAN_POINT('',(0.508276446542185,0.0035410355348632,-0.16));
#4311=CARTESIAN_POINT('',(0.509534077989019,0.00355837213446033,2.17887452232099E-19));
#4312=CARTESIAN_POINT('',(0.512049340882689,0.0035930453336546,2.20010573352572E-19));
#4313=CARTESIAN_POINT('',(0.514564898919912,0.00360493088911424,2.20738353725059E-19));
#4314=CARTESIAN_POINT('',(0.509534077989019,0.00355837213446034,-0.16));
#4315=CARTESIAN_POINT('',(0.512049340882689,0.00359304533365461,-0.16));
#4316=CARTESIAN_POINT('',(0.514564898919912,0.00360493088911425,-0.16));
#4317=CARTESIAN_POINT('',(0.517080387512728,0.00359987981040811,2.20429064356574E-19));
#4318=CARTESIAN_POINT('',(0.519595876105545,0.00359482873170199,2.20119774988089E-19));
#4319=CARTESIAN_POINT('',(0.522111325734643,0.00357237112125791,2.18744642950747E-19));
#4320=CARTESIAN_POINT('',(0.517080387512728,0.00359987981040812,-0.16));
#4321=CARTESIAN_POINT('',(0.519595876105545,0.003594828731702,-0.16));
#4322=CARTESIAN_POINT('',(0.522111325734643,0.00357237112125792,-0.16));
#4323=CARTESIAN_POINT('',(0.524626567167855,0.00353636477707973,2.16539890243407E-19));
#4324=CARTESIAN_POINT('',(0.527141808601067,0.00350035843290155,2.14335137536066E-19));
#4325=CARTESIAN_POINT('',(0.529656847156979,0.00345086018413173,2.11304243940099E-19));
#4326=CARTESIAN_POINT('',(0.524626567167855,0.00353636477707974,-0.16));
#4327=CARTESIAN_POINT('',(0.527141808601067,0.00350035843290156,-0.16));
#4328=CARTESIAN_POINT('',(0.529656847156979,0.00345086018413174,-0.16));
#4329=CARTESIAN_POINT('',(0.532171617646684,0.0033902395546127,2.07592300944959E-19));
#4330=CARTESIAN_POINT('',(0.534686388136388,0.00332961892509366,2.0388035794982E-19));
#4331=CARTESIAN_POINT('',(0.537200887092063,0.00325822860756552,1.99508961757273E-19));
#4332=CARTESIAN_POINT('',(0.532171617646684,0.00339023955461271,-0.16));
#4333=CARTESIAN_POINT('',(0.534686388136388,0.00332961892509367,-0.16));
#4334=CARTESIAN_POINT('',(0.537200887092063,0.00325822860756553,-0.16));
#4335=CARTESIAN_POINT('',(0.539715095309244,0.00317763131846864,1.9457380115165E-19));
#4336=CARTESIAN_POINT('',(0.544743511743605,0.00301643674027487,1.84703479940405E-19));
#4337=CARTESIAN_POINT('',(0.54977074987597,0.00281975584646328,1.72660248587415E-19));
#4338=CARTESIAN_POINT('',(0.539715095309244,0.00317763131846865,-0.16));
#4339=CARTESIAN_POINT('',(0.544743511743605,0.00301643674027488,-0.16));
#4340=CARTESIAN_POINT('',(0.54977074987597,0.00281975584646329,-0.16));
#4341=CARTESIAN_POINT('',(0.554796828472497,0.00259745297798923,1.59048123771514E-19));
#4342=CARTESIAN_POINT('',(0.559822907069025,0.00237515010951519,1.45435998955613E-19));
#4343=CARTESIAN_POINT('',(0.564847838827164,0.00212716541866197,1.30251316061066E-19));
#4344=CARTESIAN_POINT('',(0.554796828472497,0.00259745297798924,-0.16));
#4345=CARTESIAN_POINT('',(0.559822907069025,0.0023751501095152,-0.16));
#4346=CARTESIAN_POINT('',(0.564847838827164,0.00212716541866198,-0.16));
#4347=CARTESIAN_POINT('',(0.56987165063954,0.00185845572515393,1.13797592758342E-19));
#4348=CARTESIAN_POINT('',(0.574895462451917,0.0015897460316459,9.73438694556179E-20));
#4349=CARTESIAN_POINT('',(0.579918161387353,0.00130028390680004,7.96194262222744E-20));
#4350=CARTESIAN_POINT('',(0.56987165063954,0.00185845572515394,-0.16));
#4351=CARTESIAN_POINT('',(0.574895462451917,0.00158974603164591,-0.16));
#4352=CARTESIAN_POINT('',(0.579918161387353,0.00130028390680005,-0.16));
#4353=CARTESIAN_POINT('',(0.584939630321376,0.000990873550382356,6.06735060917763E-20));
#4354=CARTESIAN_POINT('',(0.589961099255399,0.000681463193964669,4.17275859612782E-20));
#4355=CARTESIAN_POINT('',(0.59498134303945,0.000352083655278718,2.15589060734591E-20));
#4356=CARTESIAN_POINT('',(0.6,0.,0.));
#4357=CARTESIAN_POINT('',(0.584939630321376,0.000990873550382366,-0.16));
#4358=CARTESIAN_POINT('',(0.589961099255399,0.000681463193964679,-0.16));
#4359=CARTESIAN_POINT('',(0.59498134303945,0.000352083655278728,-0.16));
#4360=CARTESIAN_POINT('',(0.6,9.79717439317883E-18,-0.16));
#4361=B_SPLINE_SURFACE_WITH_KNOTS('Surf_BBGWXYXYDA, Fin_Bottom, 0, 13, lower',1,3,((#4362, #4363, #4364, #4368, #4369, #4370, #4374, #4375, #4376, #4380, #4381, #4382, #4386, #4387, #4388, #4392, #4393, #4394, #4398, #4399, #4400, #4404, #4405, #4406, #4410, #4411, #4412, #4416, #4417, #4418, #4422, #4423, #4424, #4428, #4429, #4430, #4434, #4435, #4436, #4440, #4441, #4442, #4446, #4447, #4448, #4452, #4453, #4454, #4458, #4459, #4460, #4464, #4465, #4466, #4470, #4471, #4472, #4476, #4477, #4478, #4482, #4483, #4484, #4488, #4489, #4490, #4494, #4495, #4496, #4500, #4501, #4502, #4506, #4507, #4508, #4512, #4513, #4514, #4518, #4519, #4520, #4524, #4525, #4526, #4530, #4531, #4532, #4533),(#4365, #4366, #4367, #4371, #4372, #4373, #4377, #4378, #4379, #4383, #4384, #4385, #4389, #4390, #4391, #4395, #4396, #4397, #4401, #4402, #4403, #4407, #4408, #4409, #4413, #4414, #4415, #4419, #4420, #4421, #4425, #4426, #4427, #4431, #4432, #4433, #4437, #4438, #4439, #4443, #4444, #4445, #4449, #4450, #4451, #4455, #4456, #4457, #4461, #4462, #4463, #4467, #4468, #4469, #4473, #4474, #4475, #4479, #4480, #4481, #4485, #4486, #4487, #4491, #4492, #4493, #4497, #4498, #4499, #4503, #4504, #4505, #4509, #4510, #4511, #4515, #4516, #4517, #4521, #4522, #4523, #4527, #4528, #4529, #4534, #4535, #4536, #4537)),.UNSPECIFIED.,.F.,.F.,.F.,(2,2),(4,3,3,3,3,3,3,3,3,3,3,3,3,3,3,3,3,3,3,3,3,3,3,3,3,3,3,3,3,4),(0.,1.),(0.,1.,2.,3.,4.,5.,6.,7.,8.,9.,10.,11.,12.,13.,14.,15.,16.,17.,18.,19.,20.,21.,22.,23.,24.,25.,26.,27.,28.,29.),.PIECEWISE_BEZIER_KNOTS.);
#4362=CARTESIAN_POINT('',(0.6,9.79717439317883E-18,-0.16));
#4363=CARTESIAN_POINT('',(0.594981343039449,-0.000352083655278763,-0.16));
#4364=CARTESIAN_POINT('',(0.589961099255399,-0.000681463193964657,-0.16));
#4365=CARTESIAN_POINT('',(0.6,9.79717439317883E-18,-0.16));
#4366=CARTESIAN_POINT('',(0.59498134303945,-1.77957708965773E-17,-0.16));
#4367=CARTESIAN_POINT('',(0.589961099255399,1.08813765656643E-17,-0.16));
#4368=CARTESIAN_POINT('',(0.584939630321376,-0.000990873550382345,-0.16));
#4369=CARTESIAN_POINT('',(0.579918161387353,-0.00130028390680003,-0.16));
#4370=CARTESIAN_POINT('',(0.574895462451917,-0.00158974603164589,-0.16));
#4371=CARTESIAN_POINT('',(0.584939630321376,1.04476956966701E-17,-0.16));
#4372=CARTESIAN_POINT('',(0.579918161387353,9.68875417593028E-18,-0.16));
#4373=CARTESIAN_POINT('',(0.574895462451917,1.04476956966701E-17,-0.16));
#4374=CARTESIAN_POINT('',(0.56987165063954,-0.00185845572515392,-0.16));
#4375=CARTESIAN_POINT('',(0.564847838827164,-0.00212716541866196,-0.16));
#4376=CARTESIAN_POINT('',(0.559822907069025,-0.00237515010951517,-0.16));
#4377=CARTESIAN_POINT('',(0.56987165063954,1.09897967829129E-17,-0.16));
#4378=CARTESIAN_POINT('',(0.564847838827164,1.17487383036527E-17,-0.16));
#4379=CARTESIAN_POINT('',(0.559822907069025,1.2399259607144E-17,-0.16));
#4380=CARTESIAN_POINT('',(0.554796828472497,-0.00259745297798922,-0.16));
#4381=CARTESIAN_POINT('',(0.54977074987597,-0.00281975584646327,-0.16));
#4382=CARTESIAN_POINT('',(0.544743511743605,-0.00301643674027485,-0.16));
#4383=CARTESIAN_POINT('',(0.554796828472497,1.06645361311672E-17,-0.16));
#4384=CARTESIAN_POINT('',(0.54977074987597,8.92981265519042E-18,-0.16));
#4385=CARTESIAN_POINT('',(0.544743511743605,1.06645361311672E-17,-0.16));
#4386=CARTESIAN_POINT('',(0.539715095309244,-0.00317763131846863,-0.16));
#4387=CARTESIAN_POINT('',(0.537200887092063,-0.00325822860756551,-0.16));
#4388=CARTESIAN_POINT('',(0.534686388136388,-0.00332961892509365,-0.16));
#4389=CARTESIAN_POINT('',(0.539715095309244,9.58033395868172E-18,-0.16));
#4390=CARTESIAN_POINT('',(0.537200887092063,8.92981265519042E-18,-0.16));
#4391=CARTESIAN_POINT('',(0.534686388136388,1.10982170001614E-17,-0.16));
#4392=CARTESIAN_POINT('',(0.532171617646684,-0.00339023955461269,-0.16));
#4393=CARTESIAN_POINT('',(0.529656847156979,-0.00345086018413172,-0.16));
#4394=CARTESIAN_POINT('',(0.527141808601067,-0.00350035843290154,-0.16));
#4395=CARTESIAN_POINT('',(0.532171617646684,9.79717439317883E-18,-0.16));
#4396=CARTESIAN_POINT('',(0.529656847156979,8.49613178619622E-18,-0.16));
#4397=CARTESIAN_POINT('',(0.527141808601067,9.36349352418462E-18,-0.16));
#4398=CARTESIAN_POINT('',(0.524626567167855,-0.00353636477707972,-0.16));
#4399=CARTESIAN_POINT('',(0.522111325734643,-0.0035723711212579,-0.16));
#4400=CARTESIAN_POINT('',(0.519595876105545,-0.00359482873170198,-0.16));
#4401=CARTESIAN_POINT('',(0.524626567167855,1.00140148276759E-17,-0.16));
#4402=CARTESIAN_POINT('',(0.522111325734643,1.06645361311672E-17,-0.16));
#4403=CARTESIAN_POINT('',(0.519595876105545,9.36349352418462E-18,-0.16));
#4404=CARTESIAN_POINT('',(0.517080387512728,-0.0035998798104081,-0.16));
#4405=CARTESIAN_POINT('',(0.514564898919912,-0.00360493088911423,-0.16));
#4406=CARTESIAN_POINT('',(0.512049340882689,-0.00359304533365459,-0.16));
#4407=CARTESIAN_POINT('',(0.517080387512728,9.36349352418462E-18,-0.16));
#4408=CARTESIAN_POINT('',(0.514564898919912,9.36349352418462E-18,-0.16));
#4409=CARTESIAN_POINT('',(0.512049340882689,9.58033395868172E-18,-0.16));
#4410=CARTESIAN_POINT('',(0.509534077989019,-0.00355837213446032,-0.16));
#4411=CARTESIAN_POINT('',(0.508276446542185,-0.00354103553486318,-0.16));
#4412=CARTESIAN_POINT('',(0.507018899554996,-0.00351788065861525,-0.16));
#4413=CARTESIAN_POINT('',(0.509534077989019,9.79717439317883E-18,-0.16));
#4414=CARTESIAN_POINT('',(0.508276446542185,1.00140148276759E-17,-0.16));
#4415=CARTESIAN_POINT('',(0.507018899554996,1.04476956966701E-17,-0.16));
#4416=CARTESIAN_POINT('',(0.505761500090508,-0.00348811385326013,-0.16));
#4417=CARTESIAN_POINT('',(0.504504100626019,-0.00345834704790502,-0.16));
#4418=CARTESIAN_POINT('',(0.503246846790215,-0.00342197320469246,-0.16));
#4419=CARTESIAN_POINT('',(0.505761500090508,1.0230855262173E-17,-0.16));
#4420=CARTESIAN_POINT('',(0.504504100626019,1.00140148276759E-17,-0.16));
#4421=CARTESIAN_POINT('',(0.503246846790215,9.36349352418462E-18,-0.16));
#4422=CARTESIAN_POINT('',(0.501989893148104,-0.00337733943211254,-0.16));
#4423=CARTESIAN_POINT('',(0.500732939505992,-0.00333270565953263,-0.16));
#4424=CARTESIAN_POINT('',(0.499476247264299,-0.00328016611407575,-0.16));
#4425=CARTESIAN_POINT('',(0.501989893148104,9.58033395868172E-18,-0.16));
#4426=CARTESIAN_POINT('',(0.500732939505992,9.58033395868172E-18,-0.16));
#4427=CARTESIAN_POINT('',(0.499476247264299,9.58033395868172E-18,-0.16));
#4428=CARTESIAN_POINT('',(0.498220059482857,-0.00321748394408873,-0.16));
#4429=CARTESIAN_POINT('',(0.497591965592136,-0.00318614285909521,-0.16));
#4430=CARTESIAN_POINT('',(0.496963992918419,-0.00315229807392361,-0.16));
#4431=CARTESIAN_POINT('',(0.498220059482857,9.79717439317883E-18,-0.16));
#4432=CARTESIAN_POINT('',(0.497591965592136,1.0230855262173E-17,-0.16));
#4433=CARTESIAN_POINT('',(0.496963992918419,1.00140148276759E-17,-0.16));
#4434=CARTESIAN_POINT('',(0.49633619548289,-0.00311552176668857,-0.16));
#4435=CARTESIAN_POINT('',(0.495708398047361,-0.00307874545945354,-0.16));
#4436=CARTESIAN_POINT('',(0.495080751040293,-0.00303921406260825,-0.16));
#4437=CARTESIAN_POINT('',(0.49633619548289,9.79717439317883E-18,-0.16));
#4438=CARTESIAN_POINT('',(0.495708398047361,9.58033395868172E-18,-0.16));
#4439=CARTESIAN_POINT('',(0.495080751040293,1.04476956966701E-17,-0.16));
#4440=CARTESIAN_POINT('',(0.494453358114684,-0.00299614896745778,-0.16));
#4441=CARTESIAN_POINT('',(0.493198572263467,-0.00291001877715682,-0.16));
#4442=CARTESIAN_POINT('',(0.491944572390294,-0.00281130937388051,-0.16));
#4443=CARTESIAN_POINT('',(0.494453358114684,1.00140148276759E-17,-0.16));
#4444=CARTESIAN_POINT('',(0.493198572263467,9.14665308968752E-18,-0.16));
#4445=CARTESIAN_POINT('',(0.491944572390294,8.71297222069332E-18,-0.16));
#4446=CARTESIAN_POINT('',(0.490692384545639,-0.00269317983422586,-0.16));
#4447=CARTESIAN_POINT('',(0.490066290623311,-0.00263411506439853,-0.16));
#4448=CARTESIAN_POINT('',(0.489440646689104,-0.00257021939673691,-0.16));
#4449=CARTESIAN_POINT('',(0.490692384545639,1.00140148276759E-17,-0.16));
#4450=CARTESIAN_POINT('',(0.490066290623311,1.08813765656643E-17,-0.16));
#4451=CARTESIAN_POINT('',(0.489440646689104,1.00140148276759E-17,-0.16));
#4452=CARTESIAN_POINT('',(0.488815667656035,-0.00250026946097495,-0.16));
#4453=CARTESIAN_POINT('',(0.488190688622965,-0.00243031952521299,-0.16));
#4454=CARTESIAN_POINT('',(0.487566409520153,-0.00235409381057316,-0.16));
#4455=CARTESIAN_POINT('',(0.488815667656035,9.36349352418462E-18,-0.16));
#4456=CARTESIAN_POINT('',(0.488190688622965,8.49613178619622E-18,-0.16));
#4457=CARTESIAN_POINT('',(0.487566409520153,9.36349352418462E-18,-0.16));
#4458=CARTESIAN_POINT('',(0.486943230734811,-0.00226961326933102,-0.16));
#4459=CARTESIAN_POINT('',(0.486320051949468,-0.00218513272808888,-0.16));
#4460=CARTESIAN_POINT('',(0.485697997746533,-0.00209221865005286,-0.16));
#4461=CARTESIAN_POINT('',(0.486943230734811,1.04476956966701E-17,-0.16));
#4462=CARTESIAN_POINT('',(0.486320051949468,1.21824191726469E-17,-0.16));
#4463=CARTESIAN_POINT('',(0.485697997746533,4.3761635307513E-18,-0.16));
#4464=CARTESIAN_POINT('',(0.485077971579708,-0.00198701721305091,-0.16));
#4465=CARTESIAN_POINT('',(0.484767958496295,-0.00193441649454994,-0.16));
#4466=CARTESIAN_POINT('',(0.484458508817108,-0.00187852977563417,-0.16));
#4467=CARTESIAN_POINT('',(0.485077971579708,1.08813765656643E-17,-0.16));
#4468=CARTESIAN_POINT('',(0.484767958496295,1.35918819968781E-17,-0.16));
#4469=CARTESIAN_POINT('',(0.484458508817108,1.99091875128319E-18,-0.16));
#4470=CARTESIAN_POINT('',(0.484149845162696,-0.00181853642504423,-0.16));
#4471=CARTESIAN_POINT('',(0.483841181508283,-0.00175854307445429,-0.16));
#4472=CARTESIAN_POINT('',(0.483533318317873,-0.00169439476066852,-0.16));
#4473=CARTESIAN_POINT('',(0.484149845162696,7.62877004820782E-18,-0.16));
#4474=CARTESIAN_POINT('',(0.483841181508283,1.41339830831208E-17,-0.16));
#4475=CARTESIAN_POINT('',(0.483533318317873,7.08666896196506E-18,-0.16));
#4476=CARTESIAN_POINT('',(0.483226731336765,-0.00162453400584376,-0.16));
#4477=CARTESIAN_POINT('',(0.482920144355657,-0.001554673251019,-0.16));
#4478=CARTESIAN_POINT('',(0.482614819340771,-0.0014791001081293,-0.16));
#4479=CARTESIAN_POINT('',(0.483226731336765,9.36349352418462E-18,-0.16));
#4480=CARTESIAN_POINT('',(0.482920144355657,1.120663721741E-17,-0.16));
#4481=CARTESIAN_POINT('',(0.482614819340771,4.26774331350275E-18,-0.16));
#4482=CARTESIAN_POINT('',(0.482311967769028,-0.00139454422769409,-0.16));
#4483=CARTESIAN_POINT('',(0.482160541983156,-0.00135226628747649,-0.16));
#4484=CARTESIAN_POINT('',(0.482009686402214,-0.0013078575347415,-0.16));
#4485=CARTESIAN_POINT('',(0.482311967769028,8.71297222069332E-18,-0.16));
#4486=CARTESIAN_POINT('',(0.482160541983156,9.79717439317883E-18,-0.16));
#4487=CARTESIAN_POINT('',(0.482009686402214,1.09897967829129E-17,-0.16));
#4488=CARTESIAN_POINT('',(0.481859817486333,-0.00126035681201408,-0.16));
#4489=CARTESIAN_POINT('',(0.481709948570452,-0.00121285608928666,-0.16));
#4490=CARTESIAN_POINT('',(0.481560955237843,-0.0011624863488676,-0.16));
#4491=CARTESIAN_POINT('',(0.481859817486333,8.27929135169912E-18,-0.16));
#4492=CARTESIAN_POINT('',(0.481709948570452,7.62877004820782E-18,-0.16));
#4493=CARTESIAN_POINT('',(0.481560955237843,2.8582804892716E-18,-0.16));
#4494=CARTESIAN_POINT('',(0.481413539771823,-0.00110784728654658,-0.16));
#4495=CARTESIAN_POINT('',(0.481266124305804,-0.00105320822422556,-0.16));
#4496=CARTESIAN_POINT('',(0.481120074529736,-0.000994637602652875,-0.16));
#4497=CARTESIAN_POINT('',(0.481413539771823,2.96670070652015E-18,-0.16));
#4498=CARTESIAN_POINT('',(0.481266124305804,3.0751209237687E-18,-0.16));
#4499=CARTESIAN_POINT('',(0.481120074529736,4.26774331350275E-18,-0.16));
#4500=CARTESIAN_POINT('',(0.480977004062892,-0.000929486864397163,-0.16));
#4501=CARTESIAN_POINT('',(0.480833933596049,-0.000864336126141452,-0.16));
#4502=CARTESIAN_POINT('',(0.480693345608908,-0.000793177200707959,-0.16));
#4503=CARTESIAN_POINT('',(0.480977004062892,-1.31589787479759E-18,-0.16));
#4504=CARTESIAN_POINT('',(0.480833933596049,-7.82111090971062E-18,-0.16));
#4505=CARTESIAN_POINT('',(0.480693345608908,9.52612385005745E-18,-0.16));
#4506=CARTESIAN_POINT('',(0.48055942508424,-0.000710813410785867,-0.16));
#4507=CARTESIAN_POINT('',(0.480492464821906,-0.000669631515824821,-0.16));
#4508=CARTESIAN_POINT('',(0.48042714271467,-0.000625669599806328,-0.16));
#4509=CARTESIAN_POINT('',(0.48055942508424,1.35376718882538E-17,-0.16));
#4510=CARTESIAN_POINT('',(0.480492464821906,1.5543445907352E-17,-0.16));
#4511=CARTESIAN_POINT('',(0.48042714271467,6.32772744122521E-18,-0.16));
#4512=CARTESIAN_POINT('',(0.480364914512348,-0.000577642057053175,-0.16));
#4513=CARTESIAN_POINT('',(0.480302686310026,-0.000529614514300019,-0.16));
#4514=CARTESIAN_POINT('',(0.480243290440178,-0.000477627399408616,-0.16));
#4515=CARTESIAN_POINT('',(0.480364914512348,1.4567663952115E-17,-0.16));
#4516=CARTESIAN_POINT('',(0.480302686310026,2.41628531786118E-17,-0.16));
#4517=CARTESIAN_POINT('',(0.480243290440178,2.40273279070511E-17,-0.16));
#4518=CARTESIAN_POINT('',(0.480190037436992,-0.000419814529047467,-0.16));
#4519=CARTESIAN_POINT('',(0.480136784433806,-0.000362001658686318,-0.16));
#4520=CARTESIAN_POINT('',(0.480089372309502,-0.000298219931067001,-0.16));
#4521=CARTESIAN_POINT('',(0.480190037436992,1.42966134089937E-17,-0.16));
#4522=CARTESIAN_POINT('',(0.480136784433806,1.25908228485548E-18,-0.16));
#4523=CARTESIAN_POINT('',(0.480089372309502,2.98549145841607E-17,-0.16));
#4524=CARTESIAN_POINT('',(0.480054898611975,-0.000227527008179507,-0.16));
#4525=CARTESIAN_POINT('',(0.480037661763212,-0.000192180546735763,-0.16));
#4526=CARTESIAN_POINT('',(0.480023757394695,-0.000155098496810666,-0.16));
#4527=CARTESIAN_POINT('',(0.480054898611975,5.22997274158364E-18,-0.16));
#4528=CARTESIAN_POINT('',(0.480037661763212,-8.092161452832E-18,-0.16));
#4529=CARTESIAN_POINT('',(0.480023757394695,1.29684657476989E-17,-0.16));
#4530=CARTESIAN_POINT('',(0.480014365820962,-0.000116974729478272,-0.16));
#4531=CARTESIAN_POINT('',(0.480004974247228,-7.88509621458785E-05,-0.16));
#4532=CARTESIAN_POINT('',(0.48,-3.90443898792456E-05,-0.16));
#4533=CARTESIAN_POINT('',(0.48,9.79717439317883E-18,-0.16));
#4534=CARTESIAN_POINT('',(0.480014365820962,1.00750011998782E-17,-0.16));
#4535=CARTESIAN_POINT('',(0.480004974247228,1.15522266598897E-17,-0.16));
#4536=CARTESIAN_POINT('',(0.48,7.57455993958354E-18,-0.16));
#4537=CARTESIAN_POINT('',(0.48,9.79717439317883E-18,-0.16));
#4538=B_SPLINE_SURFACE_WITH_KNOTS('Surf_BBGWXYXYDA, Fin_Bottom, 0, 16, upper',1,3,((#4539, #4540, #4541, #4545, #4546, #4547, #4551, #4552, #4553, #4557, #4558, #4559, #4563, #4564, #4565, #4569, #4570, #4571, #4575, #4576, #4577, #4581, #4582, #4583, #4587, #4588, #4589, #4593, #4594, #4595, #4599, #4600, #4601, #4605, #4606, #4607, #4611, #4612, #4613, #4617, #4618, #4619, #4623, #4624, #4625, #4629, #4630, #4631, #4635, #4636, #4637, #4641, #4642, #4643, #4647, #4648, #4649, #4653, #4654, #4655, #4659, #4660, #4661, #4665, #4666, #4667, #4671, #4672, #4673, #4677, #4678, #4679, #4683, #4684, #4685, #4689, #4690, #4691, #4695, #4696, #4697, #4701, #4702, #4703, #4707, #4708, #4709, #4710),(#4542, #4543, #4544, #4548, #4549, #4550, #4554, #4555, #4556, #4560, #4561, #4562, #4566, #4567, #4568, #4572, #4573, #4574, #4578, #4579, #4580, #4584, #4585, #4586, #4590, #4591, #4592, #4596, #4597, #4598, #4602, #4603, #4604, #4608, #4609, #4610, #4614, #4615, #4616, #4620, #4621, #4622, #4626, #4627, #4628, #4632, #4633, #4634, #4638, #4639, #4640, #4644, #4645, #4646, #4650, #4651, #4652, #4656, #4657, #4658, #4662, #4663, #4664, #4668, #4669, #4670, #4674, #4675, #4676, #4680, #4681, #4682, #4686, #4687, #4688, #4692, #4693, #4694, #4698, #4699, #4700, #4704, #4705, #4706, #4711, #4712, #4713, #4714)),.UNSPECIFIED.,.F.,.F.,.F.,(2,2),(4,3,3,3,3,3,3,3,3,3,3,3,3,3,3,3,3,3,3,3,3,3,3,3,3,3,3,3,3,4),(0.,1.),(0.,1.,2.,3.,4.,5.,6.,7.,8.,9.,10.,11.,12.,13.,14.,15.,16.,17.,18.,19.,20.,21.,22.,23.,24.,25.,26.,27.,28.,29.),.PIECEWISE_BEZIER_KNOTS.);
#4539=CARTESIAN_POINT('',(0.48,9.79717439317883E-18,-0.16));
#4540=CARTESIAN_POINT('',(0.48,3.90443898792608E-05,-0.16));
#4541=CARTESIAN_POINT('',(0.480004974247228,7.88509621459016E-05,-0.16));
#4542=CARTESIAN_POINT('',(0.48,9.79717439317883E-18,-0.16));
#4543=CARTESIAN_POINT('',(0.48,7.57455993958354E-18,-0.16));
#4544=CARTESIAN_POINT('',(0.480004974247228,1.15522266598897E-17,-0.16));
#4545=CARTESIAN_POINT('',(0.480014365820962,0.000116974729478292,-0.16));
#4546=CARTESIAN_POINT('',(0.480023757394695,0.000155098496810692,-0.16));
#4547=CARTESIAN_POINT('',(0.480037661763212,0.000192180546735746,-0.16));
#4548=CARTESIAN_POINT('',(0.480014365820962,1.00750011998782E-17,-0.16));
#4549=CARTESIAN_POINT('',(0.480023757394695,1.29684657476989E-17,-0.16));
#4550=CARTESIAN_POINT('',(0.480037661763212,-8.092161452832E-18,-0.16));
#4551=CARTESIAN_POINT('',(0.480054898611975,0.000227527008179518,-0.16));
#4552=CARTESIAN_POINT('',(0.480089372309502,0.000298219931067061,-0.16));
#4553=CARTESIAN_POINT('',(0.480136784433806,0.00036200165868632,-0.16));
#4554=CARTESIAN_POINT('',(0.480054898611975,5.22997274158364E-18,-0.16));
#4555=CARTESIAN_POINT('',(0.480089372309502,2.98549145841607E-17,-0.16));
#4556=CARTESIAN_POINT('',(0.480136784433806,1.25908228485548E-18,-0.16));
#4557=CARTESIAN_POINT('',(0.480190037436992,0.000419814529047496,-0.16));
#4558=CARTESIAN_POINT('',(0.480243290440178,0.000477627399408664,-0.16));
#4559=CARTESIAN_POINT('',(0.480302686310026,0.000529614514300068,-0.16));
#4560=CARTESIAN_POINT('',(0.480190037436992,1.42966134089937E-17,-0.16));
#4561=CARTESIAN_POINT('',(0.480243290440178,2.40273279070511E-17,-0.16));
#4562=CARTESIAN_POINT('',(0.480302686310026,2.41628531786118E-17,-0.16));
#4563=CARTESIAN_POINT('',(0.480364914512348,0.000577642057053204,-0.16));
#4564=CARTESIAN_POINT('',(0.48042714271467,0.00062566959980634,-0.16));
#4565=CARTESIAN_POINT('',(0.480492464821906,0.000669631515824852,-0.16));
#4566=CARTESIAN_POINT('',(0.480364914512348,1.4567663952115E-17,-0.16));
#4567=CARTESIAN_POINT('',(0.48042714271467,6.32772744122521E-18,-0.16));
#4568=CARTESIAN_POINT('',(0.480492464821906,1.5543445907352E-17,-0.16));
#4569=CARTESIAN_POINT('',(0.48055942508424,0.000710813410785894,-0.16));
#4570=CARTESIAN_POINT('',(0.480693345608908,0.000793177200707978,-0.16));
#4571=CARTESIAN_POINT('',(0.480833933596049,0.000864336126141436,-0.16));
#4572=CARTESIAN_POINT('',(0.48055942508424,1.35376718882538E-17,-0.16));
#4573=CARTESIAN_POINT('',(0.480693345608908,9.52612385005745E-18,-0.16));
#4574=CARTESIAN_POINT('',(0.480833933596049,-7.82111090971062E-18,-0.16));
#4575=CARTESIAN_POINT('',(0.480977004062892,0.00092948686439716,-0.16));
#4576=CARTESIAN_POINT('',(0.481120074529736,0.000994637602652884,-0.16));
#4577=CARTESIAN_POINT('',(0.481266124305804,0.00105320822422556,-0.16));
#4578=CARTESIAN_POINT('',(0.480977004062892,-1.31589787479759E-18,-0.16));
#4579=CARTESIAN_POINT('',(0.481120074529736,4.26774331350275E-18,-0.16));
#4580=CARTESIAN_POINT('',(0.481266124305804,3.0751209237687E-18,-0.16));
#4581=CARTESIAN_POINT('',(0.481413539771823,0.00110784728654658,-0.16));
#4582=CARTESIAN_POINT('',(0.481560955237843,0.0011624863488676,-0.16));
#4583=CARTESIAN_POINT('',(0.481709948570452,0.00121285608928668,-0.16));
#4584=CARTESIAN_POINT('',(0.481413539771823,2.96670070652015E-18,-0.16));
#4585=CARTESIAN_POINT('',(0.481560955237843,2.8582804892716E-18,-0.16));
#4586=CARTESIAN_POINT('',(0.481709948570452,7.62877004820782E-18,-0.16));
#4587=CARTESIAN_POINT('',(0.481859817486333,0.0012603568120141,-0.16));
#4588=CARTESIAN_POINT('',(0.482009686402214,0.00130785753474153,-0.16));
#4589=CARTESIAN_POINT('',(0.482160541983156,0.00135226628747651,-0.16));
#4590=CARTESIAN_POINT('',(0.481859817486333,8.27929135169912E-18,-0.16));
#4591=CARTESIAN_POINT('',(0.482009686402214,1.09897967829129E-17,-0.16));
#4592=CARTESIAN_POINT('',(0.482160541983156,9.79717439317883E-18,-0.16));
#4593=CARTESIAN_POINT('',(0.482311967769028,0.00139454422769411,-0.16));
#4594=CARTESIAN_POINT('',(0.482614819340771,0.00147910010812931,-0.16));
#4595=CARTESIAN_POINT('',(0.482920144355657,0.00155467325101902,-0.16));
#4596=CARTESIAN_POINT('',(0.482311967769028,8.71297222069332E-18,-0.16));
#4597=CARTESIAN_POINT('',(0.482614819340771,4.26774331350275E-18,-0.16));
#4598=CARTESIAN_POINT('',(0.482920144355657,1.120663721741E-17,-0.16));
#4599=CARTESIAN_POINT('',(0.483226731336765,0.00162453400584378,-0.16));
#4600=CARTESIAN_POINT('',(0.483533318317873,0.00169439476066854,-0.16));
#4601=CARTESIAN_POINT('',(0.483841181508284,0.00175854307445432,-0.16));
#4602=CARTESIAN_POINT('',(0.483226731336765,9.36349352418462E-18,-0.16));
#4603=CARTESIAN_POINT('',(0.483533318317873,7.08666896196506E-18,-0.16));
#4604=CARTESIAN_POINT('',(0.483841181508283,1.41339830831208E-17,-0.16));
#4605=CARTESIAN_POINT('',(0.484149845162696,0.00181853642504424,-0.16));
#4606=CARTESIAN_POINT('',(0.484458508817108,0.00187852977563417,-0.16));
#4607=CARTESIAN_POINT('',(0.484767958496295,0.00193441649454996,-0.16));
#4608=CARTESIAN_POINT('',(0.484149845162696,7.62877004820782E-18,-0.16));
#4609=CARTESIAN_POINT('',(0.484458508817108,1.99091875128319E-18,-0.16));
#4610=CARTESIAN_POINT('',(0.484767958496295,1.35918819968781E-17,-0.16));
#4611=CARTESIAN_POINT('',(0.485077971579708,0.00198701721305093,-0.16));
#4612=CARTESIAN_POINT('',(0.485697997746533,0.00209221865005287,-0.16));
#4613=CARTESIAN_POINT('',(0.486320051949468,0.00218513272808891,-0.16));
#4614=CARTESIAN_POINT('',(0.485077971579708,1.08813765656643E-17,-0.16));
#4615=CARTESIAN_POINT('',(0.485697997746533,4.3761635307513E-18,-0.16));
#4616=CARTESIAN_POINT('',(0.486320051949468,1.21824191726469E-17,-0.16));
#4617=CARTESIAN_POINT('',(0.486943230734811,0.00226961326933105,-0.16));
#4618=CARTESIAN_POINT('',(0.487566409520153,0.00235409381057318,-0.16));
#4619=CARTESIAN_POINT('',(0.488190688622965,0.002430319525213,-0.16));
#4620=CARTESIAN_POINT('',(0.486943230734811,1.04476956966701E-17,-0.16));
#4621=CARTESIAN_POINT('',(0.487566409520153,9.36349352418462E-18,-0.16));
#4622=CARTESIAN_POINT('',(0.488190688622965,8.49613178619622E-18,-0.16));
#4623=CARTESIAN_POINT('',(0.488815667656035,0.00250026946097497,-0.16));
#4624=CARTESIAN_POINT('',(0.489440646689104,0.00257021939673693,-0.16));
#4625=CARTESIAN_POINT('',(0.490066290623311,0.00263411506439856,-0.16));
#4626=CARTESIAN_POINT('',(0.488815667656035,9.36349352418462E-18,-0.16));
#4627=CARTESIAN_POINT('',(0.489440646689104,1.00140148276759E-17,-0.16));
#4628=CARTESIAN_POINT('',(0.490066290623311,1.08813765656643E-17,-0.16));
#4629=CARTESIAN_POINT('',(0.490692384545639,0.00269317983422588,-0.16));
#4630=CARTESIAN_POINT('',(0.491944572390294,0.00281130937388053,-0.16));
#4631=CARTESIAN_POINT('',(0.493198572263467,0.00291001877715684,-0.16));
#4632=CARTESIAN_POINT('',(0.490692384545639,1.00140148276759E-17,-0.16));
#4633=CARTESIAN_POINT('',(0.491944572390294,8.71297222069332E-18,-0.16));
#4634=CARTESIAN_POINT('',(0.493198572263467,9.14665308968752E-18,-0.16));
#4635=CARTESIAN_POINT('',(0.494453358114684,0.0029961489674578,-0.16));
#4636=CARTESIAN_POINT('',(0.495080751040293,0.00303921406260828,-0.16));
#4637=CARTESIAN_POINT('',(0.495708398047361,0.00307874545945356,-0.16));
#4638=CARTESIAN_POINT('',(0.494453358114684,1.00140148276759E-17,-0.16));
#4639=CARTESIAN_POINT('',(0.495080751040293,1.04476956966701E-17,-0.16));
#4640=CARTESIAN_POINT('',(0.495708398047361,9.58033395868172E-18,-0.16));
#4641=CARTESIAN_POINT('',(0.49633619548289,0.00311552176668859,-0.16));
#4642=CARTESIAN_POINT('',(0.496963992918419,0.00315229807392363,-0.16));
#4643=CARTESIAN_POINT('',(0.497591965592136,0.00318614285909524,-0.16));
#4644=CARTESIAN_POINT('',(0.49633619548289,9.79717439317883E-18,-0.16));
#4645=CARTESIAN_POINT('',(0.496963992918419,1.00140148276759E-17,-0.16));
#4646=CARTESIAN_POINT('',(0.497591965592136,1.0230855262173E-17,-0.16));
#4647=CARTESIAN_POINT('',(0.498220059482857,0.00321748394408875,-0.16));
#4648=CARTESIAN_POINT('',(0.499476247264299,0.00328016611407577,-0.16));
#4649=CARTESIAN_POINT('',(0.500732939505992,0.00333270565953265,-0.16));
#4650=CARTESIAN_POINT('',(0.498220059482857,9.79717439317883E-18,-0.16));
#4651=CARTESIAN_POINT('',(0.499476247264299,9.58033395868172E-18,-0.16));
#4652=CARTESIAN_POINT('',(0.500732939505992,9.58033395868172E-18,-0.16));
#4653=CARTESIAN_POINT('',(0.501989893148104,0.00337733943211256,-0.16));
#4654=CARTESIAN_POINT('',(0.503246846790215,0.00342197320469248,-0.16));
#4655=CARTESIAN_POINT('',(0.504504100626019,0.00345834704790504,-0.16));
#4656=CARTESIAN_POINT('',(0.501989893148104,9.58033395868172E-18,-0.16));
#4657=CARTESIAN_POINT('',(0.503246846790215,9.36349352418462E-18,-0.16));
#4658=CARTESIAN_POINT('',(0.504504100626019,1.00140148276759E-17,-0.16));
#4659=CARTESIAN_POINT('',(0.505761500090508,0.00348811385326015,-0.16));
#4660=CARTESIAN_POINT('',(0.507018899554996,0.00351788065861527,-0.16));
#4661=CARTESIAN_POINT('',(0.508276446542185,0.0035410355348632,-0.16));
#4662=CARTESIAN_POINT('',(0.505761500090508,1.0230855262173E-17,-0.16));
#4663=CARTESIAN_POINT('',(0.507018899554996,1.04476956966701E-17,-0.16));
#4664=CARTESIAN_POINT('',(0.508276446542185,1.00140148276759E-17,-0.16));
#4665=CARTESIAN_POINT('',(0.509534077989019,0.00355837213446034,-0.16));
#4666=CARTESIAN_POINT('',(0.512049340882689,0.00359304533365461,-0.16));
#4667=CARTESIAN_POINT('',(0.514564898919912,0.00360493088911425,-0.16));
#4668=CARTESIAN_POINT('',(0.509534077989019,9.79717439317883E-18,-0.16));
#4669=CARTESIAN_POINT('',(0.512049340882689,9.58033395868172E-18,-0.16));
#4670=CARTESIAN_POINT('',(0.514564898919912,9.36349352418462E-18,-0.16));
#4671=CARTESIAN_POINT('',(0.517080387512728,0.00359987981040812,-0.16));
#4672=CARTESIAN_POINT('',(0.519595876105545,0.003594828731702,-0.16));
#4673=CARTESIAN_POINT('',(0.522111325734643,0.00357237112125792,-0.16));
#4674=CARTESIAN_POINT('',(0.517080387512728,9.36349352418462E-18,-0.16));
#4675=CARTESIAN_POINT('',(0.519595876105545,9.36349352418462E-18,-0.16));
#4676=CARTESIAN_POINT('',(0.522111325734643,1.06645361311672E-17,-0.16));
#4677=CARTESIAN_POINT('',(0.524626567167855,0.00353636477707974,-0.16));
#4678=CARTESIAN_POINT('',(0.527141808601067,0.00350035843290156,-0.16));
#4679=CARTESIAN_POINT('',(0.529656847156979,0.00345086018413174,-0.16));
#4680=CARTESIAN_POINT('',(0.524626567167855,1.00140148276759E-17,-0.16));
#4681=CARTESIAN_POINT('',(0.527141808601067,9.36349352418462E-18,-0.16));
#4682=CARTESIAN_POINT('',(0.529656847156979,8.49613178619622E-18,-0.16));
#4683=CARTESIAN_POINT('',(0.532171617646684,0.00339023955461271,-0.16));
#4684=CARTESIAN_POINT('',(0.534686388136388,0.00332961892509367,-0.16));
#4685=CARTESIAN_POINT('',(0.537200887092063,0.00325822860756553,-0.16));
#4686=CARTESIAN_POINT('',(0.532171617646684,9.79717439317883E-18,-0.16));
#4687=CARTESIAN_POINT('',(0.534686388136388,1.10982170001614E-17,-0.16));
#4688=CARTESIAN_POINT('',(0.537200887092063,8.92981265519042E-18,-0.16));
#4689=CARTESIAN_POINT('',(0.539715095309244,0.00317763131846865,-0.16));
#4690=CARTESIAN_POINT('',(0.544743511743605,0.00301643674027488,-0.16));
#4691=CARTESIAN_POINT('',(0.54977074987597,0.00281975584646329,-0.16));
#4692=CARTESIAN_POINT('',(0.539715095309244,9.58033395868172E-18,-0.16));
#4693=CARTESIAN_POINT('',(0.544743511743605,1.06645361311672E-17,-0.16));
#4694=CARTESIAN_POINT('',(0.54977074987597,8.92981265519042E-18,-0.16));
#4695=CARTESIAN_POINT('',(0.554796828472497,0.00259745297798924,-0.16));
#4696=CARTESIAN_POINT('',(0.559822907069025,0.0023751501095152,-0.16));
#4697=CARTESIAN_POINT('',(0.564847838827164,0.00212716541866198,-0.16));
#4698=CARTESIAN_POINT('',(0.554796828472497,1.06645361311672E-17,-0.16));
#4699=CARTESIAN_POINT('',(0.559822907069025,1.2399259607144E-17,-0.16));
#4700=CARTESIAN_POINT('',(0.564847838827164,1.17487383036527E-17,-0.16));
#4701=CARTESIAN_POINT('',(0.56987165063954,0.00185845572515394,-0.16));
#4702=CARTESIAN_POINT('',(0.574895462451917,0.00158974603164591,-0.16));
#4703=CARTESIAN_POINT('',(0.579918161387353,0.00130028390680005,-0.16));
#4704=CARTESIAN_POINT('',(0.56987165063954,1.09897967829129E-17,-0.16));
#4705=CARTESIAN_POINT('',(0.574895462451917,1.04476956966701E-17,-0.16));
#4706=CARTESIAN_POINT('',(0.579918161387353,9.68875417593028E-18,-0.16));
#4707=CARTESIAN_POINT('',(0.584939630321376,0.000990873550382366,-0.16));
#4708=CARTESIAN_POINT('',(0.589961099255399,0.000681463193964679,-0.16));
#4709=CARTESIAN_POINT('',(0.59498134303945,0.000352083655278728,-0.16));
#4710=CARTESIAN_POINT('',(0.6,9.79717439317883E-18,-0.16));
#4711=CARTESIAN_POINT('',(0.584939630321376,1.04476956966701E-17,-0.16));
#4712=CARTESIAN_POINT('',(0.589961099255399,1.08813765656643E-17,-0.16));
#4713=CARTESIAN_POINT('',(0.59498134303945,-1.77957708965773E-17,-0.16));
#4714=CARTESIAN_POINT('',(0.6,9.79717439317883E-18,-0.16));
#4715=GEOMETRIC_SET('BBGWXYXYDA, Fin_Bottom, 0',(#3653,#3830,#4007,#4184,#4361,#4538));
#4716=GEOMETRICALLY_BOUNDED_SURFACE_SHAPE_REPRESENTATION('',(#4715),#15);
#4717=SHAPE_REPRESENTATION_RELATIONSHIP('','',#29,#4716);
#4718=B_SPLINE_SURFACE_WITH_KNOTS('Surf_VSZOEASDHU, Pod_Right, 0, 0',3,3,((#4719, #4720, #4721, #4728, #4729, #4730, #4731),(#4722, #4723, #4724, #4732, #4733, #4734, #4735),(#4725, #4726, #4727, #4736, #4737, #4738, #4739),(#4740, #4741, #4742, #4752, #4753, #4754, #4755),(#4743, #4744, #4745, #4756, #4757, #4758, #4759),(#4746, #4747, #4748, #4760, #4761, #4762, #4763),(#4749, #4750, #4751, #4764, #4765, #4766, #4767)),.UNSPECIFIED.,.F.,.F.,.F.,(4,3,4),(4,3,4),(0.,1.,2.),(0.,1.,2.),.PIECEWISE_BEZIER_KNOTS.);
#4719=CARTESIAN_POINT('',(0.48,0.16,-0.009));
#4720=CARTESIAN_POINT('',(0.48,0.162483617610221,-0.009));
#4721=CARTESIAN_POINT('',(0.48,0.164733617610221,-0.0079918088051104));
#4722=CARTESIAN_POINT('',(0.485536808647588,0.16,-0.0145368086475875));
#4723=CARTESIAN_POINT('',(0.485536808647588,0.163929853483903,-0.0145368086475875));
#4724=CARTESIAN_POINT('',(0.485536808647588,0.167626089357586,-0.0129295669394281));
#4725=CARTESIAN_POINT('',(0.5,0.16,-0.018));
#4726=CARTESIAN_POINT('',(0.5,0.164967235220442,-0.018));
#4727=CARTESIAN_POINT('',(0.5,0.169467235220442,-0.0159836176102208));
#4728=CARTESIAN_POINT('',(0.48,0.166362713207666,-0.0063627132076656));
#4729=CARTESIAN_POINT('',(0.48,0.16799180880511,-0.0047336176102208));
#4730=CARTESIAN_POINT('',(0.48,0.169,-0.0024836176102208));
#4731=CARTESIAN_POINT('',(0.48,0.169,0.));
#4732=CARTESIAN_POINT('',(0.485536808647588,0.170277828148507,-0.0102778281485071));
#4733=CARTESIAN_POINT('',(0.485536808647588,0.172929566939428,-0.00762608935758602));
#4734=CARTESIAN_POINT('',(0.485536808647588,0.174536808647588,-0.00392985348390341));
#4735=CARTESIAN_POINT('',(0.485536808647588,0.174536808647588,-2.89120579329468E-19));
#4736=CARTESIAN_POINT('',(0.5,0.172725426415331,-0.0127254264153312));
#4737=CARTESIAN_POINT('',(0.5,0.175983617610221,-0.0094672352204416));
#4738=CARTESIAN_POINT('',(0.5,0.178,-0.0049672352204416));
#4739=CARTESIAN_POINT('',(0.5,0.178,0.));
#4740=CARTESIAN_POINT('',(0.51,0.16,-0.018));
#4741=CARTESIAN_POINT('',(0.51,0.164967235220442,-0.018));
#4742=CARTESIAN_POINT('',(0.51,0.169467235220442,-0.0159836176102208));
#4743=CARTESIAN_POINT('',(0.52,0.16,-0.018));
#4744=CARTESIAN_POINT('',(0.52,0.164967235220442,-0.018));
#4745=CARTESIAN_POINT('',(0.52,0.169467235220442,-0.0159836176102208));
#4746=CARTESIAN_POINT('',(0.53,0.16,-0.018));
#4747=CARTESIAN_POINT('',(0.53,0.164967235220442,-0.018));
#4748=CARTESIAN_POINT('',(0.53,0.169467235220442,-0.0159836176102208));
#4749=CARTESIAN_POINT('',(0.54,0.16,-0.018));
#4750=CARTESIAN_POINT('',(0.54,0.164967235220442,-0.018));
#4751=CARTESIAN_POINT('',(0.54,0.169467235220442,-0.0159836176102208));
#4752=CARTESIAN_POINT('',(0.51,0.172725426415331,-0.0127254264153312));
#4753=CARTESIAN_POINT('',(0.51,0.175983617610221,-0.0094672352204416));
#4754=CARTESIAN_POINT('',(0.51,0.178,-0.0049672352204416));
#4755=CARTESIAN_POINT('',(0.51,0.178,0.));
#4756=CARTESIAN_POINT('',(0.52,0.172725426415331,-0.0127254264153312));
#4757=CARTESIAN_POINT('',(0.52,0.175983617610221,-0.0094672352204416));
#4758=CARTESIAN_POINT('',(0.52,0.178,-0.0049672352204416));
#4759=CARTESIAN_POINT('',(0.52,0.178,0.));
#4760=CARTESIAN_POINT('',(0.53,0.172725426415331,-0.0127254264153312));
#4761=CARTESIAN_POINT('',(0.53,0.175983617610221,-0.0094672352204416));
#4762=CARTESIAN_POINT('',(0.53,0.178,-0.0049672352204416));
#4763=CARTESIAN_POINT('',(0.53,0.178,0.));
#4764=CARTESIAN_POINT('',(0.54,0.172725426415331,-0.0127254264153312));
#4765=CARTESIAN_POINT('',(0.54,0.175983617610221,-0.0094672352204416));
#4766=CARTESIAN_POINT('',(0.54,0.178,-0.0049672352204416));
#4767=CARTESIAN_POINT('',(0.54,0.178,0.));
#4768=B_SPLINE_SURFACE_WITH_KNOTS('Surf_VSZOEASDHU, Pod_Right, 0, 1',3,3,((#4769, #4770, #4771, #4778, #4779, #4780, #4781),(#4772, #4773, #4774, #4782, #4783, #4784, #4785),(#4775, #4776, #4777, #4786, #4787, #4788, #4789),(#4790, #4791, #4792, #4802, #4803, #4804, #4805),(#4793, #4794, #4795, #4806, #4807, #4808, #4809),(#4796, #4797, #4798, #4810, #4811, #4812, #4813),(#4799, #4800, #4801, #4814, #4815, #4816, #4817)),.UNSPECIFIED.,.F.,.F.,.F.,(4,3,4),(4,3,4),(0.,1.,2.),(0.,1.,2.),.PIECEWISE_BEZIER_KNOTS.);
#4769=CARTESIAN_POINT('',(0.48,0.151,6.41976648129079E-35));
#4770=CARTESIAN_POINT('',(0.48,0.151,-0.0024836176102208));
#4771=CARTESIAN_POINT('',(0.48,0.15200819119489,-0.0047336176102208));
#4772=CARTESIAN_POINT('',(0.485536808647588,0.145463191352412,-5.41160824897811E-19));
#4773=CARTESIAN_POINT('',(0.485536808647588,0.145463191352412,-0.00392985348390341));
#4774=CARTESIAN_POINT('',(0.485536808647588,0.147070433060572,-0.00762608935758602));
#4775=CARTESIAN_POINT('',(0.5,0.142,0.));
#4776=CARTESIAN_POINT('',(0.5,0.142,-0.0049672352204416));
#4777=CARTESIAN_POINT('',(0.5,0.144016382389779,-0.0094672352204416));
#4778=CARTESIAN_POINT('',(0.48,0.153637286792334,-0.0063627132076656));
#4779=CARTESIAN_POINT('',(0.48,0.155266382389779,-0.0079918088051104));
#4780=CARTESIAN_POINT('',(0.48,0.157516382389779,-0.009));
#4781=CARTESIAN_POINT('',(0.48,0.16,-0.009));
#4782=CARTESIAN_POINT('',(0.485536808647588,0.149722171851493,-0.0102778281485071));
#4783=CARTESIAN_POINT('',(0.485536808647588,0.152373910642414,-0.0129295669394281));
#4784=CARTESIAN_POINT('',(0.485536808647588,0.156070146516097,-0.0145368086475875));
#4785=CARTESIAN_POINT('',(0.485536808647588,0.16,-0.0145368086475875));
#4786=CARTESIAN_POINT('',(0.5,0.147274573584669,-0.0127254264153312));
#4787=CARTESIAN_POINT('',(0.5,0.150532764779558,-0.0159836176102208));
#4788=CARTESIAN_POINT('',(0.5,0.155032764779558,-0.018));
#4789=CARTESIAN_POINT('',(0.5,0.16,-0.018));
#4790=CARTESIAN_POINT('',(0.51,0.142,0.));
#4791=CARTESIAN_POINT('',(0.51,0.142,-0.0049672352204416));
#4792=CARTESIAN_POINT('',(0.51,0.144016382389779,-0.0094672352204416));
#4793=CARTESIAN_POINT('',(0.52,0.142,0.));
#4794=CARTESIAN_POINT('',(0.52,0.142,-0.0049672352204416));
#4795=CARTESIAN_POINT('',(0.52,0.144016382389779,-0.0094672352204416));
#4796=CARTESIAN_POINT('',(0.53,0.142,0.));
#4797=CARTESIAN_POINT('',(0.53,0.142,-0.0049672352204416));
#4798=CARTESIAN_POINT('',(0.53,0.144016382389779,-0.0094672352204416));
#4799=CARTESIAN_POINT('',(0.54,0.142,0.));
#4800=CARTESIAN_POINT('',(0.54,0.142,-0.0049672352204416));
#4801=CARTESIAN_POINT('',(0.54,0.144016382389779,-0.0094672352204416));
#4802=CARTESIAN_POINT('',(0.51,0.147274573584669,-0.0127254264153312));
#4803=CARTESIAN_POINT('',(0.51,0.150532764779558,-0.0159836176102208));
#4804=CARTESIAN_POINT('',(0.51,0.155032764779558,-0.018));
#4805=CARTESIAN_POINT('',(0.51,0.16,-0.018));
#4806=CARTESIAN_POINT('',(0.52,0.147274573584669,-0.0127254264153312));
#4807=CARTESIAN_POINT('',(0.52,0.150532764779558,-0.0159836176102208));
#4808=CARTESIAN_POINT('',(0.52,0.155032764779558,-0.018));
#4809=CARTESIAN_POINT('',(0.52,0.16,-0.018));
#4810=CARTESIAN_POINT('',(0.53,0.147274573584669,-0.0127254264153312));
#4811=CARTESIAN_POINT('',(0.53,0.150532764779558,-0.0159836176102208));
#4812=CARTESIAN_POINT('',(0.53,0.155032764779558,-0.018));
#4813=CARTESIAN_POINT('',(0.53,0.16,-0.018));
#4814=CARTESIAN_POINT('',(0.54,0.147274573584669,-0.0127254264153312));
#4815=CARTESIAN_POINT('',(0.54,0.150532764779558,-0.0159836176102208));
#4816=CARTESIAN_POINT('',(0.54,0.155032764779558,-0.018));
#4817=CARTESIAN_POINT('',(0.54,0.16,-0.018));
#4818=B_SPLINE_SURFACE_WITH_KNOTS('Surf_VSZOEASDHU, Pod_Right, 0, 2',3,3,((#4819, #4820, #4821, #4828, #4829, #4830, #4831),(#4822, #4823, #4824, #4832, #4833, #4834, #4835),(#4825, #4826, #4827, #4836, #4837, #4838, #4839),(#4840, #4841, #4842, #4852, #4853, #4854, #4855),(#4843, #4844, #4845, #4856, #4857, #4858, #4859),(#4846, #4847, #4848, #4860, #4861, #4862, #4863),(#4849, #4850, #4851, #4864, #4865, #4866, #4867)),.UNSPECIFIED.,.F.,.F.,.F.,(4,3,4),(4,3,4),(0.,1.,2.),(0.,1.,2.),.PIECEWISE_BEZIER_KNOTS.);
#4819=CARTESIAN_POINT('',(0.48,0.16,0.009));
#4820=CARTESIAN_POINT('',(0.48,0.157516382389779,0.009));
#4821=CARTESIAN_POINT('',(0.48,0.155266382389779,0.0079918088051104));
#4822=CARTESIAN_POINT('',(0.485536808647588,0.16,0.0145368086475875));
#4823=CARTESIAN_POINT('',(0.485536808647588,0.156070146516097,0.0145368086475875));
#4824=CARTESIAN_POINT('',(0.485536808647588,0.152373910642414,0.0129295669394281));
#4825=CARTESIAN_POINT('',(0.5,0.16,0.018));
#4826=CARTESIAN_POINT('',(0.5,0.155032764779558,0.018));
#4827=CARTESIAN_POINT('',(0.5,0.150532764779558,0.0159836176102208));
#4828=CARTESIAN_POINT('',(0.48,0.153637286792334,0.0063627132076656));
#4829=CARTESIAN_POINT('',(0.48,0.15200819119489,0.0047336176102208));
#4830=CARTESIAN_POINT('',(0.48,0.151,0.0024836176102208));
#4831=CARTESIAN_POINT('',(0.48,0.151,6.41976648129079E-35));
#4832=CARTESIAN_POINT('',(0.485536808647588,0.149722171851493,0.0102778281485071));
#4833=CARTESIAN_POINT('',(0.485536808647588,0.147070433060572,0.00762608935758602));
#4834=CARTESIAN_POINT('',(0.485536808647588,0.145463191352412,0.00392985348390341));
#4835=CARTESIAN_POINT('',(0.485536808647588,0.145463191352412,-5.41160824897811E-19));
#4836=CARTESIAN_POINT('',(0.5,0.147274573584669,0.0127254264153312));
#4837=CARTESIAN_POINT('',(0.5,0.144016382389779,0.0094672352204416));
#4838=CARTESIAN_POINT('',(0.5,0.142,0.0049672352204416));
#4839=CARTESIAN_POINT('',(0.5,0.142,0.));
#4840=CARTESIAN_POINT('',(0.51,0.16,0.018));
#4841=CARTESIAN_POINT('',(0.51,0.155032764779558,0.018));
#4842=CARTESIAN_POINT('',(0.51,0.150532764779558,0.0159836176102208));
#4843=CARTESIAN_POINT('',(0.52,0.16,0.018));
#4844=CARTESIAN_POINT('',(0.52,0.155032764779558,0.018));
#4845=CARTESIAN_POINT('',(0.52,0.150532764779558,0.0159836176102208));
#4846=CARTESIAN_POINT('',(0.53,0.16,0.018));
#4847=CARTESIAN_POINT('',(0.53,0.155032764779558,0.018));
#4848=CARTESIAN_POINT('',(0.53,0.150532764779558,0.0159836176102208));
#4849=CARTESIAN_POINT('',(0.54,0.16,0.018));
#4850=CARTESIAN_POINT('',(0.54,0.155032764779558,0.018));
#4851=CARTESIAN_POINT('',(0.54,0.150532764779558,0.0159836176102208));
#4852=CARTESIAN_POINT('',(0.51,0.147274573584669,0.0127254264153312));
#4853=CARTESIAN_POINT('',(0.51,0.144016382389779,0.0094672352204416));
#4854=CARTESIAN_POINT('',(0.51,0.142,0.0049672352204416));
#4855=CARTESIAN_POINT('',(0.51,0.142,0.));
#4856=CARTESIAN_POINT('',(0.52,0.147274573584669,0.0127254264153312));
#4857=CARTESIAN_POINT('',(0.52,0.144016382389779,0.0094672352204416));
#4858=CARTESIAN_POINT('',(0.52,0.142,0.0049672352204416));
#4859=CARTESIAN_POINT('',(0.52,0.142,0.));
#4860=CARTESIAN_POINT('',(0.53,0.147274573584669,0.0127254264153312));
#4861=CARTESIAN_POINT('',(0.53,0.144016382389779,0.0094672352204416));
#4862=CARTESIAN_POINT('',(0.53,0.142,0.0049672352204416));
#4863=CARTESIAN_POINT('',(0.53,0.142,0.));
#4864=CARTESIAN_POINT('',(0.54,0.147274573584669,0.0127254264153312));
#4865=CARTESIAN_POINT('',(0.54,0.144016382389779,0.0094672352204416));
#4866=CARTESIAN_POINT('',(0.54,0.142,0.0049672352204416));
#4867=CARTESIAN_POINT('',(0.54,0.142,0.));
#4868=B_SPLINE_SURFACE_WITH_KNOTS('Surf_VSZOEASDHU, Pod_Right, 0, 3',3,3,((#4869, #4870, #4871, #4878, #4879, #4880, #4881),(#4872, #4873, #4874, #4882, #4883, #4884, #4885),(#4875, #4876, #4877, #4886, #4887, #4888, #4889),(#4890, #4891, #4892, #4902, #4903, #4904, #4905),(#4893, #4894, #4895, #4906, #4907, #4908, #4909),(#4896, #4897, #4898, #4910, #4911, #4912, #4913),(#4899, #4900, #4901, #4914, #4915, #4916, #4917)),.UNSPECIFIED.,.F.,.F.,.F.,(4,3,4),(4,3,4),(0.,1.,2.),(0.,1.,2.),.PIECEWISE_BEZIER_KNOTS.);
#4869=CARTESIAN_POINT('',(0.48,0.169,0.));
#4870=CARTESIAN_POINT('',(0.48,0.169,0.0024836176102208));
#4871=CARTESIAN_POINT('',(0.48,0.16799180880511,0.0047336176102208));
#4872=CARTESIAN_POINT('',(0.485536808647588,0.174536808647588,0.));
#4873=CARTESIAN_POINT('',(0.485536808647588,0.174536808647588,0.00392985348390341));
#4874=CARTESIAN_POINT('',(0.485536808647588,0.172929566939428,0.00762608935758602));
#4875=CARTESIAN_POINT('',(0.5,0.178,0.));
#4876=CARTESIAN_POINT('',(0.5,0.178,0.0049672352204416));
#4877=CARTESIAN_POINT('',(0.5,0.175983617610221,0.0094672352204416));
#4878=CARTESIAN_POINT('',(0.48,0.166362713207666,0.0063627132076656));
#4879=CARTESIAN_POINT('',(0.48,0.164733617610221,0.0079918088051104));
#4880=CARTESIAN_POINT('',(0.48,0.162483617610221,0.009));
#4881=CARTESIAN_POINT('',(0.48,0.16,0.009));
#4882=CARTESIAN_POINT('',(0.485536808647588,0.170277828148507,0.0102778281485071));
#4883=CARTESIAN_POINT('',(0.485536808647588,0.167626089357586,0.0129295669394281));
#4884=CARTESIAN_POINT('',(0.485536808647588,0.163929853483903,0.0145368086475875));
#4885=CARTESIAN_POINT('',(0.485536808647588,0.16,0.0145368086475875));
#4886=CARTESIAN_POINT('',(0.5,0.172725426415331,0.0127254264153312));
#4887=CARTESIAN_POINT('',(0.5,0.169467235220442,0.0159836176102208));
#4888=CARTESIAN_POINT('',(0.5,0.164967235220442,0.018));
#4889=CARTESIAN_POINT('',(0.5,0.16,0.018));
#4890=CARTESIAN_POINT('',(0.51,0.178,0.));
#4891=CARTESIAN_POINT('',(0.51,0.178,0.0049672352204416));
#4892=CARTESIAN_POINT('',(0.51,0.175983617610221,0.0094672352204416));
#4893=CARTESIAN_POINT('',(0.52,0.178,0.));
#4894=CARTESIAN_POINT('',(0.52,0.178,0.0049672352204416));
#4895=CARTESIAN_POINT('',(0.52,0.175983617610221,0.0094672352204416));
#4896=CARTESIAN_POINT('',(0.53,0.178,0.));
#4897=CARTESIAN_POINT('',(0.53,0.178,0.0049672352204416));
#4898=CARTESIAN_POINT('',(0.53,0.175983617610221,0.0094672352204416));
#4899=CARTESIAN_POINT('',(0.54,0.178,0.));
#4900=CARTESIAN_POINT('',(0.54,0.178,0.0049672352204416));
#4901=CARTESIAN_POINT('',(0.54,0.175983617610221,0.0094672352204416));
#4902=CARTESIAN_POINT('',(0.51,0.172725426415331,0.0127254264153312));
#4903=CARTESIAN_POINT('',(0.51,0.169467235220442,0.0159836176102208));
#4904=CARTESIAN_POINT('',(0.51,0.164967235220442,0.018));
#4905=CARTESIAN_POINT('',(0.51,0.16,0.018));
#4906=CARTESIAN_POINT('',(0.52,0.172725426415331,0.0127254264153312));
#4907=CARTESIAN_POINT('',(0.52,0.169467235220442,0.0159836176102208));
#4908=CARTESIAN_POINT('',(0.52,0.164967235220442,0.018));
#4909=CARTESIAN_POINT('',(0.52,0.16,0.018));
#4910=CARTESIAN_POINT('',(0.53,0.172725426415331,0.0127254264153312));
#4911=CARTESIAN_POINT('',(0.53,0.169467235220442,0.0159836176102208));
#4912=CARTESIAN_POINT('',(0.53,0.164967235220442,0.018));
#4913=CARTESIAN_POINT('',(0.53,0.16,0.018));
#4914=CARTESIAN_POINT('',(0.54,0.172725426415331,0.0127254264153312));
#4915=CARTESIAN_POINT('',(0.54,0.169467235220442,0.0159836176102208));
#4916=CARTESIAN_POINT('',(0.54,0.164967235220442,0.018));
#4917=CARTESIAN_POINT('',(0.54,0.16,0.018));
#4918=B_SPLINE_SURFACE_WITH_KNOTS('Surf_VSZOEASDHU, Pod_Right, 0, 4',3,3,((#4919, #4920, #4921, #4928, #4929, #4930, #4931),(#4922, #4923, #4924, #4932, #4933, #4934, #4935),(#4925, #4926, #4927, #4936, #4937, #4938, #4939),(#4940, #4941, #4942, #4952, #4953, #4954, #4955),(#4943, #4944, #4945, #4956, #4957, #4958, #4959),(#4946, #4947, #4948, #4960, #4961, #4962, #4963),(#4949, #4950, #4951, #4964, #4965, #4966, #4967)),.UNSPECIFIED.,.F.,.F.,.F.,(4,3,4),(4,3,4),(0.,1.,2.),(0.,1.,2.),.PIECEWISE_BEZIER_KNOTS.);
#4919=CARTESIAN_POINT('',(0.54,0.16,-0.018));
#4920=CARTESIAN_POINT('',(0.54,0.164967235220442,-0.018));
#4921=CARTESIAN_POINT('',(0.54,0.169467235220442,-0.0159836176102208));
#4922=CARTESIAN_POINT('',(0.55,0.16,-0.018));
#4923=CARTESIAN_POINT('',(0.55,0.164967235220442,-0.018));
#4924=CARTESIAN_POINT('',(0.55,0.169467235220442,-0.0159836176102208));
#4925=CARTESIAN_POINT('',(0.56,0.16,-0.018));
#4926=CARTESIAN_POINT('',(0.56,0.164967235220442,-0.018));
#4927=CARTESIAN_POINT('',(0.56,0.169467235220442,-0.0159836176102208));
#4928=CARTESIAN_POINT('',(0.54,0.172725426415331,-0.0127254264153312));
#4929=CARTESIAN_POINT('',(0.54,0.175983617610221,-0.0094672352204416));
#4930=CARTESIAN_POINT('',(0.54,0.178,-0.0049672352204416));
#4931=CARTESIAN_POINT('',(0.54,0.178,0.));
#4932=CARTESIAN_POINT('',(0.55,0.172725426415331,-0.0127254264153312));
#4933=CARTESIAN_POINT('',(0.55,0.175983617610221,-0.0094672352204416));
#4934=CARTESIAN_POINT('',(0.55,0.178,-0.0049672352204416));
#4935=CARTESIAN_POINT('',(0.55,0.178,0.));
#4936=CARTESIAN_POINT('',(0.56,0.172725426415331,-0.0127254264153312));
#4937=CARTESIAN_POINT('',(0.56,0.175983617610221,-0.0094672352204416));
#4938=CARTESIAN_POINT('',(0.56,0.178,-0.0049672352204416));
#4939=CARTESIAN_POINT('',(0.56,0.178,0.));
#4940=CARTESIAN_POINT('',(0.57,0.16,-0.018));
#4941=CARTESIAN_POINT('',(0.57,0.164967235220442,-0.018));
#4942=CARTESIAN_POINT('',(0.57,0.169467235220442,-0.0159836176102208));
#4943=CARTESIAN_POINT('',(0.58,0.16,-0.018));
#4944=CARTESIAN_POINT('',(0.58,0.164967235220442,-0.018));
#4945=CARTESIAN_POINT('',(0.58,0.169467235220442,-0.0159836176102208));
#4946=CARTESIAN_POINT('',(0.594463191352412,0.16,-0.0145368086475875));
#4947=CARTESIAN_POINT('',(0.594463191352412,0.163929853483903,-0.0145368086475875));
#4948=CARTESIAN_POINT('',(0.594463191352412,0.167626089357586,-0.0129295669394281));
#4949=CARTESIAN_POINT('',(0.6,0.16,-0.009));
#4950=CARTESIAN_POINT('',(0.6,0.162483617610221,-0.009));
#4951=CARTESIAN_POINT('',(0.6,0.164733617610221,-0.0079918088051104));
#4952=CARTESIAN_POINT('',(0.57,0.172725426415331,-0.0127254264153312));
#4953=CARTESIAN_POINT('',(0.57,0.175983617610221,-0.0094672352204416));
#4954=CARTESIAN_POINT('',(0.57,0.178,-0.0049672352204416));
#4955=CARTESIAN_POINT('',(0.57,0.178,0.));
#4956=CARTESIAN_POINT('',(0.58,0.172725426415331,-0.0127254264153312));
#4957=CARTESIAN_POINT('',(0.58,0.175983617610221,-0.0094672352204416));
#4958=CARTESIAN_POINT('',(0.58,0.178,-0.0049672352204416));
#4959=CARTESIAN_POINT('',(0.58,0.178,0.));
#4960=CARTESIAN_POINT('',(0.594463191352412,0.170277828148507,-0.0102778281485071));
#4961=CARTESIAN_POINT('',(0.594463191352412,0.172929566939428,-0.00762608935758602));
#4962=CARTESIAN_POINT('',(0.594463191352412,0.174536808647588,-0.00392985348390341));
#4963=CARTESIAN_POINT('',(0.594463191352412,0.174536808647588,-2.89120579329468E-19));
#4964=CARTESIAN_POINT('',(0.6,0.166362713207666,-0.0063627132076656));
#4965=CARTESIAN_POINT('',(0.6,0.16799180880511,-0.0047336176102208));
#4966=CARTESIAN_POINT('',(0.6,0.169,-0.0024836176102208));
#4967=CARTESIAN_POINT('',(0.6,0.169,0.));
#4968=B_SPLINE_SURFACE_WITH_KNOTS('Surf_VSZOEASDHU, Pod_Right, 0, 5',3,3,((#4969, #4970, #4971, #4978, #4979, #4980, #4981),(#4972, #4973, #4974, #4982, #4983, #4984, #4985),(#4975, #4976, #4977, #4986, #4987, #4988, #4989),(#4990, #4991, #4992, #5002, #5003, #5004, #5005),(#4993, #4994, #4995, #5006, #5007, #5008, #5009),(#4996, #4997, #4998, #5010, #5011, #5012, #5013),(#4999, #5000, #5001, #5014, #5015, #5016, #5017)),.UNSPECIFIED.,.F.,.F.,.F.,(4,3,4),(4,3,4),(0.,1.,2.),(0.,1.,2.),.PIECEWISE_BEZIER_KNOTS.);
#4969=CARTESIAN_POINT('',(0.54,0.142,0.));
#4970=CARTESIAN_POINT('',(0.54,0.142,-0.0049672352204416));
#4971=CARTESIAN_POINT('',(0.54,0.144016382389779,-0.0094672352204416));
#4972=CARTESIAN_POINT('',(0.55,0.142,0.));
#4973=CARTESIAN_POINT('',(0.55,0.142,-0.0049672352204416));
#4974=CARTESIAN_POINT('',(0.55,0.144016382389779,-0.0094672352204416));
#4975=CARTESIAN_POINT('',(0.56,0.142,0.));
#4976=CARTESIAN_POINT('',(0.56,0.142,-0.0049672352204416));
#4977=CARTESIAN_POINT('',(0.56,0.144016382389779,-0.0094672352204416));
#4978=CARTESIAN_POINT('',(0.54,0.147274573584669,-0.0127254264153312));
#4979=CARTESIAN_POINT('',(0.54,0.150532764779558,-0.0159836176102208));
#4980=CARTESIAN_POINT('',(0.54,0.155032764779558,-0.018));
#4981=CARTESIAN_POINT('',(0.54,0.16,-0.018));
#4982=CARTESIAN_POINT('',(0.55,0.147274573584669,-0.0127254264153312));
#4983=CARTESIAN_POINT('',(0.55,0.150532764779558,-0.0159836176102208));
#4984=CARTESIAN_POINT('',(0.55,0.155032764779558,-0.018));
#4985=CARTESIAN_POINT('',(0.55,0.16,-0.018));
#4986=CARTESIAN_POINT('',(0.56,0.147274573584669,-0.0127254264153312));
#4987=CARTESIAN_POINT('',(0.56,0.150532764779558,-0.0159836176102208));
#4988=CARTESIAN_POINT('',(0.56,0.155032764779558,-0.018));
#4989=CARTESIAN_POINT('',(0.56,0.16,-0.018));
#4990=CARTESIAN_POINT('',(0.57,0.142,0.));
#4991=CARTESIAN_POINT('',(0.57,0.142,-0.0049672352204416));
#4992=CARTESIAN_POINT('',(0.57,0.144016382389779,-0.0094672352204416));
#4993=CARTESIAN_POINT('',(0.58,0.142,0.));
#4994=CARTESIAN_POINT('',(0.58,0.142,-0.0049672352204416));
#4995=CARTESIAN_POINT('',(0.58,0.144016382389779,-0.0094672352204416));
#4996=CARTESIAN_POINT('',(0.594463191352412,0.145463191352412,-5.41160824897811E-19));
#4997=CARTESIAN_POINT('',(0.594463191352412,0.145463191352412,-0.00392985348390341));
#4998=CARTESIAN_POINT('',(0.594463191352412,0.147070433060572,-0.00762608935758603));
#4999=CARTESIAN_POINT('',(0.6,0.151,0.));
#5000=CARTESIAN_POINT('',(0.6,0.151,-0.0024836176102208));
#5001=CARTESIAN_POINT('',(0.6,0.15200819119489,-0.0047336176102208));
#5002=CARTESIAN_POINT('',(0.57,0.147274573584669,-0.0127254264153312));
#5003=CARTESIAN_POINT('',(0.57,0.150532764779558,-0.0159836176102208));
#5004=CARTESIAN_POINT('',(0.57,0.155032764779558,-0.018));
#5005=CARTESIAN_POINT('',(0.57,0.16,-0.018));
#5006=CARTESIAN_POINT('',(0.58,0.147274573584669,-0.0127254264153312));
#5007=CARTESIAN_POINT('',(0.58,0.150532764779558,-0.0159836176102208));
#5008=CARTESIAN_POINT('',(0.58,0.155032764779558,-0.018));
#5009=CARTESIAN_POINT('',(0.58,0.16,-0.018));
#5010=CARTESIAN_POINT('',(0.594463191352412,0.149722171851493,-0.0102778281485071));
#5011=CARTESIAN_POINT('',(0.594463191352412,0.152373910642414,-0.0129295669394281));
#5012=CARTESIAN_POINT('',(0.594463191352412,0.156070146516097,-0.0145368086475875));
#5013=CARTESIAN_POINT('',(0.594463191352412,0.16,-0.0145368086475875));
#5014=CARTESIAN_POINT('',(0.6,0.153637286792334,-0.0063627132076656));
#5015=CARTESIAN_POINT('',(0.6,0.155266382389779,-0.0079918088051104));
#5016=CARTESIAN_POINT('',(0.6,0.157516382389779,-0.009));
#5017=CARTESIAN_POINT('',(0.6,0.16,-0.009));
#5018=B_SPLINE_SURFACE_WITH_KNOTS('Surf_VSZOEASDHU, Pod_Right, 0, 6',3,3,((#5019, #5020, #5021, #5028, #5029, #5030, #5031),(#5022, #5023, #5024, #5032, #5033, #5034, #5035),(#5025, #5026, #5027, #5036, #5037, #5038, #5039),(#5040, #5041, #5042, #5052, #5053, #5054, #5055),(#5043, #5044, #5045, #5056, #5057, #5058, #5059),(#5046, #5047, #5048, #5060, #5061, #5062, #5063),(#5049, #5050, #5051, #5064, #5065, #5066, #5067)),.UNSPECIFIED.,.F.,.F.,.F.,(4,3,4),(4,3,4),(0.,1.,2.),(0.,1.,2.),.PIECEWISE_BEZIER_KNOTS.);
#5019=CARTESIAN_POINT('',(0.54,0.16,0.018));
#5020=CARTESIAN_POINT('',(0.54,0.155032764779558,0.018));
#5021=CARTESIAN_POINT('',(0.54,0.150532764779558,0.0159836176102208));
#5022=CARTESIAN_POINT('',(0.55,0.16,0.018));
#5023=CARTESIAN_POINT('',(0.55,0.155032764779558,0.018));
#5024=CARTESIAN_POINT('',(0.55,0.150532764779558,0.0159836176102208));
#5025=CARTESIAN_POINT('',(0.56,0.16,0.018));
#5026=CARTESIAN_POINT('',(0.56,0.155032764779558,0.018));
#5027=CARTESIAN_POINT('',(0.56,0.150532764779558,0.0159836176102208));
#5028=CARTESIAN_POINT('',(0.54,0.147274573584669,0.0127254264153312));
#5029=CARTESIAN_POINT('',(0.54,0.144016382389779,0.0094672352204416));
#5030=CARTESIAN_POINT('',(0.54,0.142,0.0049672352204416));
#5031=CARTESIAN_POINT('',(0.54,0.142,0.));
#5032=CARTESIAN_POINT('',(0.55,0.147274573584669,0.0127254264153312));
#5033=CARTESIAN_POINT('',(0.55,0.144016382389779,0.0094672352204416));
#5034=CARTESIAN_POINT('',(0.55,0.142,0.0049672352204416));
#5035=CARTESIAN_POINT('',(0.55,0.142,0.));
#5036=CARTESIAN_POINT('',(0.56,0.147274573584669,0.0127254264153312));
#5037=CARTESIAN_POINT('',(0.56,0.144016382389779,0.0094672352204416));
#5038=CARTESIAN_POINT('',(0.56,0.142,0.0049672352204416));
#5039=CARTESIAN_POINT('',(0.56,0.142,0.));
#5040=CARTESIAN_POINT('',(0.57,0.16,0.018));
#5041=CARTESIAN_POINT('',(0.57,0.155032764779558,0.018));
#5042=CARTESIAN_POINT('',(0.57,0.150532764779558,0.0159836176102208));
#5043=CARTESIAN_POINT('',(0.58,0.16,0.018));
#5044=CARTESIAN_POINT('',(0.58,0.155032764779558,0.018));
#5045=CARTESIAN_POINT('',(0.58,0.150532764779558,0.0159836176102208));
#5046=CARTESIAN_POINT('',(0.594463191352412,0.16,0.0145368086475875));
#5047=CARTESIAN_POINT('',(0.594463191352412,0.156070146516097,0.0145368086475875));
#5048=CARTESIAN_POINT('',(0.594463191352412,0.152373910642414,0.0129295669394281));
#5049=CARTESIAN_POINT('',(0.6,0.16,0.009));
#5050=CARTESIAN_POINT('',(0.6,0.157516382389779,0.009));
#5051=CARTESIAN_POINT('',(0.6,0.155266382389779,0.0079918088051104));
#5052=CARTESIAN_POINT('',(0.57,0.147274573584669,0.0127254264153312));
#5053=CARTESIAN_POINT('',(0.57,0.144016382389779,0.0094672352204416));
#5054=CARTESIAN_POINT('',(0.57,0.142,0.0049672352204416));
#5055=CARTESIAN_POINT('',(0.57,0.142,0.));
#5056=CARTESIAN_POINT('',(0.58,0.147274573584669,0.0127254264153312));
#5057=CARTESIAN_POINT('',(0.58,0.144016382389779,0.0094672352204416));
#5058=CARTESIAN_POINT('',(0.58,0.142,0.0049672352204416));
#5059=CARTESIAN_POINT('',(0.58,0.142,0.));
#5060=CARTESIAN_POINT('',(0.594463191352412,0.149722171851493,0.0102778281485071));
#5061=CARTESIAN_POINT('',(0.594463191352412,0.147070433060572,0.00762608935758603));
#5062=CARTESIAN_POINT('',(0.594463191352412,0.145463191352412,0.00392985348390341));
#5063=CARTESIAN_POINT('',(0.594463191352412,0.145463191352412,-5.41160824897811E-19));
#5064=CARTESIAN_POINT('',(0.6,0.153637286792334,0.0063627132076656));
#5065=CARTESIAN_POINT('',(0.6,0.15200819119489,0.0047336176102208));
#5066=CARTESIAN_POINT('',(0.6,0.151,0.0024836176102208));
#5067=CARTESIAN_POINT('',(0.6,0.151,0.));
#5068=B_SPLINE_SURFACE_WITH_KNOTS('Surf_VSZOEASDHU, Pod_Right, 0, 7',3,3,((#5069, #5070, #5071, #5078, #5079, #5080, #5081),(#5072, #5073, #5074, #5082, #5083, #5084, #5085),(#5075, #5076, #5077, #5086, #5087, #5088, #5089),(#5090, #5091, #5092, #5102, #5103, #5104, #5105),(#5093, #5094, #5095, #5106, #5107, #5108, #5109),(#5096, #5097, #5098, #5110, #5111, #5112, #5113),(#5099, #5100, #5101, #5114, #5115, #5116, #5117)),.UNSPECIFIED.,.F.,.F.,.F.,(4,3,4),(4,3,4),(0.,1.,2.),(0.,1.,2.),.PIECEWISE_BEZIER_KNOTS.);
#5069=CARTESIAN_POINT('',(0.54,0.178,0.));
#5070=CARTESIAN_POINT('',(0.54,0.178,0.0049672352204416));
#5071=CARTESIAN_POINT('',(0.54,0.175983617610221,0.0094672352204416));
#5072=CARTESIAN_POINT('',(0.55,0.178,0.));
#5073=CARTESIAN_POINT('',(0.55,0.178,0.0049672352204416));
#5074=CARTESIAN_POINT('',(0.55,0.175983617610221,0.0094672352204416));
#5075=CARTESIAN_POINT('',(0.56,0.178,0.));
#5076=CARTESIAN_POINT('',(0.56,0.178,0.0049672352204416));
#5077=CARTESIAN_POINT('',(0.56,0.175983617610221,0.0094672352204416));
#5078=CARTESIAN_POINT('',(0.54,0.172725426415331,0.0127254264153312));
#5079=CARTESIAN_POINT('',(0.54,0.169467235220442,0.0159836176102208));
#5080=CARTESIAN_POINT('',(0.54,0.164967235220442,0.018));
#5081=CARTESIAN_POINT('',(0.54,0.16,0.018));
#5082=CARTESIAN_POINT('',(0.55,0.172725426415331,0.0127254264153312));
#5083=CARTESIAN_POINT('',(0.55,0.169467235220442,0.0159836176102208));
#5084=CARTESIAN_POINT('',(0.55,0.164967235220442,0.018));
#5085=CARTESIAN_POINT('',(0.55,0.16,0.018));
#5086=CARTESIAN_POINT('',(0.56,0.172725426415331,0.0127254264153312));
#5087=CARTESIAN_POINT('',(0.56,0.169467235220442,0.0159836176102208));
#5088=CARTESIAN_POINT('',(0.56,0.164967235220442,0.018));
#5089=CARTESIAN_POINT('',(0.56,0.16,0.018));
#5090=CARTESIAN_POINT('',(0.57,0.178,0.));
#5091=CARTESIAN_POINT('',(0.57,0.178,0.0049672352204416));
#5092=CARTESIAN_POINT('',(0.57,0.175983617610221,0.0094672352204416));
#5093=CARTESIAN_POINT('',(0.58,0.178,0.));
#5094=CARTESIAN_POINT('',(0.58,0.178,0.0049672352204416));
#5095=CARTESIAN_POINT('',(0.58,0.175983617610221,0.0094672352204416));
#5096=CARTESIAN_POINT('',(0.594463191352412,0.174536808647588,0.));
#5097=CARTESIAN_POINT('',(0.594463191352412,0.174536808647588,0.00392985348390341));
#5098=CARTESIAN_POINT('',(0.594463191352412,0.172929566939428,0.00762608935758603));
#5099=CARTESIAN_POINT('',(0.6,0.169,0.));
#5100=CARTESIAN_POINT('',(0.6,0.169,0.0024836176102208));
#5101=CARTESIAN_POINT('',(0.6,0.16799180880511,0.0047336176102208));
#5102=CARTESIAN_POINT('',(0.57,0.172725426415331,0.0127254264153312));
#5103=CARTESIAN_POINT('',(0.57,0.169467235220442,0.0159836176102208));
#5104=CARTESIAN_POINT('',(0.57,0.164967235220442,0.018));
#5105=CARTESIAN_POINT('',(0.57,0.16,0.018));
#5106=CARTESIAN_POINT('',(0.58,0.172725426415331,0.0127254264153312));
#5107=CARTESIAN_POINT('',(0.58,0.169467235220442,0.0159836176102208));
#5108=CARTESIAN_POINT('',(0.58,0.164967235220442,0.018));
#5109=CARTESIAN_POINT('',(0.58,0.16,0.018));
#5110=CARTESIAN_POINT('',(0.594463191352412,0.170277828148507,0.0102778281485071));
#5111=CARTESIAN_POINT('',(0.594463191352412,0.167626089357586,0.0129295669394281));
#5112=CARTESIAN_POINT('',(0.594463191352412,0.163929853483903,0.0145368086475875));
#5113=CARTESIAN_POINT('',(0.594463191352412,0.16,0.0145368086475875));
#5114=CARTESIAN_POINT('',(0.6,0.166362713207666,0.0063627132076656));
#5115=CARTESIAN_POINT('',(0.6,0.164733617610221,0.0079918088051104));
#5116=CARTESIAN_POINT('',(0.6,0.162483617610221,0.009));
#5117=CARTESIAN_POINT('',(0.6,0.16,0.009));
#5118=GEOMETRIC_SET('VSZOEASDHU, Pod_Right, 0',(#4718,#4768,#4818,#4868,#4918,#4968,#5018,#5068));
#5119=GEOMETRICALLY_BOUNDED_SURFACE_SHAPE_REPRESENTATION('',(#5118),#15);
#5120=SHAPE_REPRESENTATION_RELATIONSHIP('','',#29,#5119);
#5121=B_SPLINE_SURFACE_WITH_KNOTS('Surf_XQRXTJZOGU, Pod_Left, 0, 0',3,3,((#5122, #5123, #5124, #5131, #5132, #5133, #5134),(#5125, #5126, #5127, #5135, #5136, #5137, #5138),(#5128, #5129, #5130, #5139, #5140, #5141, #5142),(#5143, #5144, #5145, #5155, #5156, #5157, #5158),(#5146, #5147, #5148, #5159, #5160, #5161, #5162),(#5149, #5150, #5151, #5163, #5164, #5165, #5166),(#5152, #5153, #5154, #5167, #5168, #5169, #5170)),.UNSPECIFIED.,.F.,.F.,.F.,(4,3,4),(4,3,4),(0.,1.,2.),(0.,1.,2.),.PIECEWISE_BEZIER_KNOTS.);
#5122=CARTESIAN_POINT('',(0.48,-0.16,-0.009));
#5123=CARTESIAN_POINT('',(0.48,-0.157516382389779,-0.009));
#5124=CARTESIAN_POINT('',(0.48,-0.155266382389779,-0.0079918088051104));
#5125=CARTESIAN_POINT('',(0.485536808647588,-0.16,-0.0145368086475875));
#5126=CARTESIAN_POINT('',(0.485536808647588,-0.156070146516097,-0.0145368086475875));
#5127=CARTESIAN_POINT('',(0.485536808647588,-0.152373910642414,-0.0129295669394281));
#5128=CARTESIAN_POINT('',(0.5,-0.16,-0.018));
#5129=CARTESIAN_POINT('',(0.5,-0.155032764779558,-0.018));
#5130=CARTESIAN_POINT('',(0.5,-0.150532764779558,-0.0159836176102208));
#5131=CARTESIAN_POINT('',(0.48,-0.153637286792334,-0.0063627132076656));
#5132=CARTESIAN_POINT('',(0.48,-0.15200819119489,-0.0047336176102208));
#5133=CARTESIAN_POINT('',(0.48,-0.151,-0.0024836176102208));
#5134=CARTESIAN_POINT('',(0.48,-0.151,0.));
#5135=CARTESIAN_POINT('',(0.485536808647588,-0.149722171851493,-0.0102778281485071));
#5136=CARTESIAN_POINT('',(0.485536808647588,-0.147070433060572,-0.00762608935758602));
#5137=CARTESIAN_POINT('',(0.485536808647588,-0.145463191352412,-0.00392985348390341));
#5138=CARTESIAN_POINT('',(0.485536808647588,-0.145463191352412,-2.89120579329468E-19));
#5139=CARTESIAN_POINT('',(0.5,-0.147274573584669,-0.0127254264153312));
#5140=CARTESIAN_POINT('',(0.5,-0.144016382389779,-0.0094672352204416));
#5141=CARTESIAN_POINT('',(0.5,-0.142,-0.0049672352204416));
#5142=CARTESIAN_POINT('',(0.5,-0.142,0.));
#5143=CARTESIAN_POINT('',(0.51,-0.16,-0.018));
#5144=CARTESIAN_POINT('',(0.51,-0.155032764779558,-0.018));
#5145=CARTESIAN_POINT('',(0.51,-0.150532764779558,-0.0159836176102208));
#5146=CARTESIAN_POINT('',(0.52,-0.16,-0.018));
#5147=CARTESIAN_POINT('',(0.52,-0.155032764779558,-0.018));
#5148=CARTESIAN_POINT('',(0.52,-0.150532764779558,-0.0159836176102208));
#5149=CARTESIAN_POINT('',(0.53,-0.16,-0.018));
#5150=CARTESIAN_POINT('',(0.53,-0.155032764779558,-0.018));
#5151=CARTESIAN_POINT('',(0.53,-0.150532764779558,-0.0159836176102208));
#5152=CARTESIAN_POINT('',(0.54,-0.16,-0.018));
#5153=CARTESIAN_POINT('',(0.54,-0.155032764779558,-0.018));
#5154=CARTESIAN_POINT('',(0.54,-0.150532764779558,-0.0159836176102208));
#5155=CARTESIAN_POINT('',(0.51,-0.147274573584669,-0.0127254264153312));
#5156=CARTESIAN_POINT('',(0.51,-0.144016382389779,-0.0094672352204416));
#5157=CARTESIAN_POINT('',(0.51,-0.142,-0.0049672352204416));
#5158=CARTESIAN_POINT('',(0.51,-0.142,0.));
#5159=CARTESIAN_POINT('',(0.52,-0.147274573584669,-0.0127254264153312));
#5160=CARTESIAN_POINT('',(0.52,-0.144016382389779,-0.0094672352204416));
#5161=CARTESIAN_POINT('',(0.52,-0.142,-0.0049672352204416));
#5162=CARTESIAN_POINT('',(0.52,-0.142,0.));
#5163=CARTESIAN_POINT('',(0.53,-0.147274573584669,-0.0127254264153312));
#5164=CARTESIAN_POINT('',(0.53,-0.144016382389779,-0.0094672352204416));
#5165=CARTESIAN_POINT('',(0.53,-0.142,-0.0049672352204416));
#5166=CARTESIAN_POINT('',(0.53,-0.142,0.));
#5167=CARTESIAN_POINT('',(0.54,-0.147274573584669,-0.0127254264153312));
#5168=CARTESIAN_POINT('',(0.54,-0.144016382389779,-0.0094672352204416));
#5169=CARTESIAN_POINT('',(0.54,-0.142,-0.0049672352204416));
#5170=CARTESIAN_POINT('',(0.54,-0.142,0.));
#5171=B_SPLINE_SURFACE_WITH_KNOTS('Surf_XQRXTJZOGU, Pod_Left, 0, 1',3,3,((#5172, #5173, #5174, #5181, #5182, #5183, #5184),(#5175, #5176, #5177, #5185, #5186, #5187, #5188),(#5178, #5179, #5180, #5189, #5190, #5191, #5192),(#5193, #5194, #5195, #5205, #5206, #5207, #5208),(#5196, #5197, #5198, #5209, #5210, #5211, #5212),(#5199, #5200, #5201, #5213, #5214, #5215, #5216),(#5202, #5203, #5204, #5217, #5218, #5219, #5220)),.UNSPECIFIED.,.F.,.F.,.F.,(4,3,4),(4,3,4),(0.,1.,2.),(0.,1.,2.),.PIECEWISE_BEZIER_KNOTS.);
#5172=CARTESIAN_POINT('',(0.48,-0.169,6.41976648129079E-35));
#5173=CARTESIAN_POINT('',(0.48,-0.169,-0.0024836176102208));
#5174=CARTESIAN_POINT('',(0.48,-0.16799180880511,-0.0047336176102208));
#5175=CARTESIAN_POINT('',(0.485536808647588,-0.174536808647588,-5.41160824897811E-19));
#5176=CARTESIAN_POINT('',(0.485536808647588,-0.174536808647588,-0.00392985348390341));
#5177=CARTESIAN_POINT('',(0.485536808647588,-0.172929566939428,-0.00762608935758602));
#5178=CARTESIAN_POINT('',(0.5,-0.178,0.));
#5179=CARTESIAN_POINT('',(0.5,-0.178,-0.0049672352204416));
#5180=CARTESIAN_POINT('',(0.5,-0.175983617610221,-0.0094672352204416));
#5181=CARTESIAN_POINT('',(0.48,-0.166362713207666,-0.0063627132076656));
#5182=CARTESIAN_POINT('',(0.48,-0.164733617610221,-0.0079918088051104));
#5183=CARTESIAN_POINT('',(0.48,-0.162483617610221,-0.009));
#5184=CARTESIAN_POINT('',(0.48,-0.16,-0.009));
#5185=CARTESIAN_POINT('',(0.485536808647588,-0.170277828148507,-0.0102778281485071));
#5186=CARTESIAN_POINT('',(0.485536808647588,-0.167626089357586,-0.0129295669394281));
#5187=CARTESIAN_POINT('',(0.485536808647588,-0.163929853483903,-0.0145368086475875));
#5188=CARTESIAN_POINT('',(0.485536808647588,-0.16,-0.0145368086475875));
#5189=CARTESIAN_POINT('',(0.5,-0.172725426415331,-0.0127254264153312));
#5190=CARTESIAN_POINT('',(0.5,-0.169467235220442,-0.0159836176102208));
#5191=CARTESIAN_POINT('',(0.5,-0.164967235220442,-0.018));
#5192=CARTESIAN_POINT('',(0.5,-0.16,-0.018));
#5193=CARTESIAN_POINT('',(0.51,-0.178,0.));
#5194=CARTESIAN_POINT('',(0.51,-0.178,-0.0049672352204416));
#5195=CARTESIAN_POINT('',(0.51,-0.175983617610221,-0.0094672352204416));
#5196=CARTESIAN_POINT('',(0.52,-0.178,0.));
#5197=CARTESIAN_POINT('',(0.52,-0.178,-0.0049672352204416));
#5198=CARTESIAN_POINT('',(0.52,-0.175983617610221,-0.0094672352204416));
#5199=CARTESIAN_POINT('',(0.53,-0.178,0.));
#5200=CARTESIAN_POINT('',(0.53,-0.178,-0.0049672352204416));
#5201=CARTESIAN_POINT('',(0.53,-0.175983617610221,-0.0094672352204416));
#5202=CARTESIAN_POINT('',(0.54,-0.178,0.));
#5203=CARTESIAN_POINT('',(0.54,-0.178,-0.0049672352204416));
#5204=CARTESIAN_POINT('',(0.54,-0.175983617610221,-0.0094672352204416));
#5205=CARTESIAN_POINT('',(0.51,-0.172725426415331,-0.0127254264153312));
#5206=CARTESIAN_POINT('',(0.51,-0.169467235220442,-0.0159836176102208));
#5207=CARTESIAN_POINT('',(0.51,-0.164967235220442,-0.018));
#5208=CARTESIAN_POINT('',(0.51,-0.16,-0.018));
#5209=CARTESIAN_POINT('',(0.52,-0.172725426415331,-0.0127254264153312));
#5210=CARTESIAN_POINT('',(0.52,-0.169467235220442,-0.0159836176102208));
#5211=CARTESIAN_POINT('',(0.52,-0.164967235220442,-0.018));
#5212=CARTESIAN_POINT('',(0.52,-0.16,-0.018));
#5213=CARTESIAN_POINT('',(0.53,-0.172725426415331,-0.0127254264153312));
#5214=CARTESIAN_POINT('',(0.53,-0.169467235220442,-0.0159836176102208));
#5215=CARTESIAN_POINT('',(0.53,-0.164967235220442,-0.018));
#5216=CARTESIAN_POINT('',(0.53,-0.16,-0.018));
#5217=CARTESIAN_POINT('',(0.54,-0.172725426415331,-0.0127254264153312));
#5218=CARTESIAN_POINT('',(0.54,-0.169467235220442,-0.0159836176102208));
#5219=CARTESIAN_POINT('',(0.54,-0.164967235220442,-0.018));
#5220=CARTESIAN_POINT('',(0.54,-0.16,-0.018));
#5221=B_SPLINE_SURFACE_WITH_KNOTS('Surf_XQRXTJZOGU, Pod_Left, 0, 2',3,3,((#5222, #5223, #5224, #5231, #5232, #5233, #5234),(#5225, #5226, #5227, #5235, #5236, #5237, #5238),(#5228, #5229, #5230, #5239, #5240, #5241, #5242),(#5243, #5244, #5245, #5255, #5256, #5257, #5258),(#5246, #5247, #5248, #5259, #5260, #5261, #5262),(#5249, #5250, #5251, #5263, #5264, #5265, #5266),(#5252, #5253, #5254, #5267, #5268, #5269, #5270)),.UNSPECIFIED.,.F.,.F.,.F.,(4,3,4),(4,3,4),(0.,1.,2.),(0.,1.,2.),.PIECEWISE_BEZIER_KNOTS.);
#5222=CARTESIAN_POINT('',(0.48,-0.16,0.009));
#5223=CARTESIAN_POINT('',(0.48,-0.162483617610221,0.009));
#5224=CARTESIAN_POINT('',(0.48,-0.164733617610221,0.0079918088051104));
#5225=CARTESIAN_POINT('',(0.485536808647588,-0.16,0.0145368086475875));
#5226=CARTESIAN_POINT('',(0.485536808647588,-0.163929853483903,0.0145368086475875));
#5227=CARTESIAN_POINT('',(0.485536808647588,-0.167626089357586,0.0129295669394281));
#5228=CARTESIAN_POINT('',(0.5,-0.16,0.018));
#5229=CARTESIAN_POINT('',(0.5,-0.164967235220442,0.018));
#5230=CARTESIAN_POINT('',(0.5,-0.169467235220442,0.0159836176102208));
#5231=CARTESIAN_POINT('',(0.48,-0.166362713207666,0.0063627132076656));
#5232=CARTESIAN_POINT('',(0.48,-0.16799180880511,0.0047336176102208));
#5233=CARTESIAN_POINT('',(0.48,-0.169,0.0024836176102208));
#5234=CARTESIAN_POINT('',(0.48,-0.169,6.41976648129079E-35));
#5235=CARTESIAN_POINT('',(0.485536808647588,-0.170277828148507,0.0102778281485071));
#5236=CARTESIAN_POINT('',(0.485536808647588,-0.172929566939428,0.00762608935758602));
#5237=CARTESIAN_POINT('',(0.485536808647588,-0.174536808647588,0.00392985348390341));
#5238=CARTESIAN_POINT('',(0.485536808647588,-0.174536808647588,-5.41160824897811E-19));
#5239=CARTESIAN_POINT('',(0.5,-0.172725426415331,0.0127254264153312));
#5240=CARTESIAN_POINT('',(0.5,-0.175983617610221,0.0094672352204416));
#5241=CARTESIAN_POINT('',(0.5,-0.178,0.0049672352204416));
#5242=CARTESIAN_POINT('',(0.5,-0.178,0.));
#5243=CARTESIAN_POINT('',(0.51,-0.16,0.018));
#5244=CARTESIAN_POINT('',(0.51,-0.164967235220442,0.018));
#5245=CARTESIAN_POINT('',(0.51,-0.169467235220442,0.0159836176102208));
#5246=CARTESIAN_POINT('',(0.52,-0.16,0.018));
#5247=CARTESIAN_POINT('',(0.52,-0.164967235220442,0.018));
#5248=CARTESIAN_POINT('',(0.52,-0.169467235220442,0.0159836176102208));
#5249=CARTESIAN_POINT('',(0.53,-0.16,0.018));
#5250=CARTESIAN_POINT('',(0.53,-0.164967235220442,0.018));
#5251=CARTESIAN_POINT('',(0.53,-0.169467235220442,0.0159836176102208));
#5252=CARTESIAN_POINT('',(0.54,-0.16,0.018));
#5253=CARTESIAN_POINT('',(0.54,-0.164967235220442,0.018));
#5254=CARTESIAN_POINT('',(0.54,-0.169467235220442,0.0159836176102208));
#5255=CARTESIAN_POINT('',(0.51,-0.172725426415331,0.0127254264153312));
#5256=CARTESIAN_POINT('',(0.51,-0.175983617610221,0.0094672352204416));
#5257=CARTESIAN_POINT('',(0.51,-0.178,0.0049672352204416));
#5258=CARTESIAN_POINT('',(0.51,-0.178,0.));
#5259=CARTESIAN_POINT('',(0.52,-0.172725426415331,0.0127254264153312));
#5260=CARTESIAN_POINT('',(0.52,-0.175983617610221,0.0094672352204416));
#5261=CARTESIAN_POINT('',(0.52,-0.178,0.0049672352204416));
#5262=CARTESIAN_POINT('',(0.52,-0.178,0.));
#5263=CARTESIAN_POINT('',(0.53,-0.172725426415331,0.0127254264153312));
#5264=CARTESIAN_POINT('',(0.53,-0.175983617610221,0.0094672352204416));
#5265=CARTESIAN_POINT('',(0.53,-0.178,0.0049672352204416));
#5266=CARTESIAN_POINT('',(0.53,-0.178,0.));
#5267=CARTESIAN_POINT('',(0.54,-0.172725426415331,0.0127254264153312));
#5268=CARTESIAN_POINT('',(0.54,-0.175983617610221,0.0094672352204416));
#5269=CARTESIAN_POINT('',(0.54,-0.178,0.0049672352204416));
#5270=CARTESIAN_POINT('',(0.54,-0.178,0.));
#5271=B_SPLINE_SURFACE_WITH_KNOTS('Surf_XQRXTJZOGU, Pod_Left, 0, 3',3,3,((#5272, #5273, #5274, #5281, #5282, #5283, #5284),(#5275, #5276, #5277, #5285, #5286, #5287, #5288),(#5278, #5279, #5280, #5289, #5290, #5291, #5292),(#5293, #5294, #5295, #5305, #5306, #5307, #5308),(#5296, #5297, #5298, #5309, #5310, #5311, #5312),(#5299, #5300, #5301, #5313, #5314, #5315, #5316),(#5302, #5303, #5304, #5317, #5318, #5319, #5320)),.UNSPECIFIED.,.F.,.F.,.F.,(4,3,4),(4,3,4),(0.,1.,2.),(0.,1.,2.),.PIECEWISE_BEZIER_KNOTS.);
#5272=CARTESIAN_POINT('',(0.48,-0.151,0.));
#5273=CARTESIAN_POINT('',(0.48,-0.151,0.0024836176102208));
#5274=CARTESIAN_POINT('',(0.48,-0.15200819119489,0.0047336176102208));
#5275=CARTESIAN_POINT('',(0.485536808647588,-0.145463191352412,0.));
#5276=CARTESIAN_POINT('',(0.485536808647588,-0.145463191352412,0.00392985348390341));
#5277=CARTESIAN_POINT('',(0.485536808647588,-0.147070433060572,0.00762608935758602));
#5278=CARTESIAN_POINT('',(0.5,-0.142,0.));
#5279=CARTESIAN_POINT('',(0.5,-0.142,0.0049672352204416));
#5280=CARTESIAN_POINT('',(0.5,-0.144016382389779,0.0094672352204416));
#5281=CARTESIAN_POINT('',(0.48,-0.153637286792334,0.0063627132076656));
#5282=CARTESIAN_POINT('',(0.48,-0.155266382389779,0.0079918088051104));
#5283=CARTESIAN_POINT('',(0.48,-0.157516382389779,0.009));
#5284=CARTESIAN_POINT('',(0.48,-0.16,0.009));
#5285=CARTESIAN_POINT('',(0.485536808647588,-0.149722171851493,0.0102778281485071));
#5286=CARTESIAN_POINT('',(0.485536808647588,-0.152373910642414,0.0129295669394281));
#5287=CARTESIAN_POINT('',(0.485536808647588,-0.156070146516097,0.0145368086475875));
#5288=CARTESIAN_POINT('',(0.485536808647588,-0.16,0.0145368086475875));
#5289=CARTESIAN_POINT('',(0.5,-0.147274573584669,0.0127254264153312));
#5290=CARTESIAN_POINT('',(0.5,-0.150532764779558,0.0159836176102208));
#5291=CARTESIAN_POINT('',(0.5,-0.155032764779558,0.018));
#5292=CARTESIAN_POINT('',(0.5,-0.16,0.018));
#5293=CARTESIAN_POINT('',(0.51,-0.142,0.));
#5294=CARTESIAN_POINT('',(0.51,-0.142,0.0049672352204416));
#5295=CARTESIAN_POINT('',(0.51,-0.144016382389779,0.0094672352204416));
#5296=CARTESIAN_POINT('',(0.52,-0.142,0.));
#5297=CARTESIAN_POINT('',(0.52,-0.142,0.0049672352204416));
#5298=CARTESIAN_POINT('',(0.52,-0.144016382389779,0.0094672352204416));
#5299=CARTESIAN_POINT('',(0.53,-0.142,0.));
#5300=CARTESIAN_POINT('',(0.53,-0.142,0.0049672352204416));
#5301=CARTESIAN_POINT('',(0.53,-0.144016382389779,0.0094672352204416));
#5302=CARTESIAN_POINT('',(0.54,-0.142,0.));
#5303=CARTESIAN_POINT('',(0.54,-0.142,0.0049672352204416));
#5304=CARTESIAN_POINT('',(0.54,-0.144016382389779,0.0094672352204416));
#5305=CARTESIAN_POINT('',(0.51,-0.147274573584669,0.0127254264153312));
#5306=CARTESIAN_POINT('',(0.51,-0.150532764779558,0.0159836176102208));
#5307=CARTESIAN_POINT('',(0.51,-0.155032764779558,0.018));
#5308=CARTESIAN_POINT('',(0.51,-0.16,0.018));
#5309=CARTESIAN_POINT('',(0.52,-0.147274573584669,0.0127254264153312));
#5310=CARTESIAN_POINT('',(0.52,-0.150532764779558,0.0159836176102208));
#5311=CARTESIAN_POINT('',(0.52,-0.155032764779558,0.018));
#5312=CARTESIAN_POINT('',(0.52,-0.16,0.018));
#5313=CARTESIAN_POINT('',(0.53,-0.147274573584669,0.0127254264153312));
#5314=CARTESIAN_POINT('',(0.53,-0.150532764779558,0.0159836176102208));
#5315=CARTESIAN_POINT('',(0.53,-0.155032764779558,0.018));
#5316=CARTESIAN_POINT('',(0.53,-0.16,0.018));
#5317=CARTESIAN_POINT('',(0.54,-0.147274573584669,0.0127254264153312));
#5318=CARTESIAN_POINT('',(0.54,-0.150532764779558,0.0159836176102208));
#5319=CARTESIAN_POINT('',(0.54,-0.155032764779558,0.018));
#5320=CARTESIAN_POINT('',(0.54,-0.16,0.018));
#5321=B_SPLINE_SURFACE_WITH_KNOTS('Surf_XQRXTJZOGU, Pod_Left, 0, 4',3,3,((#5322, #5323, #5324, #5331, #5332, #5333, #5334),(#5325, #5326, #5327, #5335, #5336, #5337, #5338),(#5328, #5329, #5330, #5339, #5340, #5341, #5342),(#5343, #5344, #5345, #5355, #5356, #5357, #5358),(#5346, #5347, #5348, #5359, #5360, #5361, #5362),(#5349, #5350, #5351, #5363, #5364, #5365, #5366),(#5352, #5353, #5354, #5367, #5368, #5369, #5370)),.UNSPECIFIED.,.F.,.F.,.F.,(4,3,4),(4,3,4),(0.,1.,2.),(0.,1.,2.),.PIECEWISE_BEZIER_KNOTS.);
#5322=CARTESIAN_POINT('',(0.54,-0.16,-0.018));
#5323=CARTESIAN_POINT('',(0.54,-0.155032764779558,-0.018));
#5324=CARTESIAN_POINT('',(0.54,-0.150532764779558,-0.0159836176102208));
#5325=CARTESIAN_POINT('',(0.55,-0.16,-0.018));
#5326=CARTESIAN_POINT('',(0.55,-0.155032764779558,-0.018));
#5327=CARTESIAN_POINT('',(0.55,-0.150532764779558,-0.0159836176102208));
#5328=CARTESIAN_POINT('',(0.56,-0.16,-0.018));
#5329=CARTESIAN_POINT('',(0.56,-0.155032764779558,-0.018));
#5330=CARTESIAN_POINT('',(0.56,-0.150532764779558,-0.0159836176102208));
#5331=CARTESIAN_POINT('',(0.54,-0.147274573584669,-0.0127254264153312));
#5332=CARTESIAN_POINT('',(0.54,-0.144016382389779,-0.0094672352204416));
#5333=CARTESIAN_POINT('',(0.54,-0.142,-0.0049672352204416));
#5334=CARTESIAN_POINT('',(0.54,-0.142,0.));
#5335=CARTESIAN_POINT('',(0.55,-0.147274573584669,-0.0127254264153312));
#5336=CARTESIAN_POINT('',(0.55,-0.144016382389779,-0.0094672352204416));
#5337=CARTESIAN_POINT('',(0.55,-0.142,-0.0049672352204416));
#5338=CARTESIAN_POINT('',(0.55,-0.142,0.));
#5339=CARTESIAN_POINT('',(0.56,-0.147274573584669,-0.0127254264153312));
#5340=CARTESIAN_POINT('',(0.56,-0.144016382389779,-0.0094672352204416));
#5341=CARTESIAN_POINT('',(0.56,-0.142,-0.0049672352204416));
#5342=CARTESIAN_POINT('',(0.56,-0.142,0.));
#5343=CARTESIAN_POINT('',(0.57,-0.16,-0.018));
#5344=CARTESIAN_POINT('',(0.57,-0.155032764779558,-0.018));
#5345=CARTESIAN_POINT('',(0.57,-0.150532764779558,-0.0159836176102208));
#5346=CARTESIAN_POINT('',(0.58,-0.16,-0.018));
#5347=CARTESIAN_POINT('',(0.58,-0.155032764779558,-0.018));
#5348=CARTESIAN_POINT('',(0.58,-0.150532764779558,-0.0159836176102208));
#5349=CARTESIAN_POINT('',(0.594463191352412,-0.16,-0.0145368086475875));
#5350=CARTESIAN_POINT('',(0.594463191352412,-0.156070146516097,-0.0145368086475875));
#5351=CARTESIAN_POINT('',(0.594463191352412,-0.152373910642414,-0.0129295669394281));
#5352=CARTESIAN_POINT('',(0.6,-0.16,-0.009));
#5353=CARTESIAN_POINT('',(0.6,-0.157516382389779,-0.009));
#5354=CARTESIAN_POINT('',(0.6,-0.155266382389779,-0.0079918088051104));
#5355=CARTESIAN_POINT('',(0.57,-0.147274573584669,-0.0127254264153312));
#5356=CARTESIAN_POINT('',(0.57,-0.144016382389779,-0.0094672352204416));
#5357=CARTESIAN_POINT('',(0.57,-0.142,-0.0049672352204416));
#5358=CARTESIAN_POINT('',(0.57,-0.142,0.));
#5359=CARTESIAN_POINT('',(0.58,-0.147274573584669,-0.0127254264153312));
#5360=CARTESIAN_POINT('',(0.58,-0.144016382389779,-0.0094672352204416));
#5361=CARTESIAN_POINT('',(0.58,-0.142,-0.0049672352204416));
#5362=CARTESIAN_POINT('',(0.58,-0.142,0.));
#5363=CARTESIAN_POINT('',(0.594463191352412,-0.149722171851493,-0.0102778281485071));
#5364=CARTESIAN_POINT('',(0.594463191352412,-0.147070433060572,-0.00762608935758602));
#5365=CARTESIAN_POINT('',(0.594463191352412,-0.145463191352412,-0.00392985348390341));
#5366=CARTESIAN_POINT('',(0.594463191352412,-0.145463191352412,-2.89120579329468E-19));
#5367=CARTESIAN_POINT('',(0.6,-0.153637286792334,-0.0063627132076656));
#5368=CARTESIAN_POINT('',(0.6,-0.15200819119489,-0.0047336176102208));
#5369=CARTESIAN_POINT('',(0.6,-0.151,-0.0024836176102208));
#5370=CARTESIAN_POINT('',(0.6,-0.151,0.));
#5371=B_SPLINE_SURFACE_WITH_KNOTS('Surf_XQRXTJZOGU, Pod_Left, 0, 5',3,3,((#5372, #5373, #5374, #5381, #5382, #5383, #5384),(#5375, #5376, #5377, #5385, #5386, #5387, #5388),(#5378, #5379, #5380, #5389, #5390, #5391, #5392),(#5393, #5394, #5395, #5405, #5406, #5407, #5408),(#5396, #5397, #5398, #5409, #5410, #5411, #5412),(#5399, #5400, #5401, #5413, #5414, #5415, #5416),(#5402, #5403, #5404, #5417, #5418, #5419, #5420)),.UNSPECIFIED.,.F.,.F.,.F.,(4,3,4),(4,3,4),(0.,1.,2.),(0.,1.,2.),.PIECEWISE_BEZIER_KNOTS.);
#5372=CARTESIAN_POINT('',(0.54,-0.178,0.));
#5373=CARTESIAN_POINT('',(0.54,-0.178,-0.0049672352204416));
#5374=CARTESIAN_POINT('',(0.54,-0.175983617610221,-0.0094672352204416));
#5375=CARTESIAN_POINT('',(0.55,-0.178,0.));
#5376=CARTESIAN_POINT('',(0.55,-0.178,-0.0049672352204416));
#5377=CARTESIAN_POINT('',(0.55,-0.175983617610221,-0.0094672352204416));
#5378=CARTESIAN_POINT('',(0.56,-0.178,0.));
#5379=CARTESIAN_POINT('',(0.56,-0.178,-0.0049672352204416));
#5380=CARTESIAN_POINT('',(0.56,-0.175983617610221,-0.0094672352204416));
#5381=CARTESIAN_POINT('',(0.54,-0.172725426415331,-0.0127254264153312));
#5382=CARTESIAN_POINT('',(0.54,-0.169467235220442,-0.0159836176102208));
#5383=CARTESIAN_POINT('',(0.54,-0.164967235220442,-0.018));
#5384=CARTESIAN_POINT('',(0.54,-0.16,-0.018));
#5385=CARTESIAN_POINT('',(0.55,-0.172725426415331,-0.0127254264153312));
#5386=CARTESIAN_POINT('',(0.55,-0.169467235220442,-0.0159836176102208));
#5387=CARTESIAN_POINT('',(0.55,-0.164967235220442,-0.018));
#5388=CARTESIAN_POINT('',(0.55,-0.16,-0.018));
#5389=CARTESIAN_POINT('',(0.56,-0.172725426415331,-0.0127254264153312));
#5390=CARTESIAN_POINT('',(0.56,-0.169467235220442,-0.0159836176102208));
#5391=CARTESIAN_POINT('',(0.56,-0.164967235220442,-0.018));
#5392=CARTESIAN_POINT('',(0.56,-0.16,-0.018));
#5393=CARTESIAN_POINT('',(0.57,-0.178,0.));
#5394=CARTESIAN_POINT('',(0.57,-0.178,-0.0049672352204416));
#5395=CARTESIAN_POINT('',(0.57,-0.175983617610221,-0.0094672352204416));
#5396=CARTESIAN_POINT('',(0.58,-0.178,0.));
#5397=CARTESIAN_POINT('',(0.58,-0.178,-0.0049672352204416));
#5398=CARTESIAN_POINT('',(0.58,-0.175983617610221,-0.0094672352204416));
#5399=CARTESIAN_POINT('',(0.594463191352412,-0.174536808647588,-5.41160824897811E-19));
#5400=CARTESIAN_POINT('',(0.594463191352412,-0.174536808647588,-0.00392985348390341));
#5401=CARTESIAN_POINT('',(0.594463191352412,-0.172929566939428,-0.00762608935758603));
#5402=CARTESIAN_POINT('',(0.6,-0.169,0.));
#5403=CARTESIAN_POINT('',(0.6,-0.169,-0.0024836176102208));
#5404=CARTESIAN_POINT('',(0.6,-0.16799180880511,-0.0047336176102208));
#5405=CARTESIAN_POINT('',(0.57,-0.172725426415331,-0.0127254264153312));
#5406=CARTESIAN_POINT('',(0.57,-0.169467235220442,-0.0159836176102208));
#5407=CARTESIAN_POINT('',(0.57,-0.164967235220442,-0.018));
#5408=CARTESIAN_POINT('',(0.57,-0.16,-0.018));
#5409=CARTESIAN_POINT('',(0.58,-0.172725426415331,-0.0127254264153312));
#5410=CARTESIAN_POINT('',(0.58,-0.169467235220442,-0.0159836176102208));
#5411=CARTESIAN_POINT('',(0.58,-0.164967235220442,-0.018));
#5412=CARTESIAN_POINT('',(0.58,-0.16,-0.018));
#5413=CARTESIAN_POINT('',(0.594463191352412,-0.170277828148507,-0.0102778281485071));
#5414=CARTESIAN_POINT('',(0.594463191352412,-0.167626089357586,-0.0129295669394281));
#5415=CARTESIAN_POINT('',(0.594463191352412,-0.163929853483903,-0.0145368086475875));
#5416=CARTESIAN_POINT('',(0.594463191352412,-0.16,-0.0145368086475875));
#5417=CARTESIAN_POINT('',(0.6,-0.166362713207666,-0.0063627132076656));
#5418=CARTESIAN_POINT('',(0.6,-0.164733617610221,-0.0079918088051104));
#5419=CARTESIAN_POINT('',(0.6,-0.162483617610221,-0.009));
#5420=CARTESIAN_POINT('',(0.6,-0.16,-0.009));
#5421=B_SPLINE_SURFACE_WITH_KNOTS('Surf_XQRXTJZOGU, Pod_Left, 0, 6',3,3,((#5422, #5423, #5424, #5431, #5432, #5433, #5434),(#5425, #5426, #5427, #5435, #5436, #5437, #5438),(#5428, #5429, #5430, #5439, #5440, #5441, #5442),(#5443, #5444, #5445, #5455, #5456, #5457, #5458),(#5446, #5447, #5448, #5459, #5460, #5461, #5462),(#5449, #5450, #5451, #5463, #5464, #5465, #5466),(#5452, #5453, #5454, #5467, #5468, #5469, #5470)),.UNSPECIFIED.,.F.,.F.,.F.,(4,3,4),(4,3,4),(0.,1.,2.),(0.,1.,2.),.PIECEWISE_BEZIER_KNOTS.);
#5422=CARTESIAN_POINT('',(0.54,-0.16,0.018));
#5423=CARTESIAN_POINT('',(0.54,-0.164967235220442,0.018));
#5424=CARTESIAN_POINT('',(0.54,-0.169467235220442,0.0159836176102208));
#5425=CARTESIAN_POINT('',(0.55,-0.16,0.018));
#5426=CARTESIAN_POINT('',(0.55,-0.164967235220442,0.018));
#5427=CARTESIAN_POINT('',(0.55,-0.169467235220442,0.0159836176102208));
#5428=CARTESIAN_POINT('',(0.56,-0.16,0.018));
#5429=CARTESIAN_POINT('',(0.56,-0.164967235220442,0.018));
#5430=CARTESIAN_POINT('',(0.56,-0.169467235220442,0.0159836176102208));
#5431=CARTESIAN_POINT('',(0.54,-0.172725426415331,0.0127254264153312));
#5432=CARTESIAN_POINT('',(0.54,-0.175983617610221,0.0094672352204416));
#5433=CARTESIAN_POINT('',(0.54,-0.178,0.0049672352204416));
#5434=CARTESIAN_POINT('',(0.54,-0.178,0.));
#5435=CARTESIAN_POINT('',(0.55,-0.172725426415331,0.0127254264153312));
#5436=CARTESIAN_POINT('',(0.55,-0.175983617610221,0.0094672352204416));
#5437=CARTESIAN_POINT('',(0.55,-0.178,0.0049672352204416));
#5438=CARTESIAN_POINT('',(0.55,-0.178,0.));
#5439=CARTESIAN_POINT('',(0.56,-0.172725426415331,0.0127254264153312));
#5440=CARTESIAN_POINT('',(0.56,-0.175983617610221,0.0094672352204416));
#5441=CARTESIAN_POINT('',(0.56,-0.178,0.0049672352204416));
#5442=CARTESIAN_POINT('',(0.56,-0.178,0.));
#5443=CARTESIAN_POINT('',(0.57,-0.16,0.018));
#5444=CARTESIAN_POINT('',(0.57,-0.164967235220442,0.018));
#5445=CARTESIAN_POINT('',(0.57,-0.169467235220442,0.0159836176102208));
#5446=CARTESIAN_POINT('',(0.58,-0.16,0.018));
#5447=CARTESIAN_POINT('',(0.58,-0.164967235220442,0.018));
#5448=CARTESIAN_POINT('',(0.58,-0.169467235220442,0.0159836176102208));
#5449=CARTESIAN_POINT('',(0.594463191352412,-0.16,0.0145368086475875));
#5450=CARTESIAN_POINT('',(0.594463191352412,-0.163929853483903,0.0145368086475875));
#5451=CARTESIAN_POINT('',(0.594463191352412,-0.167626089357586,0.0129295669394281));
#5452=CARTESIAN_POINT('',(0.6,-0.16,0.009));
#5453=CARTESIAN_POINT('',(0.6,-0.162483617610221,0.009));
#5454=CARTESIAN_POINT('',(0.6,-0.164733617610221,0.0079918088051104));
#5455=CARTESIAN_POINT('',(0.57,-0.172725426415331,0.0127254264153312));
#5456=CARTESIAN_POINT('',(0.57,-0.175983617610221,0.0094672352204416));
#5457=CARTESIAN_POINT('',(0.57,-0.178,0.0049672352204416));
#5458=CARTESIAN_POINT('',(0.57,-0.178,0.));
#5459=CARTESIAN_POINT('',(0.58,-0.172725426415331,0.0127254264153312));
#5460=CARTESIAN_POINT('',(0.58,-0.175983617610221,0.0094672352204416));
#5461=CARTESIAN_POINT('',(0.58,-0.178,0.0049672352204416));
#5462=CARTESIAN_POINT('',(0.58,-0.178,0.));
#5463=CARTESIAN_POINT('',(0.594463191352412,-0.170277828148507,0.0102778281485071));
#5464=CARTESIAN_POINT('',(0.594463191352412,-0.172929566939428,0.00762608935758603));
#5465=CARTESIAN_POINT('',(0.594463191352412,-0.174536808647588,0.00392985348390341));
#5466=CARTESIAN_POINT('',(0.594463191352412,-0.174536808647588,-5.41160824897811E-19));
#5467=CARTESIAN_POINT('',(0.6,-0.166362713207666,0.0063627132076656));
#5468=CARTESIAN_POINT('',(0.6,-0.16799180880511,0.0047336176102208));
#5469=CARTESIAN_POINT('',(0.6,-0.169,0.0024836176102208));
#5470=CARTESIAN_POINT('',(0.6,-0.169,0.));
#5471=B_SPLINE_SURFACE_WITH_KNOTS('Surf_XQRXTJZOGU, Pod_Left, 0, 7',3,3,((#5472, #5473, #5474, #5481, #5482, #5483, #5484),(#5475, #5476, #5477, #5485, #5486, #5487, #5488),(#5478, #5479, #5480, #5489, #5490, #5491, #5492),(#5493, #5494, #5495, #5505, #5506, #5507, #5508),(#5496, #5497, #5498, #5509, #5510, #5511, #5512),(#5499, #5500, #5501, #5513, #5514, #5515, #5516),(#5502, #5503, #5504, #5517, #5518, #5519, #5520)),.UNSPECIFIED.,.F.,.F.,.F.,(4,3,4),(4,3,4),(0.,1.,2.),(0.,1.,2.),.PIECEWISE_BEZIER_KNOTS.);
#5472=CARTESIAN_POINT('',(0.54,-0.142,0.));
#5473=CARTESIAN_POINT('',(0.54,-0.142,0.0049672352204416));
#5474=CARTESIAN_POINT('',(0.54,-0.144016382389779,0.0094672352204416));
#5475=CARTESIAN_POINT('',(0.55,-0.142,0.));
#5476=CARTESIAN_POINT('',(0.55,-0.142,0.0049672352204416));
#5477=CARTESIAN_POINT('',(0.55,-0.144016382389779,0.0094672352204416));
#5478=CARTESIAN_POINT('',(0.56,-0.142,0.));
#5479=CARTESIAN_POINT('',(0.56,-0.142,0.0049672352204416));
#5480=CARTESIAN_POINT('',(0.56,-0.144016382389779,0.0094672352204416));
#5481=CARTESIAN_POINT('',(0.54,-0.147274573584669,0.0127254264153312));
#5482=CARTESIAN_POINT('',(0.54,-0.150532764779558,0.0159836176102208));
#5483=CARTESIAN_POINT('',(0.54,-0.155032764779558,0.018));
#5484=CARTESIAN_POINT('',(0.54,-0.16,0.018));
#5485=CARTESIAN_POINT('',(0.55,-0.147274573584669,0.0127254264153312));
#5486=CARTESIAN_POINT('',(0.55,-0.150532764779558,0.0159836176102208));
#5487=CARTESIAN_POINT('',(0.55,-0.155032764779558,0.018));
#5488=CARTESIAN_POINT('',(0.55,-0.16,0.018));
#5489=CARTESIAN_POINT('',(0.56,-0.147274573584669,0.0127254264153312));
#5490=CARTESIAN_POINT('',(0.56,-0.150532764779558,0.0159836176102208));
#5491=CARTESIAN_POINT('',(0.56,-0.155032764779558,0.018));
#5492=CARTESIAN_POINT('',(0.56,-0.16,0.018));
#5493=CARTESIAN_POINT('',(0.57,-0.142,0.));
#5494=CARTESIAN_POINT('',(0.57,-0.142,0.0049672352204416));
#5495=CARTESIAN_POINT('',(0.57,-0.144016382389779,0.0094672352204416));
#5496=CARTESIAN_POINT('',(0.58,-0.142,0.));
#5497=CARTESIAN_POINT('',(0.58,-0.142,0.0049672352204416));
#5498=CARTESIAN_POINT('',(0.58,-0.144016382389779,0.0094672352204416));
#5499=CARTESIAN_POINT('',(0.594463191352412,-0.145463191352412,0.));
#5500=CARTESIAN_POINT('',(0.594463191352412,-0.145463191352412,0.00392985348390341));
#5501=CARTESIAN_POINT('',(0.594463191352412,-0.147070433060572,0.00762608935758603));
#5502=CARTESIAN_POINT('',(0.6,-0.151,0.));
#5503=CARTESIAN_POINT('',(0.6,-0.151,0.0024836176102208));
#5504=CARTESIAN_POINT('',(0.6,-0.15200819119489,0.0047336176102208));
#5505=CARTESIAN_POINT('',(0.57,-0.147274573584669,0.0127254264153312));
#5506=CARTESIAN_POINT('',(0.57,-0.150532764779558,0.0159836176102208));
#5507=CARTESIAN_POINT('',(0.57,-0.155032764779558,0.018));
#5508=CARTESIAN_POINT('',(0.57,-0.16,0.018));
#5509=CARTESIAN_POINT('',(0.58,-0.147274573584669,0.0127254264153312));
#5510=CARTESIAN_POINT('',(0.58,-0.150532764779558,0.0159836176102208));
#5511=CARTESIAN_POINT('',(0.58,-0.155032764779558,0.018));
#5512=CARTESIAN_POINT('',(0.58,-0.16,0.018));
#5513=CARTESIAN_POINT('',(0.594463191352412,-0.149722171851493,0.0102778281485071));
#5514=CARTESIAN_POINT('',(0.594463191352412,-0.152373910642414,0.0129295669394281));
#5515=CARTESIAN_POINT('',(0.594463191352412,-0.156070146516097,0.0145368086475875));
#5516=CARTESIAN_POINT('',(0.594463191352412,-0.16,0.0145368086475875));
#5517=CARTESIAN_POINT('',(0.6,-0.153637286792334,0.0063627132076656));
#5518=CARTESIAN_POINT('',(0.6,-0.155266382389779,0.0079918088051104));
#5519=CARTESIAN_POINT('',(0.6,-0.157516382389779,0.009));
#5520=CARTESIAN_POINT('',(0.6,-0.16,0.009));
#5521=GEOMETRIC_SET('XQRXTJZOGU, Pod_Left, 0',(#5121,#5171,#5221,#5271,#5321,#5371,#5421,#5471));
#5522=GEOMETRICALLY_BOUNDED_SURFACE_SHAPE_REPRESENTATION('',(#5521),#15);
#5523=SHAPE_REPRESENTATION_RELATIONSHIP('','',#29,#5522);
#5524=B_SPLINE_SURFACE_WITH_KNOTS('Surf_VQRSLWRTVQ, Pod_Top, 0, 0',3,3,((#5525, #5526, #5527, #5534, #5535, #5536, #5537),(#5528, #5529, #5530, #5538, #5539, #5540, #5541),(#5531, #5532, #5533, #5542, #5543, #5544, #5545),(#5546, #5547, #5548, #5558, #5559, #5560, #5561),(#5549, #5550, #5551, #5562, #5563, #5564, #5565),(#5552, #5553, #5554, #5566, #5567, #5568, #5569),(#5555, #5556, #5557, #5570, #5571, #5572, #5573)),.UNSPECIFIED.,.F.,.F.,.F.,(4,3,4),(4,3,4),(0.,1.,2.),(0.,1.,2.),.PIECEWISE_BEZIER_KNOTS.);
#5525=CARTESIAN_POINT('',(0.48,2.56790659251631E-34,0.151));
#5526=CARTESIAN_POINT('',(0.48,0.0024836176102208,0.151));
#5527=CARTESIAN_POINT('',(0.48,0.0047336176102208,0.15200819119489));
#5528=CARTESIAN_POINT('',(0.485536808647588,-2.19525224561206E-18,0.145463191352412));
#5529=CARTESIAN_POINT('',(0.485536808647588,0.00392985348390341,0.145463191352412));
#5530=CARTESIAN_POINT('',(0.485536808647588,0.00762608935758602,0.147070433060572));
#5531=CARTESIAN_POINT('',(0.5,0.,0.142));
#5532=CARTESIAN_POINT('',(0.5,0.0049672352204416,0.142));
#5533=CARTESIAN_POINT('',(0.5,0.0094672352204416,0.144016382389779));
#5534=CARTESIAN_POINT('',(0.48,0.0063627132076656,0.153637286792334));
#5535=CARTESIAN_POINT('',(0.48,0.0079918088051104,0.155266382389779));
#5536=CARTESIAN_POINT('',(0.48,0.009,0.157516382389779));
#5537=CARTESIAN_POINT('',(0.48,0.009,0.16));
#5538=CARTESIAN_POINT('',(0.485536808647588,0.0102778281485071,0.149722171851493));
#5539=CARTESIAN_POINT('',(0.485536808647588,0.0129295669394281,0.152373910642414));
#5540=CARTESIAN_POINT('',(0.485536808647588,0.0145368086475875,0.156070146516097));
#5541=CARTESIAN_POINT('',(0.485536808647588,0.0145368086475875,0.16));
#5542=CARTESIAN_POINT('',(0.5,0.0127254264153312,0.147274573584669));
#5543=CARTESIAN_POINT('',(0.5,0.0159836176102208,0.150532764779558));
#5544=CARTESIAN_POINT('',(0.5,0.018,0.155032764779558));
#5545=CARTESIAN_POINT('',(0.5,0.018,0.16));
#5546=CARTESIAN_POINT('',(0.51,0.,0.142));
#5547=CARTESIAN_POINT('',(0.51,0.0049672352204416,0.142));
#5548=CARTESIAN_POINT('',(0.51,0.0094672352204416,0.144016382389779));
#5549=CARTESIAN_POINT('',(0.52,0.,0.142));
#5550=CARTESIAN_POINT('',(0.52,0.0049672352204416,0.142));
#5551=CARTESIAN_POINT('',(0.52,0.0094672352204416,0.144016382389779));
#5552=CARTESIAN_POINT('',(0.53,0.,0.142));
#5553=CARTESIAN_POINT('',(0.53,0.0049672352204416,0.142));
#5554=CARTESIAN_POINT('',(0.53,0.0094672352204416,0.144016382389779));
#5555=CARTESIAN_POINT('',(0.54,0.,0.142));
#5556=CARTESIAN_POINT('',(0.54,0.0049672352204416,0.142));
#5557=CARTESIAN_POINT('',(0.54,0.0094672352204416,0.144016382389779));
#5558=CARTESIAN_POINT('',(0.51,0.0127254264153312,0.147274573584669));
#5559=CARTESIAN_POINT('',(0.51,0.0159836176102208,0.150532764779558));
#5560=CARTESIAN_POINT('',(0.51,0.018,0.155032764779558));
#5561=CARTESIAN_POINT('',(0.51,0.018,0.16));
#5562=CARTESIAN_POINT('',(0.52,0.0127254264153312,0.147274573584669));
#5563=CARTESIAN_POINT('',(0.52,0.0159836176102208,0.150532764779558));
#5564=CARTESIAN_POINT('',(0.52,0.018,0.155032764779558));
#5565=CARTESIAN_POINT('',(0.52,0.018,0.16));
#5566=CARTESIAN_POINT('',(0.53,0.0127254264153312,0.147274573584669));
#5567=CARTESIAN_POINT('',(0.53,0.0159836176102208,0.150532764779558));
#5568=CARTESIAN_POINT('',(0.53,0.018,0.155032764779558));
#5569=CARTESIAN_POINT('',(0.53,0.018,0.16));
#5570=CARTESIAN_POINT('',(0.54,0.0127254264153312,0.147274573584669));
#5571=CARTESIAN_POINT('',(0.54,0.0159836176102208,0.150532764779558));
#5572=CARTESIAN_POINT('',(0.54,0.018,0.155032764779558));
#5573=CARTESIAN_POINT('',(0.54,0.018,0.16));
#5574=B_SPLINE_SURFACE_WITH_KNOTS('Surf_VQRSLWRTVQ, Pod_Top, 0, 1',3,3,((#5575, #5576, #5577, #5584, #5585, #5586, #5587),(#5578, #5579, #5580, #5588, #5589, #5590, #5591),(#5581, #5582, #5583, #5592, #5593, #5594, #5595),(#5596, #5597, #5598, #5608, #5609, #5610, #5611),(#5599, #5600, #5601, #5612, #5613, #5614, #5615),(#5602, #5603, #5604, #5616, #5617, #5618, #5619),(#5605, #5606, #5607, #5620, #5621, #5622, #5623)),.UNSPECIFIED.,.F.,.F.,.F.,(4,3,4),(4,3,4),(0.,1.,2.),(0.,1.,2.),.PIECEWISE_BEZIER_KNOTS.);
#5575=CARTESIAN_POINT('',(0.48,-0.009,0.16));
#5576=CARTESIAN_POINT('',(0.48,-0.009,0.157516382389779));
#5577=CARTESIAN_POINT('',(0.48,-0.0079918088051104,0.155266382389779));
#5578=CARTESIAN_POINT('',(0.485536808647588,-0.0145368086475875,0.16));
#5579=CARTESIAN_POINT('',(0.485536808647588,-0.0145368086475875,0.156070146516097));
#5580=CARTESIAN_POINT('',(0.485536808647588,-0.0129295669394281,0.152373910642414));
#5581=CARTESIAN_POINT('',(0.5,-0.018,0.16));
#5582=CARTESIAN_POINT('',(0.5,-0.018,0.155032764779558));
#5583=CARTESIAN_POINT('',(0.5,-0.0159836176102208,0.150532764779558));
#5584=CARTESIAN_POINT('',(0.48,-0.0063627132076656,0.153637286792334));
#5585=CARTESIAN_POINT('',(0.48,-0.0047336176102208,0.15200819119489));
#5586=CARTESIAN_POINT('',(0.48,-0.0024836176102208,0.151));
#5587=CARTESIAN_POINT('',(0.48,2.56790659251631E-34,0.151));
#5588=CARTESIAN_POINT('',(0.485536808647588,-0.010277828148507,0.149722171851493));
#5589=CARTESIAN_POINT('',(0.485536808647588,-0.00762608935758602,0.147070433060572));
#5590=CARTESIAN_POINT('',(0.485536808647588,-0.00392985348390341,0.145463191352412));
#5591=CARTESIAN_POINT('',(0.485536808647588,-2.19525224561206E-18,0.145463191352412));
#5592=CARTESIAN_POINT('',(0.5,-0.0127254264153312,0.147274573584669));
#5593=CARTESIAN_POINT('',(0.5,-0.0094672352204416,0.144016382389779));
#5594=CARTESIAN_POINT('',(0.5,-0.0049672352204416,0.142));
#5595=CARTESIAN_POINT('',(0.5,0.,0.142));
#5596=CARTESIAN_POINT('',(0.51,-0.018,0.16));
#5597=CARTESIAN_POINT('',(0.51,-0.018,0.155032764779558));
#5598=CARTESIAN_POINT('',(0.51,-0.0159836176102208,0.150532764779558));
#5599=CARTESIAN_POINT('',(0.52,-0.018,0.16));
#5600=CARTESIAN_POINT('',(0.52,-0.018,0.155032764779558));
#5601=CARTESIAN_POINT('',(0.52,-0.0159836176102208,0.150532764779558));
#5602=CARTESIAN_POINT('',(0.53,-0.018,0.16));
#5603=CARTESIAN_POINT('',(0.53,-0.018,0.155032764779558));
#5604=CARTESIAN_POINT('',(0.53,-0.0159836176102208,0.150532764779558));
#5605=CARTESIAN_POINT('',(0.54,-0.018,0.16));
#5606=CARTESIAN_POINT('',(0.54,-0.018,0.155032764779558));
#5607=CARTESIAN_POINT('',(0.54,-0.0159836176102208,0.150532764779558));
#5608=CARTESIAN_POINT('',(0.51,-0.0127254264153312,0.147274573584669));
#5609=CARTESIAN_POINT('',(0.51,-0.0094672352204416,0.144016382389779));
#5610=CARTESIAN_POINT('',(0.51,-0.0049672352204416,0.142));
#5611=CARTESIAN_POINT('',(0.51,0.,0.142));
#5612=CARTESIAN_POINT('',(0.52,-0.0127254264153312,0.147274573584669));
#5613=CARTESIAN_POINT('',(0.52,-0.0094672352204416,0.144016382389779));
#5614=CARTESIAN_POINT('',(0.52,-0.0049672352204416,0.142));
#5615=CARTESIAN_POINT('',(0.52,0.,0.142));
#5616=CARTESIAN_POINT('',(0.53,-0.0127254264153312,0.147274573584669));
#5617=CARTESIAN_POINT('',(0.53,-0.0094672352204416,0.144016382389779));
#5618=CARTESIAN_POINT('',(0.53,-0.0049672352204416,0.142));
#5619=CARTESIAN_POINT('',(0.53,0.,0.142));
#5620=CARTESIAN_POINT('',(0.54,-0.0127254264153312,0.147274573584669));
#5621=CARTESIAN_POINT('',(0.54,-0.0094672352204416,0.144016382389779));
#5622=CARTESIAN_POINT('',(0.54,-0.0049672352204416,0.142));
#5623=CARTESIAN_POINT('',(0.54,0.,0.142));
#5624=B_SPLINE_SURFACE_WITH_KNOTS('Surf_VQRSLWRTVQ, Pod_Top, 0, 2',3,3,((#5625, #5626, #5627, #5634, #5635, #5636, #5637),(#5628, #5629, #5630, #5638, #5639, #5640, #5641),(#5631, #5632, #5633, #5642, #5643, #5644, #5645),(#5646, #5647, #5648, #5658, #5659, #5660, #5661),(#5649, #5650, #5651, #5662, #5663, #5664, #5665),(#5652, #5653, #5654, #5666, #5667, #5668, #5669),(#5655, #5656, #5657, #5670, #5671, #5672, #5673)),.UNSPECIFIED.,.F.,.F.,.F.,(4,3,4),(4,3,4),(0.,1.,2.),(0.,1.,2.),.PIECEWISE_BEZIER_KNOTS.);
#5625=CARTESIAN_POINT('',(0.48,0.,0.169));
#5626=CARTESIAN_POINT('',(0.48,-0.0024836176102208,0.169));
#5627=CARTESIAN_POINT('',(0.48,-0.0047336176102208,0.16799180880511));
#5628=CARTESIAN_POINT('',(0.485536808647588,-3.06292695569168E-18,0.174536808647588));
#5629=CARTESIAN_POINT('',(0.485536808647588,-0.00392985348390341,0.174536808647588));
#5630=CARTESIAN_POINT('',(0.485536808647588,-0.00762608935758603,0.172929566939428));
#5631=CARTESIAN_POINT('',(0.5,0.,0.178));
#5632=CARTESIAN_POINT('',(0.5,-0.0049672352204416,0.178));
#5633=CARTESIAN_POINT('',(0.5,-0.0094672352204416,0.175983617610221));
#5634=CARTESIAN_POINT('',(0.48,-0.0063627132076656,0.166362713207666));
#5635=CARTESIAN_POINT('',(0.48,-0.0079918088051104,0.164733617610221));
#5636=CARTESIAN_POINT('',(0.48,-0.009,0.162483617610221));
#5637=CARTESIAN_POINT('',(0.48,-0.009,0.16));
#5638=CARTESIAN_POINT('',(0.485536808647588,-0.0102778281485071,0.170277828148507));
#5639=CARTESIAN_POINT('',(0.485536808647588,-0.0129295669394281,0.167626089357586));
#5640=CARTESIAN_POINT('',(0.485536808647588,-0.0145368086475875,0.163929853483903));
#5641=CARTESIAN_POINT('',(0.485536808647588,-0.0145368086475875,0.16));
#5642=CARTESIAN_POINT('',(0.5,-0.0127254264153312,0.172725426415331));
#5643=CARTESIAN_POINT('',(0.5,-0.0159836176102208,0.169467235220442));
#5644=CARTESIAN_POINT('',(0.5,-0.018,0.164967235220442));
#5645=CARTESIAN_POINT('',(0.5,-0.018,0.16));
#5646=CARTESIAN_POINT('',(0.51,0.,0.178));
#5647=CARTESIAN_POINT('',(0.51,-0.0049672352204416,0.178));
#5648=CARTESIAN_POINT('',(0.51,-0.0094672352204416,0.175983617610221));
#5649=CARTESIAN_POINT('',(0.52,0.,0.178));
#5650=CARTESIAN_POINT('',(0.52,-0.0049672352204416,0.178));
#5651=CARTESIAN_POINT('',(0.52,-0.0094672352204416,0.175983617610221));
#5652=CARTESIAN_POINT('',(0.53,0.,0.178));
#5653=CARTESIAN_POINT('',(0.53,-0.0049672352204416,0.178));
#5654=CARTESIAN_POINT('',(0.53,-0.0094672352204416,0.175983617610221));
#5655=CARTESIAN_POINT('',(0.54,0.,0.178));
#5656=CARTESIAN_POINT('',(0.54,-0.0049672352204416,0.178));
#5657=CARTESIAN_POINT('',(0.54,-0.0094672352204416,0.175983617610221));
#5658=CARTESIAN_POINT('',(0.51,-0.0127254264153312,0.172725426415331));
#5659=CARTESIAN_POINT('',(0.51,-0.0159836176102208,0.169467235220442));
#5660=CARTESIAN_POINT('',(0.51,-0.018,0.164967235220442));
#5661=CARTESIAN_POINT('',(0.51,-0.018,0.16));
#5662=CARTESIAN_POINT('',(0.52,-0.0127254264153312,0.172725426415331));
#5663=CARTESIAN_POINT('',(0.52,-0.0159836176102208,0.169467235220442));
#5664=CARTESIAN_POINT('',(0.52,-0.018,0.164967235220442));
#5665=CARTESIAN_POINT('',(0.52,-0.018,0.16));
#5666=CARTESIAN_POINT('',(0.53,-0.0127254264153312,0.172725426415331));
#5667=CARTESIAN_POINT('',(0.53,-0.0159836176102208,0.169467235220442));
#5668=CARTESIAN_POINT('',(0.53,-0.018,0.164967235220442));
#5669=CARTESIAN_POINT('',(0.53,-0.018,0.16));
#5670=CARTESIAN_POINT('',(0.54,-0.0127254264153312,0.172725426415331));
#5671=CARTESIAN_POINT('',(0.54,-0.0159836176102208,0.169467235220442));
#5672=CARTESIAN_POINT('',(0.54,-0.018,0.164967235220442));
#5673=CARTESIAN_POINT('',(0.54,-0.018,0.16));
#5674=B_SPLINE_SURFACE_WITH_KNOTS('Surf_VQRSLWRTVQ, Pod_Top, 0, 3',3,3,((#5675, #5676, #5677, #5684, #5685, #5686, #5687),(#5678, #5679, #5680, #5688, #5689, #5690, #5691),(#5681, #5682, #5683, #5692, #5693, #5694, #5695),(#5696, #5697, #5698, #5708, #5709, #5710, #5711),(#5699, #5700, #5701, #5712, #5713, #5714, #5715),(#5702, #5703, #5704, #5716, #5717, #5718, #5719),(#5705, #5706, #5707, #5720, #5721, #5722, #5723)),.UNSPECIFIED.,.F.,.F.,.F.,(4,3,4),(4,3,4),(0.,1.,2.),(0.,1.,2.),.PIECEWISE_BEZIER_KNOTS.);
#5675=CARTESIAN_POINT('',(0.48,0.009,0.16));
#5676=CARTESIAN_POINT('',(0.48,0.009,0.162483617610221));
#5677=CARTESIAN_POINT('',(0.48,0.0079918088051104,0.164733617610221));
#5678=CARTESIAN_POINT('',(0.485536808647588,0.0145368086475875,0.16));
#5679=CARTESIAN_POINT('',(0.485536808647588,0.0145368086475875,0.163929853483903));
#5680=CARTESIAN_POINT('',(0.485536808647588,0.0129295669394281,0.167626089357586));
#5681=CARTESIAN_POINT('',(0.5,0.018,0.16));
#5682=CARTESIAN_POINT('',(0.5,0.018,0.164967235220442));
#5683=CARTESIAN_POINT('',(0.5,0.0159836176102208,0.169467235220442));
#5684=CARTESIAN_POINT('',(0.48,0.0063627132076656,0.166362713207666));
#5685=CARTESIAN_POINT('',(0.48,0.0047336176102208,0.16799180880511));
#5686=CARTESIAN_POINT('',(0.48,0.0024836176102208,0.169));
#5687=CARTESIAN_POINT('',(0.48,0.,0.169));
#5688=CARTESIAN_POINT('',(0.485536808647588,0.010277828148507,0.170277828148507));
#5689=CARTESIAN_POINT('',(0.485536808647588,0.00762608935758602,0.172929566939428));
#5690=CARTESIAN_POINT('',(0.485536808647588,0.00392985348390341,0.174536808647588));
#5691=CARTESIAN_POINT('',(0.485536808647588,-3.06292695569168E-18,0.174536808647588));
#5692=CARTESIAN_POINT('',(0.5,0.0127254264153312,0.172725426415331));
#5693=CARTESIAN_POINT('',(0.5,0.0094672352204416,0.175983617610221));
#5694=CARTESIAN_POINT('',(0.5,0.0049672352204416,0.178));
#5695=CARTESIAN_POINT('',(0.5,0.,0.178));
#5696=CARTESIAN_POINT('',(0.51,0.018,0.16));
#5697=CARTESIAN_POINT('',(0.51,0.018,0.164967235220442));
#5698=CARTESIAN_POINT('',(0.51,0.0159836176102208,0.169467235220442));
#5699=CARTESIAN_POINT('',(0.52,0.018,0.16));
#5700=CARTESIAN_POINT('',(0.52,0.018,0.164967235220442));
#5701=CARTESIAN_POINT('',(0.52,0.0159836176102208,0.169467235220442));
#5702=CARTESIAN_POINT('',(0.53,0.018,0.16));
#5703=CARTESIAN_POINT('',(0.53,0.018,0.164967235220442));
#5704=CARTESIAN_POINT('',(0.53,0.0159836176102208,0.169467235220442));
#5705=CARTESIAN_POINT('',(0.54,0.018,0.16));
#5706=CARTESIAN_POINT('',(0.54,0.018,0.164967235220442));
#5707=CARTESIAN_POINT('',(0.54,0.0159836176102208,0.169467235220442));
#5708=CARTESIAN_POINT('',(0.51,0.0127254264153312,0.172725426415331));
#5709=CARTESIAN_POINT('',(0.51,0.0094672352204416,0.175983617610221));
#5710=CARTESIAN_POINT('',(0.51,0.0049672352204416,0.178));
#5711=CARTESIAN_POINT('',(0.51,0.,0.178));
#5712=CARTESIAN_POINT('',(0.52,0.0127254264153312,0.172725426415331));
#5713=CARTESIAN_POINT('',(0.52,0.0094672352204416,0.175983617610221));
#5714=CARTESIAN_POINT('',(0.52,0.0049672352204416,0.178));
#5715=CARTESIAN_POINT('',(0.52,0.,0.178));
#5716=CARTESIAN_POINT('',(0.53,0.0127254264153312,0.172725426415331));
#5717=CARTESIAN_POINT('',(0.53,0.0094672352204416,0.175983617610221));
#5718=CARTESIAN_POINT('',(0.53,0.0049672352204416,0.178));
#5719=CARTESIAN_POINT('',(0.53,0.,0.178));
#5720=CARTESIAN_POINT('',(0.54,0.0127254264153312,0.172725426415331));
#5721=CARTESIAN_POINT('',(0.54,0.0094672352204416,0.175983617610221));
#5722=CARTESIAN_POINT('',(0.54,0.0049672352204416,0.178));
#5723=CARTESIAN_POINT('',(0.54,0.,0.178));
#5724=B_SPLINE_SURFACE_WITH_KNOTS('Surf_VQRSLWRTVQ, Pod_Top, 0, 4',3,3,((#5725, #5726, #5727, #5734, #5735, #5736, #5737),(#5728, #5729, #5730, #5738, #5739, #5740, #5741),(#5731, #5732, #5733, #5742, #5743, #5744, #5745),(#5746, #5747, #5748, #5758, #5759, #5760, #5761),(#5749, #5750, #5751, #5762, #5763, #5764, #5765),(#5752, #5753, #5754, #5766, #5767, #5768, #5769),(#5755, #5756, #5757, #5770, #5771, #5772, #5773)),.UNSPECIFIED.,.F.,.F.,.F.,(4,3,4),(4,3,4),(0.,1.,2.),(0.,1.,2.),.PIECEWISE_BEZIER_KNOTS.);
#5725=CARTESIAN_POINT('',(0.54,0.,0.142));
#5726=CARTESIAN_POINT('',(0.54,0.0049672352204416,0.142));
#5727=CARTESIAN_POINT('',(0.54,0.0094672352204416,0.144016382389779));
#5728=CARTESIAN_POINT('',(0.55,0.,0.142));
#5729=CARTESIAN_POINT('',(0.55,0.0049672352204416,0.142));
#5730=CARTESIAN_POINT('',(0.55,0.0094672352204416,0.144016382389779));
#5731=CARTESIAN_POINT('',(0.56,0.,0.142));
#5732=CARTESIAN_POINT('',(0.56,0.0049672352204416,0.142));
#5733=CARTESIAN_POINT('',(0.56,0.0094672352204416,0.144016382389779));
#5734=CARTESIAN_POINT('',(0.54,0.0127254264153312,0.147274573584669));
#5735=CARTESIAN_POINT('',(0.54,0.0159836176102208,0.150532764779558));
#5736=CARTESIAN_POINT('',(0.54,0.018,0.155032764779558));
#5737=CARTESIAN_POINT('',(0.54,0.018,0.16));
#5738=CARTESIAN_POINT('',(0.55,0.0127254264153312,0.147274573584669));
#5739=CARTESIAN_POINT('',(0.55,0.0159836176102208,0.150532764779558));
#5740=CARTESIAN_POINT('',(0.55,0.018,0.155032764779558));
#5741=CARTESIAN_POINT('',(0.55,0.018,0.16));
#5742=CARTESIAN_POINT('',(0.56,0.0127254264153312,0.147274573584669));
#5743=CARTESIAN_POINT('',(0.56,0.0159836176102208,0.150532764779558));
#5744=CARTESIAN_POINT('',(0.56,0.018,0.155032764779558));
#5745=CARTESIAN_POINT('',(0.56,0.018,0.16));
#5746=CARTESIAN_POINT('',(0.57,0.,0.142));
#5747=CARTESIAN_POINT('',(0.57,0.0049672352204416,0.142));
#5748=CARTESIAN_POINT('',(0.57,0.0094672352204416,0.144016382389779));
#5749=CARTESIAN_POINT('',(0.58,0.,0.142));
#5750=CARTESIAN_POINT('',(0.58,0.0049672352204416,0.142));
#5751=CARTESIAN_POINT('',(0.58,0.0094672352204416,0.144016382389779));
#5752=CARTESIAN_POINT('',(0.594463191352412,-2.19525224561206E-18,0.145463191352412));
#5753=CARTESIAN_POINT('',(0.594463191352412,0.00392985348390341,0.145463191352412));
#5754=CARTESIAN_POINT('',(0.594463191352412,0.00762608935758602,0.147070433060572));
#5755=CARTESIAN_POINT('',(0.6,0.,0.151));
#5756=CARTESIAN_POINT('',(0.6,0.0024836176102208,0.151));
#5757=CARTESIAN_POINT('',(0.6,0.0047336176102208,0.15200819119489));
#5758=CARTESIAN_POINT('',(0.57,0.0127254264153312,0.147274573584669));
#5759=CARTESIAN_POINT('',(0.57,0.0159836176102208,0.150532764779558));
#5760=CARTESIAN_POINT('',(0.57,0.018,0.155032764779558));
#5761=CARTESIAN_POINT('',(0.57,0.018,0.16));
#5762=CARTESIAN_POINT('',(0.58,0.0127254264153312,0.147274573584669));
#5763=CARTESIAN_POINT('',(0.58,0.0159836176102208,0.150532764779558));
#5764=CARTESIAN_POINT('',(0.58,0.018,0.155032764779558));
#5765=CARTESIAN_POINT('',(0.58,0.018,0.16));
#5766=CARTESIAN_POINT('',(0.594463191352412,0.0102778281485071,0.149722171851493));
#5767=CARTESIAN_POINT('',(0.594463191352412,0.0129295669394281,0.152373910642414));
#5768=CARTESIAN_POINT('',(0.594463191352412,0.0145368086475875,0.156070146516097));
#5769=CARTESIAN_POINT('',(0.594463191352412,0.0145368086475875,0.16));
#5770=CARTESIAN_POINT('',(0.6,0.0063627132076656,0.153637286792334));
#5771=CARTESIAN_POINT('',(0.6,0.0079918088051104,0.155266382389779));
#5772=CARTESIAN_POINT('',(0.6,0.009,0.157516382389779));
#5773=CARTESIAN_POINT('',(0.6,0.009,0.16));
#5774=B_SPLINE_SURFACE_WITH_KNOTS('Surf_VQRSLWRTVQ, Pod_Top, 0, 5',3,3,((#5775, #5776, #5777, #5784, #5785, #5786, #5787),(#5778, #5779, #5780, #5788, #5789, #5790, #5791),(#5781, #5782, #5783, #5792, #5793, #5794, #5795),(#5796, #5797, #5798, #5808, #5809, #5810, #5811),(#5799, #5800, #5801, #5812, #5813, #5814, #5815),(#5802, #5803, #5804, #5816, #5817, #5818, #5819),(#5805, #5806, #5807, #5820, #5821, #5822, #5823)),.UNSPECIFIED.,.F.,.F.,.F.,(4,3,4),(4,3,4),(0.,1.,2.),(0.,1.,2.),.PIECEWISE_BEZIER_KNOTS.);
#5775=CARTESIAN_POINT('',(0.54,-0.018,0.16));
#5776=CARTESIAN_POINT('',(0.54,-0.018,0.155032764779558));
#5777=CARTESIAN_POINT('',(0.54,-0.0159836176102208,0.150532764779558));
#5778=CARTESIAN_POINT('',(0.55,-0.018,0.16));
#5779=CARTESIAN_POINT('',(0.55,-0.018,0.155032764779558));
#5780=CARTESIAN_POINT('',(0.55,-0.0159836176102208,0.150532764779558));
#5781=CARTESIAN_POINT('',(0.56,-0.018,0.16));
#5782=CARTESIAN_POINT('',(0.56,-0.018,0.155032764779558));
#5783=CARTESIAN_POINT('',(0.56,-0.0159836176102208,0.150532764779558));
#5784=CARTESIAN_POINT('',(0.54,-0.0127254264153312,0.147274573584669));
#5785=CARTESIAN_POINT('',(0.54,-0.0094672352204416,0.144016382389779));
#5786=CARTESIAN_POINT('',(0.54,-0.0049672352204416,0.142));
#5787=CARTESIAN_POINT('',(0.54,0.,0.142));
#5788=CARTESIAN_POINT('',(0.55,-0.0127254264153312,0.147274573584669));
#5789=CARTESIAN_POINT('',(0.55,-0.0094672352204416,0.144016382389779));
#5790=CARTESIAN_POINT('',(0.55,-0.0049672352204416,0.142));
#5791=CARTESIAN_POINT('',(0.55,0.,0.142));
#5792=CARTESIAN_POINT('',(0.56,-0.0127254264153312,0.147274573584669));
#5793=CARTESIAN_POINT('',(0.56,-0.0094672352204416,0.144016382389779));
#5794=CARTESIAN_POINT('',(0.56,-0.0049672352204416,0.142));
#5795=CARTESIAN_POINT('',(0.56,0.,0.142));
#5796=CARTESIAN_POINT('',(0.57,-0.018,0.16));
#5797=CARTESIAN_POINT('',(0.57,-0.018,0.155032764779558));
#5798=CARTESIAN_POINT('',(0.57,-0.0159836176102208,0.150532764779558));
#5799=CARTESIAN_POINT('',(0.58,-0.018,0.16));
#5800=CARTESIAN_POINT('',(0.58,-0.018,0.155032764779558));
#5801=CARTESIAN_POINT('',(0.58,-0.0159836176102208,0.150532764779558));
#5802=CARTESIAN_POINT('',(0.594463191352412,-0.0145368086475875,0.16));
#5803=CARTESIAN_POINT('',(0.594463191352412,-0.0145368086475875,0.156070146516097));
#5804=CARTESIAN_POINT('',(0.594463191352412,-0.0129295669394281,0.152373910642414));
#5805=CARTESIAN_POINT('',(0.6,-0.009,0.16));
#5806=CARTESIAN_POINT('',(0.6,-0.009,0.157516382389779));
#5807=CARTESIAN_POINT('',(0.6,-0.0079918088051104,0.155266382389779));
#5808=CARTESIAN_POINT('',(0.57,-0.0127254264153312,0.147274573584669));
#5809=CARTESIAN_POINT('',(0.57,-0.0094672352204416,0.144016382389779));
#5810=CARTESIAN_POINT('',(0.57,-0.0049672352204416,0.142));
#5811=CARTESIAN_POINT('',(0.57,0.,0.142));
#5812=CARTESIAN_POINT('',(0.58,-0.0127254264153312,0.147274573584669));
#5813=CARTESIAN_POINT('',(0.58,-0.0094672352204416,0.144016382389779));
#5814=CARTESIAN_POINT('',(0.58,-0.0049672352204416,0.142));
#5815=CARTESIAN_POINT('',(0.58,0.,0.142));
#5816=CARTESIAN_POINT('',(0.594463191352412,-0.0102778281485071,0.149722171851493));
#5817=CARTESIAN_POINT('',(0.594463191352412,-0.00762608935758602,0.147070433060572));
#5818=CARTESIAN_POINT('',(0.594463191352412,-0.00392985348390341,0.145463191352412));
#5819=CARTESIAN_POINT('',(0.594463191352412,-2.19525224561206E-18,0.145463191352412));
#5820=CARTESIAN_POINT('',(0.6,-0.0063627132076656,0.153637286792334));
#5821=CARTESIAN_POINT('',(0.6,-0.0047336176102208,0.15200819119489));
#5822=CARTESIAN_POINT('',(0.6,-0.0024836176102208,0.151));
#5823=CARTESIAN_POINT('',(0.6,0.,0.151));
#5824=B_SPLINE_SURFACE_WITH_KNOTS('Surf_VQRSLWRTVQ, Pod_Top, 0, 6',3,3,((#5825, #5826, #5827, #5834, #5835, #5836, #5837),(#5828, #5829, #5830, #5838, #5839, #5840, #5841),(#5831, #5832, #5833, #5842, #5843, #5844, #5845),(#5846, #5847, #5848, #5858, #5859, #5860, #5861),(#5849, #5850, #5851, #5862, #5863, #5864, #5865),(#5852, #5853, #5854, #5866, #5867, #5868, #5869),(#5855, #5856, #5857, #5870, #5871, #5872, #5873)),.UNSPECIFIED.,.F.,.F.,.F.,(4,3,4),(4,3,4),(0.,1.,2.),(0.,1.,2.),.PIECEWISE_BEZIER_KNOTS.);
#5825=CARTESIAN_POINT('',(0.54,0.,0.178));
#5826=CARTESIAN_POINT('',(0.54,-0.0049672352204416,0.178));
#5827=CARTESIAN_POINT('',(0.54,-0.0094672352204416,0.175983617610221));
#5828=CARTESIAN_POINT('',(0.55,0.,0.178));
#5829=CARTESIAN_POINT('',(0.55,-0.0049672352204416,0.178));
#5830=CARTESIAN_POINT('',(0.55,-0.0094672352204416,0.175983617610221));
#5831=CARTESIAN_POINT('',(0.56,0.,0.178));
#5832=CARTESIAN_POINT('',(0.56,-0.0049672352204416,0.178));
#5833=CARTESIAN_POINT('',(0.56,-0.0094672352204416,0.175983617610221));
#5834=CARTESIAN_POINT('',(0.54,-0.0127254264153312,0.172725426415331));
#5835=CARTESIAN_POINT('',(0.54,-0.0159836176102208,0.169467235220442));
#5836=CARTESIAN_POINT('',(0.54,-0.018,0.164967235220442));
#5837=CARTESIAN_POINT('',(0.54,-0.018,0.16));
#5838=CARTESIAN_POINT('',(0.55,-0.0127254264153312,0.172725426415331));
#5839=CARTESIAN_POINT('',(0.55,-0.0159836176102208,0.169467235220442));
#5840=CARTESIAN_POINT('',(0.55,-0.018,0.164967235220442));
#5841=CARTESIAN_POINT('',(0.55,-0.018,0.16));
#5842=CARTESIAN_POINT('',(0.56,-0.0127254264153312,0.172725426415331));
#5843=CARTESIAN_POINT('',(0.56,-0.0159836176102208,0.169467235220442));
#5844=CARTESIAN_POINT('',(0.56,-0.018,0.164967235220442));
#5845=CARTESIAN_POINT('',(0.56,-0.018,0.16));
#5846=CARTESIAN_POINT('',(0.57,0.,0.178));
#5847=CARTESIAN_POINT('',(0.57,-0.0049672352204416,0.178));
#5848=CARTESIAN_POINT('',(0.57,-0.0094672352204416,0.175983617610221));
#5849=CARTESIAN_POINT('',(0.58,0.,0.178));
#5850=CARTESIAN_POINT('',(0.58,-0.0049672352204416,0.178));
#5851=CARTESIAN_POINT('',(0.58,-0.0094672352204416,0.175983617610221));
#5852=CARTESIAN_POINT('',(0.594463191352412,-3.06292695569168E-18,0.174536808647588));
#5853=CARTESIAN_POINT('',(0.594463191352412,-0.00392985348390341,0.174536808647588));
#5854=CARTESIAN_POINT('',(0.594463191352412,-0.00762608935758603,0.172929566939428));
#5855=CARTESIAN_POINT('',(0.6,0.,0.169));
#5856=CARTESIAN_POINT('',(0.6,-0.0024836176102208,0.169));
#5857=CARTESIAN_POINT('',(0.6,-0.0047336176102208,0.16799180880511));
#5858=CARTESIAN_POINT('',(0.57,-0.0127254264153312,0.172725426415331));
#5859=CARTESIAN_POINT('',(0.57,-0.0159836176102208,0.169467235220442));
#5860=CARTESIAN_POINT('',(0.57,-0.018,0.164967235220442));
#5861=CARTESIAN_POINT('',(0.57,-0.018,0.16));
#5862=CARTESIAN_POINT('',(0.58,-0.0127254264153312,0.172725426415331));
#5863=CARTESIAN_POINT('',(0.58,-0.0159836176102208,0.169467235220442));
#5864=CARTESIAN_POINT('',(0.58,-0.018,0.164967235220442));
#5865=CARTESIAN_POINT('',(0.58,-0.018,0.16));
#5866=CARTESIAN_POINT('',(0.594463191352412,-0.0102778281485071,0.170277828148507));
#5867=CARTESIAN_POINT('',(0.594463191352412,-0.0129295669394281,0.167626089357586));
#5868=CARTESIAN_POINT('',(0.594463191352412,-0.0145368086475875,0.163929853483903));
#5869=CARTESIAN_POINT('',(0.594463191352412,-0.0145368086475875,0.16));
#5870=CARTESIAN_POINT('',(0.6,-0.0063627132076656,0.166362713207666));
#5871=CARTESIAN_POINT('',(0.6,-0.0079918088051104,0.164733617610221));
#5872=CARTESIAN_POINT('',(0.6,-0.009,0.162483617610221));
#5873=CARTESIAN_POINT('',(0.6,-0.009,0.16));
#5874=B_SPLINE_SURFACE_WITH_KNOTS('Surf_VQRSLWRTVQ, Pod_Top, 0, 7',3,3,((#5875, #5876, #5877, #5884, #5885, #5886, #5887),(#5878, #5879, #5880, #5888, #5889, #5890, #5891),(#5881, #5882, #5883, #5892, #5893, #5894, #5895),(#5896, #5897, #5898, #5908, #5909, #5910, #5911),(#5899, #5900, #5901, #5912, #5913, #5914, #5915),(#5902, #5903, #5904, #5916, #5917, #5918, #5919),(#5905, #5906, #5907, #5920, #5921, #5922, #5923)),.UNSPECIFIED.,.F.,.F.,.F.,(4,3,4),(4,3,4),(0.,1.,2.),(0.,1.,2.),.PIECEWISE_BEZIER_KNOTS.);
#5875=CARTESIAN_POINT('',(0.54,0.018,0.16));
#5876=CARTESIAN_POINT('',(0.54,0.018,0.164967235220442));
#5877=CARTESIAN_POINT('',(0.54,0.0159836176102208,0.169467235220442));
#5878=CARTESIAN_POINT('',(0.55,0.018,0.16));
#5879=CARTESIAN_POINT('',(0.55,0.018,0.164967235220442));
#5880=CARTESIAN_POINT('',(0.55,0.0159836176102208,0.169467235220442));
#5881=CARTESIAN_POINT('',(0.56,0.018,0.16));
#5882=CARTESIAN_POINT('',(0.56,0.018,0.164967235220442));
#5883=CARTESIAN_POINT('',(0.56,0.0159836176102208,0.169467235220442));
#5884=CARTESIAN_POINT('',(0.54,0.0127254264153312,0.172725426415331));
#5885=CARTESIAN_POINT('',(0.54,0.0094672352204416,0.175983617610221));
#5886=CARTESIAN_POINT('',(0.54,0.0049672352204416,0.178));
#5887=CARTESIAN_POINT('',(0.54,0.,0.178));
#5888=CARTESIAN_POINT('',(0.55,0.0127254264153312,0.172725426415331));
#5889=CARTESIAN_POINT('',(0.55,0.0094672352204416,0.175983617610221));
#5890=CARTESIAN_POINT('',(0.55,0.0049672352204416,0.178));
#5891=CARTESIAN_POINT('',(0.55,0.,0.178));
#5892=CARTESIAN_POINT('',(0.56,0.0127254264153312,0.172725426415331));
#5893=CARTESIAN_POINT('',(0.56,0.0094672352204416,0.175983617610221));
#5894=CARTESIAN_POINT('',(0.56,0.0049672352204416,0.178));
#5895=CARTESIAN_POINT('',(0.56,0.,0.178));
#5896=CARTESIAN_POINT('',(0.57,0.018,0.16));
#5897=CARTESIAN_POINT('',(0.57,0.018,0.164967235220442));
#5898=CARTESIAN_POINT('',(0.57,0.0159836176102208,0.169467235220442));
#5899=CARTESIAN_POINT('',(0.58,0.018,0.16));
#5900=CARTESIAN_POINT('',(0.58,0.018,0.164967235220442));
#5901=CARTESIAN_POINT('',(0.58,0.0159836176102208,0.169467235220442));
#5902=CARTESIAN_POINT('',(0.594463191352412,0.0145368086475875,0.16));
#5903=CARTESIAN_POINT('',(0.594463191352412,0.0145368086475875,0.163929853483903));
#5904=CARTESIAN_POINT('',(0.594463191352412,0.0129295669394281,0.167626089357586));
#5905=CARTESIAN_POINT('',(0.6,0.009,0.16));
#5906=CARTESIAN_POINT('',(0.6,0.009,0.162483617610221));
#5907=CARTESIAN_POINT('',(0.6,0.0079918088051104,0.164733617610221));
#5908=CARTESIAN_POINT('',(0.57,0.0127254264153312,0.172725426415331));
#5909=CARTESIAN_POINT('',(0.57,0.0094672352204416,0.175983617610221));
#5910=CARTESIAN_POINT('',(0.57,0.0049672352204416,0.178));
#5911=CARTESIAN_POINT('',(0.57,0.,0.178));
#5912=CARTESIAN_POINT('',(0.58,0.0127254264153312,0.172725426415331));
#5913=CARTESIAN_POINT('',(0.58,0.0094672352204416,0.175983617610221));
#5914=CARTESIAN_POINT('',(0.58,0.0049672352204416,0.178));
#5915=CARTESIAN_POINT('',(0.58,0.,0.178));
#5916=CARTESIAN_POINT('',(0.594463191352412,0.010277828148507,0.170277828148507));
#5917=CARTESIAN_POINT('',(0.594463191352412,0.00762608935758602,0.172929566939428));
#5918=CARTESIAN_POINT('',(0.594463191352412,0.00392985348390341,0.174536808647588));
#5919=CARTESIAN_POINT('',(0.594463191352412,-3.06292695569168E-18,0.174536808647588));
#5920=CARTESIAN_POINT('',(0.6,0.0063627132076656,0.166362713207666));
#5921=CARTESIAN_POINT('',(0.6,0.0047336176102208,0.16799180880511));
#5922=CARTESIAN_POINT('',(0.6,0.0024836176102208,0.169));
#5923=CARTESIAN_POINT('',(0.6,0.,0.169));
#5924=GEOMETRIC_SET('VQRSLWRTVQ, Pod_Top, 0',(#5524,#5574,#5624,#5674,#5724,#5774,#5824,#5874));
#5925=GEOMETRICALLY_BOUNDED_SURFACE_SHAPE_REPRESENTATION('',(#5924),#15);
#5926=SHAPE_REPRESENTATION_RELATIONSHIP('','',#29,#5925);
#5927=B_SPLINE_SURFACE_WITH_KNOTS('Surf_YEGYVPKHGS, Pod_Bottom, 0, 0',3,3,((#5928, #5929, #5930, #5937, #5938, #5939, #5940),(#5931, #5932, #5933, #5941, #5942, #5943, #5944),(#5934, #5935, #5936, #5945, #5946, #5947, #5948),(#5949, #5950, #5951, #5961, #5962, #5963, #5964),(#5952, #5953, #5954, #5965, #5966, #5967, #5968),(#5955, #5956, #5957, #5969, #5970, #5971, #5972),(#5958, #5959, #5960, #5973, #5974, #5975, #5976)),.UNSPECIFIED.,.F.,.F.,.F.,(4,3,4),(4,3,4),(0.,1.,2.),(0.,1.,2.),.PIECEWISE_BEZIER_KNOTS.);
#5928=CARTESIAN_POINT('',(0.48,2.56790659251631E-34,-0.169));
#5929=CARTESIAN_POINT('',(0.48,0.0024836176102208,-0.169));
#5930=CARTESIAN_POINT('',(0.48,0.0047336176102208,-0.16799180880511));
#5931=CARTESIAN_POINT('',(0.485536808647588,-2.19525224561206E-18,-0.174536808647588));
#5932=CARTESIAN_POINT('',(0.485536808647588,0.00392985348390341,-0.174536808647588));
#5933=CARTESIAN_POINT('',(0.485536808647588,0.00762608935758602,-0.172929566939428));
#5934=CARTESIAN_POINT('',(0.5,0.,-0.178));
#5935=CARTESIAN_POINT('',(0.5,0.0049672352204416,-0.178));
#5936=CARTESIAN_POINT('',(0.5,0.0094672352204416,-0.175983617610221));
#5937=CARTESIAN_POINT('',(0.48,0.0063627132076656,-0.166362713207666));
#5938=CARTESIAN_POINT('',(0.48,0.0079918088051104,-0.164733617610221));
#5939=CARTESIAN_POINT('',(0.48,0.009,-0.162483617610221));
#5940=CARTESIAN_POINT('',(0.48,0.009,-0.16));
#5941=CARTESIAN_POINT('',(0.485536808647588,0.0102778281485071,-0.170277828148507));
#5942=CARTESIAN_POINT('',(0.485536808647588,0.0129295669394281,-0.167626089357586));
#5943=CARTESIAN_POINT('',(0.485536808647588,0.0145368086475875,-0.163929853483903));
#5944=CARTESIAN_POINT('',(0.485536808647588,0.0145368086475875,-0.16));
#5945=CARTESIAN_POINT('',(0.5,0.0127254264153312,-0.172725426415331));
#5946=CARTESIAN_POINT('',(0.5,0.0159836176102208,-0.169467235220442));
#5947=CARTESIAN_POINT('',(0.5,0.018,-0.164967235220442));
#5948=CARTESIAN_POINT('',(0.5,0.018,-0.16));
#5949=CARTESIAN_POINT('',(0.51,0.,-0.178));
#5950=CARTESIAN_POINT('',(0.51,0.0049672352204416,-0.178));
#5951=CARTESIAN_POINT('',(0.51,0.0094672352204416,-0.175983617610221));
#5952=CARTESIAN_POINT('',(0.52,0.,-0.178));
#5953=CARTESIAN_POINT('',(0.52,0.0049672352204416,-0.178));
#5954=CARTESIAN_POINT('',(0.52,0.0094672352204416,-0.175983617610221));
#5955=CARTESIAN_POINT('',(0.53,0.,-0.178));
#5956=CARTESIAN_POINT('',(0.53,0.0049672352204416,-0.178));
#5957=CARTESIAN_POINT('',(0.53,0.0094672352204416,-0.175983617610221));
#5958=CARTESIAN_POINT('',(0.54,0.,-0.178));
#5959=CARTESIAN_POINT('',(0.54,0.0049672352204416,-0.178));
#5960=CARTESIAN_POINT('',(0.54,0.0094672352204416,-0.175983617610221));
#5961=CARTESIAN_POINT('',(0.51,0.0127254264153312,-0.172725426415331));
#5962=CARTESIAN_POINT('',(0.51,0.0159836176102208,-0.169467235220442));
#5963=CARTESIAN_POINT('',(0.51,0.018,-0.164967235220442));
#5964=CARTESIAN_POINT('',(0.51,0.018,-0.16));
#5965=CARTESIAN_POINT('',(0.52,0.0127254264153312,-0.172725426415331));
#5966=CARTESIAN_POINT('',(0.52,0.0159836176102208,-0.169467235220442));
#5967=CARTESIAN_POINT('',(0.52,0.018,-0.164967235220442));
#5968=CARTESIAN_POINT('',(0.52,0.018,-0.16));
#5969=CARTESIAN_POINT('',(0.53,0.0127254264153312,-0.172725426415331));
#5970=CARTESIAN_POINT('',(0.53,0.0159836176102208,-0.169467235220442));
#5971=CARTESIAN_POINT('',(0.53,0.018,-0.164967235220442));
#5972=CARTESIAN_POINT('',(0.53,0.018,-0.16));
#5973=CARTESIAN_POINT('',(0.54,0.0127254264153312,-0.172725426415331));
#5974=CARTESIAN_POINT('',(0.54,0.0159836176102208,-0.169467235220442));
#5975=CARTESIAN_POINT('',(0.54,0.018,-0.164967235220442));
#5976=CARTESIAN_POINT('',(0.54,0.018,-0.16));
#5977=B_SPLINE_SURFACE_WITH_KNOTS('Surf_YEGYVPKHGS, Pod_Bottom, 0, 1',3,3,((#5978, #5979, #5980, #5987, #5988, #5989, #5990),(#5981, #5982, #5983, #5991, #5992, #5993, #5994),(#5984, #5985, #5986, #5995, #5996, #5997, #5998),(#5999, #6000, #6001, #6011, #6012, #6013, #6014),(#6002, #6003, #6004, #6015, #6016, #6017, #6018),(#6005, #6006, #6007, #6019, #6020, #6021, #6022),(#6008, #6009, #6010, #6023, #6024, #6025, #6026)),.UNSPECIFIED.,.F.,.F.,.F.,(4,3,4),(4,3,4),(0.,1.,2.),(0.,1.,2.),.PIECEWISE_BEZIER_KNOTS.);
#5978=CARTESIAN_POINT('',(0.48,-0.009,-0.16));
#5979=CARTESIAN_POINT('',(0.48,-0.009,-0.162483617610221));
#5980=CARTESIAN_POINT('',(0.48,-0.0079918088051104,-0.164733617610221));
#5981=CARTESIAN_POINT('',(0.485536808647588,-0.0145368086475875,-0.16));
#5982=CARTESIAN_POINT('',(0.485536808647588,-0.0145368086475875,-0.163929853483903));
#5983=CARTESIAN_POINT('',(0.485536808647588,-0.0129295669394281,-0.167626089357586));
#5984=CARTESIAN_POINT('',(0.5,-0.018,-0.16));
#5985=CARTESIAN_POINT('',(0.5,-0.018,-0.164967235220442));
#5986=CARTESIAN_POINT('',(0.5,-0.0159836176102208,-0.169467235220442));
#5987=CARTESIAN_POINT('',(0.48,-0.0063627132076656,-0.166362713207666));
#5988=CARTESIAN_POINT('',(0.48,-0.0047336176102208,-0.16799180880511));
#5989=CARTESIAN_POINT('',(0.48,-0.0024836176102208,-0.169));
#5990=CARTESIAN_POINT('',(0.48,2.56790659251631E-34,-0.169));
#5991=CARTESIAN_POINT('',(0.485536808647588,-0.010277828148507,-0.170277828148507));
#5992=CARTESIAN_POINT('',(0.485536808647588,-0.00762608935758602,-0.172929566939428));
#5993=CARTESIAN_POINT('',(0.485536808647588,-0.00392985348390341,-0.174536808647588));
#5994=CARTESIAN_POINT('',(0.485536808647588,-2.19525224561206E-18,-0.174536808647588));
#5995=CARTESIAN_POINT('',(0.5,-0.0127254264153312,-0.172725426415331));
#5996=CARTESIAN_POINT('',(0.5,-0.0094672352204416,-0.175983617610221));
#5997=CARTESIAN_POINT('',(0.5,-0.0049672352204416,-0.178));
#5998=CARTESIAN_POINT('',(0.5,0.,-0.178));
#5999=CARTESIAN_POINT('',(0.51,-0.018,-0.16));
#6000=CARTESIAN_POINT('',(0.51,-0.018,-0.164967235220442));
#6001=CARTESIAN_POINT('',(0.51,-0.0159836176102208,-0.169467235220442));
#6002=CARTESIAN_POINT('',(0.52,-0.018,-0.16));
#6003=CARTESIAN_POINT('',(0.52,-0.018,-0.164967235220442));
#6004=CARTESIAN_POINT('',(0.52,-0.0159836176102208,-0.169467235220442));
#6005=CARTESIAN_POINT('',(0.53,-0.018,-0.16));
#6006=CARTESIAN_POINT('',(0.53,-0.018,-0.164967235220442));
#6007=CARTESIAN_POINT('',(0.53,-0.0159836176102208,-0.169467235220442));
#6008=CARTESIAN_POINT('',(0.54,-0.018,-0.16));
#6009=CARTESIAN_POINT('',(0.54,-0.018,-0.164967235220442));
#6010=CARTESIAN_POINT('',(0.54,-0.0159836176102208,-0.169467235220442));
#6011=CARTESIAN_POINT('',(0.51,-0.0127254264153312,-0.172725426415331));
#6012=CARTESIAN_POINT('',(0.51,-0.0094672352204416,-0.175983617610221));
#6013=CARTESIAN_POINT('',(0.51,-0.0049672352204416,-0.178));
#6014=CARTESIAN_POINT('',(0.51,0.,-0.178));
#6015=CARTESIAN_POINT('',(0.52,-0.0127254264153312,-0.172725426415331));
#6016=CARTESIAN_POINT('',(0.52,-0.0094672352204416,-0.175983617610221));
#6017=CARTESIAN_POINT('',(0.52,-0.0049672352204416,-0.178));
#6018=CARTESIAN_POINT('',(0.52,0.,-0.178));
#6019=CARTESIAN_POINT('',(0.53,-0.0127254264153312,-0.172725426415331));
#6020=CARTESIAN_POINT('',(0.53,-0.0094672352204416,-0.175983617610221));
#6021=CARTESIAN_POINT('',(0.53,-0.0049672352204416,-0.178));
#6022=CARTESIAN_POINT('',(0.53,0.,-0.178));
#6023=CARTESIAN_POINT('',(0.54,-0.0127254264153312,-0.172725426415331));
#6024=CARTESIAN_POINT('',(0.54,-0.0094672352204416,-0.175983617610221));
#6025=CARTESIAN_POINT('',(0.54,-0.0049672352204416,-0.178));
#6026=CARTESIAN_POINT('',(0.54,0.,-0.178));
#6027=B_SPLINE_SURFACE_WITH_KNOTS('Surf_YEGYVPKHGS, Pod_Bottom, 0, 2',3,3,((#6028, #6029, #6030, #6037, #6038, #6039, #6040),(#6031, #6032, #6033, #6041, #6042, #6043, #6044),(#6034, #6035, #6036, #6045, #6046, #6047, #6048),(#6049, #6050, #6051, #6061, #6062, #6063, #6064),(#6052, #6053, #6054, #6065, #6066, #6067, #6068),(#6055, #6056, #6057, #6069, #6070, #6071, #6072),(#6058, #6059, #6060, #6073, #6074, #6075, #6076)),.UNSPECIFIED.,.F.,.F.,.F.,(4,3,4),(4,3,4),(0.,1.,2.),(0.,1.,2.),.PIECEWISE_BEZIER_KNOTS.);
#6028=CARTESIAN_POINT('',(0.48,0.,-0.151));
#6029=CARTESIAN_POINT('',(0.48,-0.0024836176102208,-0.151));
#6030=CARTESIAN_POINT('',(0.48,-0.0047336176102208,-0.15200819119489));
#6031=CARTESIAN_POINT('',(0.485536808647588,-3.06292695569168E-18,-0.145463191352412));
#6032=CARTESIAN_POINT('',(0.485536808647588,-0.00392985348390341,-0.145463191352412));
#6033=CARTESIAN_POINT('',(0.485536808647588,-0.00762608935758603,-0.147070433060572));
#6034=CARTESIAN_POINT('',(0.5,0.,-0.142));
#6035=CARTESIAN_POINT('',(0.5,-0.0049672352204416,-0.142));
#6036=CARTESIAN_POINT('',(0.5,-0.0094672352204416,-0.144016382389779));
#6037=CARTESIAN_POINT('',(0.48,-0.0063627132076656,-0.153637286792334));
#6038=CARTESIAN_POINT('',(0.48,-0.0079918088051104,-0.155266382389779));
#6039=CARTESIAN_POINT('',(0.48,-0.009,-0.157516382389779));
#6040=CARTESIAN_POINT('',(0.48,-0.009,-0.16));
#6041=CARTESIAN_POINT('',(0.485536808647588,-0.0102778281485071,-0.149722171851493));
#6042=CARTESIAN_POINT('',(0.485536808647588,-0.0129295669394281,-0.152373910642414));
#6043=CARTESIAN_POINT('',(0.485536808647588,-0.0145368086475875,-0.156070146516097));
#6044=CARTESIAN_POINT('',(0.485536808647588,-0.0145368086475875,-0.16));
#6045=CARTESIAN_POINT('',(0.5,-0.0127254264153312,-0.147274573584669));
#6046=CARTESIAN_POINT('',(0.5,-0.0159836176102208,-0.150532764779558));
#6047=CARTESIAN_POINT('',(0.5,-0.018,-0.155032764779558));
#6048=CARTESIAN_POINT('',(0.5,-0.018,-0.16));
#6049=CARTESIAN_POINT('',(0.51,0.,-0.142));
#6050=CARTESIAN_POINT('',(0.51,-0.0049672352204416,-0.142));
#6051=CARTESIAN_POINT('',(0.51,-0.0094672352204416,-0.144016382389779));
#6052=CARTESIAN_POINT('',(0.52,0.,-0.142));
#6053=CARTESIAN_POINT('',(0.52,-0.0049672352204416,-0.142));
#6054=CARTESIAN_POINT('',(0.52,-0.0094672352204416,-0.144016382389779));
#6055=CARTESIAN_POINT('',(0.53,0.,-0.142));
#6056=CARTESIAN_POINT('',(0.53,-0.0049672352204416,-0.142));
#6057=CARTESIAN_POINT('',(0.53,-0.0094672352204416,-0.144016382389779));
#6058=CARTESIAN_POINT('',(0.54,0.,-0.142));
#6059=CARTESIAN_POINT('',(0.54,-0.0049672352204416,-0.142));
#6060=CARTESIAN_POINT('',(0.54,-0.0094672352204416,-0.144016382389779));
#6061=CARTESIAN_POINT('',(0.51,-0.0127254264153312,-0.147274573584669));
#6062=CARTESIAN_POINT('',(0.51,-0.0159836176102208,-0.150532764779558));
#6063=CARTESIAN_POINT('',(0.51,-0.018,-0.155032764779558));
#6064=CARTESIAN_POINT('',(0.51,-0.018,-0.16));
#6065=CARTESIAN_POINT('',(0.52,-0.0127254264153312,-0.147274573584669));
#6066=CARTESIAN_POINT('',(0.52,-0.0159836176102208,-0.150532764779558));
#6067=CARTESIAN_POINT('',(0.52,-0.018,-0.155032764779558));
#6068=CARTESIAN_POINT('',(0.52,-0.018,-0.16));
#6069=CARTESIAN_POINT('',(0.53,-0.0127254264153312,-0.147274573584669));
#6070=CARTESIAN_POINT('',(0.53,-0.0159836176102208,-0.150532764779558));
#6071=CARTESIAN_POINT('',(0.53,-0.018,-0.155032764779558));
#6072=CARTESIAN_POINT('',(0.53,-0.018,-0.16));
#6073=CARTESIAN_POINT('',(0.54,-0.0127254264153312,-0.147274573584669));
#6074=CARTESIAN_POINT('',(0.54,-0.0159836176102208,-0.150532764779558));
#6075=CARTESIAN_POINT('',(0.54,-0.018,-0.155032764779558));
#6076=CARTESIAN_POINT('',(0.54,-0.018,-0.16));
#6077=B_SPLINE_SURFACE_WITH_KNOTS('Surf_YEGYVPKHGS, Pod_Bottom, 0, 3',3,3,((#6078, #6079, #6080, #6087, #6088, #6089, #6090),(#6081, #6082, #6083, #6091, #6092, #6093, #6094),(#6084, #6085, #6086, #6095, #6096, #6097, #6098),(#6099, #6100, #6101, #6111, #6112, #6113, #6114),(#6102, #6103, #6104, #6115, #6116, #6117, #6118),(#6105, #6106, #6107, #6119, #6120, #6121, #6122),(#6108, #6109, #6110, #6123, #6124, #6125, #6126)),.UNSPECIFIED.,.F.,.F.,.F.,(4,3,4),(4,3,4),(0.,1.,2.),(0.,1.,2.),.PIECEWISE_BEZIER_KNOTS.);
#6078=CARTESIAN_POINT('',(0.48,0.009,-0.16));
#6079=CARTESIAN_POINT('',(0.48,0.009,-0.157516382389779));
#6080=CARTESIAN_POINT('',(0.48,0.0079918088051104,-0.155266382389779));
#6081=CARTESIAN_POINT('',(0.485536808647588,0.0145368086475875,-0.16));
#6082=CARTESIAN_POINT('',(0.485536808647588,0.0145368086475875,-0.156070146516097));
#6083=CARTESIAN_POINT('',(0.485536808647588,0.0129295669394281,-0.152373910642414));
#6084=CARTESIAN_POINT('',(0.5,0.018,-0.16));
#6085=CARTESIAN_POINT('',(0.5,0.018,-0.155032764779558));
#6086=CARTESIAN_POINT('',(0.5,0.0159836176102208,-0.150532764779558));
#6087=CARTESIAN_POINT('',(0.48,0.0063627132076656,-0.153637286792334));
#6088=CARTESIAN_POINT('',(0.48,0.0047336176102208,-0.15200819119489));
#6089=CARTESIAN_POINT('',(0.48,0.0024836176102208,-0.151));
#6090=CARTESIAN_POINT('',(0.48,0.,-0.151));
#6091=CARTESIAN_POINT('',(0.485536808647588,0.010277828148507,-0.149722171851493));
#6092=CARTESIAN_POINT('',(0.485536808647588,0.00762608935758602,-0.147070433060572));
#6093=CARTESIAN_POINT('',(0.485536808647588,0.00392985348390341,-0.145463191352412));
#6094=CARTESIAN_POINT('',(0.485536808647588,-3.06292695569168E-18,-0.145463191352412));
#6095=CARTESIAN_POINT('',(0.5,0.0127254264153312,-0.147274573584669));
#6096=CARTESIAN_POINT('',(0.5,0.0094672352204416,-0.144016382389779));
#6097=CARTESIAN_POINT('',(0.5,0.0049672352204416,-0.142));
#6098=CARTESIAN_POINT('',(0.5,0.,-0.142));
#6099=CARTESIAN_POINT('',(0.51,0.018,-0.16));
#6100=CARTESIAN_POINT('',(0.51,0.018,-0.155032764779558));
#6101=CARTESIAN_POINT('',(0.51,0.0159836176102208,-0.150532764779558));
#6102=CARTESIAN_POINT('',(0.52,0.018,-0.16));
#6103=CARTESIAN_POINT('',(0.52,0.018,-0.155032764779558));
#6104=CARTESIAN_POINT('',(0.52,0.0159836176102208,-0.150532764779558));
#6105=CARTESIAN_POINT('',(0.53,0.018,-0.16));
#6106=CARTESIAN_POINT('',(0.53,0.018,-0.155032764779558));
#6107=CARTESIAN_POINT('',(0.53,0.0159836176102208,-0.150532764779558));
#6108=CARTESIAN_POINT('',(0.54,0.018,-0.16));
#6109=CARTESIAN_POINT('',(0.54,0.018,-0.155032764779558));
#6110=CARTESIAN_POINT('',(0.54,0.0159836176102208,-0.150532764779558));
#6111=CARTESIAN_POINT('',(0.51,0.0127254264153312,-0.147274573584669));
#6112=CARTESIAN_POINT('',(0.51,0.0094672352204416,-0.144016382389779));
#6113=CARTESIAN_POINT('',(0.51,0.0049672352204416,-0.142));
#6114=CARTESIAN_POINT('',(0.51,0.,-0.142));
#6115=CARTESIAN_POINT('',(0.52,0.0127254264153312,-0.147274573584669));
#6116=CARTESIAN_POINT('',(0.52,0.0094672352204416,-0.144016382389779));
#6117=CARTESIAN_POINT('',(0.52,0.0049672352204416,-0.142));
#6118=CARTESIAN_POINT('',(0.52,0.,-0.142));
#6119=CARTESIAN_POINT('',(0.53,0.0127254264153312,-0.147274573584669));
#6120=CARTESIAN_POINT('',(0.53,0.0094672352204416,-0.144016382389779));
#6121=CARTESIAN_POINT('',(0.53,0.0049672352204416,-0.142));
#6122=CARTESIAN_POINT('',(0.53,0.,-0.142));
#6123=CARTESIAN_POINT('',(0.54,0.0127254264153312,-0.147274573584669));
#6124=CARTESIAN_POINT('',(0.54,0.0094672352204416,-0.144016382389779));
#6125=CARTESIAN_POINT('',(0.54,0.0049672352204416,-0.142));
#6126=CARTESIAN_POINT('',(0.54,0.,-0.142));
#6127=B_SPLINE_SURFACE_WITH_KNOTS('Surf_YEGYVPKHGS, Pod_Bottom, 0, 4',3,3,((#6128, #6129, #6130, #6137, #6138, #6139, #6140),(#6131, #6132, #6133, #6141, #6142, #6143, #6144),(#6134, #6135, #6136, #6145, #6146, #6147, #6148),(#6149, #6150, #6151, #6161, #6162, #6163, #6164),(#6152, #6153, #6154, #6165, #6166, #6167, #6168),(#6155, #6156, #6157, #6169, #6170, #6171, #6172),(#6158, #6159, #6160, #6173, #6174, #6175, #6176)),.UNSPECIFIED.,.F.,.F.,.F.,(4,3,4),(4,3,4),(0.,1.,2.),(0.,1.,2.),.PIECEWISE_BEZIER_KNOTS.);
#6128=CARTESIAN_POINT('',(0.54,0.,-0.178));
#6129=CARTESIAN_POINT('',(0.54,0.0049672352204416,-0.178));
#6130=CARTESIAN_POINT('',(0.54,0.0094672352204416,-0.175983617610221));
#6131=CARTESIAN_POINT('',(0.55,0.,-0.178));
#6132=CARTESIAN_POINT('',(0.55,0.0049672352204416,-0.178));
#6133=CARTESIAN_POINT('',(0.55,0.0094672352204416,-0.175983617610221));
#6134=CARTESIAN_POINT('',(0.56,0.,-0.178));
#6135=CARTESIAN_POINT('',(0.56,0.0049672352204416,-0.178));
#6136=CARTESIAN_POINT('',(0.56,0.0094672352204416,-0.175983617610221));
#6137=CARTESIAN_POINT('',(0.54,0.0127254264153312,-0.172725426415331));
#6138=CARTESIAN_POINT('',(0.54,0.0159836176102208,-0.169467235220442));
#6139=CARTESIAN_POINT('',(0.54,0.018,-0.164967235220442));
#6140=CARTESIAN_POINT('',(0.54,0.018,-0.16));
#6141=CARTESIAN_POINT('',(0.55,0.0127254264153312,-0.172725426415331));
#6142=CARTESIAN_POINT('',(0.55,0.0159836176102208,-0.169467235220442));
#6143=CARTESIAN_POINT('',(0.55,0.018,-0.164967235220442));
#6144=CARTESIAN_POINT('',(0.55,0.018,-0.16));
#6145=CARTESIAN_POINT('',(0.56,0.0127254264153312,-0.172725426415331));
#6146=CARTESIAN_POINT('',(0.56,0.0159836176102208,-0.169467235220442));
#6147=CARTESIAN_POINT('',(0.56,0.018,-0.164967235220442));
#6148=CARTESIAN_POINT('',(0.56,0.018,-0.16));
#6149=CARTESIAN_POINT('',(0.57,0.,-0.178));
#6150=CARTESIAN_POINT('',(0.57,0.0049672352204416,-0.178));
#6151=CARTESIAN_POINT('',(0.57,0.0094672352204416,-0.175983617610221));
#6152=CARTESIAN_POINT('',(0.58,0.,-0.178));
#6153=CARTESIAN_POINT('',(0.58,0.0049672352204416,-0.178));
#6154=CARTESIAN_POINT('',(0.58,0.0094672352204416,-0.175983617610221));
#6155=CARTESIAN_POINT('',(0.594463191352412,-2.19525224561206E-18,-0.174536808647588));
#6156=CARTESIAN_POINT('',(0.594463191352412,0.00392985348390341,-0.174536808647588));
#6157=CARTESIAN_POINT('',(0.594463191352412,0.00762608935758602,-0.172929566939428));
#6158=CARTESIAN_POINT('',(0.6,0.,-0.169));
#6159=CARTESIAN_POINT('',(0.6,0.0024836176102208,-0.169));
#6160=CARTESIAN_POINT('',(0.6,0.0047336176102208,-0.16799180880511));
#6161=CARTESIAN_POINT('',(0.57,0.0127254264153312,-0.172725426415331));
#6162=CARTESIAN_POINT('',(0.57,0.0159836176102208,-0.169467235220442));
#6163=CARTESIAN_POINT('',(0.57,0.018,-0.164967235220442));
#6164=CARTESIAN_POINT('',(0.57,0.018,-0.16));
#6165=CARTESIAN_POINT('',(0.58,0.0127254264153312,-0.172725426415331));
#6166=CARTESIAN_POINT('',(0.58,0.0159836176102208,-0.169467235220442));
#6167=CARTESIAN_POINT('',(0.58,0.018,-0.164967235220442));
#6168=CARTESIAN_POINT('',(0.58,0.018,-0.16));
#6169=CARTESIAN_POINT('',(0.594463191352412,0.0102778281485071,-0.170277828148507));
#6170=CARTESIAN_POINT('',(0.594463191352412,0.0129295669394281,-0.167626089357586));
#6171=CARTESIAN_POINT('',(0.594463191352412,0.0145368086475875,-0.163929853483903));
#6172=CARTESIAN_POINT('',(0.594463191352412,0.0145368086475875,-0.16));
#6173=CARTESIAN_POINT('',(0.6,0.0063627132076656,-0.166362713207666));
#6174=CARTESIAN_POINT('',(0.6,0.0079918088051104,-0.164733617610221));
#6175=CARTESIAN_POINT('',(0.6,0.009,-0.162483617610221));
#6176=CARTESIAN_POINT('',(0.6,0.009,-0.16));
#6177=B_SPLINE_SURFACE_WITH_KNOTS('Surf_YEGYVPKHGS, Pod_Bottom, 0, 5',3,3,((#6178, #6179, #6180, #6187, #6188, #6189, #6190),(#6181, #6182, #6183, #6191, #6192, #6193, #6194),(#6184, #6185, #6186, #6195, #6196, #6197, #6198),(#6199, #6200, #6201, #6211, #6212, #6213, #6214),(#6202, #6203, #6204, #6215, #6216, #6217, #6218),(#6205, #6206, #6207, #6219, #6220, #6221, #6222),(#6208, #6209, #6210, #6223, #6224, #6225, #6226)),.UNSPECIFIED.,.F.,.F.,.F.,(4,3,4),(4,3,4),(0.,1.,2.),(0.,1.,2.),.PIECEWISE_BEZIER_KNOTS.);
#6178=CARTESIAN_POINT('',(0.54,-0.018,-0.16));
#6179=CARTESIAN_POINT('',(0.54,-0.018,-0.164967235220442));
#6180=CARTESIAN_POINT('',(0.54,-0.0159836176102208,-0.169467235220442));
#6181=CARTESIAN_POINT('',(0.55,-0.018,-0.16));
#6182=CARTESIAN_POINT('',(0.55,-0.018,-0.164967235220442));
#6183=CARTESIAN_POINT('',(0.55,-0.0159836176102208,-0.169467235220442));
#6184=CARTESIAN_POINT('',(0.56,-0.018,-0.16));
#6185=CARTESIAN_POINT('',(0.56,-0.018,-0.164967235220442));
#6186=CARTESIAN_POINT('',(0.56,-0.0159836176102208,-0.169467235220442));
#6187=CARTESIAN_POINT('',(0.54,-0.0127254264153312,-0.172725426415331));
#6188=CARTESIAN_POINT('',(0.54,-0.0094672352204416,-0.175983617610221));
#6189=CARTESIAN_POINT('',(0.54,-0.0049672352204416,-0.178));
#6190=CARTESIAN_POINT('',(0.54,0.,-0.178));
#6191=CARTESIAN_POINT('',(0.55,-0.0127254264153312,-0.172725426415331));
#6192=CARTESIAN_POINT('',(0.55,-0.0094672352204416,-0.175983617610221));
#6193=CARTESIAN_POINT('',(0.55,-0.0049672352204416,-0.178));
#6194=CARTESIAN_POINT('',(0.55,0.,-0.178));
#6195=CARTESIAN_POINT('',(0.56,-0.0127254264153312,-0.172725426415331));
#6196=CARTESIAN_POINT('',(0.56,-0.0094672352204416,-0.175983617610221));
#6197=CARTESIAN_POINT('',(0.56,-0.0049672352204416,-0.178));
#6198=CARTESIAN_POINT('',(0.56,0.,-0.178));
#6199=CARTESIAN_POINT('',(0.57,-0.018,-0.16));
#6200=CARTESIAN_POINT('',(0.57,-0.018,-0.164967235220442));
#6201=CARTESIAN_POINT('',(0.57,-0.0159836176102208,-0.169467235220442));
#6202=CARTESIAN_POINT('',(0.58,-0.018,-0.16));
#6203=CARTESIAN_POINT('',(0.58,-0.018,-0.164967235220442));
#6204=CARTESIAN_POINT('',(0.58,-0.0159836176102208,-0.169467235220442));
#6205=CARTESIAN_POINT('',(0.594463191352412,-0.0145368086475875,-0.16));
#6206=CARTESIAN_POINT('',(0.594463191352412,-0.0145368086475875,-0.163929853483903));
#6207=CARTESIAN_POINT('',(0.594463191352412,-0.0129295669394281,-0.167626089357586));
#6208=CARTESIAN_POINT('',(0.6,-0.009,-0.16));
#6209=CARTESIAN_POINT('',(0.6,-0.009,-0.162483617610221));
#6210=CARTESIAN_POINT('',(0.6,-0.0079918088051104,-0.164733617610221));
#6211=CARTESIAN_POINT('',(0.57,-0.0127254264153312,-0.172725426415331));
#6212=CARTESIAN_POINT('',(0.57,-0.0094672352204416,-0.175983617610221));
#6213=CARTESIAN_POINT('',(0.57,-0.0049672352204416,-0.178));
#6214=CARTESIAN_POINT('',(0.57,0.,-0.178));
#6215=CARTESIAN_POINT('',(0.58,-0.0127254264153312,-0.172725426415331));
#6216=CARTESIAN_POINT('',(0.58,-0.0094672352204416,-0.175983617610221));
#6217=CARTESIAN_POINT('',(0.58,-0.0049672352204416,-0.178));
#6218=CARTESIAN_POINT('',(0.58,0.,-0.178));
#6219=CARTESIAN_POINT('',(0.594463191352412,-0.0102778281485071,-0.170277828148507));
#6220=CARTESIAN_POINT('',(0.594463191352412,-0.00762608935758602,-0.172929566939428));
#6221=CARTESIAN_POINT('',(0.594463191352412,-0.00392985348390341,-0.174536808647588));
#6222=CARTESIAN_POINT('',(0.594463191352412,-2.19525224561206E-18,-0.174536808647588));
#6223=CARTESIAN_POINT('',(0.6,-0.0063627132076656,-0.166362713207666));
#6224=CARTESIAN_POINT('',(0.6,-0.0047336176102208,-0.16799180880511));
#6225=CARTESIAN_POINT('',(0.6,-0.0024836176102208,-0.169));
#6226=CARTESIAN_POINT('',(0.6,0.,-0.169));
#6227=B_SPLINE_SURFACE_WITH_KNOTS('Surf_YEGYVPKHGS, Pod_Bottom, 0, 6',3,3,((#6228, #6229, #6230, #6237, #6238, #6239, #6240),(#6231, #6232, #6233, #6241, #6242, #6243, #6244),(#6234, #6235, #6236, #6245, #6246, #6247, #6248),(#6249, #6250, #6251, #6261, #6262, #6263, #6264),(#6252, #6253, #6254, #6265, #6266, #6267, #6268),(#6255, #6256, #6257, #6269, #6270, #6271, #6272),(#6258, #6259, #6260, #6273, #6274, #6275, #6276)),.UNSPECIFIED.,.F.,.F.,.F.,(4,3,4),(4,3,4),(0.,1.,2.),(0.,1.,2.),.PIECEWISE_BEZIER_KNOTS.);
#6228=CARTESIAN_POINT('',(0.54,0.,-0.142));
#6229=CARTESIAN_POINT('',(0.54,-0.0049672352204416,-0.142));
#6230=CARTESIAN_POINT('',(0.54,-0.0094672352204416,-0.144016382389779));
#6231=CARTESIAN_POINT('',(0.55,0.,-0.142));
#6232=CARTESIAN_POINT('',(0.55,-0.0049672352204416,-0.142));
#6233=CARTESIAN_POINT('',(0.55,-0.0094672352204416,-0.144016382389779));
#6234=CARTESIAN_POINT('',(0.56,0.,-0.142));
#6235=CARTESIAN_POINT('',(0.56,-0.0049672352204416,-0.142));
#6236=CARTESIAN_POINT('',(0.56,-0.0094672352204416,-0.144016382389779));
#6237=CARTESIAN_POINT('',(0.54,-0.0127254264153312,-0.147274573584669));
#6238=CARTESIAN_POINT('',(0.54,-0.0159836176102208,-0.150532764779558));
#6239=CARTESIAN_POINT('',(0.54,-0.018,-0.155032764779558));
#6240=CARTESIAN_POINT('',(0.54,-0.018,-0.16));
#6241=CARTESIAN_POINT('',(0.55,-0.0127254264153312,-0.147274573584669));
#6242=CARTESIAN_POINT('',(0.55,-0.0159836176102208,-0.150532764779558));
#6243=CARTESIAN_POINT('',(0.55,-0.018,-0.155032764779558));
#6244=CARTESIAN_POINT('',(0.55,-0.018,-0.16));
#6245=CARTESIAN_POINT('',(0.56,-0.0127254264153312,-0.147274573584669));
#6246=CARTESIAN_POINT('',(0.56,-0.0159836176102208,-0.150532764779558));
#6247=CARTESIAN_POINT('',(0.56,-0.018,-0.155032764779558));
#6248=CARTESIAN_POINT('',(0.56,-0.018,-0.16));
#6249=CARTESIAN_POINT('',(0.57,0.,-0.142));
#6250=CARTESIAN_POINT('',(0.57,-0.0049672352204416,-0.142));
#6251=CARTESIAN_POINT('',(0.57,-0.0094672352204416,-0.144016382389779));
#6252=CARTESIAN_POINT('',(0.58,0.,-0.142));
#6253=CARTESIAN_POINT('',(0.58,-0.0049672352204416,-0.142));
#6254=CARTESIAN_POINT('',(0.58,-0.0094672352204416,-0.144016382389779));
#6255=CARTESIAN_POINT('',(0.594463191352412,-3.06292695569168E-18,-0.145463191352412));
#6256=CARTESIAN_POINT('',(0.594463191352412,-0.00392985348390341,-0.145463191352412));
#6257=CARTESIAN_POINT('',(0.594463191352412,-0.00762608935758603,-0.147070433060572));
#6258=CARTESIAN_POINT('',(0.6,0.,-0.151));
#6259=CARTESIAN_POINT('',(0.6,-0.0024836176102208,-0.151));
#6260=CARTESIAN_POINT('',(0.6,-0.0047336176102208,-0.15200819119489));
#6261=CARTESIAN_POINT('',(0.57,-0.0127254264153312,-0.147274573584669));
#6262=CARTESIAN_POINT('',(0.57,-0.0159836176102208,-0.150532764779558));
#6263=CARTESIAN_POINT('',(0.57,-0.018,-0.155032764779558));
#6264=CARTESIAN_POINT('',(0.57,-0.018,-0.16));
#6265=CARTESIAN_POINT('',(0.58,-0.0127254264153312,-0.147274573584669));
#6266=CARTESIAN_POINT('',(0.58,-0.0159836176102208,-0.150532764779558));
#6267=CARTESIAN_POINT('',(0.58,-0.018,-0.155032764779558));
#6268=CARTESIAN_POINT('',(0.58,-0.018,-0.16));
#6269=CARTESIAN_POINT('',(0.594463191352412,-0.0102778281485071,-0.149722171851493));
#6270=CARTESIAN_POINT('',(0.594463191352412,-0.0129295669394281,-0.152373910642414));
#6271=CARTESIAN_POINT('',(0.594463191352412,-0.0145368086475875,-0.156070146516097));
#6272=CARTESIAN_POINT('',(0.594463191352412,-0.0145368086475875,-0.16));
#6273=CARTESIAN_POINT('',(0.6,-0.0063627132076656,-0.153637286792334));
#6274=CARTESIAN_POINT('',(0.6,-0.0079918088051104,-0.155266382389779));
#6275=CARTESIAN_POINT('',(0.6,-0.009,-0.157516382389779));
#6276=CARTESIAN_POINT('',(0.6,-0.009,-0.16));
#6277=B_SPLINE_SURFACE_WITH_KNOTS('Surf_YEGYVPKHGS, Pod_Bottom, 0, 7',3,3,((#6278, #6279, #6280, #6287, #6288, #6289, #6290),(#6281, #6282, #6283, #6291, #6292, #6293, #6294),(#6284, #6285, #6286, #6295, #6296, #6297, #6298),(#6299, #6300, #6301, #6311, #6312, #6313, #6314),(#6302, #6303, #6304, #6315, #6316, #6317, #6318),(#6305, #6306, #6307, #6319, #6320, #6321, #6322),(#6308, #6309, #6310, #6323, #6324, #6325, #6326)),.UNSPECIFIED.,.F.,.F.,.F.,(4,3,4),(4,3,4),(0.,1.,2.),(0.,1.,2.),.PIECEWISE_BEZIER_KNOTS.);
#6278=CARTESIAN_POINT('',(0.54,0.018,-0.16));
#6279=CARTESIAN_POINT('',(0.54,0.018,-0.155032764779558));
#6280=CARTESIAN_POINT('',(0.54,0.0159836176102208,-0.150532764779558));
#6281=CARTESIAN_POINT('',(0.55,0.018,-0.16));
#6282=CARTESIAN_POINT('',(0.55,0.018,-0.155032764779558));
#6283=CARTESIAN_POINT('',(0.55,0.0159836176102208,-0.150532764779558));
#6284=CARTESIAN_POINT('',(0.56,0.018,-0.16));
#6285=CARTESIAN_POINT('',(0.56,0.018,-0.155032764779558));
#6286=CARTESIAN_POINT('',(0.56,0.0159836176102208,-0.150532764779558));
#6287=CARTESIAN_POINT('',(0.54,0.0127254264153312,-0.147274573584669));
#6288=CARTESIAN_POINT('',(0.54,0.0094672352204416,-0.144016382389779));
#6289=CARTESIAN_POINT('',(0.54,0.0049672352204416,-0.142));
#6290=CARTESIAN_POINT('',(0.54,0.,-0.142));
#6291=CARTESIAN_POINT('',(0.55,0.0127254264153312,-0.147274573584669));
#6292=CARTESIAN_POINT('',(0.55,0.0094672352204416,-0.144016382389779));
#6293=CARTESIAN_POINT('',(0.55,0.0049672352204416,-0.142));
#6294=CARTESIAN_POINT('',(0.55,0.,-0.142));
#6295=CARTESIAN_POINT('',(0.56,0.0127254264153312,-0.147274573584669));
#6296=CARTESIAN_POINT('',(0.56,0.0094672352204416,-0.144016382389779));
#6297=CARTESIAN_POINT('',(0.56,0.0049672352204416,-0.142));
#6298=CARTESIAN_POINT('',(0.56,0.,-0.142));
#6299=CARTESIAN_POINT('',(0.57,0.018,-0.16));
#6300=CARTESIAN_POINT('',(0.57,0.018,-0.155032764779558));
#6301=CARTESIAN_POINT('',(0.57,0.0159836176102208,-0.150532764779558));
#6302=CARTESIAN_POINT('',(0.58,0.018,-0.16));
#6303=CARTESIAN_POINT('',(0.58,0.018,-0.155032764779558));
#6304=CARTESIAN_POINT('',(0.58,0.0159836176102208,-0.150532764779558));
#6305=CARTESIAN_POINT('',(0.594463191352412,0.0145368086475875,-0.16));
#6306=CARTESIAN_POINT('',(0.594463191352412,0.0145368086475875,-0.156070146516097));
#6307=CARTESIAN_POINT('',(0.594463191352412,0.0129295669394281,-0.152373910642414));
#6308=CARTESIAN_POINT('',(0.6,0.009,-0.16));
#6309=CARTESIAN_POINT('',(0.6,0.009,-0.157516382389779));
#6310=CARTESIAN_POINT('',(0.6,0.0079918088051104,-0.155266382389779));
#6311=CARTESIAN_POINT('',(0.57,0.0127254264153312,-0.147274573584669));
#6312=CARTESIAN_POINT('',(0.57,0.0094672352204416,-0.144016382389779));
#6313=CARTESIAN_POINT('',(0.57,0.0049672352204416,-0.142));
#6314=CARTESIAN_POINT('',(0.57,0.,-0.142));
#6315=CARTESIAN_POINT('',(0.58,0.0127254264153312,-0.147274573584669));
#6316=CARTESIAN_POINT('',(0.58,0.0094672352204416,-0.144016382389779));
#6317=CARTESIAN_POINT('',(0.58,0.0049672352204416,-0.142));
#6318=CARTESIAN_POINT('',(0.58,0.,-0.142));
#6319=CARTESIAN_POINT('',(0.594463191352412,0.010277828148507,-0.149722171851493));
#6320=CARTESIAN_POINT('',(0.594463191352412,0.00762608935758602,-0.147070433060572));
#6321=CARTESIAN_POINT('',(0.594463191352412,0.00392985348390341,-0.145463191352412));
#6322=CARTESIAN_POINT('',(0.594463191352412,-3.06292695569168E-18,-0.145463191352412));
#6323=CARTESIAN_POINT('',(0.6,0.0063627132076656,-0.153637286792334));
#6324=CARTESIAN_POINT('',(0.6,0.0047336176102208,-0.15200819119489));
#6325=CARTESIAN_POINT('',(0.6,0.0024836176102208,-0.151));
#6326=CARTESIAN_POINT('',(0.6,0.,-0.151));
#6327=GEOMETRIC_SET('YEGYVPKHGS, Pod_Bottom, 0',(#5927,#5977,#6027,#6077,#6127,#6177,#6227,#6277));
#6328=GEOMETRICALLY_BOUNDED_SURFACE_SHAPE_REPRESENTATION('',(#6327),#15);
#6329=SHAPE_REPRESENTATION_RELATIONSHIP('','',#29,#6328);
ENDSEC;
END-ISO-10303-21;
