v -4.625929269e-18            0.015                0
v    0.02438256229    0.03293016229 -8.881784197e-19
v -4.047688111e-18    0.01382044575  -0.005836337264
v    0.02438256229    0.03035827156   -0.01272963551
v                0    0.01060452201   -0.01060452201
v    0.02438256229    0.02328225892   -0.02328225892
v -1.734723476e-18   0.005836337264   -0.01382044575
v    0.02438256229    0.01272963551   -0.03035827156
v                0                0           -0.015
v    0.02438256229 -5.155626397e-18   -0.03293016229
v    0.02438256229   -0.01272963551   -0.03035827156
v -1.734723476e-18  -0.005836337264   -0.01382044575
v    0.02438256229   -0.02328225892   -0.02328225892
v                0   -0.01060452201   -0.01060452201
v    0.02438256229   -0.03035827156   -0.01272963551
v -2.312964635e-18   -0.01382044575  -0.005836337264
v    0.02438256229   -0.03293016229 -1.743065203e-18
v -4.625929269e-18           -0.015  5.135813185e-34
v -2.891205793e-18   -0.01382044575   0.005836337264
v    0.02438256229   -0.03035827156    0.01272963551
v -4.625929269e-18   -0.01060452201    0.01060452201
v    0.02438256229   -0.02328225892    0.02328225892
v -2.312964635e-18  -0.005836337264    0.01382044575
v    0.02438256229   -0.01272963551    0.03035827156
v                0                0            0.015
v    0.02438256229 -3.621800865e-18    0.03293016229
v    0.02438256229    0.01272963551    0.03035827156
v -1.734723476e-18   0.005836337264    0.01382044575
v    0.02438256229    0.02328225892    0.02328225892
v                0    0.01060452201    0.01060452201
v    0.02438256229    0.03035827156    0.01272963551
v -4.047688111e-18    0.01382044575   0.005836337264
v    0.05718038257    0.04824918257 -9.992007222e-19
v    0.05718038257    0.04447485542   -0.01867970844
v    0.05718038257    0.03411252855   -0.03411252855
v    0.05718038257    0.01867970844   -0.04447485542
v    0.05718038257 -5.800079696e-18   -0.04824918257
v    0.05718038257   -0.01867970844   -0.04447485542
v    0.05718038257   -0.03411252855   -0.03411252855
v    0.05718038257   -0.04447485542   -0.01867970844
v    0.05718038257   -0.04824918257 -1.960948353e-18
v    0.05718038257   -0.04447485542    0.01867970844
v    0.05718038257   -0.03411252855    0.03411252855
v    0.05718038257   -0.01867970844    0.04447485542
v    0.05718038257 -4.074525973e-18    0.04824918257
v    0.05718038257    0.01867970844    0.04447485542
v    0.05718038257    0.03411252855    0.03411252855
v    0.05718038257    0.04447485542    0.01867970844
v    0.09478692171    0.06016812171 -6.661338148e-19
v    0.09478692171    0.05544991175   -0.02334841336
v    0.09478692171    0.04253820739   -0.04253820739
v    0.09478692171    0.02334841336   -0.05544991175
v    0.09478692171 -3.866719798e-18   -0.06016812171
v    0.09478692171   -0.02334841336   -0.05544991175
v    0.09478692171   -0.04253820739   -0.04253820739
v    0.09478692171   -0.05544991175   -0.02334841336
v    0.09478692171   -0.06016812171 -1.307298902e-18
v    0.09478692171   -0.05544991175    0.02334841336
v    0.09478692171   -0.04253820739    0.04253820739
v    0.09478692171   -0.02334841336    0.05544991175
v    0.09478692171 -2.716350649e-18    0.06016812171
v    0.09478692171    0.02334841336    0.05544991175
v    0.09478692171    0.04253820739    0.04253820739
v    0.09478692171    0.05544991175    0.02334841336
v     0.1335956406    0.06789804057 -2.220446049e-19
v     0.1335956406    0.06256315497   -0.02639760761
v     0.1335956406    0.04800217194   -0.04800217194
v     0.1335956406    0.02639760761   -0.06256315497
v     0.1335956406 -1.288906599e-18   -0.06789804057
v     0.1335956406   -0.02639760761   -0.06256315497
v     0.1335956406   -0.04800217194   -0.04800217194
v     0.1335956406   -0.06256315497   -0.02639760761
v     0.1335956406   -0.06789804057 -4.357663006e-19
v     0.1335956406   -0.06256315497    0.02639760761
v     0.1335956406   -0.04800217194    0.04800217194
v     0.1335956406   -0.02639760761    0.06256315497
v     0.1335956406 -9.054502163e-19    0.06789804057
v     0.1335956406    0.02639760761    0.06256315497
v     0.1335956406    0.04800217194    0.04800217194
v     0.1335956406    0.06256315497    0.02639760761
v             0.17          0.07065                0
v             0.17    0.06509429951   -0.02748914852
v             0.17    0.04994729868   -0.04994729868
v             0.17    0.02748914852   -0.06509429951
v             0.17                0         -0.07065
v             0.17   -0.02748914852   -0.06509429951
v             0.17   -0.04994729868   -0.04994729868
v             0.17   -0.06509429951   -0.02748914852
v             0.17         -0.07065                0
v             0.17   -0.06509429951    0.02748914852
v             0.17   -0.04994729868    0.04994729868
v             0.17   -0.02748914852    0.06509429951
v             0.17                0          0.07065
v             0.17    0.02748914852    0.06509429951
v             0.17    0.04994729868    0.04994729868
v             0.17    0.06509429951    0.02748914852
v            0.204          0.07065                0
v            0.204    0.06509429951   -0.02748914852
v            0.204    0.04994729868   -0.04994729868
v            0.204    0.02748914852   -0.06509429951
v            0.204                0         -0.07065
v            0.204   -0.02748914852   -0.06509429951
v            0.204   -0.04994729868   -0.04994729868
v            0.204   -0.06509429951   -0.02748914852
v            0.204         -0.07065                0
v            0.204   -0.06509429951    0.02748914852
v            0.204   -0.04994729868    0.04994729868
v            0.204   -0.02748914852    0.06509429951
v            0.204                0          0.07065
v            0.204    0.02748914852    0.06509429951
v            0.204    0.04994729868    0.04994729868
v            0.204    0.06509429951    0.02748914852
v            0.238          0.07065                0
v            0.238    0.06509429951   -0.02748914852
v            0.238    0.04994729868   -0.04994729868
v            0.238    0.02748914852   -0.06509429951
v            0.238                0         -0.07065
v            0.238   -0.02748914852   -0.06509429951
v            0.238   -0.04994729868   -0.04994729868
v            0.238   -0.06509429951   -0.02748914852
v            0.238         -0.07065                0
v            0.238   -0.06509429951    0.02748914852
v            0.238   -0.04994729868    0.04994729868
v            0.238   -0.02748914852    0.06509429951
v            0.238                0          0.07065
v            0.238    0.02748914852    0.06509429951
v            0.238    0.04994729868    0.04994729868
v            0.238    0.06509429951    0.02748914852
v            0.272          0.07065                0
v            0.272    0.06509429951   -0.02748914852
v            0.272    0.04994729868   -0.04994729868
v            0.272    0.02748914852   -0.06509429951
v            0.272                0         -0.07065
v            0.272   -0.02748914852   -0.06509429951
v            0.272   -0.04994729868   -0.04994729868
v            0.272   -0.06509429951   -0.02748914852
v            0.272         -0.07065                0
v            0.272   -0.06509429951    0.02748914852
v            0.272   -0.04994729868    0.04994729868
v            0.272   -0.02748914852    0.06509429951
v            0.272                0          0.07065
v            0.272    0.02748914852    0.06509429951
v            0.272    0.04994729868    0.04994729868
v            0.272    0.06509429951    0.02748914852
v            0.306          0.07065                0
v            0.306    0.06509429951   -0.02748914852
v            0.306    0.04994729868   -0.04994729868
v            0.306    0.02748914852   -0.06509429951
v            0.306                0         -0.07065
v            0.306   -0.02748914852   -0.06509429951
v            0.306   -0.04994729868   -0.04994729868
v            0.306   -0.06509429951   -0.02748914852
v            0.306         -0.07065                0
v            0.306   -0.06509429951    0.02748914852
v            0.306   -0.04994729868    0.04994729868
v            0.306   -0.02748914852    0.06509429951
v            0.306                0          0.07065
v            0.306    0.02748914852    0.06509429951
v            0.306    0.04994729868    0.04994729868
v            0.306    0.06509429951    0.02748914852
v             0.34          0.07065                0
v             0.34    0.06509429951   -0.02748914852
v             0.34    0.04994729868   -0.04994729868
v             0.34    0.02748914852   -0.06509429951
v             0.34                0         -0.07065
v             0.34   -0.02748914852   -0.06509429951
v             0.34   -0.04994729868   -0.04994729868
v             0.34   -0.06509429951   -0.02748914852
v             0.34         -0.07065                0
v             0.34   -0.06509429951    0.02748914852
v             0.34   -0.04994729868    0.04994729868
v             0.34   -0.02748914852    0.06509429951
v             0.34                0          0.07065
v             0.34    0.02748914852    0.06509429951
v             0.34    0.04994729868    0.04994729868
v             0.34    0.06509429951    0.02748914852
v            0.374          0.07065                0
v            0.374    0.06509429951   -0.02748914852
v            0.374    0.04994729868   -0.04994729868
v            0.374    0.02748914852   -0.06509429951
v            0.374                0         -0.07065
v            0.374   -0.02748914852   -0.06509429951
v            0.374   -0.04994729868   -0.04994729868
v            0.374   -0.06509429951   -0.02748914852
v            0.374         -0.07065                0
v            0.374   -0.06509429951    0.02748914852
v            0.374   -0.04994729868    0.04994729868
v            0.374   -0.02748914852    0.06509429951
v            0.374                0          0.07065
v            0.374    0.02748914852    0.06509429951
v            0.374    0.04994729868    0.04994729868
v            0.374    0.06509429951    0.02748914852
v            0.408          0.07065                0
v            0.408    0.06509429951   -0.02748914852
v            0.408    0.04994729868   -0.04994729868
v            0.408    0.02748914852   -0.06509429951
v            0.408                0         -0.07065
v            0.408   -0.02748914852   -0.06509429951
v            0.408   -0.04994729868   -0.04994729868
v            0.408   -0.06509429951   -0.02748914852
v            0.408         -0.07065                0
v            0.408   -0.06509429951    0.02748914852
v            0.408   -0.04994729868    0.04994729868
v            0.408   -0.02748914852    0.06509429951
v            0.408                0          0.07065
v            0.408    0.02748914852    0.06509429951
v            0.408    0.04994729868    0.04994729868
v            0.408    0.06509429951    0.02748914852
v            0.442          0.07065                0
v            0.442    0.06509429951   -0.02748914852
v            0.442    0.04994729868   -0.04994729868
v            0.442    0.02748914852   -0.06509429951
v            0.442                0         -0.07065
v            0.442   -0.02748914852   -0.06509429951
v            0.442   -0.04994729868   -0.04994729868
v            0.442   -0.06509429951   -0.02748914852
v            0.442         -0.07065                0
v            0.442   -0.06509429951    0.02748914852
v            0.442   -0.04994729868    0.04994729868
v            0.442   -0.02748914852    0.06509429951
v            0.442                0          0.07065
v            0.442    0.02748914852    0.06509429951
v            0.442    0.04994729868    0.04994729868
v            0.442    0.06509429951    0.02748914852
v            0.476          0.07065                0
v            0.476    0.06509429951   -0.02748914852
v            0.476    0.04994729868   -0.04994729868
v            0.476    0.02748914852   -0.06509429951
v            0.476                0         -0.07065
v            0.476   -0.02748914852   -0.06509429951
v            0.476   -0.04994729868   -0.04994729868
v            0.476   -0.06509429951   -0.02748914852
v            0.476         -0.07065                0
v            0.476   -0.06509429951    0.02748914852
v            0.476   -0.04994729868    0.04994729868
v            0.476   -0.02748914852    0.06509429951
v            0.476                0          0.07065
v            0.476    0.02748914852    0.06509429951
v            0.476    0.04994729868    0.04994729868
v            0.476    0.06509429951    0.02748914852
v             0.51          0.07065                0
v             0.51    0.06509429951   -0.02748914852
v             0.51    0.04994729868   -0.04994729868
v             0.51    0.02748914852   -0.06509429951
v             0.51                0         -0.07065
v             0.51   -0.02748914852   -0.06509429951
v             0.51   -0.04994729868   -0.04994729868
v             0.51   -0.06509429951   -0.02748914852
v             0.51         -0.07065                0
v             0.51   -0.06509429951    0.02748914852
v             0.51   -0.04994729868    0.04994729868
v             0.51   -0.02748914852    0.06509429951
v             0.51                0          0.07065
v             0.51    0.02748914852    0.06509429951
v             0.51    0.04994729868    0.04994729868
v             0.51    0.06509429951    0.02748914852
v     0.5464296775    0.06839272252 -1.110223025e-19
v     0.5464296775    0.06301889987   -0.02659025633
v     0.5464296775     0.0483518928    -0.0483518928
v     0.5464296775    0.02659025633   -0.06301889987
v     0.5464296775 -1.400907848e-18   -0.06839272252
v     0.5464296775   -0.02659025633   -0.06301889987
v     0.5464296775    -0.0483518928    -0.0483518928
v     0.5464296775   -0.06301889987   -0.02659025633
v     0.5464296775   -0.06839272252  6.048540756e-19
v     0.5464296775   -0.06301889987    0.02659025633
v     0.5464296775    -0.0483518928     0.0483518928
v     0.5464296775   -0.02659025633    0.06301889987
v     0.5464296775 -1.697289857e-18    0.06839272252
v     0.5464296775    0.02659025633    0.06301889987
v     0.5464296775     0.0483518928     0.0483518928
v     0.5464296775    0.06301889987    0.02659025633
v     0.5852890324    0.06185216756 -3.330669074e-19
v     0.5852890324    0.05700141905   -0.02400417735
v     0.5852890324    0.04372876361   -0.04372876361
v     0.5852890324    0.02400417735   -0.05700141905
v     0.5852890324 -4.202723544e-18   -0.06185216756
v     0.5852890324   -0.02400417735   -0.05700141905
v     0.5852890324   -0.04372876361   -0.04372876361
v     0.5852890324   -0.05700141905   -0.02400417735
v     0.5852890324   -0.06185216756  1.814562227e-18
v     0.5852890324   -0.05700141905    0.02400417735
v     0.5852890324   -0.04372876361    0.04372876361
v     0.5852890324   -0.02400417735    0.05700141905
v     0.5852890324 -5.091869571e-18    0.06185216756
v     0.5852890324    0.02400417735    0.05700141905
v     0.5852890324    0.04372876361    0.04372876361
v     0.5852890324    0.05700141905    0.02400417735
v     0.6229335487    0.05137525134 -4.996003611e-19
v     0.6229335487     0.0473549342   -0.01989680791
v     0.6229335487    0.03632254376   -0.03632254376
v     0.6229335487    0.01989680791    -0.0473549342
v     0.6229335487 -6.304085316e-18   -0.05137525134
v     0.6229335487   -0.01989680791    -0.0473549342
v     0.6229335487   -0.03632254376   -0.03632254376
v     0.6229335487    -0.0473549342   -0.01989680791
v     0.6229335487   -0.05137525134   2.72184334e-18
v     0.6229335487    -0.0473549342    0.01989680791
v     0.6229335487   -0.03632254376    0.03632254376
v     0.6229335487   -0.01989680791     0.0473549342
v     0.6229335487 -7.637804356e-18    0.05137525134
v     0.6229335487    0.01989680791     0.0473549342
v     0.6229335487    0.03632254376    0.03632254376
v     0.6229335487     0.0473549342    0.01989680791
v     0.6557187099    0.03730889008 -4.440892099e-19
v     0.6557187099    0.03439252247   -0.01443404435
v     0.6557187099     0.0263778659    -0.0263778659
v     0.6557187099    0.01443404435   -0.03439252247
v     0.6557187099 -5.603631392e-18   -0.03730889008
v     0.6557187099   -0.01443404435   -0.03439252247
v     0.6557187099    -0.0263778659    -0.0263778659
v     0.6557187099   -0.03439252247   -0.01443404435
v     0.6557187099   -0.03730889008  2.419416302e-18
v     0.6557187099   -0.03439252247    0.01443404435
v     0.6557187099    -0.0263778659     0.0263778659
v     0.6557187099   -0.01443404435    0.03439252247
v     0.6557187099 -6.789159428e-18    0.03730889008
v     0.6557187099    0.01443404435    0.03439252247
v     0.6557187099     0.0263778659     0.0263778659
v     0.6557187099    0.03439252247    0.01443404435
v             0.68             0.02                0
v             0.68    0.01842726101  -0.007781783019
v             0.68    0.01413936268   -0.01413936268
v             0.68   0.007781783019   -0.01842726101
v             0.68                0            -0.02
v             0.68  -0.007781783019   -0.01842726101
v             0.68   -0.01413936268   -0.01413936268
v             0.68   -0.01842726101  -0.007781783019
v             0.68            -0.02                0
v             0.68   -0.01842726101   0.007781783019
v             0.68   -0.01413936268    0.01413936268
v             0.68  -0.007781783019    0.01842726101
v             0.68                0             0.02
v             0.68   0.007781783019    0.01842726101
v             0.68    0.01413936268    0.01413936268
v             0.68    0.01842726101   0.007781783019
v             0.61                0                0
v     0.6084758654                0 -1.865347379e-18
v     0.6084758654                0 -7.058667172e-05
v     0.6062852394                0 -2.922025328e-18
v     0.6062852394                0 -0.0001696356918
v     0.6032016715                0 -2.583566197e-18
v     0.6032016715                0 -0.0003043891807
v     0.5989863224                0 -2.384505097e-18
v     0.5989863224                0 -0.0004801238968
v     0.5934485794                0 -3.132380299e-18
v     0.5934485794                0 -0.0006965410719
v     0.5865418572                0 -1.979113166e-18
v     0.5865418572                0  -0.000943033592
v     0.5784647146                0 -1.330971641e-18
v     0.5784647146                0  -0.001195026105
v     0.5697000012                0 -1.084202172e-18
v     0.5697000012                0  -0.001414626986
v     0.5609291369                0  -0.001559510524
v     0.5609291369                0 -1.294037805e-18
v     0.5528368641                0   -0.00159919094
v     0.5528368641                0   4.96474286e-20
v     0.5459143453                0  -0.001528056347
v     0.5459143453                0  -2.01917522e-19
v     0.5403698696                0  -0.001363639769
v     0.5403698696                0 -4.178120257e-19
v     0.5361658339                0   -0.00113236804
v     0.5361658339                0  4.719232846e-19
v     0.5331225837                0 -0.0008525402653
v     0.5331225837                0  1.765157099e-18
v     0.5310332547                0 -0.0005142718705
v     0.5310332547                0  -7.25959735e-18
v             0.53                0                0
v     0.5310332547                0  0.0005142718705
v     0.5331225837                0  0.0008525402653
v     0.5361658339                0    0.00113236804
v     0.5403698696                0   0.001363639769
v     0.5459143453                0   0.001528056347
v     0.5528368641                0    0.00159919094
v     0.5609291369                0   0.001559510524
v     0.5697000012                0   0.001414626986
v     0.5784647146                0   0.001195026105
v     0.5865418572                0   0.000943033592
v     0.5934485794                0  0.0006965410719
v     0.5989863224                0  0.0004801238968
v     0.6032016715                0  0.0003043891807
v     0.6062852394                0  0.0001696356918
v     0.6084758654                0  7.058667172e-05
v     0.6084758654                0 -0.0001411733434
v     0.6062852394                0 -0.0003392713837
v     0.6032016715                0 -0.0006087783613
v     0.5989863224                0 -0.0009602477936
v     0.5934485794                0  -0.001393082144
v     0.5865418572                0  -0.001886067184
v     0.5784647146                0  -0.002390052209
v     0.5697000012                0  -0.002829253971
v     0.5609291369                0  -0.003119021048
v     0.5528368641                0  -0.003198381879
v     0.5459143453                0  -0.003056112694
v     0.5403698696                0  -0.002727279539
v     0.5361658339                0  -0.002264736079
v     0.5331225837                0  -0.001705080531
v     0.5310332547                0  -0.001028543741
v     0.5310332547                0   0.001028543741
v     0.5331225837                0   0.001705080531
v     0.5361658339                0   0.002264736079
v     0.5403698696                0   0.002727279539
v     0.5459143453                0   0.003056112694
v     0.5528368641                0   0.003198381879
v     0.5609291369                0   0.003119021048
v     0.5697000012                0   0.002829253971
v     0.5784647146                0   0.002390052209
v     0.5865418572                0   0.001886067184
v     0.5934485794                0   0.001393082144
v     0.5989863224                0  0.0009602477936
v     0.6032016715                0  0.0006087783613
v     0.6062852394                0  0.0003392713837
v     0.6084758654                0  0.0001411733434
v             0.61            0.032                0
v     0.6084758654            0.032 -0.0001411733434
v     0.6062852394            0.032 -0.0003392713837
v     0.6032016715            0.032 -0.0006087783613
v     0.5989863224            0.032 -0.0009602477936
v     0.5934485794            0.032  -0.001393082144
v     0.5865418572            0.032  -0.001886067184
v     0.5784647146            0.032  -0.002390052209
v     0.5697000012            0.032  -0.002829253971
v     0.5609291369            0.032  -0.003119021048
v     0.5528368641            0.032  -0.003198381879
v     0.5459143453            0.032  -0.003056112694
v     0.5403698696            0.032  -0.002727279539
v     0.5361658339            0.032  -0.002264736079
v     0.5331225837            0.032  -0.001705080531
v     0.5310332547            0.032  -0.001028543741
v             0.53            0.032                0
v     0.5310332547            0.032   0.001028543741
v     0.5331225837            0.032   0.001705080531
v     0.5361658339            0.032   0.002264736079
v     0.5403698696            0.032   0.002727279539
v     0.5459143453            0.032   0.003056112694
v     0.5528368641            0.032   0.003198381879
v     0.5609291369            0.032   0.003119021048
v     0.5697000012            0.032   0.002829253971
v     0.5784647146            0.032   0.002390052209
v     0.5865418572            0.032   0.001886067184
v     0.5934485794            0.032   0.001393082144
v     0.5989863224            0.032  0.0009602477936
v     0.6032016715            0.032  0.0006087783613
v     0.6062852394            0.032  0.0003392713837
v     0.6084758654            0.032  0.0001411733434
v             0.61            0.064                0
v     0.6084758654            0.064 -0.0001411733434
v     0.6062852394            0.064 -0.0003392713837
v     0.6032016715            0.064 -0.0006087783613
v     0.5989863224            0.064 -0.0009602477936
v     0.5934485794            0.064  -0.001393082144
v     0.5865418572            0.064  -0.001886067184
v     0.5784647146            0.064  -0.002390052209
v     0.5697000012            0.064  -0.002829253971
v     0.5609291369            0.064  -0.003119021048
v     0.5528368641            0.064  -0.003198381879
v     0.5459143453            0.064  -0.003056112694
v     0.5403698696            0.064  -0.002727279539
v     0.5361658339            0.064  -0.002264736079
v     0.5331225837            0.064  -0.001705080531
v     0.5310332547            0.064  -0.001028543741
v             0.53            0.064                0
v     0.5310332547            0.064   0.001028543741
v     0.5331225837            0.064   0.001705080531
v     0.5361658339            0.064   0.002264736079
v     0.5403698696            0.064   0.002727279539
v     0.5459143453            0.064   0.003056112694
v     0.5528368641            0.064   0.003198381879
v     0.5609291369            0.064   0.003119021048
v     0.5697000012            0.064   0.002829253971
v     0.5784647146            0.064   0.002390052209
v     0.5865418572            0.064   0.001886067184
v     0.5934485794            0.064   0.001393082144
v     0.5989863224            0.064  0.0009602477936
v     0.6032016715            0.064  0.0006087783613
v     0.6062852394            0.064  0.0003392713837
v     0.6084758654            0.064  0.0001411733434
v             0.61            0.096                0
v     0.6084758654            0.096 -0.0001411733434
v     0.6062852394            0.096 -0.0003392713837
v     0.6032016715            0.096 -0.0006087783613
v     0.5989863224            0.096 -0.0009602477936
v     0.5934485794            0.096  -0.001393082144
v     0.5865418572            0.096  -0.001886067184
v     0.5784647146            0.096  -0.002390052209
v     0.5697000012            0.096  -0.002829253971
v     0.5609291369            0.096  -0.003119021048
v     0.5528368641            0.096  -0.003198381879
v     0.5459143453            0.096  -0.003056112694
v     0.5403698696            0.096  -0.002727279539
v     0.5361658339            0.096  -0.002264736079
v     0.5331225837            0.096  -0.001705080531
v     0.5310332547            0.096  -0.001028543741
v             0.53            0.096                0
v     0.5310332547            0.096   0.001028543741
v     0.5331225837            0.096   0.001705080531
v     0.5361658339            0.096   0.002264736079
v     0.5403698696            0.096   0.002727279539
v     0.5459143453            0.096   0.003056112694
v     0.5528368641            0.096   0.003198381879
v     0.5609291369            0.096   0.003119021048
v     0.5697000012            0.096   0.002829253971
v     0.5784647146            0.096   0.002390052209
v     0.5865418572            0.096   0.001886067184
v     0.5934485794            0.096   0.001393082144
v     0.5989863224            0.096  0.0009602477936
v     0.6032016715            0.096  0.0006087783613
v     0.6062852394            0.096  0.0003392713837
v     0.6084758654            0.096  0.0001411733434
v     0.6084758654            0.128 -0.0001411733434
v             0.61            0.128                0
v     0.6062852394            0.128 -0.0003392713837
v     0.6032016715            0.128 -0.0006087783613
v     0.5989863224            0.128 -0.0009602477936
v     0.5934485794            0.128  -0.001393082144
v     0.5865418572            0.128  -0.001886067184
v     0.5784647146            0.128  -0.002390052209
v     0.5697000012            0.128  -0.002829253971
v     0.5609291369            0.128  -0.003119021048
v     0.5528368641            0.128  -0.003198381879
v     0.5459143453            0.128  -0.003056112694
v     0.5403698696            0.128  -0.002727279539
v     0.5361658339            0.128  -0.002264736079
v     0.5331225837            0.128  -0.001705080531
v     0.5310332547            0.128  -0.001028543741
v             0.53            0.128                0
v     0.5310332547            0.128   0.001028543741
v     0.5331225837            0.128   0.001705080531
v     0.5361658339            0.128   0.002264736079
v     0.5403698696            0.128   0.002727279539
v     0.5459143453            0.128   0.003056112694
v     0.5528368641            0.128   0.003198381879
v     0.5609291369            0.128   0.003119021048
v     0.5697000012            0.128   0.002829253971
v     0.5784647146            0.128   0.002390052209
v     0.5865418572            0.128   0.001886067184
v     0.5934485794            0.128   0.001393082144
v     0.5989863224            0.128  0.0009602477936
v     0.6032016715            0.128  0.0006087783613
v     0.6062852394            0.128  0.0003392713837
v     0.6084758654            0.128  0.0001411733434
v     0.6084758654             0.16 -0.0001411733434
v             0.61             0.16                0
v     0.6062852394             0.16 -0.0003392713837
v     0.6032016715             0.16 -0.0006087783613
v     0.5989863224             0.16 -0.0009602477936
v     0.5934485794             0.16  -0.001393082144
v     0.5865418572             0.16  -0.001886067184
v     0.5784647146             0.16  -0.002390052209
v     0.5697000012             0.16  -0.002829253971
v     0.5609291369             0.16  -0.003119021048
v     0.5528368641             0.16  -0.003198381879
v     0.5459143453             0.16  -0.003056112694
v     0.5403698696             0.16  -0.002727279539
v     0.5361658339             0.16  -0.002264736079
v     0.5331225837             0.16  -0.001705080531
v     0.5310332547             0.16  -0.001028543741
v             0.53             0.16                0
v     0.5310332547             0.16   0.001028543741
v     0.5331225837             0.16   0.001705080531
v     0.5361658339             0.16   0.002264736079
v     0.5403698696             0.16   0.002727279539
v     0.5459143453             0.16   0.003056112694
v     0.5528368641             0.16   0.003198381879
v     0.5609291369             0.16   0.003119021048
v     0.5697000012             0.16   0.002829253971
v     0.5784647146             0.16   0.002390052209
v     0.5865418572             0.16   0.001886067184
v     0.5934485794             0.16   0.001393082144
v     0.5989863224             0.16  0.0009602477936
v     0.6032016715             0.16  0.0006087783613
v     0.6062852394             0.16  0.0003392713837
v     0.6084758654             0.16  0.0001411733434
v     0.6084758654             0.16 -7.058667172e-05
v     0.6062852394             0.16 -0.0001696356918
v     0.6032016715             0.16 -0.0003043891807
v     0.5989863224             0.16 -0.0004801238968
v     0.5934485794             0.16 -0.0006965410719
v     0.5865418572             0.16  -0.000943033592
v     0.5784647146             0.16  -0.001195026105
v     0.5697000012             0.16  -0.001414626986
v     0.5609291369             0.16  -0.001559510524
v     0.5528368641             0.16   -0.00159919094
v     0.5459143453             0.16  -0.001528056347
v     0.5403698696             0.16  -0.001363639769
v     0.5361658339             0.16   -0.00113236804
v     0.5331225837             0.16 -0.0008525402653
v     0.5310332547             0.16 -0.0005142718705
v     0.5310332547             0.16  0.0005142718705
v     0.5331225837             0.16  0.0008525402653
v     0.5361658339             0.16    0.00113236804
v     0.5403698696             0.16   0.001363639769
v     0.5459143453             0.16   0.001528056347
v     0.5528368641             0.16    0.00159919094
v     0.5609291369             0.16   0.001559510524
v     0.5697000012             0.16   0.001414626986
v     0.5784647146             0.16   0.001195026105
v     0.5865418572             0.16   0.000943033592
v     0.5934485794             0.16  0.0006965410719
v     0.5989863224             0.16  0.0004801238968
v     0.6032016715             0.16  0.0003043891807
v     0.6062852394             0.16  0.0001696356918
v     0.6084758654             0.16  7.058667172e-05
v     0.6084758654             0.16 -1.865347379e-18
v     0.6062852394             0.16 -2.922025328e-18
v     0.6032016715             0.16 -2.583566197e-18
v     0.5989863224             0.16 -2.384505097e-18
v     0.5934485794             0.16 -3.132380299e-18
v     0.5865418572             0.16 -1.979113166e-18
v     0.5784647146             0.16 -1.330971641e-18
v     0.5697000012             0.16 -1.084202172e-18
v     0.5609291369             0.16 -1.294037805e-18
v     0.5528368641             0.16   4.96474286e-20
v     0.5459143453             0.16  -2.01917522e-19
v     0.5403698696             0.16 -4.178120257e-19
v     0.5361658339             0.16  4.719232846e-19
v     0.5331225837             0.16  1.765157099e-18
v     0.5310332547             0.16  -7.25959735e-18
v     0.6084758654  7.058667172e-05 -4.322187079e-21
v     0.6062852394  0.0001696356918 -1.038719035e-20
v     0.6032016715  0.0003043891807 -1.863846179e-20
v     0.5989863224  0.0004801238968 -2.939910967e-20
v     0.5934485794  0.0006965410719 -4.265083971e-20
v     0.5865418572   0.000943033592  -5.77441535e-20
v     0.5784647146   0.001195026105  -7.31742447e-20
v     0.5697000012   0.001414626986  -8.66209205e-20
v     0.5609291369   0.001559510524 -9.549247857e-20
v     0.5528368641    0.00159919094 -9.792220328e-20
v     0.5459143453   0.001528056347 -9.356646571e-20
v     0.5403698696   0.001363639769 -8.349885394e-20
v     0.5361658339    0.00113236804 -6.933754477e-20
v     0.5331225837  0.0008525402653 -5.220303535e-20
v     0.5310332547  0.0005142718705 -3.149007001e-20
v     0.5310332547 -0.0005142718705  3.149007001e-20
v     0.5331225837 -0.0008525402653  5.220303535e-20
v     0.5361658339   -0.00113236804  6.933754477e-20
v     0.5403698696  -0.001363639769  8.349885394e-20
v     0.5459143453  -0.001528056347  9.356646571e-20
v     0.5528368641   -0.00159919094  9.792220328e-20
v     0.5609291369  -0.001559510524  9.549247857e-20
v     0.5697000012  -0.001414626986   8.66209205e-20
v     0.5784647146  -0.001195026105   7.31742447e-20
v     0.5865418572  -0.000943033592   5.77441535e-20
v     0.5934485794 -0.0006965410719  4.265083971e-20
v     0.5989863224 -0.0004801238968  2.939910967e-20
v     0.6032016715 -0.0003043891807  1.863846179e-20
v     0.6062852394 -0.0001696356918  1.038719035e-20
v     0.6084758654 -7.058667172e-05  4.322187079e-21
v     0.6084758654  0.0001411733434 -8.644374159e-21
v     0.6062852394  0.0003392713837  -2.07743807e-20
v     0.6032016715  0.0006087783613 -3.727692358e-20
v     0.5989863224  0.0009602477936 -5.879821934e-20
v     0.5934485794   0.001393082144 -8.530167942e-20
v     0.5865418572   0.001886067184  -1.15488307e-19
v     0.5784647146   0.002390052209 -1.463484894e-19
v     0.5697000012   0.002829253971  -1.73241841e-19
v     0.5609291369   0.003119021048 -1.909849571e-19
v     0.5528368641   0.003198381879 -1.958444066e-19
v     0.5459143453   0.003056112694 -1.871329314e-19
v     0.5403698696   0.002727279539 -1.669977079e-19
v     0.5361658339   0.002264736079 -1.386750895e-19
v     0.5331225837   0.001705080531 -1.044060707e-19
v     0.5310332547   0.001028543741 -6.298014001e-20
v     0.5310332547  -0.001028543741  6.298014001e-20
v     0.5331225837  -0.001705080531  1.044060707e-19
v     0.5361658339  -0.002264736079  1.386750895e-19
v     0.5403698696  -0.002727279539  1.669977079e-19
v     0.5459143453  -0.003056112694  1.871329314e-19
v     0.5528368641  -0.003198381879  1.958444066e-19
v     0.5609291369  -0.003119021048  1.909849571e-19
v     0.5697000012  -0.002829253971   1.73241841e-19
v     0.5784647146  -0.002390052209  1.463484894e-19
v     0.5865418572  -0.001886067184   1.15488307e-19
v     0.5934485794  -0.001393082144  8.530167942e-20
v     0.5989863224 -0.0009602477936  5.879821934e-20
v     0.6032016715 -0.0006087783613  3.727692358e-20
v     0.6062852394 -0.0003392713837   2.07743807e-20
v     0.6084758654 -0.0001411733434  8.644374159e-21
v             0.61  1.959434879e-18            0.032
v     0.6084758654  0.0001411733434            0.032
v     0.6062852394  0.0003392713837            0.032
v     0.6032016715  0.0006087783613            0.032
v     0.5989863224  0.0009602477936            0.032
v     0.5934485794   0.001393082144            0.032
v     0.5865418572   0.001886067184            0.032
v     0.5784647146   0.002390052209            0.032
v     0.5697000012   0.002829253971            0.032
v     0.5609291369   0.003119021048            0.032
v     0.5528368641   0.003198381879            0.032
v     0.5459143453   0.003056112694            0.032
v     0.5403698696   0.002727279539            0.032
v     0.5361658339   0.002264736079            0.032
v     0.5331225837   0.001705080531            0.032
v     0.5310332547   0.001028543741            0.032
v             0.53  1.959434879e-18            0.032
v     0.5310332547  -0.001028543741            0.032
v     0.5331225837  -0.001705080531            0.032
v     0.5361658339  -0.002264736079            0.032
v     0.5403698696  -0.002727279539            0.032
v     0.5459143453  -0.003056112694            0.032
v     0.5528368641  -0.003198381879            0.032
v     0.5609291369  -0.003119021048            0.032
v     0.5697000012  -0.002829253971            0.032
v     0.5784647146  -0.002390052209            0.032
v     0.5865418572  -0.001886067184            0.032
v     0.5934485794  -0.001393082144            0.032
v     0.5989863224 -0.0009602477936            0.032
v     0.6032016715 -0.0006087783613            0.032
v     0.6062852394 -0.0003392713837            0.032
v     0.6084758654 -0.0001411733434            0.032
v             0.61  3.918869757e-18            0.064
v     0.6084758654  0.0001411733434            0.064
v     0.6062852394  0.0003392713837            0.064
v     0.6032016715  0.0006087783613            0.064
v     0.5989863224  0.0009602477936            0.064
v     0.5934485794   0.001393082144            0.064
v     0.5865418572   0.001886067184            0.064
v     0.5784647146   0.002390052209            0.064
v     0.5697000012   0.002829253971            0.064
v     0.5609291369   0.003119021048            0.064
v     0.5528368641   0.003198381879            0.064
v     0.5459143453   0.003056112694            0.064
v     0.5403698696   0.002727279539            0.064
v     0.5361658339   0.002264736079            0.064
v     0.5331225837   0.001705080531            0.064
v     0.5310332547   0.001028543741            0.064
v             0.53  3.918869757e-18            0.064
v     0.5310332547  -0.001028543741            0.064
v     0.5331225837  -0.001705080531            0.064
v     0.5361658339  -0.002264736079            0.064
v     0.5403698696  -0.002727279539            0.064
v     0.5459143453  -0.003056112694            0.064
v     0.5528368641  -0.003198381879            0.064
v     0.5609291369  -0.003119021048            0.064
v     0.5697000012  -0.002829253971            0.064
v     0.5784647146  -0.002390052209            0.064
v     0.5865418572  -0.001886067184            0.064
v     0.5934485794  -0.001393082144            0.064
v     0.5989863224 -0.0009602477936            0.064
v     0.6032016715 -0.0006087783613            0.064
v     0.6062852394 -0.0003392713837            0.064
v     0.6084758654 -0.0001411733434            0.064
v             0.61  5.878304636e-18            0.096
v     0.6084758654  0.0001411733434            0.096
v     0.6062852394  0.0003392713837            0.096
v     0.6032016715  0.0006087783613            0.096
v     0.5989863224  0.0009602477936            0.096
v     0.5934485794   0.001393082144            0.096
v     0.5865418572   0.001886067184            0.096
v     0.5784647146   0.002390052209            0.096
v     0.5697000012   0.002829253971            0.096
v     0.5609291369   0.003119021048            0.096
v     0.5528368641   0.003198381879            0.096
v     0.5459143453   0.003056112694            0.096
v     0.5403698696   0.002727279539            0.096
v     0.5361658339   0.002264736079            0.096
v     0.5331225837   0.001705080531            0.096
v     0.5310332547   0.001028543741            0.096
v             0.53  5.878304636e-18            0.096
v     0.5310332547  -0.001028543741            0.096
v     0.5331225837  -0.001705080531            0.096
v     0.5361658339  -0.002264736079            0.096
v     0.5403698696  -0.002727279539            0.096
v     0.5459143453  -0.003056112694            0.096
v     0.5528368641  -0.003198381879            0.096
v     0.5609291369  -0.003119021048            0.096
v     0.5697000012  -0.002829253971            0.096
v     0.5784647146  -0.002390052209            0.096
v     0.5865418572  -0.001886067184            0.096
v     0.5934485794  -0.001393082144            0.096
v     0.5989863224 -0.0009602477936            0.096
v     0.6032016715 -0.0006087783613            0.096
v     0.6062852394 -0.0003392713837            0.096
v     0.6084758654 -0.0001411733434            0.096
v     0.6084758654  0.0001411733434            0.128
v             0.61  7.837739515e-18            0.128
v     0.6062852394  0.0003392713837            0.128
v     0.6032016715  0.0006087783613            0.128
v     0.5989863224  0.0009602477936            0.128
v     0.5934485794   0.001393082144            0.128
v     0.5865418572   0.001886067184            0.128
v     0.5784647146   0.002390052209            0.128
v     0.5697000012   0.002829253971            0.128
v     0.5609291369   0.003119021048            0.128
v     0.5528368641   0.003198381879            0.128
v     0.5459143453   0.003056112694            0.128
v     0.5403698696   0.002727279539            0.128
v     0.5361658339   0.002264736079            0.128
v     0.5331225837   0.001705080531            0.128
v     0.5310332547   0.001028543741            0.128
v             0.53  7.837739515e-18            0.128
v     0.5310332547  -0.001028543741            0.128
v     0.5331225837  -0.001705080531            0.128
v     0.5361658339  -0.002264736079            0.128
v     0.5403698696  -0.002727279539            0.128
v     0.5459143453  -0.003056112694            0.128
v     0.5528368641  -0.003198381879            0.128
v     0.5609291369  -0.003119021048            0.128
v     0.5697000012  -0.002829253971            0.128
v     0.5784647146  -0.002390052209            0.128
v     0.5865418572  -0.001886067184            0.128
v     0.5934485794  -0.001393082144            0.128
v     0.5989863224 -0.0009602477936            0.128
v     0.6032016715 -0.0006087783613            0.128
v     0.6062852394 -0.0003392713837            0.128
v     0.6084758654 -0.0001411733434            0.128
v     0.6084758654  0.0001411733434             0.16
v             0.61  9.797174393e-18             0.16
v     0.6062852394  0.0003392713837             0.16
v     0.6032016715  0.0006087783613             0.16
v     0.5989863224  0.0009602477936             0.16
v     0.5934485794   0.001393082144             0.16
v     0.5865418572   0.001886067184             0.16
v     0.5784647146   0.002390052209             0.16
v     0.5697000012   0.002829253971             0.16
v     0.5609291369   0.003119021048             0.16
v     0.5528368641   0.003198381879             0.16
v     0.5459143453   0.003056112694             0.16
v     0.5403698696   0.002727279539             0.16
v     0.5361658339   0.002264736079             0.16
v     0.5331225837   0.001705080531             0.16
v     0.5310332547   0.001028543741             0.16
v             0.53  9.797174393e-18             0.16
v     0.5310332547  -0.001028543741             0.16
v     0.5331225837  -0.001705080531             0.16
v     0.5361658339  -0.002264736079             0.16
v     0.5403698696  -0.002727279539             0.16
v     0.5459143453  -0.003056112694             0.16
v     0.5528368641  -0.003198381879             0.16
v     0.5609291369  -0.003119021048             0.16
v     0.5697000012  -0.002829253971             0.16
v     0.5784647146  -0.002390052209             0.16
v     0.5865418572  -0.001886067184             0.16
v     0.5934485794  -0.001393082144             0.16
v     0.5989863224 -0.0009602477936             0.16
v     0.6032016715 -0.0006087783613             0.16
v     0.6062852394 -0.0003392713837             0.16
v     0.6084758654 -0.0001411733434             0.16
v     0.6084758654  7.058667172e-05             0.16
v     0.6062852394  0.0001696356918             0.16
v     0.6032016715  0.0003043891807             0.16
v     0.5989863224  0.0004801238968             0.16
v     0.5934485794  0.0006965410719             0.16
v     0.5865418572   0.000943033592             0.16
v     0.5784647146   0.001195026105             0.16
v     0.5697000012   0.001414626986             0.16
v     0.5609291369   0.001559510524             0.16
v     0.5528368641    0.00159919094             0.16
v     0.5459143453   0.001528056347             0.16
v     0.5403698696   0.001363639769             0.16
v     0.5361658339    0.00113236804             0.16
v     0.5331225837  0.0008525402653             0.16
v     0.5310332547  0.0005142718705             0.16
v     0.5310332547 -0.0005142718705             0.16
v     0.5331225837 -0.0008525402653             0.16
v     0.5361658339   -0.00113236804             0.16
v     0.5403698696  -0.001363639769             0.16
v     0.5459143453  -0.001528056347             0.16
v     0.5528368641   -0.00159919094             0.16
v     0.5609291369  -0.001559510524             0.16
v     0.5697000012  -0.001414626986             0.16
v     0.5784647146  -0.001195026105             0.16
v     0.5865418572  -0.000943033592             0.16
v     0.5934485794 -0.0006965410719             0.16
v     0.5989863224 -0.0004801238968             0.16
v     0.6032016715 -0.0003043891807             0.16
v     0.6062852394 -0.0001696356918             0.16
v     0.6084758654 -7.058667172e-05             0.16
v     0.6084758654  1.166252177e-17             0.16
v     0.6062852394  1.271919972e-17             0.16
v     0.6032016715  1.238074059e-17             0.16
v     0.5989863224  1.218167949e-17             0.16
v     0.5934485794  1.292955469e-17             0.16
v     0.5865418572  1.177628756e-17             0.16
v     0.5784647146  1.112814603e-17             0.16
v     0.5697000012  1.088137657e-17             0.16
v     0.5609291369   1.10912122e-17             0.16
v     0.5528368641  9.747526965e-18             0.16
v     0.5459143453  9.999091915e-18             0.16
v     0.5403698696  1.021498642e-17             0.16
v     0.5361658339  9.325251109e-18             0.16
v     0.5331225837  8.032017294e-18             0.16
v     0.5310332547  1.705677174e-17             0.16
v             0.61           -0.032  3.918869757e-18
v     0.6084758654           -0.032  0.0001411733434
v     0.6062852394           -0.032  0.0003392713837
v     0.6032016715           -0.032  0.0006087783613
v     0.5989863224           -0.032  0.0009602477936
v     0.5934485794           -0.032   0.001393082144
v     0.5865418572           -0.032   0.001886067184
v     0.5784647146           -0.032   0.002390052209
v     0.5697000012           -0.032   0.002829253971
v     0.5609291369           -0.032   0.003119021048
v     0.5528368641           -0.032   0.003198381879
v     0.5459143453           -0.032   0.003056112694
v     0.5403698696           -0.032   0.002727279539
v     0.5361658339           -0.032   0.002264736079
v     0.5331225837           -0.032   0.001705080531
v     0.5310332547           -0.032   0.001028543741
v             0.53           -0.032  3.918869757e-18
v     0.5310332547           -0.032  -0.001028543741
v     0.5331225837           -0.032  -0.001705080531
v     0.5361658339           -0.032  -0.002264736079
v     0.5403698696           -0.032  -0.002727279539
v     0.5459143453           -0.032  -0.003056112694
v     0.5528368641           -0.032  -0.003198381879
v     0.5609291369           -0.032  -0.003119021048
v     0.5697000012           -0.032  -0.002829253971
v     0.5784647146           -0.032  -0.002390052209
v     0.5865418572           -0.032  -0.001886067184
v     0.5934485794           -0.032  -0.001393082144
v     0.5989863224           -0.032 -0.0009602477936
v     0.6032016715           -0.032 -0.0006087783613
v     0.6062852394           -0.032 -0.0003392713837
v     0.6084758654           -0.032 -0.0001411733434
v             0.61           -0.064  7.837739515e-18
v     0.6084758654           -0.064  0.0001411733434
v     0.6062852394           -0.064  0.0003392713837
v     0.6032016715           -0.064  0.0006087783613
v     0.5989863224           -0.064  0.0009602477936
v     0.5934485794           -0.064   0.001393082144
v     0.5865418572           -0.064   0.001886067184
v     0.5784647146           -0.064   0.002390052209
v     0.5697000012           -0.064   0.002829253971
v     0.5609291369           -0.064   0.003119021048
v     0.5528368641           -0.064   0.003198381879
v     0.5459143453           -0.064   0.003056112694
v     0.5403698696           -0.064   0.002727279539
v     0.5361658339           -0.064   0.002264736079
v     0.5331225837           -0.064   0.001705080531
v     0.5310332547           -0.064   0.001028543741
v             0.53           -0.064  7.837739515e-18
v     0.5310332547           -0.064  -0.001028543741
v     0.5331225837           -0.064  -0.001705080531
v     0.5361658339           -0.064  -0.002264736079
v     0.5403698696           -0.064  -0.002727279539
v     0.5459143453           -0.064  -0.003056112694
v     0.5528368641           -0.064  -0.003198381879
v     0.5609291369           -0.064  -0.003119021048
v     0.5697000012           -0.064  -0.002829253971
v     0.5784647146           -0.064  -0.002390052209
v     0.5865418572           -0.064  -0.001886067184
v     0.5934485794           -0.064  -0.001393082144
v     0.5989863224           -0.064 -0.0009602477936
v     0.6032016715           -0.064 -0.0006087783613
v     0.6062852394           -0.064 -0.0003392713837
v     0.6084758654           -0.064 -0.0001411733434
v             0.61           -0.096  1.175660927e-17
v     0.6084758654           -0.096  0.0001411733434
v     0.6062852394           -0.096  0.0003392713837
v     0.6032016715           -0.096  0.0006087783613
v     0.5989863224           -0.096  0.0009602477936
v     0.5934485794           -0.096   0.001393082144
v     0.5865418572           -0.096   0.001886067184
v     0.5784647146           -0.096   0.002390052209
v     0.5697000012           -0.096   0.002829253971
v     0.5609291369           -0.096   0.003119021048
v     0.5528368641           -0.096   0.003198381879
v     0.5459143453           -0.096   0.003056112694
v     0.5403698696           -0.096   0.002727279539
v     0.5361658339           -0.096   0.002264736079
v     0.5331225837           -0.096   0.001705080531
v     0.5310332547           -0.096   0.001028543741
v             0.53           -0.096  1.175660927e-17
v     0.5310332547           -0.096  -0.001028543741
v     0.5331225837           -0.096  -0.001705080531
v     0.5361658339           -0.096  -0.002264736079
v     0.5403698696           -0.096  -0.002727279539
v     0.5459143453           -0.096  -0.003056112694
v     0.5528368641           -0.096  -0.003198381879
v     0.5609291369           -0.096  -0.003119021048
v     0.5697000012           -0.096  -0.002829253971
v     0.5784647146           -0.096  -0.002390052209
v     0.5865418572           -0.096  -0.001886067184
v     0.5934485794           -0.096  -0.001393082144
v     0.5989863224           -0.096 -0.0009602477936
v     0.6032016715           -0.096 -0.0006087783613
v     0.6062852394           -0.096 -0.0003392713837
v     0.6084758654           -0.096 -0.0001411733434
v     0.6084758654           -0.128  0.0001411733434
v             0.61           -0.128  1.567547903e-17
v     0.6062852394           -0.128  0.0003392713837
v     0.6032016715           -0.128  0.0006087783613
v     0.5989863224           -0.128  0.0009602477936
v     0.5934485794           -0.128   0.001393082144
v     0.5865418572           -0.128   0.001886067184
v     0.5784647146           -0.128   0.002390052209
v     0.5697000012           -0.128   0.002829253971
v     0.5609291369           -0.128   0.003119021048
v     0.5528368641           -0.128   0.003198381879
v     0.5459143453           -0.128   0.003056112694
v     0.5403698696           -0.128   0.002727279539
v     0.5361658339           -0.128   0.002264736079
v     0.5331225837           -0.128   0.001705080531
v     0.5310332547           -0.128   0.001028543741
v             0.53           -0.128  1.567547903e-17
v     0.5310332547           -0.128  -0.001028543741
v     0.5331225837           -0.128  -0.001705080531
v     0.5361658339           -0.128  -0.002264736079
v     0.5403698696           -0.128  -0.002727279539
v     0.5459143453           -0.128  -0.003056112694
v     0.5528368641           -0.128  -0.003198381879
v     0.5609291369           -0.128  -0.003119021048
v     0.5697000012           -0.128  -0.002829253971
v     0.5784647146           -0.128  -0.002390052209
v     0.5865418572           -0.128  -0.001886067184
v     0.5934485794           -0.128  -0.001393082144
v     0.5989863224           -0.128 -0.0009602477936
v     0.6032016715           -0.128 -0.0006087783613
v     0.6062852394           -0.128 -0.0003392713837
v     0.6084758654           -0.128 -0.0001411733434
v     0.6084758654            -0.16  0.0001411733434
v             0.61            -0.16  1.959434879e-17
v     0.6062852394            -0.16  0.0003392713837
v     0.6032016715            -0.16  0.0006087783613
v     0.5989863224            -0.16  0.0009602477936
v     0.5934485794            -0.16   0.001393082144
v     0.5865418572            -0.16   0.001886067184
v     0.5784647146            -0.16   0.002390052209
v     0.5697000012            -0.16   0.002829253971
v     0.5609291369            -0.16   0.003119021048
v     0.5528368641            -0.16   0.003198381879
v     0.5459143453            -0.16   0.003056112694
v     0.5403698696            -0.16   0.002727279539
v     0.5361658339            -0.16   0.002264736079
v     0.5331225837            -0.16   0.001705080531
v     0.5310332547            -0.16   0.001028543741
v             0.53            -0.16  1.959434879e-17
v     0.5310332547            -0.16  -0.001028543741
v     0.5331225837            -0.16  -0.001705080531
v     0.5361658339            -0.16  -0.002264736079
v     0.5403698696            -0.16  -0.002727279539
v     0.5459143453            -0.16  -0.003056112694
v     0.5528368641            -0.16  -0.003198381879
v     0.5609291369            -0.16  -0.003119021048
v     0.5697000012            -0.16  -0.002829253971
v     0.5784647146            -0.16  -0.002390052209
v     0.5865418572            -0.16  -0.001886067184
v     0.5934485794            -0.16  -0.001393082144
v     0.5989863224            -0.16 -0.0009602477936
v     0.6032016715            -0.16 -0.0006087783613
v     0.6062852394            -0.16 -0.0003392713837
v     0.6084758654            -0.16 -0.0001411733434
v     0.6084758654            -0.16  7.058667172e-05
v     0.6062852394            -0.16  0.0001696356918
v     0.6032016715            -0.16  0.0003043891807
v     0.5989863224            -0.16  0.0004801238968
v     0.5934485794            -0.16  0.0006965410719
v     0.5865418572            -0.16   0.000943033592
v     0.5784647146            -0.16   0.001195026105
v     0.5697000012            -0.16   0.001414626986
v     0.5609291369            -0.16   0.001559510524
v     0.5528368641            -0.16    0.00159919094
v     0.5459143453            -0.16   0.001528056347
v     0.5403698696            -0.16   0.001363639769
v     0.5361658339            -0.16    0.00113236804
v     0.5331225837            -0.16  0.0008525402653
v     0.5310332547            -0.16  0.0005142718705
v     0.5310332547            -0.16 -0.0005142718705
v     0.5331225837            -0.16 -0.0008525402653
v     0.5361658339            -0.16   -0.00113236804
v     0.5403698696            -0.16  -0.001363639769
v     0.5459143453            -0.16  -0.001528056347
v     0.5528368641            -0.16   -0.00159919094
v     0.5609291369            -0.16  -0.001559510524
v     0.5697000012            -0.16  -0.001414626986
v     0.5784647146            -0.16  -0.001195026105
v     0.5865418572            -0.16  -0.000943033592
v     0.5934485794            -0.16 -0.0006965410719
v     0.5989863224            -0.16 -0.0004801238968
v     0.6032016715            -0.16 -0.0003043891807
v     0.6062852394            -0.16 -0.0001696356918
v     0.6084758654            -0.16 -7.058667172e-05
v     0.6084758654            -0.16  2.145969616e-17
v     0.6062852394            -0.16  2.251637411e-17
v     0.6032016715            -0.16  2.217791498e-17
v     0.5989863224            -0.16  2.197885388e-17
v     0.5934485794            -0.16  2.272672908e-17
v     0.5865418572            -0.16  2.157346195e-17
v     0.5784647146            -0.16  2.092532043e-17
v     0.5697000012            -0.16  2.067855096e-17
v     0.5609291369            -0.16  2.088838659e-17
v     0.5528368641            -0.16  1.954470136e-17
v     0.5459143453            -0.16  1.979626631e-17
v     0.5403698696            -0.16  2.001216081e-17
v     0.5361658339            -0.16   1.91224255e-17
v     0.5331225837            -0.16  1.782919169e-17
v     0.5310332547            -0.16  2.685394614e-17
v             0.61  1.959434879e-18           -0.032
v     0.6084758654 -0.0001411733434           -0.032
v     0.6062852394 -0.0003392713837           -0.032
v     0.6032016715 -0.0006087783613           -0.032
v     0.5989863224 -0.0009602477936           -0.032
v     0.5934485794  -0.001393082144           -0.032
v     0.5865418572  -0.001886067184           -0.032
v     0.5784647146  -0.002390052209           -0.032
v     0.5697000012  -0.002829253971           -0.032
v     0.5609291369  -0.003119021048           -0.032
v     0.5528368641  -0.003198381879           -0.032
v     0.5459143453  -0.003056112694           -0.032
v     0.5403698696  -0.002727279539           -0.032
v     0.5361658339  -0.002264736079           -0.032
v     0.5331225837  -0.001705080531           -0.032
v     0.5310332547  -0.001028543741           -0.032
v             0.53  1.959434879e-18           -0.032
v     0.5310332547   0.001028543741           -0.032
v     0.5331225837   0.001705080531           -0.032
v     0.5361658339   0.002264736079           -0.032
v     0.5403698696   0.002727279539           -0.032
v     0.5459143453   0.003056112694           -0.032
v     0.5528368641   0.003198381879           -0.032
v     0.5609291369   0.003119021048           -0.032
v     0.5697000012   0.002829253971           -0.032
v     0.5784647146   0.002390052209           -0.032
v     0.5865418572   0.001886067184           -0.032
v     0.5934485794   0.001393082144           -0.032
v     0.5989863224  0.0009602477936           -0.032
v     0.6032016715  0.0006087783613           -0.032
v     0.6062852394  0.0003392713837           -0.032
v     0.6084758654  0.0001411733434           -0.032
v             0.61  3.918869757e-18           -0.064
v     0.6084758654 -0.0001411733434           -0.064
v     0.6062852394 -0.0003392713837           -0.064
v     0.6032016715 -0.0006087783613           -0.064
v     0.5989863224 -0.0009602477936           -0.064
v     0.5934485794  -0.001393082144           -0.064
v     0.5865418572  -0.001886067184           -0.064
v     0.5784647146  -0.002390052209           -0.064
v     0.5697000012  -0.002829253971           -0.064
v     0.5609291369  -0.003119021048           -0.064
v     0.5528368641  -0.003198381879           -0.064
v     0.5459143453  -0.003056112694           -0.064
v     0.5403698696  -0.002727279539           -0.064
v     0.5361658339  -0.002264736079           -0.064
v     0.5331225837  -0.001705080531           -0.064
v     0.5310332547  -0.001028543741           -0.064
v             0.53  3.918869757e-18           -0.064
v     0.5310332547   0.001028543741           -0.064
v     0.5331225837   0.001705080531           -0.064
v     0.5361658339   0.002264736079           -0.064
v     0.5403698696   0.002727279539           -0.064
v     0.5459143453   0.003056112694           -0.064
v     0.5528368641   0.003198381879           -0.064
v     0.5609291369   0.003119021048           -0.064
v     0.5697000012   0.002829253971           -0.064
v     0.5784647146   0.002390052209           -0.064
v     0.5865418572   0.001886067184           -0.064
v     0.5934485794   0.001393082144           -0.064
v     0.5989863224  0.0009602477936           -0.064
v     0.6032016715  0.0006087783613           -0.064
v     0.6062852394  0.0003392713837           -0.064
v     0.6084758654  0.0001411733434           -0.064
v             0.61  5.878304636e-18           -0.096
v     0.6084758654 -0.0001411733434           -0.096
v     0.6062852394 -0.0003392713837           -0.096
v     0.6032016715 -0.0006087783613           -0.096
v     0.5989863224 -0.0009602477936           -0.096
v     0.5934485794  -0.001393082144           -0.096
v     0.5865418572  -0.001886067184           -0.096
v     0.5784647146  -0.002390052209           -0.096
v     0.5697000012  -0.002829253971           -0.096
v     0.5609291369  -0.003119021048           -0.096
v     0.5528368641  -0.003198381879           -0.096
v     0.5459143453  -0.003056112694           -0.096
v     0.5403698696  -0.002727279539           -0.096
v     0.5361658339  -0.002264736079           -0.096
v     0.5331225837  -0.001705080531           -0.096
v     0.5310332547  -0.001028543741           -0.096
v             0.53  5.878304636e-18           -0.096
v     0.5310332547   0.001028543741           -0.096
v     0.5331225837   0.001705080531           -0.096
v     0.5361658339   0.002264736079           -0.096
v     0.5403698696   0.002727279539           -0.096
v     0.5459143453   0.003056112694           -0.096
v     0.5528368641   0.003198381879           -0.096
v     0.5609291369   0.003119021048           -0.096
v     0.5697000012   0.002829253971           -0.096
v     0.5784647146   0.002390052209           -0.096
v     0.5865418572   0.001886067184           -0.096
v     0.5934485794   0.001393082144           -0.096
v     0.5989863224  0.0009602477936           -0.096
v     0.6032016715  0.0006087783613           -0.096
v     0.6062852394  0.0003392713837           -0.096
v     0.6084758654  0.0001411733434           -0.096
v     0.6084758654 -0.0001411733434           -0.128
v             0.61  7.837739515e-18           -0.128
v     0.6062852394 -0.0003392713837           -0.128
v     0.6032016715 -0.0006087783613           -0.128
v     0.5989863224 -0.0009602477936           -0.128
v     0.5934485794  -0.001393082144           -0.128
v     0.5865418572  -0.001886067184           -0.128
v     0.5784647146  -0.002390052209           -0.128
v     0.5697000012  -0.002829253971           -0.128
v     0.5609291369  -0.003119021048           -0.128
v     0.5528368641  -0.003198381879           -0.128
v     0.5459143453  -0.003056112694           -0.128
v     0.5403698696  -0.002727279539           -0.128
v     0.5361658339  -0.002264736079           -0.128
v     0.5331225837  -0.001705080531           -0.128
v     0.5310332547  -0.001028543741           -0.128
v             0.53  7.837739515e-18           -0.128
v     0.5310332547   0.001028543741           -0.128
v     0.5331225837   0.001705080531           -0.128
v     0.5361658339   0.002264736079           -0.128
v     0.5403698696   0.002727279539           -0.128
v     0.5459143453   0.003056112694           -0.128
v     0.5528368641   0.003198381879           -0.128
v     0.5609291369   0.003119021048           -0.128
v     0.5697000012   0.002829253971           -0.128
v     0.5784647146   0.002390052209           -0.128
v     0.5865418572   0.001886067184           -0.128
v     0.5934485794   0.001393082144           -0.128
v     0.5989863224  0.0009602477936           -0.128
v     0.6032016715  0.0006087783613           -0.128
v     0.6062852394  0.0003392713837           -0.128
v     0.6084758654  0.0001411733434           -0.128
v     0.6084758654 -0.0001411733434            -0.16
v             0.61  9.797174393e-18            -0.16
v     0.6062852394 -0.0003392713837            -0.16
v     0.6032016715 -0.0006087783613            -0.16
v     0.5989863224 -0.0009602477936            -0.16
v     0.5934485794  -0.001393082144            -0.16
v     0.5865418572  -0.001886067184            -0.16
v     0.5784647146  -0.002390052209            -0.16
v     0.5697000012  -0.002829253971            -0.16
v     0.5609291369  -0.003119021048            -0.16
v     0.5528368641  -0.003198381879            -0.16
v     0.5459143453  -0.003056112694            -0.16
v     0.5403698696  -0.002727279539            -0.16
v     0.5361658339  -0.002264736079            -0.16
v     0.5331225837  -0.001705080531            -0.16
v     0.5310332547  -0.001028543741            -0.16
v             0.53  9.797174393e-18            -0.16
v     0.5310332547   0.001028543741            -0.16
v     0.5331225837   0.001705080531            -0.16
v     0.5361658339   0.002264736079            -0.16
v     0.5403698696   0.002727279539            -0.16
v     0.5459143453   0.003056112694            -0.16
v     0.5528368641   0.003198381879            -0.16
v     0.5609291369   0.003119021048            -0.16
v     0.5697000012   0.002829253971            -0.16
v     0.5784647146   0.002390052209            -0.16
v     0.5865418572   0.001886067184            -0.16
v     0.5934485794   0.001393082144            -0.16
v     0.5989863224  0.0009602477936            -0.16
v     0.6032016715  0.0006087783613            -0.16
v     0.6062852394  0.0003392713837            -0.16
v     0.6084758654  0.0001411733434            -0.16
v     0.6084758654 -7.058667172e-05            -0.16
v     0.6062852394 -0.0001696356918            -0.16
v     0.6032016715 -0.0003043891807            -0.16
v     0.5989863224 -0.0004801238968            -0.16
v     0.5934485794 -0.0006965410719            -0.16
v     0.5865418572  -0.000943033592            -0.16
v     0.5784647146  -0.001195026105            -0.16
v     0.5697000012  -0.001414626986            -0.16
v     0.5609291369  -0.001559510524            -0.16
v     0.5528368641   -0.00159919094            -0.16
v     0.5459143453  -0.001528056347            -0.16
v     0.5403698696  -0.001363639769            -0.16
v     0.5361658339   -0.00113236804            -0.16
v     0.5331225837 -0.0008525402653            -0.16
v     0.5310332547 -0.0005142718705            -0.16
v     0.5310332547  0.0005142718705            -0.16
v     0.5331225837  0.0008525402653            -0.16
v     0.5361658339    0.00113236804            -0.16
v     0.5403698696   0.001363639769            -0.16
v     0.5459143453   0.001528056347            -0.16
v     0.5528368641    0.00159919094            -0.16
v     0.5609291369   0.001559510524            -0.16
v     0.5697000012   0.001414626986            -0.16
v     0.5784647146   0.001195026105            -0.16
v     0.5865418572   0.000943033592            -0.16
v     0.5934485794  0.0006965410719            -0.16
v     0.5989863224  0.0004801238968            -0.16
v     0.6032016715  0.0003043891807            -0.16
v     0.6062852394  0.0001696356918            -0.16
v     0.6084758654  7.058667172e-05            -0.16
v     0.6084758654  7.931827015e-18            -0.16
v     0.6062852394  6.875149065e-18            -0.16
v     0.6032016715  7.213608196e-18            -0.16
v     0.5989863224  7.412669296e-18            -0.16
v     0.5934485794  6.664794095e-18            -0.16
v     0.5865418572  7.818061227e-18            -0.16
v     0.5784647146  8.466202752e-18            -0.16
v     0.5697000012  8.712972221e-18            -0.16
v     0.5609291369  8.503136588e-18            -0.16
v     0.5528368641  9.846821822e-18            -0.16
v     0.5459143453  9.595256871e-18            -0.16
v     0.5403698696  9.379362367e-18            -0.16
v     0.5361658339  1.026909768e-17            -0.16
v     0.5331225837  1.156233149e-17            -0.16
v     0.5310332547  2.537577044e-18            -0.16
v             0.52           0.1605                0
v     0.5234746892     0.1639666892                0
v             0.52     0.1604606815 -0.0001945445755
v     0.5234746892     0.1636574547  -0.001530697704
v             0.52     0.1603534841 -0.0003534840671
v     0.5234746892       0.16280458  -0.002804580004
v             0.52     0.1601945446 -0.0004606815252
v     0.5234746892     0.1615306977  -0.003657454747
v             0.52             0.16          -0.0005
v     0.5234746892             0.16  -0.003966689192
v     0.5234746892     0.1584693023  -0.003657454747
v             0.52     0.1598054554 -0.0004606815252
v     0.5234746892       0.15719542  -0.002804580004
v             0.52     0.1596465159 -0.0003534840671
v     0.5234746892     0.1563425453  -0.001530697704
v             0.52     0.1595393185 -0.0001945445755
v     0.5234746892     0.1560333108  5.305006835e-20
v             0.52           0.1595                0
v             0.52     0.1595393185  0.0001945445755
v     0.5234746892     0.1563425453   0.001530697704
v             0.52     0.1596465159  0.0003534840671
v     0.5234746892       0.15719542   0.002804580004
v             0.52     0.1598054554  0.0004606815252
v     0.5234746892     0.1584693023   0.003657454747
v             0.52             0.16           0.0005
v     0.5234746892             0.16   0.003966689192
v     0.5234746892     0.1615306977   0.003657454747
v             0.52     0.1601945446  0.0004606815252
v     0.5234746892       0.16280458   0.002804580004
v             0.52     0.1603534841  0.0003534840671
v     0.5234746892     0.1636574547   0.001530697704
v             0.52     0.1604606815  0.0001945445755
v     0.5278465253     0.1680425253                0
v     0.5278465253     0.1674131163  -0.003114974078
v     0.5278465253     0.1656860984  -0.005686098425
v     0.5278465253     0.1631149741  -0.007413116311
v     0.5278465253             0.16  -0.008042525341
v     0.5278465253     0.1568850259  -0.007413116311
v     0.5278465253     0.1543139016  -0.005686098425
v     0.5278465253     0.1525868837  -0.003114974078
v     0.5278465253     0.1519574747  5.968132689e-20
v     0.5278465253     0.1525868837   0.003114974078
v     0.5278465253     0.1543139016   0.005686098425
v     0.5278465253     0.1568850259   0.007413116311
v     0.5278465253             0.16   0.008042525341
v     0.5278465253     0.1631149741   0.007413116311
v     0.5278465253     0.1656860984   0.005686098425
v     0.5278465253     0.1674131163   0.003114974078
v     0.5327310169     0.1719350169                0
v     0.5327310169      0.170998504  -0.004634262071
v     0.5327310169     0.1684378695  -0.008437869485
v     0.5327310169     0.1646342621   -0.01099850399
v     0.5327310169             0.16   -0.01193501689
v     0.5327310169     0.1553657379   -0.01099850399
v     0.5327310169     0.1515621305  -0.008437869485
v     0.5327310169      0.149001496  -0.004634262071
v     0.5327310169     0.1480649831  3.978755126e-20
v     0.5327310169      0.149001496   0.004634262071
v     0.5327310169     0.1515621305   0.008437869485
v     0.5327310169     0.1553657379    0.01099850399
v     0.5327310169             0.16    0.01193501689
v     0.5327310169     0.1646342621    0.01099850399
v     0.5327310169     0.1684378695   0.008437869485
v     0.5327310169      0.170998504   0.004634262071
v     0.5377436723     0.1748516723                0
v     0.5377436723     0.1736844556  -0.005775450058
v     0.5377436723     0.1704997233   -0.01049972334
v     0.5377436723     0.1657754501   -0.01368445556
v     0.5377436723             0.16    -0.0148516723
v     0.5377436723     0.1542245499   -0.01368445556
v     0.5377436723     0.1495002767   -0.01049972334
v     0.5377436723     0.1463155444  -0.005775450058
v     0.5377436723     0.1451483277  1.326251709e-20
v     0.5377436723     0.1463155444   0.005775450058
v     0.5377436723     0.1495002767    0.01049972334
v     0.5377436723     0.1542245499    0.01368445556
v     0.5377436723             0.16     0.0148516723
v     0.5377436723     0.1657754501    0.01368445556
v     0.5377436723     0.1704997233    0.01049972334
v     0.5377436723     0.1736844556   0.005775450058
v           0.5425            0.176                0
v           0.5425     0.1747418088  -0.006225426415
v           0.5425     0.1713114901   -0.01131149015
v           0.5425     0.1662254264   -0.01474180881
v           0.5425             0.16           -0.016
v           0.5425     0.1537745736   -0.01474180881
v           0.5425     0.1486885099   -0.01131149015
v           0.5425     0.1452581912  -0.006225426415
v           0.5425            0.144                0
v           0.5425     0.1452581912   0.006225426415
v           0.5425     0.1486885099    0.01131149015
v           0.5425     0.1537745736    0.01474180881
v           0.5425             0.16            0.016
v           0.5425     0.1662254264    0.01474180881
v           0.5425     0.1713114901    0.01131149015
v           0.5425     0.1747418088   0.006225426415
v            0.547            0.176                0
v            0.547     0.1747418088  -0.006225426415
v            0.547     0.1713114901   -0.01131149015
v            0.547     0.1662254264   -0.01474180881
v            0.547             0.16           -0.016
v            0.547     0.1537745736   -0.01474180881
v            0.547     0.1486885099   -0.01131149015
v            0.547     0.1452581912  -0.006225426415
v            0.547            0.144                0
v            0.547     0.1452581912   0.006225426415
v            0.547     0.1486885099    0.01131149015
v            0.547     0.1537745736    0.01474180881
v            0.547             0.16            0.016
v            0.547     0.1662254264    0.01474180881
v            0.547     0.1713114901    0.01131149015
v            0.547     0.1747418088   0.006225426415
v           0.5515            0.176                0
v           0.5515     0.1747418088  -0.006225426415
v           0.5515     0.1713114901   -0.01131149015
v           0.5515     0.1662254264   -0.01474180881
v           0.5515             0.16           -0.016
v           0.5515     0.1537745736   -0.01474180881
v           0.5515     0.1486885099   -0.01131149015
v           0.5515     0.1452581912  -0.006225426415
v           0.5515            0.144                0
v           0.5515     0.1452581912   0.006225426415
v           0.5515     0.1486885099    0.01131149015
v           0.5515     0.1537745736    0.01474180881
v           0.5515             0.16            0.016
v           0.5515     0.1662254264    0.01474180881
v           0.5515     0.1713114901    0.01131149015
v           0.5515     0.1747418088   0.006225426415
v            0.556            0.176                0
v            0.556     0.1747418088  -0.006225426415
v            0.556     0.1713114901   -0.01131149015
v            0.556     0.1662254264   -0.01474180881
v            0.556             0.16           -0.016
v            0.556     0.1537745736   -0.01474180881
v            0.556     0.1486885099   -0.01131149015
v            0.556     0.1452581912  -0.006225426415
v            0.556            0.144                0
v            0.556     0.1452581912   0.006225426415
v            0.556     0.1486885099    0.01131149015
v            0.556     0.1537745736    0.01474180881
v            0.556             0.16            0.016
v            0.556     0.1662254264    0.01474180881
v            0.556     0.1713114901    0.01131149015
v            0.556     0.1747418088   0.006225426415
v           0.5605            0.176                0
v           0.5605     0.1747418088  -0.006225426415
v           0.5605     0.1713114901   -0.01131149015
v           0.5605     0.1662254264   -0.01474180881
v           0.5605             0.16           -0.016
v           0.5605     0.1537745736   -0.01474180881
v           0.5605     0.1486885099   -0.01131149015
v           0.5605     0.1452581912  -0.006225426415
v           0.5605            0.144                0
v           0.5605     0.1452581912   0.006225426415
v           0.5605     0.1486885099    0.01131149015
v           0.5605     0.1537745736    0.01474180881
v           0.5605             0.16            0.016
v           0.5605     0.1662254264    0.01474180881
v           0.5605     0.1713114901    0.01131149015
v           0.5605     0.1747418088   0.006225426415
v            0.565            0.176                0
v            0.565     0.1747418088  -0.006225426415
v            0.565     0.1713114901   -0.01131149015
v            0.565     0.1662254264   -0.01474180881
v            0.565             0.16           -0.016
v            0.565     0.1537745736   -0.01474180881
v            0.565     0.1486885099   -0.01131149015
v            0.565     0.1452581912  -0.006225426415
v            0.565            0.144                0
v            0.565     0.1452581912   0.006225426415
v            0.565     0.1486885099    0.01131149015
v            0.565     0.1537745736    0.01474180881
v            0.565             0.16            0.016
v            0.565     0.1662254264    0.01474180881
v            0.565     0.1713114901    0.01131149015
v            0.565     0.1747418088   0.006225426415
v           0.5695            0.176                0
v           0.5695     0.1747418088  -0.006225426415
v           0.5695     0.1713114901   -0.01131149015
v           0.5695     0.1662254264   -0.01474180881
v           0.5695             0.16           -0.016
v           0.5695     0.1537745736   -0.01474180881
v           0.5695     0.1486885099   -0.01131149015
v           0.5695     0.1452581912  -0.006225426415
v           0.5695            0.144                0
v           0.5695     0.1452581912   0.006225426415
v           0.5695     0.1486885099    0.01131149015
v           0.5695     0.1537745736    0.01474180881
v           0.5695             0.16            0.016
v           0.5695     0.1662254264    0.01474180881
v           0.5695     0.1713114901    0.01131149015
v           0.5695     0.1747418088   0.006225426415
v            0.574            0.176                0
v            0.574     0.1747418088  -0.006225426415
v            0.574     0.1713114901   -0.01131149015
v            0.574     0.1662254264   -0.01474180881
v            0.574             0.16           -0.016
v            0.574     0.1537745736   -0.01474180881
v            0.574     0.1486885099   -0.01131149015
v            0.574     0.1452581912  -0.006225426415
v            0.574            0.144                0
v            0.574     0.1452581912   0.006225426415
v            0.574     0.1486885099    0.01131149015
v            0.574     0.1537745736    0.01474180881
v            0.574             0.16            0.016
v            0.574     0.1662254264    0.01474180881
v            0.574     0.1713114901    0.01131149015
v            0.574     0.1747418088   0.006225426415
v           0.5785            0.176                0
v           0.5785     0.1747418088  -0.006225426415
v           0.5785     0.1713114901   -0.01131149015
v           0.5785     0.1662254264   -0.01474180881
v           0.5785             0.16           -0.016
v           0.5785     0.1537745736   -0.01474180881
v           0.5785     0.1486885099   -0.01131149015
v           0.5785     0.1452581912  -0.006225426415
v           0.5785            0.144                0
v           0.5785     0.1452581912   0.006225426415
v           0.5785     0.1486885099    0.01131149015
v           0.5785     0.1537745736    0.01474180881
v           0.5785             0.16            0.016
v           0.5785     0.1662254264    0.01474180881
v           0.5785     0.1713114901    0.01131149015
v           0.5785     0.1747418088   0.006225426415
v            0.583            0.176                0
v            0.583     0.1747418088  -0.006225426415
v            0.583     0.1713114901   -0.01131149015
v            0.583     0.1662254264   -0.01474180881
v            0.583             0.16           -0.016
v            0.583     0.1537745736   -0.01474180881
v            0.583     0.1486885099   -0.01131149015
v            0.583     0.1452581912  -0.006225426415
v            0.583            0.144                0
v            0.583     0.1452581912   0.006225426415
v            0.583     0.1486885099    0.01131149015
v            0.583     0.1537745736    0.01474180881
v            0.583             0.16            0.016
v            0.583     0.1662254264    0.01474180881
v            0.583     0.1713114901    0.01131149015
v            0.583     0.1747418088   0.006225426415
v           0.5875            0.176                0
v           0.5875     0.1747418088  -0.006225426415
v           0.5875     0.1713114901   -0.01131149015
v           0.5875     0.1662254264   -0.01474180881
v           0.5875             0.16           -0.016
v           0.5875     0.1537745736   -0.01474180881
v           0.5875     0.1486885099   -0.01131149015
v           0.5875     0.1452581912  -0.006225426415
v           0.5875            0.144                0
v           0.5875     0.1452581912   0.006225426415
v           0.5875     0.1486885099    0.01131149015
v           0.5875     0.1537745736    0.01474180881
v           0.5875             0.16            0.016
v           0.5875     0.1662254264    0.01474180881
v           0.5875     0.1713114901    0.01131149015
v           0.5875     0.1747418088   0.006225426415
v     0.5923295701     0.1758912299                0
v     0.5923295701     0.1746421592  -0.006180432099
v     0.5923295701     0.1712346473    -0.0112346473
v     0.5923295701     0.1661804321   -0.01464215916
v     0.5923295701             0.16   -0.01589122992
v     0.5923295701     0.1538195679   -0.01464215916
v     0.5923295701     0.1487653527    -0.0112346473
v     0.5923295701     0.1453578408  -0.006180432099
v     0.5923295701     0.1441087701  8.206624967e-20
v     0.5923295701     0.1453578408   0.006180432099
v     0.5923295701     0.1487653527     0.0112346473
v     0.5923295701     0.1538195679    0.01464215916
v     0.5923295701             0.16    0.01589122992
v     0.5923295701     0.1661804321    0.01464215916
v     0.5923295701     0.1712346473     0.0112346473
v     0.5923295701     0.1746421592   0.006180432099
v     0.5974887102     0.1754816898                0
v     0.5974887102     0.1742659582  -0.006015738351
v     0.5974887102     0.1709452237   -0.01094522371
v     0.5974887102     0.1660157384   -0.01426595816
v     0.5974887102             0.16   -0.01548168975
v     0.5974887102     0.1539842616   -0.01426595816
v     0.5974887102     0.1490547763   -0.01094522371
v     0.5974887102     0.1457340418  -0.006015738351
v     0.5974887102     0.1445183102   2.46198749e-19
v     0.5974887102     0.1457340418   0.006015738351
v     0.5974887102     0.1490547763    0.01094522371
v     0.5974887102     0.1539842616    0.01426595816
v     0.5974887102             0.16    0.01548168975
v     0.5974887102     0.1660157384    0.01426595816
v     0.5974887102     0.1709452237    0.01094522371
v     0.5974887102     0.1742659582   0.006015738351
v     0.6024830654     0.1746465346                0
v     0.6024830654     0.1734973277  -0.005686778968
v     0.6024830654     0.1703548769   -0.01035487685
v     0.6024830654      0.165686779   -0.01349732773
v     0.6024830654             0.16   -0.01464653463
v     0.6024830654      0.154313221   -0.01349732773
v     0.6024830654     0.1496451231   -0.01035487685
v     0.6024830654     0.1465026723  -0.005686778968
v     0.6024830654     0.1453534654  3.692981235e-19
v     0.6024830654     0.1465026723   0.005686778968
v     0.6024830654     0.1496451231    0.01035487685
v     0.6024830654      0.154313221    0.01349732773
v     0.6024830654             0.16    0.01464653463
v     0.6024830654      0.165686779    0.01349732773
v     0.6024830654     0.1703548769    0.01035487685
v     0.6024830654     0.1734973277   0.005686778968
v     0.6068182803     0.1732609197                0
v     0.6068182803     0.1722203898  -0.005148987748
v     0.6068182803     0.1693752642  -0.009375264163
v     0.6068182803     0.1651489877   -0.01222038976
v     0.6068182803             0.16   -0.01326091967
v     0.6068182803     0.1548510123   -0.01222038976
v     0.6068182803     0.1506247358  -0.009375264163
v     0.6068182803     0.1477796102  -0.005148987748
v     0.6068182803     0.1467390803  3.282649987e-19
v     0.6068182803     0.1477796102   0.005148987748
v     0.6068182803     0.1506247358   0.009375264163
v     0.6068182803     0.1548510123    0.01222038976
v     0.6068182803             0.16    0.01326091967
v     0.6068182803     0.1651489877    0.01222038976
v     0.6068182803     0.1693752642   0.009375264163
v     0.6068182803     0.1722203898   0.005148987748
v             0.61           0.1712                0
v             0.61     0.1703192662  -0.004357798491
v             0.61     0.1679180431  -0.007918043103
v             0.61     0.1643577985   -0.01031926616
v             0.61             0.16          -0.0112
v             0.61     0.1556422015   -0.01031926616
v             0.61     0.1520819569  -0.007918043103
v             0.61     0.1496807338  -0.004357798491
v             0.61           0.1488                0
v             0.61     0.1496807338   0.004357798491
v             0.61     0.1520819569   0.007918043103
v             0.61     0.1556422015    0.01031926616
v             0.61             0.16           0.0112
v             0.61     0.1643577985    0.01031926616
v             0.61     0.1679180431   0.007918043103
v             0.61     0.1703192662   0.004357798491
v             0.52          -0.1595                0
v     0.5234746892    -0.1560333108                0
v             0.52    -0.1595393185 -0.0001945445755
v     0.5234746892    -0.1563425453  -0.001530697704
v             0.52    -0.1596465159 -0.0003534840671
v     0.5234746892      -0.15719542  -0.002804580004
v             0.52    -0.1598054554 -0.0004606815252
v     0.5234746892    -0.1584693023  -0.003657454747
v             0.52            -0.16          -0.0005
v     0.5234746892            -0.16  -0.003966689192
v     0.5234746892    -0.1615306977  -0.003657454747
v             0.52    -0.1601945446 -0.0004606815252
v     0.5234746892      -0.16280458  -0.002804580004
v             0.52    -0.1603534841 -0.0003534840671
v     0.5234746892    -0.1636574547  -0.001530697704
v             0.52    -0.1604606815 -0.0001945445755
v     0.5234746892    -0.1639666892  5.305006835e-20
v             0.52          -0.1605                0
v             0.52    -0.1604606815  0.0001945445755
v     0.5234746892    -0.1636574547   0.001530697704
v             0.52    -0.1603534841  0.0003534840671
v     0.5234746892      -0.16280458   0.002804580004
v             0.52    -0.1601945446  0.0004606815252
v     0.5234746892    -0.1615306977   0.003657454747
v             0.52            -0.16           0.0005
v     0.5234746892            -0.16   0.003966689192
v     0.5234746892    -0.1584693023   0.003657454747
v             0.52    -0.1598054554  0.0004606815252
v     0.5234746892      -0.15719542   0.002804580004
v             0.52    -0.1596465159  0.0003534840671
v     0.5234746892    -0.1563425453   0.001530697704
v             0.52    -0.1595393185  0.0001945445755
v     0.5278465253    -0.1519574747                0
v     0.5278465253    -0.1525868837  -0.003114974078
v     0.5278465253    -0.1543139016  -0.005686098425
v     0.5278465253    -0.1568850259  -0.007413116311
v     0.5278465253            -0.16  -0.008042525341
v     0.5278465253    -0.1631149741  -0.007413116311
v     0.5278465253    -0.1656860984  -0.005686098425
v     0.5278465253    -0.1674131163  -0.003114974078
v     0.5278465253    -0.1680425253  5.968132689e-20
v     0.5278465253    -0.1674131163   0.003114974078
v     0.5278465253    -0.1656860984   0.005686098425
v     0.5278465253    -0.1631149741   0.007413116311
v     0.5278465253            -0.16   0.008042525341
v     0.5278465253    -0.1568850259   0.007413116311
v     0.5278465253    -0.1543139016   0.005686098425
v     0.5278465253    -0.1525868837   0.003114974078
v     0.5327310169    -0.1480649831                0
v     0.5327310169     -0.149001496  -0.004634262071
v     0.5327310169    -0.1515621305  -0.008437869485
v     0.5327310169    -0.1553657379   -0.01099850399
v     0.5327310169            -0.16   -0.01193501689
v     0.5327310169    -0.1646342621   -0.01099850399
v     0.5327310169    -0.1684378695  -0.008437869485
v     0.5327310169     -0.170998504  -0.004634262071
v     0.5327310169    -0.1719350169  3.978755126e-20
v     0.5327310169     -0.170998504   0.004634262071
v     0.5327310169    -0.1684378695   0.008437869485
v     0.5327310169    -0.1646342621    0.01099850399
v     0.5327310169            -0.16    0.01193501689
v     0.5327310169    -0.1553657379    0.01099850399
v     0.5327310169    -0.1515621305   0.008437869485
v     0.5327310169     -0.149001496   0.004634262071
v     0.5377436723    -0.1451483277                0
v     0.5377436723    -0.1463155444  -0.005775450058
v     0.5377436723    -0.1495002767   -0.01049972334
v     0.5377436723    -0.1542245499   -0.01368445556
v     0.5377436723            -0.16    -0.0148516723
v     0.5377436723    -0.1657754501   -0.01368445556
v     0.5377436723    -0.1704997233   -0.01049972334
v     0.5377436723    -0.1736844556  -0.005775450058
v     0.5377436723    -0.1748516723  1.326251709e-20
v     0.5377436723    -0.1736844556   0.005775450058
v     0.5377436723    -0.1704997233    0.01049972334
v     0.5377436723    -0.1657754501    0.01368445556
v     0.5377436723            -0.16     0.0148516723
v     0.5377436723    -0.1542245499    0.01368445556
v     0.5377436723    -0.1495002767    0.01049972334
v     0.5377436723    -0.1463155444   0.005775450058
v           0.5425           -0.144                0
v           0.5425    -0.1452581912  -0.006225426415
v           0.5425    -0.1486885099   -0.01131149015
v           0.5425    -0.1537745736   -0.01474180881
v           0.5425            -0.16           -0.016
v           0.5425    -0.1662254264   -0.01474180881
v           0.5425    -0.1713114901   -0.01131149015
v           0.5425    -0.1747418088  -0.006225426415
v           0.5425           -0.176                0
v           0.5425    -0.1747418088   0.006225426415
v           0.5425    -0.1713114901    0.01131149015
v           0.5425    -0.1662254264    0.01474180881
v           0.5425            -0.16            0.016
v           0.5425    -0.1537745736    0.01474180881
v           0.5425    -0.1486885099    0.01131149015
v           0.5425    -0.1452581912   0.006225426415
v            0.547           -0.144                0
v            0.547    -0.1452581912  -0.006225426415
v            0.547    -0.1486885099   -0.01131149015
v            0.547    -0.1537745736   -0.01474180881
v            0.547            -0.16           -0.016
v            0.547    -0.1662254264   -0.01474180881
v            0.547    -0.1713114901   -0.01131149015
v            0.547    -0.1747418088  -0.006225426415
v            0.547           -0.176                0
v            0.547    -0.1747418088   0.006225426415
v            0.547    -0.1713114901    0.01131149015
v            0.547    -0.1662254264    0.01474180881
v            0.547            -0.16            0.016
v            0.547    -0.1537745736    0.01474180881
v            0.547    -0.1486885099    0.01131149015
v            0.547    -0.1452581912   0.006225426415
v           0.5515           -0.144                0
v           0.5515    -0.1452581912  -0.006225426415
v           0.5515    -0.1486885099   -0.01131149015
v           0.5515    -0.1537745736   -0.01474180881
v           0.5515            -0.16           -0.016
v           0.5515    -0.1662254264   -0.01474180881
v           0.5515    -0.1713114901   -0.01131149015
v           0.5515    -0.1747418088  -0.006225426415
v           0.5515           -0.176                0
v           0.5515    -0.1747418088   0.006225426415
v           0.5515    -0.1713114901    0.01131149015
v           0.5515    -0.1662254264    0.01474180881
v           0.5515            -0.16            0.016
v           0.5515    -0.1537745736    0.01474180881
v           0.5515    -0.1486885099    0.01131149015
v           0.5515    -0.1452581912   0.006225426415
v            0.556           -0.144                0
v            0.556    -0.1452581912  -0.006225426415
v            0.556    -0.1486885099   -0.01131149015
v            0.556    -0.1537745736   -0.01474180881
v            0.556            -0.16           -0.016
v            0.556    -0.1662254264   -0.01474180881
v            0.556    -0.1713114901   -0.01131149015
v            0.556    -0.1747418088  -0.006225426415
v            0.556           -0.176                0
v            0.556    -0.1747418088   0.006225426415
v            0.556    -0.1713114901    0.01131149015
v            0.556    -0.1662254264    0.01474180881
v            0.556            -0.16            0.016
v            0.556    -0.1537745736    0.01474180881
v            0.556    -0.1486885099    0.01131149015
v            0.556    -0.1452581912   0.006225426415
v           0.5605           -0.144                0
v           0.5605    -0.1452581912  -0.006225426415
v           0.5605    -0.1486885099   -0.01131149015
v           0.5605    -0.1537745736   -0.01474180881
v           0.5605            -0.16           -0.016
v           0.5605    -0.1662254264   -0.01474180881
v           0.5605    -0.1713114901   -0.01131149015
v           0.5605    -0.1747418088  -0.006225426415
v           0.5605           -0.176                0
v           0.5605    -0.1747418088   0.006225426415
v           0.5605    -0.1713114901    0.01131149015
v           0.5605    -0.1662254264    0.01474180881
v           0.5605            -0.16            0.016
v           0.5605    -0.1537745736    0.01474180881
v           0.5605    -0.1486885099    0.01131149015
v           0.5605    -0.1452581912   0.006225426415
v            0.565           -0.144                0
v            0.565    -0.1452581912  -0.006225426415
v            0.565    -0.1486885099   -0.01131149015
v            0.565    -0.1537745736   -0.01474180881
v            0.565            -0.16           -0.016
v            0.565    -0.1662254264   -0.01474180881
v            0.565    -0.1713114901   -0.01131149015
v            0.565    -0.1747418088  -0.006225426415
v            0.565           -0.176                0
v            0.565    -0.1747418088   0.006225426415
v            0.565    -0.1713114901    0.01131149015
v            0.565    -0.1662254264    0.01474180881
v            0.565            -0.16            0.016
v            0.565    -0.1537745736    0.01474180881
v            0.565    -0.1486885099    0.01131149015
v            0.565    -0.1452581912   0.006225426415
v           0.5695           -0.144                0
v           0.5695    -0.1452581912  -0.006225426415
v           0.5695    -0.1486885099   -0.01131149015
v           0.5695    -0.1537745736   -0.01474180881
v           0.5695            -0.16           -0.016
v           0.5695    -0.1662254264   -0.01474180881
v           0.5695    -0.1713114901   -0.01131149015
v           0.5695    -0.1747418088  -0.006225426415
v           0.5695           -0.176                0
v           0.5695    -0.1747418088   0.006225426415
v           0.5695    -0.1713114901    0.01131149015
v           0.5695    -0.1662254264    0.01474180881
v           0.5695            -0.16            0.016
v           0.5695    -0.1537745736    0.01474180881
v           0.5695    -0.1486885099    0.01131149015
v           0.5695    -0.1452581912   0.006225426415
v            0.574           -0.144                0
v            0.574    -0.1452581912  -0.006225426415
v            0.574    -0.1486885099   -0.01131149015
v            0.574    -0.1537745736   -0.01474180881
v            0.574            -0.16           -0.016
v            0.574    -0.1662254264   -0.01474180881
v            0.574    -0.1713114901   -0.01131149015
v            0.574    -0.1747418088  -0.006225426415
v            0.574           -0.176                0
v            0.574    -0.1747418088   0.006225426415
v            0.574    -0.1713114901    0.01131149015
v            0.574    -0.1662254264    0.01474180881
v            0.574            -0.16            0.016
v            0.574    -0.1537745736    0.01474180881
v            0.574    -0.1486885099    0.01131149015
v            0.574    -0.1452581912   0.006225426415
v           0.5785           -0.144                0
v           0.5785    -0.1452581912  -0.006225426415
v           0.5785    -0.1486885099   -0.01131149015
v           0.5785    -0.1537745736   -0.01474180881
v           0.5785            -0.16           -0.016
v           0.5785    -0.1662254264   -0.01474180881
v           0.5785    -0.1713114901   -0.01131149015
v           0.5785    -0.1747418088  -0.006225426415
v           0.5785           -0.176                0
v           0.5785    -0.1747418088   0.006225426415
v           0.5785    -0.1713114901    0.01131149015
v           0.5785    -0.1662254264    0.01474180881
v           0.5785            -0.16            0.016
v           0.5785    -0.1537745736    0.01474180881
v           0.5785    -0.1486885099    0.01131149015
v           0.5785    -0.1452581912   0.006225426415
v            0.583           -0.144                0
v            0.583    -0.1452581912  -0.006225426415
v            0.583    -0.1486885099   -0.01131149015
v            0.583    -0.1537745736   -0.01474180881
v            0.583            -0.16           -0.016
v            0.583    -0.1662254264   -0.01474180881
v            0.583    -0.1713114901   -0.01131149015
v            0.583    -0.1747418088  -0.006225426415
v            0.583           -0.176                0
v            0.583    -0.1747418088   0.006225426415
v            0.583    -0.1713114901    0.01131149015
v            0.583    -0.1662254264    0.01474180881
v            0.583            -0.16            0.016
v            0.583    -0.1537745736    0.01474180881
v            0.583    -0.1486885099    0.01131149015
v            0.583    -0.1452581912   0.006225426415
v           0.5875           -0.144                0
v           0.5875    -0.1452581912  -0.006225426415
v           0.5875    -0.1486885099   -0.01131149015
v           0.5875    -0.1537745736   -0.01474180881
v           0.5875            -0.16           -0.016
v           0.5875    -0.1662254264   -0.01474180881
v           0.5875    -0.1713114901   -0.01131149015
v           0.5875    -0.1747418088  -0.006225426415
v           0.5875           -0.176                0
v           0.5875    -0.1747418088   0.006225426415
v           0.5875    -0.1713114901    0.01131149015
v           0.5875    -0.1662254264    0.01474180881
v           0.5875            -0.16            0.016
v           0.5875    -0.1537745736    0.01474180881
v           0.5875    -0.1486885099    0.01131149015
v           0.5875    -0.1452581912   0.006225426415
v     0.5923295701    -0.1441087701                0
v     0.5923295701    -0.1453578408  -0.006180432099
v     0.5923295701    -0.1487653527    -0.0112346473
v     0.5923295701    -0.1538195679   -0.01464215916
v     0.5923295701            -0.16   -0.01589122992
v     0.5923295701    -0.1661804321   -0.01464215916
v     0.5923295701    -0.1712346473    -0.0112346473
v     0.5923295701    -0.1746421592  -0.006180432099
v     0.5923295701    -0.1758912299  8.206624967e-20
v     0.5923295701    -0.1746421592   0.006180432099
v     0.5923295701    -0.1712346473     0.0112346473
v     0.5923295701    -0.1661804321    0.01464215916
v     0.5923295701            -0.16    0.01589122992
v     0.5923295701    -0.1538195679    0.01464215916
v     0.5923295701    -0.1487653527     0.0112346473
v     0.5923295701    -0.1453578408   0.006180432099
v     0.5974887102    -0.1445183102                0
v     0.5974887102    -0.1457340418  -0.006015738351
v     0.5974887102    -0.1490547763   -0.01094522371
v     0.5974887102    -0.1539842616   -0.01426595816
v     0.5974887102            -0.16   -0.01548168975
v     0.5974887102    -0.1660157384   -0.01426595816
v     0.5974887102    -0.1709452237   -0.01094522371
v     0.5974887102    -0.1742659582  -0.006015738351
v     0.5974887102    -0.1754816898   2.46198749e-19
v     0.5974887102    -0.1742659582   0.006015738351
v     0.5974887102    -0.1709452237    0.01094522371
v     0.5974887102    -0.1660157384    0.01426595816
v     0.5974887102            -0.16    0.01548168975
v     0.5974887102    -0.1539842616    0.01426595816
v     0.5974887102    -0.1490547763    0.01094522371
v     0.5974887102    -0.1457340418   0.006015738351
v     0.6024830654    -0.1453534654                0
v     0.6024830654    -0.1465026723  -0.005686778968
v     0.6024830654    -0.1496451231   -0.01035487685
v     0.6024830654     -0.154313221   -0.01349732773
v     0.6024830654            -0.16   -0.01464653463
v     0.6024830654     -0.165686779   -0.01349732773
v     0.6024830654    -0.1703548769   -0.01035487685
v     0.6024830654    -0.1734973277  -0.005686778968
v     0.6024830654    -0.1746465346  3.692981235e-19
v     0.6024830654    -0.1734973277   0.005686778968
v     0.6024830654    -0.1703548769    0.01035487685
v     0.6024830654     -0.165686779    0.01349732773
v     0.6024830654            -0.16    0.01464653463
v     0.6024830654     -0.154313221    0.01349732773
v     0.6024830654    -0.1496451231    0.01035487685
v     0.6024830654    -0.1465026723   0.005686778968
v     0.6068182803    -0.1467390803                0
v     0.6068182803    -0.1477796102  -0.005148987748
v     0.6068182803    -0.1506247358  -0.009375264163
v     0.6068182803    -0.1548510123   -0.01222038976
v     0.6068182803            -0.16   -0.01326091967
v     0.6068182803    -0.1651489877   -0.01222038976
v     0.6068182803    -0.1693752642  -0.009375264163
v     0.6068182803    -0.1722203898  -0.005148987748
v     0.6068182803    -0.1732609197  3.282649987e-19
v     0.6068182803    -0.1722203898   0.005148987748
v     0.6068182803    -0.1693752642   0.009375264163
v     0.6068182803    -0.1651489877    0.01222038976
v     0.6068182803            -0.16    0.01326091967
v     0.6068182803    -0.1548510123    0.01222038976
v     0.6068182803    -0.1506247358   0.009375264163
v     0.6068182803    -0.1477796102   0.005148987748
v             0.61          -0.1488                0
v             0.61    -0.1496807338  -0.004357798491
v             0.61    -0.1520819569  -0.007918043103
v             0.61    -0.1556422015   -0.01031926616
v             0.61            -0.16          -0.0112
v             0.61    -0.1643577985   -0.01031926616
v             0.61    -0.1679180431  -0.007918043103
v             0.61    -0.1703192662  -0.004357798491
v             0.61          -0.1712                0
v             0.61    -0.1703192662   0.004357798491
v             0.61    -0.1679180431   0.007918043103
v             0.61    -0.1643577985    0.01031926616
v             0.61            -0.16           0.0112
v             0.61    -0.1556422015    0.01031926616
v             0.61    -0.1520819569   0.007918043103
v             0.61    -0.1496807338   0.004357798491
v             0.52           0.0005             0.16
v     0.5234746892   0.003966689192             0.16
v             0.52  0.0004606815252     0.1598054554
v     0.5234746892   0.003657454747     0.1584693023
v             0.52  0.0003534840671     0.1596465159
v     0.5234746892   0.002804580004       0.15719542
v             0.52  0.0001945445755     0.1595393185
v     0.5234746892   0.001530697704     0.1563425453
v             0.52                0           0.1595
v     0.5234746892 -2.613536048e-19     0.1560333108
v     0.5234746892  -0.001530697704     0.1563425453
v             0.52 -0.0001945445755     0.1595393185
v     0.5234746892  -0.002804580004       0.15719542
v             0.52 -0.0003534840671     0.1596465159
v     0.5234746892  -0.003657454747     0.1584693023
v             0.52 -0.0004606815252     0.1598054554
v     0.5234746892  -0.003966689192             0.16
v             0.52          -0.0005             0.16
v             0.52 -0.0004606815252     0.1601945446
v     0.5234746892  -0.003657454747     0.1615306977
v             0.52 -0.0003534840671     0.1603534841
v     0.5234746892  -0.002804580004       0.16280458
v             0.52 -0.0001945445755     0.1604606815
v     0.5234746892  -0.001530697704     0.1636574547
v             0.52                0           0.1605
v     0.5234746892 -9.952929858e-19     0.1639666892
v     0.5234746892   0.001530697704     0.1636574547
v             0.52  0.0001945445755     0.1604606815
v     0.5234746892   0.002804580004       0.16280458
v             0.52  0.0003534840671     0.1603534841
v     0.5234746892   0.003657454747     0.1615306977
v             0.52  0.0004606815252     0.1601945446
v     0.5278465253   0.008042525341             0.16
v     0.5278465253   0.007413116311     0.1568850259
v     0.5278465253   0.005686098425     0.1543139016
v     0.5278465253   0.003114974078     0.1525868837
v     0.5278465253 -2.940228055e-19     0.1519574747
v     0.5278465253  -0.003114974078     0.1525868837
v     0.5278465253  -0.005686098425     0.1543139016
v     0.5278465253  -0.007413116311     0.1568850259
v     0.5278465253  -0.008042525341             0.16
v     0.5278465253  -0.007413116311     0.1631149741
v     0.5278465253  -0.005686098425     0.1656860984
v     0.5278465253  -0.003114974078     0.1674131163
v     0.5278465253 -1.119704609e-18     0.1680425253
v     0.5278465253   0.003114974078     0.1674131163
v     0.5278465253   0.005686098425     0.1656860984
v     0.5278465253   0.007413116311     0.1631149741
v     0.5327310169    0.01193501689             0.16
v     0.5327310169    0.01099850399     0.1553657379
v     0.5327310169   0.008437869485     0.1515621305
v     0.5327310169   0.004634262071      0.149001496
v     0.5327310169 -1.960152036e-19     0.1480649831
v     0.5327310169  -0.004634262071      0.149001496
v     0.5327310169  -0.008437869485     0.1515621305
v     0.5327310169   -0.01099850399     0.1553657379
v     0.5327310169   -0.01193501689             0.16
v     0.5327310169   -0.01099850399     0.1646342621
v     0.5327310169  -0.008437869485     0.1684378695
v     0.5327310169  -0.004634262071      0.170998504
v     0.5327310169 -7.464697394e-19     0.1719350169
v     0.5327310169   0.004634262071      0.170998504
v     0.5327310169   0.008437869485     0.1684378695
v     0.5327310169    0.01099850399     0.1646342621
v     0.5377436723     0.0148516723             0.16
v     0.5377436723    0.01368445556     0.1542245499
v     0.5377436723    0.01049972334     0.1495002767
v     0.5377436723   0.005775450058     0.1463155444
v     0.5377436723 -6.533840121e-20     0.1451483277
v     0.5377436723  -0.005775450058     0.1463155444
v     0.5377436723   -0.01049972334     0.1495002767
v     0.5377436723   -0.01368445556     0.1542245499
v     0.5377436723    -0.0148516723             0.16
v     0.5377436723   -0.01368445556     0.1657754501
v     0.5377436723   -0.01049972334     0.1704997233
v     0.5377436723  -0.005775450058     0.1736844556
v     0.5377436723 -2.488232465e-19     0.1748516723
v     0.5377436723   0.005775450058     0.1736844556
v     0.5377436723    0.01049972334     0.1704997233
v     0.5377436723    0.01368445556     0.1657754501
v           0.5425            0.016             0.16
v           0.5425    0.01474180881     0.1537745736
v           0.5425    0.01131149015     0.1486885099
v           0.5425   0.006225426415     0.1452581912
v           0.5425                0            0.144
v           0.5425  -0.006225426415     0.1452581912
v           0.5425   -0.01131149015     0.1486885099
v           0.5425   -0.01474180881     0.1537745736
v           0.5425           -0.016             0.16
v           0.5425   -0.01474180881     0.1662254264
v           0.5425   -0.01131149015     0.1713114901
v           0.5425  -0.006225426415     0.1747418088
v           0.5425                0            0.176
v           0.5425   0.006225426415     0.1747418088
v           0.5425    0.01131149015     0.1713114901
v           0.5425    0.01474180881     0.1662254264
v            0.547            0.016             0.16
v            0.547    0.01474180881     0.1537745736
v            0.547    0.01131149015     0.1486885099
v            0.547   0.006225426415     0.1452581912
v            0.547                0            0.144
v            0.547  -0.006225426415     0.1452581912
v            0.547   -0.01131149015     0.1486885099
v            0.547   -0.01474180881     0.1537745736
v            0.547           -0.016             0.16
v            0.547   -0.01474180881     0.1662254264
v            0.547   -0.01131149015     0.1713114901
v            0.547  -0.006225426415     0.1747418088
v            0.547                0            0.176
v            0.547   0.006225426415     0.1747418088
v            0.547    0.01131149015     0.1713114901
v            0.547    0.01474180881     0.1662254264
v           0.5515            0.016             0.16
v           0.5515    0.01474180881     0.1537745736
v           0.5515    0.01131149015     0.1486885099
v           0.5515   0.006225426415     0.1452581912
v           0.5515                0            0.144
v           0.5515  -0.006225426415     0.1452581912
v           0.5515   -0.01131149015     0.1486885099
v           0.5515   -0.01474180881     0.1537745736
v           0.5515           -0.016             0.16
v           0.5515   -0.01474180881     0.1662254264
v           0.5515   -0.01131149015     0.1713114901
v           0.5515  -0.006225426415     0.1747418088
v           0.5515                0            0.176
v           0.5515   0.006225426415     0.1747418088
v           0.5515    0.01131149015     0.1713114901
v           0.5515    0.01474180881     0.1662254264
v            0.556            0.016             0.16
v            0.556    0.01474180881     0.1537745736
v            0.556    0.01131149015     0.1486885099
v            0.556   0.006225426415     0.1452581912
v            0.556                0            0.144
v            0.556  -0.006225426415     0.1452581912
v            0.556   -0.01131149015     0.1486885099
v            0.556   -0.01474180881     0.1537745736
v            0.556           -0.016             0.16
v            0.556   -0.01474180881     0.1662254264
v            0.556   -0.01131149015     0.1713114901
v            0.556  -0.006225426415     0.1747418088
v            0.556                0            0.176
v            0.556   0.006225426415     0.1747418088
v            0.556    0.01131149015     0.1713114901
v            0.556    0.01474180881     0.1662254264
v           0.5605            0.016             0.16
v           0.5605    0.01474180881     0.1537745736
v           0.5605    0.01131149015     0.1486885099
v           0.5605   0.006225426415     0.1452581912
v           0.5605                0            0.144
v           0.5605  -0.006225426415     0.1452581912
v           0.5605   -0.01131149015     0.1486885099
v           0.5605   -0.01474180881     0.1537745736
v           0.5605           -0.016             0.16
v           0.5605   -0.01474180881     0.1662254264
v           0.5605   -0.01131149015     0.1713114901
v           0.5605  -0.006225426415     0.1747418088
v           0.5605                0            0.176
v           0.5605   0.006225426415     0.1747418088
v           0.5605    0.01131149015     0.1713114901
v           0.5605    0.01474180881     0.1662254264
v            0.565            0.016             0.16
v            0.565    0.01474180881     0.1537745736
v            0.565    0.01131149015     0.1486885099
v            0.565   0.006225426415     0.1452581912
v            0.565                0            0.144
v            0.565  -0.006225426415     0.1452581912
v            0.565   -0.01131149015     0.1486885099
v            0.565   -0.01474180881     0.1537745736
v            0.565           -0.016             0.16
v            0.565   -0.01474180881     0.1662254264
v            0.565   -0.01131149015     0.1713114901
v            0.565  -0.006225426415     0.1747418088
v            0.565                0            0.176
v            0.565   0.006225426415     0.1747418088
v            0.565    0.01131149015     0.1713114901
v            0.565    0.01474180881     0.1662254264
v           0.5695            0.016             0.16
v           0.5695    0.01474180881     0.1537745736
v           0.5695    0.01131149015     0.1486885099
v           0.5695   0.006225426415     0.1452581912
v           0.5695                0            0.144
v           0.5695  -0.006225426415     0.1452581912
v           0.5695   -0.01131149015     0.1486885099
v           0.5695   -0.01474180881     0.1537745736
v           0.5695           -0.016             0.16
v           0.5695   -0.01474180881     0.1662254264
v           0.5695   -0.01131149015     0.1713114901
v           0.5695  -0.006225426415     0.1747418088
v           0.5695                0            0.176
v           0.5695   0.006225426415     0.1747418088
v           0.5695    0.01131149015     0.1713114901
v           0.5695    0.01474180881     0.1662254264
v            0.574            0.016             0.16
v            0.574    0.01474180881     0.1537745736
v            0.574    0.01131149015     0.1486885099
v            0.574   0.006225426415     0.1452581912
v            0.574                0            0.144
v            0.574  -0.006225426415     0.1452581912
v            0.574   -0.01131149015     0.1486885099
v            0.574   -0.01474180881     0.1537745736
v            0.574           -0.016             0.16
v            0.574   -0.01474180881     0.1662254264
v            0.574   -0.01131149015     0.1713114901
v            0.574  -0.006225426415     0.1747418088
v            0.574                0            0.176
v            0.574   0.006225426415     0.1747418088
v            0.574    0.01131149015     0.1713114901
v            0.574    0.01474180881     0.1662254264
v           0.5785            0.016             0.16
v           0.5785    0.01474180881     0.1537745736
v           0.5785    0.01131149015     0.1486885099
v           0.5785   0.006225426415     0.1452581912
v           0.5785                0            0.144
v           0.5785  -0.006225426415     0.1452581912
v           0.5785   -0.01131149015     0.1486885099
v           0.5785   -0.01474180881     0.1537745736
v           0.5785           -0.016             0.16
v           0.5785   -0.01474180881     0.1662254264
v           0.5785   -0.01131149015     0.1713114901
v           0.5785  -0.006225426415     0.1747418088
v           0.5785                0            0.176
v           0.5785   0.006225426415     0.1747418088
v           0.5785    0.01131149015     0.1713114901
v           0.5785    0.01474180881     0.1662254264
v            0.583            0.016             0.16
v            0.583    0.01474180881     0.1537745736
v            0.583    0.01131149015     0.1486885099
v            0.583   0.006225426415     0.1452581912
v            0.583                0            0.144
v            0.583  -0.006225426415     0.1452581912
v            0.583   -0.01131149015     0.1486885099
v            0.583   -0.01474180881     0.1537745736
v            0.583           -0.016             0.16
v            0.583   -0.01474180881     0.1662254264
v            0.583   -0.01131149015     0.1713114901
v            0.583  -0.006225426415     0.1747418088
v            0.583                0            0.176
v            0.583   0.006225426415     0.1747418088
v            0.583    0.01131149015     0.1713114901
v            0.583    0.01474180881     0.1662254264
v           0.5875            0.016             0.16
v           0.5875    0.01474180881     0.1537745736
v           0.5875    0.01131149015     0.1486885099
v           0.5875   0.006225426415     0.1452581912
v           0.5875                0            0.144
v           0.5875  -0.006225426415     0.1452581912
v           0.5875   -0.01131149015     0.1486885099
v           0.5875   -0.01474180881     0.1537745736
v           0.5875           -0.016             0.16
v           0.5875   -0.01474180881     0.1662254264
v           0.5875   -0.01131149015     0.1713114901
v           0.5875  -0.006225426415     0.1747418088
v           0.5875                0            0.176
v           0.5875   0.006225426415     0.1747418088
v           0.5875    0.01131149015     0.1713114901
v           0.5875    0.01474180881     0.1662254264
v     0.5923295701    0.01589122992             0.16
v     0.5923295701    0.01464215916     0.1538195679
v     0.5923295701     0.0112346473     0.1487653527
v     0.5923295701   0.006180432099     0.1453578408
v     0.5923295701  -9.59259624e-20     0.1441087701
v     0.5923295701  -0.006180432099     0.1453578408
v     0.5923295701    -0.0112346473     0.1487653527
v     0.5923295701   -0.01464215916     0.1538195679
v     0.5923295701   -0.01589122992             0.16
v     0.5923295701   -0.01464215916     0.1661804321
v     0.5923295701    -0.0112346473     0.1712346473
v     0.5923295701  -0.006180432099     0.1746421592
v     0.5923295701 -3.730179909e-19     0.1758912299
v     0.5923295701   0.006180432099     0.1746421592
v     0.5923295701     0.0112346473     0.1712346473
v     0.5923295701    0.01464215916     0.1661804321
v     0.5974887102    0.01548168975             0.16
v     0.5974887102    0.01426595816     0.1539842616
v     0.5974887102    0.01094522371     0.1490547763
v     0.5974887102   0.006015738351     0.1457340418
v     0.5974887102 -2.877778872e-19     0.1445183102
v     0.5974887102  -0.006015738351     0.1457340418
v     0.5974887102   -0.01094522371     0.1490547763
v     0.5974887102   -0.01426595816     0.1539842616
v     0.5974887102   -0.01548168975             0.16
v     0.5974887102   -0.01426595816     0.1660157384
v     0.5974887102   -0.01094522371     0.1709452237
v     0.5974887102  -0.006015738351     0.1742659582
v     0.5974887102 -1.119053973e-18     0.1754816898
v     0.5974887102   0.006015738351     0.1742659582
v     0.5974887102    0.01094522371     0.1709452237
v     0.5974887102    0.01426595816     0.1660157384
v     0.6024830654    0.01464653463             0.16
v     0.6024830654    0.01349732773      0.154313221
v     0.6024830654    0.01035487685     0.1496451231
v     0.6024830654   0.005686778968     0.1465026723
v     0.6024830654 -4.316668308e-19     0.1453534654
v     0.6024830654  -0.005686778968     0.1465026723
v     0.6024830654   -0.01035487685     0.1496451231
v     0.6024830654   -0.01349732773      0.154313221
v     0.6024830654   -0.01464653463             0.16
v     0.6024830654   -0.01349732773      0.165686779
v     0.6024830654   -0.01035487685     0.1703548769
v     0.6024830654  -0.005686778968     0.1734973277
v     0.6024830654 -1.678580959e-18     0.1746465346
v     0.6024830654   0.005686778968     0.1734973277
v     0.6024830654    0.01035487685     0.1703548769
v     0.6024830654    0.01349732773      0.165686779
v     0.6068182803    0.01326091967             0.16
v     0.6068182803    0.01222038976     0.1548510123
v     0.6068182803   0.009375264163     0.1506247358
v     0.6068182803   0.005148987748     0.1477796102
v     0.6068182803 -3.837038496e-19     0.1467390803
v     0.6068182803  -0.005148987748     0.1477796102
v     0.6068182803  -0.009375264163     0.1506247358
v     0.6068182803   -0.01222038976     0.1548510123
v     0.6068182803   -0.01326091967             0.16
v     0.6068182803   -0.01222038976     0.1651489877
v     0.6068182803  -0.009375264163     0.1693752642
v     0.6068182803  -0.005148987748     0.1722203898
v     0.6068182803 -1.492071964e-18     0.1732609197
v     0.6068182803   0.005148987748     0.1722203898
v     0.6068182803   0.009375264163     0.1693752642
v     0.6068182803    0.01222038976     0.1651489877
v             0.61           0.0112             0.16
v             0.61    0.01031926616     0.1556422015
v             0.61   0.007918043103     0.1520819569
v             0.61   0.004357798491     0.1496807338
v             0.61                0           0.1488
v             0.61  -0.004357798491     0.1496807338
v             0.61  -0.007918043103     0.1520819569
v             0.61   -0.01031926616     0.1556422015
v             0.61          -0.0112             0.16
v             0.61   -0.01031926616     0.1643577985
v             0.61  -0.007918043103     0.1679180431
v             0.61  -0.004357798491     0.1703192662
v             0.61                0           0.1712
v             0.61   0.004357798491     0.1703192662
v             0.61   0.007918043103     0.1679180431
v             0.61    0.01031926616     0.1643577985
v             0.52           0.0005            -0.16
v     0.5234746892   0.003966689192            -0.16
v             0.52  0.0004606815252    -0.1601945446
v     0.5234746892   0.003657454747    -0.1615306977
v             0.52  0.0003534840671    -0.1603534841
v     0.5234746892   0.002804580004      -0.16280458
v             0.52  0.0001945445755    -0.1604606815
v     0.5234746892   0.001530697704    -0.1636574547
v             0.52                0          -0.1605
v     0.5234746892 -2.613536048e-19    -0.1639666892
v     0.5234746892  -0.001530697704    -0.1636574547
v             0.52 -0.0001945445755    -0.1604606815
v     0.5234746892  -0.002804580004      -0.16280458
v             0.52 -0.0003534840671    -0.1603534841
v     0.5234746892  -0.003657454747    -0.1615306977
v             0.52 -0.0004606815252    -0.1601945446
v     0.5234746892  -0.003966689192            -0.16
v             0.52          -0.0005            -0.16
v             0.52 -0.0004606815252    -0.1598054554
v     0.5234746892  -0.003657454747    -0.1584693023
v             0.52 -0.0003534840671    -0.1596465159
v     0.5234746892  -0.002804580004      -0.15719542
v             0.52 -0.0001945445755    -0.1595393185
v     0.5234746892  -0.001530697704    -0.1563425453
v             0.52                0          -0.1595
v     0.5234746892 -9.952929858e-19    -0.1560333108
v     0.5234746892   0.001530697704    -0.1563425453
v             0.52  0.0001945445755    -0.1595393185
v     0.5234746892   0.002804580004      -0.15719542
v             0.52  0.0003534840671    -0.1596465159
v     0.5234746892   0.003657454747    -0.1584693023
v             0.52  0.0004606815252    -0.1598054554
v     0.5278465253   0.008042525341            -0.16
v     0.5278465253   0.007413116311    -0.1631149741
v     0.5278465253   0.005686098425    -0.1656860984
v     0.5278465253   0.003114974078    -0.1674131163
v     0.5278465253 -2.940228055e-19    -0.1680425253
v     0.5278465253  -0.003114974078    -0.1674131163
v     0.5278465253  -0.005686098425    -0.1656860984
v     0.5278465253  -0.007413116311    -0.1631149741
v     0.5278465253  -0.008042525341            -0.16
v     0.5278465253  -0.007413116311    -0.1568850259
v     0.5278465253  -0.005686098425    -0.1543139016
v     0.5278465253  -0.003114974078    -0.1525868837
v     0.5278465253 -1.119704609e-18    -0.1519574747
v     0.5278465253   0.003114974078    -0.1525868837
v     0.5278465253   0.005686098425    -0.1543139016
v     0.5278465253   0.007413116311    -0.1568850259
v     0.5327310169    0.01193501689            -0.16
v     0.5327310169    0.01099850399    -0.1646342621
v     0.5327310169   0.008437869485    -0.1684378695
v     0.5327310169   0.004634262071     -0.170998504
v     0.5327310169 -1.960152036e-19    -0.1719350169
v     0.5327310169  -0.004634262071     -0.170998504
v     0.5327310169  -0.008437869485    -0.1684378695
v     0.5327310169   -0.01099850399    -0.1646342621
v     0.5327310169   -0.01193501689            -0.16
v     0.5327310169   -0.01099850399    -0.1553657379
v     0.5327310169  -0.008437869485    -0.1515621305
v     0.5327310169  -0.004634262071     -0.149001496
v     0.5327310169 -7.464697394e-19    -0.1480649831
v     0.5327310169   0.004634262071     -0.149001496
v     0.5327310169   0.008437869485    -0.1515621305
v     0.5327310169    0.01099850399    -0.1553657379
v     0.5377436723     0.0148516723            -0.16
v     0.5377436723    0.01368445556    -0.1657754501
v     0.5377436723    0.01049972334    -0.1704997233
v     0.5377436723   0.005775450058    -0.1736844556
v     0.5377436723 -6.533840121e-20    -0.1748516723
v     0.5377436723  -0.005775450058    -0.1736844556
v     0.5377436723   -0.01049972334    -0.1704997233
v     0.5377436723   -0.01368445556    -0.1657754501
v     0.5377436723    -0.0148516723            -0.16
v     0.5377436723   -0.01368445556    -0.1542245499
v     0.5377436723   -0.01049972334    -0.1495002767
v     0.5377436723  -0.005775450058    -0.1463155444
v     0.5377436723 -2.488232465e-19    -0.1451483277
v     0.5377436723   0.005775450058    -0.1463155444
v     0.5377436723    0.01049972334    -0.1495002767
v     0.5377436723    0.01368445556    -0.1542245499
v           0.5425            0.016            -0.16
v           0.5425    0.01474180881    -0.1662254264
v           0.5425    0.01131149015    -0.1713114901
v           0.5425   0.006225426415    -0.1747418088
v           0.5425                0           -0.176
v           0.5425  -0.006225426415    -0.1747418088
v           0.5425   -0.01131149015    -0.1713114901
v           0.5425   -0.01474180881    -0.1662254264
v           0.5425           -0.016            -0.16
v           0.5425   -0.01474180881    -0.1537745736
v           0.5425   -0.01131149015    -0.1486885099
v           0.5425  -0.006225426415    -0.1452581912
v           0.5425                0           -0.144
v           0.5425   0.006225426415    -0.1452581912
v           0.5425    0.01131149015    -0.1486885099
v           0.5425    0.01474180881    -0.1537745736
v            0.547            0.016            -0.16
v            0.547    0.01474180881    -0.1662254264
v            0.547    0.01131149015    -0.1713114901
v            0.547   0.006225426415    -0.1747418088
v            0.547                0           -0.176
v            0.547  -0.006225426415    -0.1747418088
v            0.547   -0.01131149015    -0.1713114901
v            0.547   -0.01474180881    -0.1662254264
v            0.547           -0.016            -0.16
v            0.547   -0.01474180881    -0.1537745736
v            0.547   -0.01131149015    -0.1486885099
v            0.547  -0.006225426415    -0.1452581912
v            0.547                0           -0.144
v            0.547   0.006225426415    -0.1452581912
v            0.547    0.01131149015    -0.1486885099
v            0.547    0.01474180881    -0.1537745736
v           0.5515            0.016            -0.16
v           0.5515    0.01474180881    -0.1662254264
v           0.5515    0.01131149015    -0.1713114901
v           0.5515   0.006225426415    -0.1747418088
v           0.5515                0           -0.176
v           0.5515  -0.006225426415    -0.1747418088
v           0.5515   -0.01131149015    -0.1713114901
v           0.5515   -0.01474180881    -0.1662254264
v           0.5515           -0.016            -0.16
v           0.5515   -0.01474180881    -0.1537745736
v           0.5515   -0.01131149015    -0.1486885099
v           0.5515  -0.006225426415    -0.1452581912
v           0.5515                0           -0.144
v           0.5515   0.006225426415    -0.1452581912
v           0.5515    0.01131149015    -0.1486885099
v           0.5515    0.01474180881    -0.1537745736
v            0.556            0.016            -0.16
v            0.556    0.01474180881    -0.1662254264
v            0.556    0.01131149015    -0.1713114901
v            0.556   0.006225426415    -0.1747418088
v            0.556                0           -0.176
v            0.556  -0.006225426415    -0.1747418088
v            0.556   -0.01131149015    -0.1713114901
v            0.556   -0.01474180881    -0.1662254264
v            0.556           -0.016            -0.16
v            0.556   -0.01474180881    -0.1537745736
v            0.556   -0.01131149015    -0.1486885099
v            0.556  -0.006225426415    -0.1452581912
v            0.556                0           -0.144
v            0.556   0.006225426415    -0.1452581912
v            0.556    0.01131149015    -0.1486885099
v            0.556    0.01474180881    -0.1537745736
v           0.5605            0.016            -0.16
v           0.5605    0.01474180881    -0.1662254264
v           0.5605    0.01131149015    -0.1713114901
v           0.5605   0.006225426415    -0.1747418088
v           0.5605                0           -0.176
v           0.5605  -0.006225426415    -0.1747418088
v           0.5605   -0.01131149015    -0.1713114901
v           0.5605   -0.01474180881    -0.1662254264
v           0.5605           -0.016            -0.16
v           0.5605   -0.01474180881    -0.1537745736
v           0.5605   -0.01131149015    -0.1486885099
v           0.5605  -0.006225426415    -0.1452581912
v           0.5605                0           -0.144
v           0.5605   0.006225426415    -0.1452581912
v           0.5605    0.01131149015    -0.1486885099
v           0.5605    0.01474180881    -0.1537745736
v            0.565            0.016            -0.16
v            0.565    0.01474180881    -0.1662254264
v            0.565    0.01131149015    -0.1713114901
v            0.565   0.006225426415    -0.1747418088
v            0.565                0           -0.176
v            0.565  -0.006225426415    -0.1747418088
v            0.565   -0.01131149015    -0.1713114901
v            0.565   -0.01474180881    -0.1662254264
v            0.565           -0.016            -0.16
v            0.565   -0.01474180881    -0.1537745736
v            0.565   -0.01131149015    -0.1486885099
v            0.565  -0.006225426415    -0.1452581912
v            0.565                0           -0.144
v            0.565   0.006225426415    -0.1452581912
v            0.565    0.01131149015    -0.1486885099
v            0.565    0.01474180881    -0.1537745736
v           0.5695            0.016            -0.16
v           0.5695    0.01474180881    -0.1662254264
v           0.5695    0.01131149015    -0.1713114901
v           0.5695   0.006225426415    -0.1747418088
v           0.5695                0           -0.176
v           0.5695  -0.006225426415    -0.1747418088
v           0.5695   -0.01131149015    -0.1713114901
v           0.5695   -0.01474180881    -0.1662254264
v           0.5695           -0.016            -0.16
v           0.5695   -0.01474180881    -0.1537745736
v           0.5695   -0.01131149015    -0.1486885099
v           0.5695  -0.006225426415    -0.1452581912
v           0.5695                0           -0.144
v           0.5695   0.006225426415    -0.1452581912
v           0.5695    0.01131149015    -0.1486885099
v           0.5695    0.01474180881    -0.1537745736
v            0.574            0.016            -0.16
v            0.574    0.01474180881    -0.1662254264
v            0.574    0.01131149015    -0.1713114901
v            0.574   0.006225426415    -0.1747418088
v            0.574                0           -0.176
v            0.574  -0.006225426415    -0.1747418088
v            0.574   -0.01131149015    -0.1713114901
v            0.574   -0.01474180881    -0.1662254264
v            0.574           -0.016            -0.16
v            0.574   -0.01474180881    -0.1537745736
v            0.574   -0.01131149015    -0.1486885099
v            0.574  -0.006225426415    -0.1452581912
v            0.574                0           -0.144
v            0.574   0.006225426415    -0.1452581912
v            0.574    0.01131149015    -0.1486885099
v            0.574    0.01474180881    -0.1537745736
v           0.5785            0.016            -0.16
v           0.5785    0.01474180881    -0.1662254264
v           0.5785    0.01131149015    -0.1713114901
v           0.5785   0.006225426415    -0.1747418088
v           0.5785                0           -0.176
v           0.5785  -0.006225426415    -0.1747418088
v           0.5785   -0.01131149015    -0.1713114901
v           0.5785   -0.01474180881    -0.1662254264
v           0.5785           -0.016            -0.16
v           0.5785   -0.01474180881    -0.1537745736
v           0.5785   -0.01131149015    -0.1486885099
v           0.5785  -0.006225426415    -0.1452581912
v           0.5785                0           -0.144
v           0.5785   0.006225426415    -0.1452581912
v           0.5785    0.01131149015    -0.1486885099
v           0.5785    0.01474180881    -0.1537745736
v            0.583            0.016            -0.16
v            0.583    0.01474180881    -0.1662254264
v            0.583    0.01131149015    -0.1713114901
v            0.583   0.006225426415    -0.1747418088
v            0.583                0           -0.176
v            0.583  -0.006225426415    -0.1747418088
v            0.583   -0.01131149015    -0.1713114901
v            0.583   -0.01474180881    -0.1662254264
v            0.583           -0.016            -0.16
v            0.583   -0.01474180881    -0.1537745736
v            0.583   -0.01131149015    -0.1486885099
v            0.583  -0.006225426415    -0.1452581912
v            0.583                0           -0.144
v            0.583   0.006225426415    -0.1452581912
v            0.583    0.01131149015    -0.1486885099
v            0.583    0.01474180881    -0.1537745736
v           0.5875            0.016            -0.16
v           0.5875    0.01474180881    -0.1662254264
v           0.5875    0.01131149015    -0.1713114901
v           0.5875   0.006225426415    -0.1747418088
v           0.5875                0           -0.176
v           0.5875  -0.006225426415    -0.1747418088
v           0.5875   -0.01131149015    -0.1713114901
v           0.5875   -0.01474180881    -0.1662254264
v           0.5875           -0.016            -0.16
v           0.5875   -0.01474180881    -0.1537745736
v           0.5875   -0.01131149015    -0.1486885099
v           0.5875  -0.006225426415    -0.1452581912
v           0.5875                0           -0.144
v           0.5875   0.006225426415    -0.1452581912
v           0.5875    0.01131149015    -0.1486885099
v           0.5875    0.01474180881    -0.1537745736
v     0.5923295701    0.01589122992            -0.16
v     0.5923295701    0.01464215916    -0.1661804321
v     0.5923295701     0.0112346473    -0.1712346473
v     0.5923295701   0.006180432099    -0.1746421592
v     0.5923295701  -9.59259624e-20    -0.1758912299
v     0.5923295701  -0.006180432099    -0.1746421592
v     0.5923295701    -0.0112346473    -0.1712346473
v     0.5923295701   -0.01464215916    -0.1661804321
v     0.5923295701   -0.01589122992            -0.16
v     0.5923295701   -0.01464215916    -0.1538195679
v     0.5923295701    -0.0112346473    -0.1487653527
v     0.5923295701  -0.006180432099    -0.1453578408
v     0.5923295701 -3.730179909e-19    -0.1441087701
v     0.5923295701   0.006180432099    -0.1453578408
v     0.5923295701     0.0112346473    -0.1487653527
v     0.5923295701    0.01464215916    -0.1538195679
v     0.5974887102    0.01548168975            -0.16
v     0.5974887102    0.01426595816    -0.1660157384
v     0.5974887102    0.01094522371    -0.1709452237
v     0.5974887102   0.006015738351    -0.1742659582
v     0.5974887102 -2.877778872e-19    -0.1754816898
v     0.5974887102  -0.006015738351    -0.1742659582
v     0.5974887102   -0.01094522371    -0.1709452237
v     0.5974887102   -0.01426595816    -0.1660157384
v     0.5974887102   -0.01548168975            -0.16
v     0.5974887102   -0.01426595816    -0.1539842616
v     0.5974887102   -0.01094522371    -0.1490547763
v     0.5974887102  -0.006015738351    -0.1457340418
v     0.5974887102 -1.119053973e-18    -0.1445183102
v     0.5974887102   0.006015738351    -0.1457340418
v     0.5974887102    0.01094522371    -0.1490547763
v     0.5974887102    0.01426595816    -0.1539842616
v     0.6024830654    0.01464653463            -0.16
v     0.6024830654    0.01349732773     -0.165686779
v     0.6024830654    0.01035487685    -0.1703548769
v     0.6024830654   0.005686778968    -0.1734973277
v     0.6024830654 -4.316668308e-19    -0.1746465346
v     0.6024830654  -0.005686778968    -0.1734973277
v     0.6024830654   -0.01035487685    -0.1703548769
v     0.6024830654   -0.01349732773     -0.165686779
v     0.6024830654   -0.01464653463            -0.16
v     0.6024830654   -0.01349732773     -0.154313221
v     0.6024830654   -0.01035487685    -0.1496451231
v     0.6024830654  -0.005686778968    -0.1465026723
v     0.6024830654 -1.678580959e-18    -0.1453534654
v     0.6024830654   0.005686778968    -0.1465026723
v     0.6024830654    0.01035487685    -0.1496451231
v     0.6024830654    0.01349732773     -0.154313221
v     0.6068182803    0.01326091967            -0.16
v     0.6068182803    0.01222038976    -0.1651489877
v     0.6068182803   0.009375264163    -0.1693752642
v     0.6068182803   0.005148987748    -0.1722203898
v     0.6068182803 -3.837038496e-19    -0.1732609197
v     0.6068182803  -0.005148987748    -0.1722203898
v     0.6068182803  -0.009375264163    -0.1693752642
v     0.6068182803   -0.01222038976    -0.1651489877
v     0.6068182803   -0.01326091967            -0.16
v     0.6068182803   -0.01222038976    -0.1548510123
v     0.6068182803  -0.009375264163    -0.1506247358
v     0.6068182803  -0.005148987748    -0.1477796102
v     0.6068182803 -1.492071964e-18    -0.1467390803
v     0.6068182803   0.005148987748    -0.1477796102
v     0.6068182803   0.009375264163    -0.1506247358
v     0.6068182803    0.01222038976    -0.1548510123
v             0.61           0.0112            -0.16
v             0.61    0.01031926616    -0.1643577985
v             0.61   0.007918043103    -0.1679180431
v             0.61   0.004357798491    -0.1703192662
v             0.61                0          -0.1712
v             0.61  -0.004357798491    -0.1703192662
v             0.61  -0.007918043103    -0.1679180431
v             0.61   -0.01031926616    -0.1643577985
v             0.61          -0.0112            -0.16
v             0.61   -0.01031926616    -0.1556422015
v             0.61  -0.007918043103    -0.1520819569
v             0.61  -0.004357798491    -0.1496807338
v             0.61                0          -0.1488
v             0.61   0.004357798491    -0.1496807338
v             0.61   0.007918043103    -0.1520819569
v             0.61    0.01031926616    -0.1556422015
g MeshGeom
f 1 2 3
f 2 4 3
f 3 4 5
f 4 6 5
f 5 6 7
f 6 8 7
f 7 8 9
f 8 10 9
f 9 10 11
f 9 11 12
f 12 11 13
f 12 13 14
f 14 13 15
f 14 15 16
f 16 15 17
f 16 17 18
f 18 17 19
f 17 20 19
f 19 20 21
f 20 22 21
f 21 22 23
f 22 24 23
f 23 24 25
f 24 26 25
f 25 26 27
f 25 27 28
f 28 27 29
f 28 29 30
f 30 29 31
f 30 31 32
f 32 31 2
f 32 2 1
f 2 33 4
f 33 34 4
f 4 34 6
f 34 35 6
f 6 35 8
f 35 36 8
f 8 36 10
f 36 37 10
f 10 37 38
f 10 38 11
f 11 38 39
f 11 39 13
f 13 39 40
f 13 40 15
f 15 40 41
f 15 41 17
f 17 41 20
f 41 42 20
f 20 42 22
f 42 43 22
f 22 43 24
f 43 44 24
f 24 44 26
f 44 45 26
f 26 45 46
f 26 46 27
f 27 46 47
f 27 47 29
f 29 47 48
f 29 48 31
f 31 48 33
f 31 33 2
f 33 49 34
f 49 50 34
f 34 50 35
f 50 51 35
f 35 51 36
f 51 52 36
f 36 52 37
f 52 53 37
f 37 53 54
f 37 54 38
f 38 54 55
f 38 55 39
f 39 55 56
f 39 56 40
f 40 56 57
f 40 57 41
f 41 57 42
f 57 58 42
f 42 58 43
f 58 59 43
f 43 59 44
f 59 60 44
f 44 60 45
f 60 61 45
f 45 61 62
f 45 62 46
f 46 62 63
f 46 63 47
f 47 63 64
f 47 64 48
f 48 64 49
f 48 49 33
f 49 65 50
f 65 66 50
f 50 66 51
f 66 67 51
f 51 67 52
f 67 68 52
f 52 68 53
f 68 69 53
f 53 69 70
f 53 70 54
f 54 70 71
f 54 71 55
f 55 71 72
f 55 72 56
f 56 72 73
f 56 73 57
f 57 73 58
f 73 74 58
f 58 74 59
f 74 75 59
f 59 75 60
f 75 76 60
f 60 76 61
f 76 77 61
f 61 77 78
f 61 78 62
f 62 78 79
f 62 79 63
f 63 79 80
f 63 80 64
f 64 80 65
f 64 65 49
f 65 81 66
f 81 82 66
f 66 82 67
f 82 83 67
f 67 83 68
f 83 84 68
f 68 84 69
f 84 85 69
f 69 85 86
f 69 86 70
f 70 86 87
f 70 87 71
f 71 87 88
f 71 88 72
f 72 88 89
f 72 89 73
f 73 89 74
f 89 90 74
f 74 90 75
f 90 91 75
f 75 91 76
f 91 92 76
f 76 92 77
f 92 93 77
f 77 93 94
f 77 94 78
f 78 94 95
f 78 95 79
f 79 95 96
f 79 96 80
f 80 96 81
f 80 81 65
f 81 97 82
f 97 98 82
f 82 98 83
f 98 99 83
f 83 99 84
f 99 100 84
f 84 100 85
f 100 101 85
f 85 101 102
f 85 102 86
f 86 102 103
f 86 103 87
f 87 103 104
f 87 104 88
f 88 104 105
f 88 105 89
f 89 105 90
f 105 106 90
f 90 106 91
f 106 107 91
f 91 107 92
f 107 108 92
f 92 108 93
f 108 109 93
f 93 109 110
f 93 110 94
f 94 110 111
f 94 111 95
f 95 111 112
f 95 112 96
f 96 112 97
f 96 97 81
f 97 113 98
f 113 114 98
f 98 114 99
f 114 115 99
f 99 115 100
f 115 116 100
f 100 116 101
f 116 117 101
f 101 117 118
f 101 118 102
f 102 118 119
f 102 119 103
f 103 119 120
f 103 120 104
f 104 120 121
f 104 121 105
f 105 121 106
f 121 122 106
f 106 122 107
f 122 123 107
f 107 123 108
f 123 124 108
f 108 124 109
f 124 125 109
f 109 125 126
f 109 126 110
f 110 126 127
f 110 127 111
f 111 127 128
f 111 128 112
f 112 128 113
f 112 113 97
f 113 129 114
f 129 130 114
f 114 130 115
f 130 131 115
f 115 131 116
f 131 132 116
f 116 132 117
f 132 133 117
f 117 133 134
f 117 134 118
f 118 134 135
f 118 135 119
f 119 135 136
f 119 136 120
f 120 136 137
f 120 137 121
f 121 137 122
f 137 138 122
f 122 138 123
f 138 139 123
f 123 139 124
f 139 140 124
f 124 140 125
f 140 141 125
f 125 141 142
f 125 142 126
f 126 142 143
f 126 143 127
f 127 143 144
f 127 144 128
f 128 144 129
f 128 129 113
f 129 145 130
f 145 146 130
f 130 146 131
f 146 147 131
f 131 147 132
f 147 148 132
f 132 148 133
f 148 149 133
f 133 149 150
f 133 150 134
f 134 150 151
f 134 151 135
f 135 151 152
f 135 152 136
f 136 152 153
f 136 153 137
f 137 153 138
f 153 154 138
f 138 154 139
f 154 155 139
f 139 155 140
f 155 156 140
f 140 156 141
f 156 157 141
f 141 157 158
f 141 158 142
f 142 158 159
f 142 159 143
f 143 159 160
f 143 160 144
f 144 160 145
f 144 145 129
f 145 161 146
f 161 162 146
f 146 162 147
f 162 163 147
f 147 163 148
f 163 164 148
f 148 164 149
f 164 165 149
f 149 165 166
f 149 166 150
f 150 166 167
f 150 167 151
f 151 167 168
f 151 168 152
f 152 168 169
f 152 169 153
f 153 169 154
f 169 170 154
f 154 170 155
f 170 171 155
f 155 171 156
f 171 172 156
f 156 172 157
f 172 173 157
f 157 173 174
f 157 174 158
f 158 174 175
f 158 175 159
f 159 175 176
f 159 176 160
f 160 176 161
f 160 161 145
f 161 177 178
f 161 178 162
f 162 178 179
f 162 179 163
f 163 179 180
f 163 180 164
f 164 180 181
f 164 181 165
f 165 181 166
f 181 182 166
f 166 182 167
f 182 183 167
f 167 183 168
f 183 184 168
f 168 184 169
f 184 185 169
f 169 185 186
f 169 186 170
f 170 186 187
f 170 187 171
f 171 187 188
f 171 188 172
f 172 188 189
f 172 189 173
f 173 189 174
f 189 190 174
f 174 190 175
f 190 191 175
f 175 191 176
f 191 192 176
f 176 192 161
f 192 177 161
f 177 193 194
f 177 194 178
f 178 194 195
f 178 195 179
f 179 195 196
f 179 196 180
f 180 196 197
f 180 197 181
f 181 197 182
f 197 198 182
f 182 198 183
f 198 199 183
f 183 199 184
f 199 200 184
f 184 200 185
f 200 201 185
f 185 201 202
f 185 202 186
f 186 202 203
f 186 203 187
f 187 203 204
f 187 204 188
f 188 204 205
f 188 205 189
f 189 205 190
f 205 206 190
f 190 206 191
f 206 207 191
f 191 207 192
f 207 208 192
f 192 208 177
f 208 193 177
f 193 209 210
f 193 210 194
f 194 210 211
f 194 211 195
f 195 211 212
f 195 212 196
f 196 212 213
f 196 213 197
f 197 213 198
f 213 214 198
f 198 214 199
f 214 215 199
f 199 215 200
f 215 216 200
f 200 216 201
f 216 217 201
f 201 217 218
f 201 218 202
f 202 218 219
f 202 219 203
f 203 219 220
f 203 220 204
f 204 220 221
f 204 221 205
f 205 221 206
f 221 222 206
f 206 222 207
f 222 223 207
f 207 223 208
f 223 224 208
f 208 224 193
f 224 209 193
f 209 225 226
f 209 226 210
f 210 226 227
f 210 227 211
f 211 227 228
f 211 228 212
f 212 228 229
f 212 229 213
f 213 229 214
f 229 230 214
f 214 230 215
f 230 231 215
f 215 231 216
f 231 232 216
f 216 232 217
f 232 233 217
f 217 233 234
f 217 234 218
f 218 234 235
f 218 235 219
f 219 235 236
f 219 236 220
f 220 236 237
f 220 237 221
f 221 237 222
f 237 238 222
f 222 238 223
f 238 239 223
f 223 239 224
f 239 240 224
f 224 240 209
f 240 225 209
f 225 241 242
f 225 242 226
f 226 242 243
f 226 243 227
f 227 243 244
f 227 244 228
f 228 244 245
f 228 245 229
f 229 245 230
f 245 246 230
f 230 246 231
f 246 247 231
f 231 247 232
f 247 248 232
f 232 248 233
f 248 249 233
f 233 249 250
f 233 250 234
f 234 250 251
f 234 251 235
f 235 251 252
f 235 252 236
f 236 252 253
f 236 253 237
f 237 253 238
f 253 254 238
f 238 254 239
f 254 255 239
f 239 255 240
f 255 256 240
f 240 256 225
f 256 241 225
f 241 257 258
f 241 258 242
f 242 258 259
f 242 259 243
f 243 259 260
f 243 260 244
f 244 260 261
f 244 261 245
f 245 261 246
f 261 262 246
f 246 262 247
f 262 263 247
f 247 263 248
f 263 264 248
f 248 264 249
f 264 265 249
f 249 265 266
f 249 266 250
f 250 266 267
f 250 267 251
f 251 267 268
f 251 268 252
f 252 268 269
f 252 269 253
f 253 269 254
f 269 270 254
f 254 270 255
f 270 271 255
f 255 271 256
f 271 272 256
f 256 272 241
f 272 257 241
f 257 273 274
f 257 274 258
f 258 274 275
f 258 275 259
f 259 275 276
f 259 276 260
f 260 276 277
f 260 277 261
f 261 277 262
f 277 278 262
f 262 278 263
f 278 279 263
f 263 279 264
f 279 280 264
f 264 280 265
f 280 281 265
f 265 281 282
f 265 282 266
f 266 282 283
f 266 283 267
f 267 283 284
f 267 284 268
f 268 284 285
f 268 285 269
f 269 285 270
f 285 286 270
f 270 286 271
f 286 287 271
f 271 287 272
f 287 288 272
f 272 288 257
f 288 273 257
f 273 289 290
f 273 290 274
f 274 290 291
f 274 291 275
f 275 291 292
f 275 292 276
f 276 292 293
f 276 293 277
f 277 293 278
f 293 294 278
f 278 294 279
f 294 295 279
f 279 295 280
f 295 296 280
f 280 296 281
f 296 297 281
f 281 297 298
f 281 298 282
f 282 298 299
f 282 299 283
f 283 299 300
f 283 300 284
f 284 300 301
f 284 301 285
f 285 301 286
f 301 302 286
f 286 302 287
f 302 303 287
f 287 303 288
f 303 304 288
f 288 304 273
f 304 289 273
f 289 305 306
f 289 306 290
f 290 306 307
f 290 307 291
f 291 307 308
f 291 308 292
f 292 308 309
f 292 309 293
f 293 309 294
f 309 310 294
f 294 310 295
f 310 311 295
f 295 311 296
f 311 312 296
f 296 312 297
f 312 313 297
f 297 313 314
f 297 314 298
f 298 314 315
f 298 315 299
f 299 315 316
f 299 316 300
f 300 316 317
f 300 317 301
f 301 317 302
f 317 318 302
f 302 318 303
f 318 319 303
f 303 319 304
f 319 320 304
f 304 320 289
f 320 305 289
f 305 321 322
f 305 322 306
f 306 322 323
f 306 323 307
f 307 323 324
f 307 324 308
f 308 324 325
f 308 325 309
f 309 325 310
f 325 326 310
f 310 326 311
f 326 327 311
f 311 327 312
f 327 328 312
f 312 328 313
f 328 329 313
f 313 329 330
f 313 330 314
f 314 330 331
f 314 331 315
f 315 331 332
f 315 332 316
f 316 332 333
f 316 333 317
f 317 333 318
f 333 334 318
f 318 334 319
f 334 335 319
f 319 335 320
f 335 336 320
f 320 336 305
f 336 321 305
f 337 338 339
f 338 340 339
f 339 340 341
f 340 342 341
f 341 342 343
f 342 344 343
f 343 344 345
f 344 346 345
f 345 346 347
f 346 348 347
f 347 348 349
f 348 350 349
f 349 350 351
f 350 352 351
f 351 352 353
f 352 354 353
f 352 355 354
f 355 356 354
f 355 357 356
f 357 358 356
f 357 359 358
f 359 360 358
f 359 361 360
f 361 362 360
f 361 363 362
f 363 364 362
f 363 365 364
f 365 366 364
f 365 367 366
f 367 368 366
f 368 367 369
f 367 365 369
f 369 365 370
f 365 363 370
f 370 363 371
f 363 361 371
f 371 361 372
f 361 359 372
f 372 359 373
f 359 357 373
f 373 357 374
f 357 355 374
f 374 355 375
f 355 352 375
f 375 352 376
f 352 377 376
f 352 350 377
f 350 378 377
f 350 348 378
f 348 379 378
f 348 346 379
f 346 380 379
f 346 344 380
f 344 381 380
f 344 342 381
f 342 382 381
f 342 340 382
f 340 383 382
f 340 338 383
f 338 337 383
f 337 339 384
f 339 341 384
f 384 341 385
f 341 343 385
f 385 343 386
f 343 345 386
f 386 345 387
f 345 347 387
f 387 347 388
f 347 349 388
f 388 349 389
f 349 351 389
f 389 351 390
f 351 353 390
f 390 353 391
f 353 392 391
f 353 354 392
f 354 393 392
f 354 356 393
f 356 394 393
f 356 358 394
f 358 395 394
f 358 360 395
f 360 396 395
f 360 362 396
f 362 397 396
f 362 364 397
f 364 398 397
f 364 366 398
f 366 368 398
f 368 369 399
f 369 370 399
f 399 370 400
f 370 371 400
f 400 371 401
f 371 372 401
f 401 372 402
f 372 373 402
f 402 373 403
f 373 374 403
f 403 374 404
f 374 375 404
f 404 375 405
f 375 376 405
f 405 376 406
f 376 407 406
f 376 377 407
f 377 408 407
f 377 378 408
f 378 409 408
f 378 379 409
f 379 410 409
f 379 380 410
f 380 411 410
f 380 381 411
f 381 412 411
f 381 382 412
f 382 413 412
f 382 383 413
f 383 337 413
f 337 384 414
f 414 384 415
f 384 385 415
f 415 385 416
f 385 386 416
f 416 386 417
f 386 387 417
f 417 387 418
f 387 388 418
f 418 388 419
f 388 389 419
f 419 389 420
f 389 390 420
f 420 390 421
f 390 391 421
f 421 391 422
f 391 423 422
f 391 392 423
f 392 424 423
f 392 393 424
f 393 425 424
f 393 394 425
f 394 426 425
f 394 395 426
f 395 427 426
f 395 396 427
f 396 428 427
f 396 397 428
f 397 429 428
f 397 398 429
f 398 430 429
f 398 368 430
f 368 399 430
f 430 399 431
f 399 400 431
f 431 400 432
f 400 401 432
f 432 401 433
f 401 402 433
f 433 402 434
f 402 403 434
f 434 403 435
f 403 404 435
f 435 404 436
f 404 405 436
f 436 405 437
f 405 406 437
f 437 406 438
f 406 439 438
f 406 407 439
f 407 440 439
f 407 408 440
f 408 441 440
f 408 409 441
f 409 442 441
f 409 410 442
f 410 443 442
f 410 411 443
f 411 444 443
f 411 412 444
f 412 445 444
f 412 413 445
f 413 414 445
f 413 337 414
f 414 415 446
f 446 415 447
f 415 416 447
f 447 416 448
f 416 417 448
f 448 417 449
f 417 418 449
f 449 418 450
f 418 419 450
f 450 419 451
f 419 420 451
f 451 420 452
f 420 421 452
f 452 421 453
f 421 422 453
f 453 422 454
f 422 455 454
f 422 423 455
f 423 456 455
f 423 424 456
f 424 457 456
f 424 425 457
f 425 458 457
f 425 426 458
f 426 459 458
f 426 427 459
f 427 460 459
f 427 428 460
f 428 461 460
f 428 429 461
f 429 462 461
f 429 430 462
f 430 431 462
f 462 431 463
f 431 432 463
f 463 432 464
f 432 433 464
f 464 433 465
f 433 434 465
f 465 434 466
f 434 435 466
f 466 435 467
f 435 436 467
f 467 436 468
f 436 437 468
f 468 437 469
f 437 438 469
f 469 438 470
f 438 471 470
f 438 439 471
f 439 472 471
f 439 440 472
f 440 473 472
f 440 441 473
f 441 474 473
f 441 442 474
f 442 475 474
f 442 443 475
f 443 476 475
f 443 444 476
f 444 477 476
f 444 445 477
f 445 446 477
f 445 414 446
f 446 447 478
f 478 447 479
f 447 448 479
f 479 448 480
f 448 449 480
f 480 449 481
f 449 450 481
f 481 450 482
f 450 451 482
f 482 451 483
f 451 452 483
f 483 452 484
f 452 453 484
f 484 453 485
f 453 454 485
f 485 454 486
f 454 487 486
f 454 455 487
f 455 488 487
f 455 456 488
f 456 489 488
f 456 457 489
f 457 490 489
f 457 458 490
f 458 491 490
f 458 459 491
f 459 492 491
f 459 460 492
f 460 493 492
f 460 461 493
f 461 494 493
f 461 462 494
f 462 463 494
f 494 463 495
f 463 464 495
f 495 464 496
f 464 465 496
f 496 465 497
f 465 466 497
f 497 466 498
f 466 467 498
f 498 467 499
f 467 468 499
f 499 468 500
f 468 469 500
f 500 469 501
f 469 470 501
f 501 470 502
f 470 503 502
f 470 471 503
f 471 504 503
f 471 472 504
f 472 505 504
f 472 473 505
f 473 506 505
f 473 474 506
f 474 507 506
f 474 475 507
f 475 508 507
f 475 476 508
f 476 509 508
f 476 477 509
f 477 478 509
f 477 446 478
f 478 510 511
f 478 479 510
f 479 512 510
f 479 480 512
f 480 513 512
f 480 481 513
f 481 514 513
f 481 482 514
f 482 515 514
f 482 483 515
f 483 516 515
f 483 484 516
f 484 517 516
f 484 485 517
f 485 518 517
f 485 486 518
f 486 487 518
f 518 487 519
f 487 488 519
f 519 488 520
f 488 489 520
f 520 489 521
f 489 490 521
f 521 490 522
f 490 491 522
f 522 491 523
f 491 492 523
f 523 492 524
f 492 493 524
f 524 493 525
f 493 494 525
f 525 494 526
f 494 527 526
f 494 495 527
f 495 528 527
f 495 496 528
f 496 529 528
f 496 497 529
f 497 530 529
f 497 498 530
f 498 531 530
f 498 499 531
f 499 532 531
f 499 500 532
f 500 533 532
f 500 501 533
f 501 534 533
f 501 502 534
f 502 503 534
f 534 503 535
f 503 504 535
f 535 504 536
f 504 505 536
f 536 505 537
f 505 506 537
f 537 506 538
f 506 507 538
f 538 507 539
f 507 508 539
f 539 508 540
f 508 509 540
f 540 509 541
f 509 478 541
f 541 478 511
f 511 542 543
f 511 510 542
f 510 544 542
f 510 512 544
f 512 545 544
f 512 513 545
f 513 546 545
f 513 514 546
f 514 547 546
f 514 515 547
f 515 548 547
f 515 516 548
f 516 549 548
f 516 517 549
f 517 550 549
f 517 518 550
f 518 519 550
f 550 519 551
f 519 520 551
f 551 520 552
f 520 521 552
f 552 521 553
f 521 522 553
f 553 522 554
f 522 523 554
f 554 523 555
f 523 524 555
f 555 524 556
f 524 525 556
f 556 525 557
f 525 526 557
f 557 526 558
f 526 559 558
f 526 527 559
f 527 560 559
f 527 528 560
f 528 561 560
f 528 529 561
f 529 562 561
f 529 530 562
f 530 563 562
f 530 531 563
f 531 564 563
f 531 532 564
f 532 565 564
f 532 533 565
f 533 566 565
f 533 534 566
f 534 535 566
f 566 535 567
f 535 536 567
f 567 536 568
f 536 537 568
f 568 537 569
f 537 538 569
f 569 538 570
f 538 539 570
f 570 539 571
f 539 540 571
f 571 540 572
f 540 541 572
f 572 541 573
f 541 511 573
f 573 511 543
f 543 542 574
f 542 575 574
f 542 544 575
f 544 576 575
f 544 545 576
f 545 577 576
f 545 546 577
f 546 578 577
f 546 547 578
f 547 579 578
f 547 548 579
f 548 580 579
f 548 549 580
f 549 581 580
f 549 550 581
f 550 551 581
f 581 551 582
f 551 552 582
f 582 552 583
f 552 553 583
f 583 553 584
f 553 554 584
f 584 554 585
f 554 555 585
f 585 555 586
f 555 556 586
f 586 556 587
f 556 557 587
f 587 557 588
f 557 558 588
f 558 559 589
f 559 590 589
f 559 560 590
f 560 591 590
f 560 561 591
f 561 592 591
f 561 562 592
f 562 593 592
f 562 563 593
f 563 594 593
f 563 564 594
f 564 595 594
f 564 565 595
f 565 596 595
f 565 566 596
f 566 567 596
f 596 567 597
f 567 568 597
f 597 568 598
f 568 569 598
f 598 569 599
f 569 570 599
f 599 570 600
f 570 571 600
f 600 571 601
f 571 572 601
f 601 572 602
f 572 573 602
f 602 573 603
f 573 543 603
f 543 574 604
f 574 605 604
f 574 575 605
f 575 606 605
f 575 576 606
f 576 607 606
f 576 577 607
f 577 608 607
f 577 578 608
f 578 609 608
f 578 579 609
f 579 610 609
f 579 580 610
f 580 611 610
f 580 581 611
f 581 582 611
f 611 582 612
f 582 583 612
f 612 583 613
f 583 584 613
f 613 584 614
f 584 585 614
f 614 585 615
f 585 586 615
f 615 586 616
f 586 587 616
f 616 587 617
f 587 588 617
f 617 588 618
f 588 558 618
f 558 589 618
f 589 617 618
f 589 590 617
f 590 616 617
f 590 591 616
f 591 615 616
f 591 592 615
f 592 614 615
f 592 593 614
f 593 613 614
f 593 594 613
f 594 612 613
f 594 595 612
f 595 611 612
f 595 596 611
f 596 597 611
f 611 597 610
f 597 598 610
f 610 598 609
f 598 599 609
f 609 599 608
f 599 600 608
f 608 600 607
f 600 601 607
f 607 601 606
f 601 602 606
f 606 602 605
f 602 603 605
f 605 603 604
f 603 543 604
f 337 338 619
f 338 340 619
f 619 340 620
f 340 342 620
f 620 342 621
f 342 344 621
f 621 344 622
f 344 346 622
f 622 346 623
f 346 348 623
f 623 348 624
f 348 350 624
f 624 350 625
f 350 352 625
f 625 352 626
f 352 627 626
f 352 355 627
f 355 628 627
f 355 357 628
f 357 629 628
f 357 359 629
f 359 630 629
f 359 361 630
f 361 631 630
f 361 363 631
f 363 632 631
f 363 365 632
f 365 633 632
f 365 367 633
f 367 368 633
f 368 367 634
f 367 365 634
f 634 365 635
f 365 363 635
f 635 363 636
f 363 361 636
f 636 361 637
f 361 359 637
f 637 359 638
f 359 357 638
f 638 357 639
f 357 355 639
f 639 355 640
f 355 352 640
f 640 352 641
f 352 642 641
f 352 350 642
f 350 643 642
f 350 348 643
f 348 644 643
f 348 346 644
f 346 645 644
f 346 344 645
f 344 646 645
f 344 342 646
f 342 647 646
f 342 340 647
f 340 648 647
f 340 338 648
f 338 337 648
f 337 619 649
f 619 620 649
f 649 620 650
f 620 621 650
f 650 621 651
f 621 622 651
f 651 622 652
f 622 623 652
f 652 623 653
f 623 624 653
f 653 624 654
f 624 625 654
f 654 625 655
f 625 626 655
f 655 626 656
f 626 657 656
f 626 627 657
f 627 658 657
f 627 628 658
f 628 659 658
f 628 629 659
f 629 660 659
f 629 630 660
f 630 661 660
f 630 631 661
f 631 662 661
f 631 632 662
f 632 663 662
f 632 633 663
f 633 368 663
f 368 634 664
f 634 635 664
f 664 635 665
f 635 636 665
f 665 636 666
f 636 637 666
f 666 637 667
f 637 638 667
f 667 638 668
f 638 639 668
f 668 639 669
f 639 640 669
f 669 640 670
f 640 641 670
f 670 641 671
f 641 672 671
f 641 642 672
f 642 673 672
f 642 643 673
f 643 674 673
f 643 644 674
f 644 675 674
f 644 645 675
f 645 676 675
f 645 646 676
f 646 677 676
f 646 647 677
f 647 678 677
f 647 648 678
f 648 337 678
f 337 649 679
f 679 649 680
f 649 650 680
f 680 650 681
f 650 651 681
f 681 651 682
f 651 652 682
f 682 652 683
f 652 653 683
f 683 653 684
f 653 654 684
f 684 654 685
f 654 655 685
f 685 655 686
f 655 656 686
f 686 656 687
f 656 688 687
f 656 657 688
f 657 689 688
f 657 658 689
f 658 690 689
f 658 659 690
f 659 691 690
f 659 660 691
f 660 692 691
f 660 661 692
f 661 693 692
f 661 662 693
f 662 694 693
f 662 663 694
f 663 695 694
f 663 368 695
f 368 664 695
f 695 664 696
f 664 665 696
f 696 665 697
f 665 666 697
f 697 666 698
f 666 667 698
f 698 667 699
f 667 668 699
f 699 668 700
f 668 669 700
f 700 669 701
f 669 670 701
f 701 670 702
f 670 671 702
f 702 671 703
f 671 704 703
f 671 672 704
f 672 705 704
f 672 673 705
f 673 706 705
f 673 674 706
f 674 707 706
f 674 675 707
f 675 708 707
f 675 676 708
f 676 709 708
f 676 677 709
f 677 710 709
f 677 678 710
f 678 679 710
f 678 337 679
f 679 680 711
f 711 680 712
f 680 681 712
f 712 681 713
f 681 682 713
f 713 682 714
f 682 683 714
f 714 683 715
f 683 684 715
f 715 684 716
f 684 685 716
f 716 685 717
f 685 686 717
f 717 686 718
f 686 687 718
f 718 687 719
f 687 720 719
f 687 688 720
f 688 721 720
f 688 689 721
f 689 722 721
f 689 690 722
f 690 723 722
f 690 691 723
f 691 724 723
f 691 692 724
f 692 725 724
f 692 693 725
f 693 726 725
f 693 694 726
f 694 727 726
f 694 695 727
f 695 696 727
f 727 696 728
f 696 697 728
f 728 697 729
f 697 698 729
f 729 698 730
f 698 699 730
f 730 699 731
f 699 700 731
f 731 700 732
f 700 701 732
f 732 701 733
f 701 702 733
f 733 702 734
f 702 703 734
f 734 703 735
f 703 736 735
f 703 704 736
f 704 737 736
f 704 705 737
f 705 738 737
f 705 706 738
f 706 739 738
f 706 707 739
f 707 740 739
f 707 708 740
f 708 741 740
f 708 709 741
f 709 742 741
f 709 710 742
f 710 711 742
f 710 679 711
f 711 712 743
f 743 712 744
f 712 713 744
f 744 713 745
f 713 714 745
f 745 714 746
f 714 715 746
f 746 715 747
f 715 716 747
f 747 716 748
f 716 717 748
f 748 717 749
f 717 718 749
f 749 718 750
f 718 719 750
f 750 719 751
f 719 752 751
f 719 720 752
f 720 753 752
f 720 721 753
f 721 754 753
f 721 722 754
f 722 755 754
f 722 723 755
f 723 756 755
f 723 724 756
f 724 757 756
f 724 725 757
f 725 758 757
f 725 726 758
f 726 759 758
f 726 727 759
f 727 728 759
f 759 728 760
f 728 729 760
f 760 729 761
f 729 730 761
f 761 730 762
f 730 731 762
f 762 731 763
f 731 732 763
f 763 732 764
f 732 733 764
f 764 733 765
f 733 734 765
f 765 734 766
f 734 735 766
f 766 735 767
f 735 768 767
f 735 736 768
f 736 769 768
f 736 737 769
f 737 770 769
f 737 738 770
f 738 771 770
f 738 739 771
f 739 772 771
f 739 740 772
f 740 773 772
f 740 741 773
f 741 774 773
f 741 742 774
f 742 743 774
f 742 711 743
f 743 775 776
f 743 744 775
f 744 777 775
f 744 745 777
f 745 778 777
f 745 746 778
f 746 779 778
f 746 747 779
f 747 780 779
f 747 748 780
f 748 781 780
f 748 749 781
f 749 782 781
f 749 750 782
f 750 783 782
f 750 751 783
f 751 752 783
f 783 752 784
f 752 753 784
f 784 753 785
f 753 754 785
f 785 754 786
f 754 755 786
f 786 755 787
f 755 756 787
f 787 756 788
f 756 757 788
f 788 757 789
f 757 758 789
f 789 758 790
f 758 759 790
f 790 759 791
f 759 792 791
f 759 760 792
f 760 793 792
f 760 761 793
f 761 794 793
f 761 762 794
f 762 795 794
f 762 763 795
f 763 796 795
f 763 764 796
f 764 797 796
f 764 765 797
f 765 798 797
f 765 766 798
f 766 799 798
f 766 767 799
f 767 768 799
f 799 768 800
f 768 769 800
f 800 769 801
f 769 770 801
f 801 770 802
f 770 771 802
f 802 771 803
f 771 772 803
f 803 772 804
f 772 773 804
f 804 773 805
f 773 774 805
f 805 774 806
f 774 743 806
f 806 743 776
f 776 807 808
f 776 775 807
f 775 809 807
f 775 777 809
f 777 810 809
f 777 778 810
f 778 811 810
f 778 779 811
f 779 812 811
f 779 780 812
f 780 813 812
f 780 781 813
f 781 814 813
f 781 782 814
f 782 815 814
f 782 783 815
f 783 784 815
f 815 784 816
f 784 785 816
f 816 785 817
f 785 786 817
f 817 786 818
f 786 787 818
f 818 787 819
f 787 788 819
f 819 788 820
f 788 789 820
f 820 789 821
f 789 790 821
f 821 790 822
f 790 791 822
f 822 791 823
f 791 824 823
f 791 792 824
f 792 825 824
f 792 793 825
f 793 826 825
f 793 794 826
f 794 827 826
f 794 795 827
f 795 828 827
f 795 796 828
f 796 829 828
f 796 797 829
f 797 830 829
f 797 798 830
f 798 831 830
f 798 799 831
f 799 800 831
f 831 800 832
f 800 801 832
f 832 801 833
f 801 802 833
f 833 802 834
f 802 803 834
f 834 803 835
f 803 804 835
f 835 804 836
f 804 805 836
f 836 805 837
f 805 806 837
f 837 806 838
f 806 776 838
f 838 776 808
f 808 807 839
f 807 840 839
f 807 809 840
f 809 841 840
f 809 810 841
f 810 842 841
f 810 811 842
f 811 843 842
f 811 812 843
f 812 844 843
f 812 813 844
f 813 845 844
f 813 814 845
f 814 846 845
f 814 815 846
f 815 816 846
f 846 816 847
f 816 817 847
f 847 817 848
f 817 818 848
f 848 818 849
f 818 819 849
f 849 819 850
f 819 820 850
f 850 820 851
f 820 821 851
f 851 821 852
f 821 822 852
f 852 822 853
f 822 823 853
f 823 824 854
f 824 855 854
f 824 825 855
f 825 856 855
f 825 826 856
f 826 857 856
f 826 827 857
f 827 858 857
f 827 828 858
f 828 859 858
f 828 829 859
f 829 860 859
f 829 830 860
f 830 861 860
f 830 831 861
f 831 832 861
f 861 832 862
f 832 833 862
f 862 833 863
f 833 834 863
f 863 834 864
f 834 835 864
f 864 835 865
f 835 836 865
f 865 836 866
f 836 837 866
f 866 837 867
f 837 838 867
f 867 838 868
f 838 808 868
f 808 839 869
f 839 870 869
f 839 840 870
f 840 871 870
f 840 841 871
f 841 872 871
f 841 842 872
f 842 873 872
f 842 843 873
f 843 874 873
f 843 844 874
f 844 875 874
f 844 845 875
f 845 876 875
f 845 846 876
f 846 847 876
f 876 847 877
f 847 848 877
f 877 848 878
f 848 849 878
f 878 849 879
f 849 850 879
f 879 850 880
f 850 851 880
f 880 851 881
f 851 852 881
f 881 852 882
f 852 853 882
f 882 853 883
f 853 823 883
f 823 854 883
f 854 882 883
f 854 855 882
f 855 881 882
f 855 856 881
f 856 880 881
f 856 857 880
f 857 879 880
f 857 858 879
f 858 878 879
f 858 859 878
f 859 877 878
f 859 860 877
f 860 876 877
f 860 861 876
f 861 862 876
f 876 862 875
f 862 863 875
f 875 863 874
f 863 864 874
f 874 864 873
f 864 865 873
f 873 865 872
f 865 866 872
f 872 866 871
f 866 867 871
f 871 867 870
f 867 868 870
f 870 868 869
f 868 808 869
f 337 338 383
f 338 340 383
f 383 340 382
f 340 342 382
f 382 342 381
f 342 344 381
f 381 344 380
f 344 346 380
f 380 346 379
f 346 348 379
f 379 348 378
f 348 350 378
f 378 350 377
f 350 352 377
f 377 352 376
f 352 375 376
f 352 355 375
f 355 374 375
f 355 357 374
f 357 373 374
f 357 359 373
f 359 372 373
f 359 361 372
f 361 371 372
f 361 363 371
f 363 370 371
f 363 365 370
f 365 369 370
f 365 367 369
f 367 368 369
f 368 367 366
f 367 365 366
f 366 365 364
f 365 363 364
f 364 363 362
f 363 361 362
f 362 361 360
f 361 359 360
f 360 359 358
f 359 357 358
f 358 357 356
f 357 355 356
f 356 355 354
f 355 352 354
f 354 352 353
f 352 351 353
f 352 350 351
f 350 349 351
f 350 348 349
f 348 347 349
f 348 346 347
f 346 345 347
f 346 344 345
f 344 343 345
f 344 342 343
f 342 341 343
f 342 340 341
f 340 339 341
f 340 338 339
f 338 337 339
f 337 383 413
f 383 382 413
f 413 382 412
f 382 381 412
f 412 381 411
f 381 380 411
f 411 380 410
f 380 379 410
f 410 379 409
f 379 378 409
f 409 378 408
f 378 377 408
f 408 377 407
f 377 376 407
f 407 376 406
f 376 405 406
f 376 375 405
f 375 404 405
f 375 374 404
f 374 403 404
f 374 373 403
f 373 402 403
f 373 372 402
f 372 401 402
f 372 371 401
f 371 400 401
f 371 370 400
f 370 399 400
f 370 369 399
f 369 368 399
f 368 366 398
f 366 364 398
f 398 364 397
f 364 362 397
f 397 362 396
f 362 360 396
f 396 360 395
f 360 358 395
f 395 358 394
f 358 356 394
f 394 356 393
f 356 354 393
f 393 354 392
f 354 353 392
f 392 353 391
f 353 390 391
f 353 351 390
f 351 389 390
f 351 349 389
f 349 388 389
f 349 347 388
f 347 387 388
f 347 345 387
f 345 386 387
f 345 343 386
f 343 385 386
f 343 341 385
f 341 384 385
f 341 339 384
f 339 337 384
f 337 413 884
f 884 413 885
f 413 412 885
f 885 412 886
f 412 411 886
f 886 411 887
f 411 410 887
f 887 410 888
f 410 409 888
f 888 409 889
f 409 408 889
f 889 408 890
f 408 407 890
f 890 407 891
f 407 406 891
f 891 406 892
f 406 893 892
f 406 405 893
f 405 894 893
f 405 404 894
f 404 895 894
f 404 403 895
f 403 896 895
f 403 402 896
f 402 897 896
f 402 401 897
f 401 898 897
f 401 400 898
f 400 899 898
f 400 399 899
f 399 900 899
f 399 368 900
f 368 398 900
f 900 398 901
f 398 397 901
f 901 397 902
f 397 396 902
f 902 396 903
f 396 395 903
f 903 395 904
f 395 394 904
f 904 394 905
f 394 393 905
f 905 393 906
f 393 392 906
f 906 392 907
f 392 391 907
f 907 391 908
f 391 909 908
f 391 390 909
f 390 910 909
f 390 389 910
f 389 911 910
f 389 388 911
f 388 912 911
f 388 387 912
f 387 913 912
f 387 386 913
f 386 914 913
f 386 385 914
f 385 915 914
f 385 384 915
f 384 884 915
f 384 337 884
f 884 885 916
f 916 885 917
f 885 886 917
f 917 886 918
f 886 887 918
f 918 887 919
f 887 888 919
f 919 888 920
f 888 889 920
f 920 889 921
f 889 890 921
f 921 890 922
f 890 891 922
f 922 891 923
f 891 892 923
f 923 892 924
f 892 925 924
f 892 893 925
f 893 926 925
f 893 894 926
f 894 927 926
f 894 895 927
f 895 928 927
f 895 896 928
f 896 929 928
f 896 897 929
f 897 930 929
f 897 898 930
f 898 931 930
f 898 899 931
f 899 932 931
f 899 900 932
f 900 901 932
f 932 901 933
f 901 902 933
f 933 902 934
f 902 903 934
f 934 903 935
f 903 904 935
f 935 904 936
f 904 905 936
f 936 905 937
f 905 906 937
f 937 906 938
f 906 907 938
f 938 907 939
f 907 908 939
f 939 908 940
f 908 941 940
f 908 909 941
f 909 942 941
f 909 910 942
f 910 943 942
f 910 911 943
f 911 944 943
f 911 912 944
f 912 945 944
f 912 913 945
f 913 946 945
f 913 914 946
f 914 947 946
f 914 915 947
f 915 916 947
f 915 884 916
f 916 917 948
f 948 917 949
f 917 918 949
f 949 918 950
f 918 919 950
f 950 919 951
f 919 920 951
f 951 920 952
f 920 921 952
f 952 921 953
f 921 922 953
f 953 922 954
f 922 923 954
f 954 923 955
f 923 924 955
f 955 924 956
f 924 957 956
f 924 925 957
f 925 958 957
f 925 926 958
f 926 959 958
f 926 927 959
f 927 960 959
f 927 928 960
f 928 961 960
f 928 929 961
f 929 962 961
f 929 930 962
f 930 963 962
f 930 931 963
f 931 964 963
f 931 932 964
f 932 933 964
f 964 933 965
f 933 934 965
f 965 934 966
f 934 935 966
f 966 935 967
f 935 936 967
f 967 936 968
f 936 937 968
f 968 937 969
f 937 938 969
f 969 938 970
f 938 939 970
f 970 939 971
f 939 940 971
f 971 940 972
f 940 973 972
f 940 941 973
f 941 974 973
f 941 942 974
f 942 975 974
f 942 943 975
f 943 976 975
f 943 944 976
f 944 977 976
f 944 945 977
f 945 978 977
f 945 946 978
f 946 979 978
f 946 947 979
f 947 948 979
f 947 916 948
f 948 980 981
f 948 949 980
f 949 982 980
f 949 950 982
f 950 983 982
f 950 951 983
f 951 984 983
f 951 952 984
f 952 985 984
f 952 953 985
f 953 986 985
f 953 954 986
f 954 987 986
f 954 955 987
f 955 988 987
f 955 956 988
f 956 957 988
f 988 957 989
f 957 958 989
f 989 958 990
f 958 959 990
f 990 959 991
f 959 960 991
f 991 960 992
f 960 961 992
f 992 961 993
f 961 962 993
f 993 962 994
f 962 963 994
f 994 963 995
f 963 964 995
f 995 964 996
f 964 997 996
f 964 965 997
f 965 998 997
f 965 966 998
f 966 999 998
f 966 967 999
f 967 1000 999
f 967 968 1000
f 968 1001 1000
f 968 969 1001
f 969 1002 1001
f 969 970 1002
f 970 1003 1002
f 970 971 1003
f 971 1004 1003
f 971 972 1004
f 972 973 1004
f 1004 973 1005
f 973 974 1005
f 1005 974 1006
f 974 975 1006
f 1006 975 1007
f 975 976 1007
f 1007 976 1008
f 976 977 1008
f 1008 977 1009
f 977 978 1009
f 1009 978 1010
f 978 979 1010
f 1010 979 1011
f 979 948 1011
f 1011 948 981
f 981 1012 1013
f 981 980 1012
f 980 1014 1012
f 980 982 1014
f 982 1015 1014
f 982 983 1015
f 983 1016 1015
f 983 984 1016
f 984 1017 1016
f 984 985 1017
f 985 1018 1017
f 985 986 1018
f 986 1019 1018
f 986 987 1019
f 987 1020 1019
f 987 988 1020
f 988 989 1020
f 1020 989 1021
f 989 990 1021
f 1021 990 1022
f 990 991 1022
f 1022 991 1023
f 991 992 1023
f 1023 992 1024
f 992 993 1024
f 1024 993 1025
f 993 994 1025
f 1025 994 1026
f 994 995 1026
f 1026 995 1027
f 995 996 1027
f 1027 996 1028
f 996 1029 1028
f 996 997 1029
f 997 1030 1029
f 997 998 1030
f 998 1031 1030
f 998 999 1031
f 999 1032 1031
f 999 1000 1032
f 1000 1033 1032
f 1000 1001 1033
f 1001 1034 1033
f 1001 1002 1034
f 1002 1035 1034
f 1002 1003 1035
f 1003 1036 1035
f 1003 1004 1036
f 1004 1005 1036
f 1036 1005 1037
f 1005 1006 1037
f 1037 1006 1038
f 1006 1007 1038
f 1038 1007 1039
f 1007 1008 1039
f 1039 1008 1040
f 1008 1009 1040
f 1040 1009 1041
f 1009 1010 1041
f 1041 1010 1042
f 1010 1011 1042
f 1042 1011 1043
f 1011 981 1043
f 1043 981 1013
f 1013 1012 1044
f 1012 1045 1044
f 1012 1014 1045
f 1014 1046 1045
f 1014 1015 1046
f 1015 1047 1046
f 1015 1016 1047
f 1016 1048 1047
f 1016 1017 1048
f 1017 1049 1048
f 1017 1018 1049
f 1018 1050 1049
f 1018 1019 1050
f 1019 1051 1050
f 1019 1020 1051
f 1020 1021 1051
f 1051 1021 1052
f 1021 1022 1052
f 1052 1022 1053
f 1022 1023 1053
f 1053 1023 1054
f 1023 1024 1054
f 1054 1024 1055
f 1024 1025 1055
f 1055 1025 1056
f 1025 1026 1056
f 1056 1026 1057
f 1026 1027 1057
f 1057 1027 1058
f 1027 1028 1058
f 1028 1029 1059
f 1029 1060 1059
f 1029 1030 1060
f 1030 1061 1060
f 1030 1031 1061
f 1031 1062 1061
f 1031 1032 1062
f 1032 1063 1062
f 1032 1033 1063
f 1033 1064 1063
f 1033 1034 1064
f 1034 1065 1064
f 1034 1035 1065
f 1035 1066 1065
f 1035 1036 1066
f 1036 1037 1066
f 1066 1037 1067
f 1037 1038 1067
f 1067 1038 1068
f 1038 1039 1068
f 1068 1039 1069
f 1039 1040 1069
f 1069 1040 1070
f 1040 1041 1070
f 1070 1041 1071
f 1041 1042 1071
f 1071 1042 1072
f 1042 1043 1072
f 1072 1043 1073
f 1043 1013 1073
f 1013 1044 1074
f 1044 1075 1074
f 1044 1045 1075
f 1045 1076 1075
f 1045 1046 1076
f 1046 1077 1076
f 1046 1047 1077
f 1047 1078 1077
f 1047 1048 1078
f 1048 1079 1078
f 1048 1049 1079
f 1049 1080 1079
f 1049 1050 1080
f 1050 1081 1080
f 1050 1051 1081
f 1051 1052 1081
f 1081 1052 1082
f 1052 1053 1082
f 1082 1053 1083
f 1053 1054 1083
f 1083 1054 1084
f 1054 1055 1084
f 1084 1055 1085
f 1055 1056 1085
f 1085 1056 1086
f 1056 1057 1086
f 1086 1057 1087
f 1057 1058 1087
f 1087 1058 1088
f 1058 1028 1088
f 1028 1059 1088
f 1059 1087 1088
f 1059 1060 1087
f 1060 1086 1087
f 1060 1061 1086
f 1061 1085 1086
f 1061 1062 1085
f 1062 1084 1085
f 1062 1063 1084
f 1063 1083 1084
f 1063 1064 1083
f 1064 1082 1083
f 1064 1065 1082
f 1065 1081 1082
f 1065 1066 1081
f 1066 1067 1081
f 1081 1067 1080
f 1067 1068 1080
f 1080 1068 1079
f 1068 1069 1079
f 1079 1069 1078
f 1069 1070 1078
f 1078 1070 1077
f 1070 1071 1077
f 1077 1071 1076
f 1071 1072 1076
f 1076 1072 1075
f 1072 1073 1075
f 1075 1073 1074
f 1073 1013 1074
f 337 338 648
f 338 340 648
f 648 340 647
f 340 342 647
f 647 342 646
f 342 344 646
f 646 344 645
f 344 346 645
f 645 346 644
f 346 348 644
f 644 348 643
f 348 350 643
f 643 350 642
f 350 352 642
f 642 352 641
f 352 640 641
f 352 355 640
f 355 639 640
f 355 357 639
f 357 638 639
f 357 359 638
f 359 637 638
f 359 361 637
f 361 636 637
f 361 363 636
f 363 635 636
f 363 365 635
f 365 634 635
f 365 367 634
f 367 368 634
f 368 367 633
f 367 365 633
f 633 365 632
f 365 363 632
f 632 363 631
f 363 361 631
f 631 361 630
f 361 359 630
f 630 359 629
f 359 357 629
f 629 357 628
f 357 355 628
f 628 355 627
f 355 352 627
f 627 352 626
f 352 625 626
f 352 350 625
f 350 624 625
f 350 348 624
f 348 623 624
f 348 346 623
f 346 622 623
f 346 344 622
f 344 621 622
f 344 342 621
f 342 620 621
f 342 340 620
f 340 619 620
f 340 338 619
f 338 337 619
f 337 648 678
f 648 647 678
f 678 647 677
f 647 646 677
f 677 646 676
f 646 645 676
f 676 645 675
f 645 644 675
f 675 644 674
f 644 643 674
f 674 643 673
f 643 642 673
f 673 642 672
f 642 641 672
f 672 641 671
f 641 670 671
f 641 640 670
f 640 669 670
f 640 639 669
f 639 668 669
f 639 638 668
f 638 667 668
f 638 637 667
f 637 666 667
f 637 636 666
f 636 665 666
f 636 635 665
f 635 664 665
f 635 634 664
f 634 368 664
f 368 633 663
f 633 632 663
f 663 632 662
f 632 631 662
f 662 631 661
f 631 630 661
f 661 630 660
f 630 629 660
f 660 629 659
f 629 628 659
f 659 628 658
f 628 627 658
f 658 627 657
f 627 626 657
f 657 626 656
f 626 655 656
f 626 625 655
f 625 654 655
f 625 624 654
f 624 653 654
f 624 623 653
f 623 652 653
f 623 622 652
f 622 651 652
f 622 621 651
f 621 650 651
f 621 620 650
f 620 649 650
f 620 619 649
f 619 337 649
f 337 678 1089
f 1089 678 1090
f 678 677 1090
f 1090 677 1091
f 677 676 1091
f 1091 676 1092
f 676 675 1092
f 1092 675 1093
f 675 674 1093
f 1093 674 1094
f 674 673 1094
f 1094 673 1095
f 673 672 1095
f 1095 672 1096
f 672 671 1096
f 1096 671 1097
f 671 1098 1097
f 671 670 1098
f 670 1099 1098
f 670 669 1099
f 669 1100 1099
f 669 668 1100
f 668 1101 1100
f 668 667 1101
f 667 1102 1101
f 667 666 1102
f 666 1103 1102
f 666 665 1103
f 665 1104 1103
f 665 664 1104
f 664 1105 1104
f 664 368 1105
f 368 663 1105
f 1105 663 1106
f 663 662 1106
f 1106 662 1107
f 662 661 1107
f 1107 661 1108
f 661 660 1108
f 1108 660 1109
f 660 659 1109
f 1109 659 1110
f 659 658 1110
f 1110 658 1111
f 658 657 1111
f 1111 657 1112
f 657 656 1112
f 1112 656 1113
f 656 1114 1113
f 656 655 1114
f 655 1115 1114
f 655 654 1115
f 654 1116 1115
f 654 653 1116
f 653 1117 1116
f 653 652 1117
f 652 1118 1117
f 652 651 1118
f 651 1119 1118
f 651 650 1119
f 650 1120 1119
f 650 649 1120
f 649 1089 1120
f 649 337 1089
f 1089 1090 1121
f 1121 1090 1122
f 1090 1091 1122
f 1122 1091 1123
f 1091 1092 1123
f 1123 1092 1124
f 1092 1093 1124
f 1124 1093 1125
f 1093 1094 1125
f 1125 1094 1126
f 1094 1095 1126
f 1126 1095 1127
f 1095 1096 1127
f 1127 1096 1128
f 1096 1097 1128
f 1128 1097 1129
f 1097 1130 1129
f 1097 1098 1130
f 1098 1131 1130
f 1098 1099 1131
f 1099 1132 1131
f 1099 1100 1132
f 1100 1133 1132
f 1100 1101 1133
f 1101 1134 1133
f 1101 1102 1134
f 1102 1135 1134
f 1102 1103 1135
f 1103 1136 1135
f 1103 1104 1136
f 1104 1137 1136
f 1104 1105 1137
f 1105 1106 1137
f 1137 1106 1138
f 1106 1107 1138
f 1138 1107 1139
f 1107 1108 1139
f 1139 1108 1140
f 1108 1109 1140
f 1140 1109 1141
f 1109 1110 1141
f 1141 1110 1142
f 1110 1111 1142
f 1142 1111 1143
f 1111 1112 1143
f 1143 1112 1144
f 1112 1113 1144
f 1144 1113 1145
f 1113 1146 1145
f 1113 1114 1146
f 1114 1147 1146
f 1114 1115 1147
f 1115 1148 1147
f 1115 1116 1148
f 1116 1149 1148
f 1116 1117 1149
f 1117 1150 1149
f 1117 1118 1150
f 1118 1151 1150
f 1118 1119 1151
f 1119 1152 1151
f 1119 1120 1152
f 1120 1121 1152
f 1120 1089 1121
f 1121 1122 1153
f 1153 1122 1154
f 1122 1123 1154
f 1154 1123 1155
f 1123 1124 1155
f 1155 1124 1156
f 1124 1125 1156
f 1156 1125 1157
f 1125 1126 1157
f 1157 1126 1158
f 1126 1127 1158
f 1158 1127 1159
f 1127 1128 1159
f 1159 1128 1160
f 1128 1129 1160
f 1160 1129 1161
f 1129 1162 1161
f 1129 1130 1162
f 1130 1163 1162
f 1130 1131 1163
f 1131 1164 1163
f 1131 1132 1164
f 1132 1165 1164
f 1132 1133 1165
f 1133 1166 1165
f 1133 1134 1166
f 1134 1167 1166
f 1134 1135 1167
f 1135 1168 1167
f 1135 1136 1168
f 1136 1169 1168
f 1136 1137 1169
f 1137 1138 1169
f 1169 1138 1170
f 1138 1139 1170
f 1170 1139 1171
f 1139 1140 1171
f 1171 1140 1172
f 1140 1141 1172
f 1172 1141 1173
f 1141 1142 1173
f 1173 1142 1174
f 1142 1143 1174
f 1174 1143 1175
f 1143 1144 1175
f 1175 1144 1176
f 1144 1145 1176
f 1176 1145 1177
f 1145 1178 1177
f 1145 1146 1178
f 1146 1179 1178
f 1146 1147 1179
f 1147 1180 1179
f 1147 1148 1180
f 1148 1181 1180
f 1148 1149 1181
f 1149 1182 1181
f 1149 1150 1182
f 1150 1183 1182
f 1150 1151 1183
f 1151 1184 1183
f 1151 1152 1184
f 1152 1153 1184
f 1152 1121 1153
f 1153 1185 1186
f 1153 1154 1185
f 1154 1187 1185
f 1154 1155 1187
f 1155 1188 1187
f 1155 1156 1188
f 1156 1189 1188
f 1156 1157 1189
f 1157 1190 1189
f 1157 1158 1190
f 1158 1191 1190
f 1158 1159 1191
f 1159 1192 1191
f 1159 1160 1192
f 1160 1193 1192
f 1160 1161 1193
f 1161 1162 1193
f 1193 1162 1194
f 1162 1163 1194
f 1194 1163 1195
f 1163 1164 1195
f 1195 1164 1196
f 1164 1165 1196
f 1196 1165 1197
f 1165 1166 1197
f 1197 1166 1198
f 1166 1167 1198
f 1198 1167 1199
f 1167 1168 1199
f 1199 1168 1200
f 1168 1169 1200
f 1200 1169 1201
f 1169 1202 1201
f 1169 1170 1202
f 1170 1203 1202
f 1170 1171 1203
f 1171 1204 1203
f 1171 1172 1204
f 1172 1205 1204
f 1172 1173 1205
f 1173 1206 1205
f 1173 1174 1206
f 1174 1207 1206
f 1174 1175 1207
f 1175 1208 1207
f 1175 1176 1208
f 1176 1209 1208
f 1176 1177 1209
f 1177 1178 1209
f 1209 1178 1210
f 1178 1179 1210
f 1210 1179 1211
f 1179 1180 1211
f 1211 1180 1212
f 1180 1181 1212
f 1212 1181 1213
f 1181 1182 1213
f 1213 1182 1214
f 1182 1183 1214
f 1214 1183 1215
f 1183 1184 1215
f 1215 1184 1216
f 1184 1153 1216
f 1216 1153 1186
f 1186 1217 1218
f 1186 1185 1217
f 1185 1219 1217
f 1185 1187 1219
f 1187 1220 1219
f 1187 1188 1220
f 1188 1221 1220
f 1188 1189 1221
f 1189 1222 1221
f 1189 1190 1222
f 1190 1223 1222
f 1190 1191 1223
f 1191 1224 1223
f 1191 1192 1224
f 1192 1225 1224
f 1192 1193 1225
f 1193 1194 1225
f 1225 1194 1226
f 1194 1195 1226
f 1226 1195 1227
f 1195 1196 1227
f 1227 1196 1228
f 1196 1197 1228
f 1228 1197 1229
f 1197 1198 1229
f 1229 1198 1230
f 1198 1199 1230
f 1230 1199 1231
f 1199 1200 1231
f 1231 1200 1232
f 1200 1201 1232
f 1232 1201 1233
f 1201 1234 1233
f 1201 1202 1234
f 1202 1235 1234
f 1202 1203 1235
f 1203 1236 1235
f 1203 1204 1236
f 1204 1237 1236
f 1204 1205 1237
f 1205 1238 1237
f 1205 1206 1238
f 1206 1239 1238
f 1206 1207 1239
f 1207 1240 1239
f 1207 1208 1240
f 1208 1241 1240
f 1208 1209 1241
f 1209 1210 1241
f 1241 1210 1242
f 1210 1211 1242
f 1242 1211 1243
f 1211 1212 1243
f 1243 1212 1244
f 1212 1213 1244
f 1244 1213 1245
f 1213 1214 1245
f 1245 1214 1246
f 1214 1215 1246
f 1246 1215 1247
f 1215 1216 1247
f 1247 1216 1248
f 1216 1186 1248
f 1248 1186 1218
f 1218 1217 1249
f 1217 1250 1249
f 1217 1219 1250
f 1219 1251 1250
f 1219 1220 1251
f 1220 1252 1251
f 1220 1221 1252
f 1221 1253 1252
f 1221 1222 1253
f 1222 1254 1253
f 1222 1223 1254
f 1223 1255 1254
f 1223 1224 1255
f 1224 1256 1255
f 1224 1225 1256
f 1225 1226 1256
f 1256 1226 1257
f 1226 1227 1257
f 1257 1227 1258
f 1227 1228 1258
f 1258 1228 1259
f 1228 1229 1259
f 1259 1229 1260
f 1229 1230 1260
f 1260 1230 1261
f 1230 1231 1261
f 1261 1231 1262
f 1231 1232 1262
f 1262 1232 1263
f 1232 1233 1263
f 1233 1234 1264
f 1234 1265 1264
f 1234 1235 1265
f 1235 1266 1265
f 1235 1236 1266
f 1236 1267 1266
f 1236 1237 1267
f 1237 1268 1267
f 1237 1238 1268
f 1238 1269 1268
f 1238 1239 1269
f 1239 1270 1269
f 1239 1240 1270
f 1240 1271 1270
f 1240 1241 1271
f 1241 1242 1271
f 1271 1242 1272
f 1242 1243 1272
f 1272 1243 1273
f 1243 1244 1273
f 1273 1244 1274
f 1244 1245 1274
f 1274 1245 1275
f 1245 1246 1275
f 1275 1246 1276
f 1246 1247 1276
f 1276 1247 1277
f 1247 1248 1277
f 1277 1248 1278
f 1248 1218 1278
f 1218 1249 1279
f 1249 1280 1279
f 1249 1250 1280
f 1250 1281 1280
f 1250 1251 1281
f 1251 1282 1281
f 1251 1252 1282
f 1252 1283 1282
f 1252 1253 1283
f 1253 1284 1283
f 1253 1254 1284
f 1254 1285 1284
f 1254 1255 1285
f 1255 1286 1285
f 1255 1256 1286
f 1256 1257 1286
f 1286 1257 1287
f 1257 1258 1287
f 1287 1258 1288
f 1258 1259 1288
f 1288 1259 1289
f 1259 1260 1289
f 1289 1260 1290
f 1260 1261 1290
f 1290 1261 1291
f 1261 1262 1291
f 1291 1262 1292
f 1262 1263 1292
f 1292 1263 1293
f 1263 1233 1293
f 1233 1264 1293
f 1264 1292 1293
f 1264 1265 1292
f 1265 1291 1292
f 1265 1266 1291
f 1266 1290 1291
f 1266 1267 1290
f 1267 1289 1290
f 1267 1268 1289
f 1268 1288 1289
f 1268 1269 1288
f 1269 1287 1288
f 1269 1270 1287
f 1270 1286 1287
f 1270 1271 1286
f 1271 1272 1286
f 1286 1272 1285
f 1272 1273 1285
f 1285 1273 1284
f 1273 1274 1284
f 1284 1274 1283
f 1274 1275 1283
f 1283 1275 1282
f 1275 1276 1282
f 1282 1276 1281
f 1276 1277 1281
f 1281 1277 1280
f 1277 1278 1280
f 1280 1278 1279
f 1278 1218 1279
f 1294 1295 1296
f 1295 1297 1296
f 1296 1297 1298
f 1297 1299 1298
f 1298 1299 1300
f 1299 1301 1300
f 1300 1301 1302
f 1301 1303 1302
f 1302 1303 1304
f 1302 1304 1305
f 1305 1304 1306
f 1305 1306 1307
f 1307 1306 1308
f 1307 1308 1309
f 1309 1308 1310
f 1309 1310 1311
f 1311 1310 1312
f 1310 1313 1312
f 1312 1313 1314
f 1313 1315 1314
f 1314 1315 1316
f 1315 1317 1316
f 1316 1317 1318
f 1317 1319 1318
f 1318 1319 1320
f 1318 1320 1321
f 1321 1320 1322
f 1321 1322 1323
f 1323 1322 1324
f 1323 1324 1325
f 1325 1324 1295
f 1325 1295 1294
f 1295 1326 1297
f 1326 1327 1297
f 1297 1327 1299
f 1327 1328 1299
f 1299 1328 1301
f 1328 1329 1301
f 1301 1329 1303
f 1329 1330 1303
f 1303 1330 1331
f 1303 1331 1304
f 1304 1331 1332
f 1304 1332 1306
f 1306 1332 1333
f 1306 1333 1308
f 1308 1333 1334
f 1308 1334 1310
f 1310 1334 1313
f 1334 1335 1313
f 1313 1335 1315
f 1335 1336 1315
f 1315 1336 1317
f 1336 1337 1317
f 1317 1337 1319
f 1337 1338 1319
f 1319 1338 1339
f 1319 1339 1320
f 1320 1339 1340
f 1320 1340 1322
f 1322 1340 1341
f 1322 1341 1324
f 1324 1341 1326
f 1324 1326 1295
f 1326 1342 1327
f 1342 1343 1327
f 1327 1343 1328
f 1343 1344 1328
f 1328 1344 1329
f 1344 1345 1329
f 1329 1345 1330
f 1345 1346 1330
f 1330 1346 1347
f 1330 1347 1331
f 1331 1347 1348
f 1331 1348 1332
f 1332 1348 1349
f 1332 1349 1333
f 1333 1349 1350
f 1333 1350 1334
f 1334 1350 1335
f 1350 1351 1335
f 1335 1351 1336
f 1351 1352 1336
f 1336 1352 1337
f 1352 1353 1337
f 1337 1353 1338
f 1353 1354 1338
f 1338 1354 1355
f 1338 1355 1339
f 1339 1355 1356
f 1339 1356 1340
f 1340 1356 1357
f 1340 1357 1341
f 1341 1357 1342
f 1341 1342 1326
f 1342 1358 1343
f 1358 1359 1343
f 1343 1359 1344
f 1359 1360 1344
f 1344 1360 1345
f 1360 1361 1345
f 1345 1361 1346
f 1361 1362 1346
f 1346 1362 1363
f 1346 1363 1347
f 1347 1363 1364
f 1347 1364 1348
f 1348 1364 1365
f 1348 1365 1349
f 1349 1365 1366
f 1349 1366 1350
f 1350 1366 1351
f 1366 1367 1351
f 1351 1367 1352
f 1367 1368 1352
f 1352 1368 1353
f 1368 1369 1353
f 1353 1369 1354
f 1369 1370 1354
f 1354 1370 1371
f 1354 1371 1355
f 1355 1371 1372
f 1355 1372 1356
f 1356 1372 1373
f 1356 1373 1357
f 1357 1373 1358
f 1357 1358 1342
f 1358 1374 1359
f 1374 1375 1359
f 1359 1375 1360
f 1375 1376 1360
f 1360 1376 1361
f 1376 1377 1361
f 1361 1377 1362
f 1377 1378 1362
f 1362 1378 1379
f 1362 1379 1363
f 1363 1379 1380
f 1363 1380 1364
f 1364 1380 1381
f 1364 1381 1365
f 1365 1381 1382
f 1365 1382 1366
f 1366 1382 1367
f 1382 1383 1367
f 1367 1383 1368
f 1383 1384 1368
f 1368 1384 1369
f 1384 1385 1369
f 1369 1385 1370
f 1385 1386 1370
f 1370 1386 1387
f 1370 1387 1371
f 1371 1387 1388
f 1371 1388 1372
f 1372 1388 1389
f 1372 1389 1373
f 1373 1389 1374
f 1373 1374 1358
f 1374 1390 1375
f 1390 1391 1375
f 1375 1391 1376
f 1391 1392 1376
f 1376 1392 1377
f 1392 1393 1377
f 1377 1393 1378
f 1393 1394 1378
f 1378 1394 1395
f 1378 1395 1379
f 1379 1395 1396
f 1379 1396 1380
f 1380 1396 1397
f 1380 1397 1381
f 1381 1397 1398
f 1381 1398 1382
f 1382 1398 1383
f 1398 1399 1383
f 1383 1399 1384
f 1399 1400 1384
f 1384 1400 1385
f 1400 1401 1385
f 1385 1401 1386
f 1401 1402 1386
f 1386 1402 1403
f 1386 1403 1387
f 1387 1403 1404
f 1387 1404 1388
f 1388 1404 1405
f 1388 1405 1389
f 1389 1405 1390
f 1389 1390 1374
f 1390 1406 1391
f 1406 1407 1391
f 1391 1407 1392
f 1407 1408 1392
f 1392 1408 1393
f 1408 1409 1393
f 1393 1409 1394
f 1409 1410 1394
f 1394 1410 1411
f 1394 1411 1395
f 1395 1411 1412
f 1395 1412 1396
f 1396 1412 1413
f 1396 1413 1397
f 1397 1413 1414
f 1397 1414 1398
f 1398 1414 1399
f 1414 1415 1399
f 1399 1415 1400
f 1415 1416 1400
f 1400 1416 1401
f 1416 1417 1401
f 1401 1417 1402
f 1417 1418 1402
f 1402 1418 1419
f 1402 1419 1403
f 1403 1419 1420
f 1403 1420 1404
f 1404 1420 1421
f 1404 1421 1405
f 1405 1421 1406
f 1405 1406 1390
f 1406 1422 1407
f 1422 1423 1407
f 1407 1423 1408
f 1423 1424 1408
f 1408 1424 1409
f 1424 1425 1409
f 1409 1425 1410
f 1425 1426 1410
f 1410 1426 1427
f 1410 1427 1411
f 1411 1427 1428
f 1411 1428 1412
f 1412 1428 1429
f 1412 1429 1413
f 1413 1429 1430
f 1413 1430 1414
f 1414 1430 1415
f 1430 1431 1415
f 1415 1431 1416
f 1431 1432 1416
f 1416 1432 1417
f 1432 1433 1417
f 1417 1433 1418
f 1433 1434 1418
f 1418 1434 1435
f 1418 1435 1419
f 1419 1435 1436
f 1419 1436 1420
f 1420 1436 1437
f 1420 1437 1421
f 1421 1437 1422
f 1421 1422 1406
f 1422 1438 1423
f 1438 1439 1423
f 1423 1439 1424
f 1439 1440 1424
f 1424 1440 1425
f 1440 1441 1425
f 1425 1441 1426
f 1441 1442 1426
f 1426 1442 1443
f 1426 1443 1427
f 1427 1443 1444
f 1427 1444 1428
f 1428 1444 1445
f 1428 1445 1429
f 1429 1445 1446
f 1429 1446 1430
f 1430 1446 1431
f 1446 1447 1431
f 1431 1447 1432
f 1447 1448 1432
f 1432 1448 1433
f 1448 1449 1433
f 1433 1449 1434
f 1449 1450 1434
f 1434 1450 1451
f 1434 1451 1435
f 1435 1451 1452
f 1435 1452 1436
f 1436 1452 1453
f 1436 1453 1437
f 1437 1453 1438
f 1437 1438 1422
f 1438 1454 1439
f 1454 1455 1439
f 1439 1455 1440
f 1455 1456 1440
f 1440 1456 1441
f 1456 1457 1441
f 1441 1457 1442
f 1457 1458 1442
f 1442 1458 1459
f 1442 1459 1443
f 1443 1459 1460
f 1443 1460 1444
f 1444 1460 1461
f 1444 1461 1445
f 1445 1461 1462
f 1445 1462 1446
f 1446 1462 1447
f 1462 1463 1447
f 1447 1463 1448
f 1463 1464 1448
f 1448 1464 1449
f 1464 1465 1449
f 1449 1465 1450
f 1465 1466 1450
f 1450 1466 1467
f 1450 1467 1451
f 1451 1467 1468
f 1451 1468 1452
f 1452 1468 1469
f 1452 1469 1453
f 1453 1469 1454
f 1453 1454 1438
f 1454 1470 1471
f 1454 1471 1455
f 1455 1471 1472
f 1455 1472 1456
f 1456 1472 1473
f 1456 1473 1457
f 1457 1473 1474
f 1457 1474 1458
f 1458 1474 1459
f 1474 1475 1459
f 1459 1475 1460
f 1475 1476 1460
f 1460 1476 1461
f 1476 1477 1461
f 1461 1477 1462
f 1477 1478 1462
f 1462 1478 1479
f 1462 1479 1463
f 1463 1479 1480
f 1463 1480 1464
f 1464 1480 1481
f 1464 1481 1465
f 1465 1481 1482
f 1465 1482 1466
f 1466 1482 1467
f 1482 1483 1467
f 1467 1483 1468
f 1483 1484 1468
f 1468 1484 1469
f 1484 1485 1469
f 1469 1485 1454
f 1485 1470 1454
f 1470 1486 1487
f 1470 1487 1471
f 1471 1487 1488
f 1471 1488 1472
f 1472 1488 1489
f 1472 1489 1473
f 1473 1489 1490
f 1473 1490 1474
f 1474 1490 1475
f 1490 1491 1475
f 1475 1491 1476
f 1491 1492 1476
f 1476 1492 1477
f 1492 1493 1477
f 1477 1493 1478
f 1493 1494 1478
f 1478 1494 1495
f 1478 1495 1479
f 1479 1495 1496
f 1479 1496 1480
f 1480 1496 1497
f 1480 1497 1481
f 1481 1497 1498
f 1481 1498 1482
f 1482 1498 1483
f 1498 1499 1483
f 1483 1499 1484
f 1499 1500 1484
f 1484 1500 1485
f 1500 1501 1485
f 1485 1501 1470
f 1501 1486 1470
f 1486 1502 1503
f 1486 1503 1487
f 1487 1503 1504
f 1487 1504 1488
f 1488 1504 1505
f 1488 1505 1489
f 1489 1505 1506
f 1489 1506 1490
f 1490 1506 1491
f 1506 1507 1491
f 1491 1507 1492
f 1507 1508 1492
f 1492 1508 1493
f 1508 1509 1493
f 1493 1509 1494
f 1509 1510 1494
f 1494 1510 1511
f 1494 1511 1495
f 1495 1511 1512
f 1495 1512 1496
f 1496 1512 1513
f 1496 1513 1497
f 1497 1513 1514
f 1497 1514 1498
f 1498 1514 1499
f 1514 1515 1499
f 1499 1515 1500
f 1515 1516 1500
f 1500 1516 1501
f 1516 1517 1501
f 1501 1517 1486
f 1517 1502 1486
f 1502 1518 1519
f 1502 1519 1503
f 1503 1519 1520
f 1503 1520 1504
f 1504 1520 1521
f 1504 1521 1505
f 1505 1521 1522
f 1505 1522 1506
f 1506 1522 1507
f 1522 1523 1507
f 1507 1523 1508
f 1523 1524 1508
f 1508 1524 1509
f 1524 1525 1509
f 1509 1525 1510
f 1525 1526 1510
f 1510 1526 1527
f 1510 1527 1511
f 1511 1527 1528
f 1511 1528 1512
f 1512 1528 1529
f 1512 1529 1513
f 1513 1529 1530
f 1513 1530 1514
f 1514 1530 1515
f 1530 1531 1515
f 1515 1531 1516
f 1531 1532 1516
f 1516 1532 1517
f 1532 1533 1517
f 1517 1533 1502
f 1533 1518 1502
f 1518 1534 1535
f 1518 1535 1519
f 1519 1535 1536
f 1519 1536 1520
f 1520 1536 1537
f 1520 1537 1521
f 1521 1537 1538
f 1521 1538 1522
f 1522 1538 1523
f 1538 1539 1523
f 1523 1539 1524
f 1539 1540 1524
f 1524 1540 1525
f 1540 1541 1525
f 1525 1541 1526
f 1541 1542 1526
f 1526 1542 1543
f 1526 1543 1527
f 1527 1543 1544
f 1527 1544 1528
f 1528 1544 1545
f 1528 1545 1529
f 1529 1545 1546
f 1529 1546 1530
f 1530 1546 1531
f 1546 1547 1531
f 1531 1547 1532
f 1547 1548 1532
f 1532 1548 1533
f 1548 1549 1533
f 1533 1549 1518
f 1549 1534 1518
f 1534 1550 1551
f 1534 1551 1535
f 1535 1551 1552
f 1535 1552 1536
f 1536 1552 1553
f 1536 1553 1537
f 1537 1553 1554
f 1537 1554 1538
f 1538 1554 1539
f 1554 1555 1539
f 1539 1555 1540
f 1555 1556 1540
f 1540 1556 1541
f 1556 1557 1541
f 1541 1557 1542
f 1557 1558 1542
f 1542 1558 1559
f 1542 1559 1543
f 1543 1559 1560
f 1543 1560 1544
f 1544 1560 1561
f 1544 1561 1545
f 1545 1561 1562
f 1545 1562 1546
f 1546 1562 1547
f 1562 1563 1547
f 1547 1563 1548
f 1563 1564 1548
f 1548 1564 1549
f 1564 1565 1549
f 1549 1565 1534
f 1565 1550 1534
f 1550 1566 1567
f 1550 1567 1551
f 1551 1567 1568
f 1551 1568 1552
f 1552 1568 1569
f 1552 1569 1553
f 1553 1569 1570
f 1553 1570 1554
f 1554 1570 1555
f 1570 1571 1555
f 1555 1571 1556
f 1571 1572 1556
f 1556 1572 1557
f 1572 1573 1557
f 1557 1573 1558
f 1573 1574 1558
f 1558 1574 1575
f 1558 1575 1559
f 1559 1575 1576
f 1559 1576 1560
f 1560 1576 1577
f 1560 1577 1561
f 1561 1577 1578
f 1561 1578 1562
f 1562 1578 1563
f 1578 1579 1563
f 1563 1579 1564
f 1579 1580 1564
f 1564 1580 1565
f 1580 1581 1565
f 1565 1581 1550
f 1581 1566 1550
f 1566 1582 1583
f 1566 1583 1567
f 1567 1583 1584
f 1567 1584 1568
f 1568 1584 1585
f 1568 1585 1569
f 1569 1585 1586
f 1569 1586 1570
f 1570 1586 1571
f 1586 1587 1571
f 1571 1587 1572
f 1587 1588 1572
f 1572 1588 1573
f 1588 1589 1573
f 1573 1589 1574
f 1589 1590 1574
f 1574 1590 1591
f 1574 1591 1575
f 1575 1591 1592
f 1575 1592 1576
f 1576 1592 1593
f 1576 1593 1577
f 1577 1593 1594
f 1577 1594 1578
f 1578 1594 1579
f 1594 1595 1579
f 1579 1595 1580
f 1595 1596 1580
f 1580 1596 1581
f 1596 1597 1581
f 1581 1597 1566
f 1597 1582 1566
f 1582 1598 1599
f 1582 1599 1583
f 1583 1599 1600
f 1583 1600 1584
f 1584 1600 1601
f 1584 1601 1585
f 1585 1601 1602
f 1585 1602 1586
f 1586 1602 1587
f 1602 1603 1587
f 1587 1603 1588
f 1603 1604 1588
f 1588 1604 1589
f 1604 1605 1589
f 1589 1605 1590
f 1605 1606 1590
f 1590 1606 1607
f 1590 1607 1591
f 1591 1607 1608
f 1591 1608 1592
f 1592 1608 1609
f 1592 1609 1593
f 1593 1609 1610
f 1593 1610 1594
f 1594 1610 1595
f 1610 1611 1595
f 1595 1611 1596
f 1611 1612 1596
f 1596 1612 1597
f 1612 1613 1597
f 1597 1613 1582
f 1613 1598 1582
f 1598 1614 1615
f 1598 1615 1599
f 1599 1615 1616
f 1599 1616 1600
f 1600 1616 1617
f 1600 1617 1601
f 1601 1617 1618
f 1601 1618 1602
f 1602 1618 1603
f 1618 1619 1603
f 1603 1619 1604
f 1619 1620 1604
f 1604 1620 1605
f 1620 1621 1605
f 1605 1621 1606
f 1621 1622 1606
f 1606 1622 1623
f 1606 1623 1607
f 1607 1623 1624
f 1607 1624 1608
f 1608 1624 1625
f 1608 1625 1609
f 1609 1625 1626
f 1609 1626 1610
f 1610 1626 1611
f 1626 1627 1611
f 1611 1627 1612
f 1627 1628 1612
f 1612 1628 1613
f 1628 1629 1613
f 1613 1629 1598
f 1629 1614 1598
f 1630 1631 1632
f 1631 1633 1632
f 1632 1633 1634
f 1633 1635 1634
f 1634 1635 1636
f 1635 1637 1636
f 1636 1637 1638
f 1637 1639 1638
f 1638 1639 1640
f 1638 1640 1641
f 1641 1640 1642
f 1641 1642 1643
f 1643 1642 1644
f 1643 1644 1645
f 1645 1644 1646
f 1645 1646 1647
f 1647 1646 1648
f 1646 1649 1648
f 1648 1649 1650
f 1649 1651 1650
f 1650 1651 1652
f 1651 1653 1652
f 1652 1653 1654
f 1653 1655 1654
f 1654 1655 1656
f 1654 1656 1657
f 1657 1656 1658
f 1657 1658 1659
f 1659 1658 1660
f 1659 1660 1661
f 1661 1660 1631
f 1661 1631 1630
f 1631 1662 1633
f 1662 1663 1633
f 1633 1663 1635
f 1663 1664 1635
f 1635 1664 1637
f 1664 1665 1637
f 1637 1665 1639
f 1665 1666 1639
f 1639 1666 1667
f 1639 1667 1640
f 1640 1667 1668
f 1640 1668 1642
f 1642 1668 1669
f 1642 1669 1644
f 1644 1669 1670
f 1644 1670 1646
f 1646 1670 1649
f 1670 1671 1649
f 1649 1671 1651
f 1671 1672 1651
f 1651 1672 1653
f 1672 1673 1653
f 1653 1673 1655
f 1673 1674 1655
f 1655 1674 1675
f 1655 1675 1656
f 1656 1675 1676
f 1656 1676 1658
f 1658 1676 1677
f 1658 1677 1660
f 1660 1677 1662
f 1660 1662 1631
f 1662 1678 1663
f 1678 1679 1663
f 1663 1679 1664
f 1679 1680 1664
f 1664 1680 1665
f 1680 1681 1665
f 1665 1681 1666
f 1681 1682 1666
f 1666 1682 1683
f 1666 1683 1667
f 1667 1683 1684
f 1667 1684 1668
f 1668 1684 1685
f 1668 1685 1669
f 1669 1685 1686
f 1669 1686 1670
f 1670 1686 1671
f 1686 1687 1671
f 1671 1687 1672
f 1687 1688 1672
f 1672 1688 1673
f 1688 1689 1673
f 1673 1689 1674
f 1689 1690 1674
f 1674 1690 1691
f 1674 1691 1675
f 1675 1691 1692
f 1675 1692 1676
f 1676 1692 1693
f 1676 1693 1677
f 1677 1693 1678
f 1677 1678 1662
f 1678 1694 1679
f 1694 1695 1679
f 1679 1695 1680
f 1695 1696 1680
f 1680 1696 1681
f 1696 1697 1681
f 1681 1697 1682
f 1697 1698 1682
f 1682 1698 1699
f 1682 1699 1683
f 1683 1699 1700
f 1683 1700 1684
f 1684 1700 1701
f 1684 1701 1685
f 1685 1701 1702
f 1685 1702 1686
f 1686 1702 1687
f 1702 1703 1687
f 1687 1703 1688
f 1703 1704 1688
f 1688 1704 1689
f 1704 1705 1689
f 1689 1705 1690
f 1705 1706 1690
f 1690 1706 1707
f 1690 1707 1691
f 1691 1707 1708
f 1691 1708 1692
f 1692 1708 1709
f 1692 1709 1693
f 1693 1709 1694
f 1693 1694 1678
f 1694 1710 1695
f 1710 1711 1695
f 1695 1711 1696
f 1711 1712 1696
f 1696 1712 1697
f 1712 1713 1697
f 1697 1713 1698
f 1713 1714 1698
f 1698 1714 1715
f 1698 1715 1699
f 1699 1715 1716
f 1699 1716 1700
f 1700 1716 1717
f 1700 1717 1701
f 1701 1717 1718
f 1701 1718 1702
f 1702 1718 1703
f 1718 1719 1703
f 1703 1719 1704
f 1719 1720 1704
f 1704 1720 1705
f 1720 1721 1705
f 1705 1721 1706
f 1721 1722 1706
f 1706 1722 1723
f 1706 1723 1707
f 1707 1723 1724
f 1707 1724 1708
f 1708 1724 1725
f 1708 1725 1709
f 1709 1725 1710
f 1709 1710 1694
f 1710 1726 1711
f 1726 1727 1711
f 1711 1727 1712
f 1727 1728 1712
f 1712 1728 1713
f 1728 1729 1713
f 1713 1729 1714
f 1729 1730 1714
f 1714 1730 1731
f 1714 1731 1715
f 1715 1731 1732
f 1715 1732 1716
f 1716 1732 1733
f 1716 1733 1717
f 1717 1733 1734
f 1717 1734 1718
f 1718 1734 1719
f 1734 1735 1719
f 1719 1735 1720
f 1735 1736 1720
f 1720 1736 1721
f 1736 1737 1721
f 1721 1737 1722
f 1737 1738 1722
f 1722 1738 1739
f 1722 1739 1723
f 1723 1739 1740
f 1723 1740 1724
f 1724 1740 1741
f 1724 1741 1725
f 1725 1741 1726
f 1725 1726 1710
f 1726 1742 1727
f 1742 1743 1727
f 1727 1743 1728
f 1743 1744 1728
f 1728 1744 1729
f 1744 1745 1729
f 1729 1745 1730
f 1745 1746 1730
f 1730 1746 1747
f 1730 1747 1731
f 1731 1747 1748
f 1731 1748 1732
f 1732 1748 1749
f 1732 1749 1733
f 1733 1749 1750
f 1733 1750 1734
f 1734 1750 1735
f 1750 1751 1735
f 1735 1751 1736
f 1751 1752 1736
f 1736 1752 1737
f 1752 1753 1737
f 1737 1753 1738
f 1753 1754 1738
f 1738 1754 1755
f 1738 1755 1739
f 1739 1755 1756
f 1739 1756 1740
f 1740 1756 1757
f 1740 1757 1741
f 1741 1757 1742
f 1741 1742 1726
f 1742 1758 1743
f 1758 1759 1743
f 1743 1759 1744
f 1759 1760 1744
f 1744 1760 1745
f 1760 1761 1745
f 1745 1761 1746
f 1761 1762 1746
f 1746 1762 1763
f 1746 1763 1747
f 1747 1763 1764
f 1747 1764 1748
f 1748 1764 1765
f 1748 1765 1749
f 1749 1765 1766
f 1749 1766 1750
f 1750 1766 1751
f 1766 1767 1751
f 1751 1767 1752
f 1767 1768 1752
f 1752 1768 1753
f 1768 1769 1753
f 1753 1769 1754
f 1769 1770 1754
f 1754 1770 1771
f 1754 1771 1755
f 1755 1771 1772
f 1755 1772 1756
f 1756 1772 1773
f 1756 1773 1757
f 1757 1773 1758
f 1757 1758 1742
f 1758 1774 1759
f 1774 1775 1759
f 1759 1775 1760
f 1775 1776 1760
f 1760 1776 1761
f 1776 1777 1761
f 1761 1777 1762
f 1777 1778 1762
f 1762 1778 1779
f 1762 1779 1763
f 1763 1779 1780
f 1763 1780 1764
f 1764 1780 1781
f 1764 1781 1765
f 1765 1781 1782
f 1765 1782 1766
f 1766 1782 1767
f 1782 1783 1767
f 1767 1783 1768
f 1783 1784 1768
f 1768 1784 1769
f 1784 1785 1769
f 1769 1785 1770
f 1785 1786 1770
f 1770 1786 1787
f 1770 1787 1771
f 1771 1787 1788
f 1771 1788 1772
f 1772 1788 1789
f 1772 1789 1773
f 1773 1789 1774
f 1773 1774 1758
f 1774 1790 1775
f 1790 1791 1775
f 1775 1791 1776
f 1791 1792 1776
f 1776 1792 1777
f 1792 1793 1777
f 1777 1793 1778
f 1793 1794 1778
f 1778 1794 1795
f 1778 1795 1779
f 1779 1795 1796
f 1779 1796 1780
f 1780 1796 1797
f 1780 1797 1781
f 1781 1797 1798
f 1781 1798 1782
f 1782 1798 1783
f 1798 1799 1783
f 1783 1799 1784
f 1799 1800 1784
f 1784 1800 1785
f 1800 1801 1785
f 1785 1801 1786
f 1801 1802 1786
f 1786 1802 1803
f 1786 1803 1787
f 1787 1803 1804
f 1787 1804 1788
f 1788 1804 1805
f 1788 1805 1789
f 1789 1805 1790
f 1789 1790 1774
f 1790 1806 1807
f 1790 1807 1791
f 1791 1807 1808
f 1791 1808 1792
f 1792 1808 1809
f 1792 1809 1793
f 1793 1809 1810
f 1793 1810 1794
f 1794 1810 1795
f 1810 1811 1795
f 1795 1811 1796
f 1811 1812 1796
f 1796 1812 1797
f 1812 1813 1797
f 1797 1813 1798
f 1813 1814 1798
f 1798 1814 1815
f 1798 1815 1799
f 1799 1815 1816
f 1799 1816 1800
f 1800 1816 1817
f 1800 1817 1801
f 1801 1817 1818
f 1801 1818 1802
f 1802 1818 1803
f 1818 1819 1803
f 1803 1819 1804
f 1819 1820 1804
f 1804 1820 1805
f 1820 1821 1805
f 1805 1821 1790
f 1821 1806 1790
f 1806 1822 1823
f 1806 1823 1807
f 1807 1823 1824
f 1807 1824 1808
f 1808 1824 1825
f 1808 1825 1809
f 1809 1825 1826
f 1809 1826 1810
f 1810 1826 1811
f 1826 1827 1811
f 1811 1827 1812
f 1827 1828 1812
f 1812 1828 1813
f 1828 1829 1813
f 1813 1829 1814
f 1829 1830 1814
f 1814 1830 1831
f 1814 1831 1815
f 1815 1831 1832
f 1815 1832 1816
f 1816 1832 1833
f 1816 1833 1817
f 1817 1833 1834
f 1817 1834 1818
f 1818 1834 1819
f 1834 1835 1819
f 1819 1835 1820
f 1835 1836 1820
f 1820 1836 1821
f 1836 1837 1821
f 1821 1837 1806
f 1837 1822 1806
f 1822 1838 1839
f 1822 1839 1823
f 1823 1839 1840
f 1823 1840 1824
f 1824 1840 1841
f 1824 1841 1825
f 1825 1841 1842
f 1825 1842 1826
f 1826 1842 1827
f 1842 1843 1827
f 1827 1843 1828
f 1843 1844 1828
f 1828 1844 1829
f 1844 1845 1829
f 1829 1845 1830
f 1845 1846 1830
f 1830 1846 1847
f 1830 1847 1831
f 1831 1847 1848
f 1831 1848 1832
f 1832 1848 1849
f 1832 1849 1833
f 1833 1849 1850
f 1833 1850 1834
f 1834 1850 1835
f 1850 1851 1835
f 1835 1851 1836
f 1851 1852 1836
f 1836 1852 1837
f 1852 1853 1837
f 1837 1853 1822
f 1853 1838 1822
f 1838 1854 1855
f 1838 1855 1839
f 1839 1855 1856
f 1839 1856 1840
f 1840 1856 1857
f 1840 1857 1841
f 1841 1857 1858
f 1841 1858 1842
f 1842 1858 1843
f 1858 1859 1843
f 1843 1859 1844
f 1859 1860 1844
f 1844 1860 1845
f 1860 1861 1845
f 1845 1861 1846
f 1861 1862 1846
f 1846 1862 1863
f 1846 1863 1847
f 1847 1863 1864
f 1847 1864 1848
f 1848 1864 1865
f 1848 1865 1849
f 1849 1865 1866
f 1849 1866 1850
f 1850 1866 1851
f 1866 1867 1851
f 1851 1867 1852
f 1867 1868 1852
f 1852 1868 1853
f 1868 1869 1853
f 1853 1869 1838
f 1869 1854 1838
f 1854 1870 1871
f 1854 1871 1855
f 1855 1871 1872
f 1855 1872 1856
f 1856 1872 1873
f 1856 1873 1857
f 1857 1873 1874
f 1857 1874 1858
f 1858 1874 1859
f 1874 1875 1859
f 1859 1875 1860
f 1875 1876 1860
f 1860 1876 1861
f 1876 1877 1861
f 1861 1877 1862
f 1877 1878 1862
f 1862 1878 1879
f 1862 1879 1863
f 1863 1879 1880
f 1863 1880 1864
f 1864 1880 1881
f 1864 1881 1865
f 1865 1881 1882
f 1865 1882 1866
f 1866 1882 1867
f 1882 1883 1867
f 1867 1883 1868
f 1883 1884 1868
f 1868 1884 1869
f 1884 1885 1869
f 1869 1885 1854
f 1885 1870 1854
f 1870 1886 1887
f 1870 1887 1871
f 1871 1887 1888
f 1871 1888 1872
f 1872 1888 1889
f 1872 1889 1873
f 1873 1889 1890
f 1873 1890 1874
f 1874 1890 1875
f 1890 1891 1875
f 1875 1891 1876
f 1891 1892 1876
f 1876 1892 1877
f 1892 1893 1877
f 1877 1893 1878
f 1893 1894 1878
f 1878 1894 1895
f 1878 1895 1879
f 1879 1895 1896
f 1879 1896 1880
f 1880 1896 1897
f 1880 1897 1881
f 1881 1897 1898
f 1881 1898 1882
f 1882 1898 1883
f 1898 1899 1883
f 1883 1899 1884
f 1899 1900 1884
f 1884 1900 1885
f 1900 1901 1885
f 1885 1901 1870
f 1901 1886 1870
f 1886 1902 1903
f 1886 1903 1887
f 1887 1903 1904
f 1887 1904 1888
f 1888 1904 1905
f 1888 1905 1889
f 1889 1905 1906
f 1889 1906 1890
f 1890 1906 1891
f 1906 1907 1891
f 1891 1907 1892
f 1907 1908 1892
f 1892 1908 1893
f 1908 1909 1893
f 1893 1909 1894
f 1909 1910 1894
f 1894 1910 1911
f 1894 1911 1895
f 1895 1911 1912
f 1895 1912 1896
f 1896 1912 1913
f 1896 1913 1897
f 1897 1913 1914
f 1897 1914 1898
f 1898 1914 1899
f 1914 1915 1899
f 1899 1915 1900
f 1915 1916 1900
f 1900 1916 1901
f 1916 1917 1901
f 1901 1917 1886
f 1917 1902 1886
f 1902 1918 1919
f 1902 1919 1903
f 1903 1919 1920
f 1903 1920 1904
f 1904 1920 1921
f 1904 1921 1905
f 1905 1921 1922
f 1905 1922 1906
f 1906 1922 1907
f 1922 1923 1907
f 1907 1923 1908
f 1923 1924 1908
f 1908 1924 1909
f 1924 1925 1909
f 1909 1925 1910
f 1925 1926 1910
f 1910 1926 1927
f 1910 1927 1911
f 1911 1927 1928
f 1911 1928 1912
f 1912 1928 1929
f 1912 1929 1913
f 1913 1929 1930
f 1913 1930 1914
f 1914 1930 1915
f 1930 1931 1915
f 1915 1931 1916
f 1931 1932 1916
f 1916 1932 1917
f 1932 1933 1917
f 1917 1933 1902
f 1933 1918 1902
f 1918 1934 1935
f 1918 1935 1919
f 1919 1935 1936
f 1919 1936 1920
f 1920 1936 1937
f 1920 1937 1921
f 1921 1937 1938
f 1921 1938 1922
f 1922 1938 1923
f 1938 1939 1923
f 1923 1939 1924
f 1939 1940 1924
f 1924 1940 1925
f 1940 1941 1925
f 1925 1941 1926
f 1941 1942 1926
f 1926 1942 1943
f 1926 1943 1927
f 1927 1943 1944
f 1927 1944 1928
f 1928 1944 1945
f 1928 1945 1929
f 1929 1945 1946
f 1929 1946 1930
f 1930 1946 1931
f 1946 1947 1931
f 1931 1947 1932
f 1947 1948 1932
f 1932 1948 1933
f 1948 1949 1933
f 1933 1949 1918
f 1949 1934 1918
f 1934 1950 1951
f 1934 1951 1935
f 1935 1951 1952
f 1935 1952 1936
f 1936 1952 1953
f 1936 1953 1937
f 1937 1953 1954
f 1937 1954 1938
f 1938 1954 1939
f 1954 1955 1939
f 1939 1955 1940
f 1955 1956 1940
f 1940 1956 1941
f 1956 1957 1941
f 1941 1957 1942
f 1957 1958 1942
f 1942 1958 1959
f 1942 1959 1943
f 1943 1959 1960
f 1943 1960 1944
f 1944 1960 1961
f 1944 1961 1945
f 1945 1961 1962
f 1945 1962 1946
f 1946 1962 1947
f 1962 1963 1947
f 1947 1963 1948
f 1963 1964 1948
f 1948 1964 1949
f 1964 1965 1949
f 1949 1965 1934
f 1965 1950 1934
f 1966 1967 1968
f 1967 1969 1968
f 1968 1969 1970
f 1969 1971 1970
f 1970 1971 1972
f 1971 1973 1972
f 1972 1973 1974
f 1973 1975 1974
f 1974 1975 1976
f 1974 1976 1977
f 1977 1976 1978
f 1977 1978 1979
f 1979 1978 1980
f 1979 1980 1981
f 1981 1980 1982
f 1981 1982 1983
f 1983 1982 1984
f 1982 1985 1984
f 1984 1985 1986
f 1985 1987 1986
f 1986 1987 1988
f 1987 1989 1988
f 1988 1989 1990
f 1989 1991 1990
f 1990 1991 1992
f 1990 1992 1993
f 1993 1992 1994
f 1993 1994 1995
f 1995 1994 1996
f 1995 1996 1997
f 1997 1996 1967
f 1997 1967 1966
f 1967 1998 1969
f 1998 1999 1969
f 1969 1999 1971
f 1999 2000 1971
f 1971 2000 1973
f 2000 2001 1973
f 1973 2001 1975
f 2001 2002 1975
f 1975 2002 2003
f 1975 2003 1976
f 1976 2003 2004
f 1976 2004 1978
f 1978 2004 2005
f 1978 2005 1980
f 1980 2005 2006
f 1980 2006 1982
f 1982 2006 1985
f 2006 2007 1985
f 1985 2007 1987
f 2007 2008 1987
f 1987 2008 1989
f 2008 2009 1989
f 1989 2009 1991
f 2009 2010 1991
f 1991 2010 2011
f 1991 2011 1992
f 1992 2011 2012
f 1992 2012 1994
f 1994 2012 2013
f 1994 2013 1996
f 1996 2013 1998
f 1996 1998 1967
f 1998 2014 1999
f 2014 2015 1999
f 1999 2015 2000
f 2015 2016 2000
f 2000 2016 2001
f 2016 2017 2001
f 2001 2017 2002
f 2017 2018 2002
f 2002 2018 2019
f 2002 2019 2003
f 2003 2019 2020
f 2003 2020 2004
f 2004 2020 2021
f 2004 2021 2005
f 2005 2021 2022
f 2005 2022 2006
f 2006 2022 2007
f 2022 2023 2007
f 2007 2023 2008
f 2023 2024 2008
f 2008 2024 2009
f 2024 2025 2009
f 2009 2025 2010
f 2025 2026 2010
f 2010 2026 2027
f 2010 2027 2011
f 2011 2027 2028
f 2011 2028 2012
f 2012 2028 2029
f 2012 2029 2013
f 2013 2029 2014
f 2013 2014 1998
f 2014 2030 2015
f 2030 2031 2015
f 2015 2031 2016
f 2031 2032 2016
f 2016 2032 2017
f 2032 2033 2017
f 2017 2033 2018
f 2033 2034 2018
f 2018 2034 2035
f 2018 2035 2019
f 2019 2035 2036
f 2019 2036 2020
f 2020 2036 2037
f 2020 2037 2021
f 2021 2037 2038
f 2021 2038 2022
f 2022 2038 2023
f 2038 2039 2023
f 2023 2039 2024
f 2039 2040 2024
f 2024 2040 2025
f 2040 2041 2025
f 2025 2041 2026
f 2041 2042 2026
f 2026 2042 2043
f 2026 2043 2027
f 2027 2043 2044
f 2027 2044 2028
f 2028 2044 2045
f 2028 2045 2029
f 2029 2045 2030
f 2029 2030 2014
f 2030 2046 2031
f 2046 2047 2031
f 2031 2047 2032
f 2047 2048 2032
f 2032 2048 2033
f 2048 2049 2033
f 2033 2049 2034
f 2049 2050 2034
f 2034 2050 2051
f 2034 2051 2035
f 2035 2051 2052
f 2035 2052 2036
f 2036 2052 2053
f 2036 2053 2037
f 2037 2053 2054
f 2037 2054 2038
f 2038 2054 2039
f 2054 2055 2039
f 2039 2055 2040
f 2055 2056 2040
f 2040 2056 2041
f 2056 2057 2041
f 2041 2057 2042
f 2057 2058 2042
f 2042 2058 2059
f 2042 2059 2043
f 2043 2059 2060
f 2043 2060 2044
f 2044 2060 2061
f 2044 2061 2045
f 2045 2061 2046
f 2045 2046 2030
f 2046 2062 2047
f 2062 2063 2047
f 2047 2063 2048
f 2063 2064 2048
f 2048 2064 2049
f 2064 2065 2049
f 2049 2065 2050
f 2065 2066 2050
f 2050 2066 2067
f 2050 2067 2051
f 2051 2067 2068
f 2051 2068 2052
f 2052 2068 2069
f 2052 2069 2053
f 2053 2069 2070
f 2053 2070 2054
f 2054 2070 2055
f 2070 2071 2055
f 2055 2071 2056
f 2071 2072 2056
f 2056 2072 2057
f 2072 2073 2057
f 2057 2073 2058
f 2073 2074 2058
f 2058 2074 2075
f 2058 2075 2059
f 2059 2075 2076
f 2059 2076 2060
f 2060 2076 2077
f 2060 2077 2061
f 2061 2077 2062
f 2061 2062 2046
f 2062 2078 2063
f 2078 2079 2063
f 2063 2079 2064
f 2079 2080 2064
f 2064 2080 2065
f 2080 2081 2065
f 2065 2081 2066
f 2081 2082 2066
f 2066 2082 2083
f 2066 2083 2067
f 2067 2083 2084
f 2067 2084 2068
f 2068 2084 2085
f 2068 2085 2069
f 2069 2085 2086
f 2069 2086 2070
f 2070 2086 2071
f 2086 2087 2071
f 2071 2087 2072
f 2087 2088 2072
f 2072 2088 2073
f 2088 2089 2073
f 2073 2089 2074
f 2089 2090 2074
f 2074 2090 2091
f 2074 2091 2075
f 2075 2091 2092
f 2075 2092 2076
f 2076 2092 2093
f 2076 2093 2077
f 2077 2093 2078
f 2077 2078 2062
f 2078 2094 2079
f 2094 2095 2079
f 2079 2095 2080
f 2095 2096 2080
f 2080 2096 2081
f 2096 2097 2081
f 2081 2097 2082
f 2097 2098 2082
f 2082 2098 2099
f 2082 2099 2083
f 2083 2099 2100
f 2083 2100 2084
f 2084 2100 2101
f 2084 2101 2085
f 2085 2101 2102
f 2085 2102 2086
f 2086 2102 2087
f 2102 2103 2087
f 2087 2103 2088
f 2103 2104 2088
f 2088 2104 2089
f 2104 2105 2089
f 2089 2105 2090
f 2105 2106 2090
f 2090 2106 2107
f 2090 2107 2091
f 2091 2107 2108
f 2091 2108 2092
f 2092 2108 2109
f 2092 2109 2093
f 2093 2109 2094
f 2093 2094 2078
f 2094 2110 2095
f 2110 2111 2095
f 2095 2111 2096
f 2111 2112 2096
f 2096 2112 2097
f 2112 2113 2097
f 2097 2113 2098
f 2113 2114 2098
f 2098 2114 2115
f 2098 2115 2099
f 2099 2115 2116
f 2099 2116 2100
f 2100 2116 2117
f 2100 2117 2101
f 2101 2117 2118
f 2101 2118 2102
f 2102 2118 2103
f 2118 2119 2103
f 2103 2119 2104
f 2119 2120 2104
f 2104 2120 2105
f 2120 2121 2105
f 2105 2121 2106
f 2121 2122 2106
f 2106 2122 2123
f 2106 2123 2107
f 2107 2123 2124
f 2107 2124 2108
f 2108 2124 2125
f 2108 2125 2109
f 2109 2125 2110
f 2109 2110 2094
f 2110 2126 2111
f 2126 2127 2111
f 2111 2127 2112
f 2127 2128 2112
f 2112 2128 2113
f 2128 2129 2113
f 2113 2129 2114
f 2129 2130 2114
f 2114 2130 2131
f 2114 2131 2115
f 2115 2131 2132
f 2115 2132 2116
f 2116 2132 2133
f 2116 2133 2117
f 2117 2133 2134
f 2117 2134 2118
f 2118 2134 2119
f 2134 2135 2119
f 2119 2135 2120
f 2135 2136 2120
f 2120 2136 2121
f 2136 2137 2121
f 2121 2137 2122
f 2137 2138 2122
f 2122 2138 2139
f 2122 2139 2123
f 2123 2139 2140
f 2123 2140 2124
f 2124 2140 2141
f 2124 2141 2125
f 2125 2141 2126
f 2125 2126 2110
f 2126 2142 2143
f 2126 2143 2127
f 2127 2143 2144
f 2127 2144 2128
f 2128 2144 2145
f 2128 2145 2129
f 2129 2145 2146
f 2129 2146 2130
f 2130 2146 2131
f 2146 2147 2131
f 2131 2147 2132
f 2147 2148 2132
f 2132 2148 2133
f 2148 2149 2133
f 2133 2149 2134
f 2149 2150 2134
f 2134 2150 2151
f 2134 2151 2135
f 2135 2151 2152
f 2135 2152 2136
f 2136 2152 2153
f 2136 2153 2137
f 2137 2153 2154
f 2137 2154 2138
f 2138 2154 2139
f 2154 2155 2139
f 2139 2155 2140
f 2155 2156 2140
f 2140 2156 2141
f 2156 2157 2141
f 2141 2157 2126
f 2157 2142 2126
f 2142 2158 2159
f 2142 2159 2143
f 2143 2159 2160
f 2143 2160 2144
f 2144 2160 2161
f 2144 2161 2145
f 2145 2161 2162
f 2145 2162 2146
f 2146 2162 2147
f 2162 2163 2147
f 2147 2163 2148
f 2163 2164 2148
f 2148 2164 2149
f 2164 2165 2149
f 2149 2165 2150
f 2165 2166 2150
f 2150 2166 2167
f 2150 2167 2151
f 2151 2167 2168
f 2151 2168 2152
f 2152 2168 2169
f 2152 2169 2153
f 2153 2169 2170
f 2153 2170 2154
f 2154 2170 2155
f 2170 2171 2155
f 2155 2171 2156
f 2171 2172 2156
f 2156 2172 2157
f 2172 2173 2157
f 2157 2173 2142
f 2173 2158 2142
f 2158 2174 2175
f 2158 2175 2159
f 2159 2175 2176
f 2159 2176 2160
f 2160 2176 2177
f 2160 2177 2161
f 2161 2177 2178
f 2161 2178 2162
f 2162 2178 2163
f 2178 2179 2163
f 2163 2179 2164
f 2179 2180 2164
f 2164 2180 2165
f 2180 2181 2165
f 2165 2181 2166
f 2181 2182 2166
f 2166 2182 2183
f 2166 2183 2167
f 2167 2183 2184
f 2167 2184 2168
f 2168 2184 2185
f 2168 2185 2169
f 2169 2185 2186
f 2169 2186 2170
f 2170 2186 2171
f 2186 2187 2171
f 2171 2187 2172
f 2187 2188 2172
f 2172 2188 2173
f 2188 2189 2173
f 2173 2189 2158
f 2189 2174 2158
f 2174 2190 2191
f 2174 2191 2175
f 2175 2191 2192
f 2175 2192 2176
f 2176 2192 2193
f 2176 2193 2177
f 2177 2193 2194
f 2177 2194 2178
f 2178 2194 2179
f 2194 2195 2179
f 2179 2195 2180
f 2195 2196 2180
f 2180 2196 2181
f 2196 2197 2181
f 2181 2197 2182
f 2197 2198 2182
f 2182 2198 2199
f 2182 2199 2183
f 2183 2199 2200
f 2183 2200 2184
f 2184 2200 2201
f 2184 2201 2185
f 2185 2201 2202
f 2185 2202 2186
f 2186 2202 2187
f 2202 2203 2187
f 2187 2203 2188
f 2203 2204 2188
f 2188 2204 2189
f 2204 2205 2189
f 2189 2205 2174
f 2205 2190 2174
f 2190 2206 2207
f 2190 2207 2191
f 2191 2207 2208
f 2191 2208 2192
f 2192 2208 2209
f 2192 2209 2193
f 2193 2209 2210
f 2193 2210 2194
f 2194 2210 2195
f 2210 2211 2195
f 2195 2211 2196
f 2211 2212 2196
f 2196 2212 2197
f 2212 2213 2197
f 2197 2213 2198
f 2213 2214 2198
f 2198 2214 2215
f 2198 2215 2199
f 2199 2215 2216
f 2199 2216 2200
f 2200 2216 2217
f 2200 2217 2201
f 2201 2217 2218
f 2201 2218 2202
f 2202 2218 2203
f 2218 2219 2203
f 2203 2219 2204
f 2219 2220 2204
f 2204 2220 2205
f 2220 2221 2205
f 2205 2221 2190
f 2221 2206 2190
f 2206 2222 2223
f 2206 2223 2207
f 2207 2223 2224
f 2207 2224 2208
f 2208 2224 2225
f 2208 2225 2209
f 2209 2225 2226
f 2209 2226 2210
f 2210 2226 2211
f 2226 2227 2211
f 2211 2227 2212
f 2227 2228 2212
f 2212 2228 2213
f 2228 2229 2213
f 2213 2229 2214
f 2229 2230 2214
f 2214 2230 2231
f 2214 2231 2215
f 2215 2231 2232
f 2215 2232 2216
f 2216 2232 2233
f 2216 2233 2217
f 2217 2233 2234
f 2217 2234 2218
f 2218 2234 2219
f 2234 2235 2219
f 2219 2235 2220
f 2235 2236 2220
f 2220 2236 2221
f 2236 2237 2221
f 2221 2237 2206
f 2237 2222 2206
f 2222 2238 2239
f 2222 2239 2223
f 2223 2239 2240
f 2223 2240 2224
f 2224 2240 2241
f 2224 2241 2225
f 2225 2241 2242
f 2225 2242 2226
f 2226 2242 2227
f 2242 2243 2227
f 2227 2243 2228
f 2243 2244 2228
f 2228 2244 2229
f 2244 2245 2229
f 2229 2245 2230
f 2245 2246 2230
f 2230 2246 2247
f 2230 2247 2231
f 2231 2247 2248
f 2231 2248 2232
f 2232 2248 2249
f 2232 2249 2233
f 2233 2249 2250
f 2233 2250 2234
f 2234 2250 2235
f 2250 2251 2235
f 2235 2251 2236
f 2251 2252 2236
f 2236 2252 2237
f 2252 2253 2237
f 2237 2253 2222
f 2253 2238 2222
f 2238 2254 2255
f 2238 2255 2239
f 2239 2255 2256
f 2239 2256 2240
f 2240 2256 2257
f 2240 2257 2241
f 2241 2257 2258
f 2241 2258 2242
f 2242 2258 2243
f 2258 2259 2243
f 2243 2259 2244
f 2259 2260 2244
f 2244 2260 2245
f 2260 2261 2245
f 2245 2261 2246
f 2261 2262 2246
f 2246 2262 2263
f 2246 2263 2247
f 2247 2263 2264
f 2247 2264 2248
f 2248 2264 2265
f 2248 2265 2249
f 2249 2265 2266
f 2249 2266 2250
f 2250 2266 2251
f 2266 2267 2251
f 2251 2267 2252
f 2267 2268 2252
f 2252 2268 2253
f 2268 2269 2253
f 2253 2269 2238
f 2269 2254 2238
f 2254 2270 2271
f 2254 2271 2255
f 2255 2271 2272
f 2255 2272 2256
f 2256 2272 2273
f 2256 2273 2257
f 2257 2273 2274
f 2257 2274 2258
f 2258 2274 2259
f 2274 2275 2259
f 2259 2275 2260
f 2275 2276 2260
f 2260 2276 2261
f 2276 2277 2261
f 2261 2277 2262
f 2277 2278 2262
f 2262 2278 2279
f 2262 2279 2263
f 2263 2279 2280
f 2263 2280 2264
f 2264 2280 2281
f 2264 2281 2265
f 2265 2281 2282
f 2265 2282 2266
f 2266 2282 2267
f 2282 2283 2267
f 2267 2283 2268
f 2283 2284 2268
f 2268 2284 2269
f 2284 2285 2269
f 2269 2285 2254
f 2285 2270 2254
f 2270 2286 2287
f 2270 2287 2271
f 2271 2287 2288
f 2271 2288 2272
f 2272 2288 2289
f 2272 2289 2273
f 2273 2289 2290
f 2273 2290 2274
f 2274 2290 2275
f 2290 2291 2275
f 2275 2291 2276
f 2291 2292 2276
f 2276 2292 2277
f 2292 2293 2277
f 2277 2293 2278
f 2293 2294 2278
f 2278 2294 2295
f 2278 2295 2279
f 2279 2295 2296
f 2279 2296 2280
f 2280 2296 2297
f 2280 2297 2281
f 2281 2297 2298
f 2281 2298 2282
f 2282 2298 2283
f 2298 2299 2283
f 2283 2299 2284
f 2299 2300 2284
f 2284 2300 2285
f 2300 2301 2285
f 2285 2301 2270
f 2301 2286 2270
f 2302 2303 2304
f 2303 2305 2304
f 2304 2305 2306
f 2305 2307 2306
f 2306 2307 2308
f 2307 2309 2308
f 2308 2309 2310
f 2309 2311 2310
f 2310 2311 2312
f 2310 2312 2313
f 2313 2312 2314
f 2313 2314 2315
f 2315 2314 2316
f 2315 2316 2317
f 2317 2316 2318
f 2317 2318 2319
f 2319 2318 2320
f 2318 2321 2320
f 2320 2321 2322
f 2321 2323 2322
f 2322 2323 2324
f 2323 2325 2324
f 2324 2325 2326
f 2325 2327 2326
f 2326 2327 2328
f 2326 2328 2329
f 2329 2328 2330
f 2329 2330 2331
f 2331 2330 2332
f 2331 2332 2333
f 2333 2332 2303
f 2333 2303 2302
f 2303 2334 2305
f 2334 2335 2305
f 2305 2335 2307
f 2335 2336 2307
f 2307 2336 2309
f 2336 2337 2309
f 2309 2337 2311
f 2337 2338 2311
f 2311 2338 2339
f 2311 2339 2312
f 2312 2339 2340
f 2312 2340 2314
f 2314 2340 2341
f 2314 2341 2316
f 2316 2341 2342
f 2316 2342 2318
f 2318 2342 2321
f 2342 2343 2321
f 2321 2343 2323
f 2343 2344 2323
f 2323 2344 2325
f 2344 2345 2325
f 2325 2345 2327
f 2345 2346 2327
f 2327 2346 2347
f 2327 2347 2328
f 2328 2347 2348
f 2328 2348 2330
f 2330 2348 2349
f 2330 2349 2332
f 2332 2349 2334
f 2332 2334 2303
f 2334 2350 2335
f 2350 2351 2335
f 2335 2351 2336
f 2351 2352 2336
f 2336 2352 2337
f 2352 2353 2337
f 2337 2353 2338
f 2353 2354 2338
f 2338 2354 2355
f 2338 2355 2339
f 2339 2355 2356
f 2339 2356 2340
f 2340 2356 2357
f 2340 2357 2341
f 2341 2357 2358
f 2341 2358 2342
f 2342 2358 2343
f 2358 2359 2343
f 2343 2359 2344
f 2359 2360 2344
f 2344 2360 2345
f 2360 2361 2345
f 2345 2361 2346
f 2361 2362 2346
f 2346 2362 2363
f 2346 2363 2347
f 2347 2363 2364
f 2347 2364 2348
f 2348 2364 2365
f 2348 2365 2349
f 2349 2365 2350
f 2349 2350 2334
f 2350 2366 2351
f 2366 2367 2351
f 2351 2367 2352
f 2367 2368 2352
f 2352 2368 2353
f 2368 2369 2353
f 2353 2369 2354
f 2369 2370 2354
f 2354 2370 2371
f 2354 2371 2355
f 2355 2371 2372
f 2355 2372 2356
f 2356 2372 2373
f 2356 2373 2357
f 2357 2373 2374
f 2357 2374 2358
f 2358 2374 2359
f 2374 2375 2359
f 2359 2375 2360
f 2375 2376 2360
f 2360 2376 2361
f 2376 2377 2361
f 2361 2377 2362
f 2377 2378 2362
f 2362 2378 2379
f 2362 2379 2363
f 2363 2379 2380
f 2363 2380 2364
f 2364 2380 2381
f 2364 2381 2365
f 2365 2381 2366
f 2365 2366 2350
f 2366 2382 2367
f 2382 2383 2367
f 2367 2383 2368
f 2383 2384 2368
f 2368 2384 2369
f 2384 2385 2369
f 2369 2385 2370
f 2385 2386 2370
f 2370 2386 2387
f 2370 2387 2371
f 2371 2387 2388
f 2371 2388 2372
f 2372 2388 2389
f 2372 2389 2373
f 2373 2389 2390
f 2373 2390 2374
f 2374 2390 2375
f 2390 2391 2375
f 2375 2391 2376
f 2391 2392 2376
f 2376 2392 2377
f 2392 2393 2377
f 2377 2393 2378
f 2393 2394 2378
f 2378 2394 2395
f 2378 2395 2379
f 2379 2395 2396
f 2379 2396 2380
f 2380 2396 2397
f 2380 2397 2381
f 2381 2397 2382
f 2381 2382 2366
f 2382 2398 2383
f 2398 2399 2383
f 2383 2399 2384
f 2399 2400 2384
f 2384 2400 2385
f 2400 2401 2385
f 2385 2401 2386
f 2401 2402 2386
f 2386 2402 2403
f 2386 2403 2387
f 2387 2403 2404
f 2387 2404 2388
f 2388 2404 2405
f 2388 2405 2389
f 2389 2405 2406
f 2389 2406 2390
f 2390 2406 2391
f 2406 2407 2391
f 2391 2407 2392
f 2407 2408 2392
f 2392 2408 2393
f 2408 2409 2393
f 2393 2409 2394
f 2409 2410 2394
f 2394 2410 2411
f 2394 2411 2395
f 2395 2411 2412
f 2395 2412 2396
f 2396 2412 2413
f 2396 2413 2397
f 2397 2413 2398
f 2397 2398 2382
f 2398 2414 2399
f 2414 2415 2399
f 2399 2415 2400
f 2415 2416 2400
f 2400 2416 2401
f 2416 2417 2401
f 2401 2417 2402
f 2417 2418 2402
f 2402 2418 2419
f 2402 2419 2403
f 2403 2419 2420
f 2403 2420 2404
f 2404 2420 2421
f 2404 2421 2405
f 2405 2421 2422
f 2405 2422 2406
f 2406 2422 2407
f 2422 2423 2407
f 2407 2423 2408
f 2423 2424 2408
f 2408 2424 2409
f 2424 2425 2409
f 2409 2425 2410
f 2425 2426 2410
f 2410 2426 2427
f 2410 2427 2411
f 2411 2427 2428
f 2411 2428 2412
f 2412 2428 2429
f 2412 2429 2413
f 2413 2429 2414
f 2413 2414 2398
f 2414 2430 2415
f 2430 2431 2415
f 2415 2431 2416
f 2431 2432 2416
f 2416 2432 2417
f 2432 2433 2417
f 2417 2433 2418
f 2433 2434 2418
f 2418 2434 2435
f 2418 2435 2419
f 2419 2435 2436
f 2419 2436 2420
f 2420 2436 2437
f 2420 2437 2421
f 2421 2437 2438
f 2421 2438 2422
f 2422 2438 2423
f 2438 2439 2423
f 2423 2439 2424
f 2439 2440 2424
f 2424 2440 2425
f 2440 2441 2425
f 2425 2441 2426
f 2441 2442 2426
f 2426 2442 2443
f 2426 2443 2427
f 2427 2443 2444
f 2427 2444 2428
f 2428 2444 2445
f 2428 2445 2429
f 2429 2445 2430
f 2429 2430 2414
f 2430 2446 2431
f 2446 2447 2431
f 2431 2447 2432
f 2447 2448 2432
f 2432 2448 2433
f 2448 2449 2433
f 2433 2449 2434
f 2449 2450 2434
f 2434 2450 2451
f 2434 2451 2435
f 2435 2451 2452
f 2435 2452 2436
f 2436 2452 2453
f 2436 2453 2437
f 2437 2453 2454
f 2437 2454 2438
f 2438 2454 2439
f 2454 2455 2439
f 2439 2455 2440
f 2455 2456 2440
f 2440 2456 2441
f 2456 2457 2441
f 2441 2457 2442
f 2457 2458 2442
f 2442 2458 2459
f 2442 2459 2443
f 2443 2459 2460
f 2443 2460 2444
f 2444 2460 2461
f 2444 2461 2445
f 2445 2461 2446
f 2445 2446 2430
f 2446 2462 2447
f 2462 2463 2447
f 2447 2463 2448
f 2463 2464 2448
f 2448 2464 2449
f 2464 2465 2449
f 2449 2465 2450
f 2465 2466 2450
f 2450 2466 2467
f 2450 2467 2451
f 2451 2467 2468
f 2451 2468 2452
f 2452 2468 2469
f 2452 2469 2453
f 2453 2469 2470
f 2453 2470 2454
f 2454 2470 2455
f 2470 2471 2455
f 2455 2471 2456
f 2471 2472 2456
f 2456 2472 2457
f 2472 2473 2457
f 2457 2473 2458
f 2473 2474 2458
f 2458 2474 2475
f 2458 2475 2459
f 2459 2475 2476
f 2459 2476 2460
f 2460 2476 2477
f 2460 2477 2461
f 2461 2477 2462
f 2461 2462 2446
f 2462 2478 2479
f 2462 2479 2463
f 2463 2479 2480
f 2463 2480 2464
f 2464 2480 2481
f 2464 2481 2465
f 2465 2481 2482
f 2465 2482 2466
f 2466 2482 2467
f 2482 2483 2467
f 2467 2483 2468
f 2483 2484 2468
f 2468 2484 2469
f 2484 2485 2469
f 2469 2485 2470
f 2485 2486 2470
f 2470 2486 2487
f 2470 2487 2471
f 2471 2487 2488
f 2471 2488 2472
f 2472 2488 2489
f 2472 2489 2473
f 2473 2489 2490
f 2473 2490 2474
f 2474 2490 2475
f 2490 2491 2475
f 2475 2491 2476
f 2491 2492 2476
f 2476 2492 2477
f 2492 2493 2477
f 2477 2493 2462
f 2493 2478 2462
f 2478 2494 2495
f 2478 2495 2479
f 2479 2495 2496
f 2479 2496 2480
f 2480 2496 2497
f 2480 2497 2481
f 2481 2497 2498
f 2481 2498 2482
f 2482 2498 2483
f 2498 2499 2483
f 2483 2499 2484
f 2499 2500 2484
f 2484 2500 2485
f 2500 2501 2485
f 2485 2501 2486
f 2501 2502 2486
f 2486 2502 2503
f 2486 2503 2487
f 2487 2503 2504
f 2487 2504 2488
f 2488 2504 2505
f 2488 2505 2489
f 2489 2505 2506
f 2489 2506 2490
f 2490 2506 2491
f 2506 2507 2491
f 2491 2507 2492
f 2507 2508 2492
f 2492 2508 2493
f 2508 2509 2493
f 2493 2509 2478
f 2509 2494 2478
f 2494 2510 2511
f 2494 2511 2495
f 2495 2511 2512
f 2495 2512 2496
f 2496 2512 2513
f 2496 2513 2497
f 2497 2513 2514
f 2497 2514 2498
f 2498 2514 2499
f 2514 2515 2499
f 2499 2515 2500
f 2515 2516 2500
f 2500 2516 2501
f 2516 2517 2501
f 2501 2517 2502
f 2517 2518 2502
f 2502 2518 2519
f 2502 2519 2503
f 2503 2519 2520
f 2503 2520 2504
f 2504 2520 2521
f 2504 2521 2505
f 2505 2521 2522
f 2505 2522 2506
f 2506 2522 2507
f 2522 2523 2507
f 2507 2523 2508
f 2523 2524 2508
f 2508 2524 2509
f 2524 2525 2509
f 2509 2525 2494
f 2525 2510 2494
f 2510 2526 2527
f 2510 2527 2511
f 2511 2527 2528
f 2511 2528 2512
f 2512 2528 2529
f 2512 2529 2513
f 2513 2529 2530
f 2513 2530 2514
f 2514 2530 2515
f 2530 2531 2515
f 2515 2531 2516
f 2531 2532 2516
f 2516 2532 2517
f 2532 2533 2517
f 2517 2533 2518
f 2533 2534 2518
f 2518 2534 2535
f 2518 2535 2519
f 2519 2535 2536
f 2519 2536 2520
f 2520 2536 2537
f 2520 2537 2521
f 2521 2537 2538
f 2521 2538 2522
f 2522 2538 2523
f 2538 2539 2523
f 2523 2539 2524
f 2539 2540 2524
f 2524 2540 2525
f 2540 2541 2525
f 2525 2541 2510
f 2541 2526 2510
f 2526 2542 2543
f 2526 2543 2527
f 2527 2543 2544
f 2527 2544 2528
f 2528 2544 2545
f 2528 2545 2529
f 2529 2545 2546
f 2529 2546 2530
f 2530 2546 2531
f 2546 2547 2531
f 2531 2547 2532
f 2547 2548 2532
f 2532 2548 2533
f 2548 2549 2533
f 2533 2549 2534
f 2549 2550 2534
f 2534 2550 2551
f 2534 2551 2535
f 2535 2551 2552
f 2535 2552 2536
f 2536 2552 2553
f 2536 2553 2537
f 2537 2553 2554
f 2537 2554 2538
f 2538 2554 2539
f 2554 2555 2539
f 2539 2555 2540
f 2555 2556 2540
f 2540 2556 2541
f 2556 2557 2541
f 2541 2557 2526
f 2557 2542 2526
f 2542 2558 2559
f 2542 2559 2543
f 2543 2559 2560
f 2543 2560 2544
f 2544 2560 2561
f 2544 2561 2545
f 2545 2561 2562
f 2545 2562 2546
f 2546 2562 2547
f 2562 2563 2547
f 2547 2563 2548
f 2563 2564 2548
f 2548 2564 2549
f 2564 2565 2549
f 2549 2565 2550
f 2565 2566 2550
f 2550 2566 2567
f 2550 2567 2551
f 2551 2567 2568
f 2551 2568 2552
f 2552 2568 2569
f 2552 2569 2553
f 2553 2569 2570
f 2553 2570 2554
f 2554 2570 2555
f 2570 2571 2555
f 2555 2571 2556
f 2571 2572 2556
f 2556 2572 2557
f 2572 2573 2557
f 2557 2573 2542
f 2573 2558 2542
f 2558 2574 2575
f 2558 2575 2559
f 2559 2575 2576
f 2559 2576 2560
f 2560 2576 2577
f 2560 2577 2561
f 2561 2577 2578
f 2561 2578 2562
f 2562 2578 2563
f 2578 2579 2563
f 2563 2579 2564
f 2579 2580 2564
f 2564 2580 2565
f 2580 2581 2565
f 2565 2581 2566
f 2581 2582 2566
f 2566 2582 2583
f 2566 2583 2567
f 2567 2583 2584
f 2567 2584 2568
f 2568 2584 2585
f 2568 2585 2569
f 2569 2585 2586
f 2569 2586 2570
f 2570 2586 2571
f 2586 2587 2571
f 2571 2587 2572
f 2587 2588 2572
f 2572 2588 2573
f 2588 2589 2573
f 2573 2589 2558
f 2589 2574 2558
f 2574 2590 2591
f 2574 2591 2575
f 2575 2591 2592
f 2575 2592 2576
f 2576 2592 2593
f 2576 2593 2577
f 2577 2593 2594
f 2577 2594 2578
f 2578 2594 2579
f 2594 2595 2579
f 2579 2595 2580
f 2595 2596 2580
f 2580 2596 2581
f 2596 2597 2581
f 2581 2597 2582
f 2597 2598 2582
f 2582 2598 2599
f 2582 2599 2583
f 2583 2599 2600
f 2583 2600 2584
f 2584 2600 2601
f 2584 2601 2585
f 2585 2601 2602
f 2585 2602 2586
f 2586 2602 2587
f 2602 2603 2587
f 2587 2603 2588
f 2603 2604 2588
f 2588 2604 2589
f 2604 2605 2589
f 2589 2605 2574
f 2605 2590 2574
f 2590 2606 2607
f 2590 2607 2591
f 2591 2607 2608
f 2591 2608 2592
f 2592 2608 2609
f 2592 2609 2593
f 2593 2609 2610
f 2593 2610 2594
f 2594 2610 2595
f 2610 2611 2595
f 2595 2611 2596
f 2611 2612 2596
f 2596 2612 2597
f 2612 2613 2597
f 2597 2613 2598
f 2613 2614 2598
f 2598 2614 2615
f 2598 2615 2599
f 2599 2615 2616
f 2599 2616 2600
f 2600 2616 2617
f 2600 2617 2601
f 2601 2617 2618
f 2601 2618 2602
f 2602 2618 2603
f 2618 2619 2603
f 2603 2619 2604
f 2619 2620 2604
f 2604 2620 2605
f 2620 2621 2605
f 2605 2621 2590
f 2621 2606 2590
f 2606 2622 2623
f 2606 2623 2607
f 2607 2623 2624
f 2607 2624 2608
f 2608 2624 2625
f 2608 2625 2609
f 2609 2625 2626
f 2609 2626 2610
f 2610 2626 2611
f 2626 2627 2611
f 2611 2627 2612
f 2627 2628 2612
f 2612 2628 2613
f 2628 2629 2613
f 2613 2629 2614
f 2629 2630 2614
f 2614 2630 2631
f 2614 2631 2615
f 2615 2631 2632
f 2615 2632 2616
f 2616 2632 2633
f 2616 2633 2617
f 2617 2633 2634
f 2617 2634 2618
f 2618 2634 2619
f 2634 2635 2619
f 2619 2635 2620
f 2635 2636 2620
f 2620 2636 2621
f 2636 2637 2621
f 2621 2637 2606
f 2637 2622 2606
